model,training_seed,shape,sample_id,sample_file,sample_sha256,inference_seconds,mae,relative_l2,max_abs_error,p95_abs_error,p99_abs_error
residual_v2,50,slit_bridge,0,private-source://routeA_experiments/data/final_ood_frozen_v1/slit_bridge/sample_0000.npz,30d9b3db72b5f04e7aed5aca69b177e736741d71d456678de2c366e94064976a,0.0053384299972094595,0.08348195798011908,0.7777481138335361,0.8799801915884018,0.45289721712470055,0.7310808107256889
residual_v2,50,slit_bridge,1,private-source://routeA_experiments/data/final_ood_frozen_v1/slit_bridge/sample_0001.npz,35ca7668746e40038fbccaaf4b015e191d09a272260f8b2c67e05158beed58d9,0.004956960998242721,0.04179105921285866,0.325960606999501,0.511881947517395,0.2083595246076584,0.34953965842723755
residual_v2,50,slit_bridge,2,private-source://routeA_experiments/data/final_ood_frozen_v1/slit_bridge/sample_0002.npz,5aa31e0476a00717a676402ae73bf67f0900790fbaaba0689885a4f4d81b1d01,0.005148747004568577,0.07694955129828689,0.6975836369844743,0.9246602654457092,0.42824743688106537,0.7524730324745176
residual_v2,50,slit_bridge,3,private-source://routeA_experiments/data/final_ood_frozen_v1/slit_bridge/sample_0003.npz,fa2249a12bd45ebd5bf12289d408b399125153ec7a74d5498b2d06c116f8f405,0.004883665009401739,0.0667920696901728,0.7971543703984941,0.8912681490182877,0.37376292794942856,0.7162264436483382
residual_v2,50,slit_bridge,4,private-source://routeA_experiments/data/final_ood_frozen_v1/slit_bridge/sample_0004.npz,4006cdfdceb8abe632e2df62c467d010fb9761bec6322c363b9f3abbc55829d4,0.005418993998318911,0.05728903685180282,0.46698778864140095,0.6134689450263977,0.27529048174619675,0.527101895213127
residual_v2,50,slit_bridge,5,private-source://routeA_experiments/data/final_ood_frozen_v1/slit_bridge/sample_0005.npz,1ea410d183d08cc06714b087bb528e626a67090d2f8931f1f61a73ddeff9902a,0.005378733010729775,0.05353389584609901,0.9608464905747031,0.9062063544988632,0.17498196102678776,0.7778393272310493
residual_v2,50,slit_bridge,6,private-source://routeA_experiments/data/final_ood_frozen_v1/slit_bridge/sample_0006.npz,2b2b41c1ab84aefad645e09329749a0c4789e3a60b3931b89e053a383e66541e,0.005046611011493951,0.053931537455347824,1.1598081500084698,0.9845080301165581,0.2118754399707541,0.4993362432345737
residual_v2,50,slit_bridge,7,private-source://routeA_experiments/data/final_ood_frozen_v1/slit_bridge/sample_0007.npz,e99898145655a5c1ce681d0eb3c7597d5032c10b823f0c114d9a1b16467ea524,0.00519694501417689,0.04201157743154876,0.3290314169899677,0.4636026620864868,0.2081228792667389,0.3825269877910613
residual_v2,50,slit_bridge,8,private-source://routeA_experiments/data/final_ood_frozen_v1/slit_bridge/sample_0008.npz,6e17a3aa2c3547f8d5c7c15a2ba8d09341c289bc2a2f8cc11cd61460dd0a75b4,0.004837520013097674,0.08158722267208071,0.720362748715435,0.9015899896621704,0.4774921052157879,0.6943427503108979
residual_v2,50,slit_bridge,9,private-source://routeA_experiments/data/final_ood_frozen_v1/slit_bridge/sample_0009.npz,cc5b71a537246355e6aa5eb87b1ec934946edb1d31595b1d37e482e2b73e96e4,0.004771206993609667,0.06909663855258247,0.6324691380085222,0.7901328206062317,0.37165459990501404,0.6182921975851049
residual_v2,50,slit_bridge,10,private-source://routeA_experiments/data/final_ood_frozen_v1/slit_bridge/sample_0010.npz,87874a0f11d5ca1214cb1c831735689324f5d265f0ad734b920d4aea56a205a8,0.005108190991450101,0.06384260457945122,0.7819266054835554,0.9670400619506836,0.30901917815208435,0.8164784640073771
residual_v2,50,slit_bridge,11,private-source://routeA_experiments/data/final_ood_frozen_v1/slit_bridge/sample_0011.npz,a23d58d483f0ee7d7d9ad82447d292fdde0c9f6964a6ce9759730ce9671620fc,0.004772201995365322,0.06501806977621374,0.7684463558346227,0.9063149839639664,0.3112972863018513,0.7220046341419218
residual_v2,50,slit_bridge,12,private-source://routeA_experiments/data/final_ood_frozen_v1/slit_bridge/sample_0012.npz,1bf5b6c8a99e6b1af341524d638c181408e613ec93db7fb6986f600e0e3c65a1,0.005016395996790379,0.053063273509312926,0.5317614554206155,0.6099631786346436,0.27093760669231415,0.4759342521429062
residual_v2,50,slit_bridge,13,private-source://routeA_experiments/data/final_ood_frozen_v1/slit_bridge/sample_0013.npz,1adafcde8c3f4e445b1b034d25421d3a48662f83f441bf0eecdee27f12cecbc3,0.005183377012144774,0.04972634956228937,0.44807998201826826,0.5156071186065674,0.27934154123067856,0.4587467402219772
residual_v2,50,slit_bridge,14,private-source://routeA_experiments/data/final_ood_frozen_v1/slit_bridge/sample_0014.npz,64b0e9dc29123e952cb0d300a00469414c7c7f76a16dd935a75e7624fe912b36,0.004813908017240465,0.07094916326708367,0.8276140786436661,0.9088033437728882,0.29132080078125,0.7394936487078666
residual_v2,50,slit_bridge,15,private-source://routeA_experiments/data/final_ood_frozen_v1/slit_bridge/sample_0015.npz,b9c330fa4cfc004b6beec69ac0615be8854455f9775205c11364db4615c089be,0.005203014996368438,0.08369366772308424,0.7527052618948913,0.7983654141426086,0.4275074750185013,0.7031272426247595
residual_v2,50,slit_bridge,16,private-source://routeA_experiments/data/final_ood_frozen_v1/slit_bridge/sample_0016.npz,596996fb6aeff6e88332008eed32b4b95f86de86801a1640f6de12786cd403d3,0.004822867020266131,0.04845341240894806,0.511156901559398,0.5384044647216797,0.29984191060066223,0.4712767183780669
residual_v2,50,slit_bridge,17,private-source://routeA_experiments/data/final_ood_frozen_v1/slit_bridge/sample_0017.npz,312eedbc05e5128aebccd1eda0cb448659dcf770824e39ef15c6231d604d0095,0.005186257010791451,0.06620398960318241,0.7147602806910307,0.8066729605197906,0.3127000257372856,0.6508426152169704
residual_v2,50,slit_bridge,18,private-source://routeA_experiments/data/final_ood_frozen_v1/slit_bridge/sample_0018.npz,41e1f220b6752fc77a60ab80dca4c8628042e5d54833a97c9832832e8db500e2,0.005445226008305326,0.04182503138785691,0.26882749237311193,0.4106130003929138,0.18124400079250336,0.2912171602249142
residual_v2,50,slit_bridge,19,private-source://routeA_experiments/data/final_ood_frozen_v1/slit_bridge/sample_0019.npz,b97fe8016fb4c7d7995df4c42b480dce1072ee7db9abb641c503877913ffce9c,0.005183950008358806,0.05380344251776367,0.45718599096048507,0.5916665196418762,0.284231960773468,0.4119501292705533
residual_v2,50,slit_bridge,20,private-source://routeA_experiments/data/final_ood_frozen_v1/slit_bridge/sample_0020.npz,994e03c5207e2ae7356bc74d2f380fd7f474af9a82fe4a9bb90585ddb10c1fb7,0.0053566250135190785,0.08047823896755828,0.8619372424556401,0.9342152327299118,0.4395417235791683,0.8291438534855835
residual_v2,50,slit_bridge,21,private-source://routeA_experiments/data/final_ood_frozen_v1/slit_bridge/sample_0021.npz,1456683b4642362ec663cedabc21c8bb0ed3f06ae1beb9ca35a8ac02768d7f01,0.005205969006055966,0.07240984678090222,0.6588094323054592,0.7912577390670776,0.3984908014535904,0.6531334817409505
residual_v2,50,slit_bridge,22,private-source://routeA_experiments/data/final_ood_frozen_v1/slit_bridge/sample_0022.npz,c36a4db85f26e6cbe9c3036e9cf2ad4c578008898c1405c54c1e0914ccc8ef1c,0.005378047004342079,0.07384812713471826,0.6712459691428813,0.820113867521286,0.4037119001150131,0.5961309969425196
residual_v2,50,slit_bridge,23,private-source://routeA_experiments/data/final_ood_frozen_v1/slit_bridge/sample_0023.npz,610587d7aa0593f777b96e6fdb4fdcf2ebc68a867c186890c7838e7b2d944c00,0.005175558006158099,0.08237943243832185,0.8565624354894987,0.8315208703279495,0.4408237934112549,0.7366593897342671
residual_v2,50,slit_bridge,24,private-source://routeA_experiments/data/final_ood_frozen_v1/slit_bridge/sample_0024.npz,959eeaf23d4f71a25e7eff4fc4c4640be516df58074ab3dad10126c1ca5ed619,0.005412834027083591,0.05907002795029709,0.9994243802181013,0.9350631088018417,0.18527743383310735,0.6390643309801813
residual_v2,50,slit_bridge,25,private-source://routeA_experiments/data/final_ood_frozen_v1/slit_bridge/sample_0025.npz,12244099e66cc796717b1ac4a0197a86db0d3832ae8f92f8b6285b350ded04cd,0.00545074199908413,0.053872946271502985,0.47571917444712286,0.5633063018321991,0.2868068665266037,0.47670477032661435
residual_v2,50,slit_bridge,26,private-source://routeA_experiments/data/final_ood_frozen_v1/slit_bridge/sample_0026.npz,8ec7e62775275cf1cdcb11a3a5070589032551c0222125cc6f2572c5b6100c1e,0.00544647200149484,0.08578099998506862,0.7601018836573966,0.7971058040857315,0.4346780553460121,0.681702849268913
residual_v2,50,slit_bridge,27,private-source://routeA_experiments/data/final_ood_frozen_v1/slit_bridge/sample_0027.npz,a57e3c4af7915d4277fe784929f02e1108f70b06739b89cc49e2f31db68759d6,0.005228344991337508,0.05239731789553266,0.5559316800627669,0.6790643036365509,0.3092890530824661,0.5651092380285262
residual_v2,50,slit_bridge,28,private-source://routeA_experiments/data/final_ood_frozen_v1/slit_bridge/sample_0028.npz,129f68b38d7e4376d96e492a23bdc037ec06345501698eb53f87dc4c2bdcf26b,0.005454984027892351,0.058721330402766135,0.428042270565315,0.5454666316509247,0.27590787410736084,0.4341309189796446
residual_v2,50,slit_bridge,29,private-source://routeA_experiments/data/final_ood_frozen_v1/slit_bridge/sample_0029.npz,d7be996266c698efe66a16bcc34de0aff06589c37bb8599f9f62b3c06206baa6,0.005228365014772862,0.05689604176994568,0.512684961483781,0.5830803513526917,0.2938895672559738,0.5050719112157821
residual_v2,50,slit_bridge,30,private-source://routeA_experiments/data/final_ood_frozen_v1/slit_bridge/sample_0030.npz,b09f05e8c2f7a9d479d786d72d681814f27d08ee89b3d974343fd2b090a1ce6a,0.00530928501393646,0.0639881403432328,0.5454683894414247,0.6167226582765579,0.34500202536582947,0.5413843631744385
residual_v2,50,slit_bridge,31,private-source://routeA_experiments/data/final_ood_frozen_v1/slit_bridge/sample_0031.npz,bc00125fdaa393e280c5352531595db001f7ddb3deb151245917cd589e5c31f0,0.0051860089879482985,0.04741975051273313,0.3228911946214304,0.46146297454833984,0.1924629956483841,0.3509147107601162
residual_v2,50,slit_bridge,32,private-source://routeA_experiments/data/final_ood_frozen_v1/slit_bridge/sample_0032.npz,210304fe0d7d8f0427af5f9a0754f958b13e7ca893e23870daca6089c7494849,0.005057977017713711,0.053142604745575694,0.4466325477993878,0.5937153697013855,0.2829810157418251,0.43585608303546897
residual_v2,50,slit_bridge,33,private-source://routeA_experiments/data/final_ood_frozen_v1/slit_bridge/sample_0033.npz,27aec766b6350542fba91a6efe33f57848a74817bca29836eb0daa48b8186c28,0.004975649993866682,0.08844005416856335,0.8342204761141211,0.8709322661161423,0.4340132102370262,0.7838004358112811
residual_v2,50,slit_bridge,34,private-source://routeA_experiments/data/final_ood_frozen_v1/slit_bridge/sample_0034.npz,188e43a83a5baeee871f92676435b8b14ff91c60dfed2c7edaee32a7c3fe7437,0.004882302018813789,0.05102554129710525,0.47397054118002035,0.6779940128326416,0.2459557205438614,0.44336018264293664
residual_v2,50,slit_bridge,35,private-source://routeA_experiments/data/final_ood_frozen_v1/slit_bridge/sample_0035.npz,7b87bcf793f11163ce8025e6ca4bc45abb9b34cf709bd1bb8b9fb68b3a8dabe4,0.005426859017461538,0.054626486221222875,0.5065722811768101,0.7474166750907898,0.2618255019187927,0.48805264234542817
residual_v2,50,slit_bridge,36,private-source://routeA_experiments/data/final_ood_frozen_v1/slit_bridge/sample_0036.npz,4c37861366bb2835c656390a05790cc29a37a467fa5c97e436d4dc5e6180c227,0.005185699992580339,0.06933651861747836,0.7007052276743403,0.79236900806427,0.3644743710756302,0.6667252779006956
residual_v2,50,slit_bridge,37,private-source://routeA_experiments/data/final_ood_frozen_v1/slit_bridge/sample_0037.npz,8fbc3afcf65822fdaf99fdeb4b9caaacaaa2422144e57b088e882fc0dcbcdfe9,0.004753034998429939,0.08021846862545319,0.7044752556915342,0.7545669078826904,0.4106680676341057,0.6578650265932083
residual_v2,50,slit_bridge,38,private-source://routeA_experiments/data/final_ood_frozen_v1/slit_bridge/sample_0038.npz,d8aa380b826e09980e586e8dcd26acff520e462dddbb758d989ce305a62e2bd2,0.00527395200333558,0.07929184218164029,0.6724756867032752,0.807322770357132,0.42016251385211945,0.7048288837075231
residual_v2,50,slit_bridge,39,private-source://routeA_experiments/data/final_ood_frozen_v1/slit_bridge/sample_0039.npz,5773aed921a57866510a828614cf323ba3e5c1f662198f68ba30e9cd435e428d,0.004823828989174217,0.06783732977742202,0.8735197046481397,0.9447087943553925,0.3451063446700573,0.7079969346523284
residual_v2,50,slit_bridge,40,private-source://routeA_experiments/data/final_ood_frozen_v1/slit_bridge/sample_0040.npz,10b3fc9be817d0fa28e4f2ad0ce1679a84b2986a85b9c817ff380bc606731884,0.004862679983489215,0.06043785823384393,0.6008571863796729,0.8583393543958664,0.2962971478700638,0.6708055987954138
residual_v2,50,slit_bridge,41,private-source://routeA_experiments/data/final_ood_frozen_v1/slit_bridge/sample_0041.npz,cdde49a6f56183448eeefafbf84517c5719d37b8e33b5fb3d5907c79ec0c3d4d,0.004806135984836146,0.06008814189647397,0.5194300759685497,0.6345430612564087,0.26900000870227814,0.46790895015001294
residual_v2,50,slit_bridge,42,private-source://routeA_experiments/data/final_ood_frozen_v1/slit_bridge/sample_0042.npz,bd82adbf113c51db9c8fdb7ae61bdfb4b0de8fd0738107c1b16747edf214ed83,0.005014906986616552,0.0386682461210771,0.24581055150052794,0.46889425814151764,0.1731361448764801,0.2544336140155791
residual_v2,50,slit_bridge,43,private-source://routeA_experiments/data/final_ood_frozen_v1/slit_bridge/sample_0043.npz,1b05a0e90cb92ad13e160cd9d88d3ccd24a5d5042572cbdeb6c780eb7c691723,0.005101707996800542,0.0729407138108889,0.9109073757527788,0.9277945458889008,0.40588152408599854,0.8117729343473908
residual_v2,50,slit_bridge,44,private-source://routeA_experiments/data/final_ood_frozen_v1/slit_bridge/sample_0044.npz,9eab1dd2e918e6415c0ac9317c974fb554285878086fbcec4685c90b0a603efd,0.004926987021462992,0.0691337387727533,0.8688650474372043,0.9550605118274689,0.32266767881810665,0.685189287364482
residual_v2,50,slit_bridge,45,private-source://routeA_experiments/data/final_ood_frozen_v1/slit_bridge/sample_0045.npz,28399d49797881f5a264063c34c2a36369094141bb9cf4c05cbdaee4d1f32c15,0.0054059439862612635,0.06913706085040988,0.9906816361210378,0.990800216794014,0.3741277754306793,0.7830675087869168
residual_v2,50,slit_bridge,46,private-source://routeA_experiments/data/final_ood_frozen_v1/slit_bridge/sample_0046.npz,137e9591ce0032a2d71b366e44219ca9b23cbd2f3a421043183f5c5f8e25cd7f,0.004765338002471253,0.05332881673824347,0.5458430098093485,0.6130214929580688,0.3161523789167404,0.5122652962803834
residual_v2,50,slit_bridge,47,private-source://routeA_experiments/data/final_ood_frozen_v1/slit_bridge/sample_0047.npz,a34fc43c7eb5b8809b22c7c026452d2278be0d7636bd62dbf7db0e72488bfe93,0.005331340013071895,0.06522333961769104,0.5187711206404979,0.6650141477584839,0.33889780938625336,0.5518464475870131
residual_v2,50,slit_bridge,48,private-source://routeA_experiments/data/final_ood_frozen_v1/slit_bridge/sample_0048.npz,d3dea4d451c780395aeec9e434f3f3426fa5b35717d062d652d0000cb4849ab0,0.0047805639915168285,0.06960982160243948,0.7556253810529239,0.831622913479805,0.39035432040691376,0.6819664567708955
residual_v2,50,slit_bridge,49,private-source://routeA_experiments/data/final_ood_frozen_v1/slit_bridge/sample_0049.npz,65ea22db20d21e0adb8290dfc006ce6871e3b0e95cbda2d1b6dc4212521b340d,0.00537114599137567,0.07358352292336874,0.7791402096941626,0.8824529051780701,0.4026344045996666,0.7467537134885786
residual_v2,50,slit_bridge,50,private-source://routeA_experiments/data/final_ood_frozen_v1/slit_bridge/sample_0050.npz,84c0049ab4231171d59431596c6d5ee4a6296eb0688530fec168df065e5f3736,0.004789325001183897,0.07147383117311358,0.766649364228852,0.8590154051780701,0.40602994710206985,0.7192993789911264
residual_v2,50,slit_bridge,51,private-source://routeA_experiments/data/final_ood_frozen_v1/slit_bridge/sample_0051.npz,4a2b9189cfb9e62a2d88e9b4f0538c291df4cf2365fc6101f7bcb0ca5ea19039,0.00510429497808218,0.06716500423731095,0.8871959528595733,0.8930138796567917,0.30276262760162354,0.7397429294884198
residual_v2,50,slit_bridge,52,private-source://routeA_experiments/data/final_ood_frozen_v1/slit_bridge/sample_0052.npz,7a6182ea0d10e503b4488744930d05c12fe0a98749a0f08c0bf9a0ade333130c,0.006191970984218642,0.06665503908036782,0.6038591100590295,0.6382653713226318,0.396975502371788,0.5966431662440299
residual_v2,50,slit_bridge,53,private-source://routeA_experiments/data/final_ood_frozen_v1/slit_bridge/sample_0053.npz,f38fc50a05bb0fe7cbe4b70cd13485a58e43ff94c9c22822cb929aed2391bc79,0.004845743998885155,0.062209796125477605,0.6789552143197891,0.7893767952919006,0.3203219920396805,0.6140794277191159
residual_v2,50,slit_bridge,54,private-source://routeA_experiments/data/final_ood_frozen_v1/slit_bridge/sample_0054.npz,523ec7f16e149a678ab1eee24891a839649693313f63f9f03417215898e364c2,0.005288907996146008,0.07386728705294358,0.8971598172205403,0.9659921526908875,0.434030145406723,0.812328431010246
residual_v2,50,slit_bridge,55,private-source://routeA_experiments/data/final_ood_frozen_v1/slit_bridge/sample_0055.npz,a11a3648b53fa4f131e8a071f27bd07db354d48796864dbb9f50084862cbf7af,0.004886072012595832,0.05815991947358852,0.4442615651130682,0.6505988836288452,0.3099587708711624,0.4775160789489743
residual_v2,50,slit_bridge,56,private-source://routeA_experiments/data/final_ood_frozen_v1/slit_bridge/sample_0056.npz,754e5a373c358a5e7e5648b5ee524f7f3caf5be3ad24ca01b4bbaa5930f3722f,0.005539274017792195,0.04019561189351708,0.2847051173984191,0.5390628278255463,0.1723630726337433,0.3528010100126261
residual_v2,50,slit_bridge,57,private-source://routeA_experiments/data/final_ood_frozen_v1/slit_bridge/sample_0057.npz,88bdcbb6787810fba1f67ab1e1d706c0a0449080180a5731fe9e830cd5c1781e,0.004961733997333795,0.057716268446055985,0.491396178006895,0.6721222996711731,0.26932114362716675,0.44935433268547037
residual_v2,50,slit_bridge,58,private-source://routeA_experiments/data/final_ood_frozen_v1/slit_bridge/sample_0058.npz,25dc8c7315b0e070c4b3619308cd7da2f67091e9d12652a39dff2c4abf512a48,0.0050700280116871,0.0680181103732402,0.6468963626366457,0.6624933183193207,0.33020414412021637,0.5704298913478849
residual_v2,50,slit_bridge,59,private-source://routeA_experiments/data/final_ood_frozen_v1/slit_bridge/sample_0059.npz,8537f0d12de7433ac2c634794f33eec0a1ef183fb6a9871cd07ec6fe9960e78c,0.0049590950075071305,0.05996128589539126,0.7065746289016168,0.7405921369791031,0.3565949946641922,0.6344496205449099
residual_v2,50,slit_bridge,60,private-source://routeA_experiments/data/final_ood_frozen_v1/slit_bridge/sample_0060.npz,ccb10d13e92987f9e92f19f57b8c828d1cec71baabf49eeda5b8131c81cffaae,0.0052033519896212965,0.06731076556711448,0.6425602614609867,0.7723076641559601,0.3657566234469414,0.6124226868152618
residual_v2,50,slit_bridge,61,private-source://routeA_experiments/data/final_ood_frozen_v1/slit_bridge/sample_0061.npz,617d3d8d6e33e0cd8b2d68db50b259c76f1b572922b1f4eafd14d5c95f7f2927,0.004821155016543344,0.05972601438815177,0.5203158171910408,0.6139360070228577,0.3070724084973335,0.5151135712862012
residual_v2,50,slit_bridge,62,private-source://routeA_experiments/data/final_ood_frozen_v1/slit_bridge/sample_0062.npz,4cb6187852b50d7a648cc396d4b92a5199fc15e009d3e6afe856b73e4795fb3c,0.004990916990209371,0.09231722521283306,0.8867957077316425,0.8905266672372818,0.5340537689626217,0.8256556406617162
residual_v2,50,slit_bridge,63,private-source://routeA_experiments/data/final_ood_frozen_v1/slit_bridge/sample_0063.npz,dac27c2cdc3cfd09038c74bf4bee8892e3fbd4242d4ae68cf068121304f4b392,0.004794056003447622,0.07488172072170378,0.886380224365135,0.932616725564003,0.4038473404943943,0.8311304435133928
residual_v2,50,slit_bridge,64,private-source://routeA_experiments/data/final_ood_frozen_v1/slit_bridge/sample_0064.npz,42bf6e538ce7971d6bb267afcbb5017c74c7ee0a38eeeb22b770afd6da523ffd,0.004994562012143433,0.05380449392027094,0.4745728732299332,0.5497538447380066,0.283972330391407,0.49463665485382075
residual_v2,50,slit_bridge,65,private-source://routeA_experiments/data/final_ood_frozen_v1/slit_bridge/sample_0065.npz,8ae70c1cc087b2cb14feefb626847c8e54e0ee1ff237949762758fc9fef1ccfe,0.004937660996802151,0.0746617512937053,0.6784952258349551,0.8361071348190308,0.43603937327861786,0.6571345329284662
residual_v2,50,slit_bridge,66,private-source://routeA_experiments/data/final_ood_frozen_v1/slit_bridge/sample_0066.npz,bf5bec0125f3e132a0234c3c65c18310c2a824fe299149a53c91065ba9684ebc,0.004818096000235528,0.04722543733396808,0.3776493655276041,0.5213757753372192,0.23629753291606903,0.3819388538599011
residual_v2,50,slit_bridge,67,private-source://routeA_experiments/data/final_ood_frozen_v1/slit_bridge/sample_0067.npz,c4c4d08eb71d2a88a3573896b8651cdf6ff3433eaf00aef21e8815ee63c8636b,0.0052231510053388774,0.0433162570260191,0.36373910612780047,0.5268667340278625,0.18423965573310852,0.386966770887374
residual_v2,50,slit_bridge,68,private-source://routeA_experiments/data/final_ood_frozen_v1/slit_bridge/sample_0068.npz,9d5bf135c023eb440f5e2fcdbcd3144986ccea4a471e8d876188876d1f874f48,0.004810683982213959,0.061246745154162535,0.7555505056222523,0.8568084836006165,0.2872838228940964,0.5813485920429228
residual_v2,50,slit_bridge,69,private-source://routeA_experiments/data/final_ood_frozen_v1/slit_bridge/sample_0069.npz,5c786c1f5b59aea34b782d6d4f11df00e05c430f5d55022b5da71cb4fb8d0930,0.00517333101015538,0.06249089249708936,0.6846318932861154,0.8392813354730606,0.3343079090118408,0.722484847903251
residual_v2,50,slit_bridge,70,private-source://routeA_experiments/data/final_ood_frozen_v1/slit_bridge/sample_0070.npz,ed31a0aa3d983e019a2886acd9e424e492ee60dd9051fcd420f294aa7d65556d,0.005325641977833584,0.0482861655039256,0.527148458839084,0.7014107704162598,0.23619673773646355,0.5324193924665447
residual_v2,50,slit_bridge,71,private-source://routeA_experiments/data/final_ood_frozen_v1/slit_bridge/sample_0071.npz,392690e82cd3c5edc07092ea1286bb31ee5ff623427f4ad994d7d81479d6dab4,0.0052358179818838835,0.06826481084506279,0.8044750155073941,0.9077969491481781,0.401119165122509,0.7167431682348248
residual_v2,50,slit_bridge,72,private-source://routeA_experiments/data/final_ood_frozen_v1/slit_bridge/sample_0072.npz,13d1458cb7f3b3c59870f9253bb955db809110e13c2d3e0b7bd73b1dc03bcc6b,0.005427308002253994,0.06478536403252814,0.7013943254857276,0.7313363254070282,0.2966725677251816,0.5276150941848751
residual_v2,50,slit_bridge,73,private-source://routeA_experiments/data/final_ood_frozen_v1/slit_bridge/sample_0073.npz,abe7b6b76ff8f9f9514fc6c9452f5d49124e62bec9ef2160c3a275b0c13db251,0.005014383001253009,0.07780314029619632,0.8595466603745614,0.8494246304035187,0.4430236145853996,0.7498603396117682
residual_v2,50,slit_bridge,74,private-source://routeA_experiments/data/final_ood_frozen_v1/slit_bridge/sample_0074.npz,51ff9c6ba58e09f4038fba26fc78e8d866d805ea092ff9a4834e7d07d5b953c3,0.004978256009053439,0.03507819780886011,0.2721279357749366,0.3890472650527954,0.15103735029697418,0.2704189866781232
residual_v2,50,slit_bridge,75,private-source://routeA_experiments/data/final_ood_frozen_v1/slit_bridge/sample_0075.npz,295242b0a3c4441b1839c2e51ada10cd8d911b42bc383c1c876668ed7db69aca,0.004761677992064506,0.052737744057202544,0.5453471997101724,0.5985552370548248,0.28374774754047394,0.5306959420442575
residual_v2,50,slit_bridge,76,private-source://routeA_experiments/data/final_ood_frozen_v1/slit_bridge/sample_0076.npz,beb19109c76423a493f2dce420b9e7186ae828c5f8afa7330784720dd627942a,0.005010155000491068,0.06578692463985479,0.5932908616068984,0.6215191185474396,0.3816467449069023,0.5522826731204984
residual_v2,50,slit_bridge,77,private-source://routeA_experiments/data/final_ood_frozen_v1/slit_bridge/sample_0077.npz,2b930b075d3b18dc862520638716d3ca8b214cccc86033c8a5389cf1eee32caf,0.005087341007310897,0.05834327485326537,0.7048742704668629,0.7981322407722473,0.27389074489474297,0.7307809367775916
residual_v2,50,slit_bridge,78,private-source://routeA_experiments/data/final_ood_frozen_v1/slit_bridge/sample_0078.npz,81766226a2c457e6280404619b8b2ac47bc63cd5302a18b5988528768c89a906,0.005440595006803051,0.08007865954330667,0.8843218914235956,0.9782931506633759,0.44459017366170883,0.8272743612527845
residual_v2,50,slit_bridge,79,private-source://routeA_experiments/data/final_ood_frozen_v1/slit_bridge/sample_0079.npz,39d04f6918bf1e91b48064494be9aa05bd75bf2d12d1b69e17182fdccc736084,0.005074123997474089,0.07049500638911953,0.5575538967059982,0.6874958872795105,0.35726960003376007,0.5662200391292571
residual_v2,50,slit_bridge,80,private-source://routeA_experiments/data/final_ood_frozen_v1/slit_bridge/sample_0080.npz,34759e2ce25b3deafb7b86e4a166e29aa7b6ad6312b24ec108b7195308a75605,0.00546399102313444,0.07273762572952545,0.9143970567833489,0.9505524337291718,0.31516167521476746,0.7961398050189002
residual_v2,50,slit_bridge,81,private-source://routeA_experiments/data/final_ood_frozen_v1/slit_bridge/sample_0081.npz,c09c71d395b921fd42317ee8257d8e8ca0fefc88548e7044fde1c9427bc01d57,0.004870364005910233,0.03810235084761901,0.2514266165264459,0.3302880525588989,0.17384999245405197,0.2775648236274718
residual_v2,50,slit_bridge,82,private-source://routeA_experiments/data/final_ood_frozen_v1/slit_bridge/sample_0082.npz,76690bbcb43ff947e8588630e8c1f5eaeae09d80c05290dd16299c07f4b07db3,0.005211956013226882,0.043190491352036495,0.3015654619377939,0.4450201988220215,0.16868945583701134,0.3185299456119536
residual_v2,50,slit_bridge,83,private-source://routeA_experiments/data/final_ood_frozen_v1/slit_bridge/sample_0083.npz,b13467cf03c2c8574ad8306306835f018286494378025cc13aa4b84ebb20ce43,0.00477350497385487,0.05357221891049969,1.1641915888039382,0.9625994935631752,0.1638457858352922,0.6366972567513581
residual_v2,50,slit_bridge,84,private-source://routeA_experiments/data/final_ood_frozen_v1/slit_bridge/sample_0084.npz,9c49b44f5bee1f5433dbba97fd43f3fbe29009da78b18d356f171b5351154266,0.005246388987870887,0.04445756730250272,0.32999921709497426,0.4217354655265808,0.18361064791679382,0.3088184833526609
residual_v2,50,slit_bridge,85,private-source://routeA_experiments/data/final_ood_frozen_v1/slit_bridge/sample_0085.npz,f99b2ecfc893456f4094ee49f725dacd918863f2c57f06cd9486ed733ef4c220,0.0047713699750602245,0.07340905296607736,0.8494088083700938,0.9049373120069504,0.3694467693567276,0.7852884728461496
residual_v2,50,slit_bridge,86,private-source://routeA_experiments/data/final_ood_frozen_v1/slit_bridge/sample_0086.npz,fa0010c85def531807bfac046d520a0e1fcfa53f399129a530872a5ed7c486e8,0.004897191014606506,0.08691847446003013,0.841908627112421,0.9349392354488373,0.5234151519834995,0.7789865896105764
residual_v2,50,slit_bridge,87,private-source://routeA_experiments/data/final_ood_frozen_v1/slit_bridge/sample_0087.npz,c71c435433f07e222a9c7657e14158b1582d4eb606c1feec9a70429635dc0db8,0.00475054801790975,0.07702214189780617,0.8534273966335387,0.8803631365299225,0.46303658932447433,0.7917726650834083
residual_v2,50,slit_bridge,88,private-source://routeA_experiments/data/final_ood_frozen_v1/slit_bridge/sample_0088.npz,356663c8d9f185922d520ff8cab4336c663ae05fa5851257b47fd5a7f2890d38,0.005001591023756191,0.06942073960286924,0.6638025258003366,0.7745311856269836,0.3986535668373108,0.5996474400162696
residual_v2,50,slit_bridge,89,private-source://routeA_experiments/data/final_ood_frozen_v1/slit_bridge/sample_0089.npz,8a9067dfbc0e5c2e206260b72a5ca217d4c4ab8591213e41f21555fef28ede5c,0.004796196997631341,0.04848115368282883,0.5020326146442045,0.694939136505127,0.24539728462696075,0.5201713263988494
residual_v2,50,slit_bridge,90,private-source://routeA_experiments/data/final_ood_frozen_v1/slit_bridge/sample_0090.npz,e8f22014254e79ac9ea4af542bb6a6578f4d3903902c242153233437a8df0eca,0.004865301976678893,0.06512283723942608,0.5876957263822091,0.6953806281089783,0.28842833638191223,0.5559148967266081
residual_v2,50,slit_bridge,91,private-source://routeA_experiments/data/final_ood_frozen_v1/slit_bridge/sample_0091.npz,9ac5d5dae9509b1d341ae8236d8e0bd3b682e73f0fabd2327bc777955fc68672,0.004800707014510408,0.04784492954141454,0.3742101545023698,0.5435609519481659,0.2714841961860657,0.4127953767776488
residual_v2,50,slit_bridge,92,private-source://routeA_experiments/data/final_ood_frozen_v1/slit_bridge/sample_0092.npz,fce6d4931689f991567299750cb2e58ba69a69fb8a7ea9ca2b6623d311e269b9,0.004893261997494847,0.05924776027372192,0.5655700085646216,0.7027486264705658,0.3152143657207489,0.538407355546951
residual_v2,50,slit_bridge,93,private-source://routeA_experiments/data/final_ood_frozen_v1/slit_bridge/sample_0093.npz,ba68ade9b7a7667d9de5bbb4e80fd05e409e86460843549762f31a41447162d1,0.004759539995575324,0.06946592009470064,0.7473754881053364,0.7994007021188736,0.3603045120835304,0.6545193508267398
residual_v2,50,slit_bridge,94,private-source://routeA_experiments/data/final_ood_frozen_v1/slit_bridge/sample_0094.npz,ccba8ddededbe3b30aeff76d268cff5c811b3ec60c50fc5e9c8ad0ef75b4658f,0.004899269028101116,0.04914614874295723,0.46661432742717607,0.5636781305074692,0.24652710556983948,0.4096558958292003
residual_v2,50,slit_bridge,95,private-source://routeA_experiments/data/final_ood_frozen_v1/slit_bridge/sample_0095.npz,d8673dac77deb264dbb605e3b8da123628dc8c82574f2e781ca0ed91d7e7ce88,0.004794603009941056,0.06548273278054857,0.7969298827879434,0.9239747822284698,0.3707963153719902,0.757126726210117
residual_v2,50,slit_bridge,96,private-source://routeA_experiments/data/final_ood_frozen_v1/slit_bridge/sample_0096.npz,88387af9839890df82ba2388bdcdfa95d6200c6b8848f9cbfc0dda3b8e1f5f31,0.004867051000474021,0.06440717345203849,0.6539988335007466,0.8013241291046143,0.37591029331088066,0.674556103348732
residual_v2,50,slit_bridge,97,private-source://routeA_experiments/data/final_ood_frozen_v1/slit_bridge/sample_0097.npz,042e86e783efa3942e62430f3045cf582a6d959709c938cb225b92bc44bcc64f,0.005277182994177565,0.05690782619834563,0.42686468007558076,0.5978285670280457,0.26215316355228424,0.3905568808317184
residual_v2,50,slit_bridge,98,private-source://routeA_experiments/data/final_ood_frozen_v1/slit_bridge/sample_0098.npz,f76accedd1c25ec4c7b700fef8f7e440bff7ca6d234800cb8d3b4cd6f7f7b8e6,0.004990087007172406,0.07919013124569413,0.810337958945839,0.9119240045547485,0.38789647817611694,0.8016930818557739
residual_v2,50,slit_bridge,99,private-source://routeA_experiments/data/final_ood_frozen_v1/slit_bridge/sample_0099.npz,6a4b39b6a971b50d0cd5a3eefaf6a1f3f142b0d9ecee397ce1ff23093f6a46d9,0.005228694004472345,0.05367752511268064,0.45385611713183116,0.5675942897796631,0.2976794093847275,0.4492548435926434
residual_v2,50,slit_bridge,100,private-source://routeA_experiments/data/final_ood_frozen_v1/slit_bridge/sample_0100.npz,09c098f8500ef7ae13df30b97fd58bdcffba8843b115a610318dc18f65ef3540,0.004983534017810598,0.07319298553299372,0.8639054854158329,0.9657286405563354,0.3664075881242752,0.7992410138249394
residual_v2,50,slit_bridge,101,private-source://routeA_experiments/data/final_ood_frozen_v1/slit_bridge/sample_0101.npz,3671b99524219e4e7f1acd583f0a9f657d15a23a30ed3d575564b8f9d92d770e,0.005235786986304447,0.05202121006709013,0.3890310540835504,0.5289450585842133,0.25977039337158203,0.40556004345417
residual_v2,50,slit_bridge,102,private-source://routeA_experiments/data/final_ood_frozen_v1/slit_bridge/sample_0102.npz,b8b9ab3a97d31d7c91628f73ac4db6371901871d302b30af028ae7297b2b153b,0.004977222008164972,0.05269916958283871,0.9944484273721202,0.9353833571076393,0.16558711824472994,0.6984139360487439
residual_v2,50,slit_bridge,103,private-source://routeA_experiments/data/final_ood_frozen_v1/slit_bridge/sample_0103.npz,9f972861588cfdfdfbc3d1b3492908230dc44d640058083aa85270fbceb816f9,0.005387686978792772,0.06538994824319733,0.6792566697017802,0.7052910923957825,0.3777649253606796,0.602129656076431
residual_v2,50,slit_bridge,104,private-source://routeA_experiments/data/final_ood_frozen_v1/slit_bridge/sample_0104.npz,762aadec5fa91e8e7a7f85a7683286f4a4fa0192f736680d733b0707b91d4494,0.004949279013089836,0.06996154274636973,0.728301786675401,0.753774419426918,0.35542120784521103,0.6830706268548964
residual_v2,50,slit_bridge,105,private-source://routeA_experiments/data/final_ood_frozen_v1/slit_bridge/sample_0105.npz,713c1a733e7b6f8c51dfe4d3f144d58d7ee189053361d35b7cb0099d093f55b6,0.005393112980527803,0.06440264315606298,0.7367793292773187,0.9075459688901901,0.32670728117227554,0.7804430395364761
residual_v2,50,slit_bridge,106,private-source://routeA_experiments/data/final_ood_frozen_v1/slit_bridge/sample_0106.npz,73c88046498ca7cb948857d6c873d10ec1b1bb70ce8813a259156f5e49c803e0,0.00563783899997361,0.07072835827321865,0.8518462480954857,0.9781966209411621,0.38263125717639923,0.7757261514663696
residual_v2,50,slit_bridge,107,private-source://routeA_experiments/data/final_ood_frozen_v1/slit_bridge/sample_0107.npz,8e962067b4a867a40f8b8f07d19dbcf42eb4d7a6b08ac522bd140e761933b129,0.005406726006185636,0.07497049553025095,0.7406834425064357,0.7848547846078873,0.3775881677865982,0.6743916109204291
residual_v2,50,slit_bridge,108,private-source://routeA_experiments/data/final_ood_frozen_v1/slit_bridge/sample_0108.npz,23bb0eb2ffb8522d891e10b78e9f4fcf6ea2c8b5136c119d1353dc41e81126a2,0.004781221010489389,0.05081288172606086,0.37699226913413475,0.4406026005744934,0.253902330994606,0.3819978147745132
residual_v2,50,slit_bridge,109,private-source://routeA_experiments/data/final_ood_frozen_v1/slit_bridge/sample_0109.npz,ee7d8642727cde846b418e0d6ef6f3d525513d8f7c13d4e21a694399a5887809,0.005363636999391019,0.07685141784323764,0.7949070693110523,0.8063567578792572,0.4093199707567692,0.6876429438591003
residual_v2,50,slit_bridge,110,private-source://routeA_experiments/data/final_ood_frozen_v1/slit_bridge/sample_0110.npz,2cb9d93c491c746797690b373d3873b13231a0144087e5c6f98bc1674dcf9aa9,0.004776574001880363,0.09265580910007029,0.8482152452117245,0.8386823385953903,0.4628886580467224,0.7232025571167469
residual_v2,50,slit_bridge,111,private-source://routeA_experiments/data/final_ood_frozen_v1/slit_bridge/sample_0111.npz,20cb4a3d10bd1589b41836354fc8ffcea2f716f9c4d860e668becadedadd9f38,0.005255288997432217,0.045872894301268625,0.3931089397767233,0.47611117362976074,0.22921150922775269,0.37532726526260374
residual_v2,50,slit_bridge,112,private-source://routeA_experiments/data/final_ood_frozen_v1/slit_bridge/sample_0112.npz,37a74f8306ed3c59b31377d7e4a65031205ca4f453cf06b54132466f7b6b4a27,0.004762077005580068,0.08441973299585917,0.8718017847384887,0.9018101766705513,0.47925715148448944,0.8250314332544799
residual_v2,50,slit_bridge,113,private-source://routeA_experiments/data/final_ood_frozen_v1/slit_bridge/sample_0113.npz,ef235deec817e178c9aadff18419bfa34a077733d1176a3329f0534a76dc2a36,0.005421908979769796,0.08060569704394506,0.8829722030153623,0.9010684490203857,0.45151819102466106,0.7606956727802751
residual_v2,50,slit_bridge,114,private-source://routeA_experiments/data/final_ood_frozen_v1/slit_bridge/sample_0114.npz,fee8722c5da8ec155bbe8e819b2eefa2d11a554066c684e422d739ef76676fdc,0.004991948982933536,0.047809005867966305,0.4438002270993828,0.5633066594600677,0.25051042437553406,0.42066905498504614
residual_v2,50,slit_bridge,115,private-source://routeA_experiments/data/final_ood_frozen_v1/slit_bridge/sample_0115.npz,c0ff037ccc5a055bf9e6049f73b19eb3ef3c759d34e01dde7782629ee5155b1a,0.005240893020527437,0.06650093420633925,0.6211487841267017,0.7695620656013489,0.3245614916086197,0.5598490729928015
residual_v2,50,slit_bridge,116,private-source://routeA_experiments/data/final_ood_frozen_v1/slit_bridge/sample_0116.npz,89796e3463ade62e6165c2220b9206d7e09c13d435e41116a44b4b2b72d8a7e2,0.004766452999319881,0.08199340384019282,0.9521698870323447,0.9946771562099457,0.457657590508461,0.874679078161716
residual_v2,50,slit_bridge,117,private-source://routeA_experiments/data/final_ood_frozen_v1/slit_bridge/sample_0117.npz,0b5ddb4fbb4b1abaaecda668cf96d47108c2d0634e698e348798412ad2c8bd5b,0.005380414018873125,0.04554965963723125,0.36481703008116656,0.6034848690032959,0.2091810405254364,0.4151895552873611
residual_v2,50,slit_bridge,118,private-source://routeA_experiments/data/final_ood_frozen_v1/slit_bridge/sample_0118.npz,67c9870824a0cf24261c14ee2ee54260350b87c984724da8b7b3239ef5f4f8f2,0.0047684180026408285,0.08059386867949951,0.7982924499217036,0.882584773004055,0.4518272429704666,0.7529343619942661
residual_v2,50,slit_bridge,119,private-source://routeA_experiments/data/final_ood_frozen_v1/slit_bridge/sample_0119.npz,3cd3c867da52bc984e6b469d03b48c1d502d3c379c3a09320042c00db34b1f2f,0.005358366994187236,0.06816101832193357,0.7554617045318857,0.8576883375644684,0.37765927612781525,0.7056237071752546
residual_v2,50,slit_bridge,120,private-source://routeA_experiments/data/final_ood_frozen_v1/slit_bridge/sample_0120.npz,321a3cdc9661e8fd1679cfceed9f566fa138dcdcf45b5bb5a1d8fce6ede740f1,0.005365371995139867,0.059240398366499615,0.80103985154042,0.8145973384380341,0.2875301316380501,0.6702100366353981
residual_v2,50,slit_bridge,121,private-source://routeA_experiments/data/final_ood_frozen_v1/slit_bridge/sample_0121.npz,947ac005aaaab451b701b3285288d12286101f1936826903031becc4a8c82912,0.0048291699786204845,0.06015981915047744,0.6415402730288019,0.6941535770893097,0.29330773651599884,0.5332166463136672
residual_v2,50,slit_bridge,122,private-source://routeA_experiments/data/final_ood_frozen_v1/slit_bridge/sample_0122.npz,f86df5b1facc0d81f78a07017d7a1169d59fc90ab287dd52fa7ef79d790e2e91,0.005414631013991311,0.0741781908300136,0.5795829460330739,0.689484030008316,0.35989443212747574,0.5613493025302887
residual_v2,50,slit_bridge,123,private-source://routeA_experiments/data/final_ood_frozen_v1/slit_bridge/sample_0123.npz,dd8d213055c704fdaab30fa56f42a33f2b17cda2608934ee3c8395f1fa3ac372,0.004925914981868118,0.07163307036289174,0.9412266122360803,0.9535200372338295,0.37238042056560516,0.8122003898024557
residual_v2,50,slit_bridge,124,private-source://routeA_experiments/data/final_ood_frozen_v1/slit_bridge/sample_0124.npz,989ca5a6639d386f9ba2fbbe4929a51151c1d1f58f0b02af5979a213ce187952,0.00541320099728182,0.0606491836114189,0.8729961371829154,0.918782114982605,0.28302837908267975,0.6759604394435881
residual_v2,50,slit_bridge,125,private-source://routeA_experiments/data/final_ood_frozen_v1/slit_bridge/sample_0125.npz,a70aa7c2b0ab69e05a1bdac27c118b00080fd91ce4b14294cf3d802c7d9815c3,0.004982367012416944,0.04447659910296535,0.43217564723780033,0.5545827150344849,0.21442483365535736,0.47737014889717094
residual_v2,50,slit_bridge,126,private-source://routeA_experiments/data/final_ood_frozen_v1/slit_bridge/sample_0126.npz,093585a00e910cd41c9a8b1050dbde9900de283da5c8bcf64b0e6657b12ce6c0,0.0053673459915444255,0.09514591810043924,0.7802481170526615,0.8630921244621277,0.5078835766762495,0.7212032079696654
residual_v2,50,slit_bridge,127,private-source://routeA_experiments/data/final_ood_frozen_v1/slit_bridge/sample_0127.npz,fbaeeb14ed4064772eccd6ad5d7ce8b30fd2cd571f89be44730cad2f429acd53,0.00498104898724705,0.05960470092784629,0.5593230001141257,0.6839652359485626,0.33172081410884857,0.5806853622198104
residual_v2,50,slit_bridge,128,private-source://routeA_experiments/data/final_ood_frozen_v1/slit_bridge/sample_0128.npz,f8dcb1ad9a029b0aaa0eb4226be5e9fb26f98253b2ac2ee759238972e2b35793,0.005470976990181953,0.05773370665798649,0.481884249301709,0.5649085938930511,0.2677617371082306,0.4715084433555602
residual_v2,50,slit_bridge,129,private-source://routeA_experiments/data/final_ood_frozen_v1/slit_bridge/sample_0129.npz,4fde72568a862f65ab802425b157856bd372d3c84dff9690b725526c7c4caa72,0.0050424590008333325,0.05036001110195845,0.41656777871574474,0.6168080568313599,0.22680899500846863,0.40777133107185287
residual_v2,50,slit_bridge,130,private-source://routeA_experiments/data/final_ood_frozen_v1/slit_bridge/sample_0130.npz,c5fc37a33ccfde0c5c1bc91a423ff22369761aa4a2358c6bf448d552f93ebe9f,0.004774979985086247,0.03414613165196031,0.22684429792718153,0.2886783480644226,0.13475486636161804,0.20358938723802555
residual_v2,50,slit_bridge,131,private-source://routeA_experiments/data/final_ood_frozen_v1/slit_bridge/sample_0131.npz,816e62f42925e1228f1925aa9a64af845857cc8af393bef8edcc95e0b32ae811,0.005442836001748219,0.04723689846199772,0.369251863879026,0.4972599744796753,0.19885852932929993,0.34056572020053844
residual_v2,50,slit_bridge,132,private-source://routeA_experiments/data/final_ood_frozen_v1/slit_bridge/sample_0132.npz,0fe2c82d437426e3d5e3a8a69a3eaf8444f65273028a83b43642500191be1de2,0.004796191991772503,0.083167704607275,0.9469784866605532,0.9734587073326111,0.4084993973374367,0.7780108511447884
residual_v2,50,slit_bridge,133,private-source://routeA_experiments/data/final_ood_frozen_v1/slit_bridge/sample_0133.npz,158533d38705bbe83ad1aff888d4d281d11c259abc75e687100337a1169b6b79,0.005396947002736852,0.05367239177229839,0.44718432382440215,0.50723597407341,0.2945571541786194,0.4569753527641295
residual_v2,50,slit_bridge,134,private-source://routeA_experiments/data/final_ood_frozen_v1/slit_bridge/sample_0134.npz,809d1f61ff74bd28a60a9ee3e93980572061abc432bf497071f850cf295e5a22,0.004800975002581254,0.06990883900436458,0.7215334126743764,0.7651841044425964,0.3876097649335861,0.6885438919067383
residual_v2,50,slit_bridge,135,private-source://routeA_experiments/data/final_ood_frozen_v1/slit_bridge/sample_0135.npz,49a6d2f84ef15ae562f31d7f8186dcf515a22bd150120c9ef7592236bc4da560,0.005522783991182223,0.059375495852469186,0.6682880264304302,0.6960108876228333,0.31761351227760315,0.5732729598879812
residual_v2,50,slit_bridge,136,private-source://routeA_experiments/data/final_ood_frozen_v1/slit_bridge/sample_0136.npz,0aaf02ec1906882bedac48878d8b32168a7bb9aa28e664600efcf7880eeb0a09,0.004750213003717363,0.03722651093893497,0.23632008899699755,0.31044015288352966,0.1579686999320984,0.24352568536996838
residual_v2,50,slit_bridge,137,private-source://routeA_experiments/data/final_ood_frozen_v1/slit_bridge/sample_0137.npz,3060120b449129fec3dadb659d3c9a7989d9e4319138bf42de3acdc3ba915c02,0.005403652001405135,0.05858108544872387,0.5178094417603294,0.5703977644443512,0.28885418176651,0.4729452610015865
residual_v2,50,slit_bridge,138,private-source://routeA_experiments/data/final_ood_frozen_v1/slit_bridge/sample_0138.npz,6ed13d9162ca3514a314258b8d24016c2bc8875b25b0b38c5cdfa938f2a1eee2,0.004774467000970617,0.0730297592626548,0.8766221117076247,0.952758863568306,0.3614116460084915,0.7378272861242291
residual_v2,50,slit_bridge,139,private-source://routeA_experiments/data/final_ood_frozen_v1/slit_bridge/sample_0139.npz,658f1ca5a3c9c31ef1d3034e1fa4b0a5769e9c38a410ad1b72996a2aa8abf1a0,0.005438461987068877,0.042917605445151864,0.37846437114561793,0.5179771184921265,0.21713706851005554,0.39299114942550634
residual_v2,50,slit_bridge,140,private-source://routeA_experiments/data/final_ood_frozen_v1/slit_bridge/sample_0140.npz,4cb2e3c95ee8b50b37549ea056e6b5e6349cac539e85f6c167d54902061606d1,0.004778217000421137,0.0671777754037136,0.6180695028201318,0.7492628395557404,0.2943822592496872,0.5519530132412902
residual_v2,50,slit_bridge,141,private-source://routeA_experiments/data/final_ood_frozen_v1/slit_bridge/sample_0141.npz,72511c727388df3bf5af40ee47932e5d0ea12cec9268d07a95eff4200660e42e,0.005263215018203482,0.0753320846425528,0.7021069681582923,0.7248634248971939,0.38746580481529236,0.6313767701387402
residual_v2,50,slit_bridge,142,private-source://routeA_experiments/data/final_ood_frozen_v1/slit_bridge/sample_0142.npz,306a40af48edd29b46f137a9e1015dba90eef9f89a216e9034ab8c4e810088cb,0.004795127984834835,0.07157506624728209,0.8986760883157374,0.968905046582222,0.36521216481924057,0.7985232785344124
residual_v2,50,slit_bridge,143,private-source://routeA_experiments/data/final_ood_frozen_v1/slit_bridge/sample_0143.npz,9143fda697b9d0ca554a018b16f7dcedf9ce17f64344f4de043fd7612877a3d2,0.005390036996686831,0.07011413505521712,0.9150551609297721,0.9216603711247444,0.4176546186208725,0.7191308386623849
residual_v2,50,slit_bridge,144,private-source://routeA_experiments/data/final_ood_frozen_v1/slit_bridge/sample_0144.npz,cede0fd6d7f85a69aeaae09213236482ad3047e9130d14dd79693b9e243f783b,0.004762133001349866,0.07616396243674312,0.9344471138846094,1.0289175808429718,0.4007582813501358,0.9189925491809844
residual_v2,50,slit_bridge,145,private-source://routeA_experiments/data/final_ood_frozen_v1/slit_bridge/sample_0145.npz,2d9fdb82c8a7275b63a15c4d95ab584a0842ebd21fd6762928d68475fe8cc330,0.00532584500615485,0.0712348332078531,0.700914678843105,0.8144093453884125,0.45614249631762505,0.6953463166952126
residual_v2,50,slit_bridge,146,private-source://routeA_experiments/data/final_ood_frozen_v1/slit_bridge/sample_0146.npz,207f5f551061e628bde8bc221dd64138c07612d4245a97390961be3ea5e16611,0.00478048698278144,0.05781155733545199,0.5257328935491039,0.695212721824646,0.3032003343105316,0.5143016010522842
residual_v2,50,slit_bridge,147,private-source://routeA_experiments/data/final_ood_frozen_v1/slit_bridge/sample_0147.npz,82d0e49e8401c09f0e3e6a3547b29f4d5a1dedbc6b0f06beea92cbeb4866ea11,0.0053458629990927875,0.06914145122435036,0.7018219608541122,0.7934077084064484,0.2777547650039196,0.5601987838745116
residual_v2,50,slit_bridge,148,private-source://routeA_experiments/data/final_ood_frozen_v1/slit_bridge/sample_0148.npz,e38da3693d172092572c7f2754a94e44ef94b0502f3919d896ce0c2fbe38e009,0.004779561975738034,0.06680446326792872,0.6510907519031199,0.7431126534938812,0.34944064915180206,0.6389334440231318
residual_v2,50,slit_bridge,149,private-source://routeA_experiments/data/final_ood_frozen_v1/slit_bridge/sample_0149.npz,afc272ad1c582032ceafc263f98a9500852bcc9f113906a40f63ad64c40aee4c,0.005409363977378234,0.052172394133994625,1.0085028736095385,0.8856021016836166,0.17116862768307328,0.739242579042911
residual_v2,50,slit_bridge,150,private-source://routeA_experiments/data/final_ood_frozen_v1/slit_bridge/sample_0150.npz,3d18460af3363948da3a01a3d1b31a48effc40aa616a1b5dd39689622a7ec45c,0.004769996012328193,0.06706669853496598,0.49952053604828256,0.6478461027145386,0.3320108503103256,0.48579297065734856
residual_v2,50,slit_bridge,151,private-source://routeA_experiments/data/final_ood_frozen_v1/slit_bridge/sample_0151.npz,d5753da7388ebb54f9cf2699537d139086e01002d7a59190bb63986a17939a32,0.005407858989201486,0.0629347359097301,0.602231049248563,0.6946435868740082,0.35794277489185333,0.6332020372152328
residual_v2,50,slit_bridge,152,private-source://routeA_experiments/data/final_ood_frozen_v1/slit_bridge/sample_0152.npz,9695aa6ea858785b103e16fd61c266f988f64686cfbdc88b2899662da023ea05,0.005169394979020581,0.05003349907434312,0.5822635052145885,0.7249488532543182,0.2964759021997452,0.5371082276105874
residual_v2,50,slit_bridge,153,private-source://routeA_experiments/data/final_ood_frozen_v1/slit_bridge/sample_0153.npz,60ac6a052ff2a92b7086357b74a96c31e33d7255ddf407c4f70bc5fe58806b60,0.0050211539783049375,0.05279303775017851,1.0269561054575496,0.9832734018564224,0.17187024326995015,0.7210604593157761
residual_v2,50,slit_bridge,154,private-source://routeA_experiments/data/final_ood_frozen_v1/slit_bridge/sample_0154.npz,02efeff9d6ba6e84c68ab742c168c4ca40609c73d6f82146e8a2f5b10a657897,0.005195867008296773,0.04966521830415122,1.0984624176895255,0.9554378315806389,0.1831532090145629,0.5901113849133249
residual_v2,50,slit_bridge,155,private-source://routeA_experiments/data/final_ood_frozen_v1/slit_bridge/sample_0155.npz,ea8bfa01563270f5d6e2ec9dbe473f05772c2e4989b937a57ae2104227258fed,0.005397547996835783,0.05748933519914337,0.44903494945913586,0.5505337417125702,0.2785864993929863,0.4519992619752881
residual_v2,50,slit_bridge,156,private-source://routeA_experiments/data/final_ood_frozen_v1/slit_bridge/sample_0156.npz,5005fb0814bda784608be7da52a32e34a6544ba7bd358a95694b62e213f8f2c2,0.005187297996599227,0.06443762448317839,0.6586618285840407,0.7128736972808838,0.34966006875038147,0.6193105727434156
residual_v2,50,slit_bridge,157,private-source://routeA_experiments/data/final_ood_frozen_v1/slit_bridge/sample_0157.npz,ac48ebb841e2622ef6bc4ba966dad1b3b604f8d724d29e6f2fab1b6641ee1921,0.00544072498450987,0.06762553322531903,0.729807423465926,0.869366005063057,0.35978471487760544,0.7211341120302677
residual_v2,50,slit_bridge,158,private-source://routeA_experiments/data/final_ood_frozen_v1/slit_bridge/sample_0158.npz,2f49624ea36882b03b9786cab30360722cade76c056bea230f9c9ba4ac764c8b,0.004763212986290455,0.051572656010079806,0.37574914047016916,0.5232275128364563,0.2546653300523758,0.42887776941060995
residual_v2,50,slit_bridge,159,private-source://routeA_experiments/data/final_ood_frozen_v1/slit_bridge/sample_0159.npz,d0b13a51187a418d7efe2e93a19604a3d01c818ea9736b5aa09b4607fad5fa55,0.005473104974953458,0.050249460945438515,0.4384676468164847,0.49670833349227905,0.2553699165582657,0.40791900157928435
residual_v2,50,slit_bridge,160,private-source://routeA_experiments/data/final_ood_frozen_v1/slit_bridge/sample_0160.npz,622f4d8070ecdd9d0a824ce72f84fecc0c78f83011ff11259ebc6bb846de281e,0.004953689000103623,0.04909155750084491,0.4309104307795905,0.6047525107860565,0.23024116456508636,0.4718004047870634
residual_v2,50,slit_bridge,161,private-source://routeA_experiments/data/final_ood_frozen_v1/slit_bridge/sample_0161.npz,178f02f0e3b5995f2619dd6bf52ad3a7508f806bd4e13ba9ceeb9a36f1649f16,0.004937802004860714,0.06657381181282734,0.8018898979464856,0.8996024504303932,0.32206758111715317,0.6140177831053731
residual_v2,50,slit_bridge,162,private-source://routeA_experiments/data/final_ood_frozen_v1/slit_bridge/sample_0162.npz,7dac1f84d357180521999872dd329573241cb8c42feeb442891197f01199c66b,0.004780463990755379,0.052666838478062965,0.8839357873127719,0.8845563158392906,0.200034961104393,0.6784960091114021
residual_v2,50,slit_bridge,163,private-source://routeA_experiments/data/final_ood_frozen_v1/slit_bridge/sample_0163.npz,b7a7aa86a9bdc19977f06da4caff68d49a340edbf4f1a1c1187591366b6636d2,0.005033421999542043,0.0980735438547252,0.8143271836782541,0.896072119474411,0.48631269484758377,0.7018847286701202
residual_v2,50,slit_bridge,164,private-source://routeA_experiments/data/final_ood_frozen_v1/slit_bridge/sample_0164.npz,779949d863880f5d16a879e81f20fad07ea4f966fba7da8ee22f0adaa6fc32af,0.004767845006426796,0.07325036830669984,0.7247177481834515,0.7809730470180511,0.46373049914836884,0.6889775112271308
residual_v2,50,slit_bridge,165,private-source://routeA_experiments/data/final_ood_frozen_v1/slit_bridge/sample_0165.npz,dc423b6d998084bf0149349c297bb1babad5e99fb236b7c05dfa975cb5183082,0.00492638599826023,0.06300842842628504,0.5158531123772843,0.6263643801212311,0.31626591086387634,0.5081177741289136
residual_v2,50,slit_bridge,166,private-source://routeA_experiments/data/final_ood_frozen_v1/slit_bridge/sample_0166.npz,351a161f32941f870662dc54b1d5ae59e25dc38cb8501ca4493dd08e6d42d64a,0.004981165984645486,0.07823077214720958,0.7258781540892537,0.7854613661766052,0.4024903252720833,0.607874685525894
residual_v2,50,slit_bridge,167,private-source://routeA_experiments/data/final_ood_frozen_v1/slit_bridge/sample_0167.npz,aa66574c4716561ec10258da0ac13914768f1d14f665ebf1ec534f148bd0abd7,0.004991243011318147,0.048438184415731805,0.5009298661629524,0.6231204867362976,0.27866141498088837,0.505126005411148
residual_v2,50,slit_bridge,168,private-source://routeA_experiments/data/final_ood_frozen_v1/slit_bridge/sample_0168.npz,b0b356c11f56258bb6f3db09bd66c6dcd1bcd41614b20e67f8e907402ec13485,0.0049581259954720736,0.07385286902722771,0.75461177898686,0.9248695373535156,0.3804513067007065,0.7166480407118788
residual_v2,50,slit_bridge,169,private-source://routeA_experiments/data/final_ood_frozen_v1/slit_bridge/sample_0169.npz,a469b2c4e556282ed62e13e26cd27398331a9ba05d88ee1913966198103238d6,0.004775923007400706,0.08275402899253745,0.8787280960780769,0.9751162081956863,0.45587631687521935,0.7421442717313764
residual_v2,50,slit_bridge,170,private-source://routeA_experiments/data/final_ood_frozen_v1/slit_bridge/sample_0170.npz,36fbd3c3d23a1204142c49ecd37ef44c2ba54ac4467ddb41d832464267e85212,0.00539900700096041,0.06240110126066644,0.7356970384603673,0.7884501963853836,0.37466128170490265,0.6214215964078899
residual_v2,50,slit_bridge,171,private-source://routeA_experiments/data/final_ood_frozen_v1/slit_bridge/sample_0171.npz,d535ac50a902c9794c7c816a49047dfd9c3f701564b69ce35cc24a4b731afa97,0.004801029019290581,0.059969814146562835,1.0759479534028429,0.9892201200127602,0.21170396730303764,0.7821998368948695
residual_v2,50,slit_bridge,172,private-source://routeA_experiments/data/final_ood_frozen_v1/slit_bridge/sample_0172.npz,4e4eeb0f4d4f14aa76bc67064de00f38d35024c2470cfc77d2414c6da16f99f2,0.005327988008502871,0.04726874263541054,0.3364815526905624,0.40817147493362427,0.20985925197601318,0.3141861319541931
residual_v2,50,slit_bridge,173,private-source://routeA_experiments/data/final_ood_frozen_v1/slit_bridge/sample_0173.npz,4c3d97c818e4c1aaa20fd773230ef107c1e90a4328ebbfb020186474b8b391e2,0.00526037800591439,0.07578405068629952,0.7384408762331057,0.8021003976464272,0.37954341620206833,0.6805307701230044
residual_v2,50,slit_bridge,174,private-source://routeA_experiments/data/final_ood_frozen_v1/slit_bridge/sample_0174.npz,c764cef11e9744e2347bf095a3ad20fd9c9a40516623d0e6687f000cea70736b,0.005254898016573861,0.07154420021286277,0.8576349166264767,0.9199703633785248,0.38841700926423073,0.7248267203569405
residual_v2,50,slit_bridge,175,private-source://routeA_experiments/data/final_ood_frozen_v1/slit_bridge/sample_0175.npz,22afae3ce0b327b65855609e847dcf168cbfa0c3da01d0e00d7ff822a2f93dab,0.005968732992187142,0.06457232720201993,0.5089949181730773,0.6971118450164795,0.3366110622882843,0.5499747157096861
residual_v2,50,slit_bridge,176,private-source://routeA_experiments/data/final_ood_frozen_v1/slit_bridge/sample_0176.npz,3615c8f32a0156e435a991da99bea493288394630d64ca1402e46469b4ae4561,0.00519562402041629,0.05449391347982397,0.41033697121549145,0.48220667243003845,0.26083867996931076,0.4251097559928893
residual_v2,50,slit_bridge,177,private-source://routeA_experiments/data/final_ood_frozen_v1/slit_bridge/sample_0177.npz,bde9b0878d1f9163cd3460df65d8fbaa6d012659d97271692cd52839664004d8,0.00521469401428476,0.06835784958751992,0.744327505113735,0.8104989528656006,0.44021736830472946,0.6929500162601467
residual_v2,50,slit_bridge,178,private-source://routeA_experiments/data/final_ood_frozen_v1/slit_bridge/sample_0178.npz,dffe6643c77429e0e5ed595fcd8553b626ac374c0226c86babb86bb23700de20,0.005219636019319296,0.04804610343183669,0.4075070465850582,0.5042406320571899,0.2624383568763733,0.4074073761701584
residual_v2,50,slit_bridge,179,private-source://routeA_experiments/data/final_ood_frozen_v1/slit_bridge/sample_0179.npz,fca36c52c6cfb0110fbe78721de423d99487a00561b0c6b6b9f826917f42aede,0.004871504002949223,0.04254595586982232,0.2922322871654241,0.49801260232925415,0.20450887084007263,0.2868868559598919
residual_v2,50,slit_bridge,180,private-source://routeA_experiments/data/final_ood_frozen_v1/slit_bridge/sample_0180.npz,6f19672ce01e21e2c280e4be06a3e54680e018ff4c226cbe757f44ebad3e1910,0.00550839101197198,0.04951121235303764,0.34254049746087945,0.5628032088279724,0.22363080084323883,0.3918998524546623
residual_v2,50,slit_bridge,181,private-source://routeA_experiments/data/final_ood_frozen_v1/slit_bridge/sample_0181.npz,ec877344fcdbfdbdaddf529e85e3cc5c3aab339963def6c7349014d86c8140d4,0.0048937810061033815,0.07798587302931877,0.7590405881926271,0.856852650642395,0.43574701249599457,0.7001415133476256
residual_v2,50,slit_bridge,182,private-source://routeA_experiments/data/final_ood_frozen_v1/slit_bridge/sample_0182.npz,85955e8644eeb0dcc33c4aed80df2c7439e5bab709258a2875ce1a3a61c5ebfb,0.005464115994982421,0.06068666032000654,0.5240552609064286,0.691075325012207,0.3117019385099411,0.5276793122291564
residual_v2,50,slit_bridge,183,private-source://routeA_experiments/data/final_ood_frozen_v1/slit_bridge/sample_0183.npz,7db60f93fba5ad9147fed2dc7ad510080993a1ba5cacff680d8f7315ac009961,0.004895432997727767,0.0777740327104038,0.7885899395533907,1.0122862756252289,0.4163619130849838,0.8585313498973846
residual_v2,50,slit_bridge,184,private-source://routeA_experiments/data/final_ood_frozen_v1/slit_bridge/sample_0184.npz,8121820fc993132420a3854bde14b0b1742133b65c0a82ff2248b97133f07f34,0.005098266992717981,0.07423605119547938,0.7854412999482504,0.8861969411373138,0.3774525672197342,0.7224506855010983
residual_v2,50,slit_bridge,185,private-source://routeA_experiments/data/final_ood_frozen_v1/slit_bridge/sample_0185.npz,6cddc80ef7290697c6e5ddae659d68aa20dcd10104ab9b2cd5f9708afe9f741d,0.005447586998343468,0.04754049746312543,0.3354526050327752,0.5266932845115662,0.21462669968605042,0.3344408333301544
residual_v2,50,slit_bridge,186,private-source://routeA_experiments/data/final_ood_frozen_v1/slit_bridge/sample_0186.npz,325ef30f2da8a65dac78a1b06a65f887f2d9947c96e2faee9e6a8ec03323351a,0.004838292021304369,0.06016024201355027,0.5526297401488758,0.7603192776441574,0.28050481528043747,0.6680676400661467
residual_v2,50,slit_bridge,187,private-source://routeA_experiments/data/final_ood_frozen_v1/slit_bridge/sample_0187.npz,119b85212c8b4744bf1d62d7dfe261550cb6d3e5d22f4790dbe62e75609d0922,0.005064622993813828,0.06065119398555119,0.4722326835510907,0.5755210816860199,0.30492740124464035,0.4902501881122588
residual_v2,50,slit_bridge,188,private-source://routeA_experiments/data/final_ood_frozen_v1/slit_bridge/sample_0188.npz,dcf9852e45123cccfdad55cec5cd89ffd610e5287252fbe34ba1dd1786992a3e,0.0050942039815708995,0.06860904431637195,0.6124357475507951,0.8083663284778595,0.4122009575366974,0.5859212756156921
residual_v2,50,slit_bridge,189,private-source://routeA_experiments/data/final_ood_frozen_v1/slit_bridge/sample_0189.npz,286c7744959bebf561fcf60d6510f810deadc11b4f49e589e2e9473d32de82f7,0.004870442993706092,0.04902616744746517,0.49961668950195626,0.6470288932323456,0.24353238195180893,0.4935285091400142
residual_v2,50,slit_bridge,190,private-source://routeA_experiments/data/final_ood_frozen_v1/slit_bridge/sample_0190.npz,fe702ecba390c3dc04a9733afe0b132a016fcf5c4eaffcad11aaea841c4e382e,0.004971512011252344,0.06899454260102704,0.7194626491513166,0.7914120852947235,0.2808374613523483,0.6083734810352323
residual_v2,50,slit_bridge,191,private-source://routeA_experiments/data/final_ood_frozen_v1/slit_bridge/sample_0191.npz,cc046fa8afaf7d479712359b932e246ff1ee8e9d4f1365bd79dc2f10196be05c,0.005462513014208525,0.07357847779686669,0.8576621097521978,0.9370214939117432,0.4015739858150482,0.7967197060585017
residual_v2,50,slit_bridge,192,private-source://routeA_experiments/data/final_ood_frozen_v1/slit_bridge/sample_0192.npz,12a887fa1b92770140bbc308300406b9f45be794a2802dc5d4318f9f90964304,0.00549516300088726,0.07204993669657357,0.6039397511159362,0.708234578371048,0.33376239612698555,0.6034312456846233
residual_v2,50,slit_bridge,193,private-source://routeA_experiments/data/final_ood_frozen_v1/slit_bridge/sample_0193.npz,ea535161153d10af3f779e6ce92ab576cb6f01bb2b84270e675cb8a7ca3bff3d,0.0047760070010554045,0.0476437425009776,0.3428069786379104,0.41582977771759033,0.20831061154603958,0.3367925435304641
residual_v2,50,slit_bridge,194,private-source://routeA_experiments/data/final_ood_frozen_v1/slit_bridge/sample_0194.npz,8488a62661fcd5432a193ca5c2bdaf1492f33731b7131ad3e367f5731ec70c37,0.00487408900517039,0.08197161890632171,0.9075146901888628,0.9383079782128334,0.452902190387249,0.8371755294501779
residual_v2,50,slit_bridge,195,private-source://routeA_experiments/data/final_ood_frozen_v1/slit_bridge/sample_0195.npz,7e1d374879fa5f6a96ebc3990a10958313440dc33a9ef060976f12e925232108,0.004767474019899964,0.040985187145854585,0.32576329346309696,0.49726754426956177,0.16846109181642532,0.40982631444931017
residual_v2,50,slit_bridge,196,private-source://routeA_experiments/data/final_ood_frozen_v1/slit_bridge/sample_0196.npz,d4848a4e772e741b625e10aec676527f984e3943b470a872754331769f8b94bb,0.004984678991604596,0.06699540779437108,0.7857327553317623,0.8873061090707779,0.3567584604024887,0.709705676138401
residual_v2,50,slit_bridge,197,private-source://routeA_experiments/data/final_ood_frozen_v1/slit_bridge/sample_0197.npz,2b37447cf0d376d2e2021ecf8d29a5d17437f6bb153943e0f306b31930209b3e,0.004767977981828153,0.08752900974683014,0.8526182042591771,0.9319132268428802,0.5419067833572626,0.8530155628919599
residual_v2,50,slit_bridge,198,private-source://routeA_experiments/data/final_ood_frozen_v1/slit_bridge/sample_0198.npz,8030be12303215e83fab9a6e2360c32b7958cadc693426ae4437ff9ce9a38d91,0.004783145996043459,0.05713051707075606,0.49640261835314725,0.5924590229988098,0.27129412442445755,0.5227400526404379
residual_v2,50,slit_bridge,199,private-source://routeA_experiments/data/final_ood_frozen_v1/slit_bridge/sample_0199.npz,cc6a52511cc16e98c96e4753d529c21a8e0ccbe95013bc0584ae491523d2bb83,0.004763180011650547,0.054450980904103,0.49288454273000704,0.6116062104701996,0.26136593520641327,0.5116722971200942
residual_v2,50,three_hole_asymmetric,0,private-source://routeA_experiments/data/final_ood_frozen_v1/three_hole_asymmetric/sample_0000.npz,76239d9d4cae31805b23350941f6924762ca8e0eb2de53f5e0014a3050004492,0.00488133099861443,0.05237085521373251,0.5526398740075438,0.689929872751236,0.2002152381464839,0.4942713037133214
residual_v2,50,three_hole_asymmetric,1,private-source://routeA_experiments/data/final_ood_frozen_v1/three_hole_asymmetric/sample_0001.npz,c8138e48b2b5450756ab6ea06ad8018a0f03fd49507fdf70f7602513883c6d79,0.004860430984990671,0.050470739320903964,0.9385075937805893,0.9413581490516663,0.22489691153168678,0.7043915569782255
residual_v2,50,three_hole_asymmetric,2,private-source://routeA_experiments/data/final_ood_frozen_v1/three_hole_asymmetric/sample_0002.npz,8415d3f4052cfa250de2e615b5f135c4cbc51665e9780ba0c740b7bc68b0b8d0,0.004869477997999638,0.05324278708923279,0.8099280923721444,0.8694182634353638,0.277325801551342,0.7013949498534201
residual_v2,50,three_hole_asymmetric,3,private-source://routeA_experiments/data/final_ood_frozen_v1/three_hole_asymmetric/sample_0003.npz,126883ed7a18270534e81fc020b354d6a09b3d0b37130be0a213f6e3fe3611cf,0.005048932012869045,0.06079287945579635,0.6719305976831014,0.7291610985994339,0.3204490393400192,0.6061348274350163
residual_v2,50,three_hole_asymmetric,4,private-source://routeA_experiments/data/final_ood_frozen_v1/three_hole_asymmetric/sample_0004.npz,73fddad29aef7a16eeabb39f9b70e218861d55037c0d2745430816f9076f8b8f,0.004864076996454969,0.0561767743219574,0.927608803874564,0.9441493898630142,0.2422570139169693,0.622043351829051
residual_v2,50,three_hole_asymmetric,5,private-source://routeA_experiments/data/final_ood_frozen_v1/three_hole_asymmetric/sample_0005.npz,0cce2a32a88505f1a40318561d466c31de7f2eb63e0449cf3df2f644c64a0108,0.0049599920166656375,0.05665101382869448,0.7789092009404878,0.8547245264053345,0.34086526185274124,0.7244518965482706
residual_v2,50,three_hole_asymmetric,6,private-source://routeA_experiments/data/final_ood_frozen_v1/three_hole_asymmetric/sample_0006.npz,05b9798f8cd5b5b832e909e747bb49397a06d4bc8291718bcb52ee39573eb619,0.005521800019778311,0.07142073719685699,0.9836319944582486,0.9855296760797501,0.3783615753054619,0.7836471561342474
residual_v2,50,three_hole_asymmetric,7,private-source://routeA_experiments/data/final_ood_frozen_v1/three_hole_asymmetric/sample_0007.npz,6ba61082fc82270f3f31ed8952fcbbd145b31d5361d264f2bd66a5366e0bc340,0.004972124996129423,0.054845704188057176,0.7620502467067021,0.8755666613578796,0.2519153356552124,0.6594075128436077
residual_v2,50,three_hole_asymmetric,8,private-source://routeA_experiments/data/final_ood_frozen_v1/three_hole_asymmetric/sample_0008.npz,853331caeb1b23865ccb78c9a2f431c6c5268c039e4b02388b3e7b2950cb9a7f,0.0055560480104759336,0.0586921934220827,0.6709494098304384,0.6782420873641968,0.2660310287028551,0.5431463785469531
residual_v2,50,three_hole_asymmetric,9,private-source://routeA_experiments/data/final_ood_frozen_v1/three_hole_asymmetric/sample_0009.npz,9970adef6a8aee3680702738f4b4535ec99d53fd695e57178ef1d947c3890f8c,0.0049553200078662485,0.06349726316895621,0.744363262626773,0.7708059400320053,0.3025011233985424,0.5669478055089706
residual_v2,50,three_hole_asymmetric,10,private-source://routeA_experiments/data/final_ood_frozen_v1/three_hole_asymmetric/sample_0010.npz,ca5bef464b218ce33227b66ed886a6d671ca7ebab5b66b551b37435087ee4d86,0.005400327005190775,0.060221221539912814,0.7660692633892338,0.8116180896759033,0.3025658782571554,0.6901283293962476
residual_v2,50,three_hole_asymmetric,11,private-source://routeA_experiments/data/final_ood_frozen_v1/three_hole_asymmetric/sample_0011.npz,ed6e65591f32cddee3a621d0a802c4d3ce1e222eac7e0ad7a6d66916367e9015,0.005127538985107094,0.05756780582607447,0.899981280513536,0.9096380174160004,0.2510000914335251,0.7089175127446645
residual_v2,50,three_hole_asymmetric,12,private-source://routeA_experiments/data/final_ood_frozen_v1/three_hole_asymmetric/sample_0012.npz,81ff39c1f360e63cd187c00763f0e47af4b7b964b23c0036bbcc2118bcfa7335,0.00536489300429821,0.0597581058557166,0.7374924561852484,0.77497448772192,0.28651853278279305,0.6370501287281506
residual_v2,50,three_hole_asymmetric,13,private-source://routeA_experiments/data/final_ood_frozen_v1/three_hole_asymmetric/sample_0013.npz,7b336e409d0b1be61aa8152652f7727a997afad669670d5dbedef898f8385d62,0.004865716997301206,0.05240513728305033,0.6912203069133942,0.7704302966594696,0.20636524795554578,0.5449676252901554
residual_v2,50,three_hole_asymmetric,14,private-source://routeA_experiments/data/final_ood_frozen_v1/three_hole_asymmetric/sample_0014.npz,14b2727426b78377e48754867160238048d5c11e6a60c8244c17e2f5d349c674,0.00498058702214621,0.046018591845888315,0.5349013968203202,0.5855081379413605,0.17231936054304242,0.46122309267520906
residual_v2,50,three_hole_asymmetric,15,private-source://routeA_experiments/data/final_ood_frozen_v1/three_hole_asymmetric/sample_0015.npz,f1f557f0e4338c64350ec1c2218ae556b5ee258eeeb85ed87e15e06d69e7949f,0.00628546200459823,0.05384341054685522,0.8333403118431547,0.7858332544565201,0.22635320201516151,0.5703184992074966
residual_v2,50,three_hole_asymmetric,16,private-source://routeA_experiments/data/final_ood_frozen_v1/three_hole_asymmetric/sample_0016.npz,e72396fee8a43a2b8ddefe735291ca8705c65690b680b4a18f84ae974e873213,0.005250613990938291,0.06605725570963081,0.9169526026203477,0.9334067702293396,0.3150889202952385,0.7158922612667078
residual_v2,50,three_hole_asymmetric,17,private-source://routeA_experiments/data/final_ood_frozen_v1/three_hole_asymmetric/sample_0017.npz,e985edd4b5fd67f0812b23ba168c67faea3aeed38dc497bd3554f7bd6760ce23,0.005686138989403844,0.0532670170935739,0.7829311085639116,0.7584006786346436,0.24125861003994942,0.6221570350229734
residual_v2,50,three_hole_asymmetric,18,private-source://routeA_experiments/data/final_ood_frozen_v1/three_hole_asymmetric/sample_0018.npz,822a1ae4756152a1ca58caa1ec6d5f81a08654b749358283fdc1e93ee4e96c05,0.0050721640000119805,0.04555493282508497,0.45481843961790924,0.6430913209915161,0.20238038152456284,0.3791528522968291
residual_v2,50,three_hole_asymmetric,19,private-source://routeA_experiments/data/final_ood_frozen_v1/three_hole_asymmetric/sample_0019.npz,930b0ac62993246d762ab2fade330a6323a28dfa631309dcd025ccc1955464d2,0.005345683981431648,0.05210120142763767,0.662372544192248,0.6738856732845306,0.27024981752038,0.5139809638261795
residual_v2,50,three_hole_asymmetric,20,private-source://routeA_experiments/data/final_ood_frozen_v1/three_hole_asymmetric/sample_0020.npz,ebe95ab8adce4e5f03a8c032f3f82d5b37362c40745ec8db423913bbcdbc36cc,0.004972648021066561,0.05126705683779444,0.7827903292186369,0.7716034203767776,0.21800031512975693,0.5971750363707539
residual_v2,50,three_hole_asymmetric,21,private-source://routeA_experiments/data/final_ood_frozen_v1/three_hole_asymmetric/sample_0021.npz,54558d7be0dcfa75da26d4b23bc274c3c188b6521dea1d6a7af66329fa9f8251,0.005297237978084013,0.05013782776357397,0.5431902336805369,0.7097560167312622,0.2587769478559494,0.4851433604955673
residual_v2,50,three_hole_asymmetric,22,private-source://routeA_experiments/data/final_ood_frozen_v1/three_hole_asymmetric/sample_0022.npz,6bdc3c8942ace2076e15642c82251ef4fb1abdcb025262d5cbf4bf8159949c89,0.005292945977998897,0.05914879543604676,0.8872764744238918,0.8729893565177917,0.302308933227323,0.7206648617982846
residual_v2,50,three_hole_asymmetric,23,private-source://routeA_experiments/data/final_ood_frozen_v1/three_hole_asymmetric/sample_0023.npz,fb7b07378547ca5def525e00c556fd80770b515ccf896b8db2c472e26a09e5de,0.005446152004878968,0.0528073457828104,1.0813772429319688,0.9567034095525742,0.19673571398016065,0.597316201403737
residual_v2,50,three_hole_asymmetric,24,private-source://routeA_experiments/data/final_ood_frozen_v1/three_hole_asymmetric/sample_0024.npz,2db1bdfbff80836e6a8d01f12b7e3e3ccb933bc7fa29a6c580e28e0a5d564196,0.00528575899079442,0.06115820100899378,0.6676173236173799,0.7547381967306137,0.2957218326628208,0.614281392097473
residual_v2,50,three_hole_asymmetric,25,private-source://routeA_experiments/data/final_ood_frozen_v1/three_hole_asymmetric/sample_0025.npz,d3dd37382fca909602f329cf5ca0868fdf4906bc68d239b517c7b63904d4d71e,0.004825727985007688,0.07093187344926177,0.8170565150459894,0.8286983221769333,0.3055719770491123,0.7327200204133982
residual_v2,50,three_hole_asymmetric,26,private-source://routeA_experiments/data/final_ood_frozen_v1/three_hole_asymmetric/sample_0026.npz,ab2b827142dff4076d7ccc83b71215ae118cd4367f57c2e1f1a596a261244546,0.005258094024611637,0.06515713911774866,0.7093891386271359,0.7821979075670242,0.3577611446380615,0.6001512318849556
residual_v2,50,three_hole_asymmetric,27,private-source://routeA_experiments/data/final_ood_frozen_v1/three_hole_asymmetric/sample_0027.npz,502e0384dcc52c88b8d7686ef96396b3cb52f6aaceef7f024eb2b099d1a4007a,0.004878338018897921,0.05399442246937466,1.060792862276874,0.9619001299142838,0.19209953988320194,0.768656044639646
residual_v2,50,three_hole_asymmetric,28,private-source://routeA_experiments/data/final_ood_frozen_v1/three_hole_asymmetric/sample_0028.npz,9350fce83bcaffdab0c4c8e8d9620ad9255df6368a78acb778f31f6d4d74c766,0.005263050989015028,0.060721251076173446,0.9422286822276993,0.884310781955719,0.3153217867948115,0.6689451072365044
residual_v2,50,three_hole_asymmetric,29,private-source://routeA_experiments/data/final_ood_frozen_v1/three_hole_asymmetric/sample_0029.npz,f5870c4d60ab26a07f238eaa0997f6136bebb56604eb5c97e4b9a2fda2f9dc4e,0.0055115799768827856,0.04751055061150311,0.38572111190443004,0.602247565984726,0.16104261577129364,0.4339540183544154
residual_v2,50,three_hole_asymmetric,30,private-source://routeA_experiments/data/final_ood_frozen_v1/three_hole_asymmetric/sample_0030.npz,6fd7dea4e1eb48c71994c0c450b08928f5ea2504ed659d879044b9b6c1644f3b,0.004996913019567728,0.04450952817526597,0.8998809386879398,0.9110927879810333,0.17156513780355453,0.6622983284294602
residual_v2,50,three_hole_asymmetric,31,private-source://routeA_experiments/data/final_ood_frozen_v1/three_hole_asymmetric/sample_0031.npz,4ba2ed02c426f61c1986b2240ee86afd7314ebbbe8b539e56f9600ba0cbbc1d6,0.005409476987551898,0.06095623812947784,0.9619878628037574,0.9868113249540329,0.3263360783457756,0.7152124792337415
residual_v2,50,three_hole_asymmetric,32,private-source://routeA_experiments/data/final_ood_frozen_v1/three_hole_asymmetric/sample_0032.npz,19561acd47d971095affbf1d7482c2543969e7efe2e017cce9662594c2409591,0.005011739005567506,0.06145682999329496,0.8192914777070601,0.869486540555954,0.28063344955444336,0.5682546809315681
residual_v2,50,three_hole_asymmetric,33,private-source://routeA_experiments/data/final_ood_frozen_v1/three_hole_asymmetric/sample_0033.npz,299a816b59d1641a415a05ef717681b17573aad62ca3c0dc9711e90793f0d5b1,0.004867226991336793,0.06441472728200101,0.9745425624731568,0.9645989239215851,0.34783999621868134,0.7538640096783631
residual_v2,50,three_hole_asymmetric,34,private-source://routeA_experiments/data/final_ood_frozen_v1/three_hole_asymmetric/sample_0034.npz,d9c1345372b974ce89c979d52478ef6d491162f017535e9466a777f808423d7d,0.004943431995343417,0.06391987032125984,0.8416817940686467,0.823051929473877,0.3876896668225527,0.6982289128005502
residual_v2,50,three_hole_asymmetric,35,private-source://routeA_experiments/data/final_ood_frozen_v1/three_hole_asymmetric/sample_0035.npz,bbc5468f3342befdbe4e2f23d133af48d348c7ec0465af4103305de397fa0309,0.005599484982667491,0.055662953437393484,0.7131928502735453,0.7022785246372223,0.3353840671479702,0.6293894752860069
residual_v2,50,three_hole_asymmetric,36,private-source://routeA_experiments/data/final_ood_frozen_v1/three_hole_asymmetric/sample_0036.npz,f42f3b5b47bedfb758af7282d3853313d2f8cd91228aa5ad8456fe5f4ab773e7,0.004869853000855073,0.060521599595631415,0.6133992837942481,0.7106627523899078,0.37685231678187847,0.5877315819263453
residual_v2,50,three_hole_asymmetric,37,private-source://routeA_experiments/data/final_ood_frozen_v1/three_hole_asymmetric/sample_0037.npz,70b02216f9922d40a0913ae98c1656101a148ee3d0036600db73f132e9e21930,0.004944198008161038,0.06717355332475218,0.8214771971150201,0.9271561205387115,0.34351552464067936,0.6975106038153169
residual_v2,50,three_hole_asymmetric,38,private-source://routeA_experiments/data/final_ood_frozen_v1/three_hole_asymmetric/sample_0038.npz,fa7d466e58601cc7ae42f28b80b74fe105c87c60ec45af33a67b9404e69917f3,0.00482837698655203,0.04293862766410279,0.48066908363874467,0.6177314221858978,0.22732237726449966,0.512646000087261
residual_v2,50,three_hole_asymmetric,39,private-source://routeA_experiments/data/final_ood_frozen_v1/three_hole_asymmetric/sample_0039.npz,6729ed9a2fcaa8077240d781da78727ef103709fb74147547087f09e654d3eeb,0.004942717001540586,0.05272988247877726,0.677565981642562,0.7575372755527496,0.30985870584845543,0.6081698149442671
residual_v2,50,three_hole_asymmetric,40,private-source://routeA_experiments/data/final_ood_frozen_v1/three_hole_asymmetric/sample_0040.npz,4dc1b2b4a3bf9267ac51874c458885168a31fd1142276944c4d12ad9b44e5100,0.0054784730018582195,0.05999433723206526,0.8814794713975814,0.8611580431461334,0.32283682748675346,0.7464281283318993
residual_v2,50,three_hole_asymmetric,41,private-source://routeA_experiments/data/final_ood_frozen_v1/three_hole_asymmetric/sample_0041.npz,1b3c5a766f7f80111c7c5b2d1e785760caa4ac76416598c810f62f378e2dbb64,0.005054174020187929,0.06649592657446289,0.8856510767408253,0.892655685544014,0.29947496950626373,0.6985363602638238
residual_v2,50,three_hole_asymmetric,42,private-source://routeA_experiments/data/final_ood_frozen_v1/three_hole_asymmetric/sample_0042.npz,71baba454d946efdf1ed77d43d057be7b5cb937b31204d3f9a34e5b759e1f944,0.0052956050203647465,0.04339033659838346,0.4375591814840204,0.4784752279520035,0.21304912865161896,0.353899687156081
residual_v2,50,three_hole_asymmetric,43,private-source://routeA_experiments/data/final_ood_frozen_v1/three_hole_asymmetric/sample_0043.npz,2ede2163e09a9b392d4845b6523de16898b67b651acecab632146f022bcfc1f4,0.005079691007267684,0.05047303663449948,0.6069182995096817,0.6838059425354004,0.22398275882005692,0.4580059349536896
residual_v2,50,three_hole_asymmetric,44,private-source://routeA_experiments/data/final_ood_frozen_v1/three_hole_asymmetric/sample_0044.npz,752790623dc514ac3a960bd67bd0cc3d73c861a4598060b92da04b2669e579d1,0.00507021599332802,0.05547822463402772,1.0441358920273485,0.9840367436408997,0.20507686618657317,0.6678570780903097
residual_v2,50,three_hole_asymmetric,45,private-source://routeA_experiments/data/final_ood_frozen_v1/three_hole_asymmetric/sample_0045.npz,f93c887a4af2aa5861e233d5e8c99ba90ed0d24be1f48007e736b60f2d82baa0,0.0050550099986139685,0.03481551670347269,0.7219580230680025,0.8128268718719482,0.14460834860801697,0.5534247681498524
residual_v2,50,three_hole_asymmetric,46,private-source://routeA_experiments/data/final_ood_frozen_v1/three_hole_asymmetric/sample_0046.npz,7d5d9a6e64d8ae8a1e9c7319dfb573f33de06eedee213c902c4b6812faa42d0f,0.005125323979882523,0.057534612048592365,0.961834844418529,0.9193851500749588,0.2173746805638075,0.7410690251737817
residual_v2,50,three_hole_asymmetric,47,private-source://routeA_experiments/data/final_ood_frozen_v1/three_hole_asymmetric/sample_0047.npz,95e07fc5463827a0ac7d058d0e1aeb9765b781fcc9901e3615d3cde6d0c42f72,0.004917851008940488,0.0642922371765485,0.6122395075796456,0.7551722228527069,0.30650369822978973,0.5131233200430869
residual_v2,50,three_hole_asymmetric,48,private-source://routeA_experiments/data/final_ood_frozen_v1/three_hole_asymmetric/sample_0048.npz,741a820e5ca03d114c8d4ed90e51db19c9ac4733b4f826ec2ddcc36cdcac9b62,0.004843077011173591,0.051063913943073,0.4575450044495302,0.4888889789581299,0.24976571649312973,0.4181252896785735
residual_v2,50,three_hole_asymmetric,49,private-source://routeA_experiments/data/final_ood_frozen_v1/three_hole_asymmetric/sample_0049.npz,9317a9055bfd4093fea4ae0bf2d7e1d3d9c8669629d159a06ce9f1c11ad7714e,0.005706874013412744,0.05870261200422098,0.7895377664056612,0.7495301365852356,0.31730702659115195,0.5233475103974341
residual_v2,50,three_hole_asymmetric,50,private-source://routeA_experiments/data/final_ood_frozen_v1/three_hole_asymmetric/sample_0050.npz,88a36cb1ba6df1b25c02998dd5f645924a13a886bbdfd8571e6f74a10d39880a,0.0049288320005871356,0.05572146001160596,0.881934954526251,0.9064339622855186,0.24730310961604118,0.7499336704611778
residual_v2,50,three_hole_asymmetric,51,private-source://routeA_experiments/data/final_ood_frozen_v1/three_hole_asymmetric/sample_0051.npz,4d85c5da827c71859348f936a1bae9663c3aa6086f7d0a08035af48235a64ac0,0.005070885003078729,0.05515988027376137,0.894197338076256,0.8716352060437202,0.24528104811906815,0.704522582143545
residual_v2,50,three_hole_asymmetric,52,private-source://routeA_experiments/data/final_ood_frozen_v1/three_hole_asymmetric/sample_0052.npz,89347f4a5c2576ca481b684f9f7a77f38b7ae53c4ffdc77eeb307666b58e7af9,0.00534092599991709,0.06682790466160955,0.9383110743407487,0.9672432541847229,0.36537550389766693,0.7778863936662668
residual_v2,50,three_hole_asymmetric,53,private-source://routeA_experiments/data/final_ood_frozen_v1/three_hole_asymmetric/sample_0053.npz,68b58c6932346fa5b469420b06037edb861502f1184f5455c6a69240285d7df0,0.005428862990811467,0.05623674430248407,0.7547655571121153,0.8219545483589172,0.28770504519343376,0.7155188024044027
residual_v2,50,three_hole_asymmetric,54,private-source://routeA_experiments/data/final_ood_frozen_v1/three_hole_asymmetric/sample_0054.npz,8a3d74a7607b5928b4762b9ca74c6b9275b177ed92746be0574f4816d05444cd,0.005097104993183166,0.06423169229844121,0.9672711409618576,0.9848725944757462,0.3203420478384942,0.784967870265245
residual_v2,50,three_hole_asymmetric,55,private-source://routeA_experiments/data/final_ood_frozen_v1/three_hole_asymmetric/sample_0055.npz,35e8e631f17a95d6289143b7bc8633f62ae4fcbfedd60929228f07fdfb4340db,0.0053569589799735695,0.05715699281870862,0.9431699369942829,0.9737478271126747,0.2693402096629143,0.7414196470752352
residual_v2,50,three_hole_asymmetric,56,private-source://routeA_experiments/data/final_ood_frozen_v1/three_hole_asymmetric/sample_0056.npz,445a3665a73f0ceaa2ced3d30b7da490d69d77b0d8a04d8eeb849db3eed04dd1,0.004862414003582671,0.047861029805536914,0.7343281219678103,0.8074535131454468,0.2688421756029129,0.6051846787333486
residual_v2,50,three_hole_asymmetric,57,private-source://routeA_experiments/data/final_ood_frozen_v1/three_hole_asymmetric/sample_0057.npz,e6cd4f4e82b85801bd6e1f55cd798f136d06cef8b5699b3b132aae856fc4f8c6,0.005262421007500961,0.06466268897504826,0.8091223503479624,0.8787029832601547,0.3244571443647146,0.7576094068586812
residual_v2,50,three_hole_asymmetric,58,private-source://routeA_experiments/data/final_ood_frozen_v1/three_hole_asymmetric/sample_0058.npz,cd8c02f16d5cb5b76ccf7d1ec24d90c99eadd3a3beb517f14abd993c4185db88,0.005034322006395087,0.05690061040906367,0.5887432313619835,0.7001911699771881,0.2566760815680027,0.4978719748556613
residual_v2,50,three_hole_asymmetric,59,private-source://routeA_experiments/data/final_ood_frozen_v1/three_hole_asymmetric/sample_0059.npz,8b2f19de3b7d84f2e94fee0e2534974e7bb4e568d67f3a1c9928750c5d681d54,0.005269680987112224,0.05019230284961954,0.43947503010941213,0.5109935998916626,0.21622048132121563,0.3572542920708655
residual_v2,50,three_hole_asymmetric,60,private-source://routeA_experiments/data/final_ood_frozen_v1/three_hole_asymmetric/sample_0060.npz,9a762eaafc0ad4943d42da4f1c2f1324b21b6ee9e3faaf6bd0e21961c2c74f37,0.004968791006831452,0.06921460793464707,0.9626663158856792,0.9545106291770935,0.32849588262615725,0.7718626327812672
residual_v2,50,three_hole_asymmetric,61,private-source://routeA_experiments/data/final_ood_frozen_v1/three_hole_asymmetric/sample_0061.npz,f363192d56ff237222c6af805a0435cdace76f73899372ae7a684b627192c2cf,0.005281933001242578,0.04181080745261433,0.6402248531745738,0.7301857471466064,0.2710634171962738,0.5919880598783486
residual_v2,50,three_hole_asymmetric,62,private-source://routeA_experiments/data/final_ood_frozen_v1/three_hole_asymmetric/sample_0062.npz,2f26a4605d7e2c878f5be76227c29d3c349d949c85a3fd078ad080cee6cfff90,0.005309959989972413,0.05968525293853483,0.7063050596675609,0.7694677114486694,0.3162115775048733,0.5915621541440486
residual_v2,50,three_hole_asymmetric,63,private-source://routeA_experiments/data/final_ood_frozen_v1/three_hole_asymmetric/sample_0063.npz,17c7bdafaf1ee584c9e013fbb7431229a839fea3282cdae21417ce64c07803f3,0.005153439997229725,0.05302183128056697,0.5750589450524781,0.6282507479190826,0.2300492227077484,0.5437453746795647
residual_v2,50,three_hole_asymmetric,64,private-source://routeA_experiments/data/final_ood_frozen_v1/three_hole_asymmetric/sample_0064.npz,793cbf94a8f0ee09dd55e7baf6508b26cc685f59f0c6758686e2412286c50e95,0.005326087004505098,0.05473019143541163,0.49177679960560505,0.5275439023971558,0.2794100120663643,0.40490911751985537
residual_v2,50,three_hole_asymmetric,65,private-source://routeA_experiments/data/final_ood_frozen_v1/three_hole_asymmetric/sample_0065.npz,1a010370114984ac96012fd00665935431ad026ab4d7339462e9ede18dcde1d9,0.005079499998828396,0.060515628551797436,0.8645530192225579,0.9021279066801071,0.29873447120189667,0.6615086771547791
residual_v2,50,three_hole_asymmetric,66,private-source://routeA_experiments/data/final_ood_frozen_v1/three_hole_asymmetric/sample_0066.npz,b4fb5ef8fe25b228082cf73d25bf64834fc6a386885f1003e912cc5461f36d56,0.005489949980983511,0.06332491007346686,0.9681554339139233,0.9632371068000793,0.35468996316194534,0.8091529279947277
residual_v2,50,three_hole_asymmetric,67,private-source://routeA_experiments/data/final_ood_frozen_v1/three_hole_asymmetric/sample_0067.npz,9966203f8926dbc05a509af06ae061895e57e0716bd5f4d7fbf1f94ef0a45954,0.005138230015290901,0.0544716219650224,0.7866017468693173,0.8434587717056274,0.2819502055644989,0.6222633019089698
residual_v2,50,three_hole_asymmetric,68,private-source://routeA_experiments/data/final_ood_frozen_v1/three_hole_asymmetric/sample_0068.npz,3441c1ef60f7fd85c99941996ff1e1187f19859561c6ad1e959ad510a070dfcb,0.005531522008823231,0.06987669955871156,0.9340506414632298,0.8884686976671219,0.3732135444879532,0.7763620942831035
residual_v2,50,three_hole_asymmetric,69,private-source://routeA_experiments/data/final_ood_frozen_v1/three_hole_asymmetric/sample_0069.npz,957b4c4b2aca791503277fca2b6d349af9cb542bc497b1dfb5a2641ef5e16b1e,0.00511486001778394,0.06888669312246039,0.8830384712323416,0.9386831298470497,0.36312515614554286,0.7579347707331178
residual_v2,50,three_hole_asymmetric,70,private-source://routeA_experiments/data/final_ood_frozen_v1/three_hole_asymmetric/sample_0070.npz,bf042f87f987b456925f37ee22c985a855b18b686770e5b97a394d3c0c2acbe6,0.005143870017491281,0.06521711283048173,0.9124291332023093,0.9443197250366211,0.4030863996595144,0.7341599103063343
residual_v2,50,three_hole_asymmetric,71,private-source://routeA_experiments/data/final_ood_frozen_v1/three_hole_asymmetric/sample_0071.npz,d8ecc3806b2dd2950185d128052672533a7ecff47ea474de8708ce8b3e391105,0.004906910995487124,0.03091721530345672,0.6306690972599984,0.7394696772098541,0.11163375526666641,0.49988142400979907
residual_v2,50,three_hole_asymmetric,72,private-source://routeA_experiments/data/final_ood_frozen_v1/three_hole_asymmetric/sample_0072.npz,6fb1d638377a02897f21ad9678d3a93e1ed734ef1ade5a6f69a1c16b0d92646b,0.005027715000323951,0.054101216514150896,0.9940726119645478,1.0117299407720566,0.2311076745390892,0.7247248694300648
residual_v2,50,three_hole_asymmetric,73,private-source://routeA_experiments/data/final_ood_frozen_v1/three_hole_asymmetric/sample_0073.npz,aa1f55a954bf5a5a2a0fc55c80c60d0c6c3bcfed40697329e85d1f1150b3beb1,0.0049416459805797786,0.05958055262452545,0.859269522445012,0.8606363236904144,0.2950297221541405,0.6995291247963891
residual_v2,50,three_hole_asymmetric,74,private-source://routeA_experiments/data/final_ood_frozen_v1/three_hole_asymmetric/sample_0074.npz,7efa7bbcf05970d90ea88b07b297960e2591bdf9454367d39202dd0eea0baf1c,0.005006814986700192,0.050248576403514,0.9050337266308808,0.9300374686717987,0.22949038073420525,0.710336728394031
residual_v2,50,three_hole_asymmetric,75,private-source://routeA_experiments/data/final_ood_frozen_v1/three_hole_asymmetric/sample_0075.npz,797d1d48df61dcc794ea9c42bd7cbe3fb5904ac3207e4c22d07fd98d6cba6889,0.005267689004540443,0.06423842057583916,0.7501070968424006,0.781827986240387,0.32410475239157677,0.6779252186417574
residual_v2,50,three_hole_asymmetric,76,private-source://routeA_experiments/data/final_ood_frozen_v1/three_hole_asymmetric/sample_0076.npz,ed8628f781c6e4e0f944c54b129e12897361e0950bc2b545bb2c4111835b1aa3,0.005608175997622311,0.06145593329537767,0.9624636019646533,0.9485640674829483,0.2733482401818037,0.6623750269412988
residual_v2,50,three_hole_asymmetric,77,private-source://routeA_experiments/data/final_ood_frozen_v1/three_hole_asymmetric/sample_0077.npz,e1e3d0aa07a5e03fbc7d7cd2e5822d6d019cc78a74b2a133771301fca0c23ab6,0.0052839890122413635,0.06414598522745595,0.630762555137923,0.6850278377532959,0.32329052686691284,0.5796798661351202
residual_v2,50,three_hole_asymmetric,78,private-source://routeA_experiments/data/final_ood_frozen_v1/three_hole_asymmetric/sample_0078.npz,b8c9c9f9a9d7c2106857e098ccf52a7ed33b76dda547cbe28fa76263b27cde39,0.005687174008926377,0.06620845881891589,0.8137523321869676,0.9144977182149887,0.3240576609969139,0.6771988309919825
residual_v2,50,three_hole_asymmetric,79,private-source://routeA_experiments/data/final_ood_frozen_v1/three_hole_asymmetric/sample_0079.npz,6600329ca06c105c508bd49db109ca5aa0861398ccd222389fac3dd5f02b058c,0.005562278005527332,0.057025953483045906,0.9389449895439214,0.896565854549408,0.2160706535942154,0.6617952622473224
residual_v2,50,three_hole_asymmetric,80,private-source://routeA_experiments/data/final_ood_frozen_v1/three_hole_asymmetric/sample_0080.npz,ffbc158abeb51a4eb3928201634706c040d340dabbe33426cdc7b7127fe13543,0.0057012840115930885,0.04320115708977252,0.6830593282621147,0.717115968465805,0.2309244442731142,0.553214112669229
residual_v2,50,three_hole_asymmetric,81,private-source://routeA_experiments/data/final_ood_frozen_v1/three_hole_asymmetric/sample_0081.npz,a87e60b7c7797fddf37237be730cdc9809205a80b44cb6b2262de1a6d7645693,0.004921154002659023,0.06524764046241885,0.8701921074437059,0.8565293550491333,0.274537805467844,0.6509482383728027
residual_v2,50,three_hole_asymmetric,82,private-source://routeA_experiments/data/final_ood_frozen_v1/three_hole_asymmetric/sample_0082.npz,067daeb253b7553c2df8a4b49429eea3aa5169264dc4c11e08a931320e7ddff4,0.0049455139960628,0.04503940662040641,0.6521972720930154,0.7044650614261627,0.26879047602415085,0.5883891046047209
residual_v2,50,three_hole_asymmetric,83,private-source://routeA_experiments/data/final_ood_frozen_v1/three_hole_asymmetric/sample_0083.npz,f1d60eebc050728f5777b4668048e76d34dee796f6835ce90e1158999fa44fd4,0.005485637026140466,0.05919337531374415,0.9345555362411715,0.9609815627336502,0.2621423006057739,0.7539040885865685
residual_v2,50,three_hole_asymmetric,84,private-source://routeA_experiments/data/final_ood_frozen_v1/three_hole_asymmetric/sample_0084.npz,412d7cf0b8e7473beabae2d73d6f51672f2e2290c5eb4f6594fefd3da8d64992,0.00501421102671884,0.06170072629379294,0.6966327219509562,0.7838655561208725,0.28858016431331635,0.6275272823870173
residual_v2,50,three_hole_asymmetric,85,private-source://routeA_experiments/data/final_ood_frozen_v1/three_hole_asymmetric/sample_0085.npz,254ac982dfb840962b732a7f58d26007ad7175788b3d22740ac1a0de93037713,0.00511142800678499,0.04058495789284882,0.4967431820600961,0.6091215014457703,0.23662054538726807,0.4467388585209846
residual_v2,50,three_hole_asymmetric,86,private-source://routeA_experiments/data/final_ood_frozen_v1/three_hole_asymmetric/sample_0086.npz,c521fb24ed492b9981db7f659459473625677c7b0d7e4c9095384fc6551b4657,0.005376174987759441,0.05205066578893522,0.9881130233164221,0.8776696771383286,0.20343987562227994,0.5965704366564746
residual_v2,50,three_hole_asymmetric,87,private-source://routeA_experiments/data/final_ood_frozen_v1/three_hole_asymmetric/sample_0087.npz,7946973bee1306c79f4c36bb2e32fb4b5c210f4c5eee0944367ba30e9fdd9e31,0.00494633597554639,0.04804482746555346,0.6818087731829371,0.726685106754303,0.2221076861023903,0.5851897433400151
residual_v2,50,three_hole_asymmetric,88,private-source://routeA_experiments/data/final_ood_frozen_v1/three_hole_asymmetric/sample_0088.npz,11f5514ff6bbacbe263aded7875193bf5aad8a00011357f6c74f2f464c5b23a1,0.005324632016709074,0.05034990558171411,0.4799966491934704,0.4704563319683075,0.2220177329145372,0.3853929504752158
residual_v2,50,three_hole_asymmetric,89,private-source://routeA_experiments/data/final_ood_frozen_v1/three_hole_asymmetric/sample_0089.npz,a61b51e0b645bb67e96064efeeb018bd2d7b048c8350145b4efca94cd3cced4a,0.004954792995704338,0.05729352452984811,0.5819656652029672,0.6176309585571289,0.2957319878041744,0.546476014703512
residual_v2,50,three_hole_asymmetric,90,private-source://routeA_experiments/data/final_ood_frozen_v1/three_hole_asymmetric/sample_0090.npz,f238f1b73bfe633977814f4ee8efd7678f1da09cdadc96667ab86b42fd9c84b8,0.00536151000414975,0.0687070776022564,0.9539598905837797,0.9421769753098488,0.3069394277408719,0.7517618052661418
residual_v2,50,three_hole_asymmetric,91,private-source://routeA_experiments/data/final_ood_frozen_v1/three_hole_asymmetric/sample_0091.npz,908dee8055af09e682db2290282512110ad8b8134b5a3c698b0b1e27d1298733,0.004926605004584417,0.055901722545977826,0.7466135711956057,0.7975669503211975,0.3442418649792671,0.7045202970504748
residual_v2,50,three_hole_asymmetric,92,private-source://routeA_experiments/data/final_ood_frozen_v1/three_hole_asymmetric/sample_0092.npz,235f3d7bb93d6ff69897dc532f9c0175c97fc98f43fc1a6c18061f36b3b6c3ef,0.005301380006130785,0.05975929302136569,0.6693592450289971,0.7612100839614868,0.36611507833004,0.6454646557569498
residual_v2,50,three_hole_asymmetric,93,private-source://routeA_experiments/data/final_ood_frozen_v1/three_hole_asymmetric/sample_0093.npz,a7d0da11a92287a27a4a6c11ca702f3f2f17ff721a0f0279d690f8abf94252be,0.00494544900720939,0.04350875780588578,0.6001659785379607,0.685733288526535,0.23227757215499878,0.5279056265950198
residual_v2,50,three_hole_asymmetric,94,private-source://routeA_experiments/data/final_ood_frozen_v1/three_hole_asymmetric/sample_0094.npz,d0aa584876f99691aeeb8026d5ead955e7cc17621019a851ef37a13edaf58971,0.005323363991919905,0.07012569457172464,0.8830221215312942,0.9358162879943848,0.3502158261835575,0.7184916764497756
residual_v2,50,three_hole_asymmetric,95,private-source://routeA_experiments/data/final_ood_frozen_v1/three_hole_asymmetric/sample_0095.npz,d203d6745345a12b29597ac2d26caea89ab17bb23083688666fb462296530e05,0.004911422991426662,0.04954187127849026,0.6325092174339045,0.6722635626792908,0.21528122201561928,0.5486714184284209
residual_v2,50,three_hole_asymmetric,96,private-source://routeA_experiments/data/final_ood_frozen_v1/three_hole_asymmetric/sample_0096.npz,78f0808d535501b8d16b5386431081df41fe126d96ffeb5bfc34b71693bd5714,0.004887744988081977,0.06177719297247653,0.9042154679665668,0.8580202013254166,0.28129044035449624,0.6570494651794417
residual_v2,50,three_hole_asymmetric,97,private-source://routeA_experiments/data/final_ood_frozen_v1/three_hole_asymmetric/sample_0097.npz,a19b074a2ef168ce2028edf5abd4394ddadac3e42eb7badae29852dcd87b8c01,0.004947068984620273,0.06548578030234282,0.9116463753862903,0.9602055847644806,0.35972950980067253,0.7986656624823796
residual_v2,50,three_hole_asymmetric,98,private-source://routeA_experiments/data/final_ood_frozen_v1/three_hole_asymmetric/sample_0098.npz,e628a052cb301d1ccddc36abc3e756605d05d755311cc580cb8638d0283e8a28,0.004892174998531118,0.05287830871657814,0.8172682995810999,0.8885587751865387,0.2863757647573948,0.6789081573486327
residual_v2,50,three_hole_asymmetric,99,private-source://routeA_experiments/data/final_ood_frozen_v1/three_hole_asymmetric/sample_0099.npz,c4c58ccc92851ab150fbcfb7929b45da22b8f4be00f48239dbac5a4033fb8247,0.005022825003834441,0.052289958639264694,0.7604268761419214,0.8098521381616592,0.28189021348953247,0.6829147234559044
residual_v2,50,three_hole_asymmetric,100,private-source://routeA_experiments/data/final_ood_frozen_v1/three_hole_asymmetric/sample_0100.npz,7735aa807c0bade0596ab7163387935e7d8a6420ea91ac0b71468f037f55c595,0.0048875369830057025,0.0502241000789795,0.4861479304007376,0.6696847975254059,0.22373194992542267,0.45218109339475604
residual_v2,50,three_hole_asymmetric,101,private-source://routeA_experiments/data/final_ood_frozen_v1/three_hole_asymmetric/sample_0101.npz,50903f9da861e8e4b8d2ee84d0c4eea498c76f1b91f5cc6b26cca7661f51f13b,0.00500156098860316,0.06757924868576784,0.9518335280741255,0.9159468859434128,0.28685721475631,0.7434758581221101
residual_v2,50,three_hole_asymmetric,102,private-source://routeA_experiments/data/final_ood_frozen_v1/three_hole_asymmetric/sample_0102.npz,393185e3a3667ce8030757bd68d94410eee1772700c16b445a0af74c993e2d3e,0.005019945005187765,0.06369893757261945,0.973702222280627,0.9353214725852013,0.25170062988763675,0.7100117061287163
residual_v2,50,three_hole_asymmetric,103,private-source://routeA_experiments/data/final_ood_frozen_v1/three_hole_asymmetric/sample_0103.npz,d8e3e01787f23ef6a1dabb9edf23da79e0637aeb7fd538143355fccbedc02bc1,0.004858870001044124,0.06083672058018068,0.556594122532188,0.6302143037319183,0.29330732487142086,0.4988231807947158
residual_v2,50,three_hole_asymmetric,104,private-source://routeA_experiments/data/final_ood_frozen_v1/three_hole_asymmetric/sample_0104.npz,d6cc18e29b7582dec1b5602f9fa8218e7d40d0e0ed08552c1d6acc779fc36a17,0.0053493500163313,0.05227876819412256,0.8775689041496393,0.8414217233657837,0.2726437356323004,0.7432197246700525
residual_v2,50,three_hole_asymmetric,105,private-source://routeA_experiments/data/final_ood_frozen_v1/three_hole_asymmetric/sample_0105.npz,35bd0c998f7436861f71be50f8aba64a3461c822cf292b3e6694660f55a3b0f1,0.004862208996200934,0.044574262162983255,0.4323605886154585,0.594813346862793,0.19231467321515083,0.44476524740457524
residual_v2,50,three_hole_asymmetric,106,private-source://routeA_experiments/data/final_ood_frozen_v1/three_hole_asymmetric/sample_0106.npz,6888edd52db8cf29388af634eedf7f9be35793c07c18644b7f86f8a441acc780,0.005345373007003218,0.041238078302990866,0.5146418384091224,0.5930202007293701,0.23315424099564552,0.44358668774366367
residual_v2,50,three_hole_asymmetric,107,private-source://routeA_experiments/data/final_ood_frozen_v1/three_hole_asymmetric/sample_0107.npz,40b2ef1f23b501bfde64a13fe7258035909f0d78e1d54eb6e1443c804305ecf4,0.004833026003325358,0.04583422825127447,1.0370510510201105,0.9582488834857941,0.18676258740015328,0.5764123131521045
residual_v2,50,three_hole_asymmetric,108,private-source://routeA_experiments/data/final_ood_frozen_v1/three_hole_asymmetric/sample_0108.npz,79b8dfa34c2b35a10fea27f09a0f9f798b0367fc5192ed59d1361f1b53799bdd,0.004995513008907437,0.06366525215427488,0.8156770930114013,0.7819162756204605,0.25914025242673233,0.5866532512009124
residual_v2,50,three_hole_asymmetric,109,private-source://routeA_experiments/data/final_ood_frozen_v1/three_hole_asymmetric/sample_0109.npz,8ce37dd8adb5cefec81dbd0f448aa24fd957fd04fe733656a07aef732c8cc2eb,0.0048803990066517144,0.056405615707243006,0.6117115057290496,0.7342779338359833,0.2707219645380974,0.5515950575470911
residual_v2,50,three_hole_asymmetric,110,private-source://routeA_experiments/data/final_ood_frozen_v1/three_hole_asymmetric/sample_0110.npz,4f2615c8cb85f9158644a5c730014c3884dbecc44b41e4c6525efb9d86c8caf8,0.0050498690106906,0.06272983406058988,0.9244297806314614,0.887600302696228,0.23369014728814363,0.7561614878475665
residual_v2,50,three_hole_asymmetric,111,private-source://routeA_experiments/data/final_ood_frozen_v1/three_hole_asymmetric/sample_0111.npz,0935578871a0f3a49acfc526c2f37c216dd91c68bd2a8bfb1b536326e94f5a44,0.004865583003265783,0.05109092208285947,1.064285989492466,0.9625861495733261,0.1957905890303664,0.606134507805108
residual_v2,50,three_hole_asymmetric,112,private-source://routeA_experiments/data/final_ood_frozen_v1/three_hole_asymmetric/sample_0112.npz,75f3066ea740d92e454646a086e63a485bf69922e759ad6ffeae0e0cb87dfaa8,0.005521125014638528,0.06738411149633862,0.8668840850227147,0.8820352330803871,0.3589176796376705,0.7470756374299524
residual_v2,50,three_hole_asymmetric,113,private-source://routeA_experiments/data/final_ood_frozen_v1/three_hole_asymmetric/sample_0113.npz,e697a839e7548feb3a5b14360c3973b92e38a87052d3b7365b32a7cd0a753191,0.004846419993555173,0.050206097121380265,0.608799720935197,0.760871484875679,0.2938331328332424,0.563926255702972
residual_v2,50,three_hole_asymmetric,114,private-source://routeA_experiments/data/final_ood_frozen_v1/three_hole_asymmetric/sample_0114.npz,7afaaf3601e6ed30886241051a0637c969fab4fdc7321968e3389ce030c7486a,0.005499234976014122,0.06634828000975494,0.7614762471629872,0.8475430309772491,0.3901192434132099,0.6443051457405085
residual_v2,50,three_hole_asymmetric,115,private-source://routeA_experiments/data/final_ood_frozen_v1/three_hole_asymmetric/sample_0115.npz,c61c1f6680ef22cfbb61c3b59a74537ff91a7a97eefe05a24d1215c5eff14175,0.004871486977208406,0.054531960962099314,0.764651106513691,0.7569146603345871,0.26058926805853844,0.6341649927198882
residual_v2,50,three_hole_asymmetric,116,private-source://routeA_experiments/data/final_ood_frozen_v1/three_hole_asymmetric/sample_0116.npz,9630b36b29d980654e8e8af10a050b5b22f9036bbc0eaf53ddfff402e0574e30,0.005147965013748035,0.06903666107513232,0.8376528353964812,0.7709951102733612,0.25367598980665207,0.637629437446594
residual_v2,50,three_hole_asymmetric,117,private-source://routeA_experiments/data/final_ood_frozen_v1/three_hole_asymmetric/sample_0117.npz,d3d1cc5eb6165ce5dd1eb46f3b7422b7a91b41002dd8e244fb5807270ef54ae0,0.005257750017335638,0.0572689206776277,1.017507485906871,0.9322156682610512,0.21582262264564633,0.6380948707461357
residual_v2,50,three_hole_asymmetric,118,private-source://routeA_experiments/data/final_ood_frozen_v1/three_hole_asymmetric/sample_0118.npz,8e2be99501a03f3deba60278c03b5af400416cb985c121c2fa7d7d7827ff8328,0.0050286299956496805,0.05530003516099314,0.7155961785063236,0.8518941700458527,0.2710126698948443,0.5611773341894143
residual_v2,50,three_hole_asymmetric,119,private-source://routeA_experiments/data/final_ood_frozen_v1/three_hole_asymmetric/sample_0119.npz,a47277e2b3beb0d89ef7b03bc2d99a8b043b3ba5b66636730dd832240fb5bf67,0.005237714009126648,0.07154810267957372,0.8774586207024978,0.861643448472023,0.330739326775074,0.6887873407453282
residual_v2,50,three_hole_asymmetric,120,private-source://routeA_experiments/data/final_ood_frozen_v1/three_hole_asymmetric/sample_0120.npz,460897fcccde1db2e8ba9079e66abd4ea55bf6c9fcc14cc7507c17ec7571d07d,0.004992252012016252,0.05374871109017374,0.7758039667427623,0.8289818465709686,0.2954467944800854,0.6396630160510535
residual_v2,50,three_hole_asymmetric,121,private-source://routeA_experiments/data/final_ood_frozen_v1/three_hole_asymmetric/sample_0121.npz,7463cebd5dcf30b0f53bfbcec6ed3cd938cae4ff1c7cb5a51f6b6208a020a4d2,0.005464916001074016,0.04173597514064726,0.6222299698125795,0.7260569632053375,0.18987417966127396,0.5172795116901389
residual_v2,50,three_hole_asymmetric,122,private-source://routeA_experiments/data/final_ood_frozen_v1/three_hole_asymmetric/sample_0122.npz,0b1f50e6483c4bd20f2eb7b1a5ad3ca903b7158558b6379b0a1c87cfb444d395,0.005045788013376296,0.060745765410080345,0.9864540821801803,0.9052872136235237,0.22929188515990973,0.7456837795674779
residual_v2,50,three_hole_asymmetric,123,private-source://routeA_experiments/data/final_ood_frozen_v1/three_hole_asymmetric/sample_0123.npz,65e171101675b5cb87eb5555f716856d756743e6d3447dfa2efbde71ac332e67,0.005448384006740525,0.05480570387019208,0.8002358414880908,0.9315057694911957,0.2256921622902155,0.7109717294573781
residual_v2,50,three_hole_asymmetric,124,private-source://routeA_experiments/data/final_ood_frozen_v1/three_hole_asymmetric/sample_0124.npz,d3c7c52167944c7ed7ee06f79272238419f46b0150fe90a2589d3153747fbf2f,0.004843938979320228,0.04787650919655588,0.6465861856524865,0.7601120918989182,0.20114352577365935,0.5826107025146466
residual_v2,50,three_hole_asymmetric,125,private-source://routeA_experiments/data/final_ood_frozen_v1/three_hole_asymmetric/sample_0125.npz,629b8f9d37de5d037c8e33f97e602bf5d06a112e8c988084322626ed3cfa0db4,0.005119597015436739,0.06946551158442799,0.8153413729566028,0.8415908589959145,0.32156772166490555,0.6565393643453713
residual_v2,50,three_hole_asymmetric,126,private-source://routeA_experiments/data/final_ood_frozen_v1/three_hole_asymmetric/sample_0126.npz,d79d0f135637e2841b3453a53add5c4bf624f15ae92f2562acb09afebef0ede1,0.005179113999474794,0.06238818958210893,0.7746899609550758,0.8093863427639008,0.3423166126012802,0.7024324804544441
residual_v2,50,three_hole_asymmetric,127,private-source://routeA_experiments/data/final_ood_frozen_v1/three_hole_asymmetric/sample_0127.npz,7cee35213e8863690074459c24d7fd282a7630a45f0f4fab56f69cc5187ced3c,0.004921573010506108,0.05245930838381084,0.6383925484532668,0.5973906219005585,0.2655926011502743,0.5290314629673957
residual_v2,50,three_hole_asymmetric,128,private-source://routeA_experiments/data/final_ood_frozen_v1/three_hole_asymmetric/sample_0128.npz,66f17e3594dd9beaddc30078e0aea012c36ea89ec3780e24ab5e66ada4aa0aee,0.00511413998901844,0.056012748000035056,0.5137071167317331,0.5573255717754364,0.25921042263507843,0.44805498570203756
residual_v2,50,three_hole_asymmetric,129,private-source://routeA_experiments/data/final_ood_frozen_v1/three_hole_asymmetric/sample_0129.npz,0513a13dc15142aa7035ad92a4d92696cde53f4f938fba0b6258ba43ff994ce4,0.005522920982912183,0.05788696120753919,0.7738679313573007,0.7992347478866577,0.26284253504127264,0.6527561128139486
residual_v2,50,three_hole_asymmetric,130,private-source://routeA_experiments/data/final_ood_frozen_v1/three_hole_asymmetric/sample_0130.npz,0b7e254aff9dacc784e6945d18e32da0372125ff81dc9fb35dcf29f7e12504f6,0.005083665979327634,0.06495814472357032,0.6593511047059356,0.719072699546814,0.37337709218263626,0.5772576794028282
residual_v2,50,three_hole_asymmetric,131,private-source://routeA_experiments/data/final_ood_frozen_v1/three_hole_asymmetric/sample_0131.npz,b7bf7aa4688f48d7c78174369c23732d337ae6ffd998cf06bb7a4edda3a5063d,0.005461350985569879,0.057405127817989315,0.7786278711631164,0.8234962671995163,0.3349943067878485,0.6191044822335242
residual_v2,50,three_hole_asymmetric,132,private-source://routeA_experiments/data/final_ood_frozen_v1/three_hole_asymmetric/sample_0132.npz,37fe2cf79de29a9b7e04b5fe118372c54173e6f10125f0854cf4d171d4776d59,0.005121035996126011,0.03871979717036,0.8055993909851736,0.8806045055389404,0.19256574846804142,0.6738228440284724
residual_v2,50,three_hole_asymmetric,133,private-source://routeA_experiments/data/final_ood_frozen_v1/three_hole_asymmetric/sample_0133.npz,3683c8dae119211360b0dbaa1ac9e1693a1728caddc3c1bb3768f981c2091e26,0.005433954996988177,0.0445899463084005,0.4136228811661757,0.5191350132226944,0.197443637996912,0.35540127456188175
residual_v2,50,three_hole_asymmetric,134,private-source://routeA_experiments/data/final_ood_frozen_v1/three_hole_asymmetric/sample_0134.npz,322bc5ec6225e978895e341b9dfdf38fbfa0681b5b329fe286739337905a2e67,0.005162532994290814,0.06337309816569357,0.9395040997176668,0.898355633020401,0.37539541721343994,0.7200480341911315
residual_v2,50,three_hole_asymmetric,135,private-source://routeA_experiments/data/final_ood_frozen_v1/three_hole_asymmetric/sample_0135.npz,b3bc13b4ad513f7b7c47e8dfedda3871bfe1d969ceb542243518b1f1661a7b7d,0.005090549995657057,0.060837620744545524,0.972917174918567,0.964956596493721,0.3340585259720683,0.7782100982964038
residual_v2,50,three_hole_asymmetric,136,private-source://routeA_experiments/data/final_ood_frozen_v1/three_hole_asymmetric/sample_0136.npz,20f73113304cb007ce9ee5b010405b3b08c38b719993477582e1adb17921d82b,0.0055276029743254185,0.05361057863759713,0.702115207244049,0.7905282378196716,0.34126773476600647,0.6381807103753089
residual_v2,50,three_hole_asymmetric,137,private-source://routeA_experiments/data/final_ood_frozen_v1/three_hole_asymmetric/sample_0137.npz,9c029bad505c34e3cca11e8187bc4fdf7d1417417883641e5c92c0e2b1861711,0.005163527006516233,0.05317470356116907,0.6579823797894061,0.8307115733623505,0.25004439800977707,0.5432714916765686
residual_v2,50,three_hole_asymmetric,138,private-source://routeA_experiments/data/final_ood_frozen_v1/three_hole_asymmetric/sample_0138.npz,2a95dd7d60712bbde64ddb2f3b9b174a2da8a71e64f53104448b1fda6898cb87,0.005018829979235306,0.05743218504612755,1.0297912122692021,0.9889948554337025,0.21792418882250786,0.6739579802379003
residual_v2,50,three_hole_asymmetric,139,private-source://routeA_experiments/data/final_ood_frozen_v1/three_hole_asymmetric/sample_0139.npz,f356651d5f0fbe76d7b23cee9c305931b8e8fe879d3fc560e174e6ff4a4bcbc9,0.0050982759858015925,0.0601076103158634,0.670462502669755,0.7106497883796692,0.3032204359769821,0.6267396491020907
residual_v2,50,three_hole_asymmetric,140,private-source://routeA_experiments/data/final_ood_frozen_v1/three_hole_asymmetric/sample_0140.npz,c22b26c249410214ce91ba779d94c82c7d58648110a4aac0c4246990ecc43bba,0.0050550500163808465,0.06793063790092488,0.7306093756721851,0.6957458257675171,0.37780172377824783,0.632504342123866
residual_v2,50,three_hole_asymmetric,141,private-source://routeA_experiments/data/final_ood_frozen_v1/three_hole_asymmetric/sample_0141.npz,581b8c08fb25b0697b98b87164ebaafe6cd559b41136643d44f9de35e975d7b9,0.005073704000096768,0.06655034065928069,1.0022160862837275,0.976695641875267,0.3273225352168083,0.7924691952764981
residual_v2,50,three_hole_asymmetric,142,private-source://routeA_experiments/data/final_ood_frozen_v1/three_hole_asymmetric/sample_0142.npz,578e8f60d4da9f74071ab8374b88b7be266d5d1e67dec13929a7acf811b163a8,0.005011464993003756,0.06821958305898232,0.9527234761826063,0.9496154189109802,0.3419155115261674,0.7888872105628246
residual_v2,50,three_hole_asymmetric,143,private-source://routeA_experiments/data/final_ood_frozen_v1/three_hole_asymmetric/sample_0143.npz,b6b2551b71fdf3da0d4ca84d9f08c6aa2f3008f1962bd943296cbf9612880efc,0.0050171579932793975,0.05837701700567793,0.9141220658132647,0.8856842815876007,0.2528466545045376,0.7773080185055733
residual_v2,50,three_hole_asymmetric,144,private-source://routeA_experiments/data/final_ood_frozen_v1/three_hole_asymmetric/sample_0144.npz,8329648a6f54e17ec6911f4a2a43086a79f241b8ea2247f84b00d977ee02610d,0.005257540993625298,0.05506426496017156,0.9787847346639849,0.9688378497958183,0.1999660413712263,0.7443871453404424
residual_v2,50,three_hole_asymmetric,145,private-source://routeA_experiments/data/final_ood_frozen_v1/three_hole_asymmetric/sample_0145.npz,9e07276be4c9a737eae17e3917bc3cdc5d0dfa1bce9663bd981f358519eb110c,0.005010499007767066,0.06633765493192205,0.7525438923539592,0.7805442661046982,0.3426244668662548,0.5868493609130381
residual_v2,50,three_hole_asymmetric,146,private-source://routeA_experiments/data/final_ood_frozen_v1/three_hole_asymmetric/sample_0146.npz,67f3ee8daff2c978cbe4cd399a7f2ad4874665b5c644a341c057c304af1127c1,0.005270580004435033,0.06462904004385249,0.8738802660296592,0.9344258606433868,0.28867247700691223,0.7668329542502758
residual_v2,50,three_hole_asymmetric,147,private-source://routeA_experiments/data/final_ood_frozen_v1/three_hole_asymmetric/sample_0147.npz,e85347f74d9b0184043eda85a8b0b42fe6515b3c49ceeec50b7b4d6dfff4a07d,0.00522337801521644,0.046292588427835735,0.5178565129037493,0.7429154068231583,0.2253536731004715,0.46892708837985986
residual_v2,50,three_hole_asymmetric,148,private-source://routeA_experiments/data/final_ood_frozen_v1/three_hole_asymmetric/sample_0148.npz,245fe71d4768340cf55e028f00a51ef269352046fcee78a0376200f4998c9360,0.005515950993867591,0.04310310244206217,0.7165884917387156,0.7819201946258545,0.25704681873321533,0.590927480906248
residual_v2,50,three_hole_asymmetric,149,private-source://routeA_experiments/data/final_ood_frozen_v1/three_hole_asymmetric/sample_0149.npz,e4131c7833d7b32f7f309cc922c788dde6f66644cd7c84c3995c3e66ca6ec058,0.005155332008143887,0.054777854361916,0.9668658729168889,0.9053454101085663,0.2236269927234389,0.7239494159817693
residual_v2,50,three_hole_asymmetric,150,private-source://routeA_experiments/data/final_ood_frozen_v1/three_hole_asymmetric/sample_0150.npz,14d7c4793f64ce9d612ac24093c5fbe0dae12baa2ebcc0e606416070b0010be4,0.005104732990730554,0.06259271622732723,0.9055059408681707,0.8190224468708038,0.24542038047366077,0.6225242599844929
residual_v2,50,three_hole_asymmetric,151,private-source://routeA_experiments/data/final_ood_frozen_v1/three_hole_asymmetric/sample_0151.npz,3c828906fd7ab01c163402ae535f03a420e0b8d29d63467e8f5e0ac8bb2069f1,0.005084239994175732,0.05415498110311121,0.6635068815439057,0.7292725741863251,0.2659843685105443,0.5641465678811072
residual_v2,50,three_hole_asymmetric,152,private-source://routeA_experiments/data/final_ood_frozen_v1/three_hole_asymmetric/sample_0152.npz,2dd677fdf441a2d0d82994893dd167d20bc429686f9d05c84662f972384de6c2,0.004890698008239269,0.051178538427775234,0.8881442521755014,0.898134395480156,0.22899195551872253,0.7360737673938264
residual_v2,50,three_hole_asymmetric,153,private-source://routeA_experiments/data/final_ood_frozen_v1/three_hole_asymmetric/sample_0153.npz,e09e2ec653206737b870b71f517fcc81353db939fd7d890bfde2a8715648f046,0.004859464010223746,0.05125987350141681,0.9370510553087409,0.9011138677597046,0.20606768722063862,0.6721928328275673
residual_v2,50,three_hole_asymmetric,154,private-source://routeA_experiments/data/final_ood_frozen_v1/three_hole_asymmetric/sample_0154.npz,354f1ec9c8bb281306006c931744c6710f378713690c48b9dfc924d8e03155dc,0.004969034023815766,0.05196924350499752,0.6961927535436733,0.7340548932552338,0.20615424402058125,0.575072047114372
residual_v2,50,three_hole_asymmetric,155,private-source://routeA_experiments/data/final_ood_frozen_v1/three_hole_asymmetric/sample_0155.npz,4feb6d42b1ba8f3891917e887c391dac5ab83213398859f8c4d1343a08f81523,0.004865758994128555,0.03794643692138273,0.7264946305891014,0.8007888197898865,0.1654810681939125,0.5487263649702051
residual_v2,50,three_hole_asymmetric,156,private-source://routeA_experiments/data/final_ood_frozen_v1/three_hole_asymmetric/sample_0156.npz,2ed681cf4ebe76dc5ff83597e8f424f37faa8aa01f50048685eb1a9f8504ef64,0.004841140005737543,0.0571274703393829,0.8757023829886399,0.9562809467315674,0.29660289362072945,0.6636859290301794
residual_v2,50,three_hole_asymmetric,157,private-source://routeA_experiments/data/final_ood_frozen_v1/three_hole_asymmetric/sample_0157.npz,8f86d834f785485f1110f7ae10b681508b7fb7293834bdeabad4cd9e0ff581e7,0.005059660994447768,0.05192827526910111,0.7794580786132602,0.8113915026187897,0.34443188086152077,0.599224106967449
residual_v2,50,three_hole_asymmetric,158,private-source://routeA_experiments/data/final_ood_frozen_v1/three_hole_asymmetric/sample_0158.npz,b7838937a002adfbc7581e42e80020a5cc8ff317b9ef609ec1903087a3d31c3e,0.004903602006379515,0.0498620193867958,0.6960409058258316,0.7645868360996246,0.21548327524214983,0.5713159322738646
residual_v2,50,three_hole_asymmetric,159,private-source://routeA_experiments/data/final_ood_frozen_v1/three_hole_asymmetric/sample_0159.npz,7ec05d300291c51dfc519a7d08b75bd3be917f67a3673dfe18849f585f9f709e,0.0050477990007493645,0.06122982339399883,0.745771273318315,0.8609577715396881,0.27374270744621754,0.5875592645257706
residual_v2,50,three_hole_asymmetric,160,private-source://routeA_experiments/data/final_ood_frozen_v1/three_hole_asymmetric/sample_0160.npz,406b5d01c559ad3764a887df63a81ab6aeb54deb0e03ab5546863badf9a16f35,0.004865271010203287,0.04464378220268173,1.0086307456945567,0.9553827531635761,0.18495598091976717,0.5796262061223383
residual_v2,50,three_hole_asymmetric,161,private-source://routeA_experiments/data/final_ood_frozen_v1/three_hole_asymmetric/sample_0161.npz,e022a734e6aba3a7301b06bd77c79e73047ff290f57525b8dee053bdfa5b4988,0.004955115000484511,0.04112172244878549,0.5439204010769934,0.6840344667434692,0.1552659049630165,0.48559841662645326
residual_v2,50,three_hole_asymmetric,162,private-source://routeA_experiments/data/final_ood_frozen_v1/three_hole_asymmetric/sample_0162.npz,2b13f73876bba396b8fa67ab174be82ee1a554b9e4c19a3a7412ffc39aba0b13,0.004896391008514911,0.048590197036944616,0.7314559552349243,0.8250225782394409,0.28370247781276703,0.6743853524327278
residual_v2,50,three_hole_asymmetric,163,private-source://routeA_experiments/data/final_ood_frozen_v1/three_hole_asymmetric/sample_0163.npz,e9b740089bb1f2d4e21a0999405d9bdba3a57bd51c7e58ea5ed47d11ee6595a2,0.004954974981956184,0.04213009985407565,0.7309132847767812,0.7489884197711945,0.21435581147670746,0.5904369860887523
residual_v2,50,three_hole_asymmetric,164,private-source://routeA_experiments/data/final_ood_frozen_v1/three_hole_asymmetric/sample_0164.npz,9f206330bd07c9c4847fddf539ce746ee66390d885f3c33bc1d444adbbd318ac,0.004838765016756952,0.059304776279298935,0.6230660911401295,0.6629246473312378,0.34684672439470887,0.5327006384730334
residual_v2,50,three_hole_asymmetric,165,private-source://routeA_experiments/data/final_ood_frozen_v1/three_hole_asymmetric/sample_0165.npz,59ec0f1c680bf9149906ed38b4dd3a4aa7612d7147f9c53c5dcfa06ecca43366,0.004922460997477174,0.06523020164006198,0.7646461703550319,0.8289367184042931,0.34534037485718727,0.6664321348071092
residual_v2,50,three_hole_asymmetric,166,private-source://routeA_experiments/data/final_ood_frozen_v1/three_hole_asymmetric/sample_0166.npz,acdabcd30120f1b891f11b4fee7490ecf1c73a42827cec6684949a026c1d238b,0.0049914919945877045,0.0647772248579027,0.8197364838360223,0.8023456782102585,0.3665930610150099,0.675140656530857
residual_v2,50,three_hole_asymmetric,167,private-source://routeA_experiments/data/final_ood_frozen_v1/three_hole_asymmetric/sample_0167.npz,2d64cbb7ed13e9d5493b3bcffc548a37e43f77cfe686d4bd90f395d9b3dedcd2,0.004936770012136549,0.05319662473040378,0.8543088759507699,0.9432036504149437,0.19132036343216896,0.6484457816928619
residual_v2,50,three_hole_asymmetric,168,private-source://routeA_experiments/data/final_ood_frozen_v1/three_hole_asymmetric/sample_0168.npz,ce1811b3b58e1cf01845e9ffb4fac5caa62f765929be1337c8260c13d9b65d5d,0.005114203988341615,0.048733954383272805,1.0100656937659063,0.9694669023156166,0.17589862167369574,0.6958931590430438
residual_v2,50,three_hole_asymmetric,169,private-source://routeA_experiments/data/final_ood_frozen_v1/three_hole_asymmetric/sample_0169.npz,c8bdae4b5e47fcfb5a99f1ccde0ca1ecf2011b5c092fc8bd8e61595f8c50518c,0.005027762003010139,0.05195418062684216,0.9276049710101775,0.8787971809506416,0.19972870498895645,0.6800805866718281
residual_v2,50,three_hole_asymmetric,170,private-source://routeA_experiments/data/final_ood_frozen_v1/three_hole_asymmetric/sample_0170.npz,33251f1d994ef521e7ed6646d939e7b5f6ae05ade833fce7f91910e3aa7b2d74,0.005145040981005877,0.055705222933041976,0.9426966314359453,0.9604938998818398,0.2338880249299109,0.7485779635608196
residual_v2,50,three_hole_asymmetric,171,private-source://routeA_experiments/data/final_ood_frozen_v1/three_hole_asymmetric/sample_0171.npz,3304230b1d8bbdd9fc2dfda78714484a468749cddd223bba1c2dbf29c548831e,0.005081768991658464,0.05584007450277084,0.6251971198286818,0.7566296607255936,0.2880469113588333,0.5162011235952372
residual_v2,50,three_hole_asymmetric,172,private-source://routeA_experiments/data/final_ood_frozen_v1/three_hole_asymmetric/sample_0172.npz,a740cace37940a1e2252703d9381d4b9f3f3b166a52d68121a24aaca6473c237,0.005005985003663227,0.054450264071414546,0.661795030112093,0.7502425312995911,0.25971851497888565,0.566764561831951
residual_v2,50,three_hole_asymmetric,173,private-source://routeA_experiments/data/final_ood_frozen_v1/three_hole_asymmetric/sample_0173.npz,7fbe985e9871b0fea23dcd48b5658d0febd6965ccb34e4430a248d8ea7884c13,0.005043960991315544,0.04877410656941811,0.7862758815455543,0.8281247317790985,0.2025571558624506,0.588503841310739
residual_v2,50,three_hole_asymmetric,174,private-source://routeA_experiments/data/final_ood_frozen_v1/three_hole_asymmetric/sample_0174.npz,71542cbeea7c7322472596a11b9ea2cf6285893af2fd8caaacd78a77cf1d83fd,0.005440470005851239,0.048377866169142386,0.5703418467446949,0.7281425297260284,0.20402535237371922,0.4678880751132965
residual_v2,50,three_hole_asymmetric,175,private-source://routeA_experiments/data/final_ood_frozen_v1/three_hole_asymmetric/sample_0175.npz,0f2191f55e786a9cc0197b9d38b5849150523e7f0e95da026a8b7282892dd7e7,0.0056390280078630894,0.06022654286135881,0.9772498583428624,0.9888770431280136,0.2808321937918663,0.7462565883994083
residual_v2,50,three_hole_asymmetric,176,private-source://routeA_experiments/data/final_ood_frozen_v1/three_hole_asymmetric/sample_0176.npz,1d5d110e1725a11891d26e004b83d93d33e264f9f0cc612cea71237c93485c91,0.005541940976399928,0.053236190107000404,0.6133652927052694,0.6999343633651733,0.2932365611195564,0.5658602684736251
residual_v2,50,three_hole_asymmetric,177,private-source://routeA_experiments/data/final_ood_frozen_v1/three_hole_asymmetric/sample_0177.npz,491128641f9815a0257fe2c5da3e9ef510909b89c7efe14041aaf988dd54d374,0.005340569012332708,0.055931155885869006,0.8797610576953141,0.9136367589235306,0.2387780137360096,0.7236810080707071
residual_v2,50,three_hole_asymmetric,178,private-source://routeA_experiments/data/final_ood_frozen_v1/three_hole_asymmetric/sample_0178.npz,8ad8976324d69fa900282a701c1176bec4bd066428ab6af4d07f98b6226c1440,0.0054450710013043135,0.06459075761362339,0.8860771166068067,0.9065238982439041,0.38268087059259415,0.8190033264458179
residual_v2,50,three_hole_asymmetric,179,private-source://routeA_experiments/data/final_ood_frozen_v1/three_hole_asymmetric/sample_0179.npz,ed3c4408215897e333b3a88a790f6b3b965edbc5f729ee1ca00b514638a22db3,0.00511676401947625,0.05518066697779167,0.5331888636990609,0.7462201416492462,0.2510689087212086,0.4651533409953113
residual_v2,50,three_hole_asymmetric,180,private-source://routeA_experiments/data/final_ood_frozen_v1/three_hole_asymmetric/sample_0180.npz,026ec17f7ba5561155ad7d2d26d4b774202c9e9d3be82846603703294b1c6599,0.005480665975483134,0.05752895960454319,0.8332721842531345,0.910671092569828,0.2642795443534851,0.710625211149454
residual_v2,50,three_hole_asymmetric,181,private-source://routeA_experiments/data/final_ood_frozen_v1/three_hole_asymmetric/sample_0181.npz,ae31a16b8c81593e19306a84399bfd2a84ac55c7910ef8823c67abd4642aa2f6,0.005126749019837007,0.05010800204474032,0.6047481052497898,0.6328999102115631,0.18404455101699568,0.44073764458298575
residual_v2,50,three_hole_asymmetric,182,private-source://routeA_experiments/data/final_ood_frozen_v1/three_hole_asymmetric/sample_0182.npz,3c898c6349f36f90b3d5a9fe1ea363190f3864ec9904027b2c82073b2f828008,0.005527461995370686,0.044807893663290396,0.6426751009657227,0.6956413090229034,0.23013107851147652,0.5623822093009938
residual_v2,50,three_hole_asymmetric,183,private-source://routeA_experiments/data/final_ood_frozen_v1/three_hole_asymmetric/sample_0183.npz,7960bd5136007fe9e53aaf26195ec050cd3f170be4ea0892e9c50801de1e2a57,0.005464334011776373,0.0590214450019886,0.8173484610328301,0.9000880420207977,0.29451802372932434,0.7011649243533588
residual_v2,50,three_hole_asymmetric,184,private-source://routeA_experiments/data/final_ood_frozen_v1/three_hole_asymmetric/sample_0184.npz,d0af476fd13dfb1d250ce9a4ca56a9e4e7747143d266e251a2d3bed91fdc35c3,0.004942511004628614,0.0625690363631334,0.7361796975446662,0.7639266848564148,0.3668921198695898,0.6278704963624476
residual_v2,50,three_hole_asymmetric,185,private-source://routeA_experiments/data/final_ood_frozen_v1/three_hole_asymmetric/sample_0185.npz,825925d58976a37ca694d695a027e07bfbaaceb34012d307f2f1821037baf144,0.005332939996151254,0.051005742678504155,0.7087618474082006,0.7329510003328323,0.27047328650951385,0.5883567951619625
residual_v2,50,three_hole_asymmetric,186,private-source://routeA_experiments/data/final_ood_frozen_v1/three_hole_asymmetric/sample_0186.npz,77e809def7ac8044a4e55b9ef623158afda39a6477b671e128605d4b47566db6,0.004873828002018854,0.05807300150110603,0.9518516527700213,0.9729306399822235,0.20331402320880443,0.6556756012141699
residual_v2,50,three_hole_asymmetric,187,private-source://routeA_experiments/data/final_ood_frozen_v1/three_hole_asymmetric/sample_0187.npz,d41acb81beffee4db9203e1cf0266797359f026ace1ea8ca9bcd6ccb1e2af128,0.005323927995050326,0.05969564918513699,0.7378690066725807,0.6773539930582047,0.3241128702647984,0.49767692722380097
residual_v2,50,three_hole_asymmetric,188,private-source://routeA_experiments/data/final_ood_frozen_v1/three_hole_asymmetric/sample_0188.npz,0ee1d93b5b155a3545c539b9ebd208096d5da786ac320abbe96a9ddff30d88d7,0.004875417012954131,0.04959447042144116,0.6945255557862708,0.6556015610694885,0.23834919929504395,0.49220068156719177
residual_v2,50,three_hole_asymmetric,189,private-source://routeA_experiments/data/final_ood_frozen_v1/three_hole_asymmetric/sample_0189.npz,70be7056cd13692af26bab63a3df9b9a64678831ef39fdb9582375ceecca7edf,0.004870325996307656,0.059168396012831304,1.0562488439473132,0.9913054257631302,0.22380021872959333,0.6873836956918233
residual_v2,50,three_hole_asymmetric,190,private-source://routeA_experiments/data/final_ood_frozen_v1/three_hole_asymmetric/sample_0190.npz,a8c424ee2056e12af66d0be34289a252d77172e5cb127ec57c8550e3415ab90b,0.004893508012173697,0.04941778585211958,0.7866570539795346,0.8502199500799179,0.2181729085277766,0.6528996612876653
residual_v2,50,three_hole_asymmetric,191,private-source://routeA_experiments/data/final_ood_frozen_v1/three_hole_asymmetric/sample_0191.npz,26c2bd071beec9742e0a4f1e5466aa608a15434494059de80e606e4679fa8ed3,0.005120835994603112,0.06553265324815251,0.9321016402429173,0.9201845079660416,0.29006437957286835,0.7742668628692622
residual_v2,50,three_hole_asymmetric,192,private-source://routeA_experiments/data/final_ood_frozen_v1/three_hole_asymmetric/sample_0192.npz,40d02fa0627c6deec298290103575257705efed18a0e5475ecaa7bf465aa9b99,0.005124006973346695,0.060007654560342315,0.7767235861966091,0.8638171851634979,0.31324752420186996,0.6639434091746804
residual_v2,50,three_hole_asymmetric,193,private-source://routeA_experiments/data/final_ood_frozen_v1/three_hole_asymmetric/sample_0193.npz,e2291d430c4ed65b595a26a1bfd29617e6a29836d02a7642cee85cd276392050,0.005102210998302326,0.0674248951478129,0.8779590755046242,0.8863509446382523,0.3416842957958579,0.7714199326932427
residual_v2,50,three_hole_asymmetric,194,private-source://routeA_experiments/data/final_ood_frozen_v1/three_hole_asymmetric/sample_0194.npz,31e35937f5e42fb742834cdcb1fc165dd1ffc423ac83933409ddf9f346655de1,0.005144847993506119,0.06259871041759553,0.5722916294986652,0.7050378918647766,0.2541260961443186,0.5402005188167093
residual_v2,50,three_hole_asymmetric,195,private-source://routeA_experiments/data/final_ood_frozen_v1/three_hole_asymmetric/sample_0195.npz,40442c552a2016d07c97d9c05bd7232ba672eeab612657250b9c7529d4f8fba5,0.005167160008568317,0.05437335431187944,0.5727193899516677,0.6601757705211639,0.252718523144722,0.48726083785295465
residual_v2,50,three_hole_asymmetric,196,private-source://routeA_experiments/data/final_ood_frozen_v1/three_hole_asymmetric/sample_0196.npz,dd2106f958610c899c170e0e932d315a715401be9a89fd9bfb0ce4af7422b23f,0.005076190020190552,0.06835117446515857,0.8670868001491874,0.8466202020645142,0.34733221028000116,0.7180435810238119
residual_v2,50,three_hole_asymmetric,197,private-source://routeA_experiments/data/final_ood_frozen_v1/three_hole_asymmetric/sample_0197.npz,aa854427cd50f074116bdad2e4371e42c0402350e5d180482ef4c364d2ad2cf8,0.004980581987183541,0.05652200806259571,0.54131885909047,0.5937511548399925,0.23232757113873959,0.4348521001636982
residual_v2,50,three_hole_asymmetric,198,private-source://routeA_experiments/data/final_ood_frozen_v1/three_hole_asymmetric/sample_0198.npz,f829be15d56c832505226b17681dbe66656bc2100714eb438d609a588f6574fe,0.004875224985880777,0.05390827388613417,0.6309050737656601,0.696434885263443,0.3214041143655777,0.5521618589758868
residual_v2,50,three_hole_asymmetric,199,private-source://routeA_experiments/data/final_ood_frozen_v1/three_hole_asymmetric/sample_0199.npz,52333eb8bbb0f95e069bd2d38db9cab28b55c6f86387da7cd28a27818fe1041a,0.004967104992829263,0.05714708884985539,0.6960182589634473,0.7993743568658829,0.3001964632421732,0.6074988856911656
