model,training_seed,shape,sample_id,sample_file,sample_sha256,inference_seconds,mae,relative_l2,max_abs_error,p95_abs_error,p99_abs_error
fine_control,45,polygonal_holes,0,private-source://routeA_experiments/data/prospective_ood_rd_hddm_alpha001_v2/polygonal_holes/sample_0000.npz,2813ec3127ac6b2d6e5ea2bdec57dc3842288d486f16a3ac630d975e79544104,0.009307006374001503,0.0791664392824425,1.0973957711597444,0.864558532834053,0.3943256204482168,0.643807005137205
fine_control,45,polygonal_holes,1,private-source://routeA_experiments/data/prospective_ood_rd_hddm_alpha001_v2/polygonal_holes/sample_0001.npz,9d77838f7901837e5e6668df3993510bb8ecebaae9c24dafd7c33dd27713ca91,0.00581007543951273,0.07111540363615493,0.677021765108774,1.0510180294513702,0.3728794228285551,0.5327054818533361
fine_control,45,polygonal_holes,2,private-source://routeA_experiments/data/prospective_ood_rd_hddm_alpha001_v2/polygonal_holes/sample_0002.npz,64d684a0c62d3af4e0e79525c5a8144d60264714c3b90c3683941cb3669199db,0.005548391491174698,0.08364850392353257,0.9398365977905396,0.8718764781951904,0.4349333137273788,0.7125911451131105
fine_control,45,polygonal_holes,3,private-source://routeA_experiments/data/prospective_ood_rd_hddm_alpha001_v2/polygonal_holes/sample_0003.npz,cee6732562ef0f85cfd1d4207fb826b90bc31335f8fdf22bc7991a2b2d3e3818,0.005274631083011627,0.07084066344169793,0.654855315768713,0.7770610898733139,0.3660522736608981,0.5996344634145498
fine_control,45,polygonal_holes,4,private-source://routeA_experiments/data/prospective_ood_rd_hddm_alpha001_v2/polygonal_holes/sample_0004.npz,f922f8aa230eb7f988651778a187a8f75ff947a239987aa900cd3c050a887ec0,0.005297168157994747,0.07081027319783553,0.7547130463366973,0.6073028184473515,0.3838698759675025,0.5234525956586004
fine_control,45,polygonal_holes,5,private-source://routeA_experiments/data/prospective_ood_rd_hddm_alpha001_v2/polygonal_holes/sample_0005.npz,7aa5ae995dda3a749c78e6b8b3aff037f07301dbda012f49af7c1983a95fd554,0.005364879034459591,0.0893054118222496,1.492759761226465,0.9864417985081673,0.481833969708532,0.678763814419508
fine_control,45,polygonal_holes,6,private-source://routeA_experiments/data/prospective_ood_rd_hddm_alpha001_v2/polygonal_holes/sample_0006.npz,a2ab3adff33e2b825261f9f156651d6d226b45d7900ef8697f84935c734df80a,0.005324197001755238,0.0750234684020418,0.736618212920327,0.8024468868970871,0.38551559410989283,0.5270167791843414
fine_control,45,polygonal_holes,7,private-source://routeA_experiments/data/prospective_ood_rd_hddm_alpha001_v2/polygonal_holes/sample_0007.npz,b504795f95e5481635b933ab900699fe66f38076ab5132e6b57a48c641abbf2b,0.005282225087285042,0.07021671603127104,0.8579655044720916,0.7946856617927551,0.3904103895649312,0.5566645291447639
fine_control,45,polygonal_holes,8,private-source://routeA_experiments/data/prospective_ood_rd_hddm_alpha001_v2/polygonal_holes/sample_0008.npz,b93c334e8e48c8fd6d52b05cd3ff40f15d4f5cc62702a435f3e0247d6b59a334,0.00524403341114521,0.04758648511179066,0.47398214080063616,0.6668434888124466,0.2535997733997645,0.40052152968943117
fine_control,45,polygonal_holes,9,private-source://routeA_experiments/data/prospective_ood_rd_hddm_alpha001_v2/polygonal_holes/sample_0009.npz,f2ef70e3326ae2f2447ff2754173f923c307e7972ebbe15dd38aabeb5f047c49,0.005591097287833691,0.07765474590770952,0.784731353901822,0.7431278675794601,0.40884899683296677,0.5805575997196137
fine_control,45,polygonal_holes,10,private-source://routeA_experiments/data/prospective_ood_rd_hddm_alpha001_v2/polygonal_holes/sample_0010.npz,0078bb96d0f452027931ba3a5cabdd927aa298f7c3cb3cc2d89e7cb23acaf539,0.005895193666219711,0.07290025731644792,0.6722585243238536,0.7706851661205292,0.36835812330245965,0.49830597281455996
fine_control,45,polygonal_holes,11,private-source://routeA_experiments/data/prospective_ood_rd_hddm_alpha001_v2/polygonal_holes/sample_0011.npz,9ee5588e761180b233891dd5a6f16fa8ca4f4c5906cdb841e4c8020cee441584,0.005877513438463211,0.06022853081792972,0.5015163500363851,0.6301225274801254,0.2965644049923867,0.4342565095238387
fine_control,45,polygonal_holes,12,private-source://routeA_experiments/data/prospective_ood_rd_hddm_alpha001_v2/polygonal_holes/sample_0012.npz,9cdd74ea7cb7425efc2f3f4d80c0363bd50ea50709fe03b3d060f71ff605dd84,0.005565990693867207,0.08115399514486273,0.8562581106289338,0.8889632895588875,0.43056477606296534,0.6599149802327154
fine_control,45,polygonal_holes,13,private-source://routeA_experiments/data/prospective_ood_rd_hddm_alpha001_v2/polygonal_holes/sample_0013.npz,7ee1a4ed3ed8a784612d742e8ed75f38441bf2f5701f264e582c39a5158ad1ce,0.00559819582849741,0.08032675248181363,0.8347478537685451,0.8390611112117767,0.404746557585895,0.5684673331677913
fine_control,45,polygonal_holes,14,private-source://routeA_experiments/data/prospective_ood_rd_hddm_alpha001_v2/polygonal_holes/sample_0014.npz,d1818732f452567ad0ecd2f58c757bb8290572b117528bb1e5aaefa970313cc6,0.005623169243335724,0.08763916324469531,0.8676762212898324,0.9313103556632996,0.47089607268571854,0.673373749256134
fine_control,45,polygonal_holes,15,private-source://routeA_experiments/data/prospective_ood_rd_hddm_alpha001_v2/polygonal_holes/sample_0015.npz,445b87e8c24a47bfb4d118389ef483a360b0d5074dc815ae35513aab4a27864d,0.00540733989328146,0.08778271965378938,0.9162103889226318,0.7568430453538895,0.4365404334850609,0.5694154613465071
fine_control,45,polygonal_holes,16,private-source://routeA_experiments/data/prospective_ood_rd_hddm_alpha001_v2/polygonal_holes/sample_0016.npz,1a99ec371d63848f62228b959ed0924574356c0cccfdd1260268c8dfa0c9cdb0,0.005325373262166977,0.10006846597054411,1.778927677952856,1.014538235962391,0.5474647777969949,0.6891881682677194
fine_control,45,polygonal_holes,17,private-source://routeA_experiments/data/prospective_ood_rd_hddm_alpha001_v2/polygonal_holes/sample_0017.npz,0cdbf63c17b90ff3b3512ee0966f5d174bfb3232348a9e49b05f2d9ee4d89a26,0.005462534725666046,0.06067729145325226,0.5957412185111961,0.5744349658489227,0.3219133596867322,0.44133122682571413
fine_control,45,polygonal_holes,18,private-source://routeA_experiments/data/prospective_ood_rd_hddm_alpha001_v2/polygonal_holes/sample_0018.npz,47317c8f9d3ed8f1a54c8b96ba91af510560b8aa7f805ade7143c1d16ca55e66,0.005249546840786934,0.0654066863422218,0.5976432076143363,0.6669199913740158,0.3380090352147816,0.5166790632903575
fine_control,45,polygonal_holes,19,private-source://routeA_experiments/data/prospective_ood_rd_hddm_alpha001_v2/polygonal_holes/sample_0019.npz,14a537fef9ee78090f18c68c7c2bb65ef6d197ce349231291c03aa4206e7dbef,0.005315765738487244,0.0852709601218818,0.9768502908675963,0.9843121841549873,0.4535003248602151,0.7076297071576119
fine_control,45,polygonal_holes,20,private-source://routeA_experiments/data/prospective_ood_rd_hddm_alpha001_v2/polygonal_holes/sample_0020.npz,7c814a3de56a037a81fd975f53b5567efeb9d9662b615203546bc0899290fd90,0.005607398226857185,0.06244125671975755,0.5871135820250816,0.8906371891498566,0.34627167880535126,0.4773974767327308
fine_control,45,polygonal_holes,21,private-source://routeA_experiments/data/prospective_ood_rd_hddm_alpha001_v2/polygonal_holes/sample_0021.npz,8ce53160fe69d5b6413cde92d321f24dc4d1d44cc5f0f2a3eca07d60a4da1104,0.005639911629259586,0.08008238814857527,0.8245484182855606,0.6625772267580032,0.40937104299664495,0.5376676066592335
fine_control,45,polygonal_holes,22,private-source://routeA_experiments/data/prospective_ood_rd_hddm_alpha001_v2/polygonal_holes/sample_0022.npz,ebe02bed5b22de6ec65b6c54aaa34f7a9e9daf45fb56c3455386ee7beeca83bd,0.0058423373848199844,0.09193805812570412,1.0601388570565522,0.9636402614414692,0.46073443023487914,0.7454269560426473
fine_control,45,polygonal_holes,23,private-source://routeA_experiments/data/prospective_ood_rd_hddm_alpha001_v2/polygonal_holes/sample_0023.npz,d6cabc05bb35909896ec365f876db62334e617b13b08c9e40694e2791b0db121,0.005560942925512791,0.05008512976808965,0.471699236001805,0.5460641086101532,0.252958632260561,0.3550188750028609
fine_control,45,polygonal_holes,24,private-source://routeA_experiments/data/prospective_ood_rd_hddm_alpha001_v2/polygonal_holes/sample_0024.npz,cc607c6b4a44a20de7c0d072b11d3585668469f46fe26a9e5a4601a8839b18e3,0.0052726054564118385,0.08512263083705421,1.0592943491352116,0.9548187106847763,0.43857979951426385,0.6318952882289885
fine_control,45,polygonal_holes,25,private-source://routeA_experiments/data/prospective_ood_rd_hddm_alpha001_v2/polygonal_holes/sample_0025.npz,6624bf5fe6d196079fb76fb31c85860e096a142c03b130cd1e70002ae755b942,0.005278570577502251,0.0737439180312791,0.7538880585674321,0.6504963040351868,0.38388614449650044,0.5589008231833578
fine_control,45,polygonal_holes,26,private-source://routeA_experiments/data/prospective_ood_rd_hddm_alpha001_v2/polygonal_holes/sample_0026.npz,c98d8e8d3d0a88d1da87415faeb5bf9178e88e1f30adc9ecf7cd6cf0dbd9277f,0.005281124264001846,0.08153593263695588,0.8017711870302503,1.0064467638731003,0.39481884837150566,0.6491077728569506
fine_control,45,polygonal_holes,27,private-source://routeA_experiments/data/prospective_ood_rd_hddm_alpha001_v2/polygonal_holes/sample_0027.npz,a8830b8166a10f61db4814b54f56ca4808e3c93da85d47b565e4eddec6598b7d,0.005262792110443115,0.06317495473572712,0.6041148097067351,0.7975778728723526,0.3139148779213428,0.49909674137830734
fine_control,45,polygonal_holes,28,private-source://routeA_experiments/data/prospective_ood_rd_hddm_alpha001_v2/polygonal_holes/sample_0028.npz,7a7df2263baaa71cbccf62f82307a4ec9364e586142fc46aecffcb33cae7cae8,0.005260554142296314,0.063840938029913,0.639870989714323,0.5394618362188339,0.3195102197118103,0.4345702102780342
fine_control,45,polygonal_holes,29,private-source://routeA_experiments/data/prospective_ood_rd_hddm_alpha001_v2/polygonal_holes/sample_0029.npz,1792cfc778015639447d8549da9e8e6ae065b2de6e8a35808550ab1f2eaa6d12,0.005615108646452427,0.06153915035006523,0.6894361128149371,0.7384579330682755,0.33493144413223475,0.47572616606950757
fine_control,45,polygonal_holes,30,private-source://routeA_experiments/data/prospective_ood_rd_hddm_alpha001_v2/polygonal_holes/sample_0030.npz,0361f263ac7c96ee87583959a04a88d5d85ed0d0bf6e7d378681151774f385f2,0.005845150910317898,0.06535455365380459,0.6537876568821664,0.8523876219987869,0.34105921573936937,0.5551773200929164
fine_control,45,polygonal_holes,31,private-source://routeA_experiments/data/prospective_ood_rd_hddm_alpha001_v2/polygonal_holes/sample_0031.npz,05f616ed447a9ab8e71b77b9398fe7f5bdca3822ed0cb7c0b89a4802fff7e34a,0.005283011123538017,0.0834357839814692,0.8427442461274985,0.8962089717388153,0.4263594031333923,0.6039821701496839
fine_control,45,polygonal_holes,32,private-source://routeA_experiments/data/prospective_ood_rd_hddm_alpha001_v2/polygonal_holes/sample_0032.npz,b84ee66df3e51a313acfa70a8d8f17e55d0f28293bfc848be6da74369c6efe7e,0.005268903449177742,0.06625600071627458,0.5932446487484639,0.6213005930185318,0.3545074600726365,0.4765585427731275
fine_control,45,polygonal_holes,33,private-source://routeA_experiments/data/prospective_ood_rd_hddm_alpha001_v2/polygonal_holes/sample_0033.npz,daa13b8f28a70003a1c8a3b22cc6fb6ba7cd514feb1f0dde8861d77cced138db,0.005288849584758282,0.0801652341851606,0.8655154962396256,0.8090426623821259,0.4186045058071613,0.5777918545901775
fine_control,45,polygonal_holes,34,private-source://routeA_experiments/data/prospective_ood_rd_hddm_alpha001_v2/polygonal_holes/sample_0034.npz,f1007728ae6fc8cc7b887f70cb682b003162557fe09bc505313c9852da9b0395,0.005344574339687824,0.07455186411932788,0.8210980578469296,0.7754866108298302,0.3909519597887992,0.5329467836394906
fine_control,45,polygonal_holes,35,private-source://routeA_experiments/data/prospective_ood_rd_hddm_alpha001_v2/polygonal_holes/sample_0035.npz,74480bc8be2b0c3f792eeafe7931aa43f6eabf7fab66f1f8889ff83f9343aacf,0.00559780839830637,0.07203585385194704,0.6924692639004156,0.8131055533885956,0.3856049008667468,0.5427900867909192
fine_control,45,polygonal_holes,36,private-source://routeA_experiments/data/prospective_ood_rd_hddm_alpha001_v2/polygonal_holes/sample_0036.npz,d380cc325dc38fac34101ad898621f7a706e5ef3145fb50b48cd8a3550e915f6,0.005851728841662407,0.07754438451280192,0.7246276585057364,0.6897169500589371,0.41748447819845746,0.5543840833753346
fine_control,45,polygonal_holes,37,private-source://routeA_experiments/data/prospective_ood_rd_hddm_alpha001_v2/polygonal_holes/sample_0037.npz,562b92269c11eb7a4d6d2b96c70e8334d3b1e90f788bd3d9e801d09a075eee3a,0.005852735601365566,0.0942707486169038,1.5902818192062278,0.9629078470170498,0.4906424264983797,0.7028350258525461
fine_control,45,polygonal_holes,38,private-source://routeA_experiments/data/prospective_ood_rd_hddm_alpha001_v2/polygonal_holes/sample_0038.npz,ad000ee37c0e1a9ba734e4dd9459946f4b3df5f603b980b12d442bca1f8ed9f9,0.0055348677560687065,0.07388623186901934,0.7428386449989756,0.6630901098251343,0.39113970734179015,0.5569676124304533
fine_control,45,polygonal_holes,39,private-source://routeA_experiments/data/prospective_ood_rd_hddm_alpha001_v2/polygonal_holes/sample_0039.npz,522d3ecbc2d9edc149dc3f03b6cf36d68fca66badfbb0f6dd3482d5e5f254b68,0.005258234217762947,0.07053663651365848,0.6552248327427127,0.6166515201330185,0.3570260278880596,0.519170210659504
fine_control,45,polygonal_holes,40,private-source://routeA_experiments/data/prospective_ood_rd_hddm_alpha001_v2/polygonal_holes/sample_0040.npz,254ab846e9a8b91265cad089e47a668ba206ceeb02e23540aaf1b8dded5c5277,0.005261959508061409,0.07301816853074974,0.8202693653898715,0.73451167345047,0.37227643169462676,0.504609526284039
fine_control,45,polygonal_holes,41,private-source://routeA_experiments/data/prospective_ood_rd_hddm_alpha001_v2/polygonal_holes/sample_0041.npz,8c7f049970c19d0bf9df6a56540e33a405e9b6f637a802fc3a679bd78cbd2f7b,0.005251359194517136,0.07254140901267372,0.7509156628037967,0.719958707690239,0.3781673260033128,0.5211672588437796
fine_control,45,polygonal_holes,42,private-source://routeA_experiments/data/prospective_ood_rd_hddm_alpha001_v2/polygonal_holes/sample_0042.npz,6d8ce4ad2a0fbe386141c305df0df82390863da91466b3772de47905aac327ac,0.005293733440339565,0.09539458108170733,1.0340780509247058,1.0216721147298813,0.5430340889841317,0.7201723643019795
fine_control,45,polygonal_holes,43,private-source://routeA_experiments/data/prospective_ood_rd_hddm_alpha001_v2/polygonal_holes/sample_0043.npz,cce44f1d73fbe7f76182aa7fd07a69f90b93524ef2f5d7c4c6a1bb4566cb8ff9,0.005343236960470676,0.10012659985242357,1.1807473191441664,0.8990539982914925,0.49401599420234554,0.7610366578027605
fine_control,45,polygonal_holes,44,private-source://routeA_experiments/data/prospective_ood_rd_hddm_alpha001_v2/polygonal_holes/sample_0044.npz,ae4b89782186c636597bbf28ff74a3d03e0c2dbac42260653f9d140ab9229119,0.005875108763575554,0.05432222039711127,0.44787766787343347,0.6376350894570351,0.24797542407177386,0.361489789634943
fine_control,45,polygonal_holes,45,private-source://routeA_experiments/data/prospective_ood_rd_hddm_alpha001_v2/polygonal_holes/sample_0045.npz,1777cf5189ac8f43461ae20e5ef1f4c739e91a493823c36ad21eedc9d1d3abf4,0.0052816858515143394,0.07016608129946993,0.7391515672894228,0.7535339593887329,0.3520165238529443,0.4847892278432846
fine_control,45,polygonal_holes,46,private-source://routeA_experiments/data/prospective_ood_rd_hddm_alpha001_v2/polygonal_holes/sample_0046.npz,cc55794e1940c234f9da149d83ee01ead8d8277520e38b89220b19e02e70f238,0.005353315733373165,0.10216787807089364,1.7916170906089128,1.1941633974201977,0.5443787632742896,0.809227303955704
fine_control,45,polygonal_holes,47,private-source://routeA_experiments/data/prospective_ood_rd_hddm_alpha001_v2/polygonal_holes/sample_0047.npz,7f42f867baf3b1c126f27ae2157ef3dd2a34a07d8d1a1f5aead8d062722664f9,0.005957268178462982,0.07217402344333454,0.751591953892662,0.9836200326681137,0.39520790874958006,0.552725865319371
fine_control,45,polygonal_holes,48,private-source://routeA_experiments/data/prospective_ood_rd_hddm_alpha001_v2/polygonal_holes/sample_0048.npz,6e05df606b756d9cfd5f6305cc0eac033208a8444ad64ad8e48815757862935e,0.005839456804096699,0.09196401549034518,1.2095312826773015,0.9732392663136125,0.4688079148530958,0.7477812054753303
fine_control,45,polygonal_holes,49,private-source://routeA_experiments/data/prospective_ood_rd_hddm_alpha001_v2/polygonal_holes/sample_0049.npz,8e60acf35c436ea7681e8f6ecb99e7889c6309505da38ab1a1de5fdd50c8d25a,0.005550778470933437,0.0712297629179888,0.726732737386776,0.6952808797359467,0.37801237264648074,0.5092980232834816
fine_control,45,polygonal_holes,50,private-source://routeA_experiments/data/prospective_ood_rd_hddm_alpha001_v2/polygonal_holes/sample_0050.npz,67ff652aacb37c18501691c8d65846f7fd6786aa6ab39d47d601c53560a81ffb,0.005603926256299019,0.06375863108065359,0.6050443050502727,0.6282558143138885,0.3259586960077286,0.4294379541277885
fine_control,45,polygonal_holes,51,private-source://routeA_experiments/data/prospective_ood_rd_hddm_alpha001_v2/polygonal_holes/sample_0051.npz,d178ebe9f5d54994c88f44993765bce335075010cff7e29e1ff0070188cd3350,0.005299480631947517,0.10868896339078601,1.7495202366126015,0.8769701197743416,0.5591330482566264,0.7695434349949937
fine_control,45,polygonal_holes,52,private-source://routeA_experiments/data/prospective_ood_rd_hddm_alpha001_v2/polygonal_holes/sample_0052.npz,a3a862fcadf321c577317885abc8e5b33930f4e0f1c7fe81f71f61e570dec552,0.005249299108982086,0.08708017896111339,1.121408604430841,1.032691702246666,0.4407735044136642,0.6734571555256843
fine_control,45,polygonal_holes,53,private-source://routeA_experiments/data/prospective_ood_rd_hddm_alpha001_v2/polygonal_holes/sample_0053.npz,ab5fddb822d6b9316b54ab76c4527ea073e575a3e421c7d3825dddaa22fc27e5,0.0058236680924892426,0.09511617514303465,1.252369520589644,0.9374379608780146,0.503120651235804,0.6949020144343376
fine_control,45,polygonal_holes,54,private-source://routeA_experiments/data/prospective_ood_rd_hddm_alpha001_v2/polygonal_holes/sample_0054.npz,a1022a21b18e6e40b38eb55a0b8587d544f733833a4d7f12d4de108015563cc3,0.005834851413965225,0.05007692655957461,0.42651667284458616,0.519002839922905,0.2637430624105036,0.3502395802736282
fine_control,45,polygonal_holes,55,private-source://routeA_experiments/data/prospective_ood_rd_hddm_alpha001_v2/polygonal_holes/sample_0055.npz,4365d7d047747c0c5587594149f7905cf8d0fbc2fc11cdade3a1001f8d10a489,0.005866474471986294,0.08719645249504715,1.02591154101284,1.113082766532898,0.4454933806788176,0.664156798645854
fine_control,45,polygonal_holes,56,private-source://routeA_experiments/data/prospective_ood_rd_hddm_alpha001_v2/polygonal_holes/sample_0056.npz,c64e194ceeb73588bea71d967fed493a69e7f31422958700a5a894c51dad8af4,0.005547527223825455,0.07960352404572454,0.8881294549214588,0.7831554636359215,0.4274993957020342,0.5874144591018557
fine_control,45,polygonal_holes,57,private-source://routeA_experiments/data/prospective_ood_rd_hddm_alpha001_v2/polygonal_holes/sample_0057.npz,b7ec701204ebf0f91ed0f653ab9750798681ad55c0be7bccc78661334dd8a05a,0.005587573163211346,0.09218345515458376,1.4164290898547949,0.8891975432634354,0.4867673131637273,0.7274117743223906
fine_control,45,polygonal_holes,58,private-source://routeA_experiments/data/prospective_ood_rd_hddm_alpha001_v2/polygonal_holes/sample_0058.npz,d7d338d7ed7396d7013682fdeda699683e01e2e0a6b355ea8245cd50209f5837,0.005243719555437565,0.06379234518303141,0.6428259156955486,0.6681305766105652,0.3128578398376703,0.5301162178069353
fine_control,45,polygonal_holes,59,private-source://routeA_experiments/data/prospective_ood_rd_hddm_alpha001_v2/polygonal_holes/sample_0059.npz,520dc2e58678e87e5e0b109e52f119bf6f1955d7aa102dba7f2e2aa5f6870b26,0.005234821699559689,0.06504371370795273,0.7670779837200937,0.657548725605011,0.34836563728749737,0.5136245444417
fine_control,45,polygonal_holes,60,private-source://routeA_experiments/data/prospective_ood_rd_hddm_alpha001_v2/polygonal_holes/sample_0060.npz,65f37cdde81f35866d4ad5d443aea651ab7719a2aeaeacecb6c6f004e4a9a519,0.005259644240140915,0.08714344669121475,1.0359396814205566,1.0387067943811417,0.4739277880638836,0.6631024326384067
fine_control,45,polygonal_holes,61,private-source://routeA_experiments/data/prospective_ood_rd_hddm_alpha001_v2/polygonal_holes/sample_0061.npz,7743695b88cdc254e55b4fad952747f08a99a59b47940f19b05996b3aacfdd4f,0.0052802674472332,0.0957914014140856,1.1457209351867126,1.0160346366465092,0.5542783283628522,0.8094159156829118
fine_control,45,polygonal_holes,62,private-source://routeA_experiments/data/prospective_ood_rd_hddm_alpha001_v2/polygonal_holes/sample_0062.npz,277f1102a42eb919881a684fdf02f8fe32f35c413c403026302cd12d4097853a,0.00532930251210928,0.08888045482100197,0.8382055961949093,0.8349730223417282,0.4337345998734235,0.6227466587722301
fine_control,45,polygonal_holes,63,private-source://routeA_experiments/data/prospective_ood_rd_hddm_alpha001_v2/polygonal_holes/sample_0063.npz,6d764776066ab82c5cc65c85d8e8609d9930055835d54417aa78c6b4a6b03531,0.005622245371341705,0.0850478687022577,1.0654019027653756,0.9007377848029137,0.4712577288039027,0.7129318315535783
fine_control,45,polygonal_holes,64,private-source://routeA_experiments/data/prospective_ood_rd_hddm_alpha001_v2/polygonal_holes/sample_0064.npz,faf90b633e638b9635077cf9b6ad138791b71dcf9f9c87c2643fdaa9321e9469,0.005293799564242363,0.050164313646261574,0.4837677280862583,0.5108542889356613,0.2581559680402279,0.36727618250995875
fine_control,45,polygonal_holes,65,private-source://routeA_experiments/data/prospective_ood_rd_hddm_alpha001_v2/polygonal_holes/sample_0065.npz,5a1f909a1a33de701ff5e43850c8a0f624f0fe67bb2628856e8b2ff716aa4d8f,0.005304485559463501,0.07928692028981055,0.7919834324065703,0.7680524811148643,0.3829388111829756,0.6492783077061175
fine_control,45,polygonal_holes,66,private-source://routeA_experiments/data/prospective_ood_rd_hddm_alpha001_v2/polygonal_holes/sample_0066.npz,231255ce916639b7963636d7ecd7e8496e2daf50b0681c71f8c26d117d19a6a3,0.005318735726177692,0.07258497798889797,0.7228003709142469,0.7061484158039093,0.3975762762129305,0.5444898107275367
fine_control,45,polygonal_holes,67,private-source://routeA_experiments/data/prospective_ood_rd_hddm_alpha001_v2/polygonal_holes/sample_0067.npz,2ea120f390b13387af7e81bbf689609188cf789c089380be9954a01ab04383ce,0.005667421035468578,0.0799181681964506,1.1035620750841564,0.890936091542244,0.41061878055334083,0.6698199974000454
fine_control,45,polygonal_holes,68,private-source://routeA_experiments/data/prospective_ood_rd_hddm_alpha001_v2/polygonal_holes/sample_0068.npz,99dcf586e3c772fa34c409836b87dba473578ad4267323fe4c1021c49bea2156,0.005886252969503403,0.07266911989744838,0.6807063889673576,0.6694736108183861,0.3651005347608588,0.48607418753206727
fine_control,45,polygonal_holes,69,private-source://routeA_experiments/data/prospective_ood_rd_hddm_alpha001_v2/polygonal_holes/sample_0069.npz,371011e0087841ce62fd475615c1487b9008b14cc2c8239b698c21a3f404f4ae,0.005887904204428196,0.08116715607389867,0.719669672440639,1.108176976442337,0.4290330350399017,0.58045732550323
fine_control,45,polygonal_holes,70,private-source://routeA_experiments/data/prospective_ood_rd_hddm_alpha001_v2/polygonal_holes/sample_0070.npz,76a38f00a38c09a4a5e0ce282801ee31b62717ad9405afde4dfaded58ac68adf,0.005589282140135765,0.0770111787676822,0.8114940823030721,0.7600460350513458,0.39779462311416847,0.5336549992859363
fine_control,45,polygonal_holes,71,private-source://routeA_experiments/data/prospective_ood_rd_hddm_alpha001_v2/polygonal_holes/sample_0071.npz,725f819b9cff979f22d3fb2826bbeb093e79eac51bc6aeeece1bf9cca9411e3c,0.005252845585346222,0.0757188908350264,0.729520059360505,0.7495900392532349,0.41888791359961025,0.5786898760870098
fine_control,45,polygonal_holes,72,private-source://routeA_experiments/data/prospective_ood_rd_hddm_alpha001_v2/polygonal_holes/sample_0072.npz,29b11ddc75faadb72de6975449a2b31a3d5383776b7675881284f27b7dca3cab,0.0052632493898272514,0.07360744075773457,0.7005458404021943,0.8557436913251877,0.39104688675142824,0.541521492600441
fine_control,45,polygonal_holes,73,private-source://routeA_experiments/data/prospective_ood_rd_hddm_alpha001_v2/polygonal_holes/sample_0073.npz,1ab85a6c8ae26e0fbf4793862ad906cb7254045320b5796aeaa896f42f2bacd4,0.005274453200399876,0.08404112956698984,0.8562993057837597,1.0323339849710464,0.44516879078000776,0.6377840111404657
fine_control,45,polygonal_holes,74,private-source://routeA_experiments/data/prospective_ood_rd_hddm_alpha001_v2/polygonal_holes/sample_0074.npz,bacd1d3e820fbf01f8d4acce5297dc3b9f8dc25652253988c73470e23a9f8ac1,0.005348035134375095,0.07504488150011841,0.9076595884335189,0.7920276746153831,0.4102525540627538,0.5812352073192596
fine_control,45,polygonal_holes,75,private-source://routeA_experiments/data/prospective_ood_rd_hddm_alpha001_v2/polygonal_holes/sample_0075.npz,3287c7e51fa026555fd19d375af6e3d4cc8cc42fa1205cc3bfc8cd6cf1579cd3,0.00563473254442215,0.06027011545547591,0.5821094397822535,0.6794406622648239,0.30355867631733413,0.4328490310721099
fine_control,45,polygonal_holes,76,private-source://routeA_experiments/data/prospective_ood_rd_hddm_alpha001_v2/polygonal_holes/sample_0076.npz,574f2300d179a3831f3582318cd7b95acfd3405093d6a47af47ad93d2178f2e1,0.005611552856862545,0.0976903913499759,1.6095063599874306,1.1544221295043826,0.5207232989836484,0.6996493840124458
fine_control,45,polygonal_holes,77,private-source://routeA_experiments/data/prospective_ood_rd_hddm_alpha001_v2/polygonal_holes/sample_0077.npz,4376fb3c5dd37b190c566754832a3e3ba85331c8e3e4f837d406cdef3bfffa17,0.005908035673201084,0.09410445073940385,1.0236489957229995,0.8836437910795212,0.496153793670237,0.737669679671526
fine_control,45,polygonal_holes,78,private-source://routeA_experiments/data/prospective_ood_rd_hddm_alpha001_v2/polygonal_holes/sample_0078.npz,ae2f838a41311b1cab760c47b71bb43be39b91fa594b946c3571522b2c1a813d,0.0058529190719127655,0.07105975025482773,0.6574080077006644,0.6065204069018364,0.34748143274337046,0.5121301967650652
fine_control,45,polygonal_holes,79,private-source://routeA_experiments/data/prospective_ood_rd_hddm_alpha001_v2/polygonal_holes/sample_0079.npz,adbb28bf9488acd23de73cd9711ec3b2e05ffc6733eb9f5e5d052cf61e664a70,0.005848347209393978,0.0879060924690513,1.1815733286221528,0.9581528939306736,0.46220749104395503,0.6785866180434822
fine_control,45,polygonal_holes,80,private-source://routeA_experiments/data/prospective_ood_rd_hddm_alpha001_v2/polygonal_holes/sample_0080.npz,4a47f541a2cd868c83938f15092e28469ad5819a5b3e93180979feb578a2ce05,0.005542732775211334,0.06955366144505534,0.7056674771196453,0.6524295806884766,0.39858454857021547,0.5514187003672123
fine_control,45,polygonal_holes,81,private-source://routeA_experiments/data/prospective_ood_rd_hddm_alpha001_v2/polygonal_holes/sample_0081.npz,4d25b3696b4e9ae0a17a8594fbd72f84735c32ee8f1f0b28d6a67a85a3343360,0.005620073527097702,0.08952162251477379,1.2124529205186294,0.9019367173314095,0.5002639923244713,0.7678079843148589
fine_control,45,polygonal_holes,82,private-source://routeA_experiments/data/prospective_ood_rd_hddm_alpha001_v2/polygonal_holes/sample_0082.npz,a6c4e742890618c770a2aba2764df55ef3584d9cf57866efbbc096b98dec6a48,0.005276956595480442,0.074616544270015,0.7110648880633519,0.6464343369007111,0.37744573429226874,0.505561423227191
fine_control,45,polygonal_holes,83,private-source://routeA_experiments/data/prospective_ood_rd_hddm_alpha001_v2/polygonal_holes/sample_0083.npz,b8eeb414ab12e5fe35f84aa19979bdbca0f1a1f75eeb25da9aad6a52d8cbeb30,0.005318104289472103,0.09010981483211906,0.8370667317321236,0.8756855130195618,0.4687629528343677,0.6744388487003743
fine_control,45,polygonal_holes,84,private-source://routeA_experiments/data/prospective_ood_rd_hddm_alpha001_v2/polygonal_holes/sample_0084.npz,67deca7af2005178ad0c93d16ab381b5a3df2ac09b8b5738e4fc2773a2546f62,0.005302025005221367,0.0673908763820297,0.597750107566211,0.6652124524116516,0.3322850884869694,0.4721325847506523
fine_control,45,polygonal_holes,85,private-source://routeA_experiments/data/prospective_ood_rd_hddm_alpha001_v2/polygonal_holes/sample_0085.npz,ddb7b814e040d8c047a4649f33bf151654d032650e5a173001aca20b14905ab3,0.005276774987578392,0.08679843875948771,1.5459781575350122,1.014420235529542,0.45081843528896554,0.7142343319207429
fine_control,45,polygonal_holes,86,private-source://routeA_experiments/data/prospective_ood_rd_hddm_alpha001_v2/polygonal_holes/sample_0086.npz,d6433754926d38ddb5772e7cb405f78b5aec43e5ca3eade0ba8b62b103a7dc27,0.005254929885268211,0.09006681863641638,1.0309028912826845,0.8663399778306484,0.41589681506156917,0.6406926646828651
fine_control,45,polygonal_holes,87,private-source://routeA_experiments/data/prospective_ood_rd_hddm_alpha001_v2/polygonal_holes/sample_0087.npz,8d3eec568a4d74c6a51e6da3cc28ade1037e57e722994fd947f5a01f53d41edf,0.005323144607245922,0.09597031061125283,1.7025060095381706,0.8718292678240687,0.5179189229384064,0.6957877191761507
fine_control,45,polygonal_holes,88,private-source://routeA_experiments/data/prospective_ood_rd_hddm_alpha001_v2/polygonal_holes/sample_0088.npz,af9662e794a12464829c6fac98a3cb18e6e3e6857c1576994cbe01eedf1f246c,0.005895424634218216,0.08848167160063415,1.1853884804089698,0.8957328945398331,0.476313800225034,0.6762040994316338
fine_control,45,polygonal_holes,89,private-source://routeA_experiments/data/prospective_ood_rd_hddm_alpha001_v2/polygonal_holes/sample_0089.npz,c5a95474e5636d974aeee3dcde6837bf3c6a3704353407477c81f4240bbdc388,0.005856291390955448,0.10448087932289205,1.5095883259438374,1.2040449841879308,0.5550911097321659,0.7778977616131305
fine_control,45,polygonal_holes,90,private-source://routeA_experiments/data/prospective_ood_rd_hddm_alpha001_v2/polygonal_holes/sample_0090.npz,69177a4934a4e7ec9786358ba08b301291e30633bfc8079703a3ad634dbe6555,0.0055525824427604675,0.0585112742352323,0.5969226177244227,0.841389536857605,0.29314993172883974,0.4506783951446414
fine_control,45,polygonal_holes,91,private-source://routeA_experiments/data/prospective_ood_rd_hddm_alpha001_v2/polygonal_holes/sample_0091.npz,017495cf13436ccb34417f1d078194fbbb1bb9e889c2a05714fdfef6208a7922,0.005276581272482872,0.09191563298155195,1.7414188245005708,0.8992689591832459,0.48849256429821253,0.7047430434962734
fine_control,45,polygonal_holes,92,private-source://routeA_experiments/data/prospective_ood_rd_hddm_alpha001_v2/polygonal_holes/sample_0092.npz,6fb319a462e5729cc33034f1576388ff60d99f8ed26dcf3ed67437d1ea1bca54,0.0052432408556342125,0.0629013141005857,0.5387233515271055,0.685883641242981,0.3041797779500484,0.40711048647761344
fine_control,45,polygonal_holes,93,private-source://routeA_experiments/data/prospective_ood_rd_hddm_alpha001_v2/polygonal_holes/sample_0093.npz,52cbc18f79056f45df5b059b191b91f8510f55d9c2edcd661f81df8375d9e0d1,0.005367554724216461,0.0786278320052976,0.9260150713326176,0.8367587029933929,0.43137827794998873,0.592375364601612
fine_control,45,polygonal_holes,94,private-source://routeA_experiments/data/prospective_ood_rd_hddm_alpha001_v2/polygonal_holes/sample_0094.npz,164da7452288a5d8a7302027741566652f575e6558c5ce9ce09db0163255c7ab,0.0053123487159609795,0.06590584743009105,0.6529928682508059,0.8047980070114136,0.3581543794367462,0.5049357378482818
fine_control,45,polygonal_holes,95,private-source://routeA_experiments/data/prospective_ood_rd_hddm_alpha001_v2/polygonal_holes/sample_0095.npz,1c76e3d378b35c6a9e36e37471d1c5bcd6e753f69e666218ce23590f33585d3e,0.005279448814690113,0.09065034857301296,1.0911617382902665,0.8884610831737518,0.4865185114147603,0.7295242214575409
fine_control,45,polygonal_holes,96,private-source://routeA_experiments/data/prospective_ood_rd_hddm_alpha001_v2/polygonal_holes/sample_0096.npz,49ad587763214bcda7cccaa69cfff09cf001c7b2c7f38d85251e3f2672a35569,0.005323557183146477,0.06635789660849936,0.5932465315786202,0.6963866204023361,0.33104444444179526,0.47041590347886075
fine_control,45,polygonal_holes,97,private-source://routeA_experiments/data/prospective_ood_rd_hddm_alpha001_v2/polygonal_holes/sample_0097.npz,8390688b322ed3b47b14ae6c8deb192bc662ca519072cc4456004520d93634eb,0.005304122343659401,0.08226415644485668,0.7575247678671351,0.7672979235649109,0.455854097008705,0.6207946968078614
fine_control,45,polygonal_holes,98,private-source://routeA_experiments/data/prospective_ood_rd_hddm_alpha001_v2/polygonal_holes/sample_0098.npz,d664b5cd66446712fa2fc0050a3eea16c06ebbf4a5f3665cb9b62018873ee112,0.0059223473072052,0.04538544836120309,0.36482446652328215,0.6125214882194996,0.22499977517873043,0.34769503116607664
fine_control,45,polygonal_holes,99,private-source://routeA_experiments/data/prospective_ood_rd_hddm_alpha001_v2/polygonal_holes/sample_0099.npz,ffb0fcbe82635372bfaaf9dfad830078cc7e245cb5df18fc4cf3ee7d7ed08f2c,0.0058969175443053246,0.0699495635842612,0.6664267628436685,0.6056960895657539,0.3613120906054973,0.4847357307374477
fine_control,45,polygonal_holes,100,private-source://routeA_experiments/data/prospective_ood_rd_hddm_alpha001_v2/polygonal_holes/sample_0100.npz,83db9e1bf734e4318e7310d414f020dde016065b78e5ec40e0bf63cbdc30cd69,0.005885004065930843,0.07764173784377716,0.8719077811534196,0.8985281810164452,0.40504162982106195,0.6330319180339574
fine_control,45,polygonal_holes,101,private-source://routeA_experiments/data/prospective_ood_rd_hddm_alpha001_v2/polygonal_holes/sample_0101.npz,628d4ef4e48f4e11212826ea73354e04acbb5cf5218cf61a5f450ffe072e463a,0.005548014305531979,0.07455764326468145,0.7703935576077725,0.6518836617469788,0.4049328368157148,0.5185026949644088
fine_control,45,polygonal_holes,102,private-source://routeA_experiments/data/prospective_ood_rd_hddm_alpha001_v2/polygonal_holes/sample_0102.npz,53967bde920053230113301d67f3965fb24710c7b37e3b7e2a11053964188c70,0.005583765916526318,0.08943811109335507,1.026769863680773,1.0531940013170242,0.4581496422179043,0.6656352300941943
fine_control,45,polygonal_holes,103,private-source://routeA_experiments/data/prospective_ood_rd_hddm_alpha001_v2/polygonal_holes/sample_0103.npz,31c2e4b05f2f012dc480a56d1b1cc60ea8f4b239b39e292c8f0a6dac54ebd19b,0.005274367518723011,0.07551054320920053,0.9149018706613397,0.7827287912368774,0.37826611269265403,0.626268036365509
fine_control,45,polygonal_holes,104,private-source://routeA_experiments/data/prospective_ood_rd_hddm_alpha001_v2/polygonal_holes/sample_0104.npz,9eb06fccb4a1502bf602c71b5f5036161537259059eb86654e50a1438639f459,0.005262840539216995,0.05259157454287763,0.46774540669036535,0.6103390902280807,0.2573436081409454,0.4154681746661663
fine_control,45,polygonal_holes,105,private-source://routeA_experiments/data/prospective_ood_rd_hddm_alpha001_v2/polygonal_holes/sample_0105.npz,95cbcc94abd4de91c834c528dda2319a03fb7099f469d400f93c5b03afcbc4a8,0.0052658431231975555,0.07621667735268277,0.8009694760053054,0.7693971022963524,0.4341606186702846,0.5616222529299557
fine_control,45,polygonal_holes,106,private-source://routeA_experiments/data/prospective_ood_rd_hddm_alpha001_v2/polygonal_holes/sample_0106.npz,98106d828e41a1c5eb346df2a0b0a1e1e58665b84eceba9935ef6099e5563495,0.005299275740981102,0.09434461953363382,1.6038201623179702,0.9949228628538549,0.47982076720800226,0.7135124356579036
fine_control,45,polygonal_holes,107,private-source://routeA_experiments/data/prospective_ood_rd_hddm_alpha001_v2/polygonal_holes/sample_0107.npz,9cbd0d60ca7ebba2116f8c16d91b310978edea4d0da468204842b7a23670a89d,0.005289311520755291,0.08371058943447471,1.045961374659216,1.0041853040456772,0.44176986776292293,0.7215028680860995
fine_control,45,polygonal_holes,108,private-source://routeA_experiments/data/prospective_ood_rd_hddm_alpha001_v2/polygonal_holes/sample_0108.npz,b9853bfdbfac230c0bfabbae3453e3f905065de73973a4e6e03d679b043f8a93,0.005350450053811073,0.07118116005320997,0.73400343636248,0.98183873295784,0.3478461861610412,0.507883641347289
fine_control,45,polygonal_holes,109,private-source://routeA_experiments/data/prospective_ood_rd_hddm_alpha001_v2/polygonal_holes/sample_0109.npz,ad81e157b0fe4b56f9cb232ff544261abab7b40e2fd40998cf5365e8c2ecbf9c,0.005321723408997059,0.09666888120506582,1.5719940989321384,0.9604287073016167,0.5069554788060484,0.6941309835808351
fine_control,45,polygonal_holes,110,private-source://routeA_experiments/data/prospective_ood_rd_hddm_alpha001_v2/polygonal_holes/sample_0110.npz,2379cde8dfcb4012259c110621bb82cac632e8758fc6470fc5fb50c0d6567705,0.005602013319730759,0.07660683265819586,0.8730637878032447,0.9458065405488014,0.42333387974649667,0.6224189456552267
fine_control,45,polygonal_holes,111,private-source://routeA_experiments/data/prospective_ood_rd_hddm_alpha001_v2/polygonal_holes/sample_0111.npz,e77470dcfcba1f6bdb33c318c2e6cecb38ae797f62d39e0bb08e7a08dd6e974a,0.005604970268905163,0.07231447266550302,0.8308541606357245,0.960796058177948,0.3933523267507553,0.5953861819207668
fine_control,45,polygonal_holes,112,private-source://routeA_experiments/data/prospective_ood_rd_hddm_alpha001_v2/polygonal_holes/sample_0112.npz,88df74d2052fa5cb450aa5d9be2814b467df7bbe8db5582a180089122655cee2,0.0058187516406178474,0.060755347998478,0.5821546524279799,0.8063375353813171,0.3103914037346838,0.4440626945346593
fine_control,45,polygonal_holes,113,private-source://routeA_experiments/data/prospective_ood_rd_hddm_alpha001_v2/polygonal_holes/sample_0113.npz,3a1fa1b65775b0275cf639b12a72525a77828d847796be0e003df1bdbad952ec,0.005545581690967083,0.06580208337209645,0.6092633485569996,0.7419141083955765,0.3485208839178085,0.4426062859594822
fine_control,45,polygonal_holes,114,private-source://routeA_experiments/data/prospective_ood_rd_hddm_alpha001_v2/polygonal_holes/sample_0114.npz,ee8527e088d5dac6fcb1c475159e6c302f9ad53ec6da27fe11138620a0ca68fd,0.005234868265688419,0.09068792104467156,0.9567236535348433,1.0852775983512402,0.47690460160374637,0.6603731484711168
fine_control,45,polygonal_holes,115,private-source://routeA_experiments/data/prospective_ood_rd_hddm_alpha001_v2/polygonal_holes/sample_0115.npz,f7ffa5978118fd94c3600a0f477fa283eca44223a4090163c2e4bf5b6bcf3f85,0.0052914684638381,0.056715807763863875,0.5434472305148588,0.6837414801120758,0.26919730070512743,0.38558196306228637
fine_control,45,polygonal_holes,116,private-source://routeA_experiments/data/prospective_ood_rd_hddm_alpha001_v2/polygonal_holes/sample_0116.npz,40826f4a1aca3233236ea6a2e03d2f7953a031f2a735af2bc36b9a978760b21d,0.005598057992756367,0.08176923717244196,0.9720197869926039,1.37454055249691,0.42666944675147533,0.6285825435817242
fine_control,45,polygonal_holes,117,private-source://routeA_experiments/data/prospective_ood_rd_hddm_alpha001_v2/polygonal_holes/sample_0117.npz,e1cd5ab17ebc52bc630594c80acdbe1ac1cf83a82b72806653c360f585aa540a,0.005688618868589401,0.07475637455550005,0.6629797652419134,0.6708316504955292,0.3695102609694004,0.5093662290275096
fine_control,45,polygonal_holes,118,private-source://routeA_experiments/data/prospective_ood_rd_hddm_alpha001_v2/polygonal_holes/sample_0118.npz,e0b81737032bd6118a094dfd0c6797f942b4d7ff21e1c6636fe9e0c0fa7456e2,0.005627335049211979,0.055332881742358495,0.565444370616438,0.7277814894914627,0.27164774984121315,0.4237295478768646
fine_control,45,polygonal_holes,119,private-source://routeA_experiments/data/prospective_ood_rd_hddm_alpha001_v2/polygonal_holes/sample_0119.npz,274e7d80ddc1fb4c43974f1671c4b357b5fd97510b63ae2caa29395f57fb9bd2,0.005697974003851414,0.0942519023861386,1.0038596026703228,1.052461825311184,0.5227189421653744,0.7174603456258773
fine_control,45,polygonal_holes,120,private-source://routeA_experiments/data/prospective_ood_rd_hddm_alpha001_v2/polygonal_holes/sample_0120.npz,a6dd086ec33a9883183e8a146acf4fded479067a6034fee0630258588079fc8d,0.005888689309358597,0.05589186790813301,0.5783596066539527,0.5779986083507538,0.26914133206009866,0.43304665315896235
fine_control,45,polygonal_holes,121,private-source://routeA_experiments/data/prospective_ood_rd_hddm_alpha001_v2/polygonal_holes/sample_0121.npz,ac81dd72fd79f7e2354039b8d04c60f5f5bbfca723e2447359de622ff26efbb1,0.005534588359296322,0.09139185755427093,1.3944313573597884,0.9043262600898743,0.4975287042558193,0.7623673778772354
fine_control,45,polygonal_holes,122,private-source://routeA_experiments/data/prospective_ood_rd_hddm_alpha001_v2/polygonal_holes/sample_0122.npz,759193356a467c09e2b8edbb533e17359fce60da51877df5de5350a541b599c5,0.005643478594720364,0.086948248109028,1.0572256425527715,0.7774979770183563,0.44530768711119884,0.6552761676907538
fine_control,45,polygonal_holes,123,private-source://routeA_experiments/data/prospective_ood_rd_hddm_alpha001_v2/polygonal_holes/sample_0123.npz,043378324eecf8d22f90a8b04f7e31a6758753cb437e9e0dfbe72c96271d4ff4,0.005266500636935234,0.04518717830388091,0.38196576906902324,0.6595534980297089,0.2377388060092926,0.3486190573126077
fine_control,45,polygonal_holes,124,private-source://routeA_experiments/data/prospective_ood_rd_hddm_alpha001_v2/polygonal_holes/sample_0124.npz,cd51fc274b14dfb5fac39f5cfe064e526357b88b7d094e98b25666df1b414ebf,0.0052304938435554504,0.08026028611882427,0.7500709037732575,0.7640001624822617,0.42274571303278197,0.644213781952858
fine_control,45,polygonal_holes,125,private-source://routeA_experiments/data/prospective_ood_rd_hddm_alpha001_v2/polygonal_holes/sample_0125.npz,ed9c8de9705fd444fe459e4bfda13bcb047be60ede95d8334f14a4765b9738c1,0.0052981898188591,0.08061169093516352,0.8530183453966658,0.9158612489700317,0.4359124605543909,0.6282382591813802
fine_control,45,polygonal_holes,126,private-source://routeA_experiments/data/prospective_ood_rd_hddm_alpha001_v2/polygonal_holes/sample_0126.npz,665752506b08a3f3e3fe30b2921a1800be6cc7503caeb2bbb5078b9732f246a1,0.005284806713461876,0.08646240974081137,0.8844538613422872,0.8146185725927353,0.4832248220220207,0.6249689472839236
fine_control,45,polygonal_holes,127,private-source://routeA_experiments/data/prospective_ood_rd_hddm_alpha001_v2/polygonal_holes/sample_0127.npz,c816a31178bdc5d064cf91181e9c7932847ba43e355ab3c1d6ccd62738e6e38a,0.005261723883450031,0.08356698960754633,0.9425721993648764,0.9922258704900742,0.41411779597401616,0.6343202333152294
fine_control,45,polygonal_holes,128,private-source://routeA_experiments/data/prospective_ood_rd_hddm_alpha001_v2/polygonal_holes/sample_0128.npz,1ff4fae644b7094e6f782b7b687fd6b1fbd82aac67e72ea7769b3fb09fa6e48f,0.005282157100737095,0.07019500092403405,0.6487217738354342,0.6386750489473343,0.36426239237189284,0.5453455024957656
fine_control,45,polygonal_holes,129,private-source://routeA_experiments/data/prospective_ood_rd_hddm_alpha001_v2/polygonal_holes/sample_0129.npz,304ae224f67a5af8163de1ab49c40dd4fedca4580b143be96af616abffc6891f,0.005303661338984966,0.08039565305966208,0.8808040771026315,1.022627331316471,0.4163278258871286,0.5557191932946444
fine_control,45,polygonal_holes,130,private-source://routeA_experiments/data/prospective_ood_rd_hddm_alpha001_v2/polygonal_holes/sample_0130.npz,e1ce49f7ee7274aa7c46a7774918dbf0b33c86fdbf83110ebf21a577b52b49c2,0.005294365808367729,0.065349626828054,0.6573534703457121,0.7618922740221024,0.3660624744370579,0.531692020073533
fine_control,45,polygonal_holes,131,private-source://routeA_experiments/data/prospective_ood_rd_hddm_alpha001_v2/polygonal_holes/sample_0131.npz,ed41aea98fee101c256811beb8de8b6cd7eaa2613cc541b40b00b980b3f85711,0.0052774082869291306,0.0479118984300395,0.42757867515192616,0.6573297083377838,0.23166016638278952,0.3340508536994457
fine_control,45,polygonal_holes,132,private-source://routeA_experiments/data/prospective_ood_rd_hddm_alpha001_v2/polygonal_holes/sample_0132.npz,f6a02e95496e34f2bd023b24cbfad8d8efcd430331804e20e35c1a3a87b3105a,0.005951307713985443,0.08987772107462143,0.9261809540363446,0.9250704869627953,0.48954403176903694,0.7143598566949367
fine_control,45,polygonal_holes,133,private-source://routeA_experiments/data/prospective_ood_rd_hddm_alpha001_v2/polygonal_holes/sample_0133.npz,2d0b9657c30dbaee8ac6254ea143fd42d06b5d9334a9daae61f959b4d768189d,0.005844797007739544,0.0666555954486244,0.7673720887379923,0.8040751665830612,0.3753259867429733,0.6566395919024944
fine_control,45,polygonal_holes,134,private-source://routeA_experiments/data/prospective_ood_rd_hddm_alpha001_v2/polygonal_holes/sample_0134.npz,6fc1d8ad41d98e5533dcb17000bd621df4413b0bc230e17a01f9f1042863dc00,0.0057985372841358185,0.05810091294500972,0.5117750591104586,0.6347877830266953,0.2882130146026611,0.4247430704534053
fine_control,45,polygonal_holes,135,private-source://routeA_experiments/data/prospective_ood_rd_hddm_alpha001_v2/polygonal_holes/sample_0135.npz,5f7f06f2a09a51cb1bdbf1f8f76c7dcebd7292b16ad5d06e2bd7e5e2a241a7b4,0.005948950536549091,0.09665931240514586,1.4849925709109895,1.1176909133791924,0.5199518332257866,0.7319836157560349
fine_control,45,polygonal_holes,136,private-source://routeA_experiments/data/prospective_ood_rd_hddm_alpha001_v2/polygonal_holes/sample_0136.npz,00531c0b831dc08973faac55a2933c5636dd9ca8276c59ce5b933fd5d249b087,0.005829818546772003,0.06907515984863279,0.6022680158398432,0.8489316254854202,0.3705881567671894,0.5421573835611342
fine_control,45,polygonal_holes,137,private-source://routeA_experiments/data/prospective_ood_rd_hddm_alpha001_v2/polygonal_holes/sample_0137.npz,d001d2eb3c3220ffed4f07f5378b2f2433947704e933286823ec2f721961990d,0.005533420480787754,0.08447743373187677,0.8559538715067865,1.1297319531440735,0.43063993221148844,0.6396888091415167
fine_control,45,polygonal_holes,138,private-source://routeA_experiments/data/prospective_ood_rd_hddm_alpha001_v2/polygonal_holes/sample_0138.npz,f220ed2d2bb7df025848597f7eaca2bacd1707ff56291afdc47c8afdf6b2c8b5,0.005607495084404945,0.07474668045685978,0.6359062826012613,0.7130307555198669,0.3729994542896746,0.5855867558717728
fine_control,45,polygonal_holes,139,private-source://routeA_experiments/data/prospective_ood_rd_hddm_alpha001_v2/polygonal_holes/sample_0139.npz,17b888ed07f6657c9849c552aad413cfe46048c4c7895f05178724c0fa7f87ca,0.005523110739886761,0.08791043923375937,0.9870623535832291,0.8491497226059437,0.43804240599274613,0.6707371861487627
fine_control,45,polygonal_holes,140,private-source://routeA_experiments/data/prospective_ood_rd_hddm_alpha001_v2/polygonal_holes/sample_0140.npz,e02540d429db3b7126f4bff11bc5fa61a336ec8a85e95e0c1221371ba5a47ef6,0.005609121173620224,0.09367092924534265,1.2953875379040292,1.0243666470050812,0.47553705275058744,0.6878111518546939
fine_control,45,polygonal_holes,141,private-source://routeA_experiments/data/prospective_ood_rd_hddm_alpha001_v2/polygonal_holes/sample_0141.npz,bb22d84f5f6c83f45e1de2d4ab15f3186ec26d2a148f8904619bdd7a66c8171f,0.005561964586377144,0.07165788842393314,0.760689258540252,0.8034835308790207,0.3765597876161337,0.5865892501920461
fine_control,45,polygonal_holes,142,private-source://routeA_experiments/data/prospective_ood_rd_hddm_alpha001_v2/polygonal_holes/sample_0142.npz,a1cc8c41b7c1a468be244e07ec2ff48e53d77459c7644d4e6eb2022f904ed782,0.005269985646009445,0.08780298720177143,1.1138472087408546,0.7797617465257645,0.4546330508310347,0.6701078119874
fine_control,45,polygonal_holes,143,private-source://routeA_experiments/data/prospective_ood_rd_hddm_alpha001_v2/polygonal_holes/sample_0143.npz,4b97a95ed4fe7c8cb1b5fa7d4ef80edede472fcfc57e6cfa5eadb9c8a4df27a5,0.00526487547904253,0.09939207014289404,1.6006281891259873,1.0633482672274113,0.5340507130138575,0.6735808807238935
fine_control,45,polygonal_holes,144,private-source://routeA_experiments/data/prospective_ood_rd_hddm_alpha001_v2/polygonal_holes/sample_0144.npz,3acfb67f378c2daf8e69098ba9558f45f6fc6a8a6e8672333f2e8c054a6bc2bf,0.00529423076659441,0.09480981575439001,1.4404041254749853,0.9532208926975727,0.5004403471946716,0.7659187466278672
fine_control,45,polygonal_holes,145,private-source://routeA_experiments/data/prospective_ood_rd_hddm_alpha001_v2/polygonal_holes/sample_0145.npz,b65d0851c245b707a2ac32228f305f7569c9d1859d64e5f4927b75c27e5a7c2b,0.005620535463094711,0.0856375128826547,0.8208545969363725,0.8077989369630814,0.4522462520748376,0.6360553979128599
fine_control,45,polygonal_holes,146,private-source://routeA_experiments/data/prospective_ood_rd_hddm_alpha001_v2/polygonal_holes/sample_0146.npz,201b532444ea007bfb07628e9165c885156dffac34abbcb9c7006c661f8345f2,0.0056709181517362595,0.07798400343283093,0.814110662022016,0.7657183036208153,0.38756522145122285,0.5598479608073831
fine_control,45,polygonal_holes,147,private-source://routeA_experiments/data/prospective_ood_rd_hddm_alpha001_v2/polygonal_holes/sample_0147.npz,d9d3e2c0e75e05c8d6a983a93cdbeec7eefce5027ca61ee3fe73ed223cb22f7a,0.005887111648917198,0.09608387342655647,1.025298440719254,0.8771352618932724,0.4689161515329033,0.6835319929569958
fine_control,45,polygonal_holes,148,private-source://routeA_experiments/data/prospective_ood_rd_hddm_alpha001_v2/polygonal_holes/sample_0148.npz,fed8390888705bfd8ae6d9f074b0386d8310a40128ec7eed3742e6689c9930f5,0.0058304909616708755,0.06623197301008077,0.6323160325594434,0.7047156691551208,0.34840008020401,0.47841607302427286
fine_control,45,polygonal_holes,149,private-source://routeA_experiments/data/prospective_ood_rd_hddm_alpha001_v2/polygonal_holes/sample_0149.npz,1fc1409b3b58a0ee4fe9462eb8610281be13a9e52d04be45b8155c8b093b6826,0.005581723526120186,0.05859481444391754,0.5010516824057687,0.5373152494430542,0.2840445076115428,0.42199526503682133
fine_control,45,polygonal_holes,150,private-source://routeA_experiments/data/prospective_ood_rd_hddm_alpha001_v2/polygonal_holes/sample_0150.npz,2757539f9ec46c666cbf7b9c228a40503df7a8a8f2124fac5c87a43bd9ed14dc,0.005276390351355076,0.08948779241909467,1.4767969795211746,1.01799001917243,0.4813930826727299,0.6586680782586334
fine_control,45,polygonal_holes,151,private-source://routeA_experiments/data/prospective_ood_rd_hddm_alpha001_v2/polygonal_holes/sample_0151.npz,891875b4effc70758dab8ca57b0d6819863a7b492d90d1bfdb2bd22bc48d0cad,0.005348094739019871,0.08540379793132968,0.8946066641514339,0.9038835614919662,0.4649191261269151,0.7307544095814228
fine_control,45,polygonal_holes,152,private-source://routeA_experiments/data/prospective_ood_rd_hddm_alpha001_v2/polygonal_holes/sample_0152.npz,56b12d3d13026cd3288b7c1885cbd85b8a1bc4dc3f9807dd8858aa67d50f721d,0.005319853313267231,0.08977287602208933,0.9104879452907771,1.056404784321785,0.4395083820447325,0.6721905667334795
fine_control,45,polygonal_holes,153,private-source://routeA_experiments/data/prospective_ood_rd_hddm_alpha001_v2/polygonal_holes/sample_0153.npz,af02edfbeda154165dee016399e47068fbe6b8c0e34593331fe7bf97c763c6ed,0.005287361331284046,0.06572743932933413,0.5415481311943979,0.7331174612045288,0.3170878369361162,0.4678734749555587
fine_control,45,polygonal_holes,154,private-source://routeA_experiments/data/prospective_ood_rd_hddm_alpha001_v2/polygonal_holes/sample_0154.npz,9f4d2ecf074b40c504140d8737b60ab86136700c126bd6eada3ce22b6faeb44d,0.005589824169874191,0.09672471931623543,1.836850435840098,0.9404876753687859,0.5511758748209102,0.7166846360545606
fine_control,45,polygonal_holes,155,private-source://routeA_experiments/data/prospective_ood_rd_hddm_alpha001_v2/polygonal_holes/sample_0155.npz,b861e6158554f60e3b28f76ec9b128a9430ba6efcbba4fe54c56e55939f03657,0.005896576680243015,0.07748485262770417,0.7616833916369937,1.0604975819587708,0.38607180286198844,0.49778666615486145
fine_control,45,polygonal_holes,156,private-source://routeA_experiments/data/prospective_ood_rd_hddm_alpha001_v2/polygonal_holes/sample_0156.npz,14ef70e1036b06a4abd5ecf0c058f87e16a946222fa519b8f637fc45a36d83e7,0.005838396959006786,0.06039765993655035,0.5723073131296037,0.6181526184082031,0.30521722390549255,0.43424238845705987
fine_control,45,polygonal_holes,157,private-source://routeA_experiments/data/prospective_ood_rd_hddm_alpha001_v2/polygonal_holes/sample_0157.npz,43dda95c9977101aa286a63d0342e83b3917f584fe93b176f50bf6a8863ee6ed,0.0055792368948459625,0.06528402077105057,0.5858425162738393,0.6092078536748886,0.3463123811641708,0.5091892486810684
fine_control,45,polygonal_holes,158,private-source://routeA_experiments/data/prospective_ood_rd_hddm_alpha001_v2/polygonal_holes/sample_0158.npz,d857465c10a280a070d862005f23339c491f8fbd2446b9a5938d6bcd7a0b3a1a,0.005248280242085457,0.06096127880264546,0.6937431507142507,0.7646056860685349,0.28663428202271457,0.47866874903440465
fine_control,45,polygonal_holes,159,private-source://routeA_experiments/data/prospective_ood_rd_hddm_alpha001_v2/polygonal_holes/sample_0159.npz,f59261ba874c415e72210524ff86466ef1835ff128db62c36864a13b554ff470,0.005244485102593899,0.07654078653321347,0.8035215338089529,0.743303544819355,0.3906426474452018,0.5332992068678141
fine_control,45,polygonal_holes,160,private-source://routeA_experiments/data/prospective_ood_rd_hddm_alpha001_v2/polygonal_holes/sample_0160.npz,39068f5d74d06b40549535b8f9ac00e3990cbbfd5ed4bbbfc7773dab1ec0dbbe,0.005249137990176678,0.09077984595226377,0.998772181664425,1.1783609241247177,0.43197149224579334,0.6401065541803836
fine_control,45,polygonal_holes,161,private-source://routeA_experiments/data/prospective_ood_rd_hddm_alpha001_v2/polygonal_holes/sample_0161.npz,e0831b7cf1e199a8bcddde4a7ba63fda2ec5358332f83876dc46e76b7a76fe72,0.005272998474538326,0.09410178224914824,1.2129408653095801,0.9823895990848541,0.4614270366728306,0.6722317676991224
fine_control,45,polygonal_holes,162,private-source://routeA_experiments/data/prospective_ood_rd_hddm_alpha001_v2/polygonal_holes/sample_0162.npz,b57aaa46bc4b1f2b322a5c732792b6b0b627be08d494a2d21be8f93f764c1355,0.005328267812728882,0.07946072941228825,0.7453692663778412,0.7373823523521423,0.41858268119394776,0.5642400363832712
fine_control,45,polygonal_holes,163,private-source://routeA_experiments/data/prospective_ood_rd_hddm_alpha001_v2/polygonal_holes/sample_0163.npz,1a3ca61d865205982770fbfd89f746ec95c9b76d83a2d8a357c31ac000e4dac4,0.0052740005776286125,0.06453919184059184,0.5527646611039783,0.5234809815883636,0.3132533464580774,0.41624072805047035
fine_control,45,polygonal_holes,164,private-source://routeA_experiments/data/prospective_ood_rd_hddm_alpha001_v2/polygonal_holes/sample_0164.npz,5d1ee014dbbe40884070a5a39acff629da86c4954a0b4ab2c84a9004a2202fd6,0.0059226080775260925,0.08584958346161635,1.3672131693540797,0.834940031170845,0.4827129486948252,0.7120154406223446
fine_control,45,polygonal_holes,165,private-source://routeA_experiments/data/prospective_ood_rd_hddm_alpha001_v2/polygonal_holes/sample_0165.npz,259bca01e7e1d1c29bce2b41b1f1875945b910b6f1079e0f915a7977b1e9f893,0.005864992737770081,0.07552817085743754,0.8064761316240516,0.7726520448923111,0.37488910914398715,0.5545921625941991
fine_control,45,polygonal_holes,166,private-source://routeA_experiments/data/prospective_ood_rd_hddm_alpha001_v2/polygonal_holes/sample_0166.npz,3d0e83e51a41e5c75d0f593269bfee27d32a16acbae58e27343d22ebcff431fa,0.005600249394774437,0.07886089709868455,0.8199489704320216,0.8285703733563423,0.41314335789356843,0.6038470615446567
fine_control,45,polygonal_holes,167,private-source://routeA_experiments/data/prospective_ood_rd_hddm_alpha001_v2/polygonal_holes/sample_0167.npz,5a819bbcff1e88f2e84bade5f00f2f6aa0ce4917add5aa7ae2c972f7f2b2cd18,0.0055782245472073555,0.07650377100726764,0.7927981063605607,0.818127229809761,0.40484933629632,0.5546033511310816
fine_control,45,polygonal_holes,168,private-source://routeA_experiments/data/prospective_ood_rd_hddm_alpha001_v2/polygonal_holes/sample_0168.npz,a7cfabc5b8b40f9786fdf3721f364f746da39dc5df704ef1420678ea5be4ac01,0.005239625461399555,0.0993031153475131,1.2113102803115783,0.901075541973114,0.5285776367411016,0.7363790809363127
fine_control,45,polygonal_holes,169,private-source://routeA_experiments/data/prospective_ood_rd_hddm_alpha001_v2/polygonal_holes/sample_0169.npz,f8b53cb3fd333ee1cb8d8489fc281f46ff7543a5218086725429358ac90c93cd,0.0052851103246212006,0.10199636892020174,1.083075572448388,1.094582736492157,0.5377640467137097,0.7999531301110981
fine_control,45,polygonal_holes,170,private-source://routeA_experiments/data/prospective_ood_rd_hddm_alpha001_v2/polygonal_holes/sample_0170.npz,531ec76af332ab8ef01be90231b69e059e9a8934f0f93d6913fbf46d169de030,0.005307992920279503,0.06297018754731147,0.5723088697517698,0.5701430439949036,0.33210724145174014,0.4538803174346685
fine_control,45,polygonal_holes,171,private-source://routeA_experiments/data/prospective_ood_rd_hddm_alpha001_v2/polygonal_holes/sample_0171.npz,947ccbec00e5e3b68cdd69f3e3e633bff7ae1f93b4726f7be992a025d3253c92,0.005758634768426418,0.09582367901443127,1.0179870288505484,0.8989947885274887,0.4929341765120625,0.7436619847267864
fine_control,45,polygonal_holes,172,private-source://routeA_experiments/data/prospective_ood_rd_hddm_alpha001_v2/polygonal_holes/sample_0172.npz,8f15a2b58c17b5976e89c7be705afee763ca28bc4cc10a072fc3068929a6a3fa,0.005837659351527691,0.09167748141593772,1.094277099981024,0.8866226226091385,0.4729939999990164,0.6857156760990619
fine_control,45,polygonal_holes,173,private-source://routeA_experiments/data/prospective_ood_rd_hddm_alpha001_v2/polygonal_holes/sample_0173.npz,44717b5111981b568d6b881d94fc32b107d2c09e4f89110f752fe8fd098ba1a9,0.005630438216030598,0.0804663407127793,0.7450638094803783,0.8195528090000153,0.43672357955947516,0.6261060979217291
fine_control,45,polygonal_holes,174,private-source://routeA_experiments/data/prospective_ood_rd_hddm_alpha001_v2/polygonal_holes/sample_0174.npz,8b214cc2dccfbd9eeba4a0bbf1cf9592ace0d59fad777f0c1ef1da18aa1c1886,0.00581668596714735,0.07120538817854266,0.7685817489208953,0.8730238229036331,0.3795125628821552,0.5764366009831429
fine_control,45,polygonal_holes,175,private-source://routeA_experiments/data/prospective_ood_rd_hddm_alpha001_v2/polygonal_holes/sample_0175.npz,0704e3f9778f3aedbd42b0385e81de58d71e4c2be75d9f126126775ca2425f28,0.005596204660832882,0.06093155822893904,0.5336904781311915,0.6083055138587952,0.2832510738633573,0.485097903907299
fine_control,45,polygonal_holes,176,private-source://routeA_experiments/data/prospective_ood_rd_hddm_alpha001_v2/polygonal_holes/sample_0176.npz,a85484a8662f15305a5e709f13d1fa525a418acb00e7250756949427976b2dd8,0.0053347693756222725,0.08622319516019944,1.1013729629953035,1.0330684147775173,0.4350775748491287,0.6259243731200693
fine_control,45,polygonal_holes,177,private-source://routeA_experiments/data/prospective_ood_rd_hddm_alpha001_v2/polygonal_holes/sample_0177.npz,e0a3dc9763664c7fd06c84abf04a136fb5cdfe6c731d8094dd3d83ab720c189f,0.005247830413281918,0.09259940688422247,1.409622342877682,0.9121293276548386,0.4697647277265786,0.6875919392704963
fine_control,45,polygonal_holes,178,private-source://routeA_experiments/data/prospective_ood_rd_hddm_alpha001_v2/polygonal_holes/sample_0178.npz,481ca6c6499705706c2f66d7e79f45ecb746cb561d6a77790784658abee41ffe,0.005295516923069954,0.0865048895014061,1.0064551362724268,0.894768513739109,0.4518748039379715,0.6487463046796619
fine_control,45,polygonal_holes,179,private-source://routeA_experiments/data/prospective_ood_rd_hddm_alpha001_v2/polygonal_holes/sample_0179.npz,e4bc203a85df9f9977404e82f55cafb59262bc1ce46ea6ffe3b6aa2d04c126dc,0.005295531824231148,0.05823983978869011,0.5850013205376992,0.7510464638471603,0.2748890437185764,0.3905154423043132
fine_control,45,polygonal_holes,180,private-source://routeA_experiments/data/prospective_ood_rd_hddm_alpha001_v2/polygonal_holes/sample_0180.npz,81b84fdac3eccbe8d0928bc38881f8a0dd9d9e18b35f8f47b20caa177985fd3b,0.005583802238106728,0.08535705011017616,1.172931427488829,0.8290363550186157,0.46501835882663706,0.6562888621538877
fine_control,45,polygonal_holes,181,private-source://routeA_experiments/data/prospective_ood_rd_hddm_alpha001_v2/polygonal_holes/sample_0181.npz,5b6cc5d652fa4a1c887c4b0c1e164cd672bb9f5061ad1afead3751e70b213514,0.005896025337278843,0.07666724578512912,0.756840079774125,0.7870436757802963,0.3893587108701467,0.5853756383061409
fine_control,45,polygonal_holes,182,private-source://routeA_experiments/data/prospective_ood_rd_hddm_alpha001_v2/polygonal_holes/sample_0182.npz,30d7eccb6acfa738a9e0d813c59d9fc3e7a337f419dc39e253bd748b1985e200,0.0058542704209685326,0.09150207284744612,1.0076984946567207,1.0528109967708588,0.4510409796610474,0.6467832374572753
fine_control,45,polygonal_holes,183,private-source://routeA_experiments/data/prospective_ood_rd_hddm_alpha001_v2/polygonal_holes/sample_0183.npz,1373cf2f076ba6d96d76006b9bac7cafb13fe290e1c8db8eb0a021aa3ea6a877,0.0057229530066251755,0.07819790705887372,0.7342898502667179,0.8662689328193665,0.39787787627428767,0.5442184051126241
fine_control,45,polygonal_holes,184,private-source://routeA_experiments/data/prospective_ood_rd_hddm_alpha001_v2/polygonal_holes/sample_0184.npz,ea319e2f477b8255fcaca1a8e04826d40a2c73352b1e4d184424b4c62b2442f5,0.005250111222267151,0.0734817203285894,0.8115005257545346,0.8670071214437485,0.3987006589770316,0.578215060904622
fine_control,45,polygonal_holes,185,private-source://routeA_experiments/data/prospective_ood_rd_hddm_alpha001_v2/polygonal_holes/sample_0185.npz,d003b9495650cf787afd4d3ddc6d86135228d769f54ad6312a6280421a596e3a,0.0052873119711875916,0.10263239765241089,1.5757290675301499,1.0519285947084427,0.5626291721942834,0.7416099885851144
fine_control,45,polygonal_holes,186,private-source://routeA_experiments/data/prospective_ood_rd_hddm_alpha001_v2/polygonal_holes/sample_0186.npz,842bbbe7603fa9c66898e0d3e41112951c43fa2013c25eff012bda7d90c34fc1,0.005243771709501743,0.08594842871249622,1.372782012393876,0.824740570038557,0.4700329843908547,0.6566398738045245
fine_control,45,polygonal_holes,187,private-source://routeA_experiments/data/prospective_ood_rd_hddm_alpha001_v2/polygonal_holes/sample_0187.npz,cb2d55c7982505cee18ae54c10f3a2561c5ffa076d5725faf703948555a281cd,0.0053053442388772964,0.10589358316152758,1.8942281359132074,0.9495381340384483,0.5617323607235447,0.7604298422019927
fine_control,45,polygonal_holes,188,private-source://routeA_experiments/data/prospective_ood_rd_hddm_alpha001_v2/polygonal_holes/sample_0188.npz,f3741286ab69ced697a71881032f01ee4b24b51cbaa12f72c9ef12b3e4744498,0.00565323606133461,0.05330184974290205,0.4344574633754555,0.6806344389915466,0.26902720574289557,0.45457485660910607
fine_control,45,polygonal_holes,189,private-source://routeA_experiments/data/prospective_ood_rd_hddm_alpha001_v2/polygonal_holes/sample_0189.npz,f7b805f25ec992fb94efd23e0f85f979f2cf9c135f8ef20d0de20cb17df22844,0.005899396724998951,0.10608850043182479,1.8409749010398049,1.1853907564654946,0.5717822126345709,0.7813280533161012
fine_control,45,polygonal_holes,190,private-source://routeA_experiments/data/prospective_ood_rd_hddm_alpha001_v2/polygonal_holes/sample_0190.npz,dc1bbc2f69c79f99ee4574dff06f98bba6eb04d44fc3565781bf40b6efbb07e5,0.005820540711283684,0.08985973022139825,0.9116774415981778,1.0066680163145065,0.49446468921378256,0.6751823979616165
fine_control,45,polygonal_holes,191,private-source://routeA_experiments/data/prospective_ood_rd_hddm_alpha001_v2/polygonal_holes/sample_0191.npz,f796f17a8112fa44e52a0f1a214586fb75df4a586120fd92593085ab7070cedd,0.00556948222219944,0.06779269411773725,0.6201853216465738,0.7403672635555267,0.35838434507604683,0.5235502124205231
fine_control,45,polygonal_holes,192,private-source://routeA_experiments/data/prospective_ood_rd_hddm_alpha001_v2/polygonal_holes/sample_0192.npz,dda32192ec953c5b2b30b9664a031c0b2c32c18898206a837abd68a848dc6560,0.005309523083269596,0.056304657933873035,0.5603654963355651,0.5936493873596191,0.29334046603180464,0.4409946625679731
fine_control,45,polygonal_holes,193,private-source://routeA_experiments/data/prospective_ood_rd_hddm_alpha001_v2/polygonal_holes/sample_0193.npz,a0ecfb23ec91938da78978e535237a93cd3cdb1418404474f7a4b8e5e18ecb0e,0.005243988707661629,0.06964748211862672,0.5841418826161133,0.6898469775915146,0.3348471675068139,0.5418208713084459
fine_control,45,polygonal_holes,194,private-source://routeA_experiments/data/prospective_ood_rd_hddm_alpha001_v2/polygonal_holes/sample_0194.npz,41a07014c34cd5ab4b6bf8fb836e352f25011d3d9ee8ab7718601b8708c98a50,0.0052611976861953735,0.04860408440221565,0.4174228150596107,0.5377718706149608,0.2393039047718047,0.3546899031847714
fine_control,45,polygonal_holes,195,private-source://routeA_experiments/data/prospective_ood_rd_hddm_alpha001_v2/polygonal_holes/sample_0195.npz,bd513e0febd4c5373d80e2b7dcdd2b9486ed4ac7e6bc9ee5eb9dc273983b9ffe,0.005319626070559025,0.10217497922621036,1.640598887497113,1.018069458892569,0.5206498194835149,0.7212694994127378
fine_control,45,polygonal_holes,196,private-source://routeA_experiments/data/prospective_ood_rd_hddm_alpha001_v2/polygonal_holes/sample_0196.npz,cb48f01e7dd800b18ce7cbe2c18858c2d9a44d38e5be7cf20f5254eafdbd0bf2,0.005301663652062416,0.07943948712183076,0.8535245525817434,0.9002853035926819,0.42644507708027957,0.6445227789878842
fine_control,45,polygonal_holes,197,private-source://routeA_experiments/data/prospective_ood_rd_hddm_alpha001_v2/polygonal_holes/sample_0197.npz,d9edb4456fdfb320e3e8eddde4e164e04f26d3682accae421c9cb62372882d05,0.005290591157972813,0.06713410662039249,0.6087481744701175,0.6063266452401876,0.37100266981869934,0.4732483211904764
fine_control,45,polygonal_holes,198,private-source://routeA_experiments/data/prospective_ood_rd_hddm_alpha001_v2/polygonal_holes/sample_0198.npz,2bb222fb19e2658b1507bbec54c6820e146fa9b42297978674b5e3f02f9f1c57,0.0059198495000600815,0.064119018966688,0.6152565456495677,0.5828655958175659,0.35364710502326485,0.49432571828365324
fine_control,45,polygonal_holes,199,private-source://routeA_experiments/data/prospective_ood_rd_hddm_alpha001_v2/polygonal_holes/sample_0199.npz,2eec775368a54d0cff3644f18d86a5d5b2aa3329ce09ee599ee904145cc74303,0.005826960317790508,0.048424011338676236,0.4361026047313925,0.5507690981030464,0.2375818483531475,0.37315806232392784
fine_control,45,star_concave,0,private-source://routeA_experiments/data/prospective_ood_rd_hddm_alpha001_v2/star_concave/sample_0000.npz,009d2bb9aad63b794132f3b8fa2904650b88fb7b6b2d61561be4048deacc458b,0.20370257645845413,0.11480168644095003,0.7172012399147262,0.6599252447485924,0.43485460281372057,0.513744466304779
fine_control,45,star_concave,1,private-source://routeA_experiments/data/prospective_ood_rd_hddm_alpha001_v2/star_concave/sample_0001.npz,4e70bd655e98ee3d6e109ea5eb742794f0fa72f85104a738094fee80b6acaf70,0.006088354624807835,0.10955496145702297,0.56387572126033,0.7135550603270531,0.41819469705224066,0.5487795200943948
fine_control,45,star_concave,2,private-source://routeA_experiments/data/prospective_ood_rd_hddm_alpha001_v2/star_concave/sample_0002.npz,fb14453d8d3f30cf873c46a5e14b387674862f03260073cd0d05ebb7cb7f1faa,0.005889181979000568,0.13370646760700833,0.9235475757314868,0.840603232383728,0.514675928838551,0.64015881896019
fine_control,45,star_concave,3,private-source://routeA_experiments/data/prospective_ood_rd_hddm_alpha001_v2/star_concave/sample_0003.npz,7b84face7333f39614fc62902f773a61730f623c80ef7fa990749cc5c4756204,0.005485497415065765,0.09279325180274167,0.5495478947632821,0.5613879188895226,0.37203662395477255,0.4731650620698929
fine_control,45,star_concave,4,private-source://routeA_experiments/data/prospective_ood_rd_hddm_alpha001_v2/star_concave/sample_0004.npz,51a91eacf8ce921d71c6041d09cfae819f22d841cf2ffd3c2df664040d51186e,0.005416226573288441,0.11407018697797729,0.5746720040978243,0.7660751044750214,0.4628666073083877,0.5950711441040041
fine_control,45,star_concave,5,private-source://routeA_experiments/data/prospective_ood_rd_hddm_alpha001_v2/star_concave/sample_0005.npz,6e222ada1b7d437bd5643c1ff273ebd5652f1f27b6415d45a1958ab41cdbedf5,0.005254172720015049,0.07965294292327939,0.40832998483168265,0.5533671975135803,0.35039495229721057,0.486222789883614
fine_control,45,star_concave,6,private-source://routeA_experiments/data/prospective_ood_rd_hddm_alpha001_v2/star_concave/sample_0006.npz,b575a4b1e23727607195accc5ab1eb6869a2fe6423bab8f28602429896d7ffb8,0.005636563524603844,0.07452722585640213,0.3809715394733943,0.5235454812645912,0.28537718057632416,0.38372557714581496
fine_control,45,star_concave,7,private-source://routeA_experiments/data/prospective_ood_rd_hddm_alpha001_v2/star_concave/sample_0007.npz,f97196e6f221830b1e3373486ee49466c07c1eb5991df8cbb16605589a488f5d,0.0055671026930212975,0.11316474741827988,0.654414017618916,0.8458436578512192,0.41949273496866213,0.5467254168540236
fine_control,45,star_concave,8,private-source://routeA_experiments/data/prospective_ood_rd_hddm_alpha001_v2/star_concave/sample_0008.npz,244ac733232159a2a5cf34edfc0a50b5a2b69b36712de1f4063f137198172f85,0.005438370630145073,0.07868121621489634,0.42176498201788004,0.5034668147563934,0.30915404558181775,0.4248336400091651
fine_control,45,star_concave,9,private-source://routeA_experiments/data/prospective_ood_rd_hddm_alpha001_v2/star_concave/sample_0009.npz,865cc26d2e038bce27105da09cc105452f707c4d4a4472925cb326eed10ece20,0.00591491162776947,0.09728640059550309,0.5563649354258129,0.5386073738336563,0.3739267349243164,0.49266996994614587
fine_control,45,star_concave,10,private-source://routeA_experiments/data/prospective_ood_rd_hddm_alpha001_v2/star_concave/sample_0010.npz,1f4c91ba0f07fa9f6a175cb7d943878655d47fdbdb5f2efeac3ac31f77329fcd,0.005997114814817905,0.08604979892459871,0.4747969489606987,0.5254466235637665,0.3711905851960182,0.4755856767296791
fine_control,45,star_concave,11,private-source://routeA_experiments/data/prospective_ood_rd_hddm_alpha001_v2/star_concave/sample_0011.npz,d05537de94b82a7904e0ead39deb6c54104c0ef42cea8bd4e9988913d494a83b,0.00603895541280508,0.11729774714479378,0.7767720924330742,0.8184899389743805,0.4973585799336433,0.6174424523115162
fine_control,45,star_concave,12,private-source://routeA_experiments/data/prospective_ood_rd_hddm_alpha001_v2/star_concave/sample_0012.npz,847d2b1c823f4408679f58979310ced7f8afe8a4c3b19a24d4319e73d2076d28,0.00577545166015625,0.10241128692300024,0.6181561771995291,0.6205445528030396,0.39495252966880795,0.5115147018432616
fine_control,45,star_concave,13,private-source://routeA_experiments/data/prospective_ood_rd_hddm_alpha001_v2/star_concave/sample_0013.npz,3fe68d6905e52aed96d1f6f6f4cbe94d1f51a46ec4751e2c26ac9892e870ac18,0.0054617635905742645,0.10358353884934703,0.48326083405085857,0.6845609545707703,0.4099343717098232,0.5285869550704955
fine_control,45,star_concave,14,private-source://routeA_experiments/data/prospective_ood_rd_hddm_alpha001_v2/star_concave/sample_0014.npz,98f86dc2bf4c9917d734d87999b0e333966cb92d96944b9e3a10a574bc3370b9,0.005605851300060749,0.13173635535259873,1.1946802394584235,0.8934928178787231,0.5410798646509646,0.7432094198465347
fine_control,45,star_concave,15,private-source://routeA_experiments/data/prospective_ood_rd_hddm_alpha001_v2/star_concave/sample_0015.npz,fba340201e6025122f0cb1aa5a625e4ebb7a3504c0f9bf568c4b44c2453eab2f,0.005467204377055168,0.08912179501820253,0.47686479692477296,0.6976225972175598,0.3737604936584829,0.48943175774067643
fine_control,45,star_concave,16,private-source://routeA_experiments/data/prospective_ood_rd_hddm_alpha001_v2/star_concave/sample_0016.npz,11c4e40719a66e3ebb706e7cb800f94d382019f44e94ec85fe48ea3ec624cc4b,0.005825265310704708,0.10894809582915191,0.6633737577907982,0.713742196559906,0.4353420656174421,0.544227772951126
fine_control,45,star_concave,17,private-source://routeA_experiments/data/prospective_ood_rd_hddm_alpha001_v2/star_concave/sample_0017.npz,534607ed78b318ae68ab40a4d9a3980e1a5c64084762fc4b8475968cab9bb3bd,0.006190569140017033,0.13049490661712004,0.9323564113173661,0.7693948298692703,0.4727409988641738,0.6638415008783338
fine_control,45,star_concave,18,private-source://routeA_experiments/data/prospective_ood_rd_hddm_alpha001_v2/star_concave/sample_0018.npz,7adaa9e1f0617e585e5d168eb48820003ec9fc031681cd26516d363ffd04328d,0.006120122037827969,0.08367180228286,0.4769312749108044,0.5449617505073547,0.3445165142416954,0.4272350567579268
fine_control,45,star_concave,19,private-source://routeA_experiments/data/prospective_ood_rd_hddm_alpha001_v2/star_concave/sample_0019.npz,f3759305bef8481b2756c6d9ec9fee197aa11185d2fabb3a2e12ab02723ee5e0,0.005518072284758091,0.06875038071985798,0.32156902448863356,0.39705749601125717,0.2810014337301254,0.3654180873185397
fine_control,45,star_concave,20,private-source://routeA_experiments/data/prospective_ood_rd_hddm_alpha001_v2/star_concave/sample_0020.npz,dfd07f4fdae3c4b6150501a4e95619273fb09daa59e9478d21c8464a21d2ffc6,0.0054154787212610245,0.109548905402639,0.6924063418378165,0.6895381435751915,0.41223098039627054,0.5420251256227495
fine_control,45,star_concave,21,private-source://routeA_experiments/data/prospective_ood_rd_hddm_alpha001_v2/star_concave/sample_0021.npz,3e932800183b8daa7efd551da65f2ff1400f15f2772817e610796baf64527c9a,0.005729750730097294,0.09314659136970616,0.4957733405868132,0.5585910230875015,0.3597110539674759,0.4792306968569757
fine_control,45,star_concave,22,private-source://routeA_experiments/data/prospective_ood_rd_hddm_alpha001_v2/star_concave/sample_0022.npz,e59220a03ee588f4d0e70933b8159e2126e45953cd84f648928aedb295e2d081,0.005602008663117886,0.10364981538405837,0.5292667156242792,0.6009253263473511,0.395780673623085,0.46913053393363935
fine_control,45,star_concave,23,private-source://routeA_experiments/data/prospective_ood_rd_hddm_alpha001_v2/star_concave/sample_0023.npz,17bae540596796b03e7a95a97ad0cf945587f7ff8e9f44c9cce961c2574b81b0,0.00552460178732872,0.1200499161145173,0.6555793731154008,0.83968386054039,0.4319249093532562,0.5648620158433917
fine_control,45,star_concave,24,private-source://routeA_experiments/data/prospective_ood_rd_hddm_alpha001_v2/star_concave/sample_0024.npz,9f190b5fe5c1ddecf149bf3831ed66888f1e09a84d81196006c11f5c214d28c6,0.0055549293756484985,0.12159369931071129,0.6736040201017286,0.7875221967697144,0.48049089461565014,0.6029366304725409
fine_control,45,star_concave,25,private-source://routeA_experiments/data/prospective_ood_rd_hddm_alpha001_v2/star_concave/sample_0025.npz,2add91952026915ae8ee90b1f1626a327209949a94357811791d4add186f8b6b,0.006037763319909573,0.09841808227909732,0.5468857130611756,0.6630267649888992,0.3781035959720611,0.47642282120883467
fine_control,45,star_concave,26,private-source://routeA_experiments/data/prospective_ood_rd_hddm_alpha001_v2/star_concave/sample_0026.npz,7c60403165ae348c442df8620e166f060722ffe55139cb507fb6b3b0315acd67,0.006090697832405567,0.10663805280244963,0.6865181065052854,0.7530208826065063,0.45293195322155944,0.5597081511095165
fine_control,45,star_concave,27,private-source://routeA_experiments/data/prospective_ood_rd_hddm_alpha001_v2/star_concave/sample_0027.npz,fcd28480ca1c369f591deb0760e991331bd2cf87de1f1ca707e06c2ffdf85715,0.00572554487735033,0.10510514992776779,0.5859023560296186,0.69764643907547,0.40254924148321136,0.5517136193811876
fine_control,45,star_concave,28,private-source://routeA_experiments/data/prospective_ood_rd_hddm_alpha001_v2/star_concave/sample_0028.npz,97d115498a24206fd9a94b8e6ea8743ffb7337ed20941efef291ca99b062fb3d,0.005394750274717808,0.13139005619294264,0.8581532045335925,0.8747562766075134,0.5172364339232443,0.6415789583697914
fine_control,45,star_concave,29,private-source://routeA_experiments/data/prospective_ood_rd_hddm_alpha001_v2/star_concave/sample_0029.npz,b912306c3e4cf84f055f4027c6cbc49c3fe645a5fc0bf485bb647d711e1ff63b,0.005539558827877045,0.09474145862351474,0.49070236922047383,0.6801923364400864,0.36937290132045736,0.46138179287314435
fine_control,45,star_concave,30,private-source://routeA_experiments/data/prospective_ood_rd_hddm_alpha001_v2/star_concave/sample_0030.npz,1bd349edcd0fe24a85799a24dcbb53d56be86031ab54fcf679a4c4fde7107b8f,0.0056273071095347404,0.11449166088468117,0.6404463126590948,0.7439945340156555,0.4502251297235489,0.5973266139626504
fine_control,45,star_concave,31,private-source://routeA_experiments/data/prospective_ood_rd_hddm_alpha001_v2/star_concave/sample_0031.npz,3daaf895b3c605d8206001223ea51987d492384cfc95cffaef6b71828270eefc,0.005562436766922474,0.11036883396135959,0.6741044364666694,0.6727499663829803,0.4704092092812061,0.5823605672642589
fine_control,45,star_concave,32,private-source://routeA_experiments/data/prospective_ood_rd_hddm_alpha001_v2/star_concave/sample_0032.npz,49be9ff94661381e2571a267aba1a2060d7d7268dd348b9eb212f6af9b9674e3,0.0056363483890891075,0.115833209760731,0.6676243459856509,0.897728681564331,0.42639014385640617,0.5472059661149968
fine_control,45,star_concave,33,private-source://routeA_experiments/data/prospective_ood_rd_hddm_alpha001_v2/star_concave/sample_0033.npz,e906aed2368936d827726997a5afb6856dea5ac228d3b90f881ec10af09186d9,0.005946301855146885,0.11822547342205711,0.7179266180614469,0.7153026014566422,0.44025881104171277,0.5555287627875805
fine_control,45,star_concave,34,private-source://routeA_experiments/data/prospective_ood_rd_hddm_alpha001_v2/star_concave/sample_0034.npz,ae0a839396f99c4485788322b985c85386b92669d4e870cd7a2410af15f5c24d,0.005618595518171787,0.07172347953859828,0.31514903796435506,0.43490657955408096,0.26639588735997677,0.386357881128788
fine_control,45,star_concave,35,private-source://routeA_experiments/data/prospective_ood_rd_hddm_alpha001_v2/star_concave/sample_0035.npz,fb59f617f0622c77d8fbb2f2fe1967a6c60ff2dc46aaa3b2084991efd399b23f,0.00532947015017271,0.13811972416608087,0.8238814746703547,1.0657592862844467,0.5199259184300898,0.6170137321203947
fine_control,45,star_concave,36,private-source://routeA_experiments/data/prospective_ood_rd_hddm_alpha001_v2/star_concave/sample_0036.npz,528b84c8ea17fb027544a4127081236bfc722f3a0ec2d9cbe46edd1bbc9ae09d,0.005609479732811451,0.1319224472139638,0.8308937624380296,0.8576452136039734,0.5063725817948579,0.6659106817841528
fine_control,45,star_concave,37,private-source://routeA_experiments/data/prospective_ood_rd_hddm_alpha001_v2/star_concave/sample_0037.npz,ce4278bd066e42581dd68ea2402f3e7e51495b54c38492e0d6cfe639baedcd5f,0.0057812705636024475,0.09921303203146774,0.4776788034099362,0.5333608537912369,0.4044221699237824,0.4908075229078531
fine_control,45,star_concave,38,private-source://routeA_experiments/data/prospective_ood_rd_hddm_alpha001_v2/star_concave/sample_0038.npz,6ba9092a7f68d6d13493fceadb5e908dc631b20b2a917da96f2634c547cb7849,0.006140426732599735,0.07407782744099795,0.3701200351166592,0.450409471988678,0.32236396670341494,0.4107161778211595
fine_control,45,star_concave,39,private-source://routeA_experiments/data/prospective_ood_rd_hddm_alpha001_v2/star_concave/sample_0039.npz,22652a3d0dc5499ddc059fd0199f955f000a9224a1f5619549bd84fa34b70755,0.006059370934963226,0.10654828584909186,0.5667769608393394,0.8945623934268951,0.39754422232508657,0.48893565595149996
fine_control,45,star_concave,40,private-source://routeA_experiments/data/prospective_ood_rd_hddm_alpha001_v2/star_concave/sample_0040.npz,979af9334c1802b981da270d5875fa0c7b9ece1cdeae2d7ddab565fa7e35c3b0,0.005446205846965313,0.08475190969866622,0.4831301056597424,0.5402618050575256,0.3312249250710008,0.43903475731611236
fine_control,45,star_concave,41,private-source://routeA_experiments/data/prospective_ood_rd_hddm_alpha001_v2/star_concave/sample_0041.npz,3e594e2e6d2ad746bc0157e3521e1d1f6090b162a1b92253789085a2dbb47654,0.0053750304505229,0.12531788775053662,0.6890603343219516,1.079581305384636,0.4853878855705261,0.5738863068819046
fine_control,45,star_concave,42,private-source://routeA_experiments/data/prospective_ood_rd_hddm_alpha001_v2/star_concave/sample_0042.npz,c4c10181a5a8723bab009727251b85f91867206e2a7e7b2f496d7cbd97bde9f3,0.0054238419979810715,0.10307807246556244,0.621434348885118,0.6360829472541809,0.38865925036370735,0.48286467164754876
fine_control,45,star_concave,43,private-source://routeA_experiments/data/prospective_ood_rd_hddm_alpha001_v2/star_concave/sample_0043.npz,60596fdaece0c19a7997da29479b7375b7dab588e93a500a17be8ad6540c5652,0.005399511195719242,0.11000295540003002,0.5865933634261459,0.6440654397010803,0.3964967228472234,0.479386211335659
fine_control,45,star_concave,44,private-source://routeA_experiments/data/prospective_ood_rd_hddm_alpha001_v2/star_concave/sample_0044.npz,1383081fd3815f2104988ac35e4d709121c4e13596804ade49dc4e610ea86679,0.005641374737024307,0.10912904700408536,0.6118423560990743,0.8358751535415649,0.45456958338618275,0.5734765729308124
fine_control,45,star_concave,45,private-source://routeA_experiments/data/prospective_ood_rd_hddm_alpha001_v2/star_concave/sample_0045.npz,023263165e13e05a212e40ecd70a27ba52200197231297219582d7e5bba3dbe2,0.005705462768673897,0.10917343800341306,0.600738614198732,0.7721994817256927,0.41426228582859,0.5821000479906796
fine_control,45,star_concave,46,private-source://routeA_experiments/data/prospective_ood_rd_hddm_alpha001_v2/star_concave/sample_0046.npz,b15ee5f6922f4f24ee7033154d443e62434bd3a3733663097faabea670e06fc7,0.006277572363615036,0.07105894277893711,0.36002139813568634,0.5066057443618774,0.297264751791954,0.44132284641265834
fine_control,45,star_concave,47,private-source://routeA_experiments/data/prospective_ood_rd_hddm_alpha001_v2/star_concave/sample_0047.npz,0dd14136387bff8f2e808a1c1b23f92c0b77dcb3e67f86d25f7d8837c77575de,0.00601457804441452,0.09239038904392202,0.5162444165089883,0.5897935628890991,0.3497298434376717,0.5313850954174995
fine_control,45,star_concave,48,private-source://routeA_experiments/data/prospective_ood_rd_hddm_alpha001_v2/star_concave/sample_0048.npz,170d40f333deaba43a45d4d2ea6cd73468bae603f4b0069e39c6200efecb0bcf,0.005499592050909996,0.06777479854382797,0.35221329947871083,0.5208459496498108,0.29329556226730347,0.38334696292877196
fine_control,45,star_concave,49,private-source://routeA_experiments/data/prospective_ood_rd_hddm_alpha001_v2/star_concave/sample_0049.npz,3baa64b964e40f4d041934f78d820db94115a9f893482d40b5eb2c6868bd541f,0.00541001558303833,0.1228980580258774,0.7327471839939829,0.8841480314731598,0.47918039560317993,0.5872586309909827
fine_control,45,star_concave,50,private-source://routeA_experiments/data/prospective_ood_rd_hddm_alpha001_v2/star_concave/sample_0050.npz,1736fc66548c7d2e863a00e32a752906c88a567b1201f17522a5ad4de2a710f4,0.0055695101618766785,0.1121344089717236,0.6581050091091071,0.6333068758249283,0.42067039012908924,0.5219505101442337
fine_control,45,star_concave,51,private-source://routeA_experiments/data/prospective_ood_rd_hddm_alpha001_v2/star_concave/sample_0051.npz,bbee14e14361425abba154c6f545f34a6bc8991bef7312742393d461406dd03c,0.005486318841576576,0.0971467222540768,0.5921833140148497,0.5827909708023071,0.3944771986454725,0.4733312821388243
fine_control,45,star_concave,52,private-source://routeA_experiments/data/prospective_ood_rd_hddm_alpha001_v2/star_concave/sample_0052.npz,ed45abe2c84a6a7a838830e4de837fa03cd05b8d959f2f8f0ce1a9d1d8665108,0.005523085594177246,0.1181953489501323,0.6958756100865727,0.9267863035202026,0.4632776081562041,0.5771809744834898
fine_control,45,star_concave,53,private-source://routeA_experiments/data/prospective_ood_rd_hddm_alpha001_v2/star_concave/sample_0053.npz,2cde7d03eeb67287459dbeac592a42bb82c4515f561e6dd2b826e65efe9946be,0.005498046986758709,0.08029396066298986,0.4161493235410099,0.6995656192302704,0.32782226055860514,0.48725164830684664
fine_control,45,star_concave,54,private-source://routeA_experiments/data/prospective_ood_rd_hddm_alpha001_v2/star_concave/sample_0054.npz,4cba00e0ed66cb2ac4d45603705ee8ce4570c268262d907c90c92a3a53a03f37,0.005440833978354931,0.06745383808483345,0.33686270575139987,0.5378186032176018,0.28344632238149625,0.3923283046483996
fine_control,45,star_concave,55,private-source://routeA_experiments/data/prospective_ood_rd_hddm_alpha001_v2/star_concave/sample_0055.npz,dce22efcf9ad447d20a4f5bed0795d0132c8276ec8fd03667f04f5c47805d3f3,0.005903144367039204,0.08278577709709248,0.4272679415731107,0.5385966151952744,0.3433914080262181,0.4801901754736899
fine_control,45,star_concave,56,private-source://routeA_experiments/data/prospective_ood_rd_hddm_alpha001_v2/star_concave/sample_0056.npz,235646d85b8c07970a3d8b865ffe8b58eda9eb036fb639d49673bb58d73de474,0.006133973598480225,0.08169542174562043,0.45103056420382653,0.6595122218132019,0.33680839836597404,0.5000117375701663
fine_control,45,star_concave,57,private-source://routeA_experiments/data/prospective_ood_rd_hddm_alpha001_v2/star_concave/sample_0057.npz,fba47c2f217c4b06672bfd7c97f817bd5a9470721ee275dd6011e375a632fe55,0.006118196994066238,0.10656287407228837,0.6251546149804235,0.6031963229179382,0.44875349774956713,0.5381917038559914
fine_control,45,star_concave,58,private-source://routeA_experiments/data/prospective_ood_rd_hddm_alpha001_v2/star_concave/sample_0058.npz,18c38148eac2df3c48d00500e74d23a957b100253e58db77dda149b67191d166,0.005825725384056568,0.13105552493120856,0.7874042946297078,0.7423805892467499,0.4673730850219726,0.5658620095252992
fine_control,45,star_concave,59,private-source://routeA_experiments/data/prospective_ood_rd_hddm_alpha001_v2/star_concave/sample_0059.npz,f9d7dc0bbca24cb8eb66c7b813db7c767b0d3758dcf605d732bbcb3fea82bdc9,0.005250889807939529,0.09485242336185731,0.5826786156577841,0.6008260473608971,0.4042933061718942,0.5023658525943763
fine_control,45,star_concave,60,private-source://routeA_experiments/data/prospective_ood_rd_hddm_alpha001_v2/star_concave/sample_0060.npz,ad8bdeb51e8207d14e6ab8946808203d53cfbcd39ebdfb58ff8542e60a2ce5f7,0.0052847908809781075,0.09714794492358131,0.5247631571833647,0.5568552985787392,0.3832062140107155,0.46702827885746956
fine_control,45,star_concave,61,private-source://routeA_experiments/data/prospective_ood_rd_hddm_alpha001_v2/star_concave/sample_0061.npz,6a8d098fa3cf0e8607b55e7b07d030a5a0586678285f123530f988ef18a29c9f,0.005499190650880337,0.1018475669425471,0.5783296848333707,0.6741988956928253,0.43269214034080505,0.5540171653032304
fine_control,45,star_concave,62,private-source://routeA_experiments/data/prospective_ood_rd_hddm_alpha001_v2/star_concave/sample_0062.npz,af2aa6263843eda66dc7a1fab1c879ffb7c49c81b11d63bf66e6a1d95823b5c9,0.005461880937218666,0.08627034614181077,0.4281663510629904,0.5200385004281998,0.35896673202514645,0.4354991883039478
fine_control,45,star_concave,63,private-source://routeA_experiments/data/prospective_ood_rd_hddm_alpha001_v2/star_concave/sample_0063.npz,1d64b549093de73ce0aefc5a37a4f60e6d676c1cd705eb98d536ff5d4bef87a7,0.005743718706071377,0.12333964664472799,0.6970247043339571,0.946083664894104,0.46914289742708215,0.6209561133384705
fine_control,45,star_concave,64,private-source://routeA_experiments/data/prospective_ood_rd_hddm_alpha001_v2/star_concave/sample_0064.npz,df2e0d7751b94355ed613e5666bca2fb52173d2dcd42ae84fc71ea01084f44df,0.005886688828468323,0.13103830716386572,0.7334064878313747,0.8648315817117691,0.5014111157506703,0.5989058256149286
fine_control,45,star_concave,65,private-source://routeA_experiments/data/prospective_ood_rd_hddm_alpha001_v2/star_concave/sample_0065.npz,6be62c8bf97c5e0d45b37e969d56e99f2cd1a93cbfa17aff04e3123165f38d67,0.005938581191003323,0.10300789134388037,0.5221694512165281,0.7814237177371979,0.4130230389535427,0.5547714002802968
fine_control,45,star_concave,66,private-source://routeA_experiments/data/prospective_ood_rd_hddm_alpha001_v2/star_concave/sample_0066.npz,0b6d24abc0a7ac7e8c177054dfeb0fe09760ac17f68380edd5064919b3f5a1cb,0.006059807725250721,0.13107728100362284,0.8726930763048316,0.9904274940490723,0.5287810359150171,0.6762428089976334
fine_control,45,star_concave,67,private-source://routeA_experiments/data/prospective_ood_rd_hddm_alpha001_v2/star_concave/sample_0067.npz,0ca774ec08694066988a6ae4ef908c7dfb68e93c52137929de1a67ca05e2995a,0.006119983270764351,0.06951571144867755,0.33755968309117956,0.4934094697237015,0.28415956348180776,0.38460752725601194
fine_control,45,star_concave,68,private-source://routeA_experiments/data/prospective_ood_rd_hddm_alpha001_v2/star_concave/sample_0068.npz,e76410fee1405db62c2b1b1129e514e7332ae0d1c54b743f299ee2fd119d95d8,0.005799425765872002,0.1077805061019714,0.7047902837881665,0.7738789021968842,0.41629106327891363,0.541662947535515
fine_control,45,star_concave,69,private-source://routeA_experiments/data/prospective_ood_rd_hddm_alpha001_v2/star_concave/sample_0069.npz,364b7c5d47826d22443658d1cb9c8b05008763aa6dd8a85bfa73678203751c21,0.005874604918062687,0.11382481603639742,0.6464402267944601,0.7029553055763245,0.4421105533838272,0.5836678753793239
fine_control,45,star_concave,70,private-source://routeA_experiments/data/prospective_ood_rd_hddm_alpha001_v2/star_concave/sample_0070.npz,7ae2d6139034f24d5fa0ecd56cf638c38a469593bfea66160f4a003c37c778af,0.0059085385873913765,0.13917661943131282,0.8667783060415466,0.7260999977588654,0.5013707727193832,0.598196342587471
fine_control,45,star_concave,71,private-source://routeA_experiments/data/prospective_ood_rd_hddm_alpha001_v2/star_concave/sample_0071.npz,387823e996225fc808f345546490c6cfd199eedc7843a0aa5f39fe248acd4320,0.005594212561845779,0.12323584197080112,0.7625503796335243,0.6601280868053436,0.48789370618760586,0.5653246343135834
fine_control,45,star_concave,72,private-source://routeA_experiments/data/prospective_ood_rd_hddm_alpha001_v2/star_concave/sample_0072.npz,35ccb4b6c6fd7f8c488468219502bff16e032bd7df63bc8f74d635a6bc181457,0.005479626357555389,0.07440667623530645,0.3534329900384585,0.6068130135536194,0.30842119008302665,0.4161018127202978
fine_control,45,star_concave,73,private-source://routeA_experiments/data/prospective_ood_rd_hddm_alpha001_v2/star_concave/sample_0073.npz,2738195cdbe5996a364285abc0046a1cb2d15377f53b9fe666c06434481dc2f6,0.0056965406984090805,0.13409474457194645,1.1897708744943223,1.1748420596122742,0.5556958839297295,0.772123277336359
fine_control,45,star_concave,74,private-source://routeA_experiments/data/prospective_ood_rd_hddm_alpha001_v2/star_concave/sample_0074.npz,d0d1391ed00492cecce69dfa827b340324d88adf3a584bf7899bf2ea4cc0314a,0.005991129204630852,0.12025704142846139,0.8088540923638097,0.689788281917572,0.466900012269616,0.5529245622456063
fine_control,45,star_concave,75,private-source://routeA_experiments/data/prospective_ood_rd_hddm_alpha001_v2/star_concave/sample_0075.npz,592a563399989b953ca42755b7dcf3082863fbc8512c089d574642d62bfa768f,0.0059728678315877914,0.10055114596385917,0.5019130259887024,0.5889056324958801,0.3913318186998366,0.518325457572937
fine_control,45,star_concave,76,private-source://routeA_experiments/data/prospective_ood_rd_hddm_alpha001_v2/star_concave/sample_0076.npz,833a3a6d3d9ddba1bac61edee72bfdfb032a4ad685b0cec46d80805537b407fb,0.005881071090698242,0.07574352921563476,0.3685143415845234,0.4976661652326584,0.3274482190608978,0.45044509470462774
fine_control,45,star_concave,77,private-source://routeA_experiments/data/prospective_ood_rd_hddm_alpha001_v2/star_concave/sample_0077.npz,cfd4cb676fb49608dfc569217160e8783cceaeb7579e08c111f5b81d17f661e2,0.005324987694621086,0.11344080314433272,0.6530257374626673,0.6427958309650421,0.4563746005296707,0.5856506824493408
fine_control,45,star_concave,78,private-source://routeA_experiments/data/prospective_ood_rd_hddm_alpha001_v2/star_concave/sample_0078.npz,7f023420213a2f7e2fd89a7dba911906863dce1e53ef77466750637ab128e623,0.005415678955614567,0.08722959592315661,0.5075549529045883,0.5347158461809158,0.3485614471137523,0.45049448132514947
fine_control,45,star_concave,79,private-source://routeA_experiments/data/prospective_ood_rd_hddm_alpha001_v2/star_concave/sample_0079.npz,af0530854ecbd25049782a6643d0e28babcca47a66f81ffebbdeb2bee3d4add5,0.005392305552959442,0.10877181768668755,0.548427212915885,0.7714916467666626,0.4340779334306717,0.5788236372172832
fine_control,45,star_concave,80,private-source://routeA_experiments/data/prospective_ood_rd_hddm_alpha001_v2/star_concave/sample_0080.npz,0d8bf642f804cdb4c44ec3c97a7c8aa4aee2892c6e9e3f5615119b6231c98adb,0.005441890098154545,0.11517696622000231,0.6580906271511364,0.6504310369491577,0.46707187667489053,0.5685269397124647
fine_control,45,star_concave,81,private-source://routeA_experiments/data/prospective_ood_rd_hddm_alpha001_v2/star_concave/sample_0081.npz,fcf2bf5bfee08e8bfdd64849976df45af7e75bffcb95d99bd5340ec6e971576b,0.005768287926912308,0.11747202523221592,0.7497168971965227,0.9446869194507599,0.4664387479424476,0.6091627568006499
fine_control,45,star_concave,82,private-source://routeA_experiments/data/prospective_ood_rd_hddm_alpha001_v2/star_concave/sample_0082.npz,eecebee0f558d9151ce9118d6aed764ce2ca8fb51723395fa7340defaa974edd,0.006191780790686607,0.12688114411325907,1.2650803085831446,0.8512558862566948,0.5041988106444478,0.6585610766708864
fine_control,45,star_concave,83,private-source://routeA_experiments/data/prospective_ood_rd_hddm_alpha001_v2/star_concave/sample_0083.npz,e5abdab9321ee56ed869ed460fa271c06a6390dc7c65469ad1fde0bfbc3f052e,0.0059538669884204865,0.12239337975853114,0.8934680308529185,1.0989224016666412,0.49879751503467545,0.6343605208396903
fine_control,45,star_concave,84,private-source://routeA_experiments/data/prospective_ood_rd_hddm_alpha001_v2/star_concave/sample_0084.npz,42b2e9080004dd7e87c755cf533ee961aee427788297acc5e783f709e47baeb3,0.00557949673384428,0.11621966780377983,0.6672110767362651,0.7747283279895782,0.46172016635537144,0.5599234412610534
fine_control,45,star_concave,85,private-source://routeA_experiments/data/prospective_ood_rd_hddm_alpha001_v2/star_concave/sample_0085.npz,307c7f1bcc7bff44abcc6a30dc1e3969ede6f73df314300a047b61ccf6c3a378,0.005251268856227398,0.10439481510032896,0.6628407447022252,0.7506342530250549,0.40740932524204254,0.5476042270660402
fine_control,45,star_concave,86,private-source://routeA_experiments/data/prospective_ood_rd_hddm_alpha001_v2/star_concave/sample_0086.npz,b3bb0c62290c26c875c27ae948d6b587087d0569c3f356201eb0f22fdb2a3e09,0.005561039783060551,0.12482790400978265,0.7575146413280903,0.9541720300912857,0.49626086056232455,0.5873098030686379
fine_control,45,star_concave,87,private-source://routeA_experiments/data/prospective_ood_rd_hddm_alpha001_v2/star_concave/sample_0087.npz,7dbf43fba15e26840cbf500867302ab7673d25663cd48115751bfd9162ec41f8,0.005255558528006077,0.08971372644419975,0.41624062463413036,0.529612347483635,0.33948460221290583,0.4787818893790254
fine_control,45,star_concave,88,private-source://routeA_experiments/data/prospective_ood_rd_hddm_alpha001_v2/star_concave/sample_0088.npz,46b403b9b0883fb6fafe6d706ff132a9019b0523c686f8c32b2cf73973dc110b,0.005343298427760601,0.11514175001164903,0.6653712433732054,0.6908677667379379,0.4206359893083572,0.5551841881871218
fine_control,45,star_concave,89,private-source://routeA_experiments/data/prospective_ood_rd_hddm_alpha001_v2/star_concave/sample_0089.npz,4b05a4955d6129f9c7936385ebb4ab230f3bef639b45cb994afa8092d2aa1480,0.005663621239364147,0.11450179295369729,0.7627946927647093,0.7487235590815544,0.43542627096176134,0.5168171322345734
fine_control,45,star_concave,90,private-source://routeA_experiments/data/prospective_ood_rd_hddm_alpha001_v2/star_concave/sample_0090.npz,562c2f1d56afdd8da2679e39e24f0681dfc71b8a722e546b74aa0f3f574a15bc,0.005573284812271595,0.0973191907978214,0.594539181488733,0.5788687765598297,0.39956437051296234,0.4994862020015714
fine_control,45,star_concave,91,private-source://routeA_experiments/data/prospective_ood_rd_hddm_alpha001_v2/star_concave/sample_0091.npz,f841635f22b41963248fac05366396a38bf40de493e33e45588fb8fd0d09f968,0.005287845619022846,0.11549144776710814,0.7013749832993036,0.6496905088424683,0.441206818819046,0.5623349158465861
fine_control,45,star_concave,92,private-source://routeA_experiments/data/prospective_ood_rd_hddm_alpha001_v2/star_concave/sample_0092.npz,a4d8c9efc38c8dccdb95d6c4299d63e986137338f9a4d90ce862e166f09abfc5,0.005641503259539604,0.10580639744952541,0.6153365457238302,0.7636576890945435,0.4333422556519509,0.5657188998162744
fine_control,45,star_concave,93,private-source://routeA_experiments/data/prospective_ood_rd_hddm_alpha001_v2/star_concave/sample_0093.npz,aaa767ef1eddfd044b5bf6a9fbef6b61dc5de5a86360570f0a77b5f524e97dce,0.005267679691314697,0.13652512933930241,0.8500308542785163,0.8726117163896561,0.5244923517107961,0.6427762878686172
fine_control,45,star_concave,94,private-source://routeA_experiments/data/prospective_ood_rd_hddm_alpha001_v2/star_concave/sample_0094.npz,a154a56ddefca8edbcf263aff519e91ce0f4e58465c7717e79c68dc97d11b9cd,0.005710850469768047,0.08227639026916604,0.3949515057896694,0.5070222243666649,0.3576714098453522,0.4656108189374208
fine_control,45,star_concave,95,private-source://routeA_experiments/data/prospective_ood_rd_hddm_alpha001_v2/star_concave/sample_0095.npz,610bda6ba90ca73114af1042f6933531fbea7cab4fd66994183455d85a6010af,0.005682491697371006,0.09319771428893091,0.4680098652733452,0.5833403468132019,0.3867393599823117,0.4688367226719856
fine_control,45,star_concave,96,private-source://routeA_experiments/data/prospective_ood_rd_hddm_alpha001_v2/star_concave/sample_0096.npz,7917e7c1d6f0406fa9182f86bd5be59e3098f4dcff79f5930d3877b0a1e63145,0.0060288673266768456,0.10279745376740189,0.6173806304800886,0.75722236931324,0.40065472722053525,0.5337401495873934
fine_control,45,star_concave,97,private-source://routeA_experiments/data/prospective_ood_rd_hddm_alpha001_v2/star_concave/sample_0097.npz,7d62afce33a59e7363d7fc907585bfe008936306d94881e9a078db26dc18157a,0.005925898440182209,0.13309364699622203,0.6689153225607197,0.6112422496080399,0.4865996092557907,0.5696214810013771
fine_control,45,star_concave,98,private-source://routeA_experiments/data/prospective_ood_rd_hddm_alpha001_v2/star_concave/sample_0098.npz,82c3fdcc10ce0484d81abe39a21224cfecabe860524345fd21840bdeb8f08905,0.006065803579986095,0.07359610528955564,0.4167381546457698,0.49546554684638977,0.3070768415927887,0.4165872514247897
fine_control,45,star_concave,99,private-source://routeA_experiments/data/prospective_ood_rd_hddm_alpha001_v2/star_concave/sample_0099.npz,42899fd8a5f5a539afe710561c1d64b294124afd2a7fa4d6bfdc8dbb4cf853ae,0.005948841571807861,0.09589081957652028,0.45717807462774995,0.5312264859676361,0.3824889600276946,0.48575889494270097
fine_control,45,star_concave,100,private-source://routeA_experiments/data/prospective_ood_rd_hddm_alpha001_v2/star_concave/sample_0100.npz,b2799e0a19e65139cf29cb348720c12f52c75ee9aecd3d993b39ffd6d77a7136,0.0055484529584646225,0.10745086849350839,0.5611679928786348,0.6771499663591385,0.3837374869734049,0.5013189496099951
fine_control,45,star_concave,101,private-source://routeA_experiments/data/prospective_ood_rd_hddm_alpha001_v2/star_concave/sample_0101.npz,77f5771f7fb6794527efaea4da878ab24f6c10142a63483a9d2d7d0cc360d2d1,0.0053512929007411,0.10392755124882407,0.5133989904544264,0.766429103910923,0.4081830680370331,0.5495953291654575
fine_control,45,star_concave,102,private-source://routeA_experiments/data/prospective_ood_rd_hddm_alpha001_v2/star_concave/sample_0102.npz,7809a5edfb14edaf519c2b3af3950525a2e8c8a8afca6a8cd20dad8cca2ff262,0.005388851277530193,0.11510524127320074,0.6701181753420821,0.7896072864532471,0.4431405756622553,0.5386949256062508
fine_control,45,star_concave,103,private-source://routeA_experiments/data/prospective_ood_rd_hddm_alpha001_v2/star_concave/sample_0103.npz,1e622b0f01095983080bae30dd0105f2b63383dbb92566dee14bdc6b21842e3a,0.005402585491538048,0.0998667080282458,0.5849424227716871,0.566421777009964,0.42477360144257525,0.5232035094499587
fine_control,45,star_concave,104,private-source://routeA_experiments/data/prospective_ood_rd_hddm_alpha001_v2/star_concave/sample_0104.npz,a586ef53200f2a2874d0bec4d38d819164ee1ad51b9a31172756a0acac53eb4f,0.005488154478371143,0.08163007079856989,0.4390588678650291,0.4877021312713623,0.30288958922028536,0.3824286964535711
fine_control,45,star_concave,105,private-source://routeA_experiments/data/prospective_ood_rd_hddm_alpha001_v2/star_concave/sample_0105.npz,fbe036f3ba7e29c58ad15958277e4f0a631d9dbe9c9738a712d0e120979da252,0.005455203354358673,0.10135774612442398,0.5221863948931761,0.6485220193862915,0.38440077882260065,0.5153873461484909
fine_control,45,star_concave,106,private-source://routeA_experiments/data/prospective_ood_rd_hddm_alpha001_v2/star_concave/sample_0106.npz,77ee446c4ec99eb4a4a69271d7442b40755008e0ba89f52f06102e4951fdcc97,0.005210082978010178,0.11713448808124599,0.7238280625563468,0.9009944945573807,0.5184476365335282,0.6262909702956675
fine_control,45,star_concave,107,private-source://routeA_experiments/data/prospective_ood_rd_hddm_alpha001_v2/star_concave/sample_0107.npz,9909df5b2c8cb43975e27322a09dd30924b8b2486f3909f2d4c0263e6a420e1d,0.005641646683216095,0.1211450268775496,0.720872976756457,0.8904950618743896,0.48135812915861603,0.5604658351093529
fine_control,45,star_concave,108,private-source://routeA_experiments/data/prospective_ood_rd_hddm_alpha001_v2/star_concave/sample_0108.npz,f14296487a120c18b86ed5166d56b76a1092cb2d50d54253bdd3df784730f435,0.005756617523729801,0.08372055532209934,0.46891130039777995,0.5045128166675568,0.3448750972747803,0.4388969331979753
fine_control,45,star_concave,109,private-source://routeA_experiments/data/prospective_ood_rd_hddm_alpha001_v2/star_concave/sample_0109.npz,5efae8b79d62692fd4d6c11d4acd9743008b0f6f1cfb22f8da84314c1ee13027,0.005724713206291199,0.09047819177606858,0.45949338280139973,0.5828500986099243,0.34110429286956784,0.43982353508472444
fine_control,45,star_concave,110,private-source://routeA_experiments/data/prospective_ood_rd_hddm_alpha001_v2/star_concave/sample_0110.npz,6bee368483186df489d00f012aa97037205449bd3f079d246194cff1b1db79de,0.0057343728840351105,0.1030459542439045,0.5816154668263877,0.6047617793083191,0.42922820225357977,0.5145248138904572
fine_control,45,star_concave,111,private-source://routeA_experiments/data/prospective_ood_rd_hddm_alpha001_v2/star_concave/sample_0111.npz,fd36365012b8b08fa6dc5f679418b95a812fb25fcf02da8f8a2d78a1da20b90c,0.006064647808670998,0.10286702708460979,0.5663755775468694,0.6940354704856873,0.36905519142746934,0.514147540628911
fine_control,45,star_concave,112,private-source://routeA_experiments/data/prospective_ood_rd_hddm_alpha001_v2/star_concave/sample_0112.npz,b196163e725c5f13e063b03c2f311a38a83498677188bbaf9ac548c04137ff1d,0.005603947676718235,0.09918817170824652,0.5845744812819315,0.6668392941355705,0.3825942192226647,0.5088416209071872
fine_control,45,star_concave,113,private-source://routeA_experiments/data/prospective_ood_rd_hddm_alpha001_v2/star_concave/sample_0113.npz,7658116c35833629bbbdd3be7ac254197c8b3f70373a5754e1852a1c944adc54,0.006023936904966831,0.08461924303129176,0.4247326550288623,0.5252264589071274,0.3524340145289896,0.46974847011268117
fine_control,45,star_concave,114,private-source://routeA_experiments/data/prospective_ood_rd_hddm_alpha001_v2/star_concave/sample_0114.npz,8f464174cd05f745a11b44e72ec62293d308f5bfee0b7c4c97ee27afabc9bf12,0.0056033385917544365,0.092688768583887,0.5085590961939651,0.6345065832138062,0.3808848202228543,0.5368288740515709
fine_control,45,star_concave,115,private-source://routeA_experiments/data/prospective_ood_rd_hddm_alpha001_v2/star_concave/sample_0115.npz,55f49c70429cd725bd076dc190ba781d383feb5f68c35cbb727215adf3ca2cec,0.005663651041686535,0.11247435053022317,0.7302172777578634,0.7436035871505737,0.4600905850529672,0.6011110657453537
fine_control,45,star_concave,116,private-source://routeA_experiments/data/prospective_ood_rd_hddm_alpha001_v2/star_concave/sample_0116.npz,33ab98c78fdf1aa6324852fc2a61462352f31e540635776c19a0a5cb1b72349f,0.005694388411939144,0.07403453038346787,0.35923923673113195,0.5406699925661087,0.297499094158411,0.41641182750463424
fine_control,45,star_concave,117,private-source://routeA_experiments/data/prospective_ood_rd_hddm_alpha001_v2/star_concave/sample_0117.npz,63ca60b899abf7eb56048e8d86ac5f797ba727942040871be466de9220f807c3,0.0059721097350120544,0.11762280868200016,0.7308960671663736,0.6988802552223206,0.4464019387960434,0.5370902180671688
fine_control,45,star_concave,118,private-source://routeA_experiments/data/prospective_ood_rd_hddm_alpha001_v2/star_concave/sample_0118.npz,5e1445f7a185641f6adb0d6871fb8cbda8664f8551f637d8f69b41e8462db0b1,0.005760636180639267,0.10680677947279359,0.6305910209827935,0.9180188477039337,0.4366129159927367,0.5679901954159139
fine_control,45,star_concave,119,private-source://routeA_experiments/data/prospective_ood_rd_hddm_alpha001_v2/star_concave/sample_0119.npz,781b03ef3e3e9f67cd090b7ccee86f87669c7a22a2e3aa0b82e4560d2b21820f,0.0058501604944467545,0.11269615595582072,0.7658742731294415,0.756865456700325,0.43490871787071195,0.5408960942178946
fine_control,45,star_concave,120,private-source://routeA_experiments/data/prospective_ood_rd_hddm_alpha001_v2/star_concave/sample_0120.npz,476685abe2472a157969c1f5a839fe7f1aded68fd5977ece1881cb5d6ed61345,0.005758307874202728,0.11441066058285441,0.6920714457601743,0.7980603128671646,0.4837958766147492,0.5924930196627974
fine_control,45,star_concave,121,private-source://routeA_experiments/data/prospective_ood_rd_hddm_alpha001_v2/star_concave/sample_0121.npz,d44dd313ef06efdc53842cbcd25e7c94f8002b26269a8d974d6b4e2189c7cf49,0.005433008074760437,0.09401201497891806,0.5293867725922334,0.5352494716644287,0.3526431620121002,0.4441290318965912
fine_control,45,star_concave,122,private-source://routeA_experiments/data/prospective_ood_rd_hddm_alpha001_v2/star_concave/sample_0122.npz,7c749504b1437233839eacfc2c94c00613d75381374e8f1ac33b9197daf4612f,0.005536194890737534,0.09945910555548483,0.5336760976955438,0.6087094247341156,0.38979910016059877,0.46684433460235597
fine_control,45,star_concave,123,private-source://routeA_experiments/data/prospective_ood_rd_hddm_alpha001_v2/star_concave/sample_0123.npz,2f7b8f1084aa65d36f64bdfd0ad63dba1070e18b385551aaeeed4bd3345d07eb,0.005470183677971363,0.10524234259952447,0.612674206120288,0.5938791632652283,0.3942542642354965,0.49915012717247
fine_control,45,star_concave,124,private-source://routeA_experiments/data/prospective_ood_rd_hddm_alpha001_v2/star_concave/sample_0124.npz,ee8cc9c9780afa5d2b0a24922a73005506c2939875b3c50b69bf8b4fb4097be6,0.005291572771966457,0.0905754373792761,0.4898141811801965,0.7054453194141388,0.346411545574665,0.4713344265520568
fine_control,45,star_concave,125,private-source://routeA_experiments/data/prospective_ood_rd_hddm_alpha001_v2/star_concave/sample_0125.npz,95c3cac8c54fe43f20a59431a44f07cf020825ee735ba75cd2bc048b4c3859ba,0.005989115685224533,0.128009477952683,0.8205781740405336,0.8088038265705109,0.5088479600846769,0.6396648878604173
fine_control,45,star_concave,126,private-source://routeA_experiments/data/prospective_ood_rd_hddm_alpha001_v2/star_concave/sample_0126.npz,92785828d21aa7474cbb2eead5c468fc662d8408973e402dbf64a5491b7aa6d3,0.0061261095106601715,0.08406263309645187,0.4097001213318657,0.5211246162652969,0.36047932803630844,0.47640264928340914
fine_control,45,star_concave,127,private-source://routeA_experiments/data/prospective_ood_rd_hddm_alpha001_v2/star_concave/sample_0127.npz,6240432158188c6377d1af044607ddc0d26482f74bd3ca875898f7064546cc93,0.00606140960007906,0.09361608323123236,0.5602105046726203,0.5566718131303787,0.3833894960582256,0.4550810734927652
fine_control,45,star_concave,128,private-source://routeA_experiments/data/prospective_ood_rd_hddm_alpha001_v2/star_concave/sample_0128.npz,0b59ec75f4c8496864064dfb32ae8a9d4126678dbd85fe5bd0591e5216f96aad,0.00572188850492239,0.09410264549767548,0.46923352232527177,0.6248153150081635,0.37535052970051735,0.49315052181482366
fine_control,45,star_concave,129,private-source://routeA_experiments/data/prospective_ood_rd_hddm_alpha001_v2/star_concave/sample_0129.npz,490cffc887e2ec71d5a39def540ee809507583f309dc44b073e953a6e4be1aae,0.005294905975461006,0.09242792659219973,0.4700002694264184,0.49530837684869766,0.32541299723088757,0.40413961499929413
fine_control,45,star_concave,130,private-source://routeA_experiments/data/prospective_ood_rd_hddm_alpha001_v2/star_concave/sample_0130.npz,4d1e8d96d7fcb07225ed2c80819afd45bed479d7b0276561f62b212b99b225f9,0.005395001731812954,0.08601784087329721,0.4480936645760962,0.5434685051441193,0.34901850372552856,0.4292382954806089
fine_control,45,star_concave,131,private-source://routeA_experiments/data/prospective_ood_rd_hddm_alpha001_v2/star_concave/sample_0131.npz,e67f5f3314eb9639b1a29bc2cf34e4154f8c3a4c6aa5b1e046f23015f1913345,0.005881021730601788,0.11005976921439299,0.627186805715265,0.7209526598453522,0.4108243942260742,0.5552894940227273
fine_control,45,star_concave,132,private-source://routeA_experiments/data/prospective_ood_rd_hddm_alpha001_v2/star_concave/sample_0132.npz,efbafa19d305c98c4298b184f17160dd263aea854458f681e045011684a4500f,0.005991079844534397,0.13560780077757767,0.7784619750975061,0.8014104664325714,0.4656664732843637,0.5773688890039921
fine_control,45,star_concave,133,private-source://routeA_experiments/data/prospective_ood_rd_hddm_alpha001_v2/star_concave/sample_0133.npz,ac5b59374058467ba8a0e8d1038c302b291ebfe33dddcefd3485c09e5e9db034,0.005966757424175739,0.10927074876983348,0.5866734631114972,0.8754691481590271,0.4446798264980316,0.6610928356647494
fine_control,45,star_concave,134,private-source://routeA_experiments/data/prospective_ood_rd_hddm_alpha001_v2/star_concave/sample_0134.npz,698cdfaf758c0ce8534b7887fe5c24d821ec04157ead34e39f7d1688a4d1fee6,0.006099075078964233,0.11130424641786099,0.5857714891039835,0.8002066016197205,0.44774804860353457,0.5795713233947765
fine_control,45,star_concave,135,private-source://routeA_experiments/data/prospective_ood_rd_hddm_alpha001_v2/star_concave/sample_0135.npz,0d0c4a18379290c731fed21f2627bb012972aa932a5c0fa3600440ca617362f5,0.005928834900259972,0.09894418900092472,0.53112951577761,0.6667012050747871,0.3768889367580414,0.46045168220996857
fine_control,45,star_concave,136,private-source://routeA_experiments/data/prospective_ood_rd_hddm_alpha001_v2/star_concave/sample_0136.npz,a21474628f5ea2e01e6c6c31400fa79e80f00f083e5762d1d2ec8da62832bf51,0.006179708056151867,0.08795402056810121,0.5050988667887727,0.49527376890182495,0.3670833185315132,0.4528937496244911
fine_control,45,star_concave,137,private-source://routeA_experiments/data/prospective_ood_rd_hddm_alpha001_v2/star_concave/sample_0137.npz,32270c08d5c4d02df1b251216ac2ec68396e8de703996d34c566047242ecf071,0.0058801500126719475,0.14026895623798388,1.0427964582608447,1.0234878733754158,0.549642608687281,0.708195504695177
fine_control,45,star_concave,138,private-source://routeA_experiments/data/prospective_ood_rd_hddm_alpha001_v2/star_concave/sample_0138.npz,56a5ba648e8989fd8e4fc2b097d1cf6bbd55365822d1df293d231a02772f474f,0.005270988680422306,0.08641028324964253,0.5104495248355019,0.5383365005254745,0.36035822331905365,0.44949859976768536
fine_control,45,star_concave,139,private-source://routeA_experiments/data/prospective_ood_rd_hddm_alpha001_v2/star_concave/sample_0139.npz,50a825fb9f6a3ca2a14f234f813b84e2393c4954818d874df32d742dd2c44f7b,0.005368292331695557,0.08214114308690341,0.4410138725941916,0.5440372750163078,0.3057648461312055,0.3976419205963612
fine_control,45,star_concave,140,private-source://routeA_experiments/data/prospective_ood_rd_hddm_alpha001_v2/star_concave/sample_0140.npz,6eed5033eeb5de188451d9e26ad8eacf53f167e16caf0c850f271c37e72a7343,0.005391097627580166,0.07741107065844302,0.41059435467502375,0.677710235118866,0.3080504685640335,0.4365384802222243
fine_control,45,star_concave,141,private-source://routeA_experiments/data/prospective_ood_rd_hddm_alpha001_v2/star_concave/sample_0141.npz,a907cd099a64c8511634df9793e5009356b21e455167b82fc179a582273ad2e0,0.005357785150408745,0.06427225072329235,0.3115463011708346,0.5028001889586449,0.2781744301319123,0.3431748867034913
fine_control,45,star_concave,142,private-source://routeA_experiments/data/prospective_ood_rd_hddm_alpha001_v2/star_concave/sample_0142.npz,c351df90c2012fee03b759f7e74a2cc328cbd5e58c5ca8cb337cbb12147212f7,0.005374629981815815,0.10123862161078256,0.5748873485000545,0.794308677315712,0.4254428818821907,0.5655039798468352
fine_control,45,star_concave,143,private-source://routeA_experiments/data/prospective_ood_rd_hddm_alpha001_v2/star_concave/sample_0143.npz,098448b2527ae0bc73253fde5c87522c791cf59537cba8edcd6d7caf1b4e6865,0.00538007915019989,0.13284985819636785,1.0926193610032082,0.8748839348554611,0.5367461573332548,0.6861811988055705
fine_control,45,star_concave,144,private-source://routeA_experiments/data/prospective_ood_rd_hddm_alpha001_v2/star_concave/sample_0144.npz,36e501d5cd401896953395e689dd63829d255ca199339df9d550472e654739f2,0.005948115140199661,0.0983870802832965,0.5014439525728456,0.6330426335334778,0.41685157138854273,0.5366106667742135
fine_control,45,star_concave,145,private-source://routeA_experiments/data/prospective_ood_rd_hddm_alpha001_v2/star_concave/sample_0145.npz,0ad05974dcc3a0058ef1c0d09bc6dac91b0ff378c5f5b05dd51a53e776b533f1,0.005744454450905323,0.13717568640213157,0.7978894529210265,0.8896504342556,0.5110803470015526,0.607296546921134
fine_control,45,star_concave,146,private-source://routeA_experiments/data/prospective_ood_rd_hddm_alpha001_v2/star_concave/sample_0146.npz,04fe2315b6738e155a6f486405ee2732ffd869607809f609396295991e3da6ca,0.005926596000790596,0.10353829253687698,0.696184098355979,0.704795777797699,0.40764169096946706,0.520655460357666
fine_control,45,star_concave,147,private-source://routeA_experiments/data/prospective_ood_rd_hddm_alpha001_v2/star_concave/sample_0147.npz,9bf550380294c2bbc3282540dbb56f5b988b488b234567a6ee8ced872a31ed48,0.0055877286940813065,0.14154876167570704,0.8098845650401876,0.897874653339386,0.5169953871518373,0.5989218308031561
fine_control,45,star_concave,148,private-source://routeA_experiments/data/prospective_ood_rd_hddm_alpha001_v2/star_concave/sample_0148.npz,a001adad8040c93bc67319afa17cd043927ab409b2e313f15a99d6459047bba9,0.005426442250609398,0.10989936895839704,0.5561761401533122,0.7298896610736847,0.3837945573031901,0.5116820362210275
fine_control,45,star_concave,149,private-source://routeA_experiments/data/prospective_ood_rd_hddm_alpha001_v2/star_concave/sample_0149.npz,b1137e6b1881fb85aa272787edec47cc66bdc286b602033c5c62eca8ca8eb42f,0.005442659370601177,0.11065327414308994,0.6817661136884017,0.7215575277805328,0.4329081539064647,0.5821113754063847
fine_control,45,star_concave,150,private-source://routeA_experiments/data/prospective_ood_rd_hddm_alpha001_v2/star_concave/sample_0150.npz,1a1346fbc7a0a6b7a450694616d1bed605f9aea6a06aa42f6b0fc13fc0c1b237,0.005447004921734333,0.06362927281449707,0.3030016227773442,0.4099998474121094,0.2660500269383192,0.3475447079539304
fine_control,45,star_concave,151,private-source://routeA_experiments/data/prospective_ood_rd_hddm_alpha001_v2/star_concave/sample_0151.npz,0c37adba479d7c1e405d14ee8ca362906b22789dcd73cd0025cea686b9d5868f,0.005616697482764721,0.10907469377395794,0.6259552100862829,0.707483559846878,0.42826174944639195,0.5328505972027778
fine_control,45,star_concave,152,private-source://routeA_experiments/data/prospective_ood_rd_hddm_alpha001_v2/star_concave/sample_0152.npz,493bd2253a0889cc50e1ea615e373a8197fb7e27b206ad5689e02586553e761d,0.005649087019264698,0.08844298343382867,0.43430257408208317,0.7437553405761719,0.35452014207839966,0.47918618321418815
fine_control,45,star_concave,153,private-source://routeA_experiments/data/prospective_ood_rd_hddm_alpha001_v2/star_concave/sample_0153.npz,ac82ba7a6e4d926236266e27b4eb944cfbb25cd0f65fa764d0c5b34ba6446fbc,0.0060323188081383705,0.09956915322043755,0.5514972440738896,0.6211143285036087,0.3968818128108978,0.4850735971331597
fine_control,45,star_concave,154,private-source://routeA_experiments/data/prospective_ood_rd_hddm_alpha001_v2/star_concave/sample_0154.npz,5b375d8a82047d688b8f0bc6d7eda5883b59ffd29e73eda4a65465ff28977100,0.006018259562551975,0.08006362646667561,0.4672886004337981,0.4927094057202339,0.35218171998858444,0.43503438055515287
fine_control,45,star_concave,155,private-source://routeA_experiments/data/prospective_ood_rd_hddm_alpha001_v2/star_concave/sample_0155.npz,c227feb4bc838ca459c2cdb6c2fe08d3c97cd3c54cb120325b6eb8829f0427da,0.0061559006571769714,0.07829213653654522,0.4010260592072148,0.4939706027507782,0.2790919186547397,0.38507187396287906
fine_control,45,star_concave,156,private-source://routeA_experiments/data/prospective_ood_rd_hddm_alpha001_v2/star_concave/sample_0156.npz,d7923a77a7cd74c3df6621aa963a43fdaad4ae9ab5641757571ff70cccab19c3,0.00565438624471426,0.12539582305742866,0.6980011635307752,0.8376373499631882,0.4744755104184151,0.5858485689759259
fine_control,45,star_concave,157,private-source://routeA_experiments/data/prospective_ood_rd_hddm_alpha001_v2/star_concave/sample_0157.npz,bf1ed5ee95cebaaeec4337c10cbb37257a3764baccb51eb2db3b192c4b7f0705,0.0053914617747068405,0.1230216907641715,0.6899502870297897,0.7601322829723358,0.4795932024717328,0.615613790974021
fine_control,45,star_concave,158,private-source://routeA_experiments/data/prospective_ood_rd_hddm_alpha001_v2/star_concave/sample_0158.npz,2d48518d53f1d4302822bc23c36b8e9a725fccad2e348f481c1965dc1fd043e7,0.005365705117583275,0.10339811154237949,0.5540686387533353,0.7999870777130127,0.406334787607193,0.5196421928703785
fine_control,45,star_concave,159,private-source://routeA_experiments/data/prospective_ood_rd_hddm_alpha001_v2/star_concave/sample_0159.npz,afeaff165894f7669804972e11c2e6e7574a89f195a0fedaba5dcc77e4915143,0.0054657943546772,0.12304784425584776,0.7878696341062341,0.7131958603858948,0.4951063066720962,0.5958159374445677
fine_control,45,star_concave,160,private-source://routeA_experiments/data/prospective_ood_rd_hddm_alpha001_v2/star_concave/sample_0160.npz,93d98230e4954693c935e7b6a7af76c2fa25aefb83d1da6027d6e69f2937d6be,0.005390239879488945,0.08625099567193063,0.4832176274539366,0.5448550283908844,0.34011064395308493,0.4385555422306059
fine_control,45,star_concave,161,private-source://routeA_experiments/data/prospective_ood_rd_hddm_alpha001_v2/star_concave/sample_0161.npz,00e0f59193a483fa4f91a44aba4dc7a7d193df42292ed52da041457e2e87fce9,0.005343594588339329,0.11008589446091832,0.5374010027394265,0.6461552381515503,0.43647986464202404,0.5365487035363915
fine_control,45,star_concave,162,private-source://routeA_experiments/data/prospective_ood_rd_hddm_alpha001_v2/star_concave/sample_0162.npz,73adab284c949cf7286e1d55e2f7271f8e574888733c538e9bd6c7126210d7dc,0.005640113726258278,0.10889341131118978,0.601309132744474,0.7318889498710632,0.42635731920599934,0.5284935443103312
fine_control,45,star_concave,163,private-source://routeA_experiments/data/prospective_ood_rd_hddm_alpha001_v2/star_concave/sample_0163.npz,62f2fdf3ad685d63e6744d4c87f1be77f5f4f173f3ac97973519283437aec8be,0.005713507533073425,0.09132398099311019,0.44713647402957507,0.7674897909164429,0.35054962784051896,0.4915448129177095
fine_control,45,star_concave,164,private-source://routeA_experiments/data/prospective_ood_rd_hddm_alpha001_v2/star_concave/sample_0164.npz,9d5ca7a47c569f8001da60474a5d5cd6410704b0b88a94c1bbb617a3ff070b6f,0.006205632351338863,0.07607372305981687,0.4012054721335184,0.5366065055131912,0.30736868232488634,0.4059667168557643
fine_control,45,star_concave,165,private-source://routeA_experiments/data/prospective_ood_rd_hddm_alpha001_v2/star_concave/sample_0165.npz,29665dc936a4f0885b352ba542d5b84c26ef8365b7471657a0b18a6199a4ec20,0.006016584113240242,0.1304396128088474,0.9360412687842509,0.7715006619691849,0.5333840072154998,0.6394534200429917
fine_control,45,star_concave,166,private-source://routeA_experiments/data/prospective_ood_rd_hddm_alpha001_v2/star_concave/sample_0166.npz,cc601404792128ea7fb0b9e382daf4044b16752726051d33d189af92b63e9219,0.005381482653319836,0.12367883283846963,0.7461626516249322,0.920466423034668,0.4743523895740507,0.592303138524294
fine_control,45,star_concave,167,private-source://routeA_experiments/data/prospective_ood_rd_hddm_alpha001_v2/star_concave/sample_0167.npz,9fee3ab4e68d3386753b768109d90049f0d9ab17092f3bad0ae4e29e01fdff2e,0.005578245036303997,0.12118102948468122,0.6452243719333118,0.7046731114387512,0.4670300930738449,0.5811561940237878
fine_control,45,star_concave,168,private-source://routeA_experiments/data/prospective_ood_rd_hddm_alpha001_v2/star_concave/sample_0168.npz,5b47765a6290b94b7d7ff73de6aabe979deba65e29f667e2494d93f1fe8e4c53,0.005424343049526215,0.12218870887851417,0.7990611958980961,0.9090908914804459,0.47688110172748566,0.6873810991644856
fine_control,45,star_concave,169,private-source://routeA_experiments/data/prospective_ood_rd_hddm_alpha001_v2/star_concave/sample_0169.npz,67bb298709d810bd66de79e3e631cbfe3470c51d81de1358148a67ea69a6734a,0.00528684351593256,0.10903339214255384,0.5483880386202682,0.7261456251144409,0.4038988094776869,0.4921613812446594
fine_control,45,star_concave,170,private-source://routeA_experiments/data/prospective_ood_rd_hddm_alpha001_v2/star_concave/sample_0170.npz,ea79ed68e7fcbed7d4821fb08f6d31cd221c7d535e9e6e347dbabbc6c225268f,0.005384967662394047,0.0756359501912866,0.39723582572968036,0.4891858994960785,0.34153151512145996,0.4240085044503212
fine_control,45,star_concave,171,private-source://routeA_experiments/data/prospective_ood_rd_hddm_alpha001_v2/star_concave/sample_0171.npz,4dce99e393c3f3aeec70b32543086cd0503997a3c73bb6088a2ea5028ddb609e,0.005400203168392181,0.07558195403218342,0.3679274182668594,0.5054177194833755,0.31779559701681137,0.4422709338366998
fine_control,45,star_concave,172,private-source://routeA_experiments/data/prospective_ood_rd_hddm_alpha001_v2/star_concave/sample_0172.npz,95062a2be872adfe3d433448a364573f1dcc6d23c46c7283098e1ff3266aa2cb,0.005782037973403931,0.09646636295417331,0.5090079824196974,0.7099374830722809,0.37657350301742554,0.5475500345230109
fine_control,45,star_concave,173,private-source://routeA_experiments/data/prospective_ood_rd_hddm_alpha001_v2/star_concave/sample_0173.npz,f973c30b18b35d7e13fca880aa62b6d77b406606fa79bcf4e05ea9a183aaf747,0.006206495687365532,0.12101593150156756,0.7548679268109227,0.8534191846847534,0.4557795897126198,0.5800923639908433
fine_control,45,star_concave,174,private-source://routeA_experiments/data/prospective_ood_rd_hddm_alpha001_v2/star_concave/sample_0174.npz,da423e7fb1017a419fd9e39c9877f0fe4936a8ade7a8744fb4d05f24020d1525,0.006000000983476639,0.09112146248878232,0.4565433857281146,0.5473571270704269,0.359675633907318,0.503740918636322
fine_control,45,star_concave,175,private-source://routeA_experiments/data/prospective_ood_rd_hddm_alpha001_v2/star_concave/sample_0175.npz,be6a60f58fa788e5509f48f70ce14bcccc9e8f4e06b149f5ea02f032e86a0c01,0.0056973667815327644,0.09031824141884441,0.534553957541459,0.5490049198269844,0.36641424149274826,0.4580672889947892
fine_control,45,star_concave,176,private-source://routeA_experiments/data/prospective_ood_rd_hddm_alpha001_v2/star_concave/sample_0176.npz,8bca2d2f749dcf57abe9c29c0e66817254b5dd336a1895b563295dbe661c1ac8,0.005391869693994522,0.11957122309511235,0.7302819925254623,0.7814428806304932,0.47603362798690796,0.5829358816146853
fine_control,45,star_concave,177,private-source://routeA_experiments/data/prospective_ood_rd_hddm_alpha001_v2/star_concave/sample_0177.npz,c146dae9f67d3f4d0626465827bfbba0af9e30abda534b39cabbf5dc3afd7c2b,0.005370067432522774,0.11718597146055243,0.7766063536697757,0.7167175114154816,0.4738307595252991,0.5658983245491983
fine_control,45,star_concave,178,private-source://routeA_experiments/data/prospective_ood_rd_hddm_alpha001_v2/star_concave/sample_0178.npz,567152031c4a0bb7383960f1716de7f47aaa09e1c18c4a8edc5894592a36008b,0.005444851703941822,0.11517772756726675,0.653997745385534,0.7282344102859497,0.4667565379291774,0.5872296566516162
fine_control,45,star_concave,179,private-source://routeA_experiments/data/prospective_ood_rd_hddm_alpha001_v2/star_concave/sample_0179.npz,c19450a9dbc614eb8e816ca15caa11f305314c88880e41a46b7a06a76270e9ef,0.006014593876898289,0.12921229445373894,0.8217970018255494,0.9463740587234497,0.5159993767738342,0.6444538608193422
fine_control,45,star_concave,180,private-source://routeA_experiments/data/prospective_ood_rd_hddm_alpha001_v2/star_concave/sample_0180.npz,979feb1dc5c9097d8b179d7c9936fa43ca9a7ad06aef8e9ddfd57ec83d56543b,0.005867946892976761,0.09631828327953487,0.5161973747508469,0.7227056324481964,0.4009942188858986,0.5412721280008552
fine_control,45,star_concave,181,private-source://routeA_experiments/data/prospective_ood_rd_hddm_alpha001_v2/star_concave/sample_0181.npz,9c2177662c7e7706987e5b9fc840e754df3531627695145c95cb0168891b0ec3,0.0055323513224720955,0.11774535777795618,0.7124976550837848,0.6150956451892853,0.47180210053920746,0.5523571394383907
fine_control,45,star_concave,182,private-source://routeA_experiments/data/prospective_ood_rd_hddm_alpha001_v2/star_concave/sample_0182.npz,8e1f45388232b975857cf0eb5e800633511cd0fdc84fcac39506fd7ab06dd0ea,0.005312206223607063,0.12719290968551103,0.9127572515974977,0.7618530839681625,0.4860480763018131,0.6058689326047888
fine_control,45,star_concave,183,private-source://routeA_experiments/data/prospective_ood_rd_hddm_alpha001_v2/star_concave/sample_0183.npz,f6af694d75d001d3c452801ea94aa82b47a2951f62861ba1a2885df85ec62b14,0.0054387981072068214,0.09001954584644897,0.4452153275141653,0.7201152443885803,0.36610813438892365,0.4946751743555069
fine_control,45,star_concave,184,private-source://routeA_experiments/data/prospective_ood_rd_hddm_alpha001_v2/star_concave/sample_0184.npz,80d8e656007fb51095a1c187bc0dabfc69020fb316baf6af22ca45bdd6eedb55,0.005442455410957336,0.11843382238553854,0.6708880693286396,0.6764655783772469,0.47593269497156143,0.5532220587134359
fine_control,45,star_concave,185,private-source://routeA_experiments/data/prospective_ood_rd_hddm_alpha001_v2/star_concave/sample_0185.npz,b5b247991e1e38b65af33f6e252ad30525ed1c2bb81d00bb8d67895a71fe25cc,0.005417919717729092,0.12898348420180075,0.8181725639581587,0.7053551077842712,0.522334298864007,0.6152009290456769
fine_control,45,star_concave,186,private-source://routeA_experiments/data/prospective_ood_rd_hddm_alpha001_v2/star_concave/sample_0186.npz,9cb3e8ed6dd35a1f1bd2884d7ccc37720ce91f97c87bb62db2bc7319ed7fa9ce,0.005420820787549019,0.1067100441479962,0.5996166772046732,0.6070849895477295,0.4394101712852716,0.5166860078275204
fine_control,45,star_concave,187,private-source://routeA_experiments/data/prospective_ood_rd_hddm_alpha001_v2/star_concave/sample_0187.npz,b8a01e68369ac0ae2301cde85ae4523b06b6f852ccb68151c27e7b7a2e264805,0.005467459559440613,0.06467581656985431,0.34549060506746077,0.4460500106215477,0.2686479091644287,0.38777501685544874
fine_control,45,star_concave,188,private-source://routeA_experiments/data/prospective_ood_rd_hddm_alpha001_v2/star_concave/sample_0188.npz,402356ecf909dc7f80ce7a4fb74b2796d69e54097bc2e4bf1d0affd48a478691,0.005658707581460476,0.0802263249623048,0.41765118021452324,0.5111732631921768,0.3379825573414562,0.42924975365400314
fine_control,45,star_concave,189,private-source://routeA_experiments/data/prospective_ood_rd_hddm_alpha001_v2/star_concave/sample_0189.npz,5d3af4e72fcbfb55abad2633b7b50c6ff1698d6149444cbb224faeb9fb80f7e1,0.0057227518409490585,0.09444930766737089,0.49098900192832345,0.5996624529361725,0.3490478156134486,0.4534451456367969
fine_control,45,star_concave,190,private-source://routeA_experiments/data/prospective_ood_rd_hddm_alpha001_v2/star_concave/sample_0190.npz,64ee3e78ef955d620e48dfc0c0575b217089daaeb07f6fd6b698b494d20cdc97,0.006083606742322445,0.10134008749298205,0.6162584156314527,0.5742886811494827,0.3816546067595482,0.48258978724479634
fine_control,45,star_concave,191,private-source://routeA_experiments/data/prospective_ood_rd_hddm_alpha001_v2/star_concave/sample_0191.npz,6b6e2f1ef2a5225659b22dd222cfdeb623e3a9d34d146460b1201ec2c58ac5f2,0.005986558273434639,0.11940382267121454,0.6421742486936401,0.8530389964580536,0.44964801520109177,0.5339894711971281
fine_control,45,star_concave,192,private-source://routeA_experiments/data/prospective_ood_rd_hddm_alpha001_v2/star_concave/sample_0192.npz,81e07c354e8b9090deac2dd659d673aa62dcc492675457e68850919289c02ee1,0.005963370203971863,0.09796784789617882,0.605284992571535,0.6377214938402176,0.3684780240058899,0.4893161487579346
fine_control,45,star_concave,193,private-source://routeA_experiments/data/prospective_ood_rd_hddm_alpha001_v2/star_concave/sample_0193.npz,2a055578d35dbeaf6f9777c70db61a17e59b21e0e089c4b73fe73fc8f30ee5c9,0.005306888371706009,0.11313407523883824,0.7277353844904026,0.7876441180706024,0.46919363029301175,0.6193313713371753
fine_control,45,star_concave,194,private-source://routeA_experiments/data/prospective_ood_rd_hddm_alpha001_v2/star_concave/sample_0194.npz,015bc47bb4c5ba3f27b05a1792fbb44af4337d85c98d106323f3d69d268d8c7a,0.00548393651843071,0.09755762797000746,0.6118772609765374,0.7268243134021759,0.3879905641078949,0.521544903516769
fine_control,45,star_concave,195,private-source://routeA_experiments/data/prospective_ood_rd_hddm_alpha001_v2/star_concave/sample_0195.npz,4dc63967e6d5bcb0dad8dc928ac1c21ef324161440414cdd69f8fa0670c5622c,0.005654230713844299,0.1269876349165334,0.821651779952242,0.8556790500879288,0.5157757952809333,0.6321703261137008
fine_control,45,star_concave,196,private-source://routeA_experiments/data/prospective_ood_rd_hddm_alpha001_v2/star_concave/sample_0196.npz,98c3c846abd7760ff75322a10ea69cbcf64050b1920000f30ac9ddef03a582bf,0.005380173213779926,0.08711801318867253,0.533874360489019,0.6518163084983826,0.3754255473613739,0.45600226819515194
fine_control,45,star_concave,197,private-source://routeA_experiments/data/prospective_ood_rd_hddm_alpha001_v2/star_concave/sample_0197.npz,5b762b3e30b125a39b0866174933e4f32d3c35f9dd054ae1cb4d4c37788ff8d7,0.0054220519959926605,0.09411490440236442,0.4417768988217122,0.5446078255772591,0.3504371978342533,0.4819772196933627
fine_control,45,star_concave,198,private-source://routeA_experiments/data/prospective_ood_rd_hddm_alpha001_v2/star_concave/sample_0198.npz,f1d5bb05bec2186640d91bfa3cdc67b166bd2952867a20a2796076984771c3e5,0.0057547250762581825,0.07098380315614632,0.3331052460285613,0.5929139852523804,0.2874355435371401,0.4300654983520508
fine_control,45,star_concave,199,private-source://routeA_experiments/data/prospective_ood_rd_hddm_alpha001_v2/star_concave/sample_0199.npz,24e273c05359ecf1670b3cd5ef34d49ef6c28ef523b55d61e6ff7b4dfcb1f389,0.005963248200714588,0.09229931926848338,0.47393808133676985,0.5657127499580383,0.37726097330451003,0.47148004569113244
