model,training_seed,shape,sample_id,sample_file,sample_sha256,inference_seconds,mae,relative_l2,max_abs_error,p95_abs_error,p99_abs_error
fine_control,43,slit_bridge,0,private-source://routeA_experiments/data/final_ood_frozen_v1/slit_bridge/sample_0000.npz,30d9b3db72b5f04e7aed5aca69b177e736741d71d456678de2c366e94064976a,0.002181483432650566,0.1217985210195585,0.9960039182046775,0.9139440581202507,0.5546793397516012,0.801024767756462
fine_control,43,slit_bridge,1,private-source://routeA_experiments/data/final_ood_frozen_v1/slit_bridge/sample_0001.npz,35ca7668746e40038fbccaaf4b015e191d09a272260f8b2c67e05158beed58d9,0.0018173782154917717,0.08948628056558815,0.6393120449919254,0.7763007581233978,0.4094380959868431,0.5148410230875015
fine_control,43,slit_bridge,2,private-source://routeA_experiments/data/final_ood_frozen_v1/slit_bridge/sample_0002.npz,5aa31e0476a00717a676402ae73bf67f0900790fbaaba0689885a4f4d81b1d01,0.0019895872101187706,0.10407129052886746,0.7758450491161859,0.8675886243581772,0.4911789633333683,0.6683229848742483
fine_control,43,slit_bridge,3,private-source://routeA_experiments/data/final_ood_frozen_v1/slit_bridge/sample_0003.npz,fa2249a12bd45ebd5bf12289d408b399125153ec7a74d5498b2d06c116f8f405,0.002116008661687374,0.12331516963326578,1.1511363087627409,0.9636783301830292,0.5475354660302401,0.7595235034823417
fine_control,43,slit_bridge,4,private-source://routeA_experiments/data/final_ood_frozen_v1/slit_bridge/sample_0004.npz,4006cdfdceb8abe632e2df62c467d010fb9761bec6322c363b9f3abbc55829d4,0.00213653314858675,0.10730261171282264,0.7963601750724879,0.8892809972167015,0.5139582455158234,0.7448198646306982
fine_control,43,slit_bridge,5,private-source://routeA_experiments/data/final_ood_frozen_v1/slit_bridge/sample_0005.npz,1ea410d183d08cc06714b087bb528e626a67090d2f8931f1f61a73ddeff9902a,0.0021864408627152443,0.12113000778469121,1.5849127253984614,1.0245744874700904,0.5582406842149794,0.7656631232704965
fine_control,43,slit_bridge,6,private-source://routeA_experiments/data/final_ood_frozen_v1/slit_bridge/sample_0006.npz,2b2b41c1ab84aefad645e09329749a0c4789e3a60b3931b89e053a383e66541e,0.0022260555997490883,0.1088334902938233,1.9278772102937658,1.1325689796358347,0.5029241278534755,0.7215649770805599
fine_control,43,slit_bridge,7,private-source://routeA_experiments/data/final_ood_frozen_v1/slit_bridge/sample_0007.npz,e99898145655a5c1ce681d0eb3c7597d5032c10b823f0c114d9a1b16467ea524,0.00206184946000576,0.06720687380717501,0.4508325875483812,0.5455535650253296,0.26257742941379547,0.44049607515335065
fine_control,43,slit_bridge,8,private-source://routeA_experiments/data/final_ood_frozen_v1/slit_bridge/sample_0008.npz,6e17a3aa2c3547f8d5c7c15a2ba8d09341c289bc2a2f8cc11cd61460dd0a75b4,0.002109936438500881,0.10983540534039862,0.8009155250814437,0.8522217944264412,0.46671076212078333,0.6617491841316222
fine_control,43,slit_bridge,9,private-source://routeA_experiments/data/final_ood_frozen_v1/slit_bridge/sample_0009.npz,cc5b71a537246355e6aa5eb87b1ec934946edb1d31595b1d37e482e2b73e96e4,0.00218020286411047,0.086809505596552,0.6756549019926532,0.8054605573415756,0.3920978605747223,0.5105309188365923
fine_control,43,slit_bridge,10,private-source://routeA_experiments/data/final_ood_frozen_v1/slit_bridge/sample_0010.npz,87874a0f11d5ca1214cb1c831735689324f5d265f0ad734b920d4aea56a205a8,0.0021605249494314194,0.0984724577404832,0.9011889551735063,0.6713832318782806,0.4660339765250683,0.5814392521977424
fine_control,43,slit_bridge,11,private-source://routeA_experiments/data/final_ood_frozen_v1/slit_bridge/sample_0011.npz,a23d58d483f0ee7d7d9ad82447d292fdde0c9f6964a6ce9759730ce9671620fc,0.0022181933745741844,0.12212013901747788,1.1246684184339204,0.885576069355011,0.5341380210593343,0.7195961996912946
fine_control,43,slit_bridge,12,private-source://routeA_experiments/data/final_ood_frozen_v1/slit_bridge/sample_0012.npz,1bf5b6c8a99e6b1af341524d638c181408e613ec93db7fb6986f600e0e3c65a1,0.0018050186336040497,0.06194833305627829,0.4864499242178947,0.4788697510957718,0.21884481236338615,0.3208469361066818
fine_control,43,slit_bridge,13,private-source://routeA_experiments/data/final_ood_frozen_v1/slit_bridge/sample_0013.npz,1adafcde8c3f4e445b1b034d25421d3a48662f83f441bf0eecdee27f12cecbc3,0.0020709503442049026,0.07542728047900647,0.5697127822881601,0.5842919051647186,0.3243432193994522,0.48962196409702285
fine_control,43,slit_bridge,14,private-source://routeA_experiments/data/final_ood_frozen_v1/slit_bridge/sample_0014.npz,64b0e9dc29123e952cb0d300a00469414c7c7f76a16dd935a75e7624fe912b36,0.0021286550909280777,0.1170407046842339,1.1784657478752947,0.9105249866843224,0.5455386778339744,0.7091492652893064
fine_control,43,slit_bridge,15,private-source://routeA_experiments/data/final_ood_frozen_v1/slit_bridge/sample_0015.npz,b9c330fa4cfc004b6beec69ac0615be8854455f9775205c11364db4615c089be,0.002129914239048958,0.11256366131131848,0.9048126608372639,0.8555847629904747,0.5107987429946661,0.7724404439330099
fine_control,43,slit_bridge,16,private-source://routeA_experiments/data/final_ood_frozen_v1/slit_bridge/sample_0016.npz,596996fb6aeff6e88332008eed32b4b95f86de86801a1640f6de12786cd403d3,0.002001713030040264,0.07452686570932104,0.6498305153636718,0.5671767592430115,0.3602626621723175,0.4995047032833098
fine_control,43,slit_bridge,17,private-source://routeA_experiments/data/final_ood_frozen_v1/slit_bridge/sample_0017.npz,312eedbc05e5128aebccd1eda0cb448659dcf770824e39ef15c6231d604d0095,0.0021384302526712418,0.10806033186948492,0.9651215309142319,0.8610052168369293,0.4736815206706524,0.6699371982365843
fine_control,43,slit_bridge,18,private-source://routeA_experiments/data/final_ood_frozen_v1/slit_bridge/sample_0018.npz,41e1f220b6752fc77a60ab80dca4c8628042e5d54833a97c9832832e8db500e2,0.002119692973792553,0.06397874202990096,0.402076064459667,0.5283117592334747,0.2834640219807625,0.4154143944382666
fine_control,43,slit_bridge,19,private-source://routeA_experiments/data/final_ood_frozen_v1/slit_bridge/sample_0019.npz,b97fe8016fb4c7d7995df4c42b480dce1072ee7db9abb641c503877913ffce9c,0.002085188403725624,0.09414255052527949,0.7509005986291148,0.7562179714441299,0.42285063676536083,0.6113945230841635
fine_control,43,slit_bridge,20,private-source://routeA_experiments/data/final_ood_frozen_v1/slit_bridge/sample_0020.npz,994e03c5207e2ae7356bc74d2f380fd7f474af9a82fe4a9bb90585ddb10c1fb7,0.00217325147241354,0.10773155841447617,0.9949098345594074,0.9753841031342745,0.4977489225566387,0.7940404988825319
fine_control,43,slit_bridge,21,private-source://routeA_experiments/data/final_ood_frozen_v1/slit_bridge/sample_0021.npz,1456683b4642362ec663cedabc21c8bb0ed3f06ae1beb9ca35a8ac02768d7f01,0.0021445415914058685,0.09898540301210446,0.7771177600378136,0.79793781042099,0.47116960771381855,0.6055264011025423
fine_control,43,slit_bridge,22,private-source://routeA_experiments/data/final_ood_frozen_v1/slit_bridge/sample_0022.npz,c36a4db85f26e6cbe9c3036e9cf2ad4c578008898c1405c54c1e0914ccc8ef1c,0.002156812697649002,0.09841597898669324,0.7701721411108894,0.911703571677208,0.42249344289302826,0.6294071316719047
fine_control,43,slit_bridge,23,private-source://routeA_experiments/data/final_ood_frozen_v1/slit_bridge/sample_0023.npz,610587d7aa0593f777b96e6fdb4fdcf2ebc68a867c186890c7838e7b2d944c00,0.0021188873797655106,0.10991224516141995,0.9533826753553016,0.9127409271895885,0.4985185619443655,0.6484296292066574
fine_control,43,slit_bridge,24,private-source://routeA_experiments/data/final_ood_frozen_v1/slit_bridge/sample_0024.npz,959eeaf23d4f71a25e7eff4fc4c4640be516df58074ab3dad10126c1ca5ed619,0.0018659532070159912,0.12832058050053038,1.7089583341150374,0.9695286825299263,0.5307101255748421,0.7754375505261123
fine_control,43,slit_bridge,25,private-source://routeA_experiments/data/final_ood_frozen_v1/slit_bridge/sample_0025.npz,12244099e66cc796717b1ac4a0197a86db0d3832ae8f92f8b6285b350ded04cd,0.0018909759819507599,0.07517950823482239,0.5602548262426372,0.5495304763317108,0.3422347381711006,0.4498122185468668
fine_control,43,slit_bridge,26,private-source://routeA_experiments/data/final_ood_frozen_v1/slit_bridge/sample_0026.npz,8ec7e62775275cf1cdcb11a3a5070589032551c0222125cc6f2572c5b6100c1e,0.0022485340014100075,0.10741372283279056,0.8437670419527872,0.748876616358757,0.47744086757302284,0.6425764836370945
fine_control,43,slit_bridge,27,private-source://routeA_experiments/data/final_ood_frozen_v1/slit_bridge/sample_0027.npz,a57e3c4af7915d4277fe784929f02e1108f70b06739b89cc49e2f31db68759d6,0.002124261111021042,0.08239985160730469,0.6516942256278926,0.7640470266342163,0.3575601316988468,0.456486016511917
fine_control,43,slit_bridge,28,private-source://routeA_experiments/data/final_ood_frozen_v1/slit_bridge/sample_0028.npz,129f68b38d7e4376d96e492a23bdc037ec06345501698eb53f87dc4c2bdcf26b,0.002327543683350086,0.08416224831306865,0.5738600947993523,0.6872638612985611,0.3474996089935303,0.48092224597930905
fine_control,43,slit_bridge,29,private-source://routeA_experiments/data/final_ood_frozen_v1/slit_bridge/sample_0029.npz,d7be996266c698efe66a16bcc34de0aff06589c37bb8599f9f62b3c06206baa6,0.0020112665370106697,0.055674586483469755,0.40045684390273567,0.5806526243686676,0.1972251832485199,0.2946032658219337
fine_control,43,slit_bridge,30,private-source://routeA_experiments/data/final_ood_frozen_v1/slit_bridge/sample_0030.npz,b09f05e8c2f7a9d479d786d72d681814f27d08ee89b3d974343fd2b090a1ce6a,0.0022462988272309303,0.09941980691862207,0.7379934830654483,0.848028227686882,0.42444464564323425,0.625957552343607
fine_control,43,slit_bridge,31,private-source://routeA_experiments/data/final_ood_frozen_v1/slit_bridge/sample_0031.npz,bc00125fdaa393e280c5352531595db001f7ddb3deb151245917cd589e5c31f0,0.0022115418687462807,0.0503122329914853,0.34778088461105156,0.7207991480827332,0.194272649474442,0.30777991116046904
fine_control,43,slit_bridge,32,private-source://routeA_experiments/data/final_ood_frozen_v1/slit_bridge/sample_0032.npz,210304fe0d7d8f0427af5f9a0754f958b13e7ca893e23870daca6089c7494849,0.0017191451042890549,0.0714869428852727,0.521971192418558,0.6327851414680481,0.29796161875128746,0.4493202030658719
fine_control,43,slit_bridge,33,private-source://routeA_experiments/data/final_ood_frozen_v1/slit_bridge/sample_0033.npz,27aec766b6350542fba91a6efe33f57848a74817bca29836eb0daa48b8186c28,0.0021951422095298767,0.10756408572144313,0.9371199280896612,0.8267752416431904,0.48848607391119003,0.7300070419907567
fine_control,43,slit_bridge,34,private-source://routeA_experiments/data/final_ood_frozen_v1/slit_bridge/sample_0034.npz,188e43a83a5baeee871f92676435b8b14ff91c60dfed2c7edaee32a7c3fe7437,0.001714359037578106,0.08456488975468864,0.6999451866392908,1.1326916217803955,0.36015788093209267,0.5231296867132181
fine_control,43,slit_bridge,35,private-source://routeA_experiments/data/final_ood_frozen_v1/slit_bridge/sample_0035.npz,7b87bcf793f11163ce8025e6ca4bc45abb9b34cf709bd1bb8b9fb68b3a8dabe4,0.002208178862929344,0.10184903911875218,0.8400083150063307,1.1273832768201828,0.4843501076102257,0.6361613534390926
fine_control,43,slit_bridge,36,private-source://routeA_experiments/data/final_ood_frozen_v1/slit_bridge/sample_0036.npz,4c37861366bb2835c656390a05790cc29a37a467fa5c97e436d4dc5e6180c227,0.0020527616143226624,0.06851859808040463,0.5782161386583025,0.6788102388381958,0.29780731722712517,0.46145557761192313
fine_control,43,slit_bridge,37,private-source://routeA_experiments/data/final_ood_frozen_v1/slit_bridge/sample_0037.npz,8fbc3afcf65822fdaf99fdeb4b9caaacaaa2422144e57b088e882fc0dcbcdfe9,0.002151194028556347,0.11538258851794804,0.9225830384519738,0.854760080575943,0.5484843030571938,0.7324118688702583
fine_control,43,slit_bridge,38,private-source://routeA_experiments/data/final_ood_frozen_v1/slit_bridge/sample_0038.npz,d8aa380b826e09980e586e8dcd26acff520e462dddbb758d989ce305a62e2bd2,0.0021667592227458954,0.10319386636491133,0.781680291550898,0.8497350960969925,0.48277157079428434,0.7432484433054918
fine_control,43,slit_bridge,39,private-source://routeA_experiments/data/final_ood_frozen_v1/slit_bridge/sample_0039.npz,5773aed921a57866510a828614cf323ba3e5c1f662198f68ba30e9cd435e428d,0.002196887508034706,0.09840859506008653,1.0277530988067949,0.9999992605298758,0.469131825491786,0.6606302440166472
fine_control,43,slit_bridge,40,private-source://routeA_experiments/data/final_ood_frozen_v1/slit_bridge/sample_0040.npz,10b3fc9be817d0fa28e4f2ad0ce1679a84b2986a85b9c817ff380bc606731884,0.0017099007964134216,0.11176034494769314,0.8995656131782985,0.8226769678294659,0.474371787160635,0.724781438708305
fine_control,43,slit_bridge,41,private-source://routeA_experiments/data/final_ood_frozen_v1/slit_bridge/sample_0041.npz,cdde49a6f56183448eeefafbf84517c5719d37b8e33b5fb3d5907c79ec0c3d4d,0.002076270990073681,0.08745057530966471,0.7243022816829584,1.150899812579155,0.3740726262331009,0.5303439579904079
fine_control,43,slit_bridge,42,private-source://routeA_experiments/data/final_ood_frozen_v1/slit_bridge/sample_0042.npz,bd82adbf113c51db9c8fdb7ae61bdfb4b0de8fd0738107c1b16747edf214ed83,0.002197401598095894,0.06258380675965222,0.3790799634479279,0.49858516454696655,0.24314388632774353,0.43435349762439723
fine_control,43,slit_bridge,43,private-source://routeA_experiments/data/final_ood_frozen_v1/slit_bridge/sample_0043.npz,1b05a0e90cb92ad13e160cd9d88d3ccd24a5d5042572cbdeb6c780eb7c691723,0.002215748652815819,0.11102658826932706,1.0980855420596398,0.8876941353082657,0.49860281124711037,0.721589409932493
fine_control,43,slit_bridge,44,private-source://routeA_experiments/data/final_ood_frozen_v1/slit_bridge/sample_0044.npz,9eab1dd2e918e6415c0ac9317c974fb554285878086fbcec4685c90b0a603efd,0.0021689236164093018,0.11471556023180135,1.1892482708306058,1.0524787716567516,0.5168614503927529,0.688857193291187
fine_control,43,slit_bridge,45,private-source://routeA_experiments/data/final_ood_frozen_v1/slit_bridge/sample_0045.npz,28399d49797881f5a264063c34c2a36369094141bb9cf4c05cbdaee4d1f32c15,0.0018577538430690765,0.12168124917524356,1.3887988971400096,1.0919244084507227,0.5806628367863595,0.8550720381550486
fine_control,43,slit_bridge,46,private-source://routeA_experiments/data/final_ood_frozen_v1/slit_bridge/sample_0046.npz,137e9591ce0032a2d71b366e44219ca9b23cbd2f3a421043183f5c5f8e25cd7f,0.0020245546475052834,0.07316607665591365,0.6271390032795346,0.9627614766359329,0.3152286484837532,0.49558621644973744
fine_control,43,slit_bridge,47,private-source://routeA_experiments/data/final_ood_frozen_v1/slit_bridge/sample_0047.npz,a34fc43c7eb5b8809b22c7c026452d2278be0d7636bd62dbf7db0e72488bfe93,0.00223512202501297,0.09658945559756717,0.65498220709487,0.7149320468306541,0.41436129063367844,0.5549845755100248
fine_control,43,slit_bridge,48,private-source://routeA_experiments/data/final_ood_frozen_v1/slit_bridge/sample_0048.npz,d3dea4d451c780395aeec9e434f3f3426fa5b35717d062d652d0000cb4849ab0,0.0018779858946800232,0.10761702827772683,0.9310268909045601,0.8100761622190475,0.4699211437255144,0.6620055865496397
fine_control,43,slit_bridge,49,private-source://routeA_experiments/data/final_ood_frozen_v1/slit_bridge/sample_0049.npz,65ea22db20d21e0adb8290dfc006ce6871e3b0e95cbda2d1b6dc4212521b340d,0.002232687547802925,0.07776696042158267,0.6775713441845613,0.7878583818674088,0.3453044258058071,0.5179639361798757
fine_control,43,slit_bridge,50,private-source://routeA_experiments/data/final_ood_frozen_v1/slit_bridge/sample_0050.npz,84c0049ab4231171d59431596c6d5ee4a6296eb0688530fec168df065e5f3736,0.002153966575860977,0.1055330812140237,0.9258588335817275,0.863217681646347,0.5281290598213673,0.7168334655463692
fine_control,43,slit_bridge,51,private-source://routeA_experiments/data/final_ood_frozen_v1/slit_bridge/sample_0051.npz,4a2b9189cfb9e62a2d88e9b4f0538c291df4cf2365fc6101f7bcb0ca5ea19039,0.002137616276741028,0.11186804396320352,1.2427981539363542,0.8710579425096512,0.5213685478083789,0.7005505993962287
fine_control,43,slit_bridge,52,private-source://routeA_experiments/data/final_ood_frozen_v1/slit_bridge/sample_0052.npz,7a6182ea0d10e503b4488744930d05c12fe0a98749a0f08c0bf9a0ade333130c,0.002136017195880413,0.12023101050512097,0.9337155576223933,1.0725344233214855,0.5311101675033569,0.7269729942083357
fine_control,43,slit_bridge,53,private-source://routeA_experiments/data/final_ood_frozen_v1/slit_bridge/sample_0053.npz,f38fc50a05bb0fe7cbe4b70cd13485a58e43ff94c9c22822cb929aed2391bc79,0.002194758504629135,0.06918381830872918,0.6113290156394252,0.7899726331233978,0.25149814039468765,0.46396987438201853
fine_control,43,slit_bridge,54,private-source://routeA_experiments/data/final_ood_frozen_v1/slit_bridge/sample_0054.npz,523ec7f16e149a678ab1eee24891a839649693313f63f9f03417215898e364c2,0.0021040551364421844,0.10413793722879428,0.9328651066259154,0.760759562253952,0.48138977587223053,0.606384678184986
fine_control,43,slit_bridge,55,private-source://routeA_experiments/data/final_ood_frozen_v1/slit_bridge/sample_0055.npz,a11a3648b53fa4f131e8a071f27bd07db354d48796864dbb9f50084862cbf7af,0.002204751595854759,0.09798290748485945,0.6341587547205898,0.7530223280191422,0.401666147634387,0.6110642254352567
fine_control,43,slit_bridge,56,private-source://routeA_experiments/data/final_ood_frozen_v1/slit_bridge/sample_0056.npz,754e5a373c358a5e7e5648b5ee524f7f3caf5be3ad24ca01b4bbaa5930f3722f,0.0020124390721321106,0.08254895657263038,0.5335656291039287,0.7520520091056824,0.37081488966941833,0.5518442541360852
fine_control,43,slit_bridge,57,private-source://routeA_experiments/data/final_ood_frozen_v1/slit_bridge/sample_0057.npz,88bdcbb6787810fba1f67ab1e1d706c0a0449080180a5731fe9e830cd5c1781e,0.0020899921655654907,0.10430598720092914,0.8053716282588824,0.7838797122240067,0.4536314755678177,0.6486346364021299
fine_control,43,slit_bridge,58,private-source://routeA_experiments/data/final_ood_frozen_v1/slit_bridge/sample_0058.npz,25dc8c7315b0e070c4b3619308cd7da2f67091e9d12652a39dff2c4abf512a48,0.0021882113069295883,0.06362822916239075,0.5213737794153497,0.6811567842960358,0.22747381776571274,0.4186902523040769
fine_control,43,slit_bridge,59,private-source://routeA_experiments/data/final_ood_frozen_v1/slit_bridge/sample_0059.npz,8537f0d12de7433ac2c634794f33eec0a1ef183fb6a9871cd07ec6fe9960e78c,0.0018274448812007904,0.10171125235189633,0.9303766156804256,0.8423572331666946,0.4457899332046509,0.6111525595188136
fine_control,43,slit_bridge,60,private-source://routeA_experiments/data/final_ood_frozen_v1/slit_bridge/sample_0060.npz,ccb10d13e92987f9e92f19f57b8c828d1cec71baabf49eeda5b8131c81cffaae,0.002184857614338398,0.09387763707913584,0.7705323121750178,0.9945909306406975,0.4152156226336956,0.6290778338909143
fine_control,43,slit_bridge,61,private-source://routeA_experiments/data/final_ood_frozen_v1/slit_bridge/sample_0061.npz,617d3d8d6e33e0cd8b2d68db50b259c76f1b572922b1f4eafd14d5c95f7f2927,0.0021696966141462326,0.11405810097180417,0.8427295557175617,0.7844632342457771,0.48612223006784916,0.65112085789442
fine_control,43,slit_bridge,62,private-source://routeA_experiments/data/final_ood_frozen_v1/slit_bridge/sample_0062.npz,4cb6187852b50d7a648cc396d4b92a5199fc15e009d3e6afe856b73e4795fb3c,0.0018972931429743767,0.11804607769074346,0.9601542663715575,0.8869708329439163,0.5538806170225143,0.8241410426795479
fine_control,43,slit_bridge,63,private-source://routeA_experiments/data/final_ood_frozen_v1/slit_bridge/sample_0063.npz,dac27c2cdc3cfd09038c74bf4bee8892e3fbd4242d4ae68cf068121304f4b392,0.002195536158978939,0.12944655318842968,1.2035852892135772,1.069006785750389,0.5479166321456432,0.8424138814210891
fine_control,43,slit_bridge,64,private-source://routeA_experiments/data/final_ood_frozen_v1/slit_bridge/sample_0064.npz,42bf6e538ce7971d6bb267afcbb5017c74c7ee0a38eeeb22b770afd6da523ffd,0.0021524615585803986,0.09008836568046237,0.6472664380643295,0.9805279225111008,0.37953541055321693,0.5667288988828654
fine_control,43,slit_bridge,65,private-source://routeA_experiments/data/final_ood_frozen_v1/slit_bridge/sample_0065.npz,8ae70c1cc087b2cb14feefb626847c8e54e0ee1ff237949762758fc9fef1ccfe,0.0021215081214904785,0.1043155529126763,0.8136941991216097,1.0193536654114723,0.4761984460055828,0.672909596562385
fine_control,43,slit_bridge,66,private-source://routeA_experiments/data/final_ood_frozen_v1/slit_bridge/sample_0066.npz,bf5bec0125f3e132a0234c3c65c18310c2a824fe299149a53c91065ba9684ebc,0.0022654198110103607,0.0487752293801898,0.3298824344035698,0.5143090486526489,0.176486661657691,0.311858332157135
fine_control,43,slit_bridge,67,private-source://routeA_experiments/data/final_ood_frozen_v1/slit_bridge/sample_0067.npz,c4c4d08eb71d2a88a3573896b8651cdf6ff3433eaf00aef21e8815ee63c8636b,0.0018922733142971992,0.08261502887592811,0.6428362215507487,1.0169809013605118,0.40565959364175797,0.5283986665308474
fine_control,43,slit_bridge,68,private-source://routeA_experiments/data/final_ood_frozen_v1/slit_bridge/sample_0068.npz,9d5bf135c023eb440f5e2fcdbcd3144986ccea4a471e8d876188876d1f874f48,0.00215968769043684,0.11443920831239762,1.1361599549163266,0.7718695104122162,0.4681248888373375,0.6306309834122656
fine_control,43,slit_bridge,69,private-source://routeA_experiments/data/final_ood_frozen_v1/slit_bridge/sample_0069.npz,5c786c1f5b59aea34b782d6d4f11df00e05c430f5d55022b5da71cb4fb8d0930,0.0021043159067630768,0.1178447571155869,0.9898435700955639,0.8510407507419586,0.5444971434772015,0.7001692470163101
fine_control,43,slit_bridge,70,private-source://routeA_experiments/data/final_ood_frozen_v1/slit_bridge/sample_0070.npz,ed31a0aa3d983e019a2886acd9e424e492ee60dd9051fcd420f294aa7d65556d,0.001857181079685688,0.09720162003852412,0.8430233774551249,0.9136938750743866,0.4486524537205696,0.6219777368009086
fine_control,43,slit_bridge,71,private-source://routeA_experiments/data/final_ood_frozen_v1/slit_bridge/sample_0071.npz,392690e82cd3c5edc07092ea1286bb31ee5ff623427f4ad994d7d81479d6dab4,0.00218222476541996,0.08367692402289684,0.8039630561249071,1.1889150142669678,0.3680928647518158,0.6353353537619102
fine_control,43,slit_bridge,72,private-source://routeA_experiments/data/final_ood_frozen_v1/slit_bridge/sample_0072.npz,13d1458cb7f3b3c59870f9253bb955db809110e13c2d3e0b7bd73b1dc03bcc6b,0.0021354304626584053,0.0896576243622166,0.8939580389136731,1.0833533182740211,0.40859701856970787,0.5603500872850418
fine_control,43,slit_bridge,73,private-source://routeA_experiments/data/final_ood_frozen_v1/slit_bridge/sample_0073.npz,abe7b6b76ff8f9f9514fc6c9452f5d49124e62bec9ef2160c3a275b0c13db251,0.0021648621186614037,0.1180361056905443,1.0600187602352167,1.0683848522603512,0.5056379213929176,0.6786000080406662
fine_control,43,slit_bridge,74,private-source://routeA_experiments/data/final_ood_frozen_v1/slit_bridge/sample_0074.npz,51ff9c6ba58e09f4038fba26fc78e8d866d805ea092ff9a4834e7d07d5b953c3,0.0021968483924865723,0.05078510095286366,0.3717469326118769,0.6990548074245453,0.18390369229018688,0.33575467169284695
fine_control,43,slit_bridge,75,private-source://routeA_experiments/data/final_ood_frozen_v1/slit_bridge/sample_0075.npz,295242b0a3c4441b1839c2e51ada10cd8d911b42bc383c1c876668ed7db69aca,0.001836385577917099,0.06761945483541805,0.5499847580601791,0.6302344352006912,0.25092432275414467,0.43391189575195305
fine_control,43,slit_bridge,76,private-source://routeA_experiments/data/final_ood_frozen_v1/slit_bridge/sample_0076.npz,beb19109c76423a493f2dce420b9e7186ae828c5f8afa7330784720dd627942a,0.0021695327013731003,0.1062833396148182,0.8337783668347438,0.7209892272949219,0.4948737509548664,0.6342991679906841
fine_control,43,slit_bridge,77,private-source://routeA_experiments/data/final_ood_frozen_v1/slit_bridge/sample_0077.npz,2b930b075d3b18dc862520638716d3ca8b214cccc86033c8a5389cf1eee32caf,0.00209757499396801,0.1022811917077315,0.9499105372192657,0.9131037779152393,0.5039483979344368,0.6728292100131509
fine_control,43,slit_bridge,78,private-source://routeA_experiments/data/final_ood_frozen_v1/slit_bridge/sample_0078.npz,81766226a2c457e6280404619b8b2ac47bc63cd5302a18b5988528768c89a906,0.001871766522526741,0.11094398793169939,0.9397784368857338,0.8011097013950348,0.4785676496103406,0.6646752715110777
fine_control,43,slit_bridge,79,private-source://routeA_experiments/data/final_ood_frozen_v1/slit_bridge/sample_0079.npz,39d04f6918bf1e91b48064494be9aa05bd75bf2d12d1b69e17182fdccc736084,0.002131902612745762,0.07202255419714661,0.48639365239224785,0.6057024896144867,0.2994079440832138,0.44353112652897825
fine_control,43,slit_bridge,80,private-source://routeA_experiments/data/final_ood_frozen_v1/slit_bridge/sample_0080.npz,34759e2ce25b3deafb7b86e4a166e29aa7b6ad6312b24ec108b7195308a75605,0.002192993648350239,0.11784825174889003,1.2412241966348083,0.932202422991395,0.5444816295057535,0.7709876298904406
fine_control,43,slit_bridge,81,private-source://routeA_experiments/data/final_ood_frozen_v1/slit_bridge/sample_0081.npz,c09c71d395b921fd42317ee8257d8e8ca0fefc88548e7044fde1c9427bc01d57,0.002109222114086151,0.06482791962482194,0.403635731998229,0.6575363278388977,0.26195862889289856,0.3646322965621943
fine_control,43,slit_bridge,82,private-source://routeA_experiments/data/final_ood_frozen_v1/slit_bridge/sample_0082.npz,76690bbcb43ff947e8588630e8c1f5eaeae09d80c05290dd16299c07f4b07db3,0.0022214194759726524,0.05878112077148685,0.4035656943537114,0.5225949585437775,0.23514485731720924,0.4061228215694423
fine_control,43,slit_bridge,83,private-source://routeA_experiments/data/final_ood_frozen_v1/slit_bridge/sample_0083.npz,b13467cf03c2c8574ad8306306835f018286494378025cc13aa4b84ebb20ce43,0.0017909621819853783,0.12418066660151984,2.295673187502615,0.9652462601661682,0.5429969859687844,0.7258480509626675
fine_control,43,slit_bridge,84,private-source://routeA_experiments/data/final_ood_frozen_v1/slit_bridge/sample_0084.npz,9c49b44f5bee1f5433dbba97fd43f3fbe29009da78b18d356f171b5351154266,0.0020937081426382065,0.05242722635624007,0.3797939015433024,0.5188401937484741,0.19485105574131012,0.3361387133598323
fine_control,43,slit_bridge,85,private-source://routeA_experiments/data/final_ood_frozen_v1/slit_bridge/sample_0085.npz,f99b2ecfc893456f4094ee49f725dacd918863f2c57f06cd9486ed733ef4c220,0.0018823649734258652,0.10993728069054448,1.0667610153869453,1.0673401728272438,0.5080827167257667,0.7634948015212998
fine_control,43,slit_bridge,86,private-source://routeA_experiments/data/final_ood_frozen_v1/slit_bridge/sample_0086.npz,fa0010c85def531807bfac046d520a0e1fcfa53f399129a530872a5ed7c486e8,0.002255784347653389,0.10826162599097247,0.9160447775886604,0.9658319130539894,0.542551651597023,0.7183725178241729
fine_control,43,slit_bridge,87,private-source://routeA_experiments/data/final_ood_frozen_v1/slit_bridge/sample_0087.npz,c71c435433f07e222a9c7657e14158b1582d4eb606c1feec9a70429635dc0db8,0.002150752581655979,0.09609377115493184,0.853318287546438,0.7156908959150314,0.4681289647705853,0.6209182858467102
fine_control,43,slit_bridge,88,private-source://routeA_experiments/data/final_ood_frozen_v1/slit_bridge/sample_0088.npz,356663c8d9f185922d520ff8cab4336c663ae05fa5851257b47fd5a7f2890d38,0.0019738906994462013,0.1183297726742278,0.9512247556030355,0.7934276610612869,0.5273399390280247,0.6836615085601806
fine_control,43,slit_bridge,89,private-source://routeA_experiments/data/final_ood_frozen_v1/slit_bridge/sample_0089.npz,8a9067dfbc0e5c2e206260b72a5ca217d4c4ab8591213e41f21555fef28ede5c,0.0022566551342606544,0.08396367824601793,0.7148773527772916,0.8484562039375305,0.38159801065921783,0.5128531008958814
fine_control,43,slit_bridge,90,private-source://routeA_experiments/data/final_ood_frozen_v1/slit_bridge/sample_0090.npz,e8f22014254e79ac9ea4af542bb6a6578f4d3903902c242153233437a8df0eca,0.0021298518404364586,0.11061802692307779,0.9056258672572675,0.8087616115808487,0.48240239918231964,0.6910924959927797
fine_control,43,slit_bridge,91,private-source://routeA_experiments/data/final_ood_frozen_v1/slit_bridge/sample_0091.npz,9ac5d5dae9509b1d341ae8236d8e0bd3b682e73f0fabd2327bc777955fc68672,0.002100011333823204,0.07965878374583493,0.5443042861597168,0.6650615334510803,0.3810286298394203,0.5595523208379745
fine_control,43,slit_bridge,92,private-source://routeA_experiments/data/final_ood_frozen_v1/slit_bridge/sample_0092.npz,fce6d4931689f991567299750cb2e58ba69a69fb8a7ea9ca2b6623d311e269b9,0.0021415213122963905,0.07712684626891182,0.6238201912750827,0.5661294758319855,0.359453197568655,0.4529907226562498
fine_control,43,slit_bridge,93,private-source://routeA_experiments/data/final_ood_frozen_v1/slit_bridge/sample_0093.npz,ba68ade9b7a7667d9de5bbb4e80fd05e409e86460843549762f31a41447162d1,0.0021898597478866577,0.11073517679977227,1.065108511006605,1.1270327977836132,0.5278216563165188,0.7180329218506786
fine_control,43,slit_bridge,94,private-source://routeA_experiments/data/final_ood_frozen_v1/slit_bridge/sample_0094.npz,ccba8ddededbe3b30aeff76d268cff5c811b3ec60c50fc5e9c8ad0ef75b4658f,0.002164437435567379,0.08217407808192165,0.7314207574294593,0.7822157442569733,0.3800947368144989,0.5136419728398322
fine_control,43,slit_bridge,95,private-source://routeA_experiments/data/final_ood_frozen_v1/slit_bridge/sample_0095.npz,d8673dac77deb264dbb605e3b8da123628dc8c82574f2e781ca0ed91d7e7ce88,0.001984057016670704,0.10323330803885881,0.9601081561742615,1.2436512857675552,0.4512682221829891,0.6550408437848088
fine_control,43,slit_bridge,96,private-source://routeA_experiments/data/final_ood_frozen_v1/slit_bridge/sample_0096.npz,88387af9839890df82ba2388bdcdfa95d6200c6b8848f9cbfc0dda3b8e1f5f31,0.002124081365764141,0.10716512370141593,0.8638062868385548,0.9181997701525688,0.4831990320235491,0.7276633605360984
fine_control,43,slit_bridge,97,private-source://routeA_experiments/data/final_ood_frozen_v1/slit_bridge/sample_0097.npz,042e86e783efa3942e62430f3045cf582a6d959709c938cb225b92bc44bcc64f,0.0021504415199160576,0.10188561217983033,0.731663645966967,0.7409434914588928,0.4650398753583431,0.6356671720743174
fine_control,43,slit_bridge,98,private-source://routeA_experiments/data/final_ood_frozen_v1/slit_bridge/sample_0098.npz,f76accedd1c25ec4c7b700fef8f7e440bff7ca6d234800cb8d3b4cd6f7f7b8e6,0.002126215025782585,0.07355370518033058,0.6057075887062965,0.6305047273635864,0.31072957068681717,0.43906661495566357
fine_control,43,slit_bridge,99,private-source://routeA_experiments/data/final_ood_frozen_v1/slit_bridge/sample_0099.npz,6a4b39b6a971b50d0cd5a3eefaf6a1f3f142b0d9ecee397ce1ff23093f6a46d9,0.002254275605082512,0.0906762720379307,0.6910403587086429,0.6903395056724548,0.44286161102354527,0.5873407572507856
fine_control,43,slit_bridge,100,private-source://routeA_experiments/data/final_ood_frozen_v1/slit_bridge/sample_0100.npz,09c098f8500ef7ae13df30b97fd58bdcffba8843b115a610318dc18f65ef3540,0.0022382671013474464,0.10782562465585946,1.0563662891619703,1.244987316429615,0.5134437177330256,0.6771007284522056
fine_control,43,slit_bridge,101,private-source://routeA_experiments/data/final_ood_frozen_v1/slit_bridge/sample_0101.npz,3671b99524219e4e7f1acd583f0a9f657d15a23a30ed3d575564b8f9d92d770e,0.002160022035241127,0.05818662372401865,0.3799640209990442,0.5303919315338135,0.23524035513401031,0.3855282127857208
fine_control,43,slit_bridge,102,private-source://routeA_experiments/data/final_ood_frozen_v1/slit_bridge/sample_0102.npz,b8b9ab3a97d31d7c91628f73ac4db6371901871d302b30af028ae7297b2b153b,0.002240513451397419,0.12176192117386743,1.7273459606977295,0.9382483288645744,0.5228845541423652,0.7553559033200142
fine_control,43,slit_bridge,103,private-source://routeA_experiments/data/final_ood_frozen_v1/slit_bridge/sample_0103.npz,9f972861588cfdfdfbc3d1b3492908230dc44d640058083aa85270fbceb816f9,0.002116057090461254,0.07508910681384505,0.6449458420316,1.012759730219841,0.31422460824251175,0.4754213079810142
fine_control,43,slit_bridge,104,private-source://routeA_experiments/data/final_ood_frozen_v1/slit_bridge/sample_0104.npz,762aadec5fa91e8e7a7f85a7683286f4a4fa0192f736680d733b0707b91d4494,0.002094685100018978,0.11209474793010876,0.9808903478792588,0.8352672196924686,0.4841687176376581,0.733803207427263
fine_control,43,slit_bridge,105,private-source://routeA_experiments/data/final_ood_frozen_v1/slit_bridge/sample_0105.npz,713c1a733e7b6f8c51dfe4d3f144d58d7ee189053361d35b7cb0099d093f55b6,0.002190609462559223,0.10725898668071561,0.9229237821797533,0.913469135761261,0.4725376609712839,0.6761648416519165
fine_control,43,slit_bridge,106,private-source://routeA_experiments/data/final_ood_frozen_v1/slit_bridge/sample_0106.npz,73c88046498ca7cb948857d6c873d10ec1b1bb70ce8813a259156f5e49c803e0,0.0019784411415457726,0.09637203991914582,0.893833870080811,0.6901614964008331,0.43374233320355415,0.6194765329360962
fine_control,43,slit_bridge,107,private-source://routeA_experiments/data/final_ood_frozen_v1/slit_bridge/sample_0107.npz,8e962067b4a867a40f8b8f07d19dbcf42eb4d7a6b08ac522bd140e761933b129,0.002120591700077057,0.11968348242903912,1.0085119448125277,0.7738643884658813,0.5120107121765614,0.6545310236513614
fine_control,43,slit_bridge,108,private-source://routeA_experiments/data/final_ood_frozen_v1/slit_bridge/sample_0108.npz,23bb0eb2ffb8522d891e10b78e9f4fcf6ea2c8b5136c119d1353dc41e81126a2,0.002245379611849785,0.08049978254287708,0.5490260017909909,0.6203973218798637,0.3546900525689125,0.5318758487701413
fine_control,43,slit_bridge,109,private-source://routeA_experiments/data/final_ood_frozen_v1/slit_bridge/sample_0109.npz,ee7d8642727cde846b418e0d6ef6f3d525513d8f7c13d4e21a694399a5887809,0.002231012098491192,0.1251610149863118,1.1002166885929872,0.8427539616823196,0.5590080879628658,0.7228414539247745
fine_control,43,slit_bridge,110,private-source://routeA_experiments/data/final_ood_frozen_v1/slit_bridge/sample_0110.npz,2cb9d93c491c746797690b373d3873b13231a0144087e5c6f98bc1674dcf9aa9,0.002180080860853195,0.12786829307506797,1.0568742464061551,1.0789896696805954,0.5354334507137537,0.7255193602293728
fine_control,43,slit_bridge,111,private-source://routeA_experiments/data/final_ood_frozen_v1/slit_bridge/sample_0111.npz,20cb4a3d10bd1589b41836354fc8ffcea2f716f9c4d860e668becadedadd9f38,0.0021802671253681183,0.06048300051071523,0.46375015836006883,0.5714953914284706,0.2505948655307293,0.3755322352051735
fine_control,43,slit_bridge,112,private-source://routeA_experiments/data/final_ood_frozen_v1/slit_bridge/sample_0112.npz,37a74f8306ed3c59b31377d7e4a65031205ca4f453cf06b54132466f7b6b4a27,0.002168574370443821,0.13107904765685602,1.1166151830865216,1.0128471478819847,0.6127244271337986,0.8346815660595892
fine_control,43,slit_bridge,113,private-source://routeA_experiments/data/final_ood_frozen_v1/slit_bridge/sample_0113.npz,ef235deec817e178c9aadff18419bfa34a077733d1176a3329f0534a76dc2a36,0.0021375389769673347,0.11099625911471951,1.0512461649444236,0.9239021614193916,0.5509663596749306,0.7534002311527727
fine_control,43,slit_bridge,114,private-source://routeA_experiments/data/final_ood_frozen_v1/slit_bridge/sample_0114.npz,fee8722c5da8ec155bbe8e819b2eefa2d11a554066c684e422d739ef76676fdc,0.002029113471508026,0.09023375954589088,0.7378894787277337,0.7406962215900421,0.42131910659372807,0.5962193869054316
fine_control,43,slit_bridge,115,private-source://routeA_experiments/data/final_ood_frozen_v1/slit_bridge/sample_0115.npz,c0ff037ccc5a055bf9e6049f73b19eb3ef3c759d34e01dde7782629ee5155b1a,0.0021531842648983,0.12578949703530765,1.0030629897373895,0.8794872872531414,0.5558471605181694,0.6700011271983384
fine_control,43,slit_bridge,116,private-source://routeA_experiments/data/final_ood_frozen_v1/slit_bridge/sample_0116.npz,89796e3463ade62e6165c2220b9206d7e09c13d435e41116a44b4b2b72d8a7e2,0.002197285182774067,0.10731152849182893,1.0080519159415398,1.103083185851574,0.4956769570708275,0.7025503709912299
fine_control,43,slit_bridge,117,private-source://routeA_experiments/data/final_ood_frozen_v1/slit_bridge/sample_0117.npz,0b5ddb4fbb4b1abaaecda668cf96d47108c2d0634e698e348798412ad2c8bd5b,0.0021271351724863052,0.09286875764595776,0.6646823034588041,0.7323498725891113,0.44987592473626137,0.5750818699598311
fine_control,43,slit_bridge,118,private-source://routeA_experiments/data/final_ood_frozen_v1/slit_bridge/sample_0118.npz,67c9870824a0cf24261c14ee2ee54260350b87c984724da8b7b3239ef5f4f8f2,0.002136528491973877,0.10492840180854944,0.8820456581621817,0.8848913908004761,0.4772675670683384,0.7215257555246348
fine_control,43,slit_bridge,119,private-source://routeA_experiments/data/final_ood_frozen_v1/slit_bridge/sample_0119.npz,3cd3c867da52bc984e6b469d03b48c1d502d3c379c3a09320042c00db34b1f2f,0.0018674517050385475,0.11537964169652448,1.0287237055659266,0.9257529573515058,0.5137615418061614,0.7042083070613442
fine_control,43,slit_bridge,120,private-source://routeA_experiments/data/final_ood_frozen_v1/slit_bridge/sample_0120.npz,321a3cdc9661e8fd1679cfceed9f566fa138dcdcf45b5bb5a1d8fce6ede740f1,0.002162008546292782,0.10180604796228676,1.081087757380481,0.8333108276128769,0.460903930477798,0.6533486694097517
fine_control,43,slit_bridge,121,private-source://routeA_experiments/data/final_ood_frozen_v1/slit_bridge/sample_0121.npz,947ac005aaaab451b701b3285288d12286101f1936826903031becc4a8c82912,0.0022314945235848427,0.11413957001585788,1.0464815858229153,0.7594275958836079,0.5241429191082716,0.671553048491478
fine_control,43,slit_bridge,122,private-source://routeA_experiments/data/final_ood_frozen_v1/slit_bridge/sample_0122.npz,f86df5b1facc0d81f78a07017d7a1169d59fc90ab287dd52fa7ef79d790e2e91,0.0020858515053987503,0.09265168133526028,0.6696587969247947,0.80780990421772,0.4030220415443182,0.5976033400744197
fine_control,43,slit_bridge,123,private-source://routeA_experiments/data/final_ood_frozen_v1/slit_bridge/sample_0123.npz,dd8d213055c704fdaab30fa56f42a33f2b17cda2608934ee3c8395f1fa3ac372,0.0022090142592787743,0.12277795378056125,1.2744815519068875,0.9333684593439102,0.5293106753379107,0.773411769419907
fine_control,43,slit_bridge,124,private-source://routeA_experiments/data/final_ood_frozen_v1/slit_bridge/sample_0124.npz,989ca5a6639d386f9ba2fbbe4929a51151c1d1f58f0b02af5979a213ce187952,0.001706089824438095,0.10913167938173858,1.216602518234762,1.0425785668194294,0.49262859113514423,0.6276222478598353
fine_control,43,slit_bridge,125,private-source://routeA_experiments/data/final_ood_frozen_v1/slit_bridge/sample_0125.npz,a70aa7c2b0ab69e05a1bdac27c118b00080fd91ce4b14294cf3d802c7d9815c3,0.001985919661819935,0.05388509185596154,0.4066536376239896,0.49004679918289185,0.22062848508358002,0.3026312172412872
fine_control,43,slit_bridge,126,private-source://routeA_experiments/data/final_ood_frozen_v1/slit_bridge/sample_0126.npz,093585a00e910cd41c9a8b1050dbde9900de283da5c8bcf64b0e6657b12ce6c0,0.0022823484614491463,0.12541934618582468,0.9384722945143056,0.8718538656830788,0.5884199813008308,0.7776134021580214
fine_control,43,slit_bridge,127,private-source://routeA_experiments/data/final_ood_frozen_v1/slit_bridge/sample_0127.npz,fbaeeb14ed4064772eccd6ad5d7ce8b30fd2cd571f89be44730cad2f429acd53,0.0022426340728998184,0.07565461195930824,0.5909344498311013,0.7891311943531036,0.3345583714544773,0.5213536739349361
fine_control,43,slit_bridge,128,private-source://routeA_experiments/data/final_ood_frozen_v1/slit_bridge/sample_0128.npz,f8dcb1ad9a029b0aaa0eb4226be5e9fb26f98253b2ac2ee759238972e2b35793,0.00209937896579504,0.10179952188189585,0.8207603906671044,0.8264055550098419,0.46627516113221645,0.6749092429876324
fine_control,43,slit_bridge,129,private-source://routeA_experiments/data/final_ood_frozen_v1/slit_bridge/sample_0129.npz,4fde72568a862f65ab802425b157856bd372d3c84dff9690b725526c7c4caa72,0.0019144592806696892,0.10681099785610304,0.8080235972544234,0.8131628781557083,0.4866901617497206,0.6475535959005355
fine_control,43,slit_bridge,130,private-source://routeA_experiments/data/final_ood_frozen_v1/slit_bridge/sample_0130.npz,c5fc37a33ccfde0c5c1bc91a423ff22369761aa4a2358c6bf448d552f93ebe9f,0.0022017573937773705,0.043970435829408544,0.29593873964840334,0.5361095815896988,0.15620305389165878,0.3172688722610471
fine_control,43,slit_bridge,131,private-source://routeA_experiments/data/final_ood_frozen_v1/slit_bridge/sample_0131.npz,816e62f42925e1228f1925aa9a64af845857cc8af393bef8edcc95e0b32ae811,0.002293090336024761,0.09327656873209526,0.7257141709332763,0.7260721623897552,0.4460924565792084,0.6308491960167883
fine_control,43,slit_bridge,132,private-source://routeA_experiments/data/final_ood_frozen_v1/slit_bridge/sample_0132.npz,0fe2c82d437426e3d5e3a8a69a3eaf8444f65273028a83b43642500191be1de2,0.0022146953269839287,0.10775772360782146,1.0641228839774022,0.7844533026218414,0.47531111165881157,0.6736995302140709
fine_control,43,slit_bridge,133,private-source://routeA_experiments/data/final_ood_frozen_v1/slit_bridge/sample_0133.npz,158533d38705bbe83ad1aff888d4d281d11c259abc75e687100337a1169b6b79,0.0020873472094535828,0.0771213245020649,0.546615099110521,0.9258542656898499,0.33267438039183617,0.46264086365699764
fine_control,43,slit_bridge,134,private-source://routeA_experiments/data/final_ood_frozen_v1/slit_bridge/sample_0134.npz,809d1f61ff74bd28a60a9ee3e93980572061abc432bf497071f850cf295e5a22,0.002103084698319435,0.11759103919519766,0.9796680103554203,0.8721626847982407,0.5217681862413883,0.682227553427219
fine_control,43,slit_bridge,135,private-source://routeA_experiments/data/final_ood_frozen_v1/slit_bridge/sample_0135.npz,49a6d2f84ef15ae562f31d7f8186dcf515a22bd150120c9ef7592236bc4da560,0.0022781221196055412,0.10985309800322195,1.0162402034332203,0.7571399658918381,0.49734410736709833,0.6290108859539029
fine_control,43,slit_bridge,136,private-source://routeA_experiments/data/final_ood_frozen_v1/slit_bridge/sample_0136.npz,0aaf02ec1906882bedac48878d8b32168a7bb9aa28e664600efcf7880eeb0a09,0.0022142482921481133,0.05061572959853614,0.32680119077789854,0.47865237295627594,0.20752233266830444,0.3551529139280319
fine_control,43,slit_bridge,137,private-source://routeA_experiments/data/final_ood_frozen_v1/slit_bridge/sample_0137.npz,3060120b449129fec3dadb659d3c9a7989d9e4319138bf42de3acdc3ba915c02,0.00221199169754982,0.07384294766257347,0.5683818160765928,0.6855836659669876,0.2899349071085453,0.4402073249220846
fine_control,43,slit_bridge,138,private-source://routeA_experiments/data/final_ood_frozen_v1/slit_bridge/sample_0138.npz,6ed13d9162ca3514a314258b8d24016c2bc8875b25b0b38c5cdfa938f2a1eee2,0.0021681105718016624,0.10165105735700514,0.9760351573501216,0.8176714926958084,0.4281618185341358,0.6239865396171803
fine_control,43,slit_bridge,139,private-source://routeA_experiments/data/final_ood_frozen_v1/slit_bridge/sample_0139.npz,658f1ca5a3c9c31ef1d3034e1fa4b0a5769e9c38a410ad1b72996a2aa8abf1a0,0.0020889611914753914,0.06690736215469797,0.5127258121807073,0.6280395239591599,0.31361277401447296,0.4080898910760879
fine_control,43,slit_bridge,140,private-source://routeA_experiments/data/final_ood_frozen_v1/slit_bridge/sample_0140.npz,4cb2e3c95ee8b50b37549ea056e6b5e6349cac539e85f6c167d54902061606d1,0.0022474220022559166,0.10619317217063066,0.9031801519600983,0.7648493945598602,0.48509090580046177,0.6542641863226887
fine_control,43,slit_bridge,141,private-source://routeA_experiments/data/final_ood_frozen_v1/slit_bridge/sample_0141.npz,72511c727388df3bf5af40ee47932e5d0ea12cec9268d07a95eff4200660e42e,0.0019659139215946198,0.10129176841761714,0.8381702030843287,0.754365473985672,0.45733124390244484,0.6167403742671009
fine_control,43,slit_bridge,142,private-source://routeA_experiments/data/final_ood_frozen_v1/slit_bridge/sample_0142.npz,306a40af48edd29b46f137a9e1015dba90eef9f89a216e9034ab8c4e810088cb,0.0018224958330392838,0.11568620722465524,1.1674078631366533,1.077232465147972,0.5400932375341654,0.7374531041830771
fine_control,43,slit_bridge,143,private-source://routeA_experiments/data/final_ood_frozen_v1/slit_bridge/sample_0143.npz,9143fda697b9d0ca554a018b16f7dcedf9ce17f64344f4de043fd7612877a3d2,0.0020029768347740173,0.12051780304523306,1.225795347799133,0.871056891977787,0.5410326030105352,0.7117640525102609
fine_control,43,slit_bridge,144,private-source://routeA_experiments/data/final_ood_frozen_v1/slit_bridge/sample_0144.npz,cede0fd6d7f85a69aeaae09213236482ad3047e9130d14dd79693b9e243f783b,0.002320528030395508,0.12312088978942977,1.1576682397404807,1.0592571124434471,0.5447248034179211,0.7496196165680875
fine_control,43,slit_bridge,145,private-source://routeA_experiments/data/final_ood_frozen_v1/slit_bridge/sample_0145.npz,2d9fdb82c8a7275b63a15c4d95ab584a0842ebd21fd6762928d68475fe8cc330,0.00186197180300951,0.12104392042600569,0.9556082691079825,0.8728698790073395,0.5264386367052794,0.7860647991299625
fine_control,43,slit_bridge,146,private-source://routeA_experiments/data/final_ood_frozen_v1/slit_bridge/sample_0146.npz,207f5f551061e628bde8bc221dd64138c07612d4245a97390961be3ea5e16611,0.0021627331152558327,0.07330807549417781,0.5451719178037232,0.6387485414743423,0.2864138036966324,0.43568400144577024
fine_control,43,slit_bridge,147,private-source://routeA_experiments/data/final_ood_frozen_v1/slit_bridge/sample_0147.npz,82d0e49e8401c09f0e3e6a3547b29f4d5a1dedbc6b0f06beea92cbeb4866ea11,0.002045024186372757,0.11704534556909033,1.1066679971312845,0.9486457332968712,0.5101584950461984,0.692377249523997
fine_control,43,slit_bridge,148,private-source://routeA_experiments/data/final_ood_frozen_v1/slit_bridge/sample_0148.npz,e38da3693d172092572c7f2754a94e44ef94b0502f3919d896ce0c2fbe38e009,0.0021591847762465477,0.10704573480033117,0.8883266200704081,0.7458413541316986,0.48788296058773994,0.645317994058132
fine_control,43,slit_bridge,149,private-source://routeA_experiments/data/final_ood_frozen_v1/slit_bridge/sample_0149.npz,afc272ad1c582032ceafc263f98a9500852bcc9f113906a40f63ad64c40aee4c,0.002199680544435978,0.11629462877772415,1.6682725530811058,0.9258992820978165,0.5348579348064959,0.7490226648747909
fine_control,43,slit_bridge,150,private-source://routeA_experiments/data/final_ood_frozen_v1/slit_bridge/sample_0150.npz,3d18460af3363948da3a01a3d1b31a48effc40aa616a1b5dd39689622a7ec45c,0.0021241512149572372,0.0994935276747144,0.6954714505057393,1.145798958837986,0.423607150092721,0.6178224608302115
fine_control,43,slit_bridge,151,private-source://routeA_experiments/data/final_ood_frozen_v1/slit_bridge/sample_0151.npz,d5753da7388ebb54f9cf2699537d139086e01002d7a59190bb63986a17939a32,0.0021309107542037964,0.06369159036943133,0.49152172616632855,0.5761478245258331,0.2698115333914757,0.41607321500778177
fine_control,43,slit_bridge,152,private-source://routeA_experiments/data/final_ood_frozen_v1/slit_bridge/sample_0152.npz,9695aa6ea858785b103e16fd61c266f988f64686cfbdc88b2899662da023ea05,0.002181829884648323,0.0699475207362763,0.6091882138139808,0.6469634771347046,0.2770618870854378,0.4350454837083814
fine_control,43,slit_bridge,153,private-source://routeA_experiments/data/final_ood_frozen_v1/slit_bridge/sample_0153.npz,60ac6a052ff2a92b7086357b74a96c31e33d7255ddf407c4f70bc5fe58806b60,0.0021826541051268578,0.11796769577851779,1.6467502535003522,0.9127693865448236,0.5270045583602041,0.7601114809513092
fine_control,43,slit_bridge,154,private-source://routeA_experiments/data/final_ood_frozen_v1/slit_bridge/sample_0154.npz,02efeff9d6ba6e84c68ab742c168c4ca40609c73d6f82146e8a2f5b10a657897,0.001701907254755497,0.12419889120991322,2.0788272611241103,1.127965527586639,0.5478246251877863,0.750012636155588
fine_control,43,slit_bridge,155,private-source://routeA_experiments/data/final_ood_frozen_v1/slit_bridge/sample_0155.npz,ea8bfa01563270f5d6e2ec9dbe473f05772c2e4989b937a57ae2104227258fed,0.0018685534596443176,0.07416889268811239,0.5083271932998985,0.859533429145813,0.2800356298685074,0.48871974647045135
fine_control,43,slit_bridge,156,private-source://routeA_experiments/data/final_ood_frozen_v1/slit_bridge/sample_0156.npz,5005fb0814bda784608be7da52a32e34a6544ba7bd358a95694b62e213f8f2c2,0.002174263820052147,0.11174219468158778,0.9482449006818083,0.8477388322353363,0.49628779850900173,0.7004565663635728
fine_control,43,slit_bridge,157,private-source://routeA_experiments/data/final_ood_frozen_v1/slit_bridge/sample_0157.npz,ac48ebb841e2622ef6bc4ba966dad1b3b604f8d724d29e6f2fab1b6641ee1921,0.0021738968789577484,0.12032290740915874,1.026963981752444,0.912897378206253,0.5305781220085919,0.7666767761111257
fine_control,43,slit_bridge,158,private-source://routeA_experiments/data/final_ood_frozen_v1/slit_bridge/sample_0158.npz,2f49624ea36882b03b9786cab30360722cade76c056bea230f9c9ba4ac764c8b,0.002234596759080887,0.08715499498617266,0.5985627188770362,0.8661308884620667,0.40988321602344513,0.6209827631711957
fine_control,43,slit_bridge,159,private-source://routeA_experiments/data/final_ood_frozen_v1/slit_bridge/sample_0159.npz,d0b13a51187a418d7efe2e93a19604a3d01c818ea9736b5aa09b4607fad5fa55,0.002104378305375576,0.08625559289479992,0.7002022273541276,0.8146546483039856,0.38562875613570213,0.608460357785224
fine_control,43,slit_bridge,160,private-source://routeA_experiments/data/final_ood_frozen_v1/slit_bridge/sample_0160.npz,622f4d8070ecdd9d0a824ce72f84fecc0c78f83011ff11259ebc6bb846de281e,0.0020859669893980026,0.06175995759457759,0.44045658617810196,0.6102357804775238,0.23492659628391266,0.35279879868030534
fine_control,43,slit_bridge,161,private-source://routeA_experiments/data/final_ood_frozen_v1/slit_bridge/sample_0161.npz,178f02f0e3b5995f2619dd6bf52ad3a7508f806bd4e13ba9ceeb9a36f1649f16,0.0021358681842684746,0.10885723945183537,1.099605505130794,0.875341460108757,0.48779908288270235,0.6159598484635342
fine_control,43,slit_bridge,162,private-source://routeA_experiments/data/final_ood_frozen_v1/slit_bridge/sample_0162.npz,7dac1f84d357180521999872dd329573241cb8c42feeb442891197f01199c66b,0.002099592238664627,0.1264468049910635,1.583305889930275,0.9485708251595497,0.5626493114978075,0.7704901129007338
fine_control,43,slit_bridge,163,private-source://routeA_experiments/data/final_ood_frozen_v1/slit_bridge/sample_0163.npz,b7a7aa86a9bdc19977f06da4caff68d49a340edbf4f1a1c1187591366b6636d2,0.0021835006773471832,0.11252679516924281,0.8991827034424542,0.9315512049943209,0.5115749165415764,0.7634268797934051
fine_control,43,slit_bridge,164,private-source://routeA_experiments/data/final_ood_frozen_v1/slit_bridge/sample_0164.npz,779949d863880f5d16a879e81f20fad07ea4f966fba7da8ee22f0adaa6fc32af,0.0018867244943976402,0.12448420278147367,0.9563461434391006,1.3276656661182642,0.509359035640955,0.6857835412025448
fine_control,43,slit_bridge,165,private-source://routeA_experiments/data/final_ood_frozen_v1/slit_bridge/sample_0165.npz,dc423b6d998084bf0149349c297bb1babad5e99fb236b7c05dfa975cb5183082,0.0018113115802407265,0.05482090831012075,0.4126476303414138,0.6446793377399445,0.22219682484865189,0.35871016383171067
fine_control,43,slit_bridge,166,private-source://routeA_experiments/data/final_ood_frozen_v1/slit_bridge/sample_0166.npz,351a161f32941f870662dc54b1d5ae59e25dc38cb8501ca4493dd08e6d42d64a,0.002161504700779915,0.11559150375614848,0.9767238453586475,0.890853226184845,0.5087018646299839,0.6782227084040642
fine_control,43,slit_bridge,167,private-source://routeA_experiments/data/final_ood_frozen_v1/slit_bridge/sample_0167.npz,aa66574c4716561ec10258da0ac13914768f1d14f665ebf1ec534f148bd0abd7,0.0021262606605887413,0.06911494522914206,0.5444786093348146,0.6824929416179657,0.27788253873586655,0.42293398976325985
fine_control,43,slit_bridge,168,private-source://routeA_experiments/data/final_ood_frozen_v1/slit_bridge/sample_0168.npz,b0b356c11f56258bb6f3db09bd66c6dcd1bcd41614b20e67f8e907402ec13485,0.002198399044573307,0.10845247507305834,0.8935239576478325,0.7113855481147766,0.468850901350379,0.6164254099130627
fine_control,43,slit_bridge,169,private-source://routeA_experiments/data/final_ood_frozen_v1/slit_bridge/sample_0169.npz,a469b2c4e556282ed62e13e26cd27398331a9ba05d88ee1913966198103238d6,0.002196524292230606,0.11755876603294539,1.0237999466301708,0.8490740060806274,0.5173393590375781,0.6994180537760255
fine_control,43,slit_bridge,170,private-source://routeA_experiments/data/final_ood_frozen_v1/slit_bridge/sample_0170.npz,36fbd3c3d23a1204142c49ecd37ef44c2ba54ac4467ddb41d832464267e85212,0.0017048511654138565,0.12020751458683049,1.0920457680425142,0.7171872109174728,0.5309091145172715,0.6679442107677459
fine_control,43,slit_bridge,171,private-source://routeA_experiments/data/final_ood_frozen_v1/slit_bridge/sample_0171.npz,d535ac50a902c9794c7c816a49047dfd9c3f701564b69ce35cc24a4b731afa97,0.0018506208434700966,0.12718853741327943,1.6823143111081091,0.9509993568062782,0.571853302186355,0.7936652407865036
fine_control,43,slit_bridge,172,private-source://routeA_experiments/data/final_ood_frozen_v1/slit_bridge/sample_0172.npz,4e4eeb0f4d4f14aa76bc67064de00f38d35024c2470cfc77d2414c6da16f99f2,0.0020949533209204674,0.09316456618504995,0.6584364298056867,0.6515565514564514,0.43896298855543137,0.550644546747207
fine_control,43,slit_bridge,173,private-source://routeA_experiments/data/final_ood_frozen_v1/slit_bridge/sample_0173.npz,4c3d97c818e4c1aaa20fd773230ef107c1e90a4328ebbfb020186474b8b391e2,0.002108863554894924,0.10771774329539097,0.9154854395349221,1.0668177865445614,0.4807351343333721,0.7344929561018942
fine_control,43,slit_bridge,174,private-source://routeA_experiments/data/final_ood_frozen_v1/slit_bridge/sample_0174.npz,c764cef11e9744e2347bf095a3ad20fd9c9a40516623d0e6687f000cea70736b,0.0021047908812761307,0.10352151108384158,0.9989057795237615,0.8103889673948288,0.4877484068274498,0.6547121074050661
fine_control,43,slit_bridge,175,private-source://routeA_experiments/data/final_ood_frozen_v1/slit_bridge/sample_0175.npz,22afae3ce0b327b65855609e847dcf168cbfa0c3da01d0e00d7ff822a2f93dab,0.00208122655749321,0.09388388569348831,0.6296955781738524,0.6836076378822327,0.413315586745739,0.5734285637736313
fine_control,43,slit_bridge,176,private-source://routeA_experiments/data/final_ood_frozen_v1/slit_bridge/sample_0176.npz,3615c8f32a0156e435a991da99bea493288394630d64ca1402e46469b4ae4561,0.002083366736769676,0.05519165534349669,0.39352957583785214,0.7876504510641098,0.21576765179634094,0.38627212420105933
fine_control,43,slit_bridge,177,private-source://routeA_experiments/data/final_ood_frozen_v1/slit_bridge/sample_0177.npz,bde9b0878d1f9163cd3460df65d8fbaa6d012659d97271692cd52839664004d8,0.002205141820013523,0.08478464767848855,0.7045706600100948,0.5982763171195984,0.40922234021127224,0.5376005053520203
fine_control,43,slit_bridge,178,private-source://routeA_experiments/data/final_ood_frozen_v1/slit_bridge/sample_0178.npz,dffe6643c77429e0e5ed595fcd8553b626ac374c0226c86babb86bb23700de20,0.002149561420083046,0.09167179170623661,0.7143810239411631,0.8929963409900665,0.441639669239521,0.6548812799155709
fine_control,43,slit_bridge,179,private-source://routeA_experiments/data/final_ood_frozen_v1/slit_bridge/sample_0179.npz,fca36c52c6cfb0110fbe78721de423d99487a00561b0c6b6b9f826917f42aede,0.002069922164082527,0.07817722686909284,0.5263727101825567,0.8531166017055511,0.3482879474759102,0.5828100085258483
fine_control,43,slit_bridge,180,private-source://routeA_experiments/data/final_ood_frozen_v1/slit_bridge/sample_0180.npz,6f19672ce01e21e2c280e4be06a3e54680e018ff4c226cbe757f44ebad3e1910,0.0020924201235175133,0.08171534612075289,0.5049368766117065,0.7243117094039917,0.3283340185880661,0.4930749565362928
fine_control,43,slit_bridge,181,private-source://routeA_experiments/data/final_ood_frozen_v1/slit_bridge/sample_0181.npz,ec877344fcdbfdbdaddf529e85e3cc5c3aab339963def6c7349014d86c8140d4,0.002189401537179947,0.10925719409153685,0.9028965020097275,0.8932962417602539,0.49377080239355564,0.6995223820209499
fine_control,43,slit_bridge,182,private-source://routeA_experiments/data/final_ood_frozen_v1/slit_bridge/sample_0182.npz,85955e8644eeb0dcc33c4aed80df2c7439e5bab709258a2875ce1a3a61c5ebfb,0.0022362610325217247,0.09028710337570531,0.7201306780275405,1.1094797179102898,0.4081031158566475,0.5695809423923487
fine_control,43,slit_bridge,183,private-source://routeA_experiments/data/final_ood_frozen_v1/slit_bridge/sample_0183.npz,7db60f93fba5ad9147fed2dc7ad510080993a1ba5cacff680d8f7315ac009961,0.002125418744981289,0.11353949246766204,0.8846454389482692,0.7988686561584473,0.4787970604375005,0.6585524827241895
fine_control,43,slit_bridge,184,private-source://routeA_experiments/data/final_ood_frozen_v1/slit_bridge/sample_0184.npz,8121820fc993132420a3854bde14b0b1742133b65c0a82ff2248b97133f07f34,0.0021786484867334366,0.09667299393057475,0.8604118273654676,0.9090797789394855,0.40785118751227856,0.6212461058050387
fine_control,43,slit_bridge,185,private-source://routeA_experiments/data/final_ood_frozen_v1/slit_bridge/sample_0185.npz,6cddc80ef7290697c6e5ddae659d68aa20dcd10104ab9b2cd5f9708afe9f741d,0.002018793486058712,0.05578133031520876,0.36699466740559616,0.5413987040519714,0.19859018176794052,0.3414506703615186
fine_control,43,slit_bridge,186,private-source://routeA_experiments/data/final_ood_frozen_v1/slit_bridge/sample_0186.npz,325ef30f2da8a65dac78a1b06a65f887f2d9947c96e2faee9e6a8ec03323351a,0.0021223602816462517,0.10515326336306467,0.797936504376233,0.9852055609226227,0.4616469759494066,0.6706365585327141
fine_control,43,slit_bridge,187,private-source://routeA_experiments/data/final_ood_frozen_v1/slit_bridge/sample_0187.npz,119b85212c8b4744bf1d62d7dfe261550cb6d3e5d22f4790dbe62e75609d0922,0.0020708683878183365,0.07693192971877734,0.5565021881177011,0.722891166806221,0.35194867104291916,0.49501823782920806
fine_control,43,slit_bridge,188,private-source://routeA_experiments/data/final_ood_frozen_v1/slit_bridge/sample_0188.npz,dcf9852e45123cccfdad55cec5cd89ffd610e5287252fbe34ba1dd1786992a3e,0.002161148004233837,0.1074166879789016,0.8365224993180468,0.8161362111568451,0.48728930950164795,0.7034985855221741
fine_control,43,slit_bridge,189,private-source://routeA_experiments/data/final_ood_frozen_v1/slit_bridge/sample_0189.npz,286c7744959bebf561fcf60d6510f810deadc11b4f49e589e2e9473d32de82f7,0.002172236330807209,0.08105163215122983,0.6963683398118209,0.6157742291688919,0.380796417593956,0.5294412001967427
fine_control,43,slit_bridge,190,private-source://routeA_experiments/data/final_ood_frozen_v1/slit_bridge/sample_0190.npz,fe702ecba390c3dc04a9733afe0b132a016fcf5c4eaffcad11aaea841c4e382e,0.002100667916238308,0.10813429594598949,0.9867531584817824,0.9232985060662031,0.45919906347990036,0.6143743388354778
fine_control,43,slit_bridge,191,private-source://routeA_experiments/data/final_ood_frozen_v1/slit_bridge/sample_0191.npz,cc046fa8afaf7d479712359b932e246ff1ee8e9d4f1365bd79dc2f10196be05c,0.00213064718991518,0.1174885201254734,1.0651468562901105,0.8825497329235077,0.5114575456827879,0.6769094496965407
fine_control,43,slit_bridge,192,private-source://routeA_experiments/data/final_ood_frozen_v1/slit_bridge/sample_0192.npz,12a887fa1b92770140bbc308300406b9f45be794a2802dc5d4318f9f90964304,0.0017972271889448166,0.10777223227780486,0.8164406532199673,1.0502487421035767,0.46028604358434677,0.668465295433998
fine_control,43,slit_bridge,193,private-source://routeA_experiments/data/final_ood_frozen_v1/slit_bridge/sample_0193.npz,ea535161153d10af3f779e6ce92ab576cb6f01bb2b84270e675cb8a7ca3bff3d,0.002146483398973942,0.06005534475287994,0.4302351919233141,0.7248517274856567,0.26386719942092896,0.43534316122531885
fine_control,43,slit_bridge,194,private-source://routeA_experiments/data/final_ood_frozen_v1/slit_bridge/sample_0194.npz,8488a62661fcd5432a193ca5c2bdaf1492f33731b7131ad3e367f5731ec70c37,0.002148956060409546,0.11219509050708004,1.0168062002722547,0.9016030356287956,0.4922168403863907,0.7947820112109178
fine_control,43,slit_bridge,195,private-source://routeA_experiments/data/final_ood_frozen_v1/slit_bridge/sample_0195.npz,7e1d374879fa5f6a96ebc3990a10958313440dc33a9ef060976f12e925232108,0.0017298636958003044,0.0853590217621295,0.6224670846731227,1.140895053744316,0.4070694800466299,0.5510252892971037
fine_control,43,slit_bridge,196,private-source://routeA_experiments/data/final_ood_frozen_v1/slit_bridge/sample_0196.npz,d4848a4e772e741b625e10aec676527f984e3943b470a872754331769f8b94bb,0.0020994702354073524,0.10830513226027132,1.0389357047194832,1.03041822463274,0.49555984511971474,0.7197564344853162
fine_control,43,slit_bridge,197,private-source://routeA_experiments/data/final_ood_frozen_v1/slit_bridge/sample_0197.npz,2b37447cf0d376d2e2021ecf8d29a5d17437f6bb153943e0f306b31930209b3e,0.0020986283197999,0.116298661289133,0.943034324478981,0.8914007842540741,0.5622781328856945,0.8201740831136703
fine_control,43,slit_bridge,198,private-source://routeA_experiments/data/final_ood_frozen_v1/slit_bridge/sample_0198.npz,8030be12303215e83fab9a6e2360c32b7958cadc693426ae4437ff9ce9a38d91,0.002108207903802395,0.09522218337880485,0.7606884851278539,0.9686912149190903,0.44697581976652145,0.6933755248785017
fine_control,43,slit_bridge,199,private-source://routeA_experiments/data/final_ood_frozen_v1/slit_bridge/sample_0199.npz,cc6a52511cc16e98c96e4753d529c21a8e0ccbe95013bc0584ae491523d2bb83,0.002195313572883606,0.06155443614606579,0.48731917203341146,0.7179168313741684,0.2416446954011917,0.39858768284320706
fine_control,43,three_hole_asymmetric,0,private-source://routeA_experiments/data/final_ood_frozen_v1/three_hole_asymmetric/sample_0000.npz,76239d9d4cae31805b23350941f6924762ca8e0eb2de53f5e0014a3050004492,0.0021324846893548965,0.08722577495447636,0.8624305159851612,0.9423920400440693,0.4382752329111099,0.6186888173222541
fine_control,43,three_hole_asymmetric,1,private-source://routeA_experiments/data/final_ood_frozen_v1/three_hole_asymmetric/sample_0001.npz,c8138e48b2b5450756ab6ea06ad8018a0f03fd49507fdf70f7602513883c6d79,0.0018206778913736343,0.0782378581092015,1.0317667681961702,0.8634389452636242,0.36538776103407145,0.5863745376467703
fine_control,43,three_hole_asymmetric,2,private-source://routeA_experiments/data/final_ood_frozen_v1/three_hole_asymmetric/sample_0002.npz,8415d3f4052cfa250de2e615b5f135c4cbc51665e9780ba0c740b7bc68b0b8d0,0.0018805554136633873,0.08614821802803668,0.9272093739178463,0.802608348429203,0.36357180401682854,0.5701808065176007
fine_control,43,three_hole_asymmetric,3,private-source://routeA_experiments/data/final_ood_frozen_v1/three_hole_asymmetric/sample_0003.npz,126883ed7a18270534e81fc020b354d6a09b3d0b37130be0a213f6e3fe3611cf,0.0021783001720905304,0.11040144007917177,1.0013328251508726,0.9314792696386576,0.4988958025351167,0.7138919952325522
fine_control,43,three_hole_asymmetric,4,private-source://routeA_experiments/data/final_ood_frozen_v1/three_hole_asymmetric/sample_0004.npz,73fddad29aef7a16eeabb39f9b70e218861d55037c0d2745430816f9076f8b8f,0.001978788524866104,0.08197494060296107,1.0420276544248095,0.7598578035831451,0.33373044768814,0.5572193999774752
fine_control,43,three_hole_asymmetric,5,private-source://routeA_experiments/data/final_ood_frozen_v1/three_hole_asymmetric/sample_0005.npz,0cce2a32a88505f1a40318561d466c31de7f2eb63e0449cf3df2f644c64a0108,0.001868738792836666,0.08409830388883455,0.8649742201467663,0.9807114563882351,0.4142838413827121,0.6269720062613485
fine_control,43,three_hole_asymmetric,6,private-source://routeA_experiments/data/final_ood_frozen_v1/three_hole_asymmetric/sample_0006.npz,05b9798f8cd5b5b832e909e747bb49397a06d4bc8291718bcb52ee39573eb619,0.0020703645423054695,0.10978261807107763,1.204196211039742,0.8840022403746843,0.5094486165326089,0.7420386746060103
fine_control,43,three_hole_asymmetric,7,private-source://routeA_experiments/data/final_ood_frozen_v1/three_hole_asymmetric/sample_0007.npz,6ba61082fc82270f3f31ed8952fcbbd145b31d5361d264f2bd66a5366e0bc340,0.002039971761405468,0.08222157618576385,0.9367168242114539,1.013761356472969,0.40269240736961365,0.6161781705915926
fine_control,43,three_hole_asymmetric,8,private-source://routeA_experiments/data/final_ood_frozen_v1/three_hole_asymmetric/sample_0008.npz,853331caeb1b23865ccb78c9a2f431c6c5268c039e4b02388b3e7b2950cb9a7f,0.0021186498925089836,0.09306761789321223,0.9512024577021255,0.8630518056452274,0.44483948731794953,0.6980981096625317
fine_control,43,three_hole_asymmetric,9,private-source://routeA_experiments/data/final_ood_frozen_v1/three_hole_asymmetric/sample_0009.npz,9970adef6a8aee3680702738f4b4535ec99d53fd695e57178ef1d947c3890f8c,0.002054257318377495,0.09057495273451266,0.9274587359836433,0.8175407946109772,0.40242422255687416,0.650500388070941
fine_control,43,three_hole_asymmetric,10,private-source://routeA_experiments/data/final_ood_frozen_v1/three_hole_asymmetric/sample_0010.npz,ca5bef464b218ce33227b66ed886a6d671ca7ebab5b66b551b37435087ee4d86,0.0020693298429250717,0.09656290871020269,1.0245870608966665,1.063309257500805,0.47188055887818336,0.7441337764263147
fine_control,43,three_hole_asymmetric,11,private-source://routeA_experiments/data/final_ood_frozen_v1/three_hole_asymmetric/sample_0011.npz,ed6e65591f32cddee3a621d0a802c4d3ce1e222eac7e0ad7a6d66916367e9015,0.002032124437391758,0.08703277239694526,1.0140290762052522,1.037899736315012,0.3648204207420349,0.65228834664449
fine_control,43,three_hole_asymmetric,12,private-source://routeA_experiments/data/final_ood_frozen_v1/three_hole_asymmetric/sample_0012.npz,81ff39c1f360e63cd187c00763f0e47af4b7b964b23c0036bbcc2118bcfa7335,0.0020117778331041336,0.09720179111702534,1.013264615093956,1.1107396248262376,0.4705997402779758,0.6918512206524609
fine_control,43,three_hole_asymmetric,13,private-source://routeA_experiments/data/final_ood_frozen_v1/three_hole_asymmetric/sample_0013.npz,7b336e409d0b1be61aa8152652f7727a997afad669670d5dbedef898f8385d62,0.0017158407717943192,0.08240187321346278,0.9785611010580627,0.9434055127203465,0.35169634164776653,0.6720267217140644
fine_control,43,three_hole_asymmetric,14,private-source://routeA_experiments/data/final_ood_frozen_v1/three_hole_asymmetric/sample_0014.npz,14b2727426b78377e48754867160238048d5c11e6a60c8244c17e2f5d349c674,0.0018523819744586945,0.08501967371704094,0.929550741505965,0.7724779546260834,0.418157571926713,0.5908059495501219
fine_control,43,three_hole_asymmetric,15,private-source://routeA_experiments/data/final_ood_frozen_v1/three_hole_asymmetric/sample_0015.npz,f1f557f0e4338c64350ec1c2218ae556b5ee258eeeb85ed87e15e06d69e7949f,0.0018910784274339676,0.10316339861315169,1.354951330033384,1.1563255125656724,0.5258655139768962,0.7377640941645947
fine_control,43,three_hole_asymmetric,16,private-source://routeA_experiments/data/final_ood_frozen_v1/three_hole_asymmetric/sample_0016.npz,e72396fee8a43a2b8ddefe735291ca8705c65690b680b4a18f84ae974e873213,0.001810399815440178,0.0994387100487218,1.138836637105878,0.9185691848397255,0.456845854409039,0.7013976061716675
fine_control,43,three_hole_asymmetric,17,private-source://routeA_experiments/data/final_ood_frozen_v1/three_hole_asymmetric/sample_0017.npz,e985edd4b5fd67f0812b23ba168c67faea3aeed38dc497bd3554f7bd6760ce23,0.00192191731184721,0.10576069429815185,1.2160802620261963,1.120511556044221,0.4641982153407298,0.719248468056321
fine_control,43,three_hole_asymmetric,18,private-source://routeA_experiments/data/final_ood_frozen_v1/three_hole_asymmetric/sample_0018.npz,822a1ae4756152a1ca58caa1ec6d5f81a08654b749358283fdc1e93ee4e96c05,0.0021909279748797417,0.0907959750791736,0.8114018646687124,0.7140394151210785,0.44072932936251163,0.6404696479439734
fine_control,43,three_hole_asymmetric,19,private-source://routeA_experiments/data/final_ood_frozen_v1/three_hole_asymmetric/sample_0019.npz,930b0ac62993246d762ab2fade330a6323a28dfa631309dcd025ccc1955464d2,0.0019359327852725983,0.10383723977252529,1.103991735743694,0.9766797097399831,0.4704766876529902,0.6120946675539016
fine_control,43,three_hole_asymmetric,20,private-source://routeA_experiments/data/final_ood_frozen_v1/three_hole_asymmetric/sample_0020.npz,ebe95ab8adce4e5f03a8c032f3f82d5b37362c40745ec8db423913bbcdbc36cc,0.0020808223634958267,0.09351738168800466,1.2437303565244606,1.2724727105814964,0.49199451369349845,0.6885145180393009
fine_control,43,three_hole_asymmetric,21,private-source://routeA_experiments/data/final_ood_frozen_v1/three_hole_asymmetric/sample_0021.npz,54558d7be0dcfa75da26d4b23bc274c3c188b6521dea1d6a7af66329fa9f8251,0.0021755341440439224,0.09414322879061383,0.8617299742988848,0.9771523214876652,0.4577786438167095,0.6997607074677944
fine_control,43,three_hole_asymmetric,22,private-source://routeA_experiments/data/final_ood_frozen_v1/three_hole_asymmetric/sample_0022.npz,6bdc3c8942ace2076e15642c82251ef4fb1abdcb025262d5cbf4bf8159949c89,0.0022222883999347687,0.09350476294022199,1.1148048215179076,0.996571441181004,0.4306920481612906,0.736741971084848
fine_control,43,three_hole_asymmetric,23,private-source://routeA_experiments/data/final_ood_frozen_v1/three_hole_asymmetric/sample_0023.npz,fb7b07378547ca5def525e00c556fd80770b515ccf896b8db2c472e26a09e5de,0.0021267523989081383,0.09202910183751863,1.5472231340431382,0.901817798614502,0.41660721763037145,0.6731221610098141
fine_control,43,three_hole_asymmetric,24,private-source://routeA_experiments/data/final_ood_frozen_v1/three_hole_asymmetric/sample_0024.npz,2db1bdfbff80836e6a8d01f12b7e3e3ccb933bc7fa29a6c580e28e0a5d564196,0.0019363965839147568,0.09757644793642914,0.9611219935186596,1.0303266746923327,0.45085057977121323,0.7682415906339879
fine_control,43,three_hole_asymmetric,25,private-source://routeA_experiments/data/final_ood_frozen_v1/three_hole_asymmetric/sample_0025.npz,d3dd37382fca909602f329cf5ca0868fdf4906bc68d239b517c7b63904d4d71e,0.0020723650231957436,0.10153774672981047,0.9937156837711105,1.1095147039741278,0.48730587505269796,0.7181082516908645
fine_control,43,three_hole_asymmetric,26,private-source://routeA_experiments/data/final_ood_frozen_v1/three_hole_asymmetric/sample_0026.npz,ab2b827142dff4076d7ccc83b71215ae118cd4367f57c2e1f1a596a261244546,0.002141157165169716,0.09855559169130029,0.9176327488602951,0.8290431499481201,0.40498035587370396,0.7269352123141286
fine_control,43,three_hole_asymmetric,27,private-source://routeA_experiments/data/final_ood_frozen_v1/three_hole_asymmetric/sample_0027.npz,502e0384dcc52c88b8d7686ef96396b3cb52f6aaceef7f024eb2b099d1a4007a,0.0021330872550606728,0.096058935110373,1.4913749964853829,0.9394967555999756,0.5055342541018035,0.7548708085028896
fine_control,43,three_hole_asymmetric,28,private-source://routeA_experiments/data/final_ood_frozen_v1/three_hole_asymmetric/sample_0028.npz,9350fce83bcaffdab0c4c8e8d9620ad9255df6368a78acb778f31f6d4d74c766,0.002210637554526329,0.09413311767632418,1.168543927446427,0.9788016807287931,0.42936159670352936,0.6957090711221099
fine_control,43,three_hole_asymmetric,29,private-source://routeA_experiments/data/final_ood_frozen_v1/three_hole_asymmetric/sample_0029.npz,f5870c4d60ab26a07f238eaa0997f6136bebb56604eb5c97e4b9a2fda2f9dc4e,0.002226673997938633,0.08724633849949243,0.6712878972211136,0.7595804706215858,0.3840065374970436,0.5748172558844084
fine_control,43,three_hole_asymmetric,30,private-source://routeA_experiments/data/final_ood_frozen_v1/three_hole_asymmetric/sample_0030.npz,6fd7dea4e1eb48c71994c0c450b08928f5ea2504ed659d879044b9b6c1644f3b,0.002095474861562252,0.08109179298395247,1.169302910938844,0.9113922398537397,0.3745996803045273,0.6579878473654382
fine_control,43,three_hole_asymmetric,31,private-source://routeA_experiments/data/final_ood_frozen_v1/three_hole_asymmetric/sample_0031.npz,4ba2ed02c426f61c1986b2240ee86afd7314ebbbe8b539e56f9600ba0cbbc1d6,0.002180257812142372,0.08682694797142292,1.0638936810381108,0.91731062438339,0.3900916203856468,0.6449675472453237
fine_control,43,three_hole_asymmetric,32,private-source://routeA_experiments/data/final_ood_frozen_v1/three_hole_asymmetric/sample_0032.npz,19561acd47d971095affbf1d7482c2543969e7efe2e017cce9662594c2409591,0.002129107713699341,0.09914146764770952,1.1688570039366042,1.315390924923122,0.45479159528622404,0.6539874538779253
fine_control,43,three_hole_asymmetric,33,private-source://routeA_experiments/data/final_ood_frozen_v1/three_hole_asymmetric/sample_0033.npz,299a816b59d1641a415a05ef717681b17573aad62ca3c0dc9711e90793f0d5b1,0.0021160179749131203,0.10215783095951148,1.1526818745453202,1.1042188173159957,0.4403752498328686,0.7048393618315457
fine_control,43,three_hole_asymmetric,34,private-source://routeA_experiments/data/final_ood_frozen_v1/three_hole_asymmetric/sample_0034.npz,d9c1345372b974ce89c979d52478ef6d491162f017535e9466a777f808423d7d,0.0022172247990965843,0.09358417627666729,0.9978092169031283,1.170616312418133,0.40912478044629097,0.6965769154485315
fine_control,43,three_hole_asymmetric,35,private-source://routeA_experiments/data/final_ood_frozen_v1/three_hole_asymmetric/sample_0035.npz,bbc5468f3342befdbe4e2f23d133af48d348c7ec0465af4103305de397fa0309,0.0019113430753350258,0.07852687768320181,0.7765097659113247,0.8187333643436432,0.3612967226654291,0.5970929991453882
fine_control,43,three_hole_asymmetric,36,private-source://routeA_experiments/data/final_ood_frozen_v1/three_hole_asymmetric/sample_0036.npz,f42f3b5b47bedfb758af7282d3853313d2f8cd91228aa5ad8456fe5f4ab773e7,0.002104736864566803,0.07401199141997662,0.6211133050353617,0.6904366612434387,0.3409304590895772,0.5322024218738078
fine_control,43,three_hole_asymmetric,37,private-source://routeA_experiments/data/final_ood_frozen_v1/three_hole_asymmetric/sample_0037.npz,70b02216f9922d40a0913ae98c1656101a148ee3d0036600db73f132e9e21930,0.0022644875571131706,0.09002676184210412,0.9718963965634289,1.1512430375441909,0.43179071554914117,0.7271523743867866
fine_control,43,three_hole_asymmetric,38,private-source://routeA_experiments/data/final_ood_frozen_v1/three_hole_asymmetric/sample_0038.npz,fa7d466e58601cc7ae42f28b80b74fe105c87c60ec45af33a67b9404e69917f3,0.0018335860222578049,0.08304878189146474,0.7522886073764162,0.8444441854953766,0.4106663018465042,0.6027877278625965
fine_control,43,three_hole_asymmetric,39,private-source://routeA_experiments/data/final_ood_frozen_v1/three_hole_asymmetric/sample_0039.npz,6729ed9a2fcaa8077240d781da78727ef103709fb74147547087f09e654d3eeb,0.0020665423944592476,0.07219592814817453,0.6824169525189746,0.7275858074426651,0.282807607203722,0.4742523077875373
fine_control,43,three_hole_asymmetric,40,private-source://routeA_experiments/data/final_ood_frozen_v1/three_hole_asymmetric/sample_0040.npz,4dc1b2b4a3bf9267ac51874c458885168a31fd1142276944c4d12ad9b44e5100,0.0021481281146407127,0.10167450162377914,1.1523769352448519,0.9470131248235703,0.42641427740454674,0.7651619501411914
fine_control,43,three_hole_asymmetric,41,private-source://routeA_experiments/data/final_ood_frozen_v1/three_hole_asymmetric/sample_0041.npz,1b3c5a766f7f80111c7c5b2d1e785760caa4ac76416598c810f62f378e2dbb64,0.002129567787051201,0.10797370961382616,1.2004620716407304,0.9736015200614929,0.5238937418907881,0.689937155670486
fine_control,43,three_hole_asymmetric,42,private-source://routeA_experiments/data/final_ood_frozen_v1/three_hole_asymmetric/sample_0042.npz,71baba454d946efdf1ed77d43d057be7b5cb937b31204d3f9a34e5b759e1f944,0.002070521004498005,0.07552104552044013,0.6741679332524709,0.6564610600471497,0.3259868919849396,0.5028072055429219
fine_control,43,three_hole_asymmetric,43,private-source://routeA_experiments/data/final_ood_frozen_v1/three_hole_asymmetric/sample_0043.npz,2ede2163e09a9b392d4845b6523de16898b67b651acecab632146f022bcfc1f4,0.0021615764126181602,0.08922309375198717,0.9264196298628075,0.8236037008464336,0.3909090757369995,0.5999529011547565
fine_control,43,three_hole_asymmetric,44,private-source://routeA_experiments/data/final_ood_frozen_v1/three_hole_asymmetric/sample_0044.npz,752790623dc514ac3a960bd67bd0cc3d73c861a4598060b92da04b2669e579d1,0.002213086001574993,0.10441796545366802,1.5487370065705246,1.0959750851616263,0.47694352367398096,0.6981744768097994
fine_control,43,three_hole_asymmetric,45,private-source://routeA_experiments/data/final_ood_frozen_v1/three_hole_asymmetric/sample_0045.npz,f93c887a4af2aa5861e233d5e8c99ba90ed0d24be1f48007e736b60f2d82baa0,0.0020502787083387375,0.07284006672924627,0.9798922278704554,0.8730726316571236,0.28188639506697655,0.5137600034475324
fine_control,43,three_hole_asymmetric,46,private-source://routeA_experiments/data/final_ood_frozen_v1/three_hole_asymmetric/sample_0046.npz,7d5d9a6e64d8ae8a1e9c7319dfb573f33de06eedee213c902c4b6812faa42d0f,0.0020761825144290924,0.11386823361567562,1.4530151408321978,1.08569080196321,0.5151878579054028,0.7881651470903306
fine_control,43,three_hole_asymmetric,47,private-source://routeA_experiments/data/final_ood_frozen_v1/three_hole_asymmetric/sample_0047.npz,95e07fc5463827a0ac7d058d0e1aeb9765b781fcc9901e3615d3cde6d0c42f72,0.0021029282361268997,0.0978150325339285,0.8545322791145384,0.7612221240997314,0.445690605789423,0.6502138193696724
fine_control,43,three_hole_asymmetric,48,private-source://routeA_experiments/data/final_ood_frozen_v1/three_hole_asymmetric/sample_0048.npz,741a820e5ca03d114c8d4ed90e51db19c9ac4733b4f826ec2ddcc36cdcac9b62,0.002110057510435581,0.08358835940296076,0.6981228175638458,0.9188734441995621,0.38373246043920517,0.5414078265428542
fine_control,43,three_hole_asymmetric,49,private-source://routeA_experiments/data/final_ood_frozen_v1/three_hole_asymmetric/sample_0049.npz,9317a9055bfd4093fea4ae0bf2d7e1d3d9c8669629d159a06ce9f1c11ad7714e,0.0020315097644925117,0.09450923900368809,1.0984159919924361,0.7782730949111283,0.44721303426194936,0.6714327277615666
fine_control,43,three_hole_asymmetric,50,private-source://routeA_experiments/data/final_ood_frozen_v1/three_hole_asymmetric/sample_0050.npz,88a36cb1ba6df1b25c02998dd5f645924a13a886bbdfd8571e6f74a10d39880a,0.0021880092099308968,0.09076335588068318,1.0888302097451479,1.2518489062786102,0.35217855108203366,0.7330151596106589
fine_control,43,three_hole_asymmetric,51,private-source://routeA_experiments/data/final_ood_frozen_v1/three_hole_asymmetric/sample_0051.npz,4d85c5da827c71859348f936a1bae9663c3aa6086f7d0a08035af48235a64ac0,0.0022353520616889,0.09867966202152109,1.2282368457534332,1.3034175126813352,0.4726108061004197,0.68672636821866
fine_control,43,three_hole_asymmetric,52,private-source://routeA_experiments/data/final_ood_frozen_v1/three_hole_asymmetric/sample_0052.npz,89347f4a5c2576ca481b684f9f7a77f38b7ae53c4ffdc77eeb307666b58e7af9,0.002067762427031994,0.09106971390036692,1.0107080891989326,0.899410399608314,0.45631069876253605,0.6638995543122286
fine_control,43,three_hole_asymmetric,53,private-source://routeA_experiments/data/final_ood_frozen_v1/three_hole_asymmetric/sample_0053.npz,68b58c6932346fa5b469420b06037edb861502f1184f5455c6a69240285d7df0,0.002238522283732891,0.06430462612517569,0.6256929143898888,0.8292093873023987,0.24638774804770947,0.41373399570584285
fine_control,43,three_hole_asymmetric,54,private-source://routeA_experiments/data/final_ood_frozen_v1/three_hole_asymmetric/sample_0054.npz,8a3d74a7607b5928b4762b9ca74c6b9275b177ed92746be0574f4816d05444cd,0.0022156890481710434,0.0999916235961218,1.1499010403345757,1.354953222675249,0.47550168074667454,0.7660755794495343
fine_control,43,three_hole_asymmetric,55,private-source://routeA_experiments/data/final_ood_frozen_v1/three_hole_asymmetric/sample_0055.npz,35e8e631f17a95d6289143b7bc8633f62ae4fcbfedd60929228f07fdfb4340db,0.002240690402686596,0.10031059822707504,1.2458785013830826,0.8864491954445839,0.5076607188675553,0.7007843362138373
fine_control,43,three_hole_asymmetric,56,private-source://routeA_experiments/data/final_ood_frozen_v1/three_hole_asymmetric/sample_0056.npz,445a3665a73f0ceaa2ced3d30b7da490d69d77b0d8a04d8eeb849db3eed04dd1,0.0018344325944781303,0.07273739151175815,0.8530878260383264,0.9144397079944611,0.33117421669885516,0.5842064261436459
fine_control,43,three_hole_asymmetric,57,private-source://routeA_experiments/data/final_ood_frozen_v1/three_hole_asymmetric/sample_0057.npz,e6cd4f4e82b85801bd6e1f55cd798f136d06cef8b5699b3b132aae856fc4f8c6,0.001864454708993435,0.10015093685881514,0.9422208277191652,1.125401809811592,0.4475593484239653,0.6727440178394317
fine_control,43,three_hole_asymmetric,58,private-source://routeA_experiments/data/final_ood_frozen_v1/three_hole_asymmetric/sample_0058.npz,cd8c02f16d5cb5b76ccf7d1ec24d90c99eadd3a3beb517f14abd993c4185db88,0.0020540067926049232,0.08823203287424547,0.8570612703936564,1.0110990405082703,0.4144236296415329,0.6415606905007735
fine_control,43,three_hole_asymmetric,59,private-source://routeA_experiments/data/final_ood_frozen_v1/three_hole_asymmetric/sample_0059.npz,8b2f19de3b7d84f2e94fee0e2534974e7bb4e568d67f3a1c9928750c5d681d54,0.00211197417229414,0.08848346137006351,0.7444054908204077,0.8406079113483429,0.3625389419030398,0.615961698815226
fine_control,43,three_hole_asymmetric,60,private-source://routeA_experiments/data/final_ood_frozen_v1/three_hole_asymmetric/sample_0060.npz,9a762eaafc0ad4943d42da4f1c2f1324b21b6ee9e3faaf6bd0e21961c2c74f37,0.002024334855377674,0.09667152017474172,1.075837335882227,0.9318168982863426,0.4556037293514237,0.6608611761592323
fine_control,43,three_hole_asymmetric,61,private-source://routeA_experiments/data/final_ood_frozen_v1/three_hole_asymmetric/sample_0061.npz,f363192d56ff237222c6af805a0435cdace76f73899372ae7a684b627192c2cf,0.002100778743624687,0.06237301901589313,0.6284541409443408,0.7219206243753433,0.2599089965224266,0.42892264053225476
fine_control,43,three_hole_asymmetric,62,private-source://routeA_experiments/data/final_ood_frozen_v1/three_hole_asymmetric/sample_0062.npz,2f26a4605d7e2c878f5be76227c29d3c349d949c85a3fd078ad080cee6cfff90,0.0022074682638049126,0.0920704294840463,0.952385617184619,1.2700175773352385,0.46426484175026417,0.6961228232830761
fine_control,43,three_hole_asymmetric,63,private-source://routeA_experiments/data/final_ood_frozen_v1/three_hole_asymmetric/sample_0063.npz,17c7bdafaf1ee584c9e013fbb7431229a839fea3282cdae21417ce64c07803f3,0.0021977508440613747,0.07589527037545585,0.7120549485722215,0.8044119775295258,0.3506777663715184,0.499832514673471
fine_control,43,three_hole_asymmetric,64,private-source://routeA_experiments/data/final_ood_frozen_v1/three_hole_asymmetric/sample_0064.npz,793cbf94a8f0ee09dd55e7baf6508b26cc685f59f0c6758686e2412286c50e95,0.002057630568742752,0.09562128107245878,0.8179486197110342,0.830448504537344,0.44052839279174805,0.6871531691402191
fine_control,43,three_hole_asymmetric,65,private-source://routeA_experiments/data/final_ood_frozen_v1/three_hole_asymmetric/sample_0065.npz,1a010370114984ac96012fd00665935431ad026ab4d7339462e9ede18dcde1d9,0.002172483131289482,0.08874939862291312,1.0036005871998515,0.8275350481271744,0.3606041292514419,0.6009683536365628
fine_control,43,three_hole_asymmetric,66,private-source://routeA_experiments/data/final_ood_frozen_v1/three_hole_asymmetric/sample_0066.npz,b4fb5ef8fe25b228082cf73d25bf64834fc6a386885f1003e912cc5461f36d56,0.002225019969046116,0.09660996253935696,1.0948271150204514,1.031677633523941,0.47520993649959564,0.7112425952218457
fine_control,43,three_hole_asymmetric,67,private-source://routeA_experiments/data/final_ood_frozen_v1/three_hole_asymmetric/sample_0067.npz,9966203f8926dbc05a509af06ae061895e57e0716bd5f4d7fbf1f94ef0a45954,0.002166188322007656,0.08541620070002562,1.0094583193568116,1.0624567288905382,0.42780438670888543,0.6113608032464981
fine_control,43,three_hole_asymmetric,68,private-source://routeA_experiments/data/final_ood_frozen_v1/three_hole_asymmetric/sample_0068.npz,3441c1ef60f7fd85c99941996ff1e1187f19859561c6ad1e959ad510a070dfcb,0.002048955298960209,0.10811983225670178,1.1996579868479322,1.3560075270943344,0.5202587759122252,0.8304201591759917
fine_control,43,three_hole_asymmetric,69,private-source://routeA_experiments/data/final_ood_frozen_v1/three_hole_asymmetric/sample_0069.npz,957b4c4b2aca791503277fca2b6d349af9cb542bc497b1dfb5a2641ef5e16b1e,0.0022222427651286125,0.10591804121280275,1.0728882793976096,0.9206273425370455,0.5071589031722397,0.7368233442306518
fine_control,43,three_hole_asymmetric,70,private-source://routeA_experiments/data/final_ood_frozen_v1/three_hole_asymmetric/sample_0070.npz,bf042f87f987b456925f37ee22c985a855b18b686770e5b97a394d3c0c2acbe6,0.002117774449288845,0.09548965573401731,1.0239753619642191,0.8049927800893784,0.4380891822220292,0.6689764879643917
fine_control,43,three_hole_asymmetric,71,private-source://routeA_experiments/data/final_ood_frozen_v1/three_hole_asymmetric/sample_0071.npz,d8ecc3806b2dd2950185d128052672533a7ecff47ea474de8708ce8b3e391105,0.002248433418571949,0.06542909111687839,0.8174151130200277,0.7421013861894608,0.24033774342387915,0.41697992086410474
fine_control,43,three_hole_asymmetric,72,private-source://routeA_experiments/data/final_ood_frozen_v1/three_hole_asymmetric/sample_0072.npz,6fb1d638377a02897f21ad9678d3a93e1ed734ef1ade5a6f69a1c16b0d92646b,0.002278311178088188,0.09413598280000367,1.2941955592526369,0.9585170894861221,0.4749600051436573,0.7299000319093465
fine_control,43,three_hole_asymmetric,73,private-source://routeA_experiments/data/final_ood_frozen_v1/three_hole_asymmetric/sample_0073.npz,aa1f55a954bf5a5a2a0fc55c80c60d0c6c3bcfed40697329e85d1f1150b3beb1,0.0021244240924715996,0.08757610946118209,1.039277987457622,1.3388381022959948,0.4321662187576294,0.6081404093652959
fine_control,43,three_hole_asymmetric,74,private-source://routeA_experiments/data/final_ood_frozen_v1/three_hole_asymmetric/sample_0074.npz,7efa7bbcf05970d90ea88b07b297960e2591bdf9454367d39202dd0eea0baf1c,0.0020552435889840126,0.08699004125243817,1.1090644864021735,1.1607690453529358,0.428702374920249,0.657721285894513
fine_control,43,three_hole_asymmetric,75,private-source://routeA_experiments/data/final_ood_frozen_v1/three_hole_asymmetric/sample_0075.npz,797d1d48df61dcc794ea9c42bd7cbe3fb5904ac3207e4c22d07fd98d6cba6889,0.0021250443533062935,0.09371016693791086,0.9245430567638214,0.8266776353120804,0.4181082434952259,0.6986820131540296
fine_control,43,three_hole_asymmetric,76,private-source://routeA_experiments/data/final_ood_frozen_v1/three_hole_asymmetric/sample_0076.npz,ed8628f781c6e4e0f944c54b129e12897361e0950bc2b545bb2c4111835b1aa3,0.0020337579771876335,0.09563768250189378,1.1781645526458981,0.9644363485276699,0.43114011945726816,0.6267525821924209
fine_control,43,three_hole_asymmetric,77,private-source://routeA_experiments/data/final_ood_frozen_v1/three_hole_asymmetric/sample_0077.npz,e1e3d0aa07a5e03fbc7d7cd2e5822d6d019cc78a74b2a133771301fca0c23ab6,0.0022276556119322777,0.10130698619722912,0.9021053548743625,1.161040049046278,0.4845052435994148,0.7343926921486853
fine_control,43,three_hole_asymmetric,78,private-source://routeA_experiments/data/final_ood_frozen_v1/three_hole_asymmetric/sample_0078.npz,b8c9c9f9a9d7c2106857e098ccf52a7ed33b76dda547cbe28fa76263b27cde39,0.002198132686316967,0.09962773320013271,1.0268732413561081,1.0104346089065075,0.46477874708944,0.6791603283956645
fine_control,43,three_hole_asymmetric,79,private-source://routeA_experiments/data/final_ood_frozen_v1/three_hole_asymmetric/sample_0079.npz,6600329ca06c105c508bd49db109ca5aa0861398ccd222389fac3dd5f02b058c,0.002037692815065384,0.10031899573042233,1.358062760831452,1.0536352699273266,0.4701025135436794,0.6499773398041714
fine_control,43,three_hole_asymmetric,80,private-source://routeA_experiments/data/final_ood_frozen_v1/three_hole_asymmetric/sample_0080.npz,ffbc158abeb51a4eb3928201634706c040d340dabbe33426cdc7b7127fe13543,0.002197016030550003,0.08178409004148528,0.9172593658910528,0.9167637638747692,0.35366220818832517,0.5520967170596118
fine_control,43,three_hole_asymmetric,81,private-source://routeA_experiments/data/final_ood_frozen_v1/three_hole_asymmetric/sample_0081.npz,a87e60b7c7797fddf37237be730cdc9809205a80b44cb6b2262de1a6d7645693,0.002001555636525154,0.09307722173845032,1.1001389395162398,0.9884747853502631,0.4624688923358917,0.6421372801996766
fine_control,43,three_hole_asymmetric,82,private-source://routeA_experiments/data/final_ood_frozen_v1/three_hole_asymmetric/sample_0082.npz,067daeb253b7553c2df8a4b49429eea3aa5169264dc4c11e08a931320e7ddff4,0.0021719029173254967,0.06528753849001048,0.6529772232796807,0.6881444007158279,0.2361301117343828,0.44550187960267007
fine_control,43,three_hole_asymmetric,83,private-source://routeA_experiments/data/final_ood_frozen_v1/three_hole_asymmetric/sample_0083.npz,f1d60eebc050728f5777b4668048e76d34dee796f6835ce90e1158999fa44fd4,0.002284647896885872,0.09520064402888011,1.1893458653663864,0.8667546808719635,0.5047864480293356,0.7115715183317658
fine_control,43,three_hole_asymmetric,84,private-source://routeA_experiments/data/final_ood_frozen_v1/three_hole_asymmetric/sample_0084.npz,412d7cf0b8e7473beabae2d73d6f51672f2e2290c5eb4f6594fefd3da8d64992,0.002284451387822628,0.09048552450583289,0.9118997991239236,1.3262908458709717,0.4348338255658746,0.6954249016940591
fine_control,43,three_hole_asymmetric,85,private-source://routeA_experiments/data/final_ood_frozen_v1/three_hole_asymmetric/sample_0085.npz,254ac982dfb840962b732a7f58d26007ad7175788b3d22740ac1a0de93037713,0.0022607995197176933,0.05661370159348865,0.4929986199574656,0.5196104049682617,0.21274687815457582,0.35635816305875767
fine_control,43,three_hole_asymmetric,86,private-source://routeA_experiments/data/final_ood_frozen_v1/three_hole_asymmetric/sample_0086.npz,c521fb24ed492b9981db7f659459473625677c7b0d7e4c9095384fc6551b4657,0.001997675746679306,0.10891147765019585,1.7318022791196384,1.1348876706324518,0.5180896234232932,0.7214579160558058
fine_control,43,three_hole_asymmetric,87,private-source://routeA_experiments/data/final_ood_frozen_v1/three_hole_asymmetric/sample_0087.npz,7946973bee1306c79f4c36bb2e32fb4b5c210f4c5eee0944367ba30e9fdd9e31,0.0021800491958856583,0.05976181551513851,0.6144900204488645,0.6874854117631912,0.22319313779007643,0.3427195444703102
fine_control,43,three_hole_asymmetric,88,private-source://routeA_experiments/data/final_ood_frozen_v1/three_hole_asymmetric/sample_0088.npz,11f5514ff6bbacbe263aded7875193bf5aad8a00011357f6c74f2f464c5b23a1,0.002049406059086323,0.08930436008375314,0.8068289916994967,0.7457878291606903,0.3914412531303242,0.588531957194209
fine_control,43,three_hole_asymmetric,89,private-source://routeA_experiments/data/final_ood_frozen_v1/three_hole_asymmetric/sample_0089.npz,a61b51e0b645bb67e96064efeeb018bd2d7b048c8350145b4efca94cd3cced4a,0.0021798908710479736,0.0939873475695488,0.8635759267702596,0.919134858995676,0.48068617656826973,0.6604558363556862
fine_control,43,three_hole_asymmetric,90,private-source://routeA_experiments/data/final_ood_frozen_v1/three_hole_asymmetric/sample_0090.npz,f238f1b73bfe633977814f4ee8efd7678f1da09cdadc96667ab86b42fd9c84b8,0.00219830684363842,0.10564249030943723,1.1959355853451115,0.8860384225845337,0.49266497112694196,0.7309147142805155
fine_control,43,three_hole_asymmetric,91,private-source://routeA_experiments/data/final_ood_frozen_v1/three_hole_asymmetric/sample_0091.npz,908dee8055af09e682db2290282512110ad8b8134b5a3c698b0b1e27d1298733,0.002266659401357174,0.06520787547050604,0.6075604515010147,0.5915526449680328,0.2680319994688034,0.47233087643980953
fine_control,43,three_hole_asymmetric,92,private-source://routeA_experiments/data/final_ood_frozen_v1/three_hole_asymmetric/sample_0092.npz,235f3d7bb93d6ff69897dc532f9c0175c97fc98f43fc1a6c18061f36b3b6c3ef,0.0019441619515419006,0.09547263740955968,0.8511133044620189,1.048955526202917,0.4621636653319001,0.6440513661131263
fine_control,43,three_hole_asymmetric,93,private-source://routeA_experiments/data/final_ood_frozen_v1/three_hole_asymmetric/sample_0093.npz,a7d0da11a92287a27a4a6c11ca702f3f2f17ff721a0f0279d690f8abf94252be,0.002085926942527294,0.05846914432196168,0.5639734102636633,0.5609545409679413,0.20895675010979176,0.38731679916381834
fine_control,43,three_hole_asymmetric,94,private-source://routeA_experiments/data/final_ood_frozen_v1/three_hole_asymmetric/sample_0094.npz,d0aa584876f99691aeeb8026d5ead955e7cc17621019a851ef37a13edaf58971,0.0021732011809945107,0.08925557970189553,0.9480817155692648,0.9902052562683821,0.4454014792572707,0.6223798275925218
fine_control,43,three_hole_asymmetric,95,private-source://routeA_experiments/data/final_ood_frozen_v1/three_hole_asymmetric/sample_0095.npz,d203d6745345a12b29597ac2d26caea89ab17bb23083688666fb462296530e05,0.0022150762379169464,0.09065383851290992,0.9945387839070288,1.1614419985562563,0.404754351824522,0.662791240960359
fine_control,43,three_hole_asymmetric,96,private-source://routeA_experiments/data/final_ood_frozen_v1/three_hole_asymmetric/sample_0096.npz,78f0808d535501b8d16b5386431081df41fe126d96ffeb5bfc34b71693bd5714,0.002157832495868206,0.09768411851547745,1.1955381583848341,1.1141424011439085,0.4582833261229098,0.7094221000559625
fine_control,43,three_hole_asymmetric,97,private-source://routeA_experiments/data/final_ood_frozen_v1/three_hole_asymmetric/sample_0097.npz,a19b074a2ef168ce2028edf5abd4394ddadac3e42eb7badae29852dcd87b8c01,0.0021906187757849693,0.10048982151246989,1.0725701432185188,1.0841439813375473,0.4946959214285016,0.6823852695524691
fine_control,43,three_hole_asymmetric,98,private-source://routeA_experiments/data/final_ood_frozen_v1/three_hole_asymmetric/sample_0098.npz,e628a052cb301d1ccddc36abc3e756605d05d755311cc580cb8638d0283e8a28,0.002147403545677662,0.08381803127469489,0.9626684824589608,0.8674861937761307,0.36913219769485295,0.6318637219723308
fine_control,43,three_hole_asymmetric,99,private-source://routeA_experiments/data/final_ood_frozen_v1/three_hole_asymmetric/sample_0099.npz,c4c58ccc92851ab150fbcfb7929b45da22b8f4be00f48239dbac5a4033fb8247,0.0021481970325112343,0.08421896431604475,0.9451642819230401,0.9630825240164995,0.3812152714235708,0.6306268654763698
fine_control,43,three_hole_asymmetric,100,private-source://routeA_experiments/data/final_ood_frozen_v1/three_hole_asymmetric/sample_0100.npz,7735aa807c0bade0596ab7163387935e7d8a6420ea91ac0b71468f037f55c595,0.0017042988911271095,0.08281281343170797,0.7305655431716475,0.9147987067699432,0.36015219800174236,0.5546330854296683
fine_control,43,three_hole_asymmetric,101,private-source://routeA_experiments/data/final_ood_frozen_v1/three_hole_asymmetric/sample_0101.npz,50903f9da861e8e4b8d2ee84d0c4eea498c76f1b91f5cc6b26cca7661f51f13b,0.0021222662180662155,0.10967391180474353,1.2939902709869848,1.116630852688104,0.5193487034412101,0.7177654604078268
fine_control,43,three_hole_asymmetric,102,private-source://routeA_experiments/data/final_ood_frozen_v1/three_hole_asymmetric/sample_0102.npz,393185e3a3667ce8030757bd68d94410eee1772700c16b445a0af74c993e2d3e,0.0021424368023872375,0.10797118228240633,1.4218217994915978,1.3132975064218044,0.519651724724099,0.7637189616216337
fine_control,43,three_hole_asymmetric,103,private-source://routeA_experiments/data/final_ood_frozen_v1/three_hole_asymmetric/sample_0103.npz,d8e3e01787f23ef6a1dabb9edf23da79e0637aeb7fd538143355fccbedc02bc1,0.002246944233775139,0.10156559640553471,0.8579409755737192,0.9993016421794891,0.4840756650082767,0.6957287620753048
fine_control,43,three_hole_asymmetric,104,private-source://routeA_experiments/data/final_ood_frozen_v1/three_hole_asymmetric/sample_0104.npz,d6cc18e29b7582dec1b5602f9fa8218e7d40d0e0ed08552c1d6acc779fc36a17,0.002003139816224575,0.09773212847536805,1.2428429886909862,0.9520681267604232,0.48355703987181187,0.8091108262538909
fine_control,43,three_hole_asymmetric,105,private-source://routeA_experiments/data/final_ood_frozen_v1/three_hole_asymmetric/sample_0105.npz,35bd0c998f7436861f71be50f8aba64a3461c822cf292b3e6694660f55a3b0f1,0.00204475037753582,0.08881907217476828,0.781601923426182,0.8814888298511505,0.4206070713698864,0.6799725826829663
fine_control,43,three_hole_asymmetric,106,private-source://routeA_experiments/data/final_ood_frozen_v1/three_hole_asymmetric/sample_0106.npz,6888edd52db8cf29388af634eedf7f9be35793c07c18644b7f86f8a441acc780,0.0022351443767547607,0.0665133162993849,0.6608037616890011,0.9328969717025757,0.2938211285509169,0.4382198959589003
fine_control,43,three_hole_asymmetric,107,private-source://routeA_experiments/data/final_ood_frozen_v1/three_hole_asymmetric/sample_0107.npz,40b2ef1f23b501bfde64a13fe7258035909f0d78e1d54eb6e1443c804305ecf4,0.002137400209903717,0.10236304456510184,1.7106950216448216,1.2907329178415239,0.4727275828481652,0.678510315861785
fine_control,43,three_hole_asymmetric,108,private-source://routeA_experiments/data/final_ood_frozen_v1/three_hole_asymmetric/sample_0108.npz,79b8dfa34c2b35a10fea27f09a0f9f798b0367fc5192ed59d1361f1b53799bdd,0.0020561134442687035,0.10444123178507575,1.2164523767855262,1.1209077638341114,0.5117656209331471,0.6840313014574346
fine_control,43,three_hole_asymmetric,109,private-source://routeA_experiments/data/final_ood_frozen_v1/three_hole_asymmetric/sample_0109.npz,8ce37dd8adb5cefec81dbd0f448aa24fd957fd04fe733656a07aef732c8cc2eb,0.0021218648180365562,0.0858712322489298,0.8382235459273288,1.299311929848045,0.4088179854443297,0.6014231022447347
fine_control,43,three_hole_asymmetric,110,private-source://routeA_experiments/data/final_ood_frozen_v1/three_hole_asymmetric/sample_0110.npz,4f2615c8cb85f9158644a5c730014c3884dbecc44b41e4c6525efb9d86c8caf8,0.0022520236670970917,0.11194063475656786,1.3614660809499037,1.111572860769229,0.5536111954133958,0.8288761772215366
fine_control,43,three_hole_asymmetric,111,private-source://routeA_experiments/data/final_ood_frozen_v1/three_hole_asymmetric/sample_0111.npz,0935578871a0f3a49acfc526c2f37c216dd91c68bd2a8bfb1b536326e94f5a44,0.0023071151226758957,0.09801113753263689,1.595193627538595,1.0059965868713334,0.49164838234719355,0.6818502314650683
fine_control,43,three_hole_asymmetric,112,private-source://routeA_experiments/data/final_ood_frozen_v1/three_hole_asymmetric/sample_0112.npz,75f3066ea740d92e454646a086e63a485bf69922e759ad6ffeae0e0cb87dfaa8,0.002101987600326538,0.10303428606851629,1.0838063569190746,0.8562878407537937,0.4946620292030275,0.7062599025666713
fine_control,43,three_hole_asymmetric,113,private-source://routeA_experiments/data/final_ood_frozen_v1/three_hole_asymmetric/sample_0113.npz,e697a839e7548feb3a5b14360c3973b92e38a87052d3b7365b32a7cd0a753191,0.0019813384860754013,0.07272823992970869,0.6737260938316871,0.7184740304946899,0.2966917911544442,0.550011206138879
fine_control,43,three_hole_asymmetric,114,private-source://routeA_experiments/data/final_ood_frozen_v1/three_hole_asymmetric/sample_0114.npz,7afaaf3601e6ed30886241051a0637c969fab4fdc7321968e3389ce030c7486a,0.0023074354976415634,0.08704354844824347,0.7954465289646137,0.6692027151584625,0.4151535537093878,0.5644423440098761
fine_control,43,three_hole_asymmetric,115,private-source://routeA_experiments/data/final_ood_frozen_v1/three_hole_asymmetric/sample_0115.npz,c61c1f6680ef22cfbb61c3b59a74537ff91a7a97eefe05a24d1215c5eff14175,0.002387484535574913,0.096220747504506,1.042500822442057,1.0977019295096397,0.45848356932401657,0.6429370516911149
fine_control,43,three_hole_asymmetric,116,private-source://routeA_experiments/data/final_ood_frozen_v1/three_hole_asymmetric/sample_0116.npz,9630b36b29d980654e8e8af10a050b5b22f9036bbc0eaf53ddfff402e0574e30,0.002276756800711155,0.11467433913582,1.2749132485117143,0.9925643160240725,0.5366412390139885,0.7658068817108866
fine_control,43,three_hole_asymmetric,117,private-source://routeA_experiments/data/final_ood_frozen_v1/three_hole_asymmetric/sample_0117.npz,d3d1cc5eb6165ce5dd1eb46f3b7422b7a91b41002dd8e244fb5807270ef54ae0,0.002313956618309021,0.09625981688209295,1.4620932330827157,1.1256828219629824,0.4757734378508758,0.7312074091285463
fine_control,43,three_hole_asymmetric,118,private-source://routeA_experiments/data/final_ood_frozen_v1/three_hole_asymmetric/sample_0118.npz,8e2be99501a03f3deba60278c03b5af400416cb985c121c2fa7d7d7827ff8328,0.0021414756774902344,0.08632612085076076,0.9452543757430528,0.8821095824241638,0.4122138337697834,0.6202833507210016
fine_control,43,three_hole_asymmetric,119,private-source://routeA_experiments/data/final_ood_frozen_v1/three_hole_asymmetric/sample_0119.npz,a47277e2b3beb0d89ef7b03bc2d99a8b043b3ba5b66636730dd832240fb5bf67,0.002194399945437908,0.09442448986451217,1.025810604094648,1.0624284828081727,0.42641885951161385,0.6814332559704779
fine_control,43,three_hole_asymmetric,120,private-source://routeA_experiments/data/final_ood_frozen_v1/three_hole_asymmetric/sample_0120.npz,460897fcccde1db2e8ba9079e66abd4ea55bf6c9fcc14cc7507c17ec7571d07d,0.002151215448975563,0.06491139842614724,0.759561573636719,0.9242693781852722,0.29409009870141745,0.5359792138449845
fine_control,43,three_hole_asymmetric,121,private-source://routeA_experiments/data/final_ood_frozen_v1/three_hole_asymmetric/sample_0121.npz,7463cebd5dcf30b0f53bfbcec6ed3cd938cae4ff1c7cb5a51f6b6208a020a4d2,0.0019906237721443176,0.06711027650964717,0.7101505955294621,0.6211873590946198,0.2549661863595247,0.44926663041114784
fine_control,43,three_hole_asymmetric,122,private-source://routeA_experiments/data/final_ood_frozen_v1/three_hole_asymmetric/sample_0122.npz,0b1f50e6483c4bd20f2eb7b1a5ad3ca903b7158558b6379b0a1c87cfb444d395,0.0017380164936184883,0.09994162327142737,1.3855215956513323,1.3616328472271562,0.44266264250472886,0.8199393976712598
fine_control,43,three_hole_asymmetric,123,private-source://routeA_experiments/data/final_ood_frozen_v1/three_hole_asymmetric/sample_0123.npz,65e171101675b5cb87eb5555f716856d756743e6d3447dfa2efbde71ac332e67,0.0020376741886138916,0.09776428589421175,1.1362300634482736,0.852510828524828,0.46391940861940384,0.7187782284338022
fine_control,43,three_hole_asymmetric,124,private-source://routeA_experiments/data/final_ood_frozen_v1/three_hole_asymmetric/sample_0124.npz,d3c7c52167944c7ed7ee06f79272238419f46b0150fe90a2589d3153747fbf2f,0.002201380208134651,0.08877921975103893,1.024033890894528,0.9240975417196751,0.40232065320014954,0.7162078633904456
fine_control,43,three_hole_asymmetric,125,private-source://routeA_experiments/data/final_ood_frozen_v1/three_hole_asymmetric/sample_0125.npz,629b8f9d37de5d037c8e33f97e602bf5d06a112e8c988084322626ed3cfa0db4,0.0022014444693922997,0.11277855469928237,1.1645694107823614,0.9081016182899475,0.5271255656844005,0.7693735245615243
fine_control,43,three_hole_asymmetric,126,private-source://routeA_experiments/data/final_ood_frozen_v1/three_hole_asymmetric/sample_0126.npz,d79d0f135637e2841b3453a53add5c4bf624f15ae92f2562acb09afebef0ede1,0.00211978517472744,0.07844169158557458,0.76531292678505,1.0088394209742546,0.345657111145556,0.5493597531691192
fine_control,43,three_hole_asymmetric,127,private-source://routeA_experiments/data/final_ood_frozen_v1/three_hole_asymmetric/sample_0127.npz,7cee35213e8863690074459c24d7fd282a7630a45f0f4fab56f69cc5187ced3c,0.002180931158363819,0.08333131618807736,0.8536831174337269,0.8531481027603149,0.36330910271499306,0.6402708180248734
fine_control,43,three_hole_asymmetric,128,private-source://routeA_experiments/data/final_ood_frozen_v1/three_hole_asymmetric/sample_0128.npz,66f17e3594dd9beaddc30078e0aea012c36ea89ec3780e24ab5e66ada4aa0aee,0.002114349976181984,0.09600582959299306,0.859159386793092,1.1842683181166649,0.41313087940216064,0.7307778563350437
fine_control,43,three_hole_asymmetric,129,private-source://routeA_experiments/data/final_ood_frozen_v1/three_hole_asymmetric/sample_0129.npz,0513a13dc15142aa7035ad92a4d92696cde53f4f938fba0b6258ba43ff994ce4,0.0021205944940447807,0.10238393644279571,1.1372813245892468,1.2237922735512257,0.506837634369731,0.7440836675465106
fine_control,43,three_hole_asymmetric,130,private-source://routeA_experiments/data/final_ood_frozen_v1/three_hole_asymmetric/sample_0130.npz,0b7e254aff9dacc784e6945d18e32da0372125ff81dc9fb35dcf29f7e12504f6,0.002077154815196991,0.11162871180066934,0.9899827006319296,0.8812284395098686,0.5492491172626615,0.7567146010696879
fine_control,43,three_hole_asymmetric,131,private-source://routeA_experiments/data/final_ood_frozen_v1/three_hole_asymmetric/sample_0131.npz,b7bf7aa4688f48d7c78174369c23732d337ae6ffd998cf06bb7a4edda3a5063d,0.0017166119068861008,0.08951396350910022,0.9536122213376266,0.8427065163850784,0.4426240734755993,0.607796709053218
fine_control,43,three_hole_asymmetric,132,private-source://routeA_experiments/data/final_ood_frozen_v1/three_hole_asymmetric/sample_0132.npz,37fe2cf79de29a9b7e04b5fe118372c54173e6f10125f0854cf4d171d4776d59,0.002087745815515518,0.06930528640967581,0.8877359085213188,0.7713336646556854,0.2812172411940992,0.5212353307753796
fine_control,43,three_hole_asymmetric,133,private-source://routeA_experiments/data/final_ood_frozen_v1/three_hole_asymmetric/sample_0133.npz,3683c8dae119211360b0dbaa1ac9e1693a1728caddc3c1bb3768f981c2091e26,0.0020652106031775475,0.09225482150936642,0.8553019121516333,1.0275997798889875,0.448878783499822,0.7493462838232507
fine_control,43,three_hole_asymmetric,134,private-source://routeA_experiments/data/final_ood_frozen_v1/three_hole_asymmetric/sample_0134.npz,322bc5ec6225e978895e341b9dfdf38fbfa0681b5b329fe286739337905a2e67,0.0022691739723086357,0.09936942827717915,1.1748277933933444,1.1359613984823227,0.49467183160595596,0.7691469575976949
fine_control,43,three_hole_asymmetric,135,private-source://routeA_experiments/data/final_ood_frozen_v1/three_hole_asymmetric/sample_0135.npz,b3bc13b4ad513f7b7c47e8dfedda3871bfe1d969ceb542243518b1f1661a7b7d,0.0022525349631905556,0.09347627022961517,1.0563947845153652,0.8905598872806877,0.43507839902304113,0.6176666548475617
fine_control,43,three_hole_asymmetric,136,private-source://routeA_experiments/data/final_ood_frozen_v1/three_hole_asymmetric/sample_0136.npz,20f73113304cb007ce9ee5b010405b3b08c38b719993477582e1adb17921d82b,0.0018713586032390594,0.06273928613706109,0.5770468200523671,0.8235335648059845,0.25517298467457294,0.4306460097432133
fine_control,43,three_hole_asymmetric,137,private-source://routeA_experiments/data/final_ood_frozen_v1/three_hole_asymmetric/sample_0137.npz,9c029bad505c34e3cca11e8187bc4fdf7d1417417883641e5c92c0e2b1861711,0.001710052601993084,0.09185721606274513,0.954920874049216,0.7934407591819763,0.43422848731279373,0.6444022091105578
fine_control,43,three_hole_asymmetric,138,private-source://routeA_experiments/data/final_ood_frozen_v1/three_hole_asymmetric/sample_0138.npz,2a95dd7d60712bbde64ddb2f3b9b174a2da8a71e64f53104448b1fda6898cb87,0.0020634252578020096,0.10191132237110262,1.4318511659485778,0.9020133465528488,0.4562640840522363,0.720900979073484
fine_control,43,three_hole_asymmetric,139,private-source://routeA_experiments/data/final_ood_frozen_v1/three_hole_asymmetric/sample_0139.npz,f356651d5f0fbe76d7b23cee9c305931b8e8fe879d3fc560e174e6ff4a4bcbc9,0.0017276955768465996,0.10054355583769027,0.9365556830770072,1.128767468035221,0.46449904539622366,0.7025657954625774
fine_control,43,three_hole_asymmetric,140,private-source://routeA_experiments/data/final_ood_frozen_v1/three_hole_asymmetric/sample_0140.npz,c22b26c249410214ce91ba779d94c82c7d58648110a4aac0c4246990ecc43bba,0.0020413044840097427,0.10121478411108195,0.9589718054347751,0.9643905311822891,0.49470801278948784,0.7461003534495829
fine_control,43,three_hole_asymmetric,141,private-source://routeA_experiments/data/final_ood_frozen_v1/three_hole_asymmetric/sample_0141.npz,581b8c08fb25b0697b98b87164ebaafe6cd559b41136643d44f9de35e975d7b9,0.002117154188454151,0.10224238564537251,1.1878410688186274,0.9536002464592457,0.4483327140333131,0.7455062139779329
fine_control,43,three_hole_asymmetric,142,private-source://routeA_experiments/data/final_ood_frozen_v1/three_hole_asymmetric/sample_0142.npz,578e8f60d4da9f74071ab8374b88b7be266d5d1e67dec13929a7acf811b163a8,0.0021179821342229843,0.10558659429311872,1.1639264227203943,0.9443961456418037,0.5018725726986304,0.6745241652242838
fine_control,43,three_hole_asymmetric,143,private-source://routeA_experiments/data/final_ood_frozen_v1/three_hole_asymmetric/sample_0143.npz,b6b2551b71fdf3da0d4ca84d9f08c6aa2f3008f1962bd943296cbf9612880efc,0.002086401917040348,0.09847873664070673,1.2086135819480899,1.2460212174337357,0.48610210068000015,0.7738565072417257
fine_control,43,three_hole_asymmetric,144,private-source://routeA_experiments/data/final_ood_frozen_v1/three_hole_asymmetric/sample_0144.npz,8329648a6f54e17ec6911f4a2a43086a79f241b8ea2247f84b00d977ee02610d,0.0017079180106520653,0.10450265795186103,1.4301726219477497,1.01986996748019,0.5134478386316914,0.7574576776009043
fine_control,43,three_hole_asymmetric,145,private-source://routeA_experiments/data/final_ood_frozen_v1/three_hole_asymmetric/sample_0145.npz,9e07276be4c9a737eae17e3917bc3cdc5d0dfa1bce9663bd981f358519eb110c,0.002148514613509178,0.09900948165443145,1.004116788887234,1.066170726902783,0.50988356070593,0.6908441275358196
fine_control,43,three_hole_asymmetric,146,private-source://routeA_experiments/data/final_ood_frozen_v1/three_hole_asymmetric/sample_0146.npz,67f3ee8daff2c978cbe4cd399a7f2ad4874665b5c644a341c057c304af1127c1,0.002144172787666321,0.09982112039564991,1.106616582135306,0.8816137462854385,0.47178465861361474,0.7509663998149334
fine_control,43,three_hole_asymmetric,147,private-source://routeA_experiments/data/final_ood_frozen_v1/three_hole_asymmetric/sample_0147.npz,e85347f74d9b0184043eda85a8b0b42fe6515b3c49ceeec50b7b4d6dfff4a07d,0.0022707898169755936,0.072741341055849,0.6808058791637531,0.6625132597982883,0.36035143211483955,0.5454343499615787
fine_control,43,three_hole_asymmetric,148,private-source://routeA_experiments/data/final_ood_frozen_v1/three_hole_asymmetric/sample_0148.npz,245fe71d4768340cf55e028f00a51ef269352046fcee78a0376200f4998c9360,0.0018895119428634644,0.05851876787850899,0.6295343924042345,0.5478451550006866,0.21646183636039495,0.36270367428660394
fine_control,43,three_hole_asymmetric,149,private-source://routeA_experiments/data/final_ood_frozen_v1/three_hole_asymmetric/sample_0149.npz,e4131c7833d7b32f7f309cc922c788dde6f66644cd7c84c3995c3e66ca6ec058,0.0022678617388010025,0.09509081816905063,1.2602761972557432,1.2006873674690723,0.3954396482295124,0.7878608997911207
fine_control,43,three_hole_asymmetric,150,private-source://routeA_experiments/data/final_ood_frozen_v1/three_hole_asymmetric/sample_0150.npz,14d7c4793f64ce9d612ac24093c5fbe0dae12baa2ebcc0e606416070b0010be4,0.0022077225148677826,0.09909990007787699,1.2675758867246625,1.0316662151599303,0.47196786431595683,0.6958103265729729
fine_control,43,three_hole_asymmetric,151,private-source://routeA_experiments/data/final_ood_frozen_v1/three_hole_asymmetric/sample_0151.npz,3c828906fd7ab01c163402ae535f03a420e0b8d29d63467e8f5e0ac8bb2069f1,0.001719282940030098,0.08808720964141081,0.9045175813158749,0.9922285452485085,0.37283539184136316,0.6403485409915446
fine_control,43,three_hole_asymmetric,152,private-source://routeA_experiments/data/final_ood_frozen_v1/three_hole_asymmetric/sample_0152.npz,2dd677fdf441a2d0d82994893dd167d20bc429686f9d05c84662f972384de6c2,0.002162930555641651,0.0904353760547953,1.1449140140061755,1.1709331423044205,0.41780717569054104,0.6930058070458467
fine_control,43,three_hole_asymmetric,153,private-source://routeA_experiments/data/final_ood_frozen_v1/three_hole_asymmetric/sample_0153.npz,e09e2ec653206737b870b71f517fcc81353db939fd7d890bfde2a8715648f046,0.002192901447415352,0.09612377844606645,1.3383706867471024,0.8909015506505966,0.45506865008428576,0.7140483789145945
fine_control,43,three_hole_asymmetric,154,private-source://routeA_experiments/data/final_ood_frozen_v1/three_hole_asymmetric/sample_0154.npz,354f1ec9c8bb281306006c931744c6710f378713690c48b9dfc924d8e03155dc,0.0022035790607333183,0.08832482404286285,0.9851491449298257,1.2070141062140465,0.4147082429844886,0.6178611380513752
fine_control,43,three_hole_asymmetric,155,private-source://routeA_experiments/data/final_ood_frozen_v1/three_hole_asymmetric/sample_0155.npz,4feb6d42b1ba8f3891917e887c391dac5ab83213398859f8c4d1343a08f81523,0.0021497588604688644,0.066547301800495,0.8493862328584825,0.7669791877269745,0.29079023376107216,0.38399475608020994
fine_control,43,three_hole_asymmetric,156,private-source://routeA_experiments/data/final_ood_frozen_v1/three_hole_asymmetric/sample_0156.npz,2ed681cf4ebe76dc5ff83597e8f424f37faa8aa01f50048685eb1a9f8504ef64,0.0017228713259100914,0.09190795343519877,1.0781989513951307,1.4241503817029297,0.40935683916904964,0.6309938498539849
fine_control,43,three_hole_asymmetric,157,private-source://routeA_experiments/data/final_ood_frozen_v1/three_hole_asymmetric/sample_0157.npz,8f86d834f785485f1110f7ae10b681508b7fb7293834bdeabad4cd9e0ff581e7,0.002057868055999279,0.07918766653025891,0.8052195850401195,0.6543586403131485,0.31075743585824966,0.48973830416798547
fine_control,43,three_hole_asymmetric,158,private-source://routeA_experiments/data/final_ood_frozen_v1/three_hole_asymmetric/sample_0158.npz,b7838937a002adfbc7581e42e80020a5cc8ff317b9ef609ec1903087a3d31c3e,0.0021647317335009575,0.09154225155508243,1.034871804164465,0.7856095731258392,0.441726497374475,0.60652808882296
fine_control,43,three_hole_asymmetric,159,private-source://routeA_experiments/data/final_ood_frozen_v1/three_hole_asymmetric/sample_0159.npz,7ec05d300291c51dfc519a7d08b75bd3be917f67a3673dfe18849f585f9f709e,0.0018267957493662834,0.1032704985633487,1.1000530396233037,1.1768177920021117,0.47474455926567316,0.6214800531044602
fine_control,43,three_hole_asymmetric,160,private-source://routeA_experiments/data/final_ood_frozen_v1/three_hole_asymmetric/sample_0160.npz,406b5d01c559ad3764a887df63a81ab6aeb54deb0e03ab5546863badf9a16f35,0.002076837234199047,0.09387593448139481,1.5509459403564252,0.8454503118991852,0.47542236134177074,0.684634515643119
fine_control,43,three_hole_asymmetric,161,private-source://routeA_experiments/data/final_ood_frozen_v1/three_hole_asymmetric/sample_0161.npz,e022a734e6aba3a7301b06bd77c79e73047ff290f57525b8dee053bdfa5b4988,0.0020900405943393707,0.0635312138603994,0.6143760923661598,0.6222313642501831,0.23016872722655535,0.34925059601664504
fine_control,43,three_hole_asymmetric,162,private-source://routeA_experiments/data/final_ood_frozen_v1/three_hole_asymmetric/sample_0162.npz,2b13f73876bba396b8fa67ab174be82ee1a554b9e4c19a3a7412ffc39aba0b13,0.0022405050694942474,0.06586113820346771,0.684612724394642,0.7677651643753052,0.2449046578258276,0.45611176937818526
fine_control,43,three_hole_asymmetric,163,private-source://routeA_experiments/data/final_ood_frozen_v1/three_hole_asymmetric/sample_0163.npz,e9b740089bb1f2d4e21a0999405d9bdba3a57bd51c7e58ea5ed47d11ee6595a2,0.0017293216660618782,0.07278397320471128,0.837606170766163,0.6829839050769806,0.29625378688797355,0.4722596425563096
fine_control,43,three_hole_asymmetric,164,private-source://routeA_experiments/data/final_ood_frozen_v1/three_hole_asymmetric/sample_0164.npz,9f206330bd07c9c4847fddf539ce746ee66390d885f3c33bc1d444adbbd318ac,0.001958386041224003,0.0932672319702901,0.8676235711536946,0.8676941730082035,0.4526141753885895,0.6977174675092098
fine_control,43,three_hole_asymmetric,165,private-source://routeA_experiments/data/final_ood_frozen_v1/three_hole_asymmetric/sample_0165.npz,59ec0f1c680bf9149906ed38b4dd3a4aa7612d7147f9c53c5dcfa06ecca43366,0.002074101008474827,0.10185441811157887,1.006132756622529,0.8831925950944424,0.49288862803950906,0.6807194568216799
fine_control,43,three_hole_asymmetric,166,private-source://routeA_experiments/data/final_ood_frozen_v1/three_hole_asymmetric/sample_0166.npz,acdabcd30120f1b891f11b4fee7490ecf1c73a42827cec6684949a026c1d238b,0.0017155734822154045,0.09830404214572255,1.0524551471923467,0.9258257932960987,0.4605464171618223,0.7715611559338859
fine_control,43,three_hole_asymmetric,167,private-source://routeA_experiments/data/final_ood_frozen_v1/three_hole_asymmetric/sample_0167.npz,2d64cbb7ed13e9d5493b3bcffc548a37e43f77cfe686d4bd90f395d9b3dedcd2,0.002046613022685051,0.09752588917006043,1.23455490285888,1.139771313406527,0.44311737635871395,0.6417352156247937
fine_control,43,three_hole_asymmetric,168,private-source://routeA_experiments/data/final_ood_frozen_v1/three_hole_asymmetric/sample_0168.npz,ce1811b3b58e1cf01845e9ffb4fac5caa62f765929be1337c8260c13d9b65d5d,0.001962275244295597,0.09690910738680318,1.5223531808510888,1.064053431757202,0.46719421200577926,0.7317325501979207
fine_control,43,three_hole_asymmetric,169,private-source://routeA_experiments/data/final_ood_frozen_v1/three_hole_asymmetric/sample_0169.npz,c8bdae4b5e47fcfb5a99f1ccde0ca1ecf2011b5c092fc8bd8e61595f8c50518c,0.002010796219110489,0.0992913127340974,1.3736014851839222,1.0324343726970255,0.48060962348245084,0.7410397864878178
fine_control,43,three_hole_asymmetric,170,private-source://routeA_experiments/data/final_ood_frozen_v1/three_hole_asymmetric/sample_0170.npz,33251f1d994ef521e7ed6646d939e7b5f6ae05ade833fce7f91910e3aa7b2d74,0.001825760118663311,0.09236715037791315,1.1695438540944711,1.1135791707783937,0.40346101857721806,0.6579299816861748
fine_control,43,three_hole_asymmetric,171,private-source://routeA_experiments/data/final_ood_frozen_v1/three_hole_asymmetric/sample_0171.npz,3304230b1d8bbdd9fc2dfda78714484a468749cddd223bba1c2dbf29c548831e,0.0020476048812270164,0.09493197809638594,0.9198722402103837,0.8468951135873795,0.4257538792153355,0.6997055850923061
fine_control,43,three_hole_asymmetric,172,private-source://routeA_experiments/data/final_ood_frozen_v1/three_hole_asymmetric/sample_0172.npz,a740cace37940a1e2252703d9381d4b9f3f3b166a52d68121a24aaca6473c237,0.0017397236078977585,0.08831731377993554,0.8835152894717925,0.8683917373418808,0.37417311407625675,0.6411653883755201
fine_control,43,three_hole_asymmetric,173,private-source://routeA_experiments/data/final_ood_frozen_v1/three_hole_asymmetric/sample_0173.npz,7fbe985e9871b0fea23dcd48b5658d0febd6965ccb34e4430a248d8ea7884c13,0.0022163130342960358,0.08340730126325539,1.085995260392138,1.0733309802599251,0.43715459550730884,0.5899038955569267
fine_control,43,three_hole_asymmetric,174,private-source://routeA_experiments/data/final_ood_frozen_v1/three_hole_asymmetric/sample_0174.npz,71542cbeea7c7322472596a11b9ea2cf6285893af2fd8caaacd78a77cf1d83fd,0.0022452231496572495,0.0861476163364815,0.9232412673138055,1.0966872854623944,0.4309133517090231,0.6823337556794277
fine_control,43,three_hole_asymmetric,175,private-source://routeA_experiments/data/final_ood_frozen_v1/three_hole_asymmetric/sample_0175.npz,0f2191f55e786a9cc0197b9d38b5849150523e7f0e95da026a8b7282892dd7e7,0.002183840610086918,0.10176476501066994,1.2588919022366882,1.1920530060306191,0.4814922343939543,0.7315844789147371
fine_control,43,three_hole_asymmetric,176,private-source://routeA_experiments/data/final_ood_frozen_v1/three_hole_asymmetric/sample_0176.npz,1d5d110e1725a11891d26e004b83d93d33e264f9f0cc612cea71237c93485c91,0.0018872907385230064,0.0834940001814403,0.7872944000146054,0.7916898541152477,0.39441192150115967,0.6297451276332137
fine_control,43,three_hole_asymmetric,177,private-source://routeA_experiments/data/final_ood_frozen_v1/three_hole_asymmetric/sample_0177.npz,491128641f9815a0257fe2c5da3e9ef510909b89c7efe14041aaf988dd54d374,0.002084776759147644,0.1021688886999858,1.2388194165611104,1.1300106663256884,0.4916018603980774,0.7714912232477213
fine_control,43,three_hole_asymmetric,178,private-source://routeA_experiments/data/final_ood_frozen_v1/three_hole_asymmetric/sample_0178.npz,8ad8976324d69fa900282a701c1176bec4bd066428ab6af4d07f98b6226c1440,0.002192343585193157,0.09157936278478988,0.9609797626856053,0.9596184678375721,0.4187754509039223,0.7365924309939144
fine_control,43,three_hole_asymmetric,179,private-source://routeA_experiments/data/final_ood_frozen_v1/three_hole_asymmetric/sample_0179.npz,ed3c4408215897e333b3a88a790f6b3b965edbc5f729ee1ca00b514638a22db3,0.002110349014401436,0.08827993456059138,0.7870385309459459,0.9778604842722416,0.4179789498448372,0.6173072457313535
fine_control,43,three_hole_asymmetric,180,private-source://routeA_experiments/data/final_ood_frozen_v1/three_hole_asymmetric/sample_0180.npz,026ec17f7ba5561155ad7d2d26d4b774202c9e9d3be82846603703294b1c6599,0.002126503735780716,0.08851139049659378,0.9805984961182135,0.822692334651947,0.3910970195720438,0.6529265083372592
fine_control,43,three_hole_asymmetric,181,private-source://routeA_experiments/data/final_ood_frozen_v1/three_hole_asymmetric/sample_0181.npz,ae31a16b8c81593e19306a84399bfd2a84ac55c7910ef8823c67abd4642aa2f6,0.002049834467470646,0.09331267248245037,1.0439737043655966,0.9787718281149864,0.39223374892026186,0.6512827166356143
fine_control,43,three_hole_asymmetric,182,private-source://routeA_experiments/data/final_ood_frozen_v1/three_hole_asymmetric/sample_0182.npz,3c898c6349f36f90b3d5a9fe1ea363190f3864ec9904027b2c82073b2f828008,0.0022338684648275375,0.07855629972084764,0.8355466722712451,0.7083726674318314,0.3253807444125414,0.5039515692740678
fine_control,43,three_hole_asymmetric,183,private-source://routeA_experiments/data/final_ood_frozen_v1/three_hole_asymmetric/sample_0183.npz,7960bd5136007fe9e53aaf26195ec050cd3f170be4ea0892e9c50801de1e2a57,0.0021192897111177444,0.09130625352033747,0.999242764643232,0.7267949806991965,0.43467509001493454,0.6132285982719622
fine_control,43,three_hole_asymmetric,184,private-source://routeA_experiments/data/final_ood_frozen_v1/three_hole_asymmetric/sample_0184.npz,d0af476fd13dfb1d250ce9a4ca56a9e4e7747143d266e251a2d3bed91fdc35c3,0.0023237457498908043,0.08811403767825174,0.8738921138449701,0.7393369674682617,0.44534990563988686,0.6026297390460966
fine_control,43,three_hole_asymmetric,185,private-source://routeA_experiments/data/final_ood_frozen_v1/three_hole_asymmetric/sample_0185.npz,825925d58976a37ca694d695a027e07bfbaaceb34012d307f2f1821037baf144,0.002080249600112438,0.08749859699353855,0.9616890684761912,0.8062393069267273,0.38583625108003616,0.6509380213916292
fine_control,43,three_hole_asymmetric,186,private-source://routeA_experiments/data/final_ood_frozen_v1/three_hole_asymmetric/sample_0186.npz,77e809def7ac8044a4e55b9ef623158afda39a6477b671e128605d4b47566db6,0.0022121714428067207,0.0957288247947456,1.3225467347297117,1.1988306159619242,0.4840691488934681,0.7065882872557261
fine_control,43,three_hole_asymmetric,187,private-source://routeA_experiments/data/final_ood_frozen_v1/three_hole_asymmetric/sample_0187.npz,d41acb81beffee4db9203e1cf0266797359f026ace1ea8ca9bcd6ccb1e2af128,0.001720895990729332,0.08252716037568265,0.9017021181270758,0.7118806950747967,0.3939015929354355,0.5568305134773253
fine_control,43,three_hole_asymmetric,188,private-source://routeA_experiments/data/final_ood_frozen_v1/three_hole_asymmetric/sample_0188.npz,0ee1d93b5b155a3545c539b9ebd208096d5da786ac320abbe96a9ddff30d88d7,0.0020607421174645424,0.08950797401709704,1.0587724295214163,1.0014693439006805,0.41346553480252624,0.5500506155192851
fine_control,43,three_hole_asymmetric,189,private-source://routeA_experiments/data/final_ood_frozen_v1/three_hole_asymmetric/sample_0189.npz,70be7056cd13692af26bab63a3df9b9a64678831ef39fdb9582375ceecca7edf,0.0021465104073286057,0.10124401146049314,1.4934100039508444,0.9350730958394706,0.5064750837918837,0.7142474218213462
fine_control,43,three_hole_asymmetric,190,private-source://routeA_experiments/data/final_ood_frozen_v1/three_hole_asymmetric/sample_0190.npz,a8c424ee2056e12af66d0be34289a252d77172e5cb127ec57c8550e3415ab90b,0.0021229833364486694,0.08209416765327637,0.9656922041426768,1.0301613747142255,0.3430751764572051,0.5723240852355954
fine_control,43,three_hole_asymmetric,191,private-source://routeA_experiments/data/final_ood_frozen_v1/three_hole_asymmetric/sample_0191.npz,26c2bd071beec9742e0a4f1e5466aa608a15434494059de80e606e4679fa8ed3,0.002033091150224209,0.0871403632439894,1.0169843027834307,1.0287547819316387,0.38538762045209296,0.7008116878569124
fine_control,43,three_hole_asymmetric,192,private-source://routeA_experiments/data/final_ood_frozen_v1/three_hole_asymmetric/sample_0192.npz,40d02fa0627c6deec298290103575257705efed18a0e5475ecaa7bf465aa9b99,0.002094769850373268,0.09534723831765875,0.9744472949697286,1.0632405616343021,0.45341805601492524,0.6689375869929787
fine_control,43,three_hole_asymmetric,193,private-source://routeA_experiments/data/final_ood_frozen_v1/three_hole_asymmetric/sample_0193.npz,e2291d430c4ed65b595a26a1bfd29617e6a29836d02a7642cee85cd276392050,0.0019992832094430923,0.10038668491844072,1.0569340569771573,0.8887356631457806,0.4779636242601555,0.7038071159273378
fine_control,43,three_hole_asymmetric,194,private-source://routeA_experiments/data/final_ood_frozen_v1/three_hole_asymmetric/sample_0194.npz,31e35937f5e42fb742834cdcb1fc165dd1ffc423ac83933409ddf9f346655de1,0.002123265527188778,0.10255223993338682,0.8944167369530953,1.0346510242670774,0.4787967167212628,0.7135934054851532
fine_control,43,three_hole_asymmetric,195,private-source://routeA_experiments/data/final_ood_frozen_v1/three_hole_asymmetric/sample_0195.npz,40442c552a2016d07c97d9c05bd7232ba672eeab612657250b9c7529d4f8fba5,0.0017082467675209045,0.08861191282815085,0.8555310482279253,1.1774293519556522,0.3897093268460594,0.6436528472229838
fine_control,43,three_hole_asymmetric,196,private-source://routeA_experiments/data/final_ood_frozen_v1/three_hole_asymmetric/sample_0196.npz,dd2106f958610c899c170e0e932d315a715401be9a89fd9bfb0ce4af7422b23f,0.002185570076107979,0.10502864925627348,1.124459892514713,0.9431541822850704,0.5047746787313372,0.8089325599372384
fine_control,43,three_hole_asymmetric,197,private-source://routeA_experiments/data/final_ood_frozen_v1/three_hole_asymmetric/sample_0197.npz,aa854427cd50f074116bdad2e4371e42c0402350e5d180482ef4c364d2ad2cf8,0.0022171959280967712,0.09012202720511905,0.8580270237548456,0.9390802253037691,0.39298783685080707,0.7012806076090783
fine_control,43,three_hole_asymmetric,198,private-source://routeA_experiments/data/final_ood_frozen_v1/three_hole_asymmetric/sample_0198.npz,f829be15d56c832505226b17681dbe66656bc2100714eb438d609a588f6574fe,0.002146545797586441,0.06390550255211104,0.6072863543322841,0.8486016020178795,0.2856038622558117,0.4674351233988999
fine_control,43,three_hole_asymmetric,199,private-source://routeA_experiments/data/final_ood_frozen_v1/three_hole_asymmetric/sample_0199.npz,52333eb8bbb0f95e069bd2d38db9cab28b55c6f86387da7cd28a27818fe1041a,0.0020703766494989395,0.07981660546921264,0.7742648983550666,0.7447244375944138,0.32500541585613973,0.5452578648924827
