model,training_seed,shape,sample_id,sample_file,sample_sha256,inference_seconds,mae,relative_l2,max_abs_error,p95_abs_error,p99_abs_error
residual_v2,44,polygonal_holes,0,private-source://routeA_experiments/data/prospective_ood_rd_hddm_alpha001_v2/polygonal_holes/sample_0000.npz,2813ec3127ac6b2d6e5ea2bdec57dc3842288d486f16a3ac630d975e79544104,0.005622418597340584,0.06312360489762256,0.9588236100279357,0.9792582392692566,0.26352562587708217,0.7168607364594937
residual_v2,44,polygonal_holes,1,private-source://routeA_experiments/data/prospective_ood_rd_hddm_alpha001_v2/polygonal_holes/sample_0001.npz,9d77838f7901837e5e6668df3993510bb8ecebaae9c24dafd7c33dd27713ca91,0.006139724515378475,0.054982399807466636,0.5100780807457748,0.5581192672252655,0.2860809676349163,0.44575160324573504
residual_v2,44,polygonal_holes,2,private-source://routeA_experiments/data/prospective_ood_rd_hddm_alpha001_v2/polygonal_holes/sample_0002.npz,64d684a0c62d3af4e0e79525c5a8144d60264714c3b90c3683941cb3669199db,0.005458683706820011,0.06912882080785178,0.8546566952680451,0.8873708248138428,0.35187238864600656,0.7550624583661555
residual_v2,44,polygonal_holes,3,private-source://routeA_experiments/data/prospective_ood_rd_hddm_alpha001_v2/polygonal_holes/sample_0003.npz,cee6732562ef0f85cfd1d4207fb826b90bc31335f8fdf22bc7991a2b2d3e3818,0.0061290450394153595,0.04843397434688465,0.531313856120507,0.7427552044391632,0.26137295663356763,0.6425009775161743
residual_v2,44,polygonal_holes,4,private-source://routeA_experiments/data/prospective_ood_rd_hddm_alpha001_v2/polygonal_holes/sample_0004.npz,f922f8aa230eb7f988651778a187a8f75ff947a239987aa900cd3c050a887ec0,0.0054157087579369545,0.058321109827011115,0.686411246268317,0.8050546050071716,0.29009065032005266,0.637536987811327
residual_v2,44,polygonal_holes,5,private-source://routeA_experiments/data/prospective_ood_rd_hddm_alpha001_v2/polygonal_holes/sample_0005.npz,7aa5ae995dda3a749c78e6b8b3aff037f07301dbda012f49af7c1983a95fd554,0.006190676242113113,0.0531858660042712,0.9405481233581438,0.869270920753479,0.23450557561591262,0.5760310970991849
residual_v2,44,polygonal_holes,6,private-source://routeA_experiments/data/prospective_ood_rd_hddm_alpha001_v2/polygonal_holes/sample_0006.npz,a2ab3adff33e2b825261f9f156651d6d226b45d7900ef8697f84935c734df80a,0.006094464100897312,0.038459054435909364,0.4063562930705755,0.5675848722457886,0.1846460647881031,0.37402809590101244
residual_v2,44,polygonal_holes,7,private-source://routeA_experiments/data/prospective_ood_rd_hddm_alpha001_v2/polygonal_holes/sample_0007.npz,b504795f95e5481635b933ab900699fe66f38076ab5132e6b57a48c641abbf2b,0.006132330745458603,0.05697689470484513,0.6746150975012807,0.7109575867652893,0.21464067250490187,0.5345637026429176
residual_v2,44,polygonal_holes,8,private-source://routeA_experiments/data/prospective_ood_rd_hddm_alpha001_v2/polygonal_holes/sample_0008.npz,b93c334e8e48c8fd6d52b05cd3ff40f15d4f5cc62702a435f3e0247d6b59a334,0.006137937307357788,0.04084670254342503,0.5111203539842863,0.633517324924469,0.24623531401157372,0.5640426644682884
residual_v2,44,polygonal_holes,9,private-source://routeA_experiments/data/prospective_ood_rd_hddm_alpha001_v2/polygonal_holes/sample_0009.npz,f2ef70e3326ae2f2447ff2754173f923c307e7972ebbe15dd38aabeb5f047c49,0.006174527108669281,0.05989585091874953,0.5905027990172846,0.6446857452392578,0.3008460432291031,0.44231460079550744
residual_v2,44,polygonal_holes,10,private-source://routeA_experiments/data/prospective_ood_rd_hddm_alpha001_v2/polygonal_holes/sample_0010.npz,0078bb96d0f452027931ba3a5cabdd927aa298f7c3cb3cc2d89e7cb23acaf539,0.006146683357656002,0.05245451978523227,0.5355245415463039,0.6442712843418121,0.2664702393114566,0.5114467662572859
residual_v2,44,polygonal_holes,11,private-source://routeA_experiments/data/prospective_ood_rd_hddm_alpha001_v2/polygonal_holes/sample_0011.npz,9ee5588e761180b233891dd5a6f16fa8ca4f4c5906cdb841e4c8020cee441584,0.0061479415744543076,0.038075141458386697,0.3097508858618669,0.4263264983892441,0.1759753376245498,0.29387409150600435
residual_v2,44,polygonal_holes,12,private-source://routeA_experiments/data/prospective_ood_rd_hddm_alpha001_v2/polygonal_holes/sample_0012.npz,9cdd74ea7cb7425efc2f3f4d80c0363bd50ea50709fe03b3d060f71ff605dd84,0.006327196955680847,0.05036928070739451,0.5645442671659685,0.7721874713897705,0.24770648479461663,0.5449525761604309
residual_v2,44,polygonal_holes,13,private-source://routeA_experiments/data/prospective_ood_rd_hddm_alpha001_v2/polygonal_holes/sample_0013.npz,7ee1a4ed3ed8a784612d742e8ed75f38441bf2f5701f264e582c39a5158ad1ce,0.0062888916581869125,0.05251274398864325,0.5064527098879595,0.46150481700897217,0.21814041510224338,0.3674345344305038
residual_v2,44,polygonal_holes,14,private-source://routeA_experiments/data/prospective_ood_rd_hddm_alpha001_v2/polygonal_holes/sample_0014.npz,d1818732f452567ad0ecd2f58c757bb8290572b117528bb1e5aaefa970313cc6,0.0062640076503157616,0.05921276035668029,0.7316650390109496,0.8680416345596313,0.34232997894287087,0.7495286667346954
residual_v2,44,polygonal_holes,15,private-source://routeA_experiments/data/prospective_ood_rd_hddm_alpha001_v2/polygonal_holes/sample_0015.npz,445b87e8c24a47bfb4d118389ef483a360b0d5074dc815ae35513aab4a27864d,0.006132740527391434,0.06731489054165851,0.7800608227412386,0.8190151453018188,0.3076657623052596,0.6952717012166977
residual_v2,44,polygonal_holes,16,private-source://routeA_experiments/data/prospective_ood_rd_hddm_alpha001_v2/polygonal_holes/sample_0016.npz,1a99ec371d63848f62228b959ed0924574356c0cccfdd1260268c8dfa0c9cdb0,0.006311962381005287,0.06754055417893112,1.1821747615023785,0.9104913920164108,0.2841723213670775,0.6428412412852046
residual_v2,44,polygonal_holes,17,private-source://routeA_experiments/data/prospective_ood_rd_hddm_alpha001_v2/polygonal_holes/sample_0017.npz,0cdbf63c17b90ff3b3512ee0966f5d174bfb3232348a9e49b05f2d9ee4d89a26,0.006156462244689465,0.05523417705396873,0.6142140509687725,0.7187771797180176,0.268756382167339,0.5857788962125777
residual_v2,44,polygonal_holes,18,private-source://routeA_experiments/data/prospective_ood_rd_hddm_alpha001_v2/polygonal_holes/sample_0018.npz,47317c8f9d3ed8f1a54c8b96ba91af510560b8aa7f805ade7143c1d16ca55e66,0.006175006739795208,0.04721021671003301,0.4248192633843293,0.6204026341438293,0.22235264554619785,0.3736732171103358
residual_v2,44,polygonal_holes,19,private-source://routeA_experiments/data/prospective_ood_rd_hddm_alpha001_v2/polygonal_holes/sample_0019.npz,14a537fef9ee78090f18c68c7c2bb65ef6d197ce349231291c03aa4206e7dbef,0.006231188774108887,0.057812969557832806,0.7567176787528179,0.8456023633480072,0.3134153533726929,0.661108598411083
residual_v2,44,polygonal_holes,20,private-source://routeA_experiments/data/prospective_ood_rd_hddm_alpha001_v2/polygonal_holes/sample_0020.npz,7c814a3de56a037a81fd975f53b5567efeb9d9662b615203546bc0899290fd90,0.006277313455939293,0.03565928054021419,0.3065434993915244,0.3479882478713989,0.1668245770037174,0.2719039462506771
residual_v2,44,polygonal_holes,21,private-source://routeA_experiments/data/prospective_ood_rd_hddm_alpha001_v2/polygonal_holes/sample_0021.npz,8ce53160fe69d5b6413cde92d321f24dc4d1d44cc5f0f2a3eca07d60a4da1104,0.006316260434687138,0.06626913025725267,0.6612006700077789,0.6129128932952881,0.3180883936583994,0.5093701714277267
residual_v2,44,polygonal_holes,22,private-source://routeA_experiments/data/prospective_ood_rd_hddm_alpha001_v2/polygonal_holes/sample_0022.npz,ebe02bed5b22de6ec65b6c54aaa34f7a9e9daf45fb56c3455386ee7beeca83bd,0.006191879510879517,0.06156111959469683,0.8319705263356896,0.9041793048381805,0.33391409739851946,0.722143093496561
residual_v2,44,polygonal_holes,23,private-source://routeA_experiments/data/prospective_ood_rd_hddm_alpha001_v2/polygonal_holes/sample_0023.npz,d6cabc05bb35909896ec365f876db62334e617b13b08c9e40694e2791b0db121,0.006340249441564083,0.052128422854273396,0.5888723641504815,0.6878074407577515,0.3004734702408313,0.574304282069206
residual_v2,44,polygonal_holes,24,private-source://routeA_experiments/data/prospective_ood_rd_hddm_alpha001_v2/polygonal_holes/sample_0024.npz,cc607c6b4a44a20de7c0d072b11d3585668469f46fe26a9e5a4601a8839b18e3,0.006276486441493034,0.06426150122670202,0.8196770800379887,0.8487552404403687,0.25628493875265107,0.637356933504343
residual_v2,44,polygonal_holes,25,private-source://routeA_experiments/data/prospective_ood_rd_hddm_alpha001_v2/polygonal_holes/sample_0025.npz,6624bf5fe6d196079fb76fb31c85860e096a142c03b130cd1e70002ae755b942,0.006358589977025986,0.06841109136857255,0.6917546874355264,0.7134931981563568,0.3072016887366771,0.5798536723852157
residual_v2,44,polygonal_holes,26,private-source://routeA_experiments/data/prospective_ood_rd_hddm_alpha001_v2/polygonal_holes/sample_0026.npz,c98d8e8d3d0a88d1da87415faeb5bf9178e88e1f30adc9ecf7cd6cf0dbd9277f,0.0063391560688614845,0.06181597326825015,0.5412069752542532,0.5859934985637665,0.24550198595970862,0.42585181057453153
residual_v2,44,polygonal_holes,27,private-source://routeA_experiments/data/prospective_ood_rd_hddm_alpha001_v2/polygonal_holes/sample_0027.npz,a8830b8166a10f61db4814b54f56ca4808e3c93da85d47b565e4eddec6598b7d,0.006322634406387806,0.04103018347513777,0.4619404005345592,0.6756530702114105,0.19199783504009188,0.4603354027867317
residual_v2,44,polygonal_holes,28,private-source://routeA_experiments/data/prospective_ood_rd_hddm_alpha001_v2/polygonal_holes/sample_0028.npz,7a7df2263baaa71cbccf62f82307a4ec9364e586142fc46aecffcb33cae7cae8,0.006263702176511288,0.04429945620935465,0.5418712728761648,0.6902288198471069,0.2355712741613387,0.49970398873090743
residual_v2,44,polygonal_holes,29,private-source://routeA_experiments/data/prospective_ood_rd_hddm_alpha001_v2/polygonal_holes/sample_0029.npz,1792cfc778015639447d8549da9e8e6ae065b2de6e8a35808550ab1f2eaa6d12,0.006270631216466427,0.036726766543241765,0.5337548599422515,0.6486164927482605,0.18138923831284023,0.5338751149177551
residual_v2,44,polygonal_holes,30,private-source://routeA_experiments/data/prospective_ood_rd_hddm_alpha001_v2/polygonal_holes/sample_0030.npz,0361f263ac7c96ee87583959a04a88d5d85ed0d0bf6e7d378681151774f385f2,0.006126288324594498,0.04386077749965529,0.4859584104319994,0.5849984586238861,0.22558925002813338,0.4800325378775595
residual_v2,44,polygonal_holes,31,private-source://routeA_experiments/data/prospective_ood_rd_hddm_alpha001_v2/polygonal_holes/sample_0031.npz,05f616ed447a9ab8e71b77b9398fe7f5bdca3822ed0cb7c0b89a4802fff7e34a,0.0064202407374978065,0.07506291451434408,0.7315739089604323,0.7524975836277008,0.3233954541385173,0.5670776122808455
residual_v2,44,polygonal_holes,32,private-source://routeA_experiments/data/prospective_ood_rd_hddm_alpha001_v2/polygonal_holes/sample_0032.npz,b84ee66df3e51a313acfa70a8d8f17e55d0f28293bfc848be6da74369c6efe7e,0.006145882420241833,0.04599967107049957,0.511697531026143,0.8060103058815002,0.23757584840059276,0.604975238442421
residual_v2,44,polygonal_holes,33,private-source://routeA_experiments/data/prospective_ood_rd_hddm_alpha001_v2/polygonal_holes/sample_0033.npz,daa13b8f28a70003a1c8a3b22cc6fb6ba7cd514feb1f0dde8861d77cced138db,0.006322784349322319,0.05782399776984704,0.7097756035498853,0.7589536011219025,0.32206938043236716,0.6434337010979653
residual_v2,44,polygonal_holes,34,private-source://routeA_experiments/data/prospective_ood_rd_hddm_alpha001_v2/polygonal_holes/sample_0034.npz,f1007728ae6fc8cc7b887f70cb682b003162557fe09bc505313c9852da9b0395,0.00615355558693409,0.06826188710815372,0.7436242350993563,0.7491483986377716,0.31189629435539246,0.5739750918745995
residual_v2,44,polygonal_holes,35,private-source://routeA_experiments/data/prospective_ood_rd_hddm_alpha001_v2/polygonal_holes/sample_0035.npz,74480bc8be2b0c3f792eeafe7931aa43f6eabf7fab66f1f8889ff83f9343aacf,0.006217570975422859,0.04751697956914793,0.46020592619884665,0.47398170828819275,0.25674077495932573,0.40663247331976893
residual_v2,44,polygonal_holes,36,private-source://routeA_experiments/data/prospective_ood_rd_hddm_alpha001_v2/polygonal_holes/sample_0036.npz,d380cc325dc38fac34101ad898621f7a706e5ef3145fb50b48cd8a3550e915f6,0.006156561896204948,0.04269623094058311,0.4257737845898751,0.5879743993282318,0.19669166514649986,0.4379948988556861
residual_v2,44,polygonal_holes,37,private-source://routeA_experiments/data/prospective_ood_rd_hddm_alpha001_v2/polygonal_holes/sample_0037.npz,562b92269c11eb7a4d6d2b96c70e8334d3b1e90f788bd3d9e801d09a075eee3a,0.006319231353700161,0.05960858220650762,1.0432456931237595,0.9332346767187119,0.24866731048095966,0.5838114513456821
residual_v2,44,polygonal_holes,38,private-source://routeA_experiments/data/prospective_ood_rd_hddm_alpha001_v2/polygonal_holes/sample_0038.npz,ad000ee37c0e1a9ba734e4dd9459946f4b3df5f603b980b12d442bca1f8ed9f9,0.006150953471660614,0.05667642384052126,0.5584107692467931,0.6240452527999878,0.2552254781126975,0.46491346269845957
residual_v2,44,polygonal_holes,39,private-source://routeA_experiments/data/prospective_ood_rd_hddm_alpha001_v2/polygonal_holes/sample_0039.npz,522d3ecbc2d9edc149dc3f03b6cf36d68fca66badfbb0f6dd3482d5e5f254b68,0.006188924424350262,0.059261983774812406,0.5541784354424972,0.641327753663063,0.27672305684536685,0.5414241639524698
residual_v2,44,polygonal_holes,40,private-source://routeA_experiments/data/prospective_ood_rd_hddm_alpha001_v2/polygonal_holes/sample_0040.npz,254ab846e9a8b91265cad089e47a668ba206ceeb02e23540aaf1b8dded5c5277,0.006123571656644344,0.04948520372720471,0.6343594065419935,0.7587089538574219,0.255440428853035,0.5443377114832401
residual_v2,44,polygonal_holes,41,private-source://routeA_experiments/data/prospective_ood_rd_hddm_alpha001_v2/polygonal_holes/sample_0041.npz,8c7f049970c19d0bf9df6a56540e33a405e9b6f637a802fc3a679bd78cbd2f7b,0.006143246777355671,0.05553183169189396,0.5613676417162032,0.5985768139362335,0.2600067414343357,0.48738441497087476
residual_v2,44,polygonal_holes,42,private-source://routeA_experiments/data/prospective_ood_rd_hddm_alpha001_v2/polygonal_holes/sample_0042.npz,6d8ce4ad2a0fbe386141c305df0df82390863da91466b3772de47905aac327ac,0.006166395731270313,0.06427082549519317,0.7508602042619111,0.8240471929311752,0.3204916141927242,0.6520147432386875
residual_v2,44,polygonal_holes,43,private-source://routeA_experiments/data/prospective_ood_rd_hddm_alpha001_v2/polygonal_holes/sample_0043.npz,cce44f1d73fbe7f76182aa7fd07a69f90b93524ef2f5d7c4c6a1bb4566cb8ff9,0.006281551904976368,0.06830535871868,0.8709706798509897,0.9278140366077423,0.28666593842208377,0.655178019404411
residual_v2,44,polygonal_holes,44,private-source://routeA_experiments/data/prospective_ood_rd_hddm_alpha001_v2/polygonal_holes/sample_0044.npz,ae4b89782186c636597bbf28ff74a3d03e0c2dbac42260653f9d140ab9229119,0.0062671322375535965,0.04120829956630587,0.3750173890517729,0.4811498820781708,0.20221262425184233,0.3842655658721923
residual_v2,44,polygonal_holes,45,private-source://routeA_experiments/data/prospective_ood_rd_hddm_alpha001_v2/polygonal_holes/sample_0045.npz,1777cf5189ac8f43461ae20e5ef1f4c739e91a493823c36ad21eedc9d1d3abf4,0.006329674273729324,0.050919894659660306,0.5982037874255229,0.6878952980041504,0.22493586701311863,0.5470620381832122
residual_v2,44,polygonal_holes,46,private-source://routeA_experiments/data/prospective_ood_rd_hddm_alpha001_v2/polygonal_holes/sample_0046.npz,cc55794e1940c234f9da149d83ee01ead8d8277520e38b89220b19e02e70f238,0.006362800486385822,0.06084741864216764,1.0898644684943073,0.8285449147224426,0.2717876626411453,0.6230466766655444
residual_v2,44,polygonal_holes,47,private-source://routeA_experiments/data/prospective_ood_rd_hddm_alpha001_v2/polygonal_holes/sample_0047.npz,7f42f867baf3b1c126f27ae2157ef3dd2a34a07d8d1a1f5aead8d062722664f9,0.006151696667075157,0.05531107152908746,0.609245249381504,0.6984431594610214,0.27572441697120664,0.5890173153579235
residual_v2,44,polygonal_holes,48,private-source://routeA_experiments/data/prospective_ood_rd_hddm_alpha001_v2/polygonal_holes/sample_0048.npz,6e05df606b756d9cfd5f6305cc0eac033208a8444ad64ad8e48815757862935e,0.006318388506770134,0.0597251739229773,0.8428157257232434,0.8259413540363312,0.30489297918975333,0.6192107588052748
residual_v2,44,polygonal_holes,49,private-source://routeA_experiments/data/prospective_ood_rd_hddm_alpha001_v2/polygonal_holes/sample_0049.npz,8e60acf35c436ea7681e8f6ecb99e7889c6309505da38ab1a1de5fdd50c8d25a,0.005536247976124287,0.04634166988183884,0.4885649437697946,0.49134498834609985,0.2330454293638465,0.41019148051738735
residual_v2,44,polygonal_holes,50,private-source://routeA_experiments/data/prospective_ood_rd_hddm_alpha001_v2/polygonal_holes/sample_0050.npz,67ff652aacb37c18501691c8d65846f7fd6786aa6ab39d47d601c53560a81ffb,0.006262453272938728,0.04927107100649765,0.5643294759486792,0.7343265116214752,0.27458522021770454,0.5701996898651123
residual_v2,44,polygonal_holes,51,private-source://routeA_experiments/data/prospective_ood_rd_hddm_alpha001_v2/polygonal_holes/sample_0051.npz,d178ebe9f5d54994c88f44993765bce335075010cff7e29e1ff0070188cd3350,0.006193417124450207,0.06536445554287797,1.1196910286473982,0.8960198536515236,0.2695793801511171,0.6991167891025543
residual_v2,44,polygonal_holes,52,private-source://routeA_experiments/data/prospective_ood_rd_hddm_alpha001_v2/polygonal_holes/sample_0052.npz,a3a862fcadf321c577317885abc8e5b33930f4e0f1c7fe81f71f61e570dec552,0.005244279280304909,0.04272819915364001,0.6120482066229692,0.7376872301101685,0.18230492472648618,0.49267108604311943
residual_v2,44,polygonal_holes,53,private-source://routeA_experiments/data/prospective_ood_rd_hddm_alpha001_v2/polygonal_holes/sample_0053.npz,ab5fddb822d6b9316b54ab76c4527ea073e575a3e421c7d3825dddaa22fc27e5,0.0062063997611403465,0.055914706280850116,0.8660037454174944,0.9156953990459442,0.22586890412494537,0.7182824008166789
residual_v2,44,polygonal_holes,54,private-source://routeA_experiments/data/prospective_ood_rd_hddm_alpha001_v2/polygonal_holes/sample_0054.npz,a1022a21b18e6e40b38eb55a0b8587d544f733833a4d7f12d4de108015563cc3,0.006241295486688614,0.04898535066104501,0.3857402530607493,0.4508095383644104,0.21760141663253288,0.33289612382650374
residual_v2,44,polygonal_holes,55,private-source://routeA_experiments/data/prospective_ood_rd_hddm_alpha001_v2/polygonal_holes/sample_0055.npz,4365d7d047747c0c5587594149f7905cf8d0fbc2fc11cdade3a1001f8d10a489,0.005478433333337307,0.06329623674840781,0.8784885280648752,0.914976954460144,0.3289082288742065,0.7632640773057933
residual_v2,44,polygonal_holes,56,private-source://routeA_experiments/data/prospective_ood_rd_hddm_alpha001_v2/polygonal_holes/sample_0056.npz,c64e194ceeb73588bea71d967fed493a69e7f31422958700a5a894c51dad8af4,0.005233382806181908,0.06760968443281601,0.7304081694464917,0.6856435239315033,0.3034439273178577,0.5529922336339951
residual_v2,44,polygonal_holes,57,private-source://routeA_experiments/data/prospective_ood_rd_hddm_alpha001_v2/polygonal_holes/sample_0057.npz,b7ec701204ebf0f91ed0f653ab9750798681ad55c0be7bccc78661334dd8a05a,0.0063058966770768166,0.06015303099988848,1.0146738123530517,0.9109260141849518,0.23548288047313687,0.7209609779715538
residual_v2,44,polygonal_holes,58,private-source://routeA_experiments/data/prospective_ood_rd_hddm_alpha001_v2/polygonal_holes/sample_0058.npz,d7d338d7ed7396d7013682fdeda699683e01e2e0a6b355ea8245cd50209f5837,0.005262915976345539,0.051939580674921014,0.6696431992206826,0.7766503095626831,0.3229670599102974,0.6628313022851944
residual_v2,44,polygonal_holes,59,private-source://routeA_experiments/data/prospective_ood_rd_hddm_alpha001_v2/polygonal_holes/sample_0059.npz,520dc2e58678e87e5e0b109e52f119bf6f1955d7aa102dba7f2e2aa5f6870b26,0.006295265629887581,0.04464932091344609,0.5334050419169147,0.6411882042884827,0.18964714631438254,0.43021080344915386
residual_v2,44,polygonal_holes,60,private-source://routeA_experiments/data/prospective_ood_rd_hddm_alpha001_v2/polygonal_holes/sample_0060.npz,65f37cdde81f35866d4ad5d443aea651ab7719a2aeaeacecb6c6f004e4a9a519,0.0061661601066589355,0.058160806879680976,0.7709220367647784,0.8585244566202164,0.2831815674901008,0.6724773059785366
residual_v2,44,polygonal_holes,61,private-source://routeA_experiments/data/prospective_ood_rd_hddm_alpha001_v2/polygonal_holes/sample_0061.npz,7743695b88cdc254e55b4fad952747f08a99a59b47940f19b05996b3aacfdd4f,0.005266035906970501,0.074316293965743,0.8645369135182115,0.8336436748504639,0.3090055078268046,0.6820755991339683
residual_v2,44,polygonal_holes,62,private-source://routeA_experiments/data/prospective_ood_rd_hddm_alpha001_v2/polygonal_holes/sample_0062.npz,277f1102a42eb919881a684fdf02f8fe32f35c413c403026302cd12d4097853a,0.005388486199080944,0.05878885620339285,0.5785103802747323,0.7536780536174774,0.2765556454658507,0.5796950423717498
residual_v2,44,polygonal_holes,63,private-source://routeA_experiments/data/prospective_ood_rd_hddm_alpha001_v2/polygonal_holes/sample_0063.npz,6d764776066ab82c5cc65c85d8e8609d9930055835d54417aa78c6b4a6b03531,0.0062841447070240974,0.06697359666482763,0.904060578020724,0.8641298413276672,0.3153425849974154,0.7351244658976792
residual_v2,44,polygonal_holes,64,private-source://routeA_experiments/data/prospective_ood_rd_hddm_alpha001_v2/polygonal_holes/sample_0064.npz,faf90b633e638b9635077cf9b6ad138791b71dcf9f9c87c2643fdaa9321e9469,0.006137427873909473,0.042961298778676375,0.5019098307413149,0.6131525635719299,0.2549967572093009,0.4950325870513916
residual_v2,44,polygonal_holes,65,private-source://routeA_experiments/data/prospective_ood_rd_hddm_alpha001_v2/polygonal_holes/sample_0065.npz,5a1f909a1a33de701ff5e43850c8a0f624f0fe67bb2628856e8b2ff716aa4d8f,0.005256137810647488,0.05297515740899043,0.5731286724866805,0.8233742713928223,0.241658329963684,0.5477789950370788
residual_v2,44,polygonal_holes,66,private-source://routeA_experiments/data/prospective_ood_rd_hddm_alpha001_v2/polygonal_holes/sample_0066.npz,231255ce916639b7963636d7ecd7e8496e2daf50b0681c71f8c26d117d19a6a3,0.006142680533230305,0.06213904778315383,0.6568605794239445,0.783191442489624,0.28648612834513165,0.6132736918330192
residual_v2,44,polygonal_holes,67,private-source://routeA_experiments/data/prospective_ood_rd_hddm_alpha001_v2/polygonal_holes/sample_0067.npz,2ea120f390b13387af7e81bbf689609188cf789c089380be9954a01ab04383ce,0.0052716853097081184,0.04720105079813645,0.7582970348126472,0.9310130029916763,0.19460657760500907,0.612515504360199
residual_v2,44,polygonal_holes,68,private-source://routeA_experiments/data/prospective_ood_rd_hddm_alpha001_v2/polygonal_holes/sample_0068.npz,99dcf586e3c772fa34c409836b87dba473578ad4267323fe4c1021c49bea2156,0.006125378422439098,0.07435387034476006,0.6738598757797002,0.545847624540329,0.358371851965785,0.4590985095500946
residual_v2,44,polygonal_holes,69,private-source://routeA_experiments/data/prospective_ood_rd_hddm_alpha001_v2/polygonal_holes/sample_0069.npz,371011e0087841ce62fd475615c1487b9008b14cc2c8239b698c21a3f404f4ae,0.005248561501502991,0.0546847292296185,0.47786693290803833,0.6455973982810974,0.2679374814033508,0.4558911481499672
residual_v2,44,polygonal_holes,70,private-source://routeA_experiments/data/prospective_ood_rd_hddm_alpha001_v2/polygonal_holes/sample_0070.npz,76a38f00a38c09a4a5e0ce282801ee31b62717ad9405afde4dfaded58ac68adf,0.005294089205563068,0.061024353561807,0.602679683192663,0.6143417358398438,0.24803975149989124,0.4717445874214172
residual_v2,44,polygonal_holes,71,private-source://routeA_experiments/data/prospective_ood_rd_hddm_alpha001_v2/polygonal_holes/sample_0071.npz,725f819b9cff979f22d3fb2826bbeb093e79eac51bc6aeeece1bf9cca9411e3c,0.006259376183152199,0.06614799604039547,0.6106513673107202,0.7359375953674316,0.32251255065202705,0.5396810379624367
residual_v2,44,polygonal_holes,72,private-source://routeA_experiments/data/prospective_ood_rd_hddm_alpha001_v2/polygonal_holes/sample_0072.npz,29b11ddc75faadb72de6975449a2b31a3d5383776b7675881284f27b7dca3cab,0.006237194873392582,0.05292791442223663,0.5387186262495779,0.6205767095088959,0.24569590091705312,0.5414007583260535
residual_v2,44,polygonal_holes,73,private-source://routeA_experiments/data/prospective_ood_rd_hddm_alpha001_v2/polygonal_holes/sample_0073.npz,1ab85a6c8ae26e0fbf4793862ad906cb7254045320b5796aeaa896f42f2bacd4,0.005264470353722572,0.06273413910477554,0.641363958675826,0.7338092029094696,0.2987963669002054,0.5682754820585251
residual_v2,44,polygonal_holes,74,private-source://routeA_experiments/data/prospective_ood_rd_hddm_alpha001_v2/polygonal_holes/sample_0074.npz,bacd1d3e820fbf01f8d4acce5297dc3b9f8dc25652253988c73470e23a9f8ac1,0.006192577071487904,0.061610046512691446,0.7969527494506854,0.8192262649536133,0.30412819981574973,0.6472221565246581
residual_v2,44,polygonal_holes,75,private-source://routeA_experiments/data/prospective_ood_rd_hddm_alpha001_v2/polygonal_holes/sample_0075.npz,3287c7e51fa026555fd19d375af6e3d4cc8cc42fa1205cc3bfc8cd6cf1579cd3,0.005265018902719021,0.04085940804660721,0.39042281300953835,0.45624470710754395,0.18816394628956912,0.33340462803840637
residual_v2,44,polygonal_holes,76,private-source://routeA_experiments/data/prospective_ood_rd_hddm_alpha001_v2/polygonal_holes/sample_0076.npz,574f2300d179a3831f3582318cd7b95acfd3405093d6a47af47ad93d2178f2e1,0.006152687594294548,0.05774094904419657,0.9851105204955655,0.7759852409362793,0.23556239847093818,0.5640405777096748
residual_v2,44,polygonal_holes,77,private-source://routeA_experiments/data/prospective_ood_rd_hddm_alpha001_v2/polygonal_holes/sample_0077.npz,4376fb3c5dd37b190c566754832a3e3ba85331c8e3e4f837d406cdef3bfffa17,0.005260130390524864,0.06973682383156857,0.743294481428482,0.7849250733852386,0.28541592285037015,0.6133437751233577
residual_v2,44,polygonal_holes,78,private-source://routeA_experiments/data/prospective_ood_rd_hddm_alpha001_v2/polygonal_holes/sample_0078.npz,ae2f838a41311b1cab760c47b71bb43be39b91fa594b946c3571522b2c1a813d,0.005271609872579575,0.05880716647777111,0.553447869046199,0.6973248720169067,0.25732043236494057,0.5079382109642029
residual_v2,44,polygonal_holes,79,private-source://routeA_experiments/data/prospective_ood_rd_hddm_alpha001_v2/polygonal_holes/sample_0079.npz,adbb28bf9488acd23de73cd9711ec3b2e05ffc6733eb9f5e5d052cf61e664a70,0.005258133634924889,0.059967664314281896,0.8608535172053825,0.8791722059249878,0.2656588006648235,0.6279032011330127
residual_v2,44,polygonal_holes,80,private-source://routeA_experiments/data/prospective_ood_rd_hddm_alpha001_v2/polygonal_holes/sample_0080.npz,4a47f541a2cd868c83938f15092e28469ad5819a5b3e93180979feb578a2ce05,0.006394471041858196,0.05112624509182979,0.4923409114399413,0.544756293296814,0.25648135021328927,0.4099851298332214
residual_v2,44,polygonal_holes,81,private-source://routeA_experiments/data/prospective_ood_rd_hddm_alpha001_v2/polygonal_holes/sample_0081.npz,4d25b3696b4e9ae0a17a8594fbd72f84735c32ee8f1f0b28d6a67a85a3343360,0.005278044380247593,0.06660326891629846,0.981037663060572,0.982520118355751,0.3276881108060477,0.7588861000537872
residual_v2,44,polygonal_holes,82,private-source://routeA_experiments/data/prospective_ood_rd_hddm_alpha001_v2/polygonal_holes/sample_0082.npz,a6c4e742890618c770a2aba2764df55ef3584d9cf57866efbbc096b98dec6a48,0.00623930711299181,0.05687461897945291,0.6346950803032246,0.894195169210434,0.2877071052789687,0.6137790828943253
residual_v2,44,polygonal_holes,83,private-source://routeA_experiments/data/prospective_ood_rd_hddm_alpha001_v2/polygonal_holes/sample_0083.npz,b8eeb414ab12e5fe35f84aa19979bdbca0f1a1f75eeb25da9aad6a52d8cbeb30,0.00621709693223238,0.05316637410487548,0.4622134773969481,0.5897709429264069,0.2167894523590802,0.4200088191032409
residual_v2,44,polygonal_holes,84,private-source://routeA_experiments/data/prospective_ood_rd_hddm_alpha001_v2/polygonal_holes/sample_0084.npz,67deca7af2005178ad0c93d16ab381b5a3df2ac09b8b5738e4fc2773a2546f62,0.006223924458026886,0.05870286673097528,0.6237854725570413,0.7590756416320801,0.31790746599435793,0.673269070982933
residual_v2,44,polygonal_holes,85,private-source://routeA_experiments/data/prospective_ood_rd_hddm_alpha001_v2/polygonal_holes/sample_0085.npz,ddb7b814e040d8c047a4649f33bf151654d032650e5a173001aca20b14905ab3,0.0062375757843256,0.051950069682295444,0.9045013292847778,0.7417539358139038,0.22124991118907925,0.47876383155584323
residual_v2,44,polygonal_holes,86,private-source://routeA_experiments/data/prospective_ood_rd_hddm_alpha001_v2/polygonal_holes/sample_0086.npz,d6433754926d38ddb5772e7cb405f78b5aec43e5ca3eade0ba8b62b103a7dc27,0.005258591845631599,0.051509492933488575,0.73251947133498,0.9402196854352951,0.22173387184739113,0.6734844673424957
residual_v2,44,polygonal_holes,87,private-source://routeA_experiments/data/prospective_ood_rd_hddm_alpha001_v2/polygonal_holes/sample_0087.npz,8d3eec568a4d74c6a51e6da3cc28ade1037e57e722994fd947f5a01f53d41edf,0.006134157069027424,0.06948931523348321,1.2789872245306009,0.9491524696350098,0.3290464746882207,0.6969735541939734
residual_v2,44,polygonal_holes,88,private-source://routeA_experiments/data/prospective_ood_rd_hddm_alpha001_v2/polygonal_holes/sample_0088.npz,af9662e794a12464829c6fac98a3cb18e6e3e6857c1576994cbe01eedf1f246c,0.006230279803276062,0.06346581496323678,0.9117247550924947,0.9208592474460602,0.24237970113754265,0.6611685581505297
residual_v2,44,polygonal_holes,89,private-source://routeA_experiments/data/prospective_ood_rd_hddm_alpha001_v2/polygonal_holes/sample_0089.npz,c5a95474e5636d974aeee3dcde6837bf3c6a3704353407477c81f4240bbdc388,0.006307372823357582,0.061343244950168206,1.0325505144827551,0.9473887160420418,0.2515628447290509,0.7658112785220146
residual_v2,44,polygonal_holes,90,private-source://routeA_experiments/data/prospective_ood_rd_hddm_alpha001_v2/polygonal_holes/sample_0090.npz,69177a4934a4e7ec9786358ba08b301291e30633bfc8079703a3ad634dbe6555,0.005214076489210129,0.04783337177726695,0.5989783272605458,0.7609992027282715,0.2600436285138127,0.5776692187786102
residual_v2,44,polygonal_holes,91,private-source://routeA_experiments/data/prospective_ood_rd_hddm_alpha001_v2/polygonal_holes/sample_0091.npz,017495cf13436ccb34417f1d078194fbbb1bb9e889c2a05714fdfef6208a7922,0.006327247247099876,0.05360624057288185,1.1239025300578942,0.9613581150770187,0.21778238941915323,0.64351612791419
residual_v2,44,polygonal_holes,92,private-source://routeA_experiments/data/prospective_ood_rd_hddm_alpha001_v2/polygonal_holes/sample_0092.npz,6fb319a462e5729cc33034f1576388ff60d99f8ed26dcf3ed67437d1ea1bca54,0.00526793859899044,0.046460746420248646,0.4703013135727641,0.5954022705554962,0.26352618038654324,0.4734947645664215
residual_v2,44,polygonal_holes,93,private-source://routeA_experiments/data/prospective_ood_rd_hddm_alpha001_v2/polygonal_holes/sample_0093.npz,52cbc18f79056f45df5b059b191b91f8510f55d9c2edcd661f81df8375d9e0d1,0.006131274625658989,0.05115453135115622,0.6733980970727632,0.7296057045459747,0.24063448011875144,0.6110217456519603
residual_v2,44,polygonal_holes,94,private-source://routeA_experiments/data/prospective_ood_rd_hddm_alpha001_v2/polygonal_holes/sample_0094.npz,164da7452288a5d8a7302027741566652f575e6558c5ce9ce09db0163255c7ab,0.0061386218294501305,0.05273110064272512,0.5041871213112236,0.6912738680839539,0.2184719144366681,0.44559164375066734
residual_v2,44,polygonal_holes,95,private-source://routeA_experiments/data/prospective_ood_rd_hddm_alpha001_v2/polygonal_holes/sample_0095.npz,1c76e3d378b35c6a9e36e37471d1c5bcd6e753f69e666218ce23590f33585d3e,0.005220961757004261,0.06605066248822039,0.8653970502690126,0.9070137292146683,0.3015219377353787,0.7004623314738273
residual_v2,44,polygonal_holes,96,private-source://routeA_experiments/data/prospective_ood_rd_hddm_alpha001_v2/polygonal_holes/sample_0096.npz,49ad587763214bcda7cccaa69cfff09cf001c7b2c7f38d85251e3f2672a35569,0.006150615401566029,0.059307911482283475,0.5013991229428535,0.5586175322532654,0.25316540300846097,0.4287473303079605
residual_v2,44,polygonal_holes,97,private-source://routeA_experiments/data/prospective_ood_rd_hddm_alpha001_v2/polygonal_holes/sample_0097.npz,8390688b322ed3b47b14ae6c8deb192bc662ca519072cc4456004520d93634eb,0.005246341228485107,0.05855461140154704,0.5777354548435476,0.7189393639564514,0.29745733756572,0.5812884467840195
residual_v2,44,polygonal_holes,98,private-source://routeA_experiments/data/prospective_ood_rd_hddm_alpha001_v2/polygonal_holes/sample_0098.npz,d664b5cd66446712fa2fc0050a3eea16c06ebbf4a5f3665cb9b62018873ee112,0.006171138025820255,0.040041642426215024,0.30779534174701334,0.3881380558013916,0.19492025077342987,0.3058605682849884
residual_v2,44,polygonal_holes,99,private-source://routeA_experiments/data/prospective_ood_rd_hddm_alpha001_v2/polygonal_holes/sample_0099.npz,ffb0fcbe82635372bfaaf9dfad830078cc7e245cb5df18fc4cf3ee7d7ed08f2c,0.005232180468738079,0.05832293657706805,0.6714212129281482,0.8113647103309631,0.31652593761682496,0.6642564868927002
residual_v2,44,polygonal_holes,100,private-source://routeA_experiments/data/prospective_ood_rd_hddm_alpha001_v2/polygonal_holes/sample_0100.npz,83db9e1bf734e4318e7310d414f020dde016065b78e5ec40e0bf63cbdc30cd69,0.0061465073376894,0.06512771978218855,0.7695927631068952,0.8110063374042511,0.34056533873081196,0.6682727237045765
residual_v2,44,polygonal_holes,101,private-source://routeA_experiments/data/prospective_ood_rd_hddm_alpha001_v2/polygonal_holes/sample_0101.npz,628d4ef4e48f4e11212826ea73354e04acbb5cf5218cf61a5f450ffe072e463a,0.006392505951225758,0.05075988361272316,0.520638751482439,0.6797070503234863,0.2206262879073619,0.4416484224796295
residual_v2,44,polygonal_holes,102,private-source://routeA_experiments/data/prospective_ood_rd_hddm_alpha001_v2/polygonal_holes/sample_0102.npz,53967bde920053230113301d67f3965fb24710c7b37e3b7e2a11053964188c70,0.005289281718432903,0.04799157548552103,0.5913465021700351,0.721273273229599,0.2269910312257707,0.4816671609878539
residual_v2,44,polygonal_holes,103,private-source://routeA_experiments/data/prospective_ood_rd_hddm_alpha001_v2/polygonal_holes/sample_0103.npz,31c2e4b05f2f012dc480a56d1b1cc60ea8f4b239b39e292c8f0a6dac54ebd19b,0.005258030258119106,0.060493332310253056,0.8518638362408189,0.9260111153125763,0.2756657619029283,0.7453956192731857
residual_v2,44,polygonal_holes,104,private-source://routeA_experiments/data/prospective_ood_rd_hddm_alpha001_v2/polygonal_holes/sample_0104.npz,9eb06fccb4a1502bf602c71b5f5036161537259059eb86654e50a1438639f459,0.005377643741667271,0.041585606837474594,0.3567530474652739,0.3873634487390518,0.2018562640994787,0.31236820816993716
residual_v2,44,polygonal_holes,105,private-source://routeA_experiments/data/prospective_ood_rd_hddm_alpha001_v2/polygonal_holes/sample_0105.npz,95cbcc94abd4de91c834c528dda2319a03fb7099f469d400f93c5b03afcbc4a8,0.005219366401433945,0.07486518394627054,0.8259390205387744,0.7960677742958069,0.3740156814455985,0.7099081280827522
residual_v2,44,polygonal_holes,106,private-source://routeA_experiments/data/prospective_ood_rd_hddm_alpha001_v2/polygonal_holes/sample_0106.npz,98106d828e41a1c5eb346df2a0b0a1e1e58665b84eceba9935ef6099e5563495,0.006351658143103123,0.0524840181708535,1.0187672564541226,0.8244744390249252,0.25215233317576347,0.6393077233433722
residual_v2,44,polygonal_holes,107,private-source://routeA_experiments/data/prospective_ood_rd_hddm_alpha001_v2/polygonal_holes/sample_0107.npz,9cbd0d60ca7ebba2116f8c16d91b310978edea4d0da468204842b7a23670a89d,0.005283389240503311,0.0617765520972381,0.7782197998231585,0.7995799481868744,0.29620527699589694,0.616840433627367
residual_v2,44,polygonal_holes,108,private-source://routeA_experiments/data/prospective_ood_rd_hddm_alpha001_v2/polygonal_holes/sample_0108.npz,b9853bfdbfac230c0bfabbae3453e3f905065de73973a4e6e03d679b043f8a93,0.00617677066475153,0.05646800864979418,0.5659929901892061,0.6329845786094666,0.23335644155740737,0.4432917621731758
residual_v2,44,polygonal_holes,109,private-source://routeA_experiments/data/prospective_ood_rd_hddm_alpha001_v2/polygonal_holes/sample_0109.npz,ad81e157b0fe4b56f9cb232ff544261abab7b40e2fd40998cf5365e8c2ecbf9c,0.0054016513749957085,0.06666822755504136,1.0639214855207442,0.8696171939373016,0.30000756103545423,0.544560672789812
residual_v2,44,polygonal_holes,110,private-source://routeA_experiments/data/prospective_ood_rd_hddm_alpha001_v2/polygonal_holes/sample_0110.npz,2379cde8dfcb4012259c110621bb82cac632e8758fc6470fc5fb50c0d6567705,0.0063254814594984055,0.05420713811350996,0.6992412399007808,0.8167460560798645,0.2830572538077829,0.6454261887073517
residual_v2,44,polygonal_holes,111,private-source://routeA_experiments/data/prospective_ood_rd_hddm_alpha001_v2/polygonal_holes/sample_0111.npz,e77470dcfcba1f6bdb33c318c2e6cecb38ae797f62d39e0bb08e7a08dd6e974a,0.005432767793536186,0.057772041468746115,0.701699820391437,0.8023999929428101,0.27176845222711554,0.6390127980709076
residual_v2,44,polygonal_holes,112,private-source://routeA_experiments/data/prospective_ood_rd_hddm_alpha001_v2/polygonal_holes/sample_0112.npz,88df74d2052fa5cb450aa5d9be2814b467df7bbe8db5582a180089122655cee2,0.006174081936478615,0.03199993605071692,0.2933382828731849,0.34701162576675415,0.14341452475637187,0.26510284513235094
residual_v2,44,polygonal_holes,113,private-source://routeA_experiments/data/prospective_ood_rd_hddm_alpha001_v2/polygonal_holes/sample_0113.npz,3a1fa1b65775b0275cf639b12a72525a77828d847796be0e003df1bdbad952ec,0.006163133308291435,0.041919436648939205,0.3683442790466467,0.4848102033138275,0.1812603682279586,0.3192574954032898
residual_v2,44,polygonal_holes,114,private-source://routeA_experiments/data/prospective_ood_rd_hddm_alpha001_v2/polygonal_holes/sample_0114.npz,ee8527e088d5dac6fcb1c475159e6c302f9ad53ec6da27fe11138620a0ca68fd,0.0061612119898200035,0.05744076829047963,0.6629086669066281,0.7558344602584839,0.25476760342717164,0.6184893111884594
residual_v2,44,polygonal_holes,115,private-source://routeA_experiments/data/prospective_ood_rd_hddm_alpha001_v2/polygonal_holes/sample_0115.npz,f7ffa5978118fd94c3600a0f477fa283eca44223a4090163c2e4bf5b6bcf3f85,0.006250446662306786,0.04670457387676834,0.5603904190316883,0.6600703597068787,0.26479223519563655,0.5669123202562332
residual_v2,44,polygonal_holes,116,private-source://routeA_experiments/data/prospective_ood_rd_hddm_alpha001_v2/polygonal_holes/sample_0116.npz,40826f4a1aca3233236ea6a2e03d2f7953a031f2a735af2bc36b9a978760b21d,0.006154980510473251,0.04537331053913438,0.5988021163303903,0.6948696374893188,0.2423238076269626,0.5037480917572974
residual_v2,44,polygonal_holes,117,private-source://routeA_experiments/data/prospective_ood_rd_hddm_alpha001_v2/polygonal_holes/sample_0117.npz,e1cd5ab17ebc52bc630594c80acdbe1ac1cf83a82b72806653c360f585aa540a,0.006294805556535721,0.044149625047968974,0.39094024540057565,0.5876815021038055,0.16632572039961813,0.3686444863677025
residual_v2,44,polygonal_holes,118,private-source://routeA_experiments/data/prospective_ood_rd_hddm_alpha001_v2/polygonal_holes/sample_0118.npz,e0b81737032bd6118a094dfd0c6797f942b4d7ff21e1c6636fe9e0c0fa7456e2,0.006134985014796257,0.0447649750454141,0.5604723756822366,0.6899256706237793,0.24183239489793773,0.5417469644546508
residual_v2,44,polygonal_holes,119,private-source://routeA_experiments/data/prospective_ood_rd_hddm_alpha001_v2/polygonal_holes/sample_0119.npz,274e7d80ddc1fb4c43974f1671c4b357b5fd97510b63ae2caa29395f57fb9bd2,0.006152177229523659,0.062891895820407,0.7758547634503518,0.9036976546049118,0.35349290147423745,0.7134886716306209
residual_v2,44,polygonal_holes,120,private-source://routeA_experiments/data/prospective_ood_rd_hddm_alpha001_v2/polygonal_holes/sample_0120.npz,a6dd086ec33a9883183e8a146acf4fded479067a6034fee0630258588079fc8d,0.006152193993330002,0.04546044722860618,0.5823272527789651,0.6652342081069946,0.27378108650445926,0.5314738517999649
residual_v2,44,polygonal_holes,121,private-source://routeA_experiments/data/prospective_ood_rd_hddm_alpha001_v2/polygonal_holes/sample_0121.npz,ac81dd72fd79f7e2354039b8d04c60f5f5bbfca723e2447359de622ff26efbb1,0.006359737366437912,0.06030057688242601,1.029065113558555,0.9423579722642899,0.2765517177060245,0.7376947845518588
residual_v2,44,polygonal_holes,122,private-source://routeA_experiments/data/prospective_ood_rd_hddm_alpha001_v2/polygonal_holes/sample_0122.npz,759193356a467c09e2b8edbb533e17359fce60da51877df5de5350a541b599c5,0.006313217803835869,0.05206262740099293,0.6929288659786856,0.6778904497623444,0.24889925047755213,0.5554836745560169
residual_v2,44,polygonal_holes,123,private-source://routeA_experiments/data/prospective_ood_rd_hddm_alpha001_v2/polygonal_holes/sample_0123.npz,043378324eecf8d22f90a8b04f7e31a6758753cb437e9e0dfbe72c96271d4ff4,0.006333446130156517,0.04188828645214421,0.35952095482891605,0.5877878665924072,0.1952848531305789,0.3743016834557056
residual_v2,44,polygonal_holes,124,private-source://routeA_experiments/data/prospective_ood_rd_hddm_alpha001_v2/polygonal_holes/sample_0124.npz,cd51fc274b14dfb5fac39f5cfe064e526357b88b7d094e98b25666df1b414ebf,0.006246903911232948,0.06779098516367173,0.6011726318967046,0.8857958912849426,0.321062221378088,0.5264728849567473
residual_v2,44,polygonal_holes,125,private-source://routeA_experiments/data/prospective_ood_rd_hddm_alpha001_v2/polygonal_holes/sample_0125.npz,ed9c8de9705fd444fe459e4bfda13bcb047be60ede95d8334f14a4765b9738c1,0.006308244541287422,0.07549244356345876,0.8035606639497602,0.8638461828231812,0.37109565325081345,0.7004191564023494
residual_v2,44,polygonal_holes,126,private-source://routeA_experiments/data/prospective_ood_rd_hddm_alpha001_v2/polygonal_holes/sample_0126.npz,665752506b08a3f3e3fe30b2921a1800be6cc7503caeb2bbb5078b9732f246a1,0.006354466080665588,0.0530102014875648,0.5240341459039481,0.5835735201835632,0.22610715776681886,0.4594387713074684
residual_v2,44,polygonal_holes,127,private-source://routeA_experiments/data/prospective_ood_rd_hddm_alpha001_v2/polygonal_holes/sample_0127.npz,c816a31178bdc5d064cf91181e9c7932847ba43e355ab3c1d6ccd62738e6e38a,0.006155627779662609,0.06423819368740927,0.8099180644927939,0.8241739273071289,0.2997048944234847,0.699557161182165
residual_v2,44,polygonal_holes,128,private-source://routeA_experiments/data/prospective_ood_rd_hddm_alpha001_v2/polygonal_holes/sample_0128.npz,1ff4fae644b7094e6f782b7b687fd6b1fbd82aac67e72ea7769b3fb09fa6e48f,0.00614517368376255,0.048619162936906074,0.4090105388126513,0.46440187096595764,0.20913061909377573,0.3297608920931816
residual_v2,44,polygonal_holes,129,private-source://routeA_experiments/data/prospective_ood_rd_hddm_alpha001_v2/polygonal_holes/sample_0129.npz,304ae224f67a5af8163de1ab49c40dd4fedca4580b143be96af616abffc6891f,0.006208816543221474,0.05816837514198899,0.6754377953049359,0.7527067959308624,0.2957229137420653,0.50886593490839
residual_v2,44,polygonal_holes,130,private-source://routeA_experiments/data/prospective_ood_rd_hddm_alpha001_v2/polygonal_holes/sample_0130.npz,e1ce49f7ee7274aa7c46a7774918dbf0b33c86fdbf83110ebf21a577b52b49c2,0.006317698396742344,0.044629980479933204,0.4250451422869647,0.5667990446090698,0.19395591812208296,0.3532040427625179
residual_v2,44,polygonal_holes,131,private-source://routeA_experiments/data/prospective_ood_rd_hddm_alpha001_v2/polygonal_holes/sample_0131.npz,ed41aea98fee101c256811beb8de8b6cd7eaa2613cc541b40b00b980b3f85711,0.006311438046395779,0.051803747317157506,0.4656288341858512,0.4856293499469757,0.27750611007213577,0.39884313762187956
residual_v2,44,polygonal_holes,132,private-source://routeA_experiments/data/prospective_ood_rd_hddm_alpha001_v2/polygonal_holes/sample_0132.npz,f6a02e95496e34f2bd023b24cbfad8d8efcd430331804e20e35c1a3a87b3105a,0.006201114505529404,0.06723579449050779,0.7181448201659264,0.7538461983203888,0.3090253051370382,0.6820888832211495
residual_v2,44,polygonal_holes,133,private-source://routeA_experiments/data/prospective_ood_rd_hddm_alpha001_v2/polygonal_holes/sample_0133.npz,2d0b9657c30dbaee8ac6254ea143fd42d06b5d9334a9daae61f959b4d768189d,0.00636264868080616,0.04776172813965685,0.6206380815699369,0.7121739089488983,0.2682054519653319,0.5862771213799715
residual_v2,44,polygonal_holes,134,private-source://routeA_experiments/data/prospective_ood_rd_hddm_alpha001_v2/polygonal_holes/sample_0134.npz,6fc1d8ad41d98e5533dcb17000bd621df4413b0bc230e17a01f9f1042863dc00,0.006161888130009174,0.03595018715782203,0.2767479901846497,0.2663135826587677,0.15348099768161771,0.20838329344987863
residual_v2,44,polygonal_holes,135,private-source://routeA_experiments/data/prospective_ood_rd_hddm_alpha001_v2/polygonal_holes/sample_0135.npz,5f7f06f2a09a51cb1bdbf1f8f76c7dcebd7292b16ad5d06e2bd7e5e2a241a7b4,0.005519680678844452,0.06056850459063196,1.0037381924192539,0.9146838635206223,0.2670691259205341,0.663431930616498
residual_v2,44,polygonal_holes,136,private-source://routeA_experiments/data/prospective_ood_rd_hddm_alpha001_v2/polygonal_holes/sample_0136.npz,00531c0b831dc08973faac55a2933c5636dd9ca8276c59ce5b933fd5d249b087,0.005403831601142883,0.0423274910694637,0.3861853065499697,0.642994225025177,0.2223092347383499,0.3806163421273231
residual_v2,44,polygonal_holes,137,private-source://routeA_experiments/data/prospective_ood_rd_hddm_alpha001_v2/polygonal_holes/sample_0137.npz,d001d2eb3c3220ffed4f07f5378b2f2433947704e933286823ec2f721961990d,0.005289740860462189,0.06922325815856059,0.7635902615499127,0.8661844879388809,0.3628240909427404,0.7371887989342212
residual_v2,44,polygonal_holes,138,private-source://routeA_experiments/data/prospective_ood_rd_hddm_alpha001_v2/polygonal_holes/sample_0138.npz,f220ed2d2bb7df025848597f7eaca2bacd1707ff56291afdc47c8afdf6b2c8b5,0.005457315593957901,0.05777042871266024,0.5418273578940339,0.8883241713047028,0.23785892315208906,0.6620699262619019
residual_v2,44,polygonal_holes,139,private-source://routeA_experiments/data/prospective_ood_rd_hddm_alpha001_v2/polygonal_holes/sample_0139.npz,17b888ed07f6657c9849c552aad413cfe46048c4c7895f05178724c0fa7f87ca,0.005420680157840252,0.05944215277889422,0.7851747732987749,0.8306585848331451,0.324175975471735,0.6993737401068211
residual_v2,44,polygonal_holes,140,private-source://routeA_experiments/data/prospective_ood_rd_hddm_alpha001_v2/polygonal_holes/sample_0140.npz,e02540d429db3b7126f4bff11bc5fa61a336ec8a85e95e0c1221371ba5a47ef6,0.005319787189364433,0.06254131425326856,0.9043089312250542,0.9152727499604225,0.2641986412927508,0.6065478080511093
residual_v2,44,polygonal_holes,141,private-source://routeA_experiments/data/prospective_ood_rd_hddm_alpha001_v2/polygonal_holes/sample_0141.npz,bb22d84f5f6c83f45e1de2d4ab15f3186ec26d2a148f8904619bdd7a66c8171f,0.0053451936691999435,0.05900530355064373,0.6933128917267884,0.8571694493293762,0.28655859082937235,0.7045834308862685
residual_v2,44,polygonal_holes,142,private-source://routeA_experiments/data/prospective_ood_rd_hddm_alpha001_v2/polygonal_holes/sample_0142.npz,a1cc8c41b7c1a468be244e07ec2ff48e53d77459c7644d4e6eb2022f904ed782,0.005297661758959293,0.0512150267747039,0.7493971617238453,0.818924218416214,0.20783294774591923,0.6355888348817824
residual_v2,44,polygonal_holes,143,private-source://routeA_experiments/data/prospective_ood_rd_hddm_alpha001_v2/polygonal_holes/sample_0143.npz,4b97a95ed4fe7c8cb1b5fa7d4ef80edede472fcfc57e6cfa5eadb9c8a4df27a5,0.005283459089696407,0.0727499312059281,1.1633431029337382,0.927977904677391,0.2770861205353867,0.7272236052155494
residual_v2,44,polygonal_holes,144,private-source://routeA_experiments/data/prospective_ood_rd_hddm_alpha001_v2/polygonal_holes/sample_0144.npz,3acfb67f378c2daf8e69098ba9558f45f6fc6a8a6e8672333f2e8c054a6bc2bf,0.005576463416218758,0.05693919994764586,0.9422891373469358,0.9228736758232117,0.21802860563620924,0.6118195067346096
residual_v2,44,polygonal_holes,145,private-source://routeA_experiments/data/prospective_ood_rd_hddm_alpha001_v2/polygonal_holes/sample_0145.npz,b65d0851c245b707a2ac32228f305f7569c9d1859d64e5f4927b75c27e5a7c2b,0.005214479751884937,0.06145680553397066,0.6281269089314142,0.7166856527328491,0.3088694468140602,0.6264357903599739
residual_v2,44,polygonal_holes,146,private-source://routeA_experiments/data/prospective_ood_rd_hddm_alpha001_v2/polygonal_holes/sample_0146.npz,201b532444ea007bfb07628e9165c885156dffac34abbcb9c7006c661f8345f2,0.00550013966858387,0.05556625494957391,0.7151465381064382,0.8409046530723572,0.3168267533183098,0.6767612874507903
residual_v2,44,polygonal_holes,147,private-source://routeA_experiments/data/prospective_ood_rd_hddm_alpha001_v2/polygonal_holes/sample_0147.npz,d9d3e2c0e75e05c8d6a983a93cdbeec7eefce5027ca61ee3fe73ed223cb22f7a,0.005254694260656834,0.0676090121678212,0.797765043909856,0.8330706506967545,0.31790126636624333,0.6602824860811233
residual_v2,44,polygonal_holes,148,private-source://routeA_experiments/data/prospective_ood_rd_hddm_alpha001_v2/polygonal_holes/sample_0148.npz,fed8390888705bfd8ae6d9f074b0386d8310a40128ec7eed3742e6689c9930f5,0.005486167035996914,0.04108938533066672,0.48088158475820086,0.5632588863372803,0.2539270609617233,0.4742497199773788
residual_v2,44,polygonal_holes,149,private-source://routeA_experiments/data/prospective_ood_rd_hddm_alpha001_v2/polygonal_holes/sample_0149.npz,1fc1409b3b58a0ee4fe9462eb8610281be13a9e52d04be45b8155c8b093b6826,0.0052535682916641235,0.059369180680605496,0.6162270290677268,0.735771656036377,0.36598683893680567,0.6400100234150886
residual_v2,44,polygonal_holes,150,private-source://routeA_experiments/data/prospective_ood_rd_hddm_alpha001_v2/polygonal_holes/sample_0150.npz,2757539f9ec46c666cbf7b9c228a40503df7a8a8f2124fac5c87a43bd9ed14dc,0.005258869379758835,0.04392937529935946,0.8809606619991005,0.8606864809989929,0.18406076189130538,0.5849835285544395
residual_v2,44,polygonal_holes,151,private-source://routeA_experiments/data/prospective_ood_rd_hddm_alpha001_v2/polygonal_holes/sample_0151.npz,891875b4effc70758dab8ca57b0d6819863a7b492d90d1bfdb2bd22bc48d0cad,0.005244671367108822,0.06905311059096474,0.8091183143497187,0.8745672404766083,0.3913840297609566,0.7923413628339767
residual_v2,44,polygonal_holes,152,private-source://routeA_experiments/data/prospective_ood_rd_hddm_alpha001_v2/polygonal_holes/sample_0152.npz,56b12d3d13026cd3288b7c1885cbd85b8a1bc4dc3f9807dd8858aa67d50f721d,0.005424777045845985,0.0708977974397834,0.6849591199645373,0.6631748676300049,0.3063302859663961,0.5518532580137251
residual_v2,44,polygonal_holes,153,private-source://routeA_experiments/data/prospective_ood_rd_hddm_alpha001_v2/polygonal_holes/sample_0153.npz,af02edfbeda154165dee016399e47068fbe6b8c0e34593331fe7bf97c763c6ed,0.005455709993839264,0.04425371410812861,0.385377505151674,0.5612108409404755,0.23658252190798512,0.37644697040319425
residual_v2,44,polygonal_holes,154,private-source://routeA_experiments/data/prospective_ood_rd_hddm_alpha001_v2/polygonal_holes/sample_0154.npz,9f4d2ecf074b40c504140d8737b60ab86136700c126bd6eada3ce22b6faeb44d,0.005477684549987316,0.05723472573517791,1.149929162644551,0.9726639240980148,0.2392663831822574,0.5997311155498027
residual_v2,44,polygonal_holes,155,private-source://routeA_experiments/data/prospective_ood_rd_hddm_alpha001_v2/polygonal_holes/sample_0155.npz,b861e6158554f60e3b28f76ec9b128a9430ba6efcbba4fe54c56e55939f03657,0.0054708076640963554,0.05458767090676644,0.5450776438101885,0.5109930634498596,0.281952654570341,0.465440616607666
residual_v2,44,polygonal_holes,156,private-source://routeA_experiments/data/prospective_ood_rd_hddm_alpha001_v2/polygonal_holes/sample_0156.npz,14ef70e1036b06a4abd5ecf0c058f87e16a946222fa519b8f637fc45a36d83e7,0.005506054498255253,0.03854795329994886,0.33977276398418715,0.36147886514663696,0.1816445276141166,0.2508954709768295
residual_v2,44,polygonal_holes,157,private-source://routeA_experiments/data/prospective_ood_rd_hddm_alpha001_v2/polygonal_holes/sample_0157.npz,43dda95c9977101aa286a63d0342e83b3917f584fe93b176f50bf6a8863ee6ed,0.005251890979707241,0.06336992828947587,0.5157756875327542,0.6269773840904236,0.27067056968808173,0.42773705273866636
residual_v2,44,polygonal_holes,158,private-source://routeA_experiments/data/prospective_ood_rd_hddm_alpha001_v2/polygonal_holes/sample_0158.npz,d857465c10a280a070d862005f23339c491f8fbd2446b9a5938d6bcd7a0b3a1a,0.005222102627158165,0.039422339872427735,0.5543311446292992,0.6966228485107422,0.1619198724627494,0.5170022648572921
residual_v2,44,polygonal_holes,159,private-source://routeA_experiments/data/prospective_ood_rd_hddm_alpha001_v2/polygonal_holes/sample_0159.npz,f59261ba874c415e72210524ff86466ef1835ff128db62c36864a13b554ff470,0.0055723125115036964,0.0552063889523884,0.6063635025813743,0.6636942028999329,0.2754495322704314,0.5013792622089386
residual_v2,44,polygonal_holes,160,private-source://routeA_experiments/data/prospective_ood_rd_hddm_alpha001_v2/polygonal_holes/sample_0160.npz,39068f5d74d06b40549535b8f9ac00e3990cbbfd5ed4bbbfc7773dab1ec0dbbe,0.006560438312590122,0.06690264714864422,0.8021628606870906,0.7579564452171326,0.3387765444815157,0.6268518035113811
residual_v2,44,polygonal_holes,161,private-source://routeA_experiments/data/prospective_ood_rd_hddm_alpha001_v2/polygonal_holes/sample_0161.npz,e0831b7cf1e199a8bcddde4a7ba63fda2ec5358332f83876dc46e76b7a76fe72,0.005418065935373306,0.05536513657901228,0.7877969570480808,0.7945842742919922,0.22145165950059847,0.6182908172905445
residual_v2,44,polygonal_holes,162,private-source://routeA_experiments/data/prospective_ood_rd_hddm_alpha001_v2/polygonal_holes/sample_0162.npz,b57aaa46bc4b1f2b322a5c732792b6b0b627be08d494a2d21be8f93f764c1355,0.006497426889836788,0.046393538321151735,0.4689461674498136,0.5654785931110382,0.24093273133039472,0.47244862258434295
residual_v2,44,polygonal_holes,163,private-source://routeA_experiments/data/prospective_ood_rd_hddm_alpha001_v2/polygonal_holes/sample_0163.npz,1a3ca61d865205982770fbfd89f746ec95c9b76d83a2d8a357c31ac000e4dac4,0.006347428075969219,0.047976766776726236,0.3867290656603884,0.39774346351623535,0.202567034214735,0.31980874866712833
residual_v2,44,polygonal_holes,164,private-source://routeA_experiments/data/prospective_ood_rd_hddm_alpha001_v2/polygonal_holes/sample_0164.npz,5d1ee014dbbe40884070a5a39acff629da86c4954a0b4ab2c84a9004a2202fd6,0.005243384279310703,0.05626106454310442,0.9600633294536175,0.8171492964029312,0.2306709146127104,0.633601123690605
residual_v2,44,polygonal_holes,165,private-source://routeA_experiments/data/prospective_ood_rd_hddm_alpha001_v2/polygonal_holes/sample_0165.npz,259bca01e7e1d1c29bce2b41b1f1875945b910b6f1079e0f915a7977b1e9f893,0.006348021328449249,0.06295892068420926,0.7734088719229582,0.874410092830658,0.30297958403825753,0.6951145434379578
residual_v2,44,polygonal_holes,166,private-source://routeA_experiments/data/prospective_ood_rd_hddm_alpha001_v2/polygonal_holes/sample_0166.npz,3d0e83e51a41e5c75d0f593269bfee27d32a16acbae58e27343d22ebcff431fa,0.006552788428962231,0.053399927909663095,0.5465738959411199,0.5117265284061432,0.2562869369983672,0.42796689748764033
residual_v2,44,polygonal_holes,167,private-source://routeA_experiments/data/prospective_ood_rd_hddm_alpha001_v2/polygonal_holes/sample_0167.npz,5a819bbcff1e88f2e84bade5f00f2f6aa0ce4917add5aa7ae2c972f7f2b2cd18,0.00636836513876915,0.06047365184236027,0.6864042994551621,0.7989329993724823,0.27407722920179345,0.6165494921803474
residual_v2,44,polygonal_holes,168,private-source://routeA_experiments/data/prospective_ood_rd_hddm_alpha001_v2/polygonal_holes/sample_0168.npz,a7cfabc5b8b40f9786fdf3721f364f746da39dc5df704ef1420678ea5be4ac01,0.005254196003079414,0.06755836095113378,0.9174285751277915,0.9313542246818542,0.3443119850009678,0.7382324254512787
residual_v2,44,polygonal_holes,169,private-source://routeA_experiments/data/prospective_ood_rd_hddm_alpha001_v2/polygonal_holes/sample_0169.npz,f8b53cb3fd333ee1cb8d8489fc281f46ff7543a5218086725429358ac90c93cd,0.006354409269988537,0.07476625114011975,0.852374075181655,0.8996086120605469,0.3785840034484862,0.762826856598258
residual_v2,44,polygonal_holes,170,private-source://routeA_experiments/data/prospective_ood_rd_hddm_alpha001_v2/polygonal_holes/sample_0170.npz,531ec76af332ab8ef01be90231b69e059e9a8934f0f93d6913fbf46d169de030,0.00634024478495121,0.044374489674270684,0.4047699420243449,0.5439217984676361,0.22230919115245337,0.330438722372055
residual_v2,44,polygonal_holes,171,private-source://routeA_experiments/data/prospective_ood_rd_hddm_alpha001_v2/polygonal_holes/sample_0171.npz,947ccbec00e5e3b68cdd69f3e3e633bff7ae1f93b4726f7be992a025d3253c92,0.005238046869635582,0.06908732393998968,0.7928314252867286,0.820398285984993,0.30130378529429397,0.7502533140778541
residual_v2,44,polygonal_holes,172,private-source://routeA_experiments/data/prospective_ood_rd_hddm_alpha001_v2/polygonal_holes/sample_0172.npz,8f15a2b58c17b5976e89c7be705afee763ca28bc4cc10a072fc3068929a6a3fa,0.006499411538243294,0.060244511925061486,0.7552220159995737,0.7882234007120132,0.2754146639257669,0.6025596679002045
residual_v2,44,polygonal_holes,173,private-source://routeA_experiments/data/prospective_ood_rd_hddm_alpha001_v2/polygonal_holes/sample_0173.npz,44717b5111981b568d6b881d94fc32b107d2c09e4f89110f752fe8fd098ba1a9,0.006563670001924038,0.056803947138295854,0.4766717072807037,0.5060892999172211,0.24324758499860757,0.4296158125996589
residual_v2,44,polygonal_holes,174,private-source://routeA_experiments/data/prospective_ood_rd_hddm_alpha001_v2/polygonal_holes/sample_0174.npz,8b214cc2dccfbd9eeba4a0bbf1cf9592ace0d59fad777f0c1ef1da18aa1c1886,0.006573527120053768,0.05992367615149179,0.7520389856786092,0.8555231690406799,0.3437508508563041,0.7336355340480804
residual_v2,44,polygonal_holes,175,private-source://routeA_experiments/data/prospective_ood_rd_hddm_alpha001_v2/polygonal_holes/sample_0175.npz,0704e3f9778f3aedbd42b0385e81de58d71e4c2be75d9f126126775ca2425f28,0.005477950908243656,0.038176611077731445,0.336766083830197,0.5747333467006683,0.18049991577863692,0.3004000002145767
residual_v2,44,polygonal_holes,176,private-source://routeA_experiments/data/prospective_ood_rd_hddm_alpha001_v2/polygonal_holes/sample_0176.npz,a85484a8662f15305a5e709f13d1fa525a418acb00e7250756949427976b2dd8,0.006596031598746777,0.05912720865881132,0.7881005676795263,0.8672839254140854,0.24700890257954583,0.5816533312946557
residual_v2,44,polygonal_holes,177,private-source://routeA_experiments/data/prospective_ood_rd_hddm_alpha001_v2/polygonal_holes/sample_0177.npz,e0a3dc9763664c7fd06c84abf04a136fb5cdfe6c731d8094dd3d83ab720c189f,0.0065183937549591064,0.06380653695214605,1.0126840473069947,0.8901351988315582,0.30523076541721816,0.611195017248392
residual_v2,44,polygonal_holes,178,private-source://routeA_experiments/data/prospective_ood_rd_hddm_alpha001_v2/polygonal_holes/sample_0178.npz,481ca6c6499705706c2f66d7e79f45ecb746cb561d6a77790784658abee41ffe,0.006669162772595882,0.0563847549218825,0.7100970078292888,0.881819486618042,0.24617049098014818,0.5888648383319378
residual_v2,44,polygonal_holes,179,private-source://routeA_experiments/data/prospective_ood_rd_hddm_alpha001_v2/polygonal_holes/sample_0179.npz,e4bc203a85df9f9977404e82f55cafb59262bc1ce46ea6ffe3b6aa2d04c126dc,0.006536676548421383,0.05280604550192998,0.618199913716052,0.7088788151741028,0.27608812302351,0.5974849918484687
residual_v2,44,polygonal_holes,180,private-source://routeA_experiments/data/prospective_ood_rd_hddm_alpha001_v2/polygonal_holes/sample_0180.npz,81b84fdac3eccbe8d0928bc38881f8a0dd9d9e18b35f8f47b20caa177985fd3b,0.006547791883349419,0.0597675680427423,0.9050965426958525,0.8613886535167694,0.24935116854612707,0.7205057527124882
residual_v2,44,polygonal_holes,181,private-source://routeA_experiments/data/prospective_ood_rd_hddm_alpha001_v2/polygonal_holes/sample_0181.npz,5b6cc5d652fa4a1c887c4b0c1e164cd672bb9f5061ad1afead3751e70b213514,0.006530593149363995,0.06217806387450865,0.6642686114677833,0.7210256457328796,0.32582275718450526,0.6383102017641067
residual_v2,44,polygonal_holes,182,private-source://routeA_experiments/data/prospective_ood_rd_hddm_alpha001_v2/polygonal_holes/sample_0182.npz,30d7eccb6acfa738a9e0d813c59d9fc3e7a337f419dc39e253bd748b1985e200,0.006514440290629864,0.06475940110075624,0.6979453866764933,0.6864497363567352,0.28099748939275737,0.5457915651798249
residual_v2,44,polygonal_holes,183,private-source://routeA_experiments/data/prospective_ood_rd_hddm_alpha001_v2/polygonal_holes/sample_0183.npz,1373cf2f076ba6d96d76006b9bac7cafb13fe290e1c8db8eb0a021aa3ea6a877,0.00649226363748312,0.053560768974910945,0.4941746363797378,0.6330785155296326,0.23477304279804218,0.4347337800264358
residual_v2,44,polygonal_holes,184,private-source://routeA_experiments/data/prospective_ood_rd_hddm_alpha001_v2/polygonal_holes/sample_0184.npz,ea319e2f477b8255fcaca1a8e04826d40a2c73352b1e4d184424b4c62b2442f5,0.006493786349892616,0.049493290625351655,0.6532852266192679,0.8348963856697083,0.2158256873488423,0.6374232617020607
residual_v2,44,polygonal_holes,185,private-source://routeA_experiments/data/prospective_ood_rd_hddm_alpha001_v2/polygonal_holes/sample_0185.npz,d003b9495650cf787afd4d3ddc6d86135228d769f54ad6312a6280421a596e3a,0.006522554904222488,0.059290110803600665,1.0220253428036425,0.9377859234809875,0.24161115591414273,0.7279415321350097
residual_v2,44,polygonal_holes,186,private-source://routeA_experiments/data/prospective_ood_rd_hddm_alpha001_v2/polygonal_holes/sample_0186.npz,842bbbe7603fa9c66898e0d3e41112951c43fa2013c25eff012bda7d90c34fc1,0.00648738257586956,0.049867057668760484,0.8159802934054016,0.646077573299408,0.24398517394438382,0.5018933174014091
residual_v2,44,polygonal_holes,187,private-source://routeA_experiments/data/prospective_ood_rd_hddm_alpha001_v2/polygonal_holes/sample_0187.npz,cb2d55c7982505cee18ae54c10f3a2561c5ffa076d5725faf703948555a281cd,0.006552571430802345,0.06740995068190908,1.203663629553468,0.9291533753275871,0.2658901775605044,0.6082269132882355
residual_v2,44,polygonal_holes,188,private-source://routeA_experiments/data/prospective_ood_rd_hddm_alpha001_v2/polygonal_holes/sample_0188.npz,f3741286ab69ced697a71881032f01ee4b24b51cbaa12f72c9ef12b3e4744498,0.005218532867729664,0.04421799031994649,0.4006293993157905,0.5066636502742767,0.2772595942020415,0.4260844659805296
residual_v2,44,polygonal_holes,189,private-source://routeA_experiments/data/prospective_ood_rd_hddm_alpha001_v2/polygonal_holes/sample_0189.npz,f7b805f25ec992fb94efd23e0f85f979f2cf9c135f8ef20d0de20cb17df22844,0.006441746838390827,0.05698597312669872,1.0828595909052794,0.9700036942958832,0.24870265857316554,0.6572173182666302
residual_v2,44,polygonal_holes,190,private-source://routeA_experiments/data/prospective_ood_rd_hddm_alpha001_v2/polygonal_holes/sample_0190.npz,dc1bbc2f69c79f99ee4574dff06f98bba6eb04d44fc3565781bf40b6efbb07e5,0.005261979065835476,0.07489087848814721,0.7328765041932236,0.8629589974880219,0.3424990585073828,0.6109712453186511
residual_v2,44,polygonal_holes,191,private-source://routeA_experiments/data/prospective_ood_rd_hddm_alpha001_v2/polygonal_holes/sample_0191.npz,f796f17a8112fa44e52a0f1a214586fb75df4a586120fd92593085ab7070cedd,0.006565411575138569,0.05487480242728591,0.5411317341908322,0.6737593114376068,0.24746688902378075,0.5860578900575637
residual_v2,44,polygonal_holes,192,private-source://routeA_experiments/data/prospective_ood_rd_hddm_alpha001_v2/polygonal_holes/sample_0192.npz,dda32192ec953c5b2b30b9664a031c0b2c32c18898206a837abd68a848dc6560,0.006616946309804916,0.046509972931650684,0.505505364594522,0.5521192252635956,0.2124554470181465,0.4841860720515251
residual_v2,44,polygonal_holes,193,private-source://routeA_experiments/data/prospective_ood_rd_hddm_alpha001_v2/polygonal_holes/sample_0193.npz,a0ecfb23ec91938da78978e535237a93cd3cdb1418404474f7a4b8e5e18ecb0e,0.0065217576920986176,0.05128750760565203,0.41734608619988006,0.6375270783901215,0.21676188223063939,0.4407944104075432
residual_v2,44,polygonal_holes,194,private-source://routeA_experiments/data/prospective_ood_rd_hddm_alpha001_v2/polygonal_holes/sample_0194.npz,41a07014c34cd5ab4b6bf8fb836e352f25011d3d9ee8ab7718601b8708c98a50,0.0066197942942380905,0.04825000159237688,0.44043450644430715,0.48853909969329834,0.24217774309217924,0.43204587072134015
residual_v2,44,polygonal_holes,195,private-source://routeA_experiments/data/prospective_ood_rd_hddm_alpha001_v2/polygonal_holes/sample_0195.npz,bd513e0febd4c5373d80e2b7dcdd2b9486ed4ac7e6bc9ee5eb9dc273983b9ffe,0.006487567909061909,0.06907694549359779,1.15699645923616,0.958908274769783,0.29336039827321647,0.6797468577325344
residual_v2,44,polygonal_holes,196,private-source://routeA_experiments/data/prospective_ood_rd_hddm_alpha001_v2/polygonal_holes/sample_0196.npz,cb48f01e7dd800b18ce7cbe2c18858c2d9a44d38e5be7cf20f5254eafdbd0bf2,0.006612151861190796,0.05396490834025397,0.526466353758107,0.6590803265571594,0.24417077195830642,0.40969436675310134
residual_v2,44,polygonal_holes,197,private-source://routeA_experiments/data/prospective_ood_rd_hddm_alpha001_v2/polygonal_holes/sample_0197.npz,d9edb4456fdfb320e3e8eddde4e164e04f26d3682accae421c9cb62372882d05,0.006608359515666962,0.0444392565338156,0.39555427372146484,0.5210739076137543,0.191014351695776,0.427881783246994
residual_v2,44,polygonal_holes,198,private-source://routeA_experiments/data/prospective_ood_rd_hddm_alpha001_v2/polygonal_holes/sample_0198.npz,2bb222fb19e2658b1507bbec54c6820e146fa9b42297978674b5e3f02f9f1c57,0.0053785573691129684,0.03617301125694313,0.3431831474219878,0.3833472430706024,0.16943204067647455,0.32748603641986845
residual_v2,44,polygonal_holes,199,private-source://routeA_experiments/data/prospective_ood_rd_hddm_alpha001_v2/polygonal_holes/sample_0199.npz,2eec775368a54d0cff3644f18d86a5d5b2aa3329ce09ee599ee904145cc74303,0.00652031134814024,0.04877859235692919,0.5295940754971128,0.6226540207862854,0.3074617102742194,0.5288817214965821
residual_v2,44,star_concave,0,private-source://routeA_experiments/data/prospective_ood_rd_hddm_alpha001_v2/star_concave/sample_0000.npz,009d2bb9aad63b794132f3b8fa2904650b88fb7b6b2d61561be4048deacc458b,0.0063779521733522415,0.08380184947591927,0.6157687892473493,0.7937834858894348,0.4183500766754149,0.6470747256278986
residual_v2,44,star_concave,1,private-source://routeA_experiments/data/prospective_ood_rd_hddm_alpha001_v2/star_concave/sample_0001.npz,4e70bd655e98ee3d6e109ea5eb742794f0fa72f85104a738094fee80b6acaf70,0.006123230792582035,0.0884112665515752,0.4857845400638389,0.6913694739341736,0.3886922664940357,0.5586273971200003
residual_v2,44,star_concave,2,private-source://routeA_experiments/data/prospective_ood_rd_hddm_alpha001_v2/star_concave/sample_0002.npz,fb14453d8d3f30cf873c46a5e14b387674862f03260073cd0d05ebb7cb7f1faa,0.006410186178982258,0.08751420336194188,0.7276106818861722,0.8270520269870758,0.49353526234626754,0.7499617809057236
residual_v2,44,star_concave,3,private-source://routeA_experiments/data/prospective_ood_rd_hddm_alpha001_v2/star_concave/sample_0003.npz,7b84face7333f39614fc62902f773a61730f623c80ef7fa990749cc5c4756204,0.006118506193161011,0.07693278265598961,0.4975186562523817,0.6030051708221436,0.3676053822040554,0.5350074553489685
residual_v2,44,star_concave,4,private-source://routeA_experiments/data/prospective_ood_rd_hddm_alpha001_v2/star_concave/sample_0004.npz,51a91eacf8ce921d71c6041d09cfae819f22d841cf2ffd3c2df664040d51186e,0.006259472109377384,0.0931055463276915,0.552675400914398,0.7298645377159119,0.48271686434745786,0.6869842028617859
residual_v2,44,star_concave,5,private-source://routeA_experiments/data/prospective_ood_rd_hddm_alpha001_v2/star_concave/sample_0005.npz,6e222ada1b7d437bd5643c1ff273ebd5652f1f27b6415d45a1958ab41cdbedf5,0.006345557048916817,0.07520603272835541,0.3842417823865403,0.5272641479969025,0.31624131202697753,0.4583229303359989
residual_v2,44,star_concave,6,private-source://routeA_experiments/data/prospective_ood_rd_hddm_alpha001_v2/star_concave/sample_0006.npz,b575a4b1e23727607195accc5ab1eb6869a2fe6423bab8f28602429896d7ffb8,0.005201111547648907,0.06635623653456003,0.32968406205143974,0.43010568618774414,0.23277512788772578,0.3781390249729158
residual_v2,44,star_concave,7,private-source://routeA_experiments/data/prospective_ood_rd_hddm_alpha001_v2/star_concave/sample_0007.npz,f97196e6f221830b1e3373486ee49466c07c1eb5991df8cbb16605589a488f5d,0.005589442327618599,0.0770988981390401,0.5170483252913045,0.677686870098114,0.40329504609107936,0.5563730692863464
residual_v2,44,star_concave,8,private-source://routeA_experiments/data/prospective_ood_rd_hddm_alpha001_v2/star_concave/sample_0008.npz,244ac733232159a2a5cf34edfc0a50b5a2b69b36712de1f4063f137198172f85,0.005704709328711033,0.0613194651144278,0.33291817927594924,0.4242699146270752,0.2499483108520508,0.3332798391580582
residual_v2,44,star_concave,9,private-source://routeA_experiments/data/prospective_ood_rd_hddm_alpha001_v2/star_concave/sample_0009.npz,865cc26d2e038bce27105da09cc105452f707c4d4a4472925cb326eed10ece20,0.005238634534180164,0.08822827425734332,0.5906316833639842,0.7196183800697327,0.4464954644441604,0.645220249891281
residual_v2,44,star_concave,10,private-source://routeA_experiments/data/prospective_ood_rd_hddm_alpha001_v2/star_concave/sample_0010.npz,1f4c91ba0f07fa9f6a175cb7d943878655d47fdbdb5f2efeac3ac31f77329fcd,0.005541385151445866,0.06524007403631836,0.36726896083655786,0.5107423067092896,0.3092779517173767,0.4150029420852661
residual_v2,44,star_concave,11,private-source://routeA_experiments/data/prospective_ood_rd_hddm_alpha001_v2/star_concave/sample_0011.npz,d05537de94b82a7904e0ead39deb6c54104c0ef42cea8bd4e9988913d494a83b,0.005222830921411514,0.09069105882295089,0.6803131001334154,0.7869873046875,0.47659403681755047,0.6880089628696443
residual_v2,44,star_concave,12,private-source://routeA_experiments/data/prospective_ood_rd_hddm_alpha001_v2/star_concave/sample_0012.npz,847d2b1c823f4408679f58979310ced7f8afe8a4c3b19a24d4319e73d2076d28,0.005198881961405277,0.07345113919518079,0.5141584298141761,0.5991846024990082,0.3817549467086791,0.5503124332427978
residual_v2,44,star_concave,13,private-source://routeA_experiments/data/prospective_ood_rd_hddm_alpha001_v2/star_concave/sample_0013.npz,3fe68d6905e52aed96d1f6f6f4cbe94d1f51a46ec4751e2c26ac9892e870ac18,0.0056208232417702675,0.0658792647094333,0.28080869381188545,0.4033287465572357,0.22459725141525236,0.2861231970787046
residual_v2,44,star_concave,14,private-source://routeA_experiments/data/prospective_ood_rd_hddm_alpha001_v2/star_concave/sample_0014.npz,98f86dc2bf4c9917d734d87999b0e333966cb92d96944b9e3a10a574bc3370b9,0.005635654553771019,0.07639719662900424,0.8045791482890425,0.9407305121421814,0.35574921369552537,0.7475978589057919
residual_v2,44,star_concave,15,private-source://routeA_experiments/data/prospective_ood_rd_hddm_alpha001_v2/star_concave/sample_0015.npz,fba340201e6025122f0cb1aa5a625e4ebb7a3504c0f9bf568c4b44c2453eab2f,0.005627140402793884,0.06019727808218034,0.33273509516759553,0.44670113921165466,0.2569575130939484,0.3802550038695336
residual_v2,44,star_concave,16,private-source://routeA_experiments/data/prospective_ood_rd_hddm_alpha001_v2/star_concave/sample_0016.npz,11c4e40719a66e3ebb706e7cb800f94d382019f44e94ec85fe48ea3ec624cc4b,0.005662128329277039,0.08394718959609763,0.5711840786076665,0.6448099613189697,0.41326286047697064,0.6002737888693803
residual_v2,44,star_concave,17,private-source://routeA_experiments/data/prospective_ood_rd_hddm_alpha001_v2/star_concave/sample_0017.npz,534607ed78b318ae68ab40a4d9a3980e1a5c64084762fc4b8475968cab9bb3bd,0.005557624623179436,0.07656494830713595,0.7113169581756223,0.8454740643501282,0.43163969516754125,0.7311724448204038
residual_v2,44,star_concave,18,private-source://routeA_experiments/data/prospective_ood_rd_hddm_alpha001_v2/star_concave/sample_0018.npz,7adaa9e1f0617e585e5d168eb48820003ec9fc031681cd26516d363ffd04328d,0.0055028777569532394,0.09259995344859465,0.6023245073405359,0.7034098505973816,0.46445575952529905,0.6256785058975216
residual_v2,44,star_concave,19,private-source://routeA_experiments/data/prospective_ood_rd_hddm_alpha001_v2/star_concave/sample_0019.npz,f3759305bef8481b2756c6d9ec9fee197aa11185d2fabb3a2e12ab02723ee5e0,0.006121781654655933,0.0667088176209698,0.3240519184045947,0.5100739002227783,0.27366994321346283,0.42664748877286934
residual_v2,44,star_concave,20,private-source://routeA_experiments/data/prospective_ood_rd_hddm_alpha001_v2/star_concave/sample_0020.npz,dfd07f4fdae3c4b6150501a4e95619273fb09daa59e9478d21c8464a21d2ffc6,0.0062217749655246735,0.0749171015385947,0.5588462327137093,0.7232398390769958,0.3648463755846022,0.6531507849693299
residual_v2,44,star_concave,21,private-source://routeA_experiments/data/prospective_ood_rd_hddm_alpha001_v2/star_concave/sample_0021.npz,3e932800183b8daa7efd551da65f2ff1400f15f2772817e610796baf64527c9a,0.005570746958255768,0.08601120897332584,0.5437932538617434,0.7582587003707886,0.4145854324102403,0.6689478850364686
residual_v2,44,star_concave,22,private-source://routeA_experiments/data/prospective_ood_rd_hddm_alpha001_v2/star_concave/sample_0022.npz,e59220a03ee588f4d0e70933b8159e2126e45953cd84f648928aedb295e2d081,0.005655021406710148,0.0983094690010281,0.5395203793166437,0.6945793628692627,0.4321179151535033,0.5870767557621002
residual_v2,44,star_concave,23,private-source://routeA_experiments/data/prospective_ood_rd_hddm_alpha001_v2/star_concave/sample_0023.npz,17bae540596796b03e7a95a97ad0cf945587f7ff8e9f44c9cce961c2574b81b0,0.005798278376460075,0.07549943362756327,0.5016191529044667,0.6210249960422516,0.42710522934794426,0.5671788483858109
residual_v2,44,star_concave,24,private-source://routeA_experiments/data/prospective_ood_rd_hddm_alpha001_v2/star_concave/sample_0024.npz,9f190b5fe5c1ddecf149bf3831ed66888f1e09a84d81196006c11f5c214d28c6,0.005777306854724884,0.0771686783281238,0.48541982151110086,0.6871980726718903,0.38488547652959754,0.5715187090635302
residual_v2,44,star_concave,25,private-source://routeA_experiments/data/prospective_ood_rd_hddm_alpha001_v2/star_concave/sample_0025.npz,2add91952026915ae8ee90b1f1626a327209949a94357811791d4add186f8b6b,0.006115938536822796,0.07041447652454477,0.45276907414068823,0.6694023609161377,0.3426552802324295,0.5401696717739106
residual_v2,44,star_concave,26,private-source://routeA_experiments/data/prospective_ood_rd_hddm_alpha001_v2/star_concave/sample_0026.npz,7c60403165ae348c442df8620e166f060722ffe55139cb507fb6b3b0315acd67,0.006541457027196884,0.09050286461298039,0.7238967222638523,0.8437973856925964,0.5540533810853957,0.7735412520170212
residual_v2,44,star_concave,27,private-source://routeA_experiments/data/prospective_ood_rd_hddm_alpha001_v2/star_concave/sample_0027.npz,fcd28480ca1c369f591deb0760e991331bd2cf87de1f1ca707e06c2ffdf85715,0.0057023270055651665,0.0872629178819078,0.5715402250872347,0.7389162480831146,0.44818214625120084,0.6588434019684779
residual_v2,44,star_concave,28,private-source://routeA_experiments/data/prospective_ood_rd_hddm_alpha001_v2/star_concave/sample_0028.npz,97d115498a24206fd9a94b8e6ea8743ffb7337ed20941efef291ca99b062fb3d,0.005556158721446991,0.10034412782406132,0.7667786969058531,0.8603041172027588,0.49477624297142014,0.794063079357147
residual_v2,44,star_concave,29,private-source://routeA_experiments/data/prospective_ood_rd_hddm_alpha001_v2/star_concave/sample_0029.npz,b912306c3e4cf84f055f4027c6cbc49c3fe645a5fc0bf485bb647d711e1ff63b,0.006134342402219772,0.07900031393119782,0.4439739083805062,0.571177065372467,0.35060526132583614,0.5175970441102984
residual_v2,44,star_concave,30,private-source://routeA_experiments/data/prospective_ood_rd_hddm_alpha001_v2/star_concave/sample_0030.npz,1bd349edcd0fe24a85799a24dcbb53d56be86031ab54fcf679a4c4fde7107b8f,0.005742093548178673,0.06895039517878102,0.4544368637458663,0.6006407737731934,0.3669532537460327,0.5381246089935308
residual_v2,44,star_concave,31,private-source://routeA_experiments/data/prospective_ood_rd_hddm_alpha001_v2/star_concave/sample_0031.npz,3daaf895b3c605d8206001223ea51987d492384cfc95cffaef6b71828270eefc,0.005727805197238922,0.08848226866730194,0.635822321968532,0.8123687505722046,0.48617248758673653,0.6785297960042957
residual_v2,44,star_concave,32,private-source://routeA_experiments/data/prospective_ood_rd_hddm_alpha001_v2/star_concave/sample_0032.npz,49be9ff94661381e2571a267aba1a2060d7d7268dd348b9eb212f6af9b9674e3,0.005524505861103535,0.07583830733864608,0.5429755629521106,0.6503821313381195,0.42519526891410336,0.6083306550979608
residual_v2,44,star_concave,33,private-source://routeA_experiments/data/prospective_ood_rd_hddm_alpha001_v2/star_concave/sample_0033.npz,e906aed2368936d827726997a5afb6856dea5ac228d3b90f881ec10af09186d9,0.005530505441129208,0.09238817256823219,0.6656860644401652,0.7839909791946411,0.4702096566557882,0.7152130138874053
residual_v2,44,star_concave,34,private-source://routeA_experiments/data/prospective_ood_rd_hddm_alpha001_v2/star_concave/sample_0034.npz,ae0a839396f99c4485788322b985c85386b92669d4e870cd7a2410af15f5c24d,0.005621233023703098,0.07556148701232225,0.3365838189430249,0.5839539617300034,0.24640296772122383,0.5231187343597412
residual_v2,44,star_concave,35,private-source://routeA_experiments/data/prospective_ood_rd_hddm_alpha001_v2/star_concave/sample_0035.npz,fb59f617f0622c77d8fbb2f2fe1967a6c60ff2dc46aaa3b2084991efd399b23f,0.005625554360449314,0.0935328287730637,0.6756481611655498,0.8001112639904022,0.4839097291231151,0.7452903521060943
residual_v2,44,star_concave,36,private-source://routeA_experiments/data/prospective_ood_rd_hddm_alpha001_v2/star_concave/sample_0036.npz,528b84c8ea17fb027544a4127081236bfc722f3a0ec2d9cbe46edd1bbc9ae09d,0.006126479245722294,0.07805861603079711,0.6189705767310149,0.7560235261917114,0.4667782753705978,0.6804859945178032
residual_v2,44,star_concave,37,private-source://routeA_experiments/data/prospective_ood_rd_hddm_alpha001_v2/star_concave/sample_0037.npz,ce4278bd066e42581dd68ea2402f3e7e51495b54c38492e0d6cfe639baedcd5f,0.006426322273910046,0.07883994162361908,0.3815068479415155,0.4770411252975464,0.32537818253040324,0.42436236411333084
residual_v2,44,star_concave,38,private-source://routeA_experiments/data/prospective_ood_rd_hddm_alpha001_v2/star_concave/sample_0038.npz,6ba9092a7f68d6d13493fceadb5e908dc631b20b2a917da96f2634c547cb7849,0.005239387042820454,0.06483505067310477,0.28882620395833003,0.3411981165409088,0.2283397510647775,0.28172124743461613
residual_v2,44,star_concave,39,private-source://routeA_experiments/data/prospective_ood_rd_hddm_alpha001_v2/star_concave/sample_0039.npz,22652a3d0dc5499ddc059fd0199f955f000a9224a1f5619549bd84fa34b70755,0.005316728726029396,0.06326241935501625,0.334058798947377,0.41488713026046753,0.24212173521518704,0.321679486334324
residual_v2,44,star_concave,40,private-source://routeA_experiments/data/prospective_ood_rd_hddm_alpha001_v2/star_concave/sample_0040.npz,979af9334c1802b981da270d5875fa0c7b9ece1cdeae2d7ddab565fa7e35c3b0,0.006153164431452751,0.07534813535151783,0.5184930827613684,0.6286622881889343,0.3990410462021809,0.6008519959449766
residual_v2,44,star_concave,41,private-source://routeA_experiments/data/prospective_ood_rd_hddm_alpha001_v2/star_concave/sample_0041.npz,3e594e2e6d2ad746bc0157e3521e1d1f6090b162a1b92253789085a2dbb47654,0.006504179909825325,0.08381928216726728,0.4920769995974014,0.6264224350452423,0.3729190468788141,0.5655587458610535
residual_v2,44,star_concave,42,private-source://routeA_experiments/data/prospective_ood_rd_hddm_alpha001_v2/star_concave/sample_0042.npz,c4c10181a5a8723bab009727251b85f91867206e2a7e7b2f496d7cbd97bde9f3,0.00561764370650053,0.08691438672778923,0.5965038839213842,0.7029315233230591,0.42324329763650864,0.6298225975036622
residual_v2,44,star_concave,43,private-source://routeA_experiments/data/prospective_ood_rd_hddm_alpha001_v2/star_concave/sample_0043.npz,60596fdaece0c19a7997da29479b7375b7dab588e93a500a17be8ad6540c5652,0.006456692703068256,0.0803695992912437,0.5246352948887726,0.6861355304718018,0.43517247736454034,0.6003085339069364
residual_v2,44,star_concave,44,private-source://routeA_experiments/data/prospective_ood_rd_hddm_alpha001_v2/star_concave/sample_0044.npz,1383081fd3815f2104988ac35e4d709121c4e13596804ade49dc4e610ea86679,0.00559624657034874,0.10312627594188183,0.6627656617305084,0.7885887622833252,0.5483423128724096,0.7514781117439265
residual_v2,44,star_concave,45,private-source://routeA_experiments/data/prospective_ood_rd_hddm_alpha001_v2/star_concave/sample_0045.npz,023263165e13e05a212e40ecd70a27ba52200197231297219582d7e5bba3dbe2,0.006379007361829281,0.06726257022867713,0.40482181619330726,0.572593480348587,0.32571357339620577,0.4592003268003462
residual_v2,44,star_concave,46,private-source://routeA_experiments/data/prospective_ood_rd_hddm_alpha001_v2/star_concave/sample_0046.npz,b15ee5f6922f4f24ee7033154d443e62434bd3a3733663097faabea670e06fc7,0.005209577269852161,0.06850507653796808,0.3183389116949509,0.33811159431934357,0.2623412534594534,0.318172957599163
residual_v2,44,star_concave,47,private-source://routeA_experiments/data/prospective_ood_rd_hddm_alpha001_v2/star_concave/sample_0047.npz,0dd14136387bff8f2e808a1c1b23f92c0b77dcb3e67f86d25f7d8837c77575de,0.006392451003193855,0.07708347860569088,0.4699511400297725,0.5932183265686035,0.36989526152610797,0.5430597400665282
residual_v2,44,star_concave,48,private-source://routeA_experiments/data/prospective_ood_rd_hddm_alpha001_v2/star_concave/sample_0048.npz,170d40f333deaba43a45d4d2ea6cd73468bae603f4b0069e39c6200efecb0bcf,0.006120949052274227,0.084273345878426,0.41969665464360784,0.5205819010734558,0.31473106145858765,0.4650559902191162
residual_v2,44,star_concave,49,private-source://routeA_experiments/data/prospective_ood_rd_hddm_alpha001_v2/star_concave/sample_0049.npz,3baa64b964e40f4d041934f78d820db94115a9f893482d40b5eb2c6868bd541f,0.0061051854863762856,0.10444529823691226,0.7132026440409134,0.8130720853805542,0.530676007270813,0.783717954158783
residual_v2,44,star_concave,50,private-source://routeA_experiments/data/prospective_ood_rd_hddm_alpha001_v2/star_concave/sample_0050.npz,1736fc66548c7d2e863a00e32a752906c88a567b1201f17522a5ad4de2a710f4,0.006144301034510136,0.1034718383802184,0.6887970139924482,0.8147920370101929,0.517048355937004,0.7136339449882507
residual_v2,44,star_concave,51,private-source://routeA_experiments/data/prospective_ood_rd_hddm_alpha001_v2/star_concave/sample_0051.npz,bbee14e14361425abba154c6f545f34a6bc8991bef7312742393d461406dd03c,0.0060765789821743965,0.0702642864814998,0.4685888613204031,0.6699530482292175,0.35421920716762545,0.4786430364847181
residual_v2,44,star_concave,52,private-source://routeA_experiments/data/prospective_ood_rd_hddm_alpha001_v2/star_concave/sample_0052.npz,ed45abe2c84a6a7a838830e4de837fa03cd05b8d959f2f8f0ce1a9d1d8665108,0.006129731424152851,0.09234142933913893,0.6466606009766369,0.7776085734367371,0.5094669938087458,0.7094558548927304
residual_v2,44,star_concave,53,private-source://routeA_experiments/data/prospective_ood_rd_hddm_alpha001_v2/star_concave/sample_0053.npz,2cde7d03eeb67287459dbeac592a42bb82c4515f561e6dd2b826e65efe9946be,0.006365224719047546,0.06456846654241062,0.3764486254384878,0.5485165119171143,0.3114255473017691,0.492438785135746
residual_v2,44,star_concave,54,private-source://routeA_experiments/data/prospective_ood_rd_hddm_alpha001_v2/star_concave/sample_0054.npz,4cba00e0ed66cb2ac4d45603705ee8ce4570c268262d907c90c92a3a53a03f37,0.006097276695072651,0.0546932055279374,0.2813958130218647,0.442024827003479,0.23357482552528372,0.35506232142448446
residual_v2,44,star_concave,55,private-source://routeA_experiments/data/prospective_ood_rd_hddm_alpha001_v2/star_concave/sample_0055.npz,dce22efcf9ad447d20a4f5bed0795d0132c8276ec8fd03667f04f5c47805d3f3,0.0065370770171284676,0.06156245538337534,0.30203662111129287,0.4420608878135681,0.23244519531726773,0.35188987970352115
residual_v2,44,star_concave,56,private-source://routeA_experiments/data/prospective_ood_rd_hddm_alpha001_v2/star_concave/sample_0056.npz,235646d85b8c07970a3d8b865ffe8b58eda9eb036fb639d49673bb58d73de474,0.006480411626398563,0.07720708588855403,0.469389458840569,0.6438877284526825,0.39715212136507005,0.5697182971239089
residual_v2,44,star_concave,57,private-source://routeA_experiments/data/prospective_ood_rd_hddm_alpha001_v2/star_concave/sample_0057.npz,fba47c2f217c4b06672bfd7c97f817bd5a9470721ee275dd6011e375a632fe55,0.00603688508272171,0.09192121124461156,0.5572066090925198,0.6274836957454681,0.3859557837247852,0.5998533925414085
residual_v2,44,star_concave,58,private-source://routeA_experiments/data/prospective_ood_rd_hddm_alpha001_v2/star_concave/sample_0058.npz,18c38148eac2df3c48d00500e74d23a957b100253e58db77dda149b67191d166,0.006445400416851044,0.08123368664223754,0.618619639140329,0.7799178659915924,0.4563617110252378,0.6939342498779297
residual_v2,44,star_concave,59,private-source://routeA_experiments/data/prospective_ood_rd_hddm_alpha001_v2/star_concave/sample_0059.npz,f9d7dc0bbca24cb8eb66c7b813db7c767b0d3758dcf605d732bbcb3fea82bdc9,0.006544950418174267,0.08549239657858144,0.5832397405255836,0.7136300206184387,0.4215358138084419,0.6268150568008427
residual_v2,44,star_concave,60,private-source://routeA_experiments/data/prospective_ood_rd_hddm_alpha001_v2/star_concave/sample_0060.npz,ad8bdeb51e8207d14e6ab8946808203d53cfbcd39ebdfb58ff8542e60a2ce5f7,0.00638087373226881,0.08299173161234732,0.5292551994530058,0.6313069462776184,0.4492775410413742,0.5932778412103652
residual_v2,44,star_concave,61,private-source://routeA_experiments/data/prospective_ood_rd_hddm_alpha001_v2/star_concave/sample_0061.npz,6a8d098fa3cf0e8607b55e7b07d030a5a0586678285f123530f988ef18a29c9f,0.006620476022362709,0.07555042178671069,0.4855384608393387,0.6730736196041107,0.3839820921421051,0.6056760609149938
residual_v2,44,star_concave,62,private-source://routeA_experiments/data/prospective_ood_rd_hddm_alpha001_v2/star_concave/sample_0062.npz,af2aa6263843eda66dc7a1fab1c879ffb7c49c81b11d63bf66e6a1d95823b5c9,0.006089803762733936,0.08911722704914493,0.48446658888405947,0.6189373135566711,0.4279694080352783,0.5660920822620393
residual_v2,44,star_concave,63,private-source://routeA_experiments/data/prospective_ood_rd_hddm_alpha001_v2/star_concave/sample_0063.npz,1d64b549093de73ce0aefc5a37a4f60e6d676c1cd705eb98d536ff5d4bef87a7,0.006455510854721069,0.06663255534461918,0.4082039674154815,0.551093578338623,0.328274904191494,0.4551010626554489
residual_v2,44,star_concave,64,private-source://routeA_experiments/data/prospective_ood_rd_hddm_alpha001_v2/star_concave/sample_0064.npz,df2e0d7751b94355ed613e5666bca2fb52173d2dcd42ae84fc71ea01084f44df,0.006237395107746124,0.09483276789369695,0.6556298314069892,0.7781163156032562,0.5329565316438674,0.7174892494082447
residual_v2,44,star_concave,65,private-source://routeA_experiments/data/prospective_ood_rd_hddm_alpha001_v2/star_concave/sample_0065.npz,6be62c8bf97c5e0d45b37e969d56e99f2cd1a93cbfa17aff04e3123165f38d67,0.0063637616112828255,0.06873140932397226,0.36615388486930817,0.5429512858390808,0.3012847900390622,0.48340055465698256
residual_v2,44,star_concave,66,private-source://routeA_experiments/data/prospective_ood_rd_hddm_alpha001_v2/star_concave/sample_0066.npz,0b6d24abc0a7ac7e8c177054dfeb0fe09760ac17f68380edd5064919b3f5a1cb,0.006120489910244942,0.09802585839579668,0.681598721898537,0.756388247013092,0.4032870829105377,0.5888824611902238
residual_v2,44,star_concave,67,private-source://routeA_experiments/data/prospective_ood_rd_hddm_alpha001_v2/star_concave/sample_0067.npz,0ca774ec08694066988a6ae4ef908c7dfb68e93c52137929de1a67ca05e2995a,0.0062956660985946655,0.06412147616321036,0.2988411086772469,0.40316009521484375,0.2344191908836365,0.3303291952610016
residual_v2,44,star_concave,68,private-source://routeA_experiments/data/prospective_ood_rd_hddm_alpha001_v2/star_concave/sample_0068.npz,e76410fee1405db62c2b1b1129e514e7332ae0d1c54b743f299ee2fd119d95d8,0.006104905158281326,0.06893175430475484,0.5348467580314419,0.6096366345882416,0.3811719194054604,0.5506506490707405
residual_v2,44,star_concave,69,private-source://routeA_experiments/data/prospective_ood_rd_hddm_alpha001_v2/star_concave/sample_0069.npz,364b7c5d47826d22443658d1cb9c8b05008763aa6dd8a85bfa73678203751c21,0.0063948119059205055,0.0809317325034387,0.5344310023664635,0.7155542373657227,0.4065732941031456,0.5691664454340934
residual_v2,44,star_concave,70,private-source://routeA_experiments/data/prospective_ood_rd_hddm_alpha001_v2/star_concave/sample_0070.npz,7ae2d6139034f24d5fa0ecd56cf638c38a469593bfea66160f4a003c37c778af,0.006107744760811329,0.09273331365196412,0.7472420538874874,0.8559907376766205,0.5338205695152283,0.7661564350128174
residual_v2,44,star_concave,71,private-source://routeA_experiments/data/prospective_ood_rd_hddm_alpha001_v2/star_concave/sample_0071.npz,387823e996225fc808f345546490c6cfd199eedc7843a0aa5f39fe248acd4320,0.006118410266935825,0.09726744977314095,0.736121284143349,0.8789829015731812,0.5168246477842331,0.7908942699432373
residual_v2,44,star_concave,72,private-source://routeA_experiments/data/prospective_ood_rd_hddm_alpha001_v2/star_concave/sample_0072.npz,35ccb4b6c6fd7f8c488468219502bff16e032bd7df63bc8f74d635a6bc181457,0.006103155203163624,0.048735852538558264,0.23328421177073158,0.4058261811733246,0.18475716710090634,0.31633941411972033
residual_v2,44,star_concave,73,private-source://routeA_experiments/data/prospective_ood_rd_hddm_alpha001_v2/star_concave/sample_0073.npz,2738195cdbe5996a364285abc0046a1cb2d15377f53b9fe666c06434481dc2f6,0.006140902638435364,0.08095917449472524,0.83321391354847,0.8823058605194092,0.40122699141502366,0.7586598628759388
residual_v2,44,star_concave,74,private-source://routeA_experiments/data/prospective_ood_rd_hddm_alpha001_v2/star_concave/sample_0074.npz,d0d1391ed00492cecce69dfa827b340324d88adf3a584bf7899bf2ea4cc0314a,0.006414509378373623,0.08500132774502017,0.7076671251202211,0.8829894661903381,0.44431271702051156,0.775231370329856
residual_v2,44,star_concave,75,private-source://routeA_experiments/data/prospective_ood_rd_hddm_alpha001_v2/star_concave/sample_0075.npz,592a563399989b953ca42755b7dcf3082863fbc8512c089d574642d62bfa768f,0.005759023129940033,0.06332437592118217,0.32942644228175477,0.4660717248916626,0.2683999896049496,0.3754983830451965
residual_v2,44,star_concave,76,private-source://routeA_experiments/data/prospective_ood_rd_hddm_alpha001_v2/star_concave/sample_0076.npz,833a3a6d3d9ddba1bac61edee72bfdfb032a4ad685b0cec46d80805537b407fb,0.006409341469407082,0.08866626578810431,0.4149213345538626,0.5049978569149971,0.353859668597579,0.48864889070391654
residual_v2,44,star_concave,77,private-source://routeA_experiments/data/prospective_ood_rd_hddm_alpha001_v2/star_concave/sample_0077.npz,cfd4cb676fb49608dfc569217160e8783cceaeb7579e08c111f5b81d17f661e2,0.005646665580570698,0.10412075109804786,0.658209161474526,0.7158449292182922,0.540338933467865,0.6866694390773773
residual_v2,44,star_concave,78,private-source://routeA_experiments/data/prospective_ood_rd_hddm_alpha001_v2/star_concave/sample_0078.npz,7f023420213a2f7e2fd89a7dba911906863dce1e53ef77466750637ab128e623,0.006354953162372112,0.08346183676713485,0.5822715439404166,0.7202799022197723,0.4550635963678357,0.6429483914375298
residual_v2,44,star_concave,79,private-source://routeA_experiments/data/prospective_ood_rd_hddm_alpha001_v2/star_concave/sample_0079.npz,af0530854ecbd25049782a6643d0e28babcca47a66f81ffebbdeb2bee3d4add5,0.005173342302441597,0.07358101586074739,0.3768298454395219,0.4439662992954254,0.319818913936615,0.38059258460998535
residual_v2,44,star_concave,80,private-source://routeA_experiments/data/prospective_ood_rd_hddm_alpha001_v2/star_concave/sample_0080.npz,0d8bf642f804cdb4c44ec3c97a7c8aa4aee2892c6e9e3f5615119b6231c98adb,0.006540045142173767,0.09333188251048999,0.6017578553412168,0.7927286326885223,0.4718437671661377,0.6664709198474879
residual_v2,44,star_concave,81,private-source://routeA_experiments/data/prospective_ood_rd_hddm_alpha001_v2/star_concave/sample_0081.npz,fcf2bf5bfee08e8bfdd64849976df45af7e75bffcb95d99bd5340ec6e971576b,0.005197693593800068,0.07890781559101,0.5810960327930346,0.8184929490089417,0.37440359890460906,0.6570774114131922
residual_v2,44,star_concave,82,private-source://routeA_experiments/data/prospective_ood_rd_hddm_alpha001_v2/star_concave/sample_0082.npz,eecebee0f558d9151ce9118d6aed764ce2ca8fb51723395fa7340defaa974edd,0.006126806139945984,0.06841357140055399,0.8057097915873287,0.8965501189231873,0.2716754272580153,0.6976915556192409
residual_v2,44,star_concave,83,private-source://routeA_experiments/data/prospective_ood_rd_hddm_alpha001_v2/star_concave/sample_0083.npz,e5abdab9321ee56ed869ed460fa271c06a6390dc7c65469ad1fde0bfbc3f052e,0.00517117977142334,0.0706714182347766,0.6209711296171672,0.7862246632575989,0.40811932384967803,0.6268635964393612
residual_v2,44,star_concave,84,private-source://routeA_experiments/data/prospective_ood_rd_hddm_alpha001_v2/star_concave/sample_0084.npz,42b2e9080004dd7e87c755cf533ee961aee427788297acc5e783f709e47baeb3,0.005594533868134022,0.06720606054179741,0.4393349374045317,0.6164559423923492,0.3531632781028745,0.47431750118732463
residual_v2,44,star_concave,85,private-source://routeA_experiments/data/prospective_ood_rd_hddm_alpha001_v2/star_concave/sample_0085.npz,307c7f1bcc7bff44abcc6a30dc1e3969ede6f73df314300a047b61ccf6c3a378,0.006486314348876476,0.0817008466661558,0.6089967049883798,0.7215948104858398,0.4018729329109192,0.6699793100357061
residual_v2,44,star_concave,86,private-source://routeA_experiments/data/prospective_ood_rd_hddm_alpha001_v2/star_concave/sample_0086.npz,b3bb0c62290c26c875c27ae948d6b587087d0569c3f356201eb0f22fdb2a3e09,0.005644736811518669,0.0988433350192318,0.7246738667598394,0.8897411227226257,0.5568793684244157,0.7779658049345016
residual_v2,44,star_concave,87,private-source://routeA_experiments/data/prospective_ood_rd_hddm_alpha001_v2/star_concave/sample_0087.npz,7dbf43fba15e26840cbf500867302ab7673d25663cd48115751bfd9162ec41f8,0.005199864506721497,0.07589668368874664,0.35356823260985626,0.43167397379875183,0.3172020018100738,0.3879829788208009
residual_v2,44,star_concave,88,private-source://routeA_experiments/data/prospective_ood_rd_hddm_alpha001_v2/star_concave/sample_0088.npz,46b403b9b0883fb6fafe6d706ff132a9019b0523c686f8c32b2cf73973dc110b,0.006127391010522842,0.09358683962182748,0.6590953264349644,0.8205995559692383,0.5072375535964964,0.7037283158302303
residual_v2,44,star_concave,89,private-source://routeA_experiments/data/prospective_ood_rd_hddm_alpha001_v2/star_concave/sample_0089.npz,4b05a4955d6129f9c7936385ebb4ab230f3bef639b45cb994afa8092d2aa1480,0.005197637714445591,0.08052758999588058,0.6582303055373356,0.8008302450180054,0.4335250139236445,0.7260950636863707
residual_v2,44,star_concave,90,private-source://routeA_experiments/data/prospective_ood_rd_hddm_alpha001_v2/star_concave/sample_0090.npz,562c2f1d56afdd8da2679e39e24f0681dfc71b8a722e546b74aa0f3f574a15bc,0.006388436071574688,0.08591376670355896,0.6203028239982431,0.7214576005935669,0.4575012445449829,0.6393044090270991
residual_v2,44,star_concave,91,private-source://routeA_experiments/data/prospective_ood_rd_hddm_alpha001_v2/star_concave/sample_0091.npz,f841635f22b41963248fac05366396a38bf40de493e33e45588fb8fd0d09f968,0.00522797554731369,0.06893786589331316,0.4703271466614256,0.5884801745414734,0.34899113178253144,0.5154584020376205
residual_v2,44,star_concave,92,private-source://routeA_experiments/data/prospective_ood_rd_hddm_alpha001_v2/star_concave/sample_0092.npz,a4d8c9efc38c8dccdb95d6c4299d63e986137338f9a4d90ce862e166f09abfc5,0.005678882822394371,0.09295465926076221,0.6069233128515358,0.8139975070953369,0.4589745849370958,0.672494691610336
residual_v2,44,star_concave,93,private-source://routeA_experiments/data/prospective_ood_rd_hddm_alpha001_v2/star_concave/sample_0093.npz,aaa767ef1eddfd044b5bf6a9fbef6b61dc5de5a86360570f0a77b5f524e97dce,0.0061284443363547325,0.08238002865607075,0.6233801686040439,0.7804543077945709,0.4352675050497044,0.689167163074016
residual_v2,44,star_concave,94,private-source://routeA_experiments/data/prospective_ood_rd_hddm_alpha001_v2/star_concave/sample_0094.npz,a154a56ddefca8edbcf263aff519e91ce0f4e58465c7717e79c68dc97d11b9cd,0.00579439289867878,0.06676454673901577,0.30537274182002905,0.4180043786764145,0.2572805881500244,0.3442937850952145
residual_v2,44,star_concave,95,private-source://routeA_experiments/data/prospective_ood_rd_hddm_alpha001_v2/star_concave/sample_0095.npz,610bda6ba90ca73114af1042f6933531fbea7cab4fd66994183455d85a6010af,0.005206991918385029,0.08203155548151245,0.46154847581065966,0.6485683917999268,0.4147230371832846,0.525081652700901
residual_v2,44,star_concave,96,private-source://routeA_experiments/data/prospective_ood_rd_hddm_alpha001_v2/star_concave/sample_0096.npz,7917e7c1d6f0406fa9182f86bd5be59e3098f4dcff79f5930d3877b0a1e63145,0.006564643234014511,0.08023314445400401,0.5564501811270367,0.6986168920993805,0.39989036023616764,0.6007824528217329
residual_v2,44,star_concave,97,private-source://routeA_experiments/data/prospective_ood_rd_hddm_alpha001_v2/star_concave/sample_0097.npz,7d62afce33a59e7363d7fc907585bfe008936306d94881e9a078db26dc18157a,0.0052071381360292435,0.10620108126030917,0.5658938789348438,0.6767633557319641,0.44177931547164917,0.5966173708438873
residual_v2,44,star_concave,98,private-source://routeA_experiments/data/prospective_ood_rd_hddm_alpha001_v2/star_concave/sample_0098.npz,82c3fdcc10ce0484d81abe39a21224cfecabe860524345fd21840bdeb8f08905,0.006422068923711777,0.08228717024230778,0.49001427890042826,0.5766879320144653,0.3775879442691803,0.5295001611113552
residual_v2,44,star_concave,99,private-source://routeA_experiments/data/prospective_ood_rd_hddm_alpha001_v2/star_concave/sample_0099.npz,42899fd8a5f5a539afe710561c1d64b294124afd2a7fa4d6bfdc8dbb4cf853ae,0.005192691460251808,0.07953468895838427,0.3681610403362975,0.4642426371574402,0.3085952818393704,0.44330950349569326
residual_v2,44,star_concave,100,private-source://routeA_experiments/data/prospective_ood_rd_hddm_alpha001_v2/star_concave/sample_0100.npz,b2799e0a19e65139cf29cb348720c12f52c75ee9aecd3d993b39ffd6d77a7136,0.006142111495137215,0.10346696699927656,0.6526428812520556,0.7732321619987488,0.5335034072399133,0.7293040281534195
residual_v2,44,star_concave,101,private-source://routeA_experiments/data/prospective_ood_rd_hddm_alpha001_v2/star_concave/sample_0101.npz,77f5771f7fb6794527efaea4da878ab24f6c10142a63483a9d2d7d0cc360d2d1,0.006442546844482422,0.06824374482805297,0.37278860399911207,0.49141374230384827,0.342348650097847,0.44358721971511816
residual_v2,44,star_concave,102,private-source://routeA_experiments/data/prospective_ood_rd_hddm_alpha001_v2/star_concave/sample_0102.npz,7809a5edfb14edaf519c2b3af3950525a2e8c8a8afca6a8cd20dad8cca2ff262,0.0056137815117836,0.08571597088957568,0.5798476437104717,0.7341540455818176,0.42313453555107117,0.607686847448349
residual_v2,44,star_concave,103,private-source://routeA_experiments/data/prospective_ood_rd_hddm_alpha001_v2/star_concave/sample_0103.npz,1e622b0f01095983080bae30dd0105f2b63383dbb92566dee14bdc6b21842e3a,0.006404483690857887,0.07622624997188955,0.4915567944822609,0.5499765872955322,0.38330712914466847,0.49457497775554654
residual_v2,44,star_concave,104,private-source://routeA_experiments/data/prospective_ood_rd_hddm_alpha001_v2/star_concave/sample_0104.npz,a586ef53200f2a2874d0bec4d38d819164ee1ad51b9a31172756a0acac53eb4f,0.006525419652462006,0.09074104403075696,0.5698274548132275,0.653448760509491,0.4587922632694243,0.6258400750160205
residual_v2,44,star_concave,105,private-source://routeA_experiments/data/prospective_ood_rd_hddm_alpha001_v2/star_concave/sample_0105.npz,fbe036f3ba7e29c58ad15958277e4f0a631d9dbe9c9738a712d0e120979da252,0.005629817955195904,0.08515900176351811,0.4741894681171696,0.6349995732307434,0.39176838845014555,0.5551734346151354
residual_v2,44,star_concave,106,private-source://routeA_experiments/data/prospective_ood_rd_hddm_alpha001_v2/star_concave/sample_0106.npz,77ee446c4ec99eb4a4a69271d7442b40755008e0ba89f52f06102e4951fdcc97,0.006131851114332676,0.07747878406560134,0.5446750908162771,0.6328478455543518,0.4374827429652213,0.5830723953247064
residual_v2,44,star_concave,107,private-source://routeA_experiments/data/prospective_ood_rd_hddm_alpha001_v2/star_concave/sample_0107.npz,9909df5b2c8cb43975e27322a09dd30924b8b2486f3909f2d4c0263e6a420e1d,0.005717636086046696,0.0856162761472404,0.5910106477939979,0.7060306668281555,0.4629757061600684,0.6548360508680343
residual_v2,44,star_concave,108,private-source://routeA_experiments/data/prospective_ood_rd_hddm_alpha001_v2/star_concave/sample_0108.npz,f14296487a120c18b86ed5166d56b76a1092cb2d50d54253bdd3df784730f435,0.005184306763112545,0.08902604408941726,0.5683715598575902,0.6777699589729309,0.4575808644294739,0.6130228877067567
residual_v2,44,star_concave,109,private-source://routeA_experiments/data/prospective_ood_rd_hddm_alpha001_v2/star_concave/sample_0109.npz,5efae8b79d62692fd4d6c11d4acd9743008b0f6f1cfb22f8da84314c1ee13027,0.0061220815405249596,0.059318254044053456,0.3108491865272645,0.40278011560440063,0.25752895176410634,0.3710090559720993
residual_v2,44,star_concave,110,private-source://routeA_experiments/data/prospective_ood_rd_hddm_alpha001_v2/star_concave/sample_0110.npz,6bee368483186df489d00f012aa97037205449bd3f079d246194cff1b1db79de,0.0052033765241503716,0.08005802619146524,0.5182784004392081,0.7095538973808289,0.389494442939758,0.577100322842598
residual_v2,44,star_concave,111,private-source://routeA_experiments/data/prospective_ood_rd_hddm_alpha001_v2/star_concave/sample_0111.npz,fd36365012b8b08fa6dc5f679418b95a812fb25fcf02da8f8a2d78a1da20b90c,0.0065198298543691635,0.07282180618382453,0.3839926331854991,0.4630705416202545,0.27610995918512365,0.33285696238279344
residual_v2,44,star_concave,112,private-source://routeA_experiments/data/prospective_ood_rd_hddm_alpha001_v2/star_concave/sample_0112.npz,b196163e725c5f13e063b03c2f311a38a83498677188bbaf9ac548c04137ff1d,0.006426721811294556,0.06800130790990375,0.4528721471965052,0.5581254959106445,0.3338027849793433,0.5049791550636283
residual_v2,44,star_concave,113,private-source://routeA_experiments/data/prospective_ood_rd_hddm_alpha001_v2/star_concave/sample_0113.npz,7658116c35833629bbbdd3be7ac254197c8b3f70373a5754e1852a1c944adc54,0.005186037160456181,0.06081211048288156,0.2733370098841553,0.30949680507183075,0.2059844546020031,0.2532306194305418
residual_v2,44,star_concave,114,private-source://routeA_experiments/data/prospective_ood_rd_hddm_alpha001_v2/star_concave/sample_0114.npz,8f464174cd05f745a11b44e72ec62293d308f5bfee0b7c4c97ee27afabc9bf12,0.006139687262475491,0.0807538600017428,0.4823254255659375,0.5830108821392059,0.40114790201187106,0.560306203365326
residual_v2,44,star_concave,115,private-source://routeA_experiments/data/prospective_ood_rd_hddm_alpha001_v2/star_concave/sample_0115.npz,55f49c70429cd725bd076dc190ba781d383feb5f68c35cbb727215adf3ca2cec,0.00519872922450304,0.08794027843316826,0.6981958861540013,0.825928658246994,0.5052903413772583,0.7283566963672637
residual_v2,44,star_concave,116,private-source://routeA_experiments/data/prospective_ood_rd_hddm_alpha001_v2/star_concave/sample_0116.npz,33ab98c78fdf1aa6324852fc2a61462352f31e540635776c19a0a5cb1b72349f,0.006124361418187618,0.05251149282893677,0.2589233699169016,0.3432578444480896,0.22553202882409096,0.31356873512268063
residual_v2,44,star_concave,117,private-source://routeA_experiments/data/prospective_ood_rd_hddm_alpha001_v2/star_concave/sample_0117.npz,63ca60b899abf7eb56048e8d86ac5f797ba727942040871be466de9220f807c3,0.005200022831559181,0.08061750897633636,0.5914241091467555,0.7116420865058899,0.41491857171058655,0.6468364477157591
residual_v2,44,star_concave,118,private-source://routeA_experiments/data/prospective_ood_rd_hddm_alpha001_v2/star_concave/sample_0118.npz,5e1445f7a185641f6adb0d6871fb8cbda8664f8551f637d8f69b41e8462db0b1,0.00606650672852993,0.09054611294189842,0.5872992075190273,0.6527698636054993,0.4665591791272162,0.5814052852988238
residual_v2,44,star_concave,119,private-source://routeA_experiments/data/prospective_ood_rd_hddm_alpha001_v2/star_concave/sample_0119.npz,781b03ef3e3e9f67cd090b7ccee86f87669c7a22a2e3aa0b82e4560d2b21820f,0.005214127711951733,0.07346257877645951,0.5846933639198624,0.6814171671867371,0.3757670626044272,0.6115259814262387
residual_v2,44,star_concave,120,private-source://routeA_experiments/data/prospective_ood_rd_hddm_alpha001_v2/star_concave/sample_0120.npz,476685abe2472a157969c1f5a839fe7f1aded68fd5977ece1881cb5d6ed61345,0.005597991868853569,0.0784856060503019,0.557532194971575,0.703292042016983,0.39551956094801377,0.6366382986307141
residual_v2,44,star_concave,121,private-source://routeA_experiments/data/prospective_ood_rd_hddm_alpha001_v2/star_concave/sample_0121.npz,d44dd313ef06efdc53842cbcd25e7c94f8002b26269a8d974d6b4e2189c7cf49,0.005630220286548138,0.0708108563166285,0.44822629533148034,0.5752643346786499,0.34580039978027344,0.4963505983352662
residual_v2,44,star_concave,122,private-source://routeA_experiments/data/prospective_ood_rd_hddm_alpha001_v2/star_concave/sample_0122.npz,7c749504b1437233839eacfc2c94c00613d75381374e8f1ac33b9197daf4612f,0.005668647587299347,0.08291386500714364,0.4618738043656111,0.6384289264678955,0.3301826000213621,0.5367512726783757
residual_v2,44,star_concave,123,private-source://routeA_experiments/data/prospective_ood_rd_hddm_alpha001_v2/star_concave/sample_0123.npz,2f7b8f1084aa65d36f64bdfd0ad63dba1070e18b385551aaeeed4bd3345d07eb,0.005443466827273369,0.07950365149302417,0.5506877818900884,0.6893481016159058,0.40717598199844324,0.6045003950595855
residual_v2,44,star_concave,124,private-source://routeA_experiments/data/prospective_ood_rd_hddm_alpha001_v2/star_concave/sample_0124.npz,ee8cc9c9780afa5d2b0a24922a73005506c2939875b3c50b69bf8b4fb4097be6,0.005204581655561924,0.07895783132176931,0.48285595589953023,0.6007662415504456,0.4085621580481527,0.5350269392132757
residual_v2,44,star_concave,125,private-source://routeA_experiments/data/prospective_ood_rd_hddm_alpha001_v2/star_concave/sample_0125.npz,95c3cac8c54fe43f20a59431a44f07cf020825ee735ba75cd2bc048b4c3859ba,0.005634307861328125,0.08541573863550182,0.6479997616007289,0.8136598467826843,0.46953390240669274,0.6907394325733169
residual_v2,44,star_concave,126,private-source://routeA_experiments/data/prospective_ood_rd_hddm_alpha001_v2/star_concave/sample_0126.npz,92785828d21aa7474cbb2eead5c468fc662d8408973e402dbf64a5491b7aa6d3,0.005631803534924984,0.07155728561683318,0.3320502804310624,0.4307097792625427,0.287354838848114,0.398199457526207
residual_v2,44,star_concave,127,private-source://routeA_experiments/data/prospective_ood_rd_hddm_alpha001_v2/star_concave/sample_0127.npz,6240432158188c6377d1af044607ddc0d26482f74bd3ca875898f7064546cc93,0.005487111397087574,0.08013518370622602,0.5143264342985922,0.5642150044441223,0.38307955414056766,0.5105810731649395
residual_v2,44,star_concave,128,private-source://routeA_experiments/data/prospective_ood_rd_hddm_alpha001_v2/star_concave/sample_0128.npz,0b59ec75f4c8496864064dfb32ae8a9d4126678dbd85fe5bd0591e5216f96aad,0.005661425180733204,0.05808326720660672,0.3112975845912396,0.4662032127380371,0.27320889830589284,0.382992959022522
residual_v2,44,star_concave,129,private-source://routeA_experiments/data/prospective_ood_rd_hddm_alpha001_v2/star_concave/sample_0129.npz,490cffc887e2ec71d5a39def540ee809507583f309dc44b073e953a6e4be1aae,0.005242343991994858,0.06354175919515472,0.36728475748953054,0.4124505817890167,0.2973774880170823,0.3721579605340955
residual_v2,44,star_concave,130,private-source://routeA_experiments/data/prospective_ood_rd_hddm_alpha001_v2/star_concave/sample_0130.npz,4d1e8d96d7fcb07225ed2c80819afd45bed479d7b0276561f62b212b99b225f9,0.005185251124203205,0.06525057387003354,0.356919339338558,0.472988098859787,0.30370116531848895,0.386974229812622
residual_v2,44,star_concave,131,private-source://routeA_experiments/data/prospective_ood_rd_hddm_alpha001_v2/star_concave/sample_0131.npz,e67f5f3314eb9639b1a29bc2cf34e4154f8c3a4c6aa5b1e046f23015f1913345,0.005220000632107258,0.07775070015736438,0.5486752383212268,0.7398805916309357,0.4474038720130916,0.6654051291942598
residual_v2,44,star_concave,132,private-source://routeA_experiments/data/prospective_ood_rd_hddm_alpha001_v2/star_concave/sample_0132.npz,efbafa19d305c98c4298b184f17160dd263aea854458f681e045011684a4500f,0.005182547494769096,0.09954447388946772,0.6879677023591864,0.7854506969451904,0.5437397047877309,0.7281670957803725
residual_v2,44,star_concave,133,private-source://routeA_experiments/data/prospective_ood_rd_hddm_alpha001_v2/star_concave/sample_0133.npz,ac5b59374058467ba8a0e8d1038c302b291ebfe33dddcefd3485c09e5e9db034,0.005211543291807175,0.07293872618549108,0.4158557355019629,0.5401633977890015,0.35652828216552734,0.48219971060752875
residual_v2,44,star_concave,134,private-source://routeA_experiments/data/prospective_ood_rd_hddm_alpha001_v2/star_concave/sample_0134.npz,698cdfaf758c0ce8534b7887fe5c24d821ec04157ead34e39f7d1688a4d1fee6,0.005198027938604355,0.1012113040645757,0.6151619786649319,0.730960488319397,0.547524596750736,0.7015248578786851
residual_v2,44,star_concave,135,private-source://routeA_experiments/data/prospective_ood_rd_hddm_alpha001_v2/star_concave/sample_0135.npz,0d0c4a18379290c731fed21f2627bb012972aa932a5c0fa3600440ca617362f5,0.005207921378314495,0.0824024557160522,0.48851874471078605,0.6841158866882324,0.3803225219249726,0.5288949966430664
residual_v2,44,star_concave,136,private-source://routeA_experiments/data/prospective_ood_rd_hddm_alpha001_v2/star_concave/sample_0136.npz,a21474628f5ea2e01e6c6c31400fa79e80f00f083e5762d1d2ec8da62832bf51,0.005192908458411694,0.09565387683094213,0.6097530515839117,0.7239742279052734,0.479223296046257,0.6265783041715626
residual_v2,44,star_concave,137,private-source://routeA_experiments/data/prospective_ood_rd_hddm_alpha001_v2/star_concave/sample_0137.npz,32270c08d5c4d02df1b251216ac2ec68396e8de703996d34c566047242ecf071,0.005523796193301678,0.07534724041908045,0.6618927440574868,0.7780120670795441,0.3707787632942186,0.6650119285285471
residual_v2,44,star_concave,138,private-source://routeA_experiments/data/prospective_ood_rd_hddm_alpha001_v2/star_concave/sample_0138.npz,56a5ba648e8989fd8e4fc2b097d1cf6bbd55365822d1df293d231a02772f474f,0.0058324746787548065,0.07153615597179216,0.45922526299793526,0.5253384411334991,0.3639073371887207,0.4746306657791139
residual_v2,44,star_concave,139,private-source://routeA_experiments/data/prospective_ood_rd_hddm_alpha001_v2/star_concave/sample_0139.npz,50a825fb9f6a3ca2a14f234f813b84e2393c4954818d874df32d742dd2c44f7b,0.005657527595758438,0.07525333001000263,0.45892679843972023,0.5645420551300049,0.3673955172300337,0.5152538007497788
residual_v2,44,star_concave,140,private-source://routeA_experiments/data/prospective_ood_rd_hddm_alpha001_v2/star_concave/sample_0140.npz,6eed5033eeb5de188451d9e26ad8eacf53f167e16caf0c850f271c37e72a7343,0.005497151054441929,0.060277187454408,0.31788507464192756,0.4482022225856781,0.25655636191368103,0.3640089631080627
residual_v2,44,star_concave,141,private-source://routeA_experiments/data/prospective_ood_rd_hddm_alpha001_v2/star_concave/sample_0141.npz,a907cd099a64c8511634df9793e5009356b21e455167b82fc179a582273ad2e0,0.005725052207708359,0.07034387823692403,0.31705527154817315,0.3875179886817932,0.26928535699844364,0.3455450487136841
residual_v2,44,star_concave,142,private-source://routeA_experiments/data/prospective_ood_rd_hddm_alpha001_v2/star_concave/sample_0142.npz,c351df90c2012fee03b759f7e74a2cc328cbd5e58c5ca8cb337cbb12147212f7,0.005721290595829487,0.07519561966933432,0.522503681988473,0.7077062726020813,0.4369118884205818,0.656884127855301
residual_v2,44,star_concave,143,private-source://routeA_experiments/data/prospective_ood_rd_hddm_alpha001_v2/star_concave/sample_0143.npz,098448b2527ae0bc73253fde5c87522c791cf59537cba8edcd6d7caf1b4e6865,0.005719959735870361,0.07682674940331781,0.7038828056492061,0.7903150916099548,0.3415132720023393,0.6403005385398864
residual_v2,44,star_concave,144,private-source://routeA_experiments/data/prospective_ood_rd_hddm_alpha001_v2/star_concave/sample_0144.npz,36e501d5cd401896953395e689dd63829d255ca199339df9d550472e654739f2,0.0057766018435359,0.07587334073897696,0.3819701437944115,0.5232196152210236,0.3076962932944298,0.44368269681930544
residual_v2,44,star_concave,145,private-source://routeA_experiments/data/prospective_ood_rd_hddm_alpha001_v2/star_concave/sample_0145.npz,0ad05974dcc3a0058ef1c0d09bc6dac91b0ff378c5f5b05dd51a53e776b533f1,0.005626768805086613,0.07969616918164896,0.539036318554908,0.6766092777252197,0.3869294598698616,0.632623128592968
residual_v2,44,star_concave,146,private-source://routeA_experiments/data/prospective_ood_rd_hddm_alpha001_v2/star_concave/sample_0146.npz,04fe2315b6738e155a6f486405ee2732ffd869607809f609396295991e3da6ca,0.005218801088631153,0.0814775964929445,0.6046690090585131,0.6987645626068115,0.38099275827407814,0.6327166128158562
residual_v2,44,star_concave,147,private-source://routeA_experiments/data/prospective_ood_rd_hddm_alpha001_v2/star_concave/sample_0147.npz,9bf550380294c2bbc3282540dbb56f5b988b488b234567a6ee8ced872a31ed48,0.005458995699882507,0.09371166293758179,0.5946500071434122,0.7148638069629669,0.45372104197740554,0.6140440762043
residual_v2,44,star_concave,148,private-source://routeA_experiments/data/prospective_ood_rd_hddm_alpha001_v2/star_concave/sample_0148.npz,a001adad8040c93bc67319afa17cd043927ab409b2e313f15a99d6459047bba9,0.0061335377395153046,0.05964571294190659,0.34231800560536063,0.4991324543952942,0.2629406407475471,0.42299276888370524
residual_v2,44,star_concave,149,private-source://routeA_experiments/data/prospective_ood_rd_hddm_alpha001_v2/star_concave/sample_0149.npz,b1137e6b1881fb85aa272787edec47cc66bdc286b602033c5c62eca8ca8eb42f,0.005469921976327896,0.08991814675756585,0.6256458075331693,0.7071256041526794,0.4538782328367234,0.6693603014945985
residual_v2,44,star_concave,150,private-source://routeA_experiments/data/prospective_ood_rd_hddm_alpha001_v2/star_concave/sample_0150.npz,1a1346fbc7a0a6b7a450694616d1bed605f9aea6a06aa42f6b0fc13fc0c1b237,0.006157645024359226,0.07105028334148981,0.32696371539259883,0.4381830096244812,0.27335391342639925,0.38550774276256566
residual_v2,44,star_concave,151,private-source://routeA_experiments/data/prospective_ood_rd_hddm_alpha001_v2/star_concave/sample_0151.npz,0c37adba479d7c1e405d14ee8ca362906b22789dcd73cd0025cea686b9d5868f,0.005443238653242588,0.07790825879142856,0.5157083883794006,0.6483456492424011,0.39872917830944055,0.5655235227942466
residual_v2,44,star_concave,152,private-source://routeA_experiments/data/prospective_ood_rd_hddm_alpha001_v2/star_concave/sample_0152.npz,493bd2253a0889cc50e1ea615e373a8197fb7e27b206ad5689e02586553e761d,0.006143616512417793,0.07531517513180049,0.3675810462635671,0.50279501080513,0.3106943964958191,0.4689137816429139
residual_v2,44,star_concave,153,private-source://routeA_experiments/data/prospective_ood_rd_hddm_alpha001_v2/star_concave/sample_0153.npz,ac82ba7a6e4d926236266e27b4eb944cfbb25cd0f65fa764d0c5b34ba6446fbc,0.005451492965221405,0.08963719516371497,0.5778103364473529,0.7259377241134644,0.46318048387765876,0.6138944181799889
residual_v2,44,star_concave,154,private-source://routeA_experiments/data/prospective_ood_rd_hddm_alpha001_v2/star_concave/sample_0154.npz,5b375d8a82047d688b8f0bc6d7eda5883b59ffd29e73eda4a65465ff28977100,0.0061310166493058205,0.06646457709366799,0.43677368745155903,0.5437726378440857,0.3573067426681517,0.45508578658103943
residual_v2,44,star_concave,155,private-source://routeA_experiments/data/prospective_ood_rd_hddm_alpha001_v2/star_concave/sample_0155.npz,c227feb4bc838ca459c2cdb6c2fe08d3c97cd3c54cb120325b6eb8829f0427da,0.00551251694560051,0.09642601649478823,0.5594854904309479,0.6572470664978027,0.45335909426212273,0.60863530755043
residual_v2,44,star_concave,156,private-source://routeA_experiments/data/prospective_ood_rd_hddm_alpha001_v2/star_concave/sample_0156.npz,d7923a77a7cd74c3df6621aa963a43fdaad4ae9ab5641757571ff70cccab19c3,0.006144067272543907,0.08370412570900501,0.5274880245423187,0.6674095392227173,0.42120490074157724,0.5357563036680223
residual_v2,44,star_concave,157,private-source://routeA_experiments/data/prospective_ood_rd_hddm_alpha001_v2/star_concave/sample_0157.npz,bf1ed5ee95cebaaeec4337c10cbb37257a3764baccb51eb2db3b192c4b7f0705,0.005440582521259785,0.07147900514912414,0.42842076900605114,0.6303740739822388,0.29428665786981556,0.4683352443575861
residual_v2,44,star_concave,158,private-source://routeA_experiments/data/prospective_ood_rd_hddm_alpha001_v2/star_concave/sample_0158.npz,2d48518d53f1d4302822bc23c36b8e9a725fccad2e348f481c1965dc1fd043e7,0.006146743893623352,0.07694529727115307,0.4451635460217326,0.6402007639408112,0.3490963727235794,0.5070906355977058
residual_v2,44,star_concave,159,private-source://routeA_experiments/data/prospective_ood_rd_hddm_alpha001_v2/star_concave/sample_0159.npz,afeaff165894f7669804972e11c2e6e7574a89f195a0fedaba5dcc77e4915143,0.005668342113494873,0.0927757355105216,0.6867102980278564,0.8152394890785217,0.4643906414508816,0.688751165866852
residual_v2,44,star_concave,160,private-source://routeA_experiments/data/prospective_ood_rd_hddm_alpha001_v2/star_concave/sample_0160.npz,93d98230e4954693c935e7b6a7af76c2fa25aefb83d1da6027d6e69f2937d6be,0.006137259304523468,0.07750647197618349,0.5009481284862283,0.5966904163360596,0.3999542593955994,0.5650387954711911
residual_v2,44,star_concave,161,private-source://routeA_experiments/data/prospective_ood_rd_hddm_alpha001_v2/star_concave/sample_0161.npz,00e0f59193a483fa4f91a44aba4dc7a7d193df42292ed52da041457e2e87fce9,0.005428822711110115,0.07878749010532604,0.36178259139133695,0.4281388223171234,0.2718932032585144,0.36871865391731284
residual_v2,44,star_concave,162,private-source://routeA_experiments/data/prospective_ood_rd_hddm_alpha001_v2/star_concave/sample_0162.npz,73adab284c949cf7286e1d55e2f7271f8e574888733c538e9bd6c7126210d7dc,0.006163254380226135,0.08791764893331443,0.5785461424886846,0.8168990612030029,0.4458599179983138,0.7045663851499548
residual_v2,44,star_concave,163,private-source://routeA_experiments/data/prospective_ood_rd_hddm_alpha001_v2/star_concave/sample_0163.npz,62f2fdf3ad685d63e6744d4c87f1be77f5f4f173f3ac97973519283437aec8be,0.00543044600635767,0.05302947413220237,0.26359844684738887,0.39878278970718384,0.21432869434356688,0.3342626559734346
residual_v2,44,star_concave,164,private-source://routeA_experiments/data/prospective_ood_rd_hddm_alpha001_v2/star_concave/sample_0164.npz,9d5ca7a47c569f8001da60474a5d5cd6410704b0b88a94c1bbb617a3ff070b6f,0.0060974061489105225,0.0596539914570238,0.30797734904087676,0.4418799877166748,0.22151738405227672,0.34028772830963133
residual_v2,44,star_concave,165,private-source://routeA_experiments/data/prospective_ood_rd_hddm_alpha001_v2/star_concave/sample_0165.npz,29665dc936a4f0885b352ba542d5b84c26ef8365b7471657a0b18a6199a4ec20,0.005474993027746677,0.09350064621520442,0.8265955401975623,0.9447677731513977,0.5675841897726057,0.8070347362756736
residual_v2,44,star_concave,166,private-source://routeA_experiments/data/prospective_ood_rd_hddm_alpha001_v2/star_concave/sample_0166.npz,cc601404792128ea7fb0b9e382daf4044b16752726051d33d189af92b63e9219,0.006113654002547264,0.08272606090346199,0.5800430603425446,0.7008785307407379,0.42798675894737187,0.6087764310836792
residual_v2,44,star_concave,167,private-source://routeA_experiments/data/prospective_ood_rd_hddm_alpha001_v2/star_concave/sample_0167.npz,9fee3ab4e68d3386753b768109d90049f0d9ab17092f3bad0ae4e29e01fdff2e,0.005461446940898895,0.10714777888322881,0.6604182981758994,0.7816129922866821,0.5530402064323425,0.7257504403591156
residual_v2,44,star_concave,168,private-source://routeA_experiments/data/prospective_ood_rd_hddm_alpha001_v2/star_concave/sample_0168.npz,5b47765a6290b94b7d7ff73de6aabe979deba65e29f667e2494d93f1fe8e4c53,0.006109263747930527,0.08151503741099769,0.647139762990494,0.7614363431930542,0.4609794318675995,0.6672642081975902
residual_v2,44,star_concave,169,private-source://routeA_experiments/data/prospective_ood_rd_hddm_alpha001_v2/star_concave/sample_0169.npz,67bb298709d810bd66de79e3e631cbfe3470c51d81de1358148a67ea69a6734a,0.005480914376676083,0.09450418375319318,0.5393495045339125,0.6884057521820068,0.4580378174781801,0.6307558584213256
residual_v2,44,star_concave,170,private-source://routeA_experiments/data/prospective_ood_rd_hddm_alpha001_v2/star_concave/sample_0170.npz,ea79ed68e7fcbed7d4821fb08f6d31cd221c7d535e9e6e347dbabbc6c225268f,0.0061067985370755196,0.07838420728630872,0.4289794184595739,0.4994252324104309,0.38769064247608187,0.4732172900438308
residual_v2,44,star_concave,171,private-source://routeA_experiments/data/prospective_ood_rd_hddm_alpha001_v2/star_concave/sample_0171.npz,4dce99e393c3f3aeec70b32543086cd0503997a3c73bb6088a2ea5028ddb609e,0.00544055737555027,0.057631363785237436,0.25281791766748346,0.3270600438117981,0.20199264958500862,0.27035318315029244
residual_v2,44,star_concave,172,private-source://routeA_experiments/data/prospective_ood_rd_hddm_alpha001_v2/star_concave/sample_0172.npz,95062a2be872adfe3d433448a364573f1dcc6d23c46c7283098e1ff3266aa2cb,0.0061361342668533325,0.07294639184995566,0.3825894778799926,0.5210385620594025,0.2984972894191742,0.430860447883606
residual_v2,44,star_concave,173,private-source://routeA_experiments/data/prospective_ood_rd_hddm_alpha001_v2/star_concave/sample_0173.npz,f973c30b18b35d7e13fca880aa62b6d77b406606fa79bcf4e05ea9a183aaf747,0.005491411313414574,0.07891686382784385,0.6393256891252898,0.8187728524208069,0.46170736104249954,0.7365981191396713
residual_v2,44,star_concave,174,private-source://routeA_experiments/data/prospective_ood_rd_hddm_alpha001_v2/star_concave/sample_0174.npz,da423e7fb1017a419fd9e39c9877f0fe4936a8ade7a8744fb4d05f24020d1525,0.006140189245343208,0.06771537443433881,0.29767516879498307,0.35840266942977905,0.21264963150024402,0.2885763776302337
residual_v2,44,star_concave,175,private-source://routeA_experiments/data/prospective_ood_rd_hddm_alpha001_v2/star_concave/sample_0175.npz,be6a60f58fa788e5509f48f70ce14bcccc9e8f4e06b149f5ea02f032e86a0c01,0.005447789095342159,0.06461362828528305,0.44460444582357456,0.5976958572864532,0.30307674407958984,0.5125919729471209
residual_v2,44,star_concave,176,private-source://routeA_experiments/data/prospective_ood_rd_hddm_alpha001_v2/star_concave/sample_0176.npz,8bca2d2f749dcf57abe9c29c0e66817254b5dd336a1895b563295dbe661c1ac8,0.006104624830186367,0.08388593875654263,0.6028505537714217,0.7730827927589417,0.4542563557624817,0.6901250720024122
residual_v2,44,star_concave,177,private-source://routeA_experiments/data/prospective_ood_rd_hddm_alpha001_v2/star_concave/sample_0177.npz,c146dae9f67d3f4d0626465827bfbba0af9e30abda534b39cabbf5dc3afd7c2b,0.006495061330497265,0.08791306352277194,0.6676554061299519,0.8229666650295258,0.42081671953201294,0.7032850623130801
residual_v2,44,star_concave,178,private-source://routeA_experiments/data/prospective_ood_rd_hddm_alpha001_v2/star_concave/sample_0178.npz,567152031c4a0bb7383960f1716de7f47aaa09e1c18c4a8edc5894592a36008b,0.005968237295746803,0.08703096991850683,0.5853218648050248,0.7468930184841156,0.46220000237226494,0.6742862910032272
residual_v2,44,star_concave,179,private-source://routeA_experiments/data/prospective_ood_rd_hddm_alpha001_v2/star_concave/sample_0179.npz,c19450a9dbc614eb8e816ca15caa11f305314c88880e41a46b7a06a76270e9ef,0.005707950331270695,0.08380878779170138,0.6273652650909105,0.7333904802799225,0.4567503184080124,0.6662142828106883
residual_v2,44,star_concave,180,private-source://routeA_experiments/data/prospective_ood_rd_hddm_alpha001_v2/star_concave/sample_0180.npz,979feb1dc5c9097d8b179d7c9936fa43ca9a7ad06aef8e9ddfd57ec83d56543b,0.006460919976234436,0.08511754979146505,0.45125316286674794,0.5812762379646301,0.3815051466226578,0.5182413220405576
residual_v2,44,star_concave,181,private-source://routeA_experiments/data/prospective_ood_rd_hddm_alpha001_v2/star_concave/sample_0181.npz,9c2177662c7e7706987e5b9fc840e754df3531627695145c95cb0168891b0ec3,0.005869773216545582,0.09626051890278173,0.7085155358652794,0.8479346036911011,0.5178582668304443,0.7380884200334545
residual_v2,44,star_concave,182,private-source://routeA_experiments/data/prospective_ood_rd_hddm_alpha001_v2/star_concave/sample_0182.npz,8e1f45388232b975857cf0eb5e800633511cd0fdc84fcac39506fd7ab06dd0ea,0.006096594966948032,0.08284259040121854,0.685665933894019,0.8026422262191772,0.3862417936325073,0.7135818541049955
residual_v2,44,star_concave,183,private-source://routeA_experiments/data/prospective_ood_rd_hddm_alpha001_v2/star_concave/sample_0183.npz,f6af694d75d001d3c452801ea94aa82b47a2951f62861ba1a2885df85ec62b14,0.0060771917924284935,0.059326222189450835,0.30857941448744086,0.4961661994457245,0.2684310972690582,0.39376845955848694
residual_v2,44,star_concave,184,private-source://routeA_experiments/data/prospective_ood_rd_hddm_alpha001_v2/star_concave/sample_0184.npz,80d8e656007fb51095a1c187bc0dabfc69020fb316baf6af22ca45bdd6eedb55,0.005482924170792103,0.08366098739390569,0.5460133825241005,0.7080103754997253,0.4202400892972946,0.5970454841852186
residual_v2,44,star_concave,185,private-source://routeA_experiments/data/prospective_ood_rd_hddm_alpha001_v2/star_concave/sample_0185.npz,b5b247991e1e38b65af33f6e252ad30525ed1c2bb81d00bb8d67895a71fe25cc,0.006141530349850655,0.10748628181395507,0.7582081072457099,0.8441567420959473,0.5192182034254073,0.762813915014267
residual_v2,44,star_concave,186,private-source://routeA_experiments/data/prospective_ood_rd_hddm_alpha001_v2/star_concave/sample_0186.npz,9cb3e8ed6dd35a1f1bd2884d7ccc37720ce91f97c87bb62db2bc7319ed7fa9ce,0.00545161310583353,0.091206172111701,0.5715558494802603,0.6158531606197357,0.45487005263566943,0.5693678376078606
residual_v2,44,star_concave,187,private-source://routeA_experiments/data/prospective_ood_rd_hddm_alpha001_v2/star_concave/sample_0187.npz,b8a01e68369ac0ae2301cde85ae4523b06b6f852ccb68151c27e7b7a2e264805,0.006112639792263508,0.0581840968114219,0.3107220113804585,0.5130058526992798,0.22376060485839844,0.39176383614540133
residual_v2,44,star_concave,188,private-source://routeA_experiments/data/prospective_ood_rd_hddm_alpha001_v2/star_concave/sample_0188.npz,402356ecf909dc7f80ce7a4fb74b2796d69e54097bc2e4bf1d0affd48a478691,0.005434439517557621,0.07240176045725226,0.3541741523734449,0.42779576778411865,0.27790621519088743,0.39151908636093147
residual_v2,44,star_concave,189,private-source://routeA_experiments/data/prospective_ood_rd_hddm_alpha001_v2/star_concave/sample_0189.npz,5d3af4e72fcbfb55abad2633b7b50c6ff1698d6149444cbb224faeb9fb80f7e1,0.00611288845539093,0.09313738172501326,0.5476869667353416,0.6581117510795593,0.46126513481140125,0.6015928268432618
residual_v2,44,star_concave,190,private-source://routeA_experiments/data/prospective_ood_rd_hddm_alpha001_v2/star_concave/sample_0190.npz,64ee3e78ef955d620e48dfc0c0575b217089daaeb07f6fd6b698b494d20cdc97,0.006400696001946926,0.07669419185162431,0.5892531504554681,0.7328044176101685,0.44772070050239615,0.6621677577495569
residual_v2,44,star_concave,191,private-source://routeA_experiments/data/prospective_ood_rd_hddm_alpha001_v2/star_concave/sample_0191.npz,6b6e2f1ef2a5225659b22dd222cfdeb623e3a9d34d146460b1201ec2c58ac5f2,0.005451473407447338,0.0971261191792523,0.6380314558382247,0.755691260099411,0.5390320420265198,0.7028579115867614
residual_v2,44,star_concave,192,private-source://routeA_experiments/data/prospective_ood_rd_hddm_alpha001_v2/star_concave/sample_0192.npz,81e07c354e8b9090deac2dd659d673aa62dcc492675457e68850919289c02ee1,0.006453743204474449,0.0806043003152468,0.5951131208668924,0.7008892893791199,0.415030348300934,0.6357511711120606
residual_v2,44,star_concave,193,private-source://routeA_experiments/data/prospective_ood_rd_hddm_alpha001_v2/star_concave/sample_0193.npz,2a055578d35dbeaf6f9777c70db61a17e59b21e0e089c4b73fe73fc8f30ee5c9,0.006290950812399387,0.08374427209785913,0.6348932606003691,0.7411525249481201,0.4687146425247194,0.6841518932580946
residual_v2,44,star_concave,194,private-source://routeA_experiments/data/prospective_ood_rd_hddm_alpha001_v2/star_concave/sample_0194.npz,015bc47bb4c5ba3f27b05a1792fbb44af4337d85c98d106323f3d69d268d8c7a,0.005979640409350395,0.09064299968256036,0.6810704503033919,0.8054101467132568,0.49994778633117676,0.7392438292503348
residual_v2,44,star_concave,195,private-source://routeA_experiments/data/prospective_ood_rd_hddm_alpha001_v2/star_concave/sample_0195.npz,4dc63967e6d5bcb0dad8dc928ac1c21ef324161440414cdd69f8fa0670c5622c,0.005899693816900253,0.08668535372931209,0.6030296891244761,0.7350541949272156,0.4003755092620841,0.6187987536191939
residual_v2,44,star_concave,196,private-source://routeA_experiments/data/prospective_ood_rd_hddm_alpha001_v2/star_concave/sample_0196.npz,98c3c846abd7760ff75322a10ea69cbcf64050b1920000f30ac9ddef03a582bf,0.006252666004002094,0.08149525586951462,0.551290132327824,0.6730504035949707,0.41846580207347844,0.5690751206874847
residual_v2,44,star_concave,197,private-source://routeA_experiments/data/prospective_ood_rd_hddm_alpha001_v2/star_concave/sample_0197.npz,5b762b3e30b125a39b0866174933e4f32d3c35f9dd054ae1cb4d4c37788ff8d7,0.005426425486803055,0.08762177871206897,0.3832062643529243,0.5101975500583649,0.2972649410367012,0.3929254487156868
residual_v2,44,star_concave,198,private-source://routeA_experiments/data/prospective_ood_rd_hddm_alpha001_v2/star_concave/sample_0198.npz,f1d5bb05bec2186640d91bfa3cdc67b166bd2952867a20a2796076984771c3e5,0.00614168681204319,0.04769333412067481,0.20629273826707706,0.3120769262313843,0.17365492582321188,0.24046530842781094
residual_v2,44,star_concave,199,private-source://routeA_experiments/data/prospective_ood_rd_hddm_alpha001_v2/star_concave/sample_0199.npz,24e273c05359ecf1670b3cd5ef34d49ef6c28ef523b55d61e6ff7b4dfcb1f389,0.006405034102499485,0.06714349084711246,0.3528900610315138,0.43505802750587463,0.2991718322038648,0.3797341477870941
