model,training_seed,shape,sample_id,sample_file,sample_sha256,inference_seconds,mae,relative_l2,max_abs_error,p95_abs_error,p99_abs_error
fine_control,41,slit_bridge,0,private-source://routeA_experiments/data/final_ood_frozen_v1/slit_bridge/sample_0000.npz,30d9b3db72b5f04e7aed5aca69b177e736741d71d456678de2c366e94064976a,0.04453436005860567,0.12098170993968346,1.0145551932089498,0.8972073867917061,0.5895463638007641,0.7928575418889523
fine_control,41,slit_bridge,1,private-source://routeA_experiments/data/final_ood_frozen_v1/slit_bridge/sample_0001.npz,35ca7668746e40038fbccaaf4b015e191d09a272260f8b2c67e05158beed58d9,0.0016679437831044197,0.09515843494248394,0.6796837762917055,0.6441533863544464,0.4580359570682049,0.5451075151562689
fine_control,41,slit_bridge,2,private-source://routeA_experiments/data/final_ood_frozen_v1/slit_bridge/sample_0002.npz,5aa31e0476a00717a676402ae73bf67f0900790fbaaba0689885a4f4d81b1d01,0.0017086369916796684,0.10135263832101604,0.7434768561685142,0.7396941110491753,0.4698093719780445,0.6232061989605426
fine_control,41,slit_bridge,3,private-source://routeA_experiments/data/final_ood_frozen_v1/slit_bridge/sample_0003.npz,fa2249a12bd45ebd5bf12289d408b399125153ec7a74d5498b2d06c116f8f405,0.0022795861586928368,0.12394752874288707,1.1849727177477773,0.8722423538565636,0.5776718780398369,0.7832052141427989
fine_control,41,slit_bridge,4,private-source://routeA_experiments/data/final_ood_frozen_v1/slit_bridge/sample_0004.npz,4006cdfdceb8abe632e2df62c467d010fb9761bec6322c363b9f3abbc55829d4,0.0022118976339697838,0.11176203818633763,0.8395844492067455,0.8337560966610909,0.5749375857412815,0.7441052637994289
fine_control,41,slit_bridge,5,private-source://routeA_experiments/data/final_ood_frozen_v1/slit_bridge/sample_0005.npz,1ea410d183d08cc06714b087bb528e626a67090d2f8931f1f61a73ddeff9902a,0.0017971787601709366,0.1184156917202827,1.6024280405953022,0.93403609842062,0.5927072289632633,0.8015890667214982
fine_control,41,slit_bridge,6,private-source://routeA_experiments/data/final_ood_frozen_v1/slit_bridge/sample_0006.npz,2b2b41c1ab84aefad645e09329749a0c4789e3a60b3931b89e053a383e66541e,0.0019281134009361267,0.103965658057297,1.9351226811110374,0.9651340618729591,0.5068519185297191,0.7506867892574515
fine_control,41,slit_bridge,7,private-source://routeA_experiments/data/final_ood_frozen_v1/slit_bridge/sample_0007.npz,e99898145655a5c1ce681d0eb3c7597d5032c10b823f0c114d9a1b16467ea524,0.0022351760417222977,0.07095596004984234,0.47264652287994496,0.49363085627555847,0.3054623268544674,0.4150780923664567
fine_control,41,slit_bridge,8,private-source://routeA_experiments/data/final_ood_frozen_v1/slit_bridge/sample_0008.npz,6e17a3aa2c3547f8d5c7c15a2ba8d09341c289bc2a2f8cc11cd61460dd0a75b4,0.0022201063111424446,0.10829552410276032,0.7946168581230989,0.776621051132679,0.4840514250099659,0.644337148964405
fine_control,41,slit_bridge,9,private-source://routeA_experiments/data/final_ood_frozen_v1/slit_bridge/sample_0009.npz,cc5b71a537246355e6aa5eb87b1ec934946edb1d31595b1d37e482e2b73e96e4,0.0022120093926787376,0.08387188462738013,0.658915997522746,0.6682816445827484,0.3806838523596525,0.5241015315055846
fine_control,41,slit_bridge,10,private-source://routeA_experiments/data/final_ood_frozen_v1/slit_bridge/sample_0010.npz,87874a0f11d5ca1214cb1c831735689324f5d265f0ad734b920d4aea56a205a8,0.0019343560561537743,0.10525821498978923,0.9851079342153962,0.7176421284675598,0.5227873027324677,0.6431019455194471
fine_control,41,slit_bridge,11,private-source://routeA_experiments/data/final_ood_frozen_v1/slit_bridge/sample_0011.npz,a23d58d483f0ee7d7d9ad82447d292fdde0c9f6964a6ce9759730ce9671620fc,0.002219763584434986,0.12397131341892066,1.1843067535273903,0.8854145780205727,0.5757220070809126,0.7986890289932486
fine_control,41,slit_bridge,12,private-source://routeA_experiments/data/final_ood_frozen_v1/slit_bridge/sample_0012.npz,1bf5b6c8a99e6b1af341524d638c181408e613ec93db7fb6986f600e0e3c65a1,0.001918930560350418,0.059169213908818824,0.4708158644209414,0.4811781048774719,0.211691215634346,0.32469294667243953
fine_control,41,slit_bridge,13,private-source://routeA_experiments/data/final_ood_frozen_v1/slit_bridge/sample_0013.npz,1adafcde8c3f4e445b1b034d25421d3a48662f83f441bf0eecdee27f12cecbc3,0.002155234105885029,0.0690772732029921,0.5183207032800634,0.575220912694931,0.3205580413341522,0.4419344931840891
fine_control,41,slit_bridge,14,private-source://routeA_experiments/data/final_ood_frozen_v1/slit_bridge/sample_0014.npz,64b0e9dc29123e952cb0d300a00469414c7c7f76a16dd935a75e7624fe912b36,0.0016934964805841446,0.11821141137233265,1.2242862132095966,0.9090715423226357,0.591556022875011,0.7586226616054771
fine_control,41,slit_bridge,15,private-source://routeA_experiments/data/final_ood_frozen_v1/slit_bridge/sample_0015.npz,b9c330fa4cfc004b6beec69ac0615be8854455f9775205c11364db4615c089be,0.0018797237426042557,0.1090273562203216,0.8887412782011572,0.8250210285186768,0.5112992748618126,0.7462053418159484
fine_control,41,slit_bridge,16,private-source://routeA_experiments/data/final_ood_frozen_v1/slit_bridge/sample_0016.npz,596996fb6aeff6e88332008eed32b4b95f86de86801a1640f6de12786cd403d3,0.0017252927646040916,0.07790863708817741,0.6908135868621682,0.6343518942594528,0.39050379022955894,0.5450630739331245
fine_control,41,slit_bridge,17,private-source://routeA_experiments/data/final_ood_frozen_v1/slit_bridge/sample_0017.npz,312eedbc05e5128aebccd1eda0cb448659dcf770824e39ef15c6231d604d0095,0.002013666555285454,0.10970303964348449,1.0059725050470218,0.8424520716071129,0.513611551374197,0.7179150171577922
fine_control,41,slit_bridge,18,private-source://routeA_experiments/data/final_ood_frozen_v1/slit_bridge/sample_0018.npz,41e1f220b6752fc77a60ab80dca4c8628042e5d54833a97c9832832e8db500e2,0.001669095829129219,0.06954708160739712,0.4304383883306415,0.5602234676480293,0.30403413251042366,0.4014491781592368
fine_control,41,slit_bridge,19,private-source://routeA_experiments/data/final_ood_frozen_v1/slit_bridge/sample_0019.npz,b97fe8016fb4c7d7995df4c42b480dce1072ee7db9abb641c503877913ffce9c,0.002146153710782528,0.09205974660868736,0.7488669613139289,0.6518522202968597,0.45330043137073517,0.5955316543579099
fine_control,41,slit_bridge,20,private-source://routeA_experiments/data/final_ood_frozen_v1/slit_bridge/sample_0020.npz,994e03c5207e2ae7356bc74d2f380fd7f474af9a82fe4a9bb90585ddb10c1fb7,0.0019567012786865234,0.10422955025028846,0.9760587364790788,0.8899857476353645,0.5059948656708002,0.762434374541044
fine_control,41,slit_bridge,21,private-source://routeA_experiments/data/final_ood_frozen_v1/slit_bridge/sample_0021.npz,1456683b4642362ec663cedabc21c8bb0ed3f06ae1beb9ca35a8ac02768d7f01,0.0021806806325912476,0.10394342965862116,0.8241272921024022,0.7025858163833618,0.5330266058444977,0.6386641204357145
fine_control,41,slit_bridge,22,private-source://routeA_experiments/data/final_ood_frozen_v1/slit_bridge/sample_0022.npz,c36a4db85f26e6cbe9c3036e9cf2ad4c578008898c1405c54c1e0914ccc8ef1c,0.0016623744741082191,0.09159748033136729,0.7271520877898554,0.7533966600894928,0.4124747924506664,0.629299187660217
fine_control,41,slit_bridge,23,private-source://routeA_experiments/data/final_ood_frozen_v1/slit_bridge/sample_0023.npz,610587d7aa0593f777b96e6fdb4fdcf2ebc68a867c186890c7838e7b2d944c00,0.0021176598966121674,0.10639720060837068,0.9524935105139153,0.8003070056438446,0.49704109877347946,0.6741630181670184
fine_control,41,slit_bridge,24,private-source://routeA_experiments/data/final_ood_frozen_v1/slit_bridge/sample_0024.npz,959eeaf23d4f71a25e7eff4fc4c4640be516df58074ab3dad10126c1ca5ed619,0.0016988301649689674,0.12542099762977357,1.7231634734626782,0.9468988999724388,0.5504410932771862,0.7839780099689957
fine_control,41,slit_bridge,25,private-source://routeA_experiments/data/final_ood_frozen_v1/slit_bridge/sample_0025.npz,12244099e66cc796717b1ac4a0197a86db0d3832ae8f92f8b6285b350ded04cd,0.0022334950044751167,0.07890362595173069,0.60109842798381,0.5654725432395935,0.3721749298274517,0.4934995941817758
fine_control,41,slit_bridge,26,private-source://routeA_experiments/data/final_ood_frozen_v1/slit_bridge/sample_0026.npz,8ec7e62775275cf1cdcb11a3a5070589032551c0222125cc6f2572c5b6100c1e,0.001704646274447441,0.10562271415208412,0.8448284976677796,0.788976401090622,0.4796855840831995,0.6833702325820923
fine_control,41,slit_bridge,27,private-source://routeA_experiments/data/final_ood_frozen_v1/slit_bridge/sample_0027.npz,a57e3c4af7915d4277fe784929f02e1108f70b06739b89cc49e2f31db68759d6,0.0022576618939638138,0.0864662019602234,0.691664457560121,0.7211026847362518,0.38258444517850876,0.5137933380901812
fine_control,41,slit_bridge,28,private-source://routeA_experiments/data/final_ood_frozen_v1/slit_bridge/sample_0028.npz,129f68b38d7e4376d96e492a23bdc037ec06345501698eb53f87dc4c2bdcf26b,0.0017061978578567505,0.07729375258140764,0.5200968302880329,0.5229418575763702,0.33565711230039597,0.43613667637109743
fine_control,41,slit_bridge,29,private-source://routeA_experiments/data/final_ood_frozen_v1/slit_bridge/sample_0029.npz,d7be996266c698efe66a16bcc34de0aff06589c37bb8599f9f62b3c06206baa6,0.0022542718797922134,0.05302612232742475,0.38340865837930066,0.5092581212520599,0.1980179250240326,0.30964674949645954
fine_control,41,slit_bridge,30,private-source://routeA_experiments/data/final_ood_frozen_v1/slit_bridge/sample_0030.npz,b09f05e8c2f7a9d479d786d72d681814f27d08ee89b3d974343fd2b090a1ce6a,0.0016948292031884193,0.09591977607632542,0.7169380738609175,0.6852927505970001,0.44874367117881775,0.5719743728637693
fine_control,41,slit_bridge,31,private-source://routeA_experiments/data/final_ood_frozen_v1/slit_bridge/sample_0031.npz,bc00125fdaa393e280c5352531595db001f7ddb3deb151245917cd589e5c31f0,0.0019124383106827736,0.043882657132104874,0.2840580151743086,0.5072947442531586,0.17432907223701477,0.2626898147165772
fine_control,41,slit_bridge,32,private-source://routeA_experiments/data/final_ood_frozen_v1/slit_bridge/sample_0032.npz,210304fe0d7d8f0427af5f9a0754f958b13e7ca893e23870daca6089c7494849,0.0017014583572745323,0.07184683819186981,0.5226424868274789,0.631187379360199,0.29543374478816986,0.4511104792356488
fine_control,41,slit_bridge,33,private-source://routeA_experiments/data/final_ood_frozen_v1/slit_bridge/sample_0033.npz,27aec766b6350542fba91a6efe33f57848a74817bca29836eb0daa48b8186c28,0.001915840432047844,0.10683276969941234,0.9477134777029741,0.8467532396316528,0.5035163126885891,0.7376340530812734
fine_control,41,slit_bridge,34,private-source://routeA_experiments/data/final_ood_frozen_v1/slit_bridge/sample_0034.npz,188e43a83a5baeee871f92676435b8b14ff91c60dfed2c7edaee32a7c3fe7437,0.002260098233819008,0.08431974353779814,0.6705882630223781,0.5690496861934662,0.38234613835811615,0.48865148499607997
fine_control,41,slit_bridge,35,private-source://routeA_experiments/data/final_ood_frozen_v1/slit_bridge/sample_0035.npz,7b87bcf793f11163ce8025e6ca4bc45abb9b34cf709bd1bb8b9fb68b3a8dabe4,0.00221853144466877,0.10306991969056069,0.8720776462271842,0.7789791524410248,0.5280944351106882,0.6804070338606831
fine_control,41,slit_bridge,36,private-source://routeA_experiments/data/final_ood_frozen_v1/slit_bridge/sample_0036.npz,4c37861366bb2835c656390a05790cc29a37a467fa5c97e436d4dc5e6180c227,0.002118375152349472,0.07180848715052955,0.6117373770591662,0.6660464107990265,0.35065703094005585,0.43713784515857673
fine_control,41,slit_bridge,37,private-source://routeA_experiments/data/final_ood_frozen_v1/slit_bridge/sample_0037.npz,8fbc3afcf65822fdaf99fdeb4b9caaacaaa2422144e57b088e882fc0dcbcdfe9,0.00220612995326519,0.11693168724970376,0.9584736408509601,0.8480234742164612,0.59942277520895,0.7591201171278951
fine_control,41,slit_bridge,38,private-source://routeA_experiments/data/final_ood_frozen_v1/slit_bridge/sample_0038.npz,d8aa380b826e09980e586e8dcd26acff520e462dddbb758d989ce305a62e2bd2,0.002287556417286396,0.10168984729916983,0.7704387401240756,0.8033348992466927,0.4990815445780754,0.7016631305217739
fine_control,41,slit_bridge,39,private-source://routeA_experiments/data/final_ood_frozen_v1/slit_bridge/sample_0039.npz,5773aed921a57866510a828614cf323ba3e5c1f662198f68ba30e9cd435e428d,0.0021735606715083122,0.09377500014795692,1.0067668654545407,0.7512960433959961,0.48178870417177677,0.6414403837174176
fine_control,41,slit_bridge,40,private-source://routeA_experiments/data/final_ood_frozen_v1/slit_bridge/sample_0040.npz,10b3fc9be817d0fa28e4f2ad0ce1679a84b2986a85b9c817ff380bc606731884,0.0019056173041462898,0.11041705571007154,0.9010342246002742,0.7721469402313232,0.4927540421485901,0.6509158194065093
fine_control,41,slit_bridge,41,private-source://routeA_experiments/data/final_ood_frozen_v1/slit_bridge/sample_0041.npz,cdde49a6f56183448eeefafbf84517c5719d37b8e33b5fb3d5907c79ec0c3d4d,0.002240348607301712,0.08184479982861402,0.6590694532818449,0.580479308962822,0.3950652852654457,0.49921123906970016
fine_control,41,slit_bridge,42,private-source://routeA_experiments/data/final_ood_frozen_v1/slit_bridge/sample_0042.npz,bd82adbf113c51db9c8fdb7ae61bdfb4b0de8fd0738107c1b16747edf214ed83,0.0019261175766587257,0.06807216854586425,0.39998676879297396,0.45726442337036133,0.2651142291724682,0.3951565392315387
fine_control,41,slit_bridge,43,private-source://routeA_experiments/data/final_ood_frozen_v1/slit_bridge/sample_0043.npz,1b05a0e90cb92ad13e160cd9d88d3ccd24a5d5042572cbdeb6c780eb7c691723,0.0022038277238607407,0.1097236456576319,1.0993328442926213,0.8689630404114723,0.5186075773090124,0.6830945685505859
fine_control,41,slit_bridge,44,private-source://routeA_experiments/data/final_ood_frozen_v1/slit_bridge/sample_0044.npz,9eab1dd2e918e6415c0ac9317c974fb554285878086fbcec4685c90b0a603efd,0.0019123796373605728,0.10908085274991987,1.1717156387136871,0.7957858964800835,0.5403531650081277,0.7187954738736151
fine_control,41,slit_bridge,45,private-source://routeA_experiments/data/final_ood_frozen_v1/slit_bridge/sample_0045.npz,28399d49797881f5a264063c34c2a36369094141bb9cf4c05cbdaee4d1f32c15,0.0021432628855109215,0.11513839198695544,1.341400775799008,0.911296047270298,0.5708865709602833,0.7826505891978739
fine_control,41,slit_bridge,46,private-source://routeA_experiments/data/final_ood_frozen_v1/slit_bridge/sample_0046.npz,137e9591ce0032a2d71b366e44219ca9b23cbd2f3a421043183f5c5f8e25cd7f,0.0019230898469686508,0.06997539077134424,0.576153991209535,0.5813104808330536,0.32314715161919594,0.4372005194425582
fine_control,41,slit_bridge,47,private-source://routeA_experiments/data/final_ood_frozen_v1/slit_bridge/sample_0047.npz,a34fc43c7eb5b8809b22c7c026452d2278be0d7636bd62dbf7db0e72488bfe93,0.0021225037053227425,0.09164550995881807,0.6303700355571503,0.6374132558703423,0.42317304387688637,0.5387483082711694
fine_control,41,slit_bridge,48,private-source://routeA_experiments/data/final_ood_frozen_v1/slit_bridge/sample_0048.npz,d3dea4d451c780395aeec9e434f3f3426fa5b35717d062d652d0000cb4849ab0,0.00189984031021595,0.10972123158870406,0.9738722325010005,0.854742020368576,0.5132040921598673,0.7165565378963945
fine_control,41,slit_bridge,49,private-source://routeA_experiments/data/final_ood_frozen_v1/slit_bridge/sample_0049.npz,65ea22db20d21e0adb8290dfc006ce6871e3b0e95cbda2d1b6dc4212521b340d,0.0021584192290902138,0.07712960343386834,0.6560281860205536,0.7148573026061058,0.3615144118666649,0.48527396768331527
fine_control,41,slit_bridge,50,private-source://routeA_experiments/data/final_ood_frozen_v1/slit_bridge/sample_0050.npz,84c0049ab4231171d59431596c6d5ee4a6296eb0688530fec168df065e5f3736,0.0016910210251808167,0.10457687610664329,0.9306173955713936,0.8281925618648529,0.543956246227026,0.7190787397325035
fine_control,41,slit_bridge,51,private-source://routeA_experiments/data/final_ood_frozen_v1/slit_bridge/sample_0051.npz,4a2b9189cfb9e62a2d88e9b4f0538c291df4cf2365fc6101f7bcb0ca5ea19039,0.0019190749153494835,0.1094103009048938,1.2467939586993706,0.886869765818119,0.5541291944682598,0.7143577456474294
fine_control,41,slit_bridge,52,private-source://routeA_experiments/data/final_ood_frozen_v1/slit_bridge/sample_0052.npz,7a6182ea0d10e503b4488744930d05c12fe0a98749a0f08c0bf9a0ade333130c,0.0017086900770664215,0.11803360495545306,0.918375649007665,0.7999153733253479,0.5303568355739117,0.722130671143531
fine_control,41,slit_bridge,53,private-source://routeA_experiments/data/final_ood_frozen_v1/slit_bridge/sample_0053.npz,f38fc50a05bb0fe7cbe4b70cd13485a58e43ff94c9c22822cb929aed2391bc79,0.0019016573205590248,0.0669707819866271,0.565612711177008,0.5256580412387848,0.2639111131429672,0.37239083349704705
fine_control,41,slit_bridge,54,private-source://routeA_experiments/data/final_ood_frozen_v1/slit_bridge/sample_0054.npz,523ec7f16e149a678ab1eee24891a839649693313f63f9f03417215898e364c2,0.0016936324536800385,0.10847495216357003,0.9913080932706478,0.7993058264255524,0.512936107814312,0.6590506821870802
fine_control,41,slit_bridge,55,private-source://routeA_experiments/data/final_ood_frozen_v1/slit_bridge/sample_0055.npz,a11a3648b53fa4f131e8a071f27bd07db354d48796864dbb9f50084862cbf7af,0.0019120685756206512,0.10148228660465598,0.6649030427815484,0.7155169248580933,0.4341690391302109,0.6259240791201591
fine_control,41,slit_bridge,56,private-source://routeA_experiments/data/final_ood_frozen_v1/slit_bridge/sample_0056.npz,754e5a373c358a5e7e5648b5ee524f7f3caf5be3ad24ca01b4bbaa5930f3722f,0.0017030611634254456,0.08551554558796338,0.5483704089411368,0.7566025853157043,0.39354534447193146,0.5187281489372249
fine_control,41,slit_bridge,57,private-source://routeA_experiments/data/final_ood_frozen_v1/slit_bridge/sample_0057.npz,88bdcbb6787810fba1f67ab1e1d706c0a0449080180a5731fe9e830cd5c1781e,0.002004861831665039,0.10400736627848334,0.8298748328726163,0.7895246148109436,0.47281177435070276,0.7119745343923568
fine_control,41,slit_bridge,58,private-source://routeA_experiments/data/final_ood_frozen_v1/slit_bridge/sample_0058.npz,25dc8c7315b0e070c4b3619308cd7da2f67091e9d12652a39dff2c4abf512a48,0.0019194958731532097,0.061457773134251756,0.4982713289524324,0.5502785742282867,0.22182029485702515,0.40720264017581903
fine_control,41,slit_bridge,59,private-source://routeA_experiments/data/final_ood_frozen_v1/slit_bridge/sample_0059.npz,8537f0d12de7433ac2c634794f33eec0a1ef183fb6a9871cd07ec6fe9960e78c,0.002107132226228714,0.10490202853825692,0.9837673807982943,0.7143458425998688,0.5054667443037033,0.6566730581223964
fine_control,41,slit_bridge,60,private-source://routeA_experiments/data/final_ood_frozen_v1/slit_bridge/sample_0060.npz,ccb10d13e92987f9e92f19f57b8c828d1cec71baabf49eeda5b8131c81cffaae,0.0019201776012778282,0.08980855034674098,0.7303473249132815,0.6536580920219421,0.44354360550642014,0.5644478887319557
fine_control,41,slit_bridge,61,private-source://routeA_experiments/data/final_ood_frozen_v1/slit_bridge/sample_0061.npz,617d3d8d6e33e0cd8b2d68db50b259c76f1b572922b1f4eafd14d5c95f7f2927,0.002127508632838726,0.11268089424396174,0.8578068426661144,0.8160212337970734,0.5099604055285454,0.6517669498920431
fine_control,41,slit_bridge,62,private-source://routeA_experiments/data/final_ood_frozen_v1/slit_bridge/sample_0062.npz,4cb6187852b50d7a648cc396d4b92a5199fc15e009d3e6afe856b73e4795fb3c,0.0022453507408499718,0.11542200644353948,0.941619146145227,0.8905727341771126,0.5428476044908166,0.788106600195169
fine_control,41,slit_bridge,63,private-source://routeA_experiments/data/final_ood_frozen_v1/slit_bridge/sample_0063.npz,dac27c2cdc3cfd09038c74bf4bee8892e3fbd4242d4ae68cf068121304f4b392,0.0021793143823742867,0.12832766733412468,1.2148329574105967,0.9301080778241158,0.6018652878701687,0.811861368641257
fine_control,41,slit_bridge,64,private-source://routeA_experiments/data/final_ood_frozen_v1/slit_bridge/sample_0064.npz,42bf6e538ce7971d6bb267afcbb5017c74c7ee0a38eeeb22b770afd6da523ffd,0.0017076414078474045,0.09612815049627722,0.6979090675620663,0.7177810668945312,0.43645133078098297,0.5378068000078201
fine_control,41,slit_bridge,65,private-source://routeA_experiments/data/final_ood_frozen_v1/slit_bridge/sample_0065.npz,8ae70c1cc087b2cb14feefb626847c8e54e0ee1ff237949762758fc9fef1ccfe,0.0019128760322928429,0.10083393507011101,0.7936938783363275,0.7393014430999756,0.4870220683515072,0.6605506666004657
fine_control,41,slit_bridge,66,private-source://routeA_experiments/data/final_ood_frozen_v1/slit_bridge/sample_0066.npz,bf5bec0125f3e132a0234c3c65c18310c2a824fe299149a53c91065ba9684ebc,0.0017063766717910767,0.04787308925615492,0.32687027755667253,0.40579158812761307,0.18339426815509796,0.3072345994412897
fine_control,41,slit_bridge,67,private-source://routeA_experiments/data/final_ood_frozen_v1/slit_bridge/sample_0067.npz,c4c4d08eb71d2a88a3573896b8651cdf6ff3433eaf00aef21e8815ee63c8636b,0.002082010731101036,0.08807163436554996,0.6914142726007791,0.6375432312488556,0.44591179117560387,0.5746721424162382
fine_control,41,slit_bridge,68,private-source://routeA_experiments/data/final_ood_frozen_v1/slit_bridge/sample_0068.npz,9d5bf135c023eb440f5e2fcdbcd3144986ccea4a471e8d876188876d1f874f48,0.001704811118543148,0.11416279271428467,1.1696021304055426,0.7508595883846283,0.507321372628212,0.6737593799829482
fine_control,41,slit_bridge,69,private-source://routeA_experiments/data/final_ood_frozen_v1/slit_bridge/sample_0069.npz,5c786c1f5b59aea34b782d6d4f11df00e05c430f5d55022b5da71cb4fb8d0930,0.001942301169037819,0.11962890606195199,1.0273814004568322,0.8696690872311592,0.574287106283009,0.7545379295945167
fine_control,41,slit_bridge,70,private-source://routeA_experiments/data/final_ood_frozen_v1/slit_bridge/sample_0070.npz,ed31a0aa3d983e019a2886acd9e424e492ee60dd9051fcd420f294aa7d65556d,0.0016922131180763245,0.09813189449484506,0.8747510739600965,0.7560728564858437,0.4825822710990906,0.6552734769880767
fine_control,41,slit_bridge,71,private-source://routeA_experiments/data/final_ood_frozen_v1/slit_bridge/sample_0071.npz,392690e82cd3c5edc07092ea1286bb31ee5ff623427f4ad994d7d81479d6dab4,0.002099020406603813,0.07925026096146115,0.7318099646829849,0.8179569020867348,0.38005945086479187,0.5072140052914615
fine_control,41,slit_bridge,72,private-source://routeA_experiments/data/final_ood_frozen_v1/slit_bridge/sample_0072.npz,13d1458cb7f3b3c59870f9253bb955db809110e13c2d3e0b7bd73b1dc03bcc6b,0.0017026178538799286,0.09207191870916584,0.9106217811247808,0.7026673257350922,0.439888808876276,0.5553733192384243
fine_control,41,slit_bridge,73,private-source://routeA_experiments/data/final_ood_frozen_v1/slit_bridge/sample_0073.npz,abe7b6b76ff8f9f9514fc6c9452f5d49124e62bec9ef2160c3a275b0c13db251,0.0019295420497655869,0.11472557919928773,1.0484591240965055,0.8454536721110344,0.5168598648160696,0.6354641735553741
fine_control,41,slit_bridge,74,private-source://routeA_experiments/data/final_ood_frozen_v1/slit_bridge/sample_0074.npz,51ff9c6ba58e09f4038fba26fc78e8d866d805ea092ff9a4834e7d07d5b953c3,0.0022771060466766357,0.04550128218244956,0.3249727841500547,0.4681228697299957,0.16998368501663208,0.2804451994597903
fine_control,41,slit_bridge,75,private-source://routeA_experiments/data/final_ood_frozen_v1/slit_bridge/sample_0075.npz,295242b0a3c4441b1839c2e51ada10cd8d911b42bc383c1c876668ed7db69aca,0.0018161274492740631,0.0637620797168729,0.5173221797174358,0.5855917036533356,0.257877454161644,0.4286804094910619
fine_control,41,slit_bridge,76,private-source://routeA_experiments/data/final_ood_frozen_v1/slit_bridge/sample_0076.npz,beb19109c76423a493f2dce420b9e7186ae828c5f8afa7330784720dd627942a,0.002081950195133686,0.10270407851626123,0.8320390321446506,0.7573121190071106,0.512843182310462,0.6643112562596797
fine_control,41,slit_bridge,77,private-source://routeA_experiments/data/final_ood_frozen_v1/slit_bridge/sample_0077.npz,2b930b075d3b18dc862520638716d3ca8b214cccc86033c8a5389cf1eee32caf,0.0017945533618330956,0.10628426918789292,1.00572441255577,0.9265274778008461,0.5161305963993073,0.7344371642917394
fine_control,41,slit_bridge,78,private-source://routeA_experiments/data/final_ood_frozen_v1/slit_bridge/sample_0078.npz,81766226a2c457e6280404619b8b2ac47bc63cd5302a18b5988528768c89a906,0.0021080616861581802,0.10776691506268427,0.9446829534216532,0.8135323524475098,0.4950974900275469,0.71323319748044
fine_control,41,slit_bridge,79,private-source://routeA_experiments/data/final_ood_frozen_v1/slit_bridge/sample_0079.npz,39d04f6918bf1e91b48064494be9aa05bd75bf2d12d1b69e17182fdccc736084,0.0022442415356636047,0.06817143084389908,0.45578776710076163,0.5737758874893188,0.27845628559589386,0.4175904348492621
fine_control,41,slit_bridge,80,private-source://routeA_experiments/data/final_ood_frozen_v1/slit_bridge/sample_0080.npz,34759e2ce25b3deafb7b86e4a166e29aa7b6ad6312b24ec108b7195308a75605,0.0019167102873325348,0.11533282165998279,1.248772568368406,0.90395537763834,0.555338297970593,0.7904319684952498
fine_control,41,slit_bridge,81,private-source://routeA_experiments/data/final_ood_frozen_v1/slit_bridge/sample_0081.npz,c09c71d395b921fd42317ee8257d8e8ca0fefc88548e7044fde1c9427bc01d57,0.002161259762942791,0.06825341269216155,0.4238932106308362,0.5638968124985695,0.2928053289651871,0.3793068543076514
fine_control,41,slit_bridge,82,private-source://routeA_experiments/data/final_ood_frozen_v1/slit_bridge/sample_0082.npz,76690bbcb43ff947e8588630e8c1f5eaeae09d80c05290dd16299c07f4b07db3,0.002223549410700798,0.05526750342210376,0.3683564118011763,0.5214649066329002,0.22553104162216187,0.33674728274345384
fine_control,41,slit_bridge,83,private-source://routeA_experiments/data/final_ood_frozen_v1/slit_bridge/sample_0083.npz,b13467cf03c2c8574ad8306306835f018286494378025cc13aa4b84ebb20ce43,0.0017082653939723969,0.1208652359414017,2.3374972956812496,0.9637016728520393,0.5841623998858267,0.7403978205285965
fine_control,41,slit_bridge,84,private-source://routeA_experiments/data/final_ood_frozen_v1/slit_bridge/sample_0084.npz,9c49b44f5bee1f5433dbba97fd43f3fbe29009da78b18d356f171b5351154266,0.0019273338839411736,0.04968858885568874,0.36901953533957843,0.5691395327448845,0.17555703967809677,0.34173589348792793
fine_control,41,slit_bridge,85,private-source://routeA_experiments/data/final_ood_frozen_v1/slit_bridge/sample_0085.npz,f99b2ecfc893456f4094ee49f725dacd918863f2c57f06cd9486ed733ef4c220,0.0022263526916503906,0.10470830789056165,1.0452699237025531,0.905192606151104,0.513732704333961,0.7291948035359375
fine_control,41,slit_bridge,86,private-source://routeA_experiments/data/final_ood_frozen_v1/slit_bridge/sample_0086.npz,fa0010c85def531807bfac046d520a0e1fcfa53f399129a530872a5ed7c486e8,0.001698100008070469,0.10618171627101969,0.9185191609381517,0.8328167796134949,0.5683581056073308,0.7385234236717223
fine_control,41,slit_bridge,87,private-source://routeA_experiments/data/final_ood_frozen_v1/slit_bridge/sample_0087.npz,c71c435433f07e222a9c7657e14158b1582d4eb606c1feec9a70429635dc0db8,0.002155303955078125,0.09392671045037734,0.8335599978296901,0.6912568286061287,0.4491325207054615,0.5861553266644477
fine_control,41,slit_bridge,88,private-source://routeA_experiments/data/final_ood_frozen_v1/slit_bridge/sample_0088.npz,356663c8d9f185922d520ff8cab4336c663ae05fa5851257b47fd5a7f2890d38,0.0019298642873764038,0.12009141672865692,0.9950334233156167,0.8327997028827667,0.5811805054545403,0.7116985768079757
fine_control,41,slit_bridge,89,private-source://routeA_experiments/data/final_ood_frozen_v1/slit_bridge/sample_0089.npz,8a9067dfbc0e5c2e206260b72a5ca217d4c4ab8591213e41f21555fef28ede5c,0.0020889053121209145,0.08768586454118585,0.7599674223172735,0.6516603827476501,0.41689409874379635,0.5473708927631373
fine_control,41,slit_bridge,90,private-source://routeA_experiments/data/final_ood_frozen_v1/slit_bridge/sample_0090.npz,e8f22014254e79ac9ea4af542bb6a6578f4d3903902c242153233437a8df0eca,0.0019070161506533623,0.10979860537340101,0.9078692507356946,0.8287628591060638,0.4902554228901863,0.6892197392880915
fine_control,41,slit_bridge,91,private-source://routeA_experiments/data/final_ood_frozen_v1/slit_bridge/sample_0091.npz,9ac5d5dae9509b1d341ae8236d8e0bd3b682e73f0fabd2327bc777955fc68672,0.00233454629778862,0.08774556823744672,0.5909648646961526,0.6127267181873322,0.42484575510025024,0.5387147337198256
fine_control,41,slit_bridge,92,private-source://routeA_experiments/data/final_ood_frozen_v1/slit_bridge/sample_0092.npz,fce6d4931689f991567299750cb2e58ba69a69fb8a7ea9ca2b6623d311e269b9,0.0022033704444766045,0.08349072696701082,0.6712898124906546,0.571569636464119,0.3882557563483715,0.5002719894051552
fine_control,41,slit_bridge,93,private-source://routeA_experiments/data/final_ood_frozen_v1/slit_bridge/sample_0093.npz,ba68ade9b7a7667d9de5bbb4e80fd05e409e86460843549762f31a41447162d1,0.0021300502121448517,0.10817859748751084,1.0412388176502148,0.8334350362420082,0.5448653399944305,0.6847043871879577
fine_control,41,slit_bridge,94,private-source://routeA_experiments/data/final_ood_frozen_v1/slit_bridge/sample_0094.npz,ccba8ddededbe3b30aeff76d268cff5c811b3ec60c50fc5e9c8ad0ef75b4658f,0.0021368423476815224,0.08189859763391592,0.7245908848039494,0.637243777513504,0.3798610270023346,0.5368345037102696
fine_control,41,slit_bridge,95,private-source://routeA_experiments/data/final_ood_frozen_v1/slit_bridge/sample_0095.npz,d8673dac77deb264dbb605e3b8da123628dc8c82574f2e781ca0ed91d7e7ce88,0.0021444130688905716,0.10575595617050203,0.9957408316246862,0.7874402329325676,0.4866521107032895,0.6997614350169896
fine_control,41,slit_bridge,96,private-source://routeA_experiments/data/final_ood_frozen_v1/slit_bridge/sample_0096.npz,88387af9839890df82ba2388bdcdfa95d6200c6b8848f9cbfc0dda3b8e1f5f31,0.002233755774796009,0.10892234382088786,0.8980575034175127,0.9266084730625153,0.5335891861468554,0.7445381730794906
fine_control,41,slit_bridge,97,private-source://routeA_experiments/data/final_ood_frozen_v1/slit_bridge/sample_0097.npz,042e86e783efa3942e62430f3045cf582a6d959709c938cb225b92bc44bcc64f,0.002233687788248062,0.1084208294032429,0.7914150001427329,0.7939705550670624,0.5224341657012701,0.6871821805834767
fine_control,41,slit_bridge,98,private-source://routeA_experiments/data/final_ood_frozen_v1/slit_bridge/sample_0098.npz,f76accedd1c25ec4c7b700fef8f7e440bff7ca6d234800cb8d3b4cd6f7f7b8e6,0.0022342437878251076,0.07034981666112712,0.5770060472596026,0.5903396904468536,0.3127144128084183,0.44054445624351496
fine_control,41,slit_bridge,99,private-source://routeA_experiments/data/final_ood_frozen_v1/slit_bridge/sample_0099.npz,6a4b39b6a971b50d0cd5a3eefaf6a1f3f142b0d9ecee397ce1ff23093f6a46d9,0.002219460904598236,0.09554244640675766,0.7343530595163948,0.7105058431625366,0.48205870389938354,0.607423239946365
fine_control,41,slit_bridge,100,private-source://routeA_experiments/data/final_ood_frozen_v1/slit_bridge/sample_0100.npz,09c098f8500ef7ae13df30b97fd58bdcffba8843b115a610318dc18f65ef3540,0.0023215580731630325,0.1097263565229037,1.090580167738607,0.8167088627815247,0.5820440091192722,0.7280309878289697
fine_control,41,slit_bridge,101,private-source://routeA_experiments/data/final_ood_frozen_v1/slit_bridge/sample_0101.npz,3671b99524219e4e7f1acd583f0a9f657d15a23a30ed3d575564b8f9d92d770e,0.00169391930103302,0.06108575500238329,0.39121586351514,0.5310607552528381,0.23258532583713531,0.36556444615125655
fine_control,41,slit_bridge,102,private-source://routeA_experiments/data/final_ood_frozen_v1/slit_bridge/sample_0102.npz,b8b9ab3a97d31d7c91628f73ac4db6371901871d302b30af028ae7297b2b153b,0.0021996451541781425,0.1204186220643677,1.7653866320245324,0.9506580755114555,0.5479014780139551,0.8055311276228163
fine_control,41,slit_bridge,103,private-source://routeA_experiments/data/final_ood_frozen_v1/slit_bridge/sample_0103.npz,9f972861588cfdfdfbc3d1b3492908230dc44d640058083aa85270fbceb816f9,0.0017005754634737968,0.07251998691060679,0.6070616968397531,0.762188084423542,0.3131590336561203,0.4537502586841583
fine_control,41,slit_bridge,104,private-source://routeA_experiments/data/final_ood_frozen_v1/slit_bridge/sample_0104.npz,762aadec5fa91e8e7a7f85a7683286f4a4fa0192f736680d733b0707b91d4494,0.0019151847809553146,0.10961986156507784,0.9743812229540914,0.8107628524303436,0.5106980782002211,0.725592919439077
fine_control,41,slit_bridge,105,private-source://routeA_experiments/data/final_ood_frozen_v1/slit_bridge/sample_0105.npz,713c1a733e7b6f8c51dfe4d3f144d58d7ee189053361d35b7cb0099d093f55b6,0.0016926564276218414,0.10881617430750731,0.9652660737981129,0.9356011524796486,0.5130790453404188,0.7034126453101633
fine_control,41,slit_bridge,106,private-source://routeA_experiments/data/final_ood_frozen_v1/slit_bridge/sample_0106.npz,73c88046498ca7cb948857d6c873d10ec1b1bb70ce8813a259156f5e49c803e0,0.0019216407090425491,0.101611044086256,0.9613544999308417,0.6991918385028839,0.4799884110689163,0.6543936625123022
fine_control,41,slit_bridge,107,private-source://routeA_experiments/data/final_ood_frozen_v1/slit_bridge/sample_0107.npz,8e962067b4a867a40f8b8f07d19dbcf42eb4d7a6b08ac522bd140e761933b129,0.0016965186223387718,0.12529451565348174,1.081856631116289,0.8142278790473938,0.5793259423226118,0.7158758461475371
fine_control,41,slit_bridge,108,private-source://routeA_experiments/data/final_ood_frozen_v1/slit_bridge/sample_0108.npz,23bb0eb2ffb8522d891e10b78e9f4fcf6ea2c8b5136c119d1353dc41e81126a2,0.0016938121989369392,0.08378459108688101,0.5788777171567532,0.5661831200122833,0.3948301374912262,0.5174770206212996
fine_control,41,slit_bridge,109,private-source://routeA_experiments/data/final_ood_frozen_v1/slit_bridge/sample_0109.npz,ee7d8642727cde846b418e0d6ef6f3d525513d8f7c13d4e21a694399a5887809,0.0016849152743816376,0.12889084667849976,1.1589216224581003,0.8558308482170105,0.6204091981053352,0.7849401511251926
fine_control,41,slit_bridge,110,private-source://routeA_experiments/data/final_ood_frozen_v1/slit_bridge/sample_0110.npz,2cb9d93c491c746797690b373d3873b13231a0144087e5c6f98bc1674dcf9aa9,0.0019178632646799088,0.126510759648026,1.057569464401176,0.8258556425571442,0.5585717558860779,0.7194783926010131
fine_control,41,slit_bridge,111,private-source://routeA_experiments/data/final_ood_frozen_v1/slit_bridge/sample_0111.npz,20cb4a3d10bd1589b41836354fc8ffcea2f716f9c4d860e668becadedadd9f38,0.001686643809080124,0.05466581634283137,0.41037332526994313,0.4346019849181175,0.22652870416641235,0.3453870587050912
fine_control,41,slit_bridge,112,private-source://routeA_experiments/data/final_ood_frozen_v1/slit_bridge/sample_0112.npz,37a74f8306ed3c59b31377d7e4a65031205ca4f453cf06b54132466f7b6b4a27,0.0017800182104110718,0.13070639025725342,1.1380678326639704,0.9133702740073204,0.6250258386135101,0.7953450672328471
fine_control,41,slit_bridge,113,private-source://routeA_experiments/data/final_ood_frozen_v1/slit_bridge/sample_0113.npz,ef235deec817e178c9aadff18419bfa34a077733d1176a3329f0534a76dc2a36,0.002117488533258438,0.10844767467569885,1.0589763433068027,0.9015333727002144,0.5684843473136425,0.7936750411987298
fine_control,41,slit_bridge,114,private-source://routeA_experiments/data/final_ood_frozen_v1/slit_bridge/sample_0114.npz,fee8722c5da8ec155bbe8e819b2eefa2d11a554066c684e422d739ef76676fdc,0.0016927989199757576,0.09330856620715183,0.7785760537467259,0.7711670696735382,0.43207663856446743,0.6405911885201929
fine_control,41,slit_bridge,115,private-source://routeA_experiments/data/final_ood_frozen_v1/slit_bridge/sample_0115.npz,c0ff037ccc5a055bf9e6049f73b19eb3ef3c759d34e01dde7782629ee5155b1a,0.0021521858870983124,0.1258753529022255,1.032655811894209,0.8268993012607098,0.5959841161966324,0.7095744021236894
fine_control,41,slit_bridge,116,private-source://routeA_experiments/data/final_ood_frozen_v1/slit_bridge/sample_0116.npz,89796e3463ade62e6165c2220b9206d7e09c13d435e41116a44b4b2b72d8a7e2,0.0017096055671572685,0.10441619775151663,1.0047168403546718,0.8539788350462914,0.5058161783963442,0.7158207356929774
fine_control,41,slit_bridge,117,private-source://routeA_experiments/data/final_ood_frozen_v1/slit_bridge/sample_0117.npz,0b5ddb4fbb4b1abaaecda668cf96d47108c2d0634e698e348798412ad2c8bd5b,0.0019235750660300255,0.09781934048744491,0.7134815328124996,0.6952153593301773,0.5066245477646589,0.6093655996024608
fine_control,41,slit_bridge,118,private-source://routeA_experiments/data/final_ood_frozen_v1/slit_bridge/sample_0118.npz,67c9870824a0cf24261c14ee2ee54260350b87c984724da8b7b3239ef5f4f8f2,0.0016901521012187004,0.10484059113368,0.919162339228422,0.9082429483532906,0.5009853504598141,0.7763222210109233
fine_control,41,slit_bridge,119,private-source://routeA_experiments/data/final_ood_frozen_v1/slit_bridge/sample_0119.npz,3cd3c867da52bc984e6b469d03b48c1d502d3c379c3a09320042c00db34b1f2f,0.0019137924537062645,0.10928120573501916,1.0037456328449992,0.8502959907054901,0.5162502713501453,0.7109641604125498
fine_control,41,slit_bridge,120,private-source://routeA_experiments/data/final_ood_frozen_v1/slit_bridge/sample_0120.npz,321a3cdc9661e8fd1679cfceed9f566fa138dcdcf45b5bb5a1d8fce6ede740f1,0.0016904491931200027,0.10085684343621608,1.1106117615016124,0.7698476910591125,0.4930301420390606,0.6632947485893964
fine_control,41,slit_bridge,121,private-source://routeA_experiments/data/final_ood_frozen_v1/slit_bridge/sample_0121.npz,947ac005aaaab451b701b3285288d12286101f1936826903031becc4a8c82912,0.0019220970571041107,0.11568224742725208,1.1043643596811161,0.7571185640990734,0.5811918117105961,0.70871320143342
fine_control,41,slit_bridge,122,private-source://routeA_experiments/data/final_ood_frozen_v1/slit_bridge/sample_0122.npz,f86df5b1facc0d81f78a07017d7a1169d59fc90ab287dd52fa7ef79d790e2e91,0.0016834726557135582,0.09018014878502702,0.6439888134474429,0.6036218851804733,0.4139379598200321,0.5494064703583711
fine_control,41,slit_bridge,123,private-source://routeA_experiments/data/final_ood_frozen_v1/slit_bridge/sample_0123.npz,dd8d213055c704fdaab30fa56f42a33f2b17cda2608934ee3c8395f1fa3ac372,0.0019367486238479614,0.1221985730138768,1.3086375697023744,0.9217059835791588,0.5808756984770298,0.7545822016894805
fine_control,41,slit_bridge,124,private-source://routeA_experiments/data/final_ood_frozen_v1/slit_bridge/sample_0124.npz,989ca5a6639d386f9ba2fbbe4929a51151c1d1f58f0b02af5979a213ce187952,0.0016948143020272255,0.10414550219783707,1.1978074928774023,0.8001523911952972,0.5100205009803176,0.6278692573308944
fine_control,41,slit_bridge,125,private-source://routeA_experiments/data/final_ood_frozen_v1/slit_bridge/sample_0125.npz,a70aa7c2b0ab69e05a1bdac27c118b00080fd91ce4b14294cf3d802c7d9815c3,0.002224516123533249,0.05693384161905755,0.43888251097538056,0.44340699911117554,0.25950178503990173,0.3504049032926559
fine_control,41,slit_bridge,126,private-source://routeA_experiments/data/final_ood_frozen_v1/slit_bridge/sample_0126.npz,093585a00e910cd41c9a8b1050dbde9900de283da5c8bcf64b0e6657b12ce6c0,0.002160201780498028,0.12239353772065326,0.9283935003723239,0.871645487844944,0.5878822281956673,0.7523938201367854
fine_control,41,slit_bridge,127,private-source://routeA_experiments/data/final_ood_frozen_v1/slit_bridge/sample_0127.npz,fbaeeb14ed4064772eccd6ad5d7ce8b30fd2cd571f89be44730cad2f429acd53,0.0022428734228014946,0.07442080038813659,0.5806103593843944,0.608523041009903,0.3743721842765808,0.47349907234311067
fine_control,41,slit_bridge,128,private-source://routeA_experiments/data/final_ood_frozen_v1/slit_bridge/sample_0128.npz,f8dcb1ad9a029b0aaa0eb4226be5e9fb26f98253b2ac2ee759238972e2b35793,0.0021456200629472733,0.09956381704843607,0.8068944462994825,0.7803203463554382,0.47483573853969574,0.6655661158263679
fine_control,41,slit_bridge,129,private-source://routeA_experiments/data/final_ood_frozen_v1/slit_bridge/sample_0129.npz,4fde72568a862f65ab802425b157856bd372d3c84dff9690b725526c7c4caa72,0.002137441188097,0.10885307224012543,0.8395885812290823,0.8586581349372864,0.5232768412679434,0.6907034128904342
fine_control,41,slit_bridge,130,private-source://routeA_experiments/data/final_ood_frozen_v1/slit_bridge/sample_0130.npz,c5fc37a33ccfde0c5c1bc91a423ff22369761aa4a2358c6bf448d552f93ebe9f,0.0019205864518880844,0.03901050460725648,0.270142321898621,0.5232486724853516,0.13822966068983078,0.28192644342779943
fine_control,41,slit_bridge,131,private-source://routeA_experiments/data/final_ood_frozen_v1/slit_bridge/sample_0131.npz,816e62f42925e1228f1925aa9a64af845857cc8af393bef8edcc95e0b32ae811,0.0019393879920244217,0.09716023756348667,0.7799303512913964,0.7654615938663483,0.49013175070285797,0.6438307285308835
fine_control,41,slit_bridge,132,private-source://routeA_experiments/data/final_ood_frozen_v1/slit_bridge/sample_0132.npz,0fe2c82d437426e3d5e3a8a69a3eaf8444f65273028a83b43642500191be1de2,0.002164257690310478,0.1047925882529682,1.0598711416456135,0.7736636400222778,0.4940308779478073,0.6820377349853511
fine_control,41,slit_bridge,133,private-source://routeA_experiments/data/final_ood_frozen_v1/slit_bridge/sample_0133.npz,158533d38705bbe83ad1aff888d4d281d11c259abc75e687100337a1169b6b79,0.0019376398995518684,0.082402422589016,0.5810907827815067,0.5089370757341385,0.38400300592184067,0.4541720211505889
fine_control,41,slit_bridge,134,private-source://routeA_experiments/data/final_ood_frozen_v1/slit_bridge/sample_0134.npz,809d1f61ff74bd28a60a9ee3e93980572061abc432bf497071f850cf295e5a22,0.002323644235730171,0.11604719958591261,0.9931226414625958,0.8692748844623566,0.5317005217075348,0.717578063160181
fine_control,41,slit_bridge,135,private-source://routeA_experiments/data/final_ood_frozen_v1/slit_bridge/sample_0135.npz,49a6d2f84ef15ae562f31d7f8186dcf515a22bd150120c9ef7592236bc4da560,0.0019081216305494308,0.1075431573441023,1.0149897776400882,0.7312394082546234,0.5032896250486374,0.6444339238107201
fine_control,41,slit_bridge,136,private-source://routeA_experiments/data/final_ood_frozen_v1/slit_bridge/sample_0136.npz,0aaf02ec1906882bedac48878d8b32168a7bb9aa28e664600efcf7880eeb0a09,0.001962241716682911,0.05038672194190659,0.32288690512894197,0.4452020823955536,0.2072765752673149,0.3427992761135101
fine_control,41,slit_bridge,137,private-source://routeA_experiments/data/final_ood_frozen_v1/slit_bridge/sample_0137.npz,3060120b449129fec3dadb659d3c9a7989d9e4319138bf42de3acdc3ba915c02,0.0022632209584116936,0.07234338770761473,0.5441201376669229,0.48406726121902466,0.2979671508073807,0.42173754125833496
fine_control,41,slit_bridge,138,private-source://routeA_experiments/data/final_ood_frozen_v1/slit_bridge/sample_0138.npz,6ed13d9162ca3514a314258b8d24016c2bc8875b25b0b38c5cdfa938f2a1eee2,0.0021083997562527657,0.10504311692600146,1.045134057542998,0.8382211327552795,0.49203989282250404,0.6800888467580075
fine_control,41,slit_bridge,139,private-source://routeA_experiments/data/final_ood_frozen_v1/slit_bridge/sample_0139.npz,658f1ca5a3c9c31ef1d3034e1fa4b0a5769e9c38a410ad1b72996a2aa8abf1a0,0.002229575999081135,0.070259960185035,0.5578447082436452,0.6603602543473244,0.34712652303278446,0.4571575373411178
fine_control,41,slit_bridge,140,private-source://routeA_experiments/data/final_ood_frozen_v1/slit_bridge/sample_0140.npz,4cb2e3c95ee8b50b37549ea056e6b5e6349cac539e85f6c167d54902061606d1,0.0022161509841680527,0.11262394997609045,0.9774165233225197,0.8118375539779663,0.5356122683733702,0.712645678222179
fine_control,41,slit_bridge,141,private-source://routeA_experiments/data/final_ood_frozen_v1/slit_bridge/sample_0141.npz,72511c727388df3bf5af40ee47932e5d0ea12cec9268d07a95eff4200660e42e,0.00219888798892498,0.09867947726350292,0.8278664623581772,0.7690745294094086,0.4679407346993685,0.6269914947450159
fine_control,41,slit_bridge,142,private-source://routeA_experiments/data/final_ood_frozen_v1/slit_bridge/sample_0142.npz,306a40af48edd29b46f137a9e1015dba90eef9f89a216e9034ab8c4e810088cb,0.0019236793741583824,0.1146657035564156,1.175044922865246,0.8583491146564484,0.5306293554604053,0.7226997591555117
fine_control,41,slit_bridge,143,private-source://routeA_experiments/data/final_ood_frozen_v1/slit_bridge/sample_0143.npz,9143fda697b9d0ca554a018b16f7dcedf9ce17f64344f4de043fd7612877a3d2,0.002146497368812561,0.12017660650560623,1.2619134854451899,0.8678722903132439,0.588961485773325,0.7445754215121269
fine_control,41,slit_bridge,144,private-source://routeA_experiments/data/final_ood_frozen_v1/slit_bridge/sample_0144.npz,cede0fd6d7f85a69aeaae09213236482ad3047e9130d14dd79693b9e243f783b,0.0022066980600357056,0.11726995922211593,1.1309137617602263,0.7932015955448151,0.5244828322902322,0.7531010694801806
fine_control,41,slit_bridge,145,private-source://routeA_experiments/data/final_ood_frozen_v1/slit_bridge/sample_0145.npz,2d9fdb82c8a7275b63a15c4d95ab584a0842ebd21fd6762928d68475fe8cc330,0.0019408799707889557,0.12062908283180451,0.9849265122192086,0.9002167358994484,0.5656193569302559,0.8084877952933307
fine_control,41,slit_bridge,146,private-source://routeA_experiments/data/final_ood_frozen_v1/slit_bridge/sample_0146.npz,207f5f551061e628bde8bc221dd64138c07612d4245a97390961be3ea5e16611,0.0021968241780996323,0.07131020190095855,0.5194493683425885,0.5110398381948471,0.29445965588092804,0.41399125903844797
fine_control,41,slit_bridge,147,private-source://routeA_experiments/data/final_ood_frozen_v1/slit_bridge/sample_0147.npz,82d0e49e8401c09f0e3e6a3547b29f4d5a1dedbc6b0f06beea92cbeb4866ea11,0.0020745350047945976,0.11391051362845202,1.1197104201422872,0.809651255607605,0.5305737275630236,0.7387905534356831
fine_control,41,slit_bridge,148,private-source://routeA_experiments/data/final_ood_frozen_v1/slit_bridge/sample_0148.npz,e38da3693d172092572c7f2754a94e44ef94b0502f3919d896ce0c2fbe38e009,0.0019309129565954208,0.11210549606489213,0.953876311340058,0.802170991897583,0.54406270198524,0.7273735076189037
fine_control,41,slit_bridge,149,private-source://routeA_experiments/data/final_ood_frozen_v1/slit_bridge/sample_0149.npz,afc272ad1c582032ceafc263f98a9500852bcc9f113906a40f63ad64c40aee4c,0.002261918969452381,0.11447852235359403,1.6996872535671343,0.9615611433982849,0.558541668462567,0.781540886312723
fine_control,41,slit_bridge,150,private-source://routeA_experiments/data/final_ood_frozen_v1/slit_bridge/sample_0150.npz,3d18460af3363948da3a01a3d1b31a48effc40aa616a1b5dd39689622a7ec45c,0.0019207540899515152,0.09697696648497288,0.6857873086120998,0.8286432325839996,0.4489949755370617,0.6225350275635717
fine_control,41,slit_bridge,151,private-source://routeA_experiments/data/final_ood_frozen_v1/slit_bridge/sample_0151.npz,d5753da7388ebb54f9cf2699537d139086e01002d7a59190bb63986a17939a32,0.002210729755461216,0.061190081873304346,0.45828597753564787,0.5931853652000427,0.2542496472597122,0.3727481439709661
fine_control,41,slit_bridge,152,private-source://routeA_experiments/data/final_ood_frozen_v1/slit_bridge/sample_0152.npz,9695aa6ea858785b103e16fd61c266f988f64686cfbdc88b2899662da023ea05,0.0022093914449214935,0.07128500598549718,0.6331159369000691,0.6256126165390015,0.313451923429966,0.4712865322828293
fine_control,41,slit_bridge,153,private-source://routeA_experiments/data/final_ood_frozen_v1/slit_bridge/sample_0153.npz,60ac6a052ff2a92b7086357b74a96c31e33d7255ddf407c4f70bc5fe58806b60,0.0022110147401690483,0.11440022334010964,1.6395626715523943,0.8778930082917213,0.539710417157039,0.7446631490252907
fine_control,41,slit_bridge,154,private-source://routeA_experiments/data/final_ood_frozen_v1/slit_bridge/sample_0154.npz,02efeff9d6ba6e84c68ab742c168c4ca40609c73d6f82146e8a2f5b10a657897,0.0022623129189014435,0.11978929091679111,2.0879164392424983,0.9688235819339752,0.5677664801478386,0.8096445697243324
fine_control,41,slit_bridge,155,private-source://routeA_experiments/data/final_ood_frozen_v1/slit_bridge/sample_0155.npz,ea8bfa01563270f5d6e2ec9dbe473f05772c2e4989b937a57ae2104227258fed,0.0019331332296133041,0.06994882060586466,0.4753210130238567,0.579401969909668,0.2693340927362442,0.43399027884006486
fine_control,41,slit_bridge,156,private-source://routeA_experiments/data/final_ood_frozen_v1/slit_bridge/sample_0156.npz,5005fb0814bda784608be7da52a32e34a6544ba7bd358a95694b62e213f8f2c2,0.0021909289062023163,0.10887131479128127,0.9480801485503829,0.8659834340214729,0.5089571177959442,0.7278538607060909
fine_control,41,slit_bridge,157,private-source://routeA_experiments/data/final_ood_frozen_v1/slit_bridge/sample_0157.npz,ac48ebb841e2622ef6bc4ba966dad1b3b604f8d724d29e6f2fab1b6641ee1921,0.001924249343574047,0.12069878523485948,1.0576975317587036,0.9061765149235725,0.5703954575583339,0.7665913343429562
fine_control,41,slit_bridge,158,private-source://routeA_experiments/data/final_ood_frozen_v1/slit_bridge/sample_0158.npz,2f49624ea36882b03b9786cab30360722cade76c056bea230f9c9ba4ac764c8b,0.0021944763138890266,0.09042065400052211,0.618027907443236,0.7146092057228088,0.45924991741776466,0.612504893541336
fine_control,41,slit_bridge,159,private-source://routeA_experiments/data/final_ood_frozen_v1/slit_bridge/sample_0159.npz,d0b13a51187a418d7efe2e93a19604a3d01c818ea9736b5aa09b4607fad5fa55,0.0019341353327035904,0.08275651671366259,0.6683798653999669,0.7078612744808197,0.40015341341495514,0.5705504834651945
fine_control,41,slit_bridge,160,private-source://routeA_experiments/data/final_ood_frozen_v1/slit_bridge/sample_0160.npz,622f4d8070ecdd9d0a824ce72f84fecc0c78f83011ff11259ebc6bb846de281e,0.0019231438636779785,0.06475562142209806,0.46426684671305346,0.46221745014190674,0.26959243044257164,0.3847250148653984
fine_control,41,slit_bridge,161,private-source://routeA_experiments/data/final_ood_frozen_v1/slit_bridge/sample_0161.npz,178f02f0e3b5995f2619dd6bf52ad3a7508f806bd4e13ba9ceeb9a36f1649f16,0.0019255448132753372,0.10701405991811186,1.1046085628864712,0.7397616803646088,0.497551198117435,0.6079901650547981
fine_control,41,slit_bridge,162,private-source://routeA_experiments/data/final_ood_frozen_v1/slit_bridge/sample_0162.npz,7dac1f84d357180521999872dd329573241cb8c42feeb442891197f01199c66b,0.0021925149485468864,0.12328532799873472,1.5895049985534044,0.9402837306261063,0.5659609353169799,0.7586503469385203
fine_control,41,slit_bridge,163,private-source://routeA_experiments/data/final_ood_frozen_v1/slit_bridge/sample_0163.npz,b7a7aa86a9bdc19977f06da4caff68d49a340edbf4f1a1c1187591366b6636d2,0.002116435207426548,0.10763536579282094,0.8722458817087235,0.8672843500971794,0.5129590071737766,0.739926306158304
fine_control,41,slit_bridge,164,private-source://routeA_experiments/data/final_ood_frozen_v1/slit_bridge/sample_0164.npz,779949d863880f5d16a879e81f20fad07ea4f966fba7da8ee22f0adaa6fc32af,0.001931479200720787,0.1255037800600997,0.9804340742567755,0.8100481629371643,0.55029281321913,0.723566826805472
fine_control,41,slit_bridge,165,private-source://routeA_experiments/data/final_ood_frozen_v1/slit_bridge/sample_0165.npz,dc423b6d998084bf0149349c297bb1babad5e99fb236b7c05dfa975cb5183082,0.0019206013530492783,0.055229401063773595,0.41947954119120423,0.6959533467888832,0.22384991496801376,0.3810066603124136
fine_control,41,slit_bridge,166,private-source://routeA_experiments/data/final_ood_frozen_v1/slit_bridge/sample_0166.npz,351a161f32941f870662dc54b1d5ae59e25dc38cb8501ca4493dd08e6d42d64a,0.0021565239876508713,0.1132088884848453,0.9850416335495198,0.8550933003425598,0.524139441549778,0.7310021370649337
fine_control,41,slit_bridge,167,private-source://routeA_experiments/data/final_ood_frozen_v1/slit_bridge/sample_0167.npz,aa66574c4716561ec10258da0ac13914768f1d14f665ebf1ec534f148bd0abd7,0.0019203778356313705,0.0696428877748065,0.5416819589548961,0.6568487882614136,0.2995731234550476,0.37463837265968314
fine_control,41,slit_bridge,168,private-source://routeA_experiments/data/final_ood_frozen_v1/slit_bridge/sample_0168.npz,b0b356c11f56258bb6f3db09bd66c6dcd1bcd41614b20e67f8e907402ec13485,0.002367391251027584,0.10716203777915748,0.9115137916081175,0.7528326213359833,0.48585430439561605,0.662989142537117
fine_control,41,slit_bridge,169,private-source://routeA_experiments/data/final_ood_frozen_v1/slit_bridge/sample_0169.npz,a469b2c4e556282ed62e13e26cd27398331a9ba05d88ee1913966198103238d6,0.0019219322130084038,0.12035247330163142,1.0718407907269711,0.8622924387454987,0.5765786161646247,0.7115130722522732
fine_control,41,slit_bridge,170,private-source://routeA_experiments/data/final_ood_frozen_v1/slit_bridge/sample_0170.npz,36fbd3c3d23a1204142c49ecd37ef44c2ba54ac4467ddb41d832464267e85212,0.0021713878959417343,0.11751964469695471,1.1155960179531772,0.7941101007163525,0.5432987357489765,0.727329270914197
fine_control,41,slit_bridge,171,private-source://routeA_experiments/data/final_ood_frozen_v1/slit_bridge/sample_0171.npz,d535ac50a902c9794c7c816a49047dfd9c3f701564b69ce35cc24a4b731afa97,0.0019137049093842506,0.12551049086368105,1.7175499315379321,0.9417703375220299,0.6075516588171013,0.8135986608453093
fine_control,41,slit_bridge,172,private-source://routeA_experiments/data/final_ood_frozen_v1/slit_bridge/sample_0172.npz,4e4eeb0f4d4f14aa76bc67064de00f38d35024c2470cfc77d2414c6da16f99f2,0.001938212662935257,0.10033011736236364,0.7202618580672333,0.6860624253749847,0.5077534466981888,0.5927872508764266
fine_control,41,slit_bridge,173,private-source://routeA_experiments/data/final_ood_frozen_v1/slit_bridge/sample_0173.npz,4c3d97c818e4c1aaa20fd773230ef107c1e90a4328ebbfb020186474b8b391e2,0.0019248425960540771,0.10288978723881854,0.890768642871519,0.8255474343895912,0.4885867112316191,0.7050923615694038
fine_control,41,slit_bridge,174,private-source://routeA_experiments/data/final_ood_frozen_v1/slit_bridge/sample_0174.npz,c764cef11e9744e2347bf095a3ad20fd9c9a40516623d0e6687f000cea70736b,0.002143794670701027,0.10859291382278154,1.0709551120557639,0.7925256192684174,0.5207522474229336,0.7359145857393741
fine_control,41,slit_bridge,175,private-source://routeA_experiments/data/final_ood_frozen_v1/slit_bridge/sample_0175.npz,22afae3ce0b327b65855609e847dcf168cbfa0c3da01d0e00d7ff822a2f93dab,0.001921079121530056,0.10114744259175443,0.6806430882936291,0.7000641524791718,0.480759397149086,0.5608407527208324
fine_control,41,slit_bridge,176,private-source://routeA_experiments/data/final_ood_frozen_v1/slit_bridge/sample_0176.npz,3615c8f32a0156e435a991da99bea493288394630d64ca1402e46469b4ae4561,0.0020785629749298096,0.05439823376054331,0.4041152429598688,0.7674632966518402,0.2446897178888321,0.41485217213630654
fine_control,41,slit_bridge,177,private-source://routeA_experiments/data/final_ood_frozen_v1/slit_bridge/sample_0177.npz,bde9b0878d1f9163cd3460df65d8fbaa6d012659d97271692cd52839664004d8,0.0019216388463974,0.0876513629724463,0.7552176648350725,0.6291877627372742,0.45961613580584526,0.5788960605859755
fine_control,41,slit_bridge,178,private-source://routeA_experiments/data/final_ood_frozen_v1/slit_bridge/sample_0178.npz,dffe6643c77429e0e5ed595fcd8553b626ac374c0226c86babb86bb23700de20,0.0022514639422297478,0.08455150603747962,0.6421102250383347,0.6063761115074158,0.428247794508934,0.5353268157690761
fine_control,41,slit_bridge,179,private-source://routeA_experiments/data/final_ood_frozen_v1/slit_bridge/sample_0179.npz,fca36c52c6cfb0110fbe78721de423d99487a00561b0c6b6b9f826917f42aede,0.0019108038395643234,0.08035311692274488,0.5410732107129941,0.5908206403255463,0.41188251972198486,0.5433850765228269
fine_control,41,slit_bridge,180,private-source://routeA_experiments/data/final_ood_frozen_v1/slit_bridge/sample_0180.npz,6f19672ce01e21e2c280e4be06a3e54680e018ff4c226cbe757f44ebad3e1910,0.002267971634864807,0.07670906926154507,0.46639005709257114,0.484906405210495,0.318649597465992,0.42991231977939603
fine_control,41,slit_bridge,181,private-source://routeA_experiments/data/final_ood_frozen_v1/slit_bridge/sample_0181.npz,ec877344fcdbfdbdaddf529e85e3cc5c3aab339963def6c7349014d86c8140d4,0.0021361978724598885,0.11195407918470882,0.9431426852006614,0.8630185127258301,0.5425364077091217,0.733338826149702
fine_control,41,slit_bridge,182,private-source://routeA_experiments/data/final_ood_frozen_v1/slit_bridge/sample_0182.npz,85955e8644eeb0dcc33c4aed80df2c7439e5bab709258a2875ce1a3a61c5ebfb,0.0023434553295373917,0.08457421054471653,0.6657387897859758,0.7498896718025208,0.3985209222882986,0.5361966460943218
fine_control,41,slit_bridge,183,private-source://routeA_experiments/data/final_ood_frozen_v1/slit_bridge/sample_0183.npz,7db60f93fba5ad9147fed2dc7ad510080993a1ba5cacff680d8f7315ac009961,0.0022624731063842773,0.1091337462468845,0.8723696013460853,0.7482241988182068,0.4800766557455063,0.6567560195922845
fine_control,41,slit_bridge,184,private-source://routeA_experiments/data/final_ood_frozen_v1/slit_bridge/sample_0184.npz,8121820fc993132420a3854bde14b0b1742133b65c0a82ff2248b97133f07f34,0.0019273506477475166,0.09269689601914974,0.8139014108490011,0.6223986148834229,0.4321170374751091,0.5522539988160132
fine_control,41,slit_bridge,185,private-source://routeA_experiments/data/final_ood_frozen_v1/slit_bridge/sample_0185.npz,6cddc80ef7290697c6e5ddae659d68aa20dcd10104ab9b2cd5f9708afe9f741d,0.0019265655428171158,0.05318100636283947,0.3548847157386299,0.6394281983375549,0.20200282335281372,0.3388883814215658
fine_control,41,slit_bridge,186,private-source://routeA_experiments/data/final_ood_frozen_v1/slit_bridge/sample_0186.npz,325ef30f2da8a65dac78a1b06a65f887f2d9947c96e2faee9e6a8ec03323351a,0.0019291378557682037,0.10966189838136323,0.8377110942270877,0.7692740559577942,0.5005239099264145,0.6715443983674049
fine_control,41,slit_bridge,187,private-source://routeA_experiments/data/final_ood_frozen_v1/slit_bridge/sample_0187.npz,119b85212c8b4744bf1d62d7dfe261550cb6d3e5d22f4790dbe62e75609d0922,0.002127985469996929,0.07446971071340337,0.5322831395281591,0.7821142226457596,0.3300751894712448,0.41961043477058396
fine_control,41,slit_bridge,188,private-source://routeA_experiments/data/final_ood_frozen_v1/slit_bridge/sample_0188.npz,dcf9852e45123cccfdad55cec5cd89ffd610e5287252fbe34ba1dd1786992a3e,0.0022306684404611588,0.10525427037528601,0.8463342148459383,0.8446618020534515,0.5022270902991295,0.7431565225124355
fine_control,41,slit_bridge,189,private-source://routeA_experiments/data/final_ood_frozen_v1/slit_bridge/sample_0189.npz,286c7744959bebf561fcf60d6510f810deadc11b4f49e589e2e9473d32de82f7,0.0022141383960843086,0.08618039258294138,0.7607470492829056,0.6707852184772491,0.4124564826488495,0.5745852097868919
fine_control,41,slit_bridge,190,private-source://routeA_experiments/data/final_ood_frozen_v1/slit_bridge/sample_0190.npz,fe702ecba390c3dc04a9733afe0b132a016fcf5c4eaffcad11aaea841c4e382e,0.002081465907394886,0.10819875110966547,0.9998771492655145,0.7697013393044472,0.48333332501351833,0.654550652951002
fine_control,41,slit_bridge,191,private-source://routeA_experiments/data/final_ood_frozen_v1/slit_bridge/sample_0191.npz,cc046fa8afaf7d479712359b932e246ff1ee8e9d4f1365bd79dc2f10196be05c,0.0020337263122200966,0.11959548299652932,1.1137150548082386,0.7689840346574783,0.5543869277462363,0.7171308614313598
fine_control,41,slit_bridge,192,private-source://routeA_experiments/data/final_ood_frozen_v1/slit_bridge/sample_0192.npz,12a887fa1b92770140bbc308300406b9f45be794a2802dc5d4318f9f90964304,0.0019221873953938484,0.10335369168863753,0.7902522553818792,0.7596621289849281,0.452856857329607,0.6160410135984421
fine_control,41,slit_bridge,193,private-source://routeA_experiments/data/final_ood_frozen_v1/slit_bridge/sample_0193.npz,ea535161153d10af3f779e6ce92ab576cb6f01bb2b84270e675cb8a7ca3bff3d,0.002261839807033539,0.05478929821720587,0.38786763583211126,0.4813717305660248,0.24782096594572067,0.37577351257205
fine_control,41,slit_bridge,194,private-source://routeA_experiments/data/final_ood_frozen_v1/slit_bridge/sample_0194.npz,8488a62661fcd5432a193ca5c2bdaf1492f33731b7131ad3e367f5731ec70c37,0.0021314313635230064,0.10792392213158777,0.9979558120919342,0.8975997045636177,0.5197568805888295,0.7805845096707343
fine_control,41,slit_bridge,195,private-source://routeA_experiments/data/final_ood_frozen_v1/slit_bridge/sample_0195.npz,7e1d374879fa5f6a96ebc3990a10958313440dc33a9ef060976f12e925232108,0.002228165976703167,0.09025726009532893,0.6531448575137382,0.6422124803066254,0.4488053731620312,0.5767845094203948
fine_control,41,slit_bridge,196,private-source://routeA_experiments/data/final_ood_frozen_v1/slit_bridge/sample_0196.npz,d4848a4e772e741b625e10aec676527f984e3943b470a872754331769f8b94bb,0.0020531751215457916,0.10206373313462679,1.001140818012201,0.7851754426956177,0.5009687729179859,0.6616029292345038
fine_control,41,slit_bridge,197,private-source://routeA_experiments/data/final_ood_frozen_v1/slit_bridge/sample_0197.npz,2b37447cf0d376d2e2021ecf8d29a5d17437f6bb153943e0f306b31930209b3e,0.0021132156252861023,0.11480948215367566,0.9465990381264026,0.8816754594445229,0.5628026658669114,0.8106533825397491
fine_control,41,slit_bridge,198,private-source://routeA_experiments/data/final_ood_frozen_v1/slit_bridge/sample_0198.npz,8030be12303215e83fab9a6e2360c32b7958cadc693426ae4437ff9ce9a38d91,0.002161395736038685,0.09885046303195516,0.7851171014584594,0.8086993098258972,0.45594266802072525,0.6993817597627636
fine_control,41,slit_bridge,199,private-source://routeA_experiments/data/final_ood_frozen_v1/slit_bridge/sample_0199.npz,cc6a52511cc16e98c96e4753d529c21a8e0ccbe95013bc0584ae491523d2bb83,0.0021386435255408287,0.05843051621898536,0.44412118739730344,0.600526362657547,0.22867702320218086,0.35151829421520175
fine_control,41,three_hole_asymmetric,0,private-source://routeA_experiments/data/final_ood_frozen_v1/three_hole_asymmetric/sample_0000.npz,76239d9d4cae31805b23350941f6924762ca8e0eb2de53f5e0014a3050004492,0.0022889459505677223,0.08533523404430866,0.8402598642329108,0.7532219290733337,0.4240002650185488,0.6140148235601373
fine_control,41,three_hole_asymmetric,1,private-source://routeA_experiments/data/final_ood_frozen_v1/three_hole_asymmetric/sample_0001.npz,c8138e48b2b5450756ab6ea06ad8018a0f03fd49507fdf70f7602513883c6d79,0.002174229361116886,0.07611083004173301,1.040677538959139,0.8506393134593964,0.35621544905006886,0.6451538095250721
fine_control,41,three_hole_asymmetric,2,private-source://routeA_experiments/data/final_ood_frozen_v1/three_hole_asymmetric/sample_0002.npz,8415d3f4052cfa250de2e615b5f135c4cbc51665e9780ba0c740b7bc68b0b8d0,0.001939132809638977,0.08420559311510163,0.9253620909097073,0.793963797390461,0.3650814659195021,0.611336253583431
fine_control,41,three_hole_asymmetric,3,private-source://routeA_experiments/data/final_ood_frozen_v1/three_hole_asymmetric/sample_0003.npz,126883ed7a18270534e81fc020b354d6a09b3d0b37130be0a213f6e3fe3611cf,0.001938660629093647,0.10409987024192603,0.9813202705438657,0.7928328216075897,0.5045830514281988,0.7236957788933066
fine_control,41,three_hole_asymmetric,4,private-source://routeA_experiments/data/final_ood_frozen_v1/three_hole_asymmetric/sample_0004.npz,73fddad29aef7a16eeabb39f9b70e218861d55037c0d2745430816f9076f8b8f,0.00194535031914711,0.07656520235197213,1.0058614130153236,0.7210991680622101,0.2958332058042288,0.6131231451407074
fine_control,41,three_hole_asymmetric,5,private-source://routeA_experiments/data/final_ood_frozen_v1/three_hole_asymmetric/sample_0005.npz,0cce2a32a88505f1a40318561d466c31de7f2eb63e0449cf3df2f644c64a0108,0.0023670438677072525,0.08047612279522783,0.8208475125851179,0.7083403766155243,0.3995070904493332,0.5842361688613891
fine_control,41,three_hole_asymmetric,6,private-source://routeA_experiments/data/final_ood_frozen_v1/three_hole_asymmetric/sample_0006.npz,05b9798f8cd5b5b832e909e747bb49397a06d4bc8291718bcb52ee39573eb619,0.0019223373383283615,0.10428419497523954,1.1933613510275018,0.8721858486533165,0.5181667674332857,0.7586183724924922
fine_control,41,three_hole_asymmetric,7,private-source://routeA_experiments/data/final_ood_frozen_v1/three_hole_asymmetric/sample_0007.npz,6ba61082fc82270f3f31ed8952fcbbd145b31d5361d264f2bd66a5366e0bc340,0.0022965949028730392,0.08118724326043689,0.9155002104375871,0.7134489566087723,0.38369813933968544,0.6399464306421577
fine_control,41,three_hole_asymmetric,8,private-source://routeA_experiments/data/final_ood_frozen_v1/three_hole_asymmetric/sample_0008.npz,853331caeb1b23865ccb78c9a2f431c6c5268c039e4b02388b3e7b2950cb9a7f,0.0022286856546998024,0.0898179214958517,0.9387097070538863,0.8736884519457817,0.4451654702425003,0.7219131458550689
fine_control,41,three_hole_asymmetric,9,private-source://routeA_experiments/data/final_ood_frozen_v1/three_hole_asymmetric/sample_0009.npz,9970adef6a8aee3680702738f4b4535ec99d53fd695e57178ef1d947c3890f8c,0.002241990529000759,0.08983105122000928,0.9449251677554665,0.8157781064510345,0.3846317995339632,0.7030013811308885
fine_control,41,three_hole_asymmetric,10,private-source://routeA_experiments/data/final_ood_frozen_v1/three_hole_asymmetric/sample_0010.npz,ca5bef464b218ce33227b66ed886a6d671ca7ebab5b66b551b37435087ee4d86,0.002253602258861065,0.09291979918533554,0.9987825621726982,0.846286378800869,0.4848076148482505,0.7264329019933937
fine_control,41,three_hole_asymmetric,11,private-source://routeA_experiments/data/final_ood_frozen_v1/three_hole_asymmetric/sample_0011.npz,ed6e65591f32cddee3a621d0a802c4d3ce1e222eac7e0ad7a6d66916367e9015,0.002183288335800171,0.08068248751987893,0.9688354440725061,0.8557327017188072,0.3627496804110706,0.6364022989757354
fine_control,41,three_hole_asymmetric,12,private-source://routeA_experiments/data/final_ood_frozen_v1/three_hole_asymmetric/sample_0012.npz,81ff39c1f360e63cd187c00763f0e47af4b7b964b23c0036bbcc2118bcfa7335,0.0019588228315114975,0.09197036681432587,0.9575059544333004,0.805262953042984,0.4726277496665716,0.6472376196645198
fine_control,41,three_hole_asymmetric,13,private-source://routeA_experiments/data/final_ood_frozen_v1/three_hole_asymmetric/sample_0013.npz,7b336e409d0b1be61aa8152652f7727a997afad669670d5dbedef898f8385d62,0.0021669436246156693,0.0783307109572896,0.9563434135462652,0.7902300357818604,0.32827714271843433,0.6946367863565682
fine_control,41,three_hole_asymmetric,14,private-source://routeA_experiments/data/final_ood_frozen_v1/three_hole_asymmetric/sample_0014.npz,14b2727426b78377e48754867160238048d5c11e6a60c8244c17e2f5d349c674,0.0019472576677799225,0.08265859989338988,0.9007840756056421,0.6834007203578949,0.4144002911634743,0.5898853955324737
fine_control,41,three_hole_asymmetric,15,private-source://routeA_experiments/data/final_ood_frozen_v1/three_hole_asymmetric/sample_0015.npz,f1f557f0e4338c64350ec1c2218ae556b5ee258eeeb85ed87e15e06d69e7949f,0.0019992487505078316,0.09321681050777317,1.2305141492670644,0.8664875717367977,0.48351022228598595,0.704106252454221
fine_control,41,three_hole_asymmetric,16,private-source://routeA_experiments/data/final_ood_frozen_v1/three_hole_asymmetric/sample_0016.npz,e72396fee8a43a2b8ddefe735291ca8705c65690b680b4a18f84ae974e873213,0.0019543813541531563,0.09490114210680986,1.1145716845298408,0.8886931017041206,0.45346585544757545,0.7300558010116216
fine_control,41,three_hole_asymmetric,17,private-source://routeA_experiments/data/final_ood_frozen_v1/three_hole_asymmetric/sample_0017.npz,e985edd4b5fd67f0812b23ba168c67faea3aeed38dc497bd3554f7bd6760ce23,0.0021178126335144043,0.09678323240824838,1.1394213638540953,0.8295982107520103,0.45839253842132166,0.7100622471887614
fine_control,41,three_hole_asymmetric,18,private-source://routeA_experiments/data/final_ood_frozen_v1/three_hole_asymmetric/sample_0018.npz,822a1ae4756152a1ca58caa1ec6d5f81a08654b749358283fdc1e93ee4e96c05,0.0019817883148789406,0.09372271237456797,0.8537485685932918,0.7629512846469879,0.45961766317486763,0.6816065268591043
fine_control,41,three_hole_asymmetric,19,private-source://routeA_experiments/data/final_ood_frozen_v1/three_hole_asymmetric/sample_0019.npz,930b0ac62993246d762ab2fade330a6323a28dfa631309dcd025ccc1955464d2,0.002258795313537121,0.09868152815841381,1.0740450903297263,0.7402051687240601,0.4895692733116448,0.6152946184389291
fine_control,41,three_hole_asymmetric,20,private-source://routeA_experiments/data/final_ood_frozen_v1/three_hole_asymmetric/sample_0020.npz,ebe95ab8adce4e5f03a8c032f3f82d5b37362c40745ec8db423913bbcdbc36cc,0.0021013058722019196,0.08631923601279164,1.1349213085078802,0.7842901572585106,0.43731458004913293,0.6597688395529984
fine_control,41,three_hole_asymmetric,21,private-source://routeA_experiments/data/final_ood_frozen_v1/three_hole_asymmetric/sample_0021.npz,54558d7be0dcfa75da26d4b23bc274c3c188b6521dea1d6a7af66329fa9f8251,0.0022062407806515694,0.09348249623920267,0.8602597955194362,0.7913268506526947,0.47447695513255894,0.6993472635746001
fine_control,41,three_hole_asymmetric,22,private-source://routeA_experiments/data/final_ood_frozen_v1/three_hole_asymmetric/sample_0022.npz,6bdc3c8942ace2076e15642c82251ef4fb1abdcb025262d5cbf4bf8159949c89,0.002169061452150345,0.09081741483696512,1.0945394937640107,0.8368407804518938,0.4381803320720792,0.7085468741133807
fine_control,41,three_hole_asymmetric,23,private-source://routeA_experiments/data/final_ood_frozen_v1/three_hole_asymmetric/sample_0023.npz,fb7b07378547ca5def525e00c556fd80770b515ccf896b8db2c472e26a09e5de,0.0019506216049194336,0.08679399779812705,1.51221900539069,0.8748864829540253,0.4001809402834624,0.6818984418641774
fine_control,41,three_hole_asymmetric,24,private-source://routeA_experiments/data/final_ood_frozen_v1/three_hole_asymmetric/sample_0024.npz,2db1bdfbff80836e6a8d01f12b7e3e3ccb933bc7fa29a6c580e28e0a5d564196,0.0020793024450540543,0.09362205139215451,0.9542230734757092,0.8812257722020149,0.4613880570977926,0.7950538183562453
fine_control,41,three_hole_asymmetric,25,private-source://routeA_experiments/data/final_ood_frozen_v1/three_hole_asymmetric/sample_0025.npz,d3dd37382fca909602f329cf5ca0868fdf4906bc68d239b517c7b63904d4d71e,0.0019480250775814056,0.09734480298091237,0.9849956083162796,0.8167276680469513,0.502083096653223,0.7428181507624677
fine_control,41,three_hole_asymmetric,26,private-source://routeA_experiments/data/final_ood_frozen_v1/three_hole_asymmetric/sample_0026.npz,ab2b827142dff4076d7ccc83b71215ae118cd4367f57c2e1f1a596a261244546,0.001925378106534481,0.09535315966959437,0.9142770848222344,0.8622252717614174,0.4136390760540962,0.7401546612381934
fine_control,41,three_hole_asymmetric,27,private-source://routeA_experiments/data/final_ood_frozen_v1/three_hole_asymmetric/sample_0027.npz,502e0384dcc52c88b8d7686ef96396b3cb52f6aaceef7f024eb2b099d1a4007a,0.0019356859847903252,0.09161045969542637,1.4730810762847582,0.9107557907700539,0.5186488813324104,0.7613518612241018
fine_control,41,three_hole_asymmetric,28,private-source://routeA_experiments/data/final_ood_frozen_v1/three_hole_asymmetric/sample_0028.npz,9350fce83bcaffdab0c4c8e8d9620ad9255df6368a78acb778f31f6d4d74c766,0.001975840888917446,0.0843932776134652,1.0814798188891876,0.8078522682189941,0.3918868898181245,0.6655438942834734
fine_control,41,three_hole_asymmetric,29,private-source://routeA_experiments/data/final_ood_frozen_v1/three_hole_asymmetric/sample_0029.npz,f5870c4d60ab26a07f238eaa0997f6136bebb56604eb5c97e4b9a2fda2f9dc4e,0.0019349614158272743,0.08711572339314141,0.6825016161116325,0.7043599486351013,0.3920967634767294,0.61020021289587
fine_control,41,three_hole_asymmetric,30,private-source://routeA_experiments/data/final_ood_frozen_v1/three_hole_asymmetric/sample_0030.npz,6fd7dea4e1eb48c71994c0c450b08928f5ea2504ed659d879044b9b6c1644f3b,0.001934826374053955,0.07605395621111556,1.124468095881054,0.8401636853814125,0.37190160900354385,0.6573465529829262
fine_control,41,three_hole_asymmetric,31,private-source://routeA_experiments/data/final_ood_frozen_v1/three_hole_asymmetric/sample_0031.npz,4ba2ed02c426f61c1986b2240ee86afd7314ebbbe8b539e56f9600ba0cbbc1d6,0.002241724170744419,0.08094362569134081,0.9961422616300563,0.8300321996212006,0.3459048867225647,0.6376287976279852
fine_control,41,three_hole_asymmetric,32,private-source://routeA_experiments/data/final_ood_frozen_v1/three_hole_asymmetric/sample_0032.npz,19561acd47d971095affbf1d7482c2543969e7efe2e017cce9662594c2409591,0.0020972201600670815,0.09356479355818238,1.1139732721473206,0.7695244252681732,0.4483344126492739,0.627697905129753
fine_control,41,three_hole_asymmetric,33,private-source://routeA_experiments/data/final_ood_frozen_v1/three_hole_asymmetric/sample_0033.npz,299a816b59d1641a415a05ef717681b17573aad62ca3c0dc9711e90793f0d5b1,0.0019330177456140518,0.09430497947740966,1.088158368098257,0.8811035826802254,0.4322727578692138,0.7120810057967898
fine_control,41,three_hole_asymmetric,34,private-source://routeA_experiments/data/final_ood_frozen_v1/three_hole_asymmetric/sample_0034.npz,d9c1345372b974ce89c979d52478ef6d491162f017535e9466a777f808423d7d,0.0021368302404880524,0.08856404055190134,0.9617963336186333,0.8758393600583076,0.40316544100642204,0.6949771150480949
fine_control,41,three_hole_asymmetric,35,private-source://routeA_experiments/data/final_ood_frozen_v1/three_hole_asymmetric/sample_0035.npz,bbc5468f3342befdbe4e2f23d133af48d348c7ec0465af4103305de397fa0309,0.0019446369260549545,0.0804792322064977,0.7953416290870109,0.7173495516180992,0.3802022631280124,0.5943961739540099
fine_control,41,three_hole_asymmetric,36,private-source://routeA_experiments/data/final_ood_frozen_v1/three_hole_asymmetric/sample_0036.npz,f42f3b5b47bedfb758af7282d3853313d2f8cd91228aa5ad8456fe5f4ab773e7,0.0021399417892098427,0.0766907713139444,0.6493393351400794,0.7961045727133751,0.3544854912906885,0.5629712563008061
fine_control,41,three_hole_asymmetric,37,private-source://routeA_experiments/data/final_ood_frozen_v1/three_hole_asymmetric/sample_0037.npz,70b02216f9922d40a0913ae98c1656101a148ee3d0036600db73f132e9e21930,0.002102901227772236,0.08963067552521863,0.9636222336883609,0.8652722910046577,0.4476370080374181,0.7340150862932205
fine_control,41,three_hole_asymmetric,38,private-source://routeA_experiments/data/final_ood_frozen_v1/three_hole_asymmetric/sample_0038.npz,fa7d466e58601cc7ae42f28b80b74fe105c87c60ec45af33a67b9404e69917f3,0.0021206242963671684,0.08168242195387097,0.7405441829073157,0.8921336606144905,0.4179329592734575,0.5720508098602295
fine_control,41,three_hole_asymmetric,39,private-source://routeA_experiments/data/final_ood_frozen_v1/three_hole_asymmetric/sample_0039.npz,6729ed9a2fcaa8077240d781da78727ef103709fb74147547087f09e654d3eeb,0.0021122870966792107,0.07530557080301413,0.7145739710062813,0.7580520585179329,0.28717169165611267,0.5000429157167673
fine_control,41,three_hole_asymmetric,40,private-source://routeA_experiments/data/final_ood_frozen_v1/three_hole_asymmetric/sample_0040.npz,4dc1b2b4a3bf9267ac51874c458885168a31fd1142276944c4d12ad9b44e5100,0.002051836811006069,0.09387167073882388,1.092385177712683,0.8557049408555031,0.42314070649445057,0.7545375715009868
fine_control,41,three_hole_asymmetric,41,private-source://routeA_experiments/data/final_ood_frozen_v1/three_hole_asymmetric/sample_0041.npz,1b3c5a766f7f80111c7c5b2d1e785760caa4ac76416598c810f62f378e2dbb64,0.0019374825060367584,0.10301264889820252,1.1935003491253258,0.8583665415644646,0.5510550308972597,0.7042770482599733
fine_control,41,three_hole_asymmetric,42,private-source://routeA_experiments/data/final_ood_frozen_v1/three_hole_asymmetric/sample_0042.npz,71baba454d946efdf1ed77d43d057be7b5cb937b31204d3f9a34e5b759e1f944,0.0020262226462364197,0.07468117430682285,0.6710627707395873,0.5984880700707436,0.33881042897701263,0.5147534672170875
fine_control,41,three_hole_asymmetric,43,private-source://routeA_experiments/data/final_ood_frozen_v1/three_hole_asymmetric/sample_0043.npz,2ede2163e09a9b392d4845b6523de16898b67b651acecab632146f022bcfc1f4,0.001713779754936695,0.08533386992680277,0.9070041689165922,0.7790033798664808,0.39634038507938385,0.638938622875139
fine_control,41,three_hole_asymmetric,44,private-source://routeA_experiments/data/final_ood_frozen_v1/three_hole_asymmetric/sample_0044.npz,752790623dc514ac3a960bd67bd0cc3d73c861a4598060b92da04b2669e579d1,0.001962948590517044,0.09591827190313579,1.481879029179174,0.9682536721229553,0.4849064502341207,0.7231074468581937
fine_control,41,three_hole_asymmetric,45,private-source://routeA_experiments/data/final_ood_frozen_v1/three_hole_asymmetric/sample_0045.npz,f93c887a4af2aa5861e233d5e8c99ba90ed0d24be1f48007e736b60f2d82baa0,0.002172078937292099,0.07142995330552615,0.9598350620776518,0.8559134602546692,0.3017129460349679,0.4670187562704069
fine_control,41,three_hole_asymmetric,46,private-source://routeA_experiments/data/final_ood_frozen_v1/three_hole_asymmetric/sample_0046.npz,7d5d9a6e64d8ae8a1e9c7319dfb573f33de06eedee213c902c4b6812faa42d0f,0.002176756039261818,0.10657139769232671,1.4146924427870349,0.896111361682415,0.5415765402140096,0.7499159517465149
fine_control,41,three_hole_asymmetric,47,private-source://routeA_experiments/data/final_ood_frozen_v1/three_hole_asymmetric/sample_0047.npz,95e07fc5463827a0ac7d058d0e1aeb9765b781fcc9901e3615d3cde6d0c42f72,0.002196401357650757,0.09972777208403089,0.8808123794196573,0.7584324777126312,0.46510993875563145,0.6786392286419862
fine_control,41,three_hole_asymmetric,48,private-source://routeA_experiments/data/final_ood_frozen_v1/three_hole_asymmetric/sample_0048.npz,741a820e5ca03d114c8d4ed90e51db19c9ac4733b4f826ec2ddcc36cdcac9b62,0.0022451821714639664,0.0879102819548221,0.7249639881446399,0.6797536611557007,0.40930612478405237,0.5799511916935441
fine_control,41,three_hole_asymmetric,49,private-source://routeA_experiments/data/final_ood_frozen_v1/three_hole_asymmetric/sample_0049.npz,9317a9055bfd4093fea4ae0bf2d7e1d3d9c8669629d159a06ce9f1c11ad7714e,0.0018846942111849785,0.09203477504857,1.1003703247314949,0.7684396207332611,0.4558145634364337,0.6961114007979625
fine_control,41,three_hole_asymmetric,50,private-source://routeA_experiments/data/final_ood_frozen_v1/three_hole_asymmetric/sample_0050.npz,88a36cb1ba6df1b25c02998dd5f645924a13a886bbdfd8571e6f74a10d39880a,0.002158629707992077,0.08250097546463415,0.986028751299989,0.8581205010414124,0.298987263442541,0.7201641345396634
fine_control,41,three_hole_asymmetric,51,private-source://routeA_experiments/data/final_ood_frozen_v1/three_hole_asymmetric/sample_0051.npz,4d85c5da827c71859348f936a1bae9663c3aa6086f7d0a08035af48235a64ac0,0.0017289547249674797,0.09140766523663693,1.1504436389460557,0.839074432849884,0.4727693516178988,0.6789762608706948
fine_control,41,three_hole_asymmetric,52,private-source://routeA_experiments/data/final_ood_frozen_v1/three_hole_asymmetric/sample_0052.npz,89347f4a5c2576ca481b684f9f7a77f38b7ae53c4ffdc77eeb307666b58e7af9,0.0021058619022369385,0.08681850130117214,0.9964445209848576,0.8082352578639984,0.44953546271426603,0.67369299326092
fine_control,41,three_hole_asymmetric,53,private-source://routeA_experiments/data/final_ood_frozen_v1/three_hole_asymmetric/sample_0053.npz,68b58c6932346fa5b469420b06037edb861502f1184f5455c6a69240285d7df0,0.001727941446006298,0.06703950223127754,0.6564524765371269,0.8103569149971008,0.2858838252723217,0.44234707430005055
fine_control,41,three_hole_asymmetric,54,private-source://routeA_experiments/data/final_ood_frozen_v1/three_hole_asymmetric/sample_0054.npz,8a3d74a7607b5928b4762b9ca74c6b9275b177ed92746be0574f4816d05444cd,0.001965317875146866,0.09519698908246518,1.1019740280054529,0.9109914526343346,0.4758364568842808,0.7272491984069347
fine_control,41,three_hole_asymmetric,55,private-source://routeA_experiments/data/final_ood_frozen_v1/three_hole_asymmetric/sample_0055.npz,35e8e631f17a95d6289143b7bc8633f62ae4fcbfedd60929228f07fdfb4340db,0.0017215032130479813,0.09530618092076681,1.2222814523580572,0.87120521068573,0.5088917205284815,0.7030233307741581
fine_control,41,three_hole_asymmetric,56,private-source://routeA_experiments/data/final_ood_frozen_v1/three_hole_asymmetric/sample_0056.npz,445a3665a73f0ceaa2ced3d30b7da490d69d77b0d8a04d8eeb849db3eed04dd1,0.00195474736392498,0.07413296017973002,0.8808909319576853,0.9260508641600609,0.3510434669442475,0.60582057274878
fine_control,41,three_hole_asymmetric,57,private-source://routeA_experiments/data/final_ood_frozen_v1/three_hole_asymmetric/sample_0057.npz,e6cd4f4e82b85801bd6e1f55cd798f136d06cef8b5699b3b132aae856fc4f8c6,0.0017171148210763931,0.09323827709051581,0.9158141238074282,0.8136207461357117,0.43559759855270386,0.7209263011813157
fine_control,41,three_hole_asymmetric,58,private-source://routeA_experiments/data/final_ood_frozen_v1/three_hole_asymmetric/sample_0058.npz,cd8c02f16d5cb5b76ccf7d1ec24d90c99eadd3a3beb517f14abd993c4185db88,0.001964814029633999,0.08711492486012615,0.8297631328297629,0.7195947170257568,0.4223127197474241,0.6182966601569205
fine_control,41,three_hole_asymmetric,59,private-source://routeA_experiments/data/final_ood_frozen_v1/three_hole_asymmetric/sample_0059.npz,8b2f19de3b7d84f2e94fee0e2534974e7bb4e568d67f3a1c9928750c5d681d54,0.0022298162803053856,0.08999925577637424,0.7535688279913391,0.8074047565460205,0.3899436831707135,0.6212875604629507
fine_control,41,three_hole_asymmetric,60,private-source://routeA_experiments/data/final_ood_frozen_v1/three_hole_asymmetric/sample_0060.npz,9a762eaafc0ad4943d42da4f1c2f1324b21b6ee9e3faaf6bd0e21961c2c74f37,0.001949133351445198,0.09468195419449947,1.0795810167339743,0.8182677328586578,0.44682760746218264,0.6792864099144934
fine_control,41,three_hole_asymmetric,61,private-source://routeA_experiments/data/final_ood_frozen_v1/three_hole_asymmetric/sample_0061.npz,f363192d56ff237222c6af805a0435cdace76f73899372ae7a684b627192c2cf,0.001959770917892456,0.06427225943315011,0.6349017495817142,0.6502294540405273,0.28273239731788635,0.43021634034812417
fine_control,41,three_hole_asymmetric,62,private-source://routeA_experiments/data/final_ood_frozen_v1/three_hole_asymmetric/sample_0062.npz,2f26a4605d7e2c878f5be76227c29d3c349d949c85a3fd078ad080cee6cfff90,0.0017084898427128792,0.09024937112693059,0.9492752814465903,0.883002407848835,0.47336392011493444,0.7216777510941025
fine_control,41,three_hole_asymmetric,63,private-source://routeA_experiments/data/final_ood_frozen_v1/three_hole_asymmetric/sample_0063.npz,17c7bdafaf1ee584c9e013fbb7431229a839fea3282cdae21417ce64c07803f3,0.002038341946899891,0.0766088446141698,0.7191769252008116,0.6584755331277847,0.3441194770857692,0.5233113195747136
fine_control,41,three_hole_asymmetric,64,private-source://routeA_experiments/data/final_ood_frozen_v1/three_hole_asymmetric/sample_0064.npz,793cbf94a8f0ee09dd55e7baf6508b26cc685f59f0c6758686e2412286c50e95,0.002190863713622093,0.09716632708315948,0.8418536176398507,0.826709620654583,0.46168406680226326,0.70822607986629
fine_control,41,three_hole_asymmetric,65,private-source://routeA_experiments/data/final_ood_frozen_v1/three_hole_asymmetric/sample_0065.npz,1a010370114984ac96012fd00665935431ad026ab4d7339462e9ede18dcde1d9,0.0017053745687007904,0.08525915646826922,0.9998482129559736,0.8600457310676575,0.35864386735192966,0.6686204458586866
fine_control,41,three_hole_asymmetric,66,private-source://routeA_experiments/data/final_ood_frozen_v1/three_hole_asymmetric/sample_0066.npz,b4fb5ef8fe25b228082cf73d25bf64834fc6a386885f1003e912cc5461f36d56,0.0021014614030718803,0.09110171744283639,1.0662087585517486,0.8258760869503021,0.46950189769268036,0.6954631973057979
fine_control,41,three_hole_asymmetric,67,private-source://routeA_experiments/data/final_ood_frozen_v1/three_hole_asymmetric/sample_0067.npz,9966203f8926dbc05a509af06ae061895e57e0716bd5f4d7fbf1f94ef0a45954,0.0023151179775595665,0.08164074384630259,0.9597325185858243,0.7084337398409843,0.4208403527736664,0.562969358637929
fine_control,41,three_hole_asymmetric,68,private-source://routeA_experiments/data/final_ood_frozen_v1/three_hole_asymmetric/sample_0068.npz,3441c1ef60f7fd85c99941996ff1e1187f19859561c6ad1e959ad510a070dfcb,0.0017165513709187508,0.09705343117477673,1.0880241276678475,0.9054193273186684,0.5106903338455595,0.7588759139180182
fine_control,41,three_hole_asymmetric,69,private-source://routeA_experiments/data/final_ood_frozen_v1/three_hole_asymmetric/sample_0069.npz,957b4c4b2aca791503277fca2b6d349af9cb542bc497b1dfb5a2641ef5e16b1e,0.002099902369081974,0.10378502765337341,1.0775906755123936,0.8687631413340569,0.5175702230772004,0.7297000134363767
fine_control,41,three_hole_asymmetric,70,private-source://routeA_experiments/data/final_ood_frozen_v1/three_hole_asymmetric/sample_0070.npz,bf042f87f987b456925f37ee22c985a855b18b686770e5b97a394d3c0c2acbe6,0.0017165802419185638,0.09100060143990316,1.0022344094891786,0.8330776691436768,0.44597239381982945,0.658131821453571
fine_control,41,three_hole_asymmetric,71,private-source://routeA_experiments/data/final_ood_frozen_v1/three_hole_asymmetric/sample_0071.npz,d8ecc3806b2dd2950185d128052672533a7ecff47ea474de8708ce8b3e391105,0.0019194409251213074,0.06658447620117758,0.8498264863439171,0.7556168437004089,0.2604532353579998,0.46762351691722864
fine_control,41,three_hole_asymmetric,72,private-source://routeA_experiments/data/final_ood_frozen_v1/three_hole_asymmetric/sample_0072.npz,6fb1d638377a02897f21ad9678d3a93e1ed734ef1ade5a6f69a1c16b0d92646b,0.0019396459683775902,0.08907176125842575,1.263046970120566,0.8631337285041809,0.4989068442955613,0.7334863819181918
fine_control,41,three_hole_asymmetric,73,private-source://routeA_experiments/data/final_ood_frozen_v1/three_hole_asymmetric/sample_0073.npz,aa1f55a954bf5a5a2a0fc55c80c60d0c6c3bcfed40697329e85d1f1150b3beb1,0.00170911755412817,0.08419934496645415,0.9978970860949598,0.899671234190464,0.40511318389326334,0.6159402668476103
fine_control,41,three_hole_asymmetric,74,private-source://routeA_experiments/data/final_ood_frozen_v1/three_hole_asymmetric/sample_0074.npz,7efa7bbcf05970d90ea88b07b297960e2591bdf9454367d39202dd0eea0baf1c,0.001953653059899807,0.08041678066744085,1.0557417536639002,0.8295750617980957,0.409253666177392,0.6391798281110821
fine_control,41,three_hole_asymmetric,75,private-source://routeA_experiments/data/final_ood_frozen_v1/three_hole_asymmetric/sample_0075.npz,797d1d48df61dcc794ea9c42bd7cbe3fb5904ac3207e4c22d07fd98d6cba6889,0.0017186542972922325,0.09227914761360254,0.9205146660079757,0.8200376927852631,0.43387894332408905,0.7033815944567321
fine_control,41,three_hole_asymmetric,76,private-source://routeA_experiments/data/final_ood_frozen_v1/three_hole_asymmetric/sample_0076.npz,ed8628f781c6e4e0f944c54b129e12897361e0950bc2b545bb2c4111835b1aa3,0.0021466203033924103,0.0905234259021554,1.1570373807912135,0.972845047712326,0.40923640318214893,0.6554958170279856
fine_control,41,three_hole_asymmetric,77,private-source://routeA_experiments/data/final_ood_frozen_v1/three_hole_asymmetric/sample_0077.npz,e1e3d0aa07a5e03fbc7d7cd2e5822d6d019cc78a74b2a133771301fca0c23ab6,0.0021952781826257706,0.09866579442870216,0.873781513664117,0.8618270754814148,0.4576983470469713,0.724915807554498
fine_control,41,three_hole_asymmetric,78,private-source://routeA_experiments/data/final_ood_frozen_v1/three_hole_asymmetric/sample_0078.npz,b8c9c9f9a9d7c2106857e098ccf52a7ed33b76dda547cbe28fa76263b27cde39,0.0017276415601372719,0.09666376499224942,1.0291416564451945,0.8882350698113441,0.4780915230512619,0.7075359250186007
fine_control,41,three_hole_asymmetric,79,private-source://routeA_experiments/data/final_ood_frozen_v1/three_hole_asymmetric/sample_0079.npz,6600329ca06c105c508bd49db109ca5aa0861398ccd222389fac3dd5f02b058c,0.0019489321857690811,0.09326316357136769,1.298503980872206,0.7994714425876737,0.4554291069507599,0.6737272028927691
fine_control,41,three_hole_asymmetric,80,private-source://routeA_experiments/data/final_ood_frozen_v1/three_hole_asymmetric/sample_0080.npz,ffbc158abeb51a4eb3928201634706c040d340dabbe33426cdc7b7127fe13543,0.0017016949132084846,0.07955822899774537,0.9158988249146218,0.7523945793509483,0.37835243344306946,0.5723298241384326
fine_control,41,three_hole_asymmetric,81,private-source://routeA_experiments/data/final_ood_frozen_v1/three_hole_asymmetric/sample_0081.npz,a87e60b7c7797fddf37237be730cdc9809205a80b44cb6b2262de1a6d7645693,0.0019426001235842705,0.09085095547462908,1.1006963813047683,0.8641311898827553,0.4838235341012478,0.6538562832400194
fine_control,41,three_hole_asymmetric,82,private-source://routeA_experiments/data/final_ood_frozen_v1/three_hole_asymmetric/sample_0082.npz,067daeb253b7553c2df8a4b49429eea3aa5169264dc4c11e08a931320e7ddff4,0.0021460214629769325,0.06411227398150361,0.6451948431153125,0.736843466758728,0.2369302986189723,0.47307100594043516
fine_control,41,three_hole_asymmetric,83,private-source://routeA_experiments/data/final_ood_frozen_v1/three_hole_asymmetric/sample_0083.npz,f1d60eebc050728f5777b4668048e76d34dee796f6835ce90e1158999fa44fd4,0.0022020088508725166,0.09173082438214428,1.184589491367729,0.8760130479931831,0.5193672148598125,0.7120998036116355
fine_control,41,three_hole_asymmetric,84,private-source://routeA_experiments/data/final_ood_frozen_v1/three_hole_asymmetric/sample_0084.npz,412d7cf0b8e7473beabae2d73d6f51672f2e2290c5eb4f6594fefd3da8d64992,0.001985129900276661,0.08403718924740108,0.8534690170371948,0.8258387744426727,0.3996112215099856,0.7032764121890067
fine_control,41,three_hole_asymmetric,85,private-source://routeA_experiments/data/final_ood_frozen_v1/three_hole_asymmetric/sample_0085.npz,254ac982dfb840962b732a7f58d26007ad7175788b3d22740ac1a0de93037713,0.0023100990802049637,0.06160802681201054,0.5490881388009599,0.5988548994064331,0.2529764771461487,0.41814987808465953
fine_control,41,three_hole_asymmetric,86,private-source://routeA_experiments/data/final_ood_frozen_v1/three_hole_asymmetric/sample_0086.npz,c521fb24ed492b9981db7f659459473625677c7b0d7e4c9095384fc6551b4657,0.002144389785826206,0.09955857628124447,1.654806646453682,0.9414437934756279,0.5416933417436667,0.7232149169838519
fine_control,41,three_hole_asymmetric,87,private-source://routeA_experiments/data/final_ood_frozen_v1/three_hole_asymmetric/sample_0087.npz,7946973bee1306c79f4c36bb2e32fb4b5c210f4c5eee0944367ba30e9fdd9e31,0.0020419973880052567,0.06227127945848012,0.6688439804860412,0.7263461723923683,0.24165284261107445,0.43415288105607025
fine_control,41,three_hole_asymmetric,88,private-source://routeA_experiments/data/final_ood_frozen_v1/three_hole_asymmetric/sample_0088.npz,11f5514ff6bbacbe263aded7875193bf5aad8a00011357f6c74f2f464c5b23a1,0.0022203782573342323,0.08853176050829742,0.8138156786310786,0.770523926243186,0.38825289864325896,0.6137203173711893
fine_control,41,three_hole_asymmetric,89,private-source://routeA_experiments/data/final_ood_frozen_v1/three_hole_asymmetric/sample_0089.npz,a61b51e0b645bb67e96064efeeb018bd2d7b048c8350145b4efca94cd3cced4a,0.0019655032083392143,0.09179694424197177,0.8415699506837142,0.8516278713941574,0.47493034414947033,0.6665120929479595
fine_control,41,three_hole_asymmetric,90,private-source://routeA_experiments/data/final_ood_frozen_v1/three_hole_asymmetric/sample_0090.npz,f238f1b73bfe633977814f4ee8efd7678f1da09cdadc96667ab86b42fd9c84b8,0.002039622515439987,0.1017077413606973,1.1862847796016616,0.911024272441864,0.5077779100975022,0.7365142364054915
fine_control,41,three_hole_asymmetric,91,private-source://routeA_experiments/data/final_ood_frozen_v1/three_hole_asymmetric/sample_0091.npz,908dee8055af09e682db2290282512110ad8b8134b5a3c698b0b1e27d1298733,0.0019425135105848312,0.06691234285419184,0.640141820509396,0.6459549739956856,0.2944580167531967,0.5062367554754018
fine_control,41,three_hole_asymmetric,92,private-source://routeA_experiments/data/final_ood_frozen_v1/three_hole_asymmetric/sample_0092.npz,235f3d7bb93d6ff69897dc532f9c0175c97fc98f43fc1a6c18061f36b3b6c3ef,0.0022243624553084373,0.09202776736710658,0.8237429277467981,0.8083751201629639,0.4553149174898863,0.6505083209602154
fine_control,41,three_hole_asymmetric,93,private-source://routeA_experiments/data/final_ood_frozen_v1/three_hole_asymmetric/sample_0093.npz,a7d0da11a92287a27a4a6c11ca702f3f2f17ff721a0f0279d690f8abf94252be,0.0019371677190065384,0.060427250285046356,0.5935937124266978,0.5576993525028229,0.23813063465058804,0.43090636096894736
fine_control,41,three_hole_asymmetric,94,private-source://routeA_experiments/data/final_ood_frozen_v1/three_hole_asymmetric/sample_0094.npz,d0aa584876f99691aeeb8026d5ead955e7cc17621019a851ef37a13edaf58971,0.0017289724200963974,0.08405224291826159,0.910432891455625,0.7599529922008514,0.44316086173057556,0.6388931054621935
fine_control,41,three_hole_asymmetric,95,private-source://routeA_experiments/data/final_ood_frozen_v1/three_hole_asymmetric/sample_0095.npz,d203d6745345a12b29597ac2d26caea89ab17bb23083688666fb462296530e05,0.001939966343343258,0.08703990451512368,0.9500238757548198,0.7976239323616028,0.40403491258621216,0.6550113306613631
fine_control,41,three_hole_asymmetric,96,private-source://routeA_experiments/data/final_ood_frozen_v1/three_hole_asymmetric/sample_0096.npz,78f0808d535501b8d16b5386431081df41fe126d96ffeb5bfc34b71693bd5714,0.0017080418765544891,0.09166052572875713,1.1486866647438663,0.9678119495511055,0.46375933797389735,0.716737324930727
fine_control,41,three_hole_asymmetric,97,private-source://routeA_experiments/data/final_ood_frozen_v1/three_hole_asymmetric/sample_0097.npz,a19b074a2ef168ce2028edf5abd4394ddadac3e42eb7badae29852dcd87b8c01,0.0019457116723060608,0.09472550254193307,1.0491233145789787,0.8311912715435028,0.5012980699539185,0.6771223586052656
fine_control,41,three_hole_asymmetric,98,private-source://routeA_experiments/data/final_ood_frozen_v1/three_hole_asymmetric/sample_0098.npz,e628a052cb301d1ccddc36abc3e756605d05d755311cc580cb8638d0283e8a28,0.0017184223979711533,0.0799490721375599,0.909365583843411,0.8373623192310333,0.353585684671998,0.5853405056055635
fine_control,41,three_hole_asymmetric,99,private-source://routeA_experiments/data/final_ood_frozen_v1/three_hole_asymmetric/sample_0099.npz,c4c58ccc92851ab150fbcfb7929b45da22b8f4be00f48239dbac5a4033fb8247,0.0019440017640590668,0.08151019636852441,0.9093055320820103,0.7839927673339844,0.37713668309152126,0.6133319333195684
fine_control,41,three_hole_asymmetric,100,private-source://routeA_experiments/data/final_ood_frozen_v1/three_hole_asymmetric/sample_0100.npz,7735aa807c0bade0596ab7163387935e7d8a6420ea91ac0b71468f037f55c595,0.0022356947883963585,0.08379744358719451,0.7439740566266195,0.7207408025860786,0.3862682811450213,0.5780307427048683
fine_control,41,three_hole_asymmetric,101,private-source://routeA_experiments/data/final_ood_frozen_v1/three_hole_asymmetric/sample_0101.npz,50903f9da861e8e4b8d2ee84d0c4eea498c76f1b91f5cc6b26cca7661f51f13b,0.0017068218439817429,0.10595198245106245,1.2847007646353994,0.8880462720990181,0.5426390934735537,0.706717482069507
fine_control,41,three_hole_asymmetric,102,private-source://routeA_experiments/data/final_ood_frozen_v1/three_hole_asymmetric/sample_0102.npz,393185e3a3667ce8030757bd68d94410eee1772700c16b445a0af74c993e2d3e,0.0020783254876732826,0.09950163944330023,1.3492166204193654,0.9276726320385933,0.5277466997504234,0.7319425676017998
fine_control,41,three_hole_asymmetric,103,private-source://routeA_experiments/data/final_ood_frozen_v1/three_hole_asymmetric/sample_0103.npz,d8e3e01787f23ef6a1dabb9edf23da79e0637aeb7fd538143355fccbedc02bc1,0.0021671028807759285,0.09878324878880461,0.8374241928471282,0.854928195476532,0.46667937748134136,0.7010453436523674
fine_control,41,three_hole_asymmetric,104,private-source://routeA_experiments/data/final_ood_frozen_v1/three_hole_asymmetric/sample_0104.npz,d6cc18e29b7582dec1b5602f9fa8218e7d40d0e0ed08552c1d6acc779fc36a17,0.0019525764510035515,0.09123016077209044,1.1963206954178331,0.8802829161286354,0.4613111652433872,0.7861387729644774
fine_control,41,three_hole_asymmetric,105,private-source://routeA_experiments/data/final_ood_frozen_v1/three_hole_asymmetric/sample_0105.npz,35bd0c998f7436861f71be50f8aba64a3461c822cf292b3e6694660f55a3b0f1,0.0017269616946578026,0.08942903675310196,0.7956944747098698,0.7801954448223114,0.45416897535324097,0.6858180675655602
fine_control,41,three_hole_asymmetric,106,private-source://routeA_experiments/data/final_ood_frozen_v1/three_hole_asymmetric/sample_0106.npz,6888edd52db8cf29388af634eedf7f9be35793c07c18644b7f86f8a441acc780,0.0019482308998703957,0.06959829474353521,0.6923095611960938,0.8031941875815392,0.31305811554193497,0.4686546843498944
fine_control,41,three_hole_asymmetric,107,private-source://routeA_experiments/data/final_ood_frozen_v1/three_hole_asymmetric/sample_0107.npz,40b2ef1f23b501bfde64a13fe7258035909f0d78e1d54eb6e1443c804305ecf4,0.0017204377800226212,0.09508908082289737,1.6403906823619208,0.9432477280497551,0.4914656216169533,0.7277602831716647
fine_control,41,three_hole_asymmetric,108,private-source://routeA_experiments/data/final_ood_frozen_v1/three_hole_asymmetric/sample_0108.npz,79b8dfa34c2b35a10fea27f09a0f9f798b0367fc5192ed59d1361f1b53799bdd,0.0019481349736452103,0.09776448795435448,1.15099102056447,0.8692476749420166,0.5088610729435459,0.6688150966539976
fine_control,41,three_hole_asymmetric,109,private-source://routeA_experiments/data/final_ood_frozen_v1/three_hole_asymmetric/sample_0109.npz,8ce37dd8adb5cefec81dbd0f448aa24fd957fd04fe733656a07aef732c8cc2eb,0.001725468784570694,0.08204496182694222,0.7902255576203248,0.6673707887530327,0.4156252685934305,0.6023978821933268
fine_control,41,three_hole_asymmetric,110,private-source://routeA_experiments/data/final_ood_frozen_v1/three_hole_asymmetric/sample_0110.npz,4f2615c8cb85f9158644a5c730014c3884dbecc44b41e4c6525efb9d86c8caf8,0.001976235769689083,0.10199353991775097,1.2688053284598408,0.9144496992230415,0.5417457059156732,0.7585493698716159
fine_control,41,three_hole_asymmetric,111,private-source://routeA_experiments/data/final_ood_frozen_v1/three_hole_asymmetric/sample_0111.npz,0935578871a0f3a49acfc526c2f37c216dd91c68bd2a8bfb1b536326e94f5a44,0.0017060553655028343,0.09184898281259077,1.5505489271985164,0.887647457420826,0.47456364784011384,0.7087221084453629
fine_control,41,three_hole_asymmetric,112,private-source://routeA_experiments/data/final_ood_frozen_v1/three_hole_asymmetric/sample_0112.npz,75f3066ea740d92e454646a086e63a485bf69922e759ad6ffeae0e0cb87dfaa8,0.0019461819902062416,0.09609598695032318,1.0395004948735147,0.8534398451447487,0.5070067723281682,0.7261687859892842
fine_control,41,three_hole_asymmetric,113,private-source://routeA_experiments/data/final_ood_frozen_v1/three_hole_asymmetric/sample_0113.npz,e697a839e7548feb3a5b14360c3973b92e38a87052d3b7365b32a7cd0a753191,0.001741481013596058,0.07105561642869804,0.6510911890130785,0.7225294336676598,0.29043722338974476,0.512655211985111
fine_control,41,three_hole_asymmetric,114,private-source://routeA_experiments/data/final_ood_frozen_v1/three_hole_asymmetric/sample_0114.npz,7afaaf3601e6ed30886241051a0637c969fab4fdc7321968e3389ce030c7486a,0.0019493261352181435,0.08566546021511437,0.7813297709238738,0.6346284747123718,0.409927187487483,0.5613738209009169
fine_control,41,three_hole_asymmetric,115,private-source://routeA_experiments/data/final_ood_frozen_v1/three_hole_asymmetric/sample_0115.npz,c61c1f6680ef22cfbb61c3b59a74537ff91a7a97eefe05a24d1215c5eff14175,0.0017183627933263779,0.0915632195011196,1.0144781670142984,0.7660434246063232,0.4624235488008708,0.6632589504122732
fine_control,41,three_hole_asymmetric,116,private-source://routeA_experiments/data/final_ood_frozen_v1/three_hole_asymmetric/sample_0116.npz,9630b36b29d980654e8e8af10a050b5b22f9036bbc0eaf53ddfff402e0574e30,0.0021524177864193916,0.10731944603852549,1.2235941127387868,0.856654204428196,0.5429716166108847,0.7488004103302953
fine_control,41,three_hole_asymmetric,117,private-source://routeA_experiments/data/final_ood_frozen_v1/three_hole_asymmetric/sample_0117.npz,d3d1cc5eb6165ce5dd1eb46f3b7422b7a91b41002dd8e244fb5807270ef54ae0,0.002122296020388603,0.08847776776468355,1.3824685227879716,0.8857702985405922,0.4795753999205772,0.7012306625954804
fine_control,41,three_hole_asymmetric,118,private-source://routeA_experiments/data/final_ood_frozen_v1/three_hole_asymmetric/sample_0118.npz,8e2be99501a03f3deba60278c03b5af400416cb985c121c2fa7d7d7827ff8328,0.002264692448079586,0.08446241454594991,0.9292025389352676,0.8664702475070953,0.39020643910043873,0.6231523185968395
fine_control,41,three_hole_asymmetric,119,private-source://routeA_experiments/data/final_ood_frozen_v1/three_hole_asymmetric/sample_0119.npz,a47277e2b3beb0d89ef7b03bc2d99a8b043b3ba5b66636730dd832240fb5bf67,0.0021919459104537964,0.09306908832911434,1.0365309680906944,0.8962127044796944,0.4530531089694705,0.7025791671476324
fine_control,41,three_hole_asymmetric,120,private-source://routeA_experiments/data/final_ood_frozen_v1/three_hole_asymmetric/sample_0120.npz,460897fcccde1db2e8ba9079e66abd4ea55bf6c9fcc14cc7507c17ec7571d07d,0.0021955640986561775,0.06504159318647126,0.7440166097951261,0.6979539096355438,0.31161594204604626,0.5253184188157319
fine_control,41,three_hole_asymmetric,121,private-source://routeA_experiments/data/final_ood_frozen_v1/three_hole_asymmetric/sample_0121.npz,7463cebd5dcf30b0f53bfbcec6ed3cd938cae4ff1c7cb5a51f6b6208a020a4d2,0.0022192513570189476,0.0677279759090223,0.7199116741413791,0.6120242774486542,0.269101794809103,0.45688595622777933
fine_control,41,three_hole_asymmetric,122,private-source://routeA_experiments/data/final_ood_frozen_v1/three_hole_asymmetric/sample_0122.npz,0b1f50e6483c4bd20f2eb7b1a5ad3ca903b7158558b6379b0a1c87cfb444d395,0.002090643160045147,0.09057512500045262,1.278489168094238,0.9478227868676186,0.41725725615469855,0.744643376336896
fine_control,41,three_hole_asymmetric,123,private-source://routeA_experiments/data/final_ood_frozen_v1/three_hole_asymmetric/sample_0123.npz,65e171101675b5cb87eb5555f716856d756743e6d3447dfa2efbde71ac332e67,0.0020770644769072533,0.09446127363176346,1.1287464658055535,0.8421052396297455,0.4635526610072702,0.7454095757100728
fine_control,41,three_hole_asymmetric,124,private-source://routeA_experiments/data/final_ood_frozen_v1/three_hole_asymmetric/sample_0124.npz,d3c7c52167944c7ed7ee06f79272238419f46b0150fe90a2589d3153747fbf2f,0.001956273801624775,0.0845987755759106,0.9879596485720721,0.8472613990306854,0.3816512729972601,0.6399043522775171
fine_control,41,three_hole_asymmetric,125,private-source://routeA_experiments/data/final_ood_frozen_v1/three_hole_asymmetric/sample_0125.npz,629b8f9d37de5d037c8e33f97e602bf5d06a112e8c988084322626ed3cfa0db4,0.0021338872611522675,0.10733377962531059,1.1279582507517287,0.8985447958111763,0.5355217885226011,0.7500569250434637
fine_control,41,three_hole_asymmetric,126,private-source://routeA_experiments/data/final_ood_frozen_v1/three_hole_asymmetric/sample_0126.npz,d79d0f135637e2841b3453a53add5c4bf624f15ae92f2562acb09afebef0ede1,0.0019494956359267235,0.0800387434475481,0.7592435322651445,0.674081776291132,0.35423154942691326,0.5098640464246272
fine_control,41,three_hole_asymmetric,127,private-source://routeA_experiments/data/final_ood_frozen_v1/three_hole_asymmetric/sample_0127.npz,7cee35213e8863690074459c24d7fd282a7630a45f0f4fab56f69cc5187ced3c,0.002040947787463665,0.08240145420940546,0.848011743212783,0.8971849456429482,0.3426709368941374,0.6425238475203507
fine_control,41,three_hole_asymmetric,128,private-source://routeA_experiments/data/final_ood_frozen_v1/three_hole_asymmetric/sample_0128.npz,66f17e3594dd9beaddc30078e0aea012c36ea89ec3780e24ab5e66ada4aa0aee,0.001934249885380268,0.09067570964334984,0.8000419760888888,0.8354685679078102,0.4006409042631276,0.6727991178631776
fine_control,41,three_hole_asymmetric,129,private-source://routeA_experiments/data/final_ood_frozen_v1/three_hole_asymmetric/sample_0129.npz,0513a13dc15142aa7035ad92a4d92696cde53f4f938fba0b6258ba43ff994ce4,0.0020959051325917244,0.0938498686394405,1.0625108154547132,0.8176071643829346,0.5235453490167856,0.6836819292977443
fine_control,41,three_hole_asymmetric,130,private-source://routeA_experiments/data/final_ood_frozen_v1/three_hole_asymmetric/sample_0130.npz,0b7e254aff9dacc784e6945d18e32da0372125ff81dc9fb35dcf29f7e12504f6,0.0019585099071264267,0.10842953531492408,0.9816291291658419,0.8879741802811623,0.5711067281663418,0.7607638321816911
fine_control,41,three_hole_asymmetric,131,private-source://routeA_experiments/data/final_ood_frozen_v1/three_hole_asymmetric/sample_0131.npz,b7bf7aa4688f48d7c78174369c23732d337ae6ffd998cf06bb7a4edda3a5063d,0.0017264699563384056,0.08575172324009077,0.9227254137748946,0.7485721111297607,0.4424086544313468,0.6117172937840221
fine_control,41,three_hole_asymmetric,132,private-source://routeA_experiments/data/final_ood_frozen_v1/three_hole_asymmetric/sample_0132.npz,37fe2cf79de29a9b7e04b5fe118372c54173e6f10125f0854cf4d171d4776d59,0.0019572488963603973,0.06825276312612176,0.8891946670727459,0.8190644681453705,0.27631446346640587,0.5343522295355791
fine_control,41,three_hole_asymmetric,133,private-source://routeA_experiments/data/final_ood_frozen_v1/three_hole_asymmetric/sample_0133.npz,3683c8dae119211360b0dbaa1ac9e1693a1728caddc3c1bb3768f981c2091e26,0.0017224717885255814,0.08936519617610847,0.8306162681253083,0.8258583247661591,0.42504181154072285,0.7349376861006016
fine_control,41,three_hole_asymmetric,134,private-source://routeA_experiments/data/final_ood_frozen_v1/three_hole_asymmetric/sample_0134.npz,322bc5ec6225e978895e341b9dfdf38fbfa0681b5b329fe286739337905a2e67,0.0019550463184714317,0.09129380266058099,1.1006673018937663,0.8391813337802887,0.49322627717629075,0.740252087614499
fine_control,41,three_hole_asymmetric,135,private-source://routeA_experiments/data/final_ood_frozen_v1/three_hole_asymmetric/sample_0135.npz,b3bc13b4ad513f7b7c47e8dfedda3871bfe1d969ceb542243518b1f1661a7b7d,0.0017158612608909607,0.08852163943287228,1.0428471836547466,0.7975220084190369,0.4449618422659114,0.6593990027904508
fine_control,41,three_hole_asymmetric,136,private-source://routeA_experiments/data/final_ood_frozen_v1/three_hole_asymmetric/sample_0136.npz,20f73113304cb007ce9ee5b010405b3b08c38b719993477582e1adb17921d82b,0.0019469140097498894,0.06371658047261584,0.5954973836385014,0.7354327961802483,0.2656475901603699,0.46856674700975415
fine_control,41,three_hole_asymmetric,137,private-source://routeA_experiments/data/final_ood_frozen_v1/three_hole_asymmetric/sample_0137.npz,9c029bad505c34e3cca11e8187bc4fdf7d1417417883641e5c92c0e2b1861711,0.002220815047621727,0.08716829591943846,0.9348451337398836,0.7803351320326328,0.44100349920336157,0.6427997201913963
fine_control,41,three_hole_asymmetric,138,private-source://routeA_experiments/data/final_ood_frozen_v1/three_hole_asymmetric/sample_0138.npz,2a95dd7d60712bbde64ddb2f3b9b174a2da8a71e64f53104448b1fda6898cb87,0.0017352653667330742,0.09469217483826624,1.3663955568809416,0.920574776828289,0.4303041447783471,0.720353843353223
fine_control,41,three_hole_asymmetric,139,private-source://routeA_experiments/data/final_ood_frozen_v1/three_hole_asymmetric/sample_0139.npz,f356651d5f0fbe76d7b23cee9c305931b8e8fe879d3fc560e174e6ff4a4bcbc9,0.0019145365804433823,0.10077815315692731,0.9473650200968234,0.8354663252830505,0.4574405878665857,0.7204514164477585
fine_control,41,three_hole_asymmetric,140,private-source://routeA_experiments/data/final_ood_frozen_v1/three_hole_asymmetric/sample_0140.npz,c22b26c249410214ce91ba779d94c82c7d58648110a4aac0c4246990ecc43bba,0.002171901986002922,0.0965947039455929,0.9464523793634173,0.8304046094417572,0.5191118847578764,0.774294995889067
fine_control,41,three_hole_asymmetric,141,private-source://routeA_experiments/data/final_ood_frozen_v1/three_hole_asymmetric/sample_0141.npz,581b8c08fb25b0697b98b87164ebaafe6cd559b41136643d44f9de35e975d7b9,0.0017184503376483917,0.09614687534051927,1.1557226067501591,0.9326494857668877,0.46710046753287315,0.7432528921402988
fine_control,41,three_hole_asymmetric,142,private-source://routeA_experiments/data/final_ood_frozen_v1/three_hole_asymmetric/sample_0142.npz,578e8f60d4da9f74071ab8374b88b7be266d5d1e67dec13929a7acf811b163a8,0.0019506113603711128,0.10023011978842163,1.1351774984943992,0.9770108014345169,0.5192119679413736,0.7173714277334508
fine_control,41,three_hole_asymmetric,143,private-source://routeA_experiments/data/final_ood_frozen_v1/three_hole_asymmetric/sample_0143.npz,b6b2551b71fdf3da0d4ca84d9f08c6aa2f3008f1962bd943296cbf9612880efc,0.0018168119713664055,0.0925141515508252,1.1579987456994916,0.9019225463271141,0.4980980842792633,0.7759309291839598
fine_control,41,three_hole_asymmetric,144,private-source://routeA_experiments/data/final_ood_frozen_v1/three_hole_asymmetric/sample_0144.npz,8329648a6f54e17ec6911f4a2a43086a79f241b8ea2247f84b00d977ee02610d,0.0018772324547171593,0.09711736148034468,1.3669789336912104,0.9346653297543526,0.5019867793380399,0.7569972774712368
fine_control,41,three_hole_asymmetric,145,private-source://routeA_experiments/data/final_ood_frozen_v1/three_hole_asymmetric/sample_0145.npz,9e07276be4c9a737eae17e3917bc3cdc5d0dfa1bce9663bd981f358519eb110c,0.002163458615541458,0.09331316461671492,0.945607249930694,0.7822428941726685,0.4791529179783538,0.6846638681367038
fine_control,41,three_hole_asymmetric,146,private-source://routeA_experiments/data/final_ood_frozen_v1/three_hole_asymmetric/sample_0146.npz,67f3ee8daff2c978cbe4cd399a7f2ad4874665b5c644a341c057c304af1127c1,0.0017020422965288162,0.09532178216042435,1.0869599881318446,0.8792776837944984,0.4796275297412649,0.7642288648523389
fine_control,41,three_hole_asymmetric,147,private-source://routeA_experiments/data/final_ood_frozen_v1/three_hole_asymmetric/sample_0147.npz,e85347f74d9b0184043eda85a8b0b42fe6515b3c49ceeec50b7b4d6dfff4a07d,0.002107451669871807,0.07484946356187606,0.6802947739932141,0.6904219910502434,0.37006971798837185,0.5191728234291072
fine_control,41,three_hole_asymmetric,148,private-source://routeA_experiments/data/final_ood_frozen_v1/three_hole_asymmetric/sample_0148.npz,245fe71d4768340cf55e028f00a51ef269352046fcee78a0376200f4998c9360,0.0017705271020531654,0.060684521643029184,0.6550875692867801,0.6888414621353149,0.21448943950235844,0.3777918383479114
fine_control,41,three_hole_asymmetric,149,private-source://routeA_experiments/data/final_ood_frozen_v1/three_hole_asymmetric/sample_0149.npz,e4131c7833d7b32f7f309cc922c788dde6f66644cd7c84c3995c3e66ca6ec058,0.0022860709577798843,0.0858768208437776,1.1701905213340758,0.901716910302639,0.37866426119580865,0.7139590464532372
fine_control,41,three_hole_asymmetric,150,private-source://routeA_experiments/data/final_ood_frozen_v1/three_hole_asymmetric/sample_0150.npz,14d7c4793f64ce9d612ac24093c5fbe0dae12baa2ebcc0e606416070b0010be4,0.0020829495042562485,0.09308153662068422,1.2201711660184633,0.8431728184223175,0.4659880194813013,0.6994536061887628
fine_control,41,three_hole_asymmetric,151,private-source://routeA_experiments/data/final_ood_frozen_v1/three_hole_asymmetric/sample_0151.npz,3c828906fd7ab01c163402ae535f03a420e0b8d29d63467e8f5e0ac8bb2069f1,0.0022159479558467865,0.08537210750279159,0.8821648099940111,0.7791150510311127,0.3774912648659665,0.6448309708386659
fine_control,41,three_hole_asymmetric,152,private-source://routeA_experiments/data/final_ood_frozen_v1/three_hole_asymmetric/sample_0152.npz,2dd677fdf441a2d0d82994893dd167d20bc429686f9d05c84662f972384de6c2,0.00217296089977026,0.08582428116567076,1.113104147937483,0.8374743834137917,0.4174119904637337,0.699010417703539
fine_control,41,three_hole_asymmetric,153,private-source://routeA_experiments/data/final_ood_frozen_v1/three_hole_asymmetric/sample_0153.npz,e09e2ec653206737b870b71f517fcc81353db939fd7d890bfde2a8715648f046,0.0021825339645147324,0.08878333481169208,1.279340150890618,0.871150903403759,0.43267301178275375,0.7114744298160074
fine_control,41,three_hole_asymmetric,154,private-source://routeA_experiments/data/final_ood_frozen_v1/three_hole_asymmetric/sample_0154.npz,354f1ec9c8bb281306006c931744c6710f378713690c48b9dfc924d8e03155dc,0.0020026536658406258,0.08262284739880615,0.9206282996208458,0.7434723377227783,0.3855178782250732,0.625153439491987
fine_control,41,three_hole_asymmetric,155,private-source://routeA_experiments/data/final_ood_frozen_v1/three_hole_asymmetric/sample_0155.npz,4feb6d42b1ba8f3891917e887c391dac5ab83213398859f8c4d1343a08f81523,0.002269742079079151,0.0690808634046414,0.9043668648916421,0.7753089368343353,0.3106708098202944,0.44447606280446045
fine_control,41,three_hole_asymmetric,156,private-source://routeA_experiments/data/final_ood_frozen_v1/three_hole_asymmetric/sample_0156.npz,2ed681cf4ebe76dc5ff83597e8f424f37faa8aa01f50048685eb1a9f8504ef64,0.0021462375298142433,0.08412330586479057,1.004930025822786,0.8370579779148102,0.4138364102691412,0.6420116993598637
fine_control,41,three_hole_asymmetric,157,private-source://routeA_experiments/data/final_ood_frozen_v1/three_hole_asymmetric/sample_0157.npz,8f86d834f785485f1110f7ae10b681508b7fb7293834bdeabad4cd9e0ff581e7,0.002215930260717869,0.07983673177832626,0.8319177114731824,0.7454762160778046,0.33734775986522436,0.5351094048470253
fine_control,41,three_hole_asymmetric,158,private-source://routeA_experiments/data/final_ood_frozen_v1/three_hole_asymmetric/sample_0158.npz,b7838937a002adfbc7581e42e80020a5cc8ff317b9ef609ec1903087a3d31c3e,0.0017043855041265488,0.08733714871216589,1.009944774464825,0.8107902482151985,0.45128866843879223,0.6113237041980027
fine_control,41,three_hole_asymmetric,159,private-source://routeA_experiments/data/final_ood_frozen_v1/three_hole_asymmetric/sample_0159.npz,7ec05d300291c51dfc519a7d08b75bd3be917f67a3673dfe18849f585f9f709e,0.0019323406741023064,0.09800118102992775,1.0754277561141892,0.7689391076564789,0.4926901012659073,0.6411805072799324
fine_control,41,three_hole_asymmetric,160,private-source://routeA_experiments/data/final_ood_frozen_v1/three_hole_asymmetric/sample_0160.npz,406b5d01c559ad3764a887df63a81ab6aeb54deb0e03ab5546863badf9a16f35,0.0017464123666286469,0.08908479719939721,1.5392970746225614,0.8627884984016418,0.461405947804451,0.7079516441037408
fine_control,41,three_hole_asymmetric,161,private-source://routeA_experiments/data/final_ood_frozen_v1/three_hole_asymmetric/sample_0161.npz,e022a734e6aba3a7301b06bd77c79e73047ff290f57525b8dee053bdfa5b4988,0.0017285915091633797,0.06453617539310583,0.6408686439143392,0.6693321168422699,0.21368245081976056,0.434731113538146
fine_control,41,three_hole_asymmetric,162,private-source://routeA_experiments/data/final_ood_frozen_v1/three_hole_asymmetric/sample_0162.npz,2b13f73876bba396b8fa67ab174be82ee1a554b9e4c19a3a7412ffc39aba0b13,0.0020693214610219,0.06781705106934971,0.7055211035093143,0.803909569978714,0.2713725622743368,0.47896586209535535
fine_control,41,three_hole_asymmetric,163,private-source://routeA_experiments/data/final_ood_frozen_v1/three_hole_asymmetric/sample_0163.npz,e9b740089bb1f2d4e21a0999405d9bdba3a57bd51c7e58ea5ed47d11ee6595a2,0.0023231571540236473,0.07191284774259109,0.8503712195390811,0.769652396440506,0.313475901260972,0.5230514619499445
fine_control,41,three_hole_asymmetric,164,private-source://routeA_experiments/data/final_ood_frozen_v1/three_hole_asymmetric/sample_0164.npz,9f206330bd07c9c4847fddf539ce746ee66390d885f3c33bc1d444adbbd318ac,0.001721266657114029,0.08818056947990222,0.8252398256186749,0.8149364590644836,0.44828476768452674,0.6676415875554079
fine_control,41,three_hole_asymmetric,165,private-source://routeA_experiments/data/final_ood_frozen_v1/three_hole_asymmetric/sample_0165.npz,59ec0f1c680bf9149906ed38b4dd3a4aa7612d7147f9c53c5dcfa06ecca43366,0.0019386699423193932,0.09954380922902549,0.9994325297695051,0.8042412102222443,0.5189453870989382,0.7062121745198964
fine_control,41,three_hole_asymmetric,166,private-source://routeA_experiments/data/final_ood_frozen_v1/three_hole_asymmetric/sample_0166.npz,acdabcd30120f1b891f11b4fee7490ecf1c73a42827cec6684949a026c1d238b,0.0021583037450909615,0.09431669146052979,1.0407831683413213,0.9021786823868752,0.4547576829791069,0.7746401242911812
fine_control,41,three_hole_asymmetric,167,private-source://routeA_experiments/data/final_ood_frozen_v1/three_hole_asymmetric/sample_0167.npz,2d64cbb7ed13e9d5493b3bcffc548a37e43f77cfe686d4bd90f395d9b3dedcd2,0.0021733418107032776,0.09294642063979627,1.201198454983244,0.7885230481624603,0.4336868937825784,0.6861059583490714
fine_control,41,three_hole_asymmetric,168,private-source://routeA_experiments/data/final_ood_frozen_v1/three_hole_asymmetric/sample_0168.npz,ce1811b3b58e1cf01845e9ffb4fac5caa62f765929be1337c8260c13d9b65d5d,0.001885843463242054,0.08881115998446519,1.4585993926744685,0.9286225810647011,0.43075490297633223,0.7112127773929386
fine_control,41,three_hole_asymmetric,169,private-source://routeA_experiments/data/final_ood_frozen_v1/three_hole_asymmetric/sample_0169.npz,c8bdae4b5e47fcfb5a99f1ccde0ca1ecf2011b5c092fc8bd8e61595f8c50518c,0.0017162635922431946,0.09180887568898465,1.3086603558927383,0.8854835703969002,0.4638957348652184,0.7359870165586468
fine_control,41,three_hole_asymmetric,170,private-source://routeA_experiments/data/final_ood_frozen_v1/three_hole_asymmetric/sample_0170.npz,33251f1d994ef521e7ed6646d939e7b5f6ae05ade833fce7f91910e3aa7b2d74,0.0017114030197262764,0.08721664512786882,1.1358284820179716,0.8269544243812561,0.4120883662253618,0.677018759585917
fine_control,41,three_hole_asymmetric,171,private-source://routeA_experiments/data/final_ood_frozen_v1/three_hole_asymmetric/sample_0171.npz,3304230b1d8bbdd9fc2dfda78714484a468749cddd223bba1c2dbf29c548831e,0.0021688928827643394,0.08992930408065236,0.8999223655576177,0.8693598285317421,0.41379866376519203,0.7118831023573875
fine_control,41,three_hole_asymmetric,172,private-source://routeA_experiments/data/final_ood_frozen_v1/three_hole_asymmetric/sample_0172.npz,a740cace37940a1e2252703d9381d4b9f3f3b166a52d68121a24aaca6473c237,0.0017272699624300003,0.08870218671644584,0.9020561012013646,0.7574407458305359,0.41413204465061426,0.6730233073234556
fine_control,41,three_hole_asymmetric,173,private-source://routeA_experiments/data/final_ood_frozen_v1/three_hole_asymmetric/sample_0173.npz,7fbe985e9871b0fea23dcd48b5658d0febd6965ccb34e4430a248d8ea7884c13,0.0023223580792546272,0.08157387795053862,1.065198353995415,0.8829823657870293,0.4538359440630302,0.5883123888866975
fine_control,41,three_hole_asymmetric,174,private-source://routeA_experiments/data/final_ood_frozen_v1/three_hole_asymmetric/sample_0174.npz,71542cbeea7c7322472596a11b9ea2cf6285893af2fd8caaacd78a77cf1d83fd,0.0017179111018776894,0.08066817479434434,0.8563344760657376,0.7697671949863434,0.4123932901711669,0.6389844693243502
fine_control,41,three_hole_asymmetric,175,private-source://routeA_experiments/data/final_ood_frozen_v1/three_hole_asymmetric/sample_0175.npz,0f2191f55e786a9cc0197b9d38b5849150523e7f0e95da026a8b7282892dd7e7,0.0017284275963902473,0.09701720699620589,1.2322073694075724,0.9331258162856102,0.4828703347593546,0.7441240085288882
fine_control,41,three_hole_asymmetric,176,private-source://routeA_experiments/data/final_ood_frozen_v1/three_hole_asymmetric/sample_0176.npz,1d5d110e1725a11891d26e004b83d93d33e264f9f0cc612cea71237c93485c91,0.0017324471846222878,0.08162329641844006,0.7961615010634213,0.787341445684433,0.4185563363134861,0.6549924496561288
fine_control,41,three_hole_asymmetric,177,private-source://routeA_experiments/data/final_ood_frozen_v1/three_hole_asymmetric/sample_0177.npz,491128641f9815a0257fe2c5da3e9ef510909b89c7efe14041aaf988dd54d374,0.0017136717215180397,0.09573100379093938,1.2035793749142611,0.9472480937838554,0.5011908486485481,0.7396721659228204
fine_control,41,three_hole_asymmetric,178,private-source://routeA_experiments/data/final_ood_frozen_v1/three_hole_asymmetric/sample_0178.npz,8ad8976324d69fa900282a701c1176bec4bd066428ab6af4d07f98b6226c1440,0.0017032399773597717,0.0891342685246198,0.9423522891334305,0.8919417038559914,0.41536391992121935,0.7208419729024169
fine_control,41,three_hole_asymmetric,179,private-source://routeA_experiments/data/final_ood_frozen_v1/three_hole_asymmetric/sample_0179.npz,ed3c4408215897e333b3a88a790f6b3b965edbc5f729ee1ca00b514638a22db3,0.0017294473946094513,0.08795279952004013,0.7721373694274751,0.676270991563797,0.41950791142880917,0.6014667242765426
fine_control,41,three_hole_asymmetric,180,private-source://routeA_experiments/data/final_ood_frozen_v1/three_hole_asymmetric/sample_0180.npz,026ec17f7ba5561155ad7d2d26d4b774202c9e9d3be82846603703294b1c6599,0.001707887277007103,0.08463206956845304,0.963588720513965,0.8365066051483154,0.3757096585613908,0.6801199100911615
fine_control,41,three_hole_asymmetric,181,private-source://routeA_experiments/data/final_ood_frozen_v1/three_hole_asymmetric/sample_0181.npz,ae31a16b8c81593e19306a84399bfd2a84ac55c7910ef8823c67abd4642aa2f6,0.0017320318147540092,0.08912254869114486,1.0280486816310745,0.8023076951503754,0.3912862975266762,0.6976761876139788
fine_control,41,three_hole_asymmetric,182,private-source://routeA_experiments/data/final_ood_frozen_v1/three_hole_asymmetric/sample_0182.npz,3c898c6349f36f90b3d5a9fe1ea363190f3864ec9904027b2c82073b2f828008,0.002020035870373249,0.08026446054333689,0.8805180101967985,0.7740931138396263,0.3497065529227257,0.582545205950737
fine_control,41,three_hole_asymmetric,183,private-source://routeA_experiments/data/final_ood_frozen_v1/three_hole_asymmetric/sample_0183.npz,7960bd5136007fe9e53aaf26195ec050cd3f170be4ea0892e9c50801de1e2a57,0.0017118565738201141,0.08866699077514967,0.991133440343857,0.728221707046032,0.44658284541219473,0.6444120043888686
fine_control,41,three_hole_asymmetric,184,private-source://routeA_experiments/data/final_ood_frozen_v1/three_hole_asymmetric/sample_0184.npz,d0af476fd13dfb1d250ce9a4ca56a9e4e7747143d266e251a2d3bed91fdc35c3,0.0020235413685441017,0.08502502146818378,0.8519022268435825,0.7603265345096588,0.41499095410108566,0.6225507101044057
fine_control,41,three_hole_asymmetric,185,private-source://routeA_experiments/data/final_ood_frozen_v1/three_hole_asymmetric/sample_0185.npz,825925d58976a37ca694d695a027e07bfbaaceb34012d307f2f1821037baf144,0.0021717222407460213,0.08288444555844061,0.9447549846806488,0.7646979987621307,0.39440020360052586,0.6713768705725669
fine_control,41,three_hole_asymmetric,186,private-source://routeA_experiments/data/final_ood_frozen_v1/three_hole_asymmetric/sample_0186.npz,77e809def7ac8044a4e55b9ef623158afda39a6477b671e128605d4b47566db6,0.002268439158797264,0.0882968473632111,1.2424629951754012,0.8473534337244928,0.4645581375807524,0.6766066740499803
fine_control,41,three_hole_asymmetric,187,private-source://routeA_experiments/data/final_ood_frozen_v1/three_hole_asymmetric/sample_0187.npz,d41acb81beffee4db9203e1cf0266797359f026ace1ea8ca9bcd6ccb1e2af128,0.002152577042579651,0.08250179559437645,0.9091702455251998,0.7307415716350079,0.37899677478708327,0.6120137345045802
fine_control,41,three_hole_asymmetric,188,private-source://routeA_experiments/data/final_ood_frozen_v1/three_hole_asymmetric/sample_0188.npz,0ee1d93b5b155a3545c539b9ebd208096d5da786ac320abbe96a9ddff30d88d7,0.0023914333432912827,0.08617829127610213,1.051990736445856,0.6814103089272976,0.43817665753886104,0.5838395284488795
fine_control,41,three_hole_asymmetric,189,private-source://routeA_experiments/data/final_ood_frozen_v1/three_hole_asymmetric/sample_0189.npz,70be7056cd13692af26bab63a3df9b9a64678831ef39fdb9582375ceecca7edf,0.0022672777995467186,0.09380071586383104,1.434480882906884,0.9443996325135231,0.4883752800524235,0.7272691628662868
fine_control,41,three_hole_asymmetric,190,private-source://routeA_experiments/data/final_ood_frozen_v1/three_hole_asymmetric/sample_0190.npz,a8c424ee2056e12af66d0be34289a252d77172e5cb127ec57c8550e3415ab90b,0.0021582888439297676,0.08070131532659064,0.9820437199089825,0.7817333042621613,0.3691298869525781,0.645020786230452
fine_control,41,three_hole_asymmetric,191,private-source://routeA_experiments/data/final_ood_frozen_v1/three_hole_asymmetric/sample_0191.npz,26c2bd071beec9742e0a4f1e5466aa608a15434494059de80e606e4679fa8ed3,0.0022963769733905792,0.08188983732030909,0.9724272069903382,0.812574177980423,0.3170546982437372,0.699790213536471
fine_control,41,three_hole_asymmetric,192,private-source://routeA_experiments/data/final_ood_frozen_v1/three_hole_asymmetric/sample_0192.npz,40d02fa0627c6deec298290103575257705efed18a0e5475ecaa7bf465aa9b99,0.0023163100704550743,0.0913516898419713,0.9387611827666319,0.7781248092651367,0.45516541600227356,0.6809565953444686
fine_control,41,three_hole_asymmetric,193,private-source://routeA_experiments/data/final_ood_frozen_v1/three_hole_asymmetric/sample_0193.npz,e2291d430c4ed65b595a26a1bfd29617e6a29836d02a7642cee85cd276392050,0.002253912389278412,0.09571748012814675,1.0382405535550636,0.842065267264843,0.4915924873203039,0.7074912852607667
fine_control,41,three_hole_asymmetric,194,private-source://routeA_experiments/data/final_ood_frozen_v1/three_hole_asymmetric/sample_0194.npz,31e35937f5e42fb742834cdcb1fc165dd1ffc423ac83933409ddf9f346655de1,0.0022772792726755142,0.10116651763419773,0.8885792164456241,0.836189903318882,0.5069339571055025,0.7198878069408231
fine_control,41,three_hole_asymmetric,195,private-source://routeA_experiments/data/final_ood_frozen_v1/three_hole_asymmetric/sample_0195.npz,40442c552a2016d07c97d9c05bd7232ba672eeab612657250b9c7529d4f8fba5,0.0022782227024435997,0.08504985400875334,0.7900938510822473,0.7970232963562012,0.3722400451079011,0.5930424641817794
fine_control,41,three_hole_asymmetric,196,private-source://routeA_experiments/data/final_ood_frozen_v1/three_hole_asymmetric/sample_0196.npz,dd2106f958610c899c170e0e932d315a715401be9a89fd9bfb0ce4af7422b23f,0.0022394517436623573,0.10014384622866754,1.1013306356470087,0.9008483663201332,0.53542285785079,0.7437909405678507
fine_control,41,three_hole_asymmetric,197,private-source://routeA_experiments/data/final_ood_frozen_v1/three_hole_asymmetric/sample_0197.npz,aa854427cd50f074116bdad2e4371e42c0402350e5d180482ef4c364d2ad2cf8,0.002384169027209282,0.0883002039609347,0.8388031530748946,0.8455654084682465,0.39164207875728607,0.7247752010822296
fine_control,41,three_hole_asymmetric,198,private-source://routeA_experiments/data/final_ood_frozen_v1/three_hole_asymmetric/sample_0198.npz,f829be15d56c832505226b17681dbe66656bc2100714eb438d609a588f6574fe,0.0021073324605822563,0.0654489933357528,0.6245147013142516,0.6725039184093475,0.2981438376009464,0.5147281393408768
fine_control,41,three_hole_asymmetric,199,private-source://routeA_experiments/data/final_ood_frozen_v1/three_hole_asymmetric/sample_0199.npz,52333eb8bbb0f95e069bd2d38db9cab28b55c6f86387da7cd28a27818fe1041a,0.0022279955446720123,0.07773615914631796,0.7654803624822898,0.7503094570711255,0.32548996806144714,0.536571185290813
