model,training_seed,shape,sample_id,sample_file,sample_sha256,inference_seconds,mae,relative_l2,max_abs_error,p95_abs_error,p99_abs_error
fine_control,53,polygonal_holes,0,private-source://routeA_experiments/data/prospective_ood_rd_hddm_alpha001_v2/polygonal_holes/sample_0000.npz,2813ec3127ac6b2d6e5ea2bdec57dc3842288d486f16a3ac630d975e79544104,0.003691543999593705,0.08416809831737779,1.162733600154202,0.8350501358509064,0.43059959299862355,0.6307863598316907
fine_control,53,polygonal_holes,1,private-source://routeA_experiments/data/prospective_ood_rd_hddm_alpha001_v2/polygonal_holes/sample_0001.npz,9d77838f7901837e5e6668df3993510bb8ecebaae9c24dafd7c33dd27713ca91,0.0036947870394214988,0.06483425598436561,0.5746897502420557,0.6230667382478714,0.34192981049418436,0.4242632971704006
fine_control,53,polygonal_holes,2,private-source://routeA_experiments/data/prospective_ood_rd_hddm_alpha001_v2/polygonal_holes/sample_0002.npz,64d684a0c62d3af4e0e79525c5a8144d60264714c3b90c3683941cb3669199db,0.0036746999830938876,0.08652740973169722,0.9568692862275149,0.775139719247818,0.48782716803252696,0.6291300243139266
fine_control,53,polygonal_holes,3,private-source://routeA_experiments/data/prospective_ood_rd_hddm_alpha001_v2/polygonal_holes/sample_0003.npz,cee6732562ef0f85cfd1d4207fb826b90bc31335f8fdf22bc7991a2b2d3e3818,0.004053654032759368,0.0666053093379239,0.6094308999227434,0.7272488176822662,0.37197072207927684,0.49464129261672496
fine_control,53,polygonal_holes,4,private-source://routeA_experiments/data/prospective_ood_rd_hddm_alpha001_v2/polygonal_holes/sample_0004.npz,f922f8aa230eb7f988651778a187a8f75ff947a239987aa900cd3c050a887ec0,0.004056247998960316,0.07107623872188103,0.7606183282521568,0.612092137336731,0.3724498748779295,0.5456677736341953
fine_control,53,polygonal_holes,5,private-source://routeA_experiments/data/prospective_ood_rd_hddm_alpha001_v2/polygonal_holes/sample_0005.npz,7aa5ae995dda3a749c78e6b8b3aff037f07301dbda012f49af7c1983a95fd554,0.004042262968141586,0.0974147008958387,1.5770563381644243,0.823601484298706,0.5565483585000038,0.6456175738573074
fine_control,53,polygonal_holes,6,private-source://routeA_experiments/data/prospective_ood_rd_hddm_alpha001_v2/polygonal_holes/sample_0006.npz,a2ab3adff33e2b825261f9f156651d6d226b45d7900ef8697f84935c734df80a,0.004068428999744356,0.07208838495039976,0.6788983692461346,0.7026634439826012,0.3599404949694871,0.4487303503602743
fine_control,53,polygonal_holes,7,private-source://routeA_experiments/data/prospective_ood_rd_hddm_alpha001_v2/polygonal_holes/sample_0007.npz,b504795f95e5481635b933ab900699fe66f38076ab5132e6b57a48c641abbf2b,0.0037198750069364905,0.07374690377176024,0.8477850737097377,0.6738735735416412,0.3831353962421416,0.47823341963812704
fine_control,53,polygonal_holes,8,private-source://routeA_experiments/data/prospective_ood_rd_hddm_alpha001_v2/polygonal_holes/sample_0008.npz,b93c334e8e48c8fd6d52b05cd3ff40f15d4f5cc62702a435f3e0247d6b59a334,0.0036635779542848468,0.04660571877128859,0.42654810657695036,0.5026001632213593,0.23105029314756384,0.3099727669358253
fine_control,53,polygonal_holes,9,private-source://routeA_experiments/data/prospective_ood_rd_hddm_alpha001_v2/polygonal_holes/sample_0009.npz,f2ef70e3326ae2f2447ff2754173f923c307e7972ebbe15dd38aabeb5f047c49,0.003712618025019765,0.07759437484940702,0.7456456776573278,0.676431380212307,0.385221491754055,0.505114891976118
fine_control,53,polygonal_holes,10,private-source://routeA_experiments/data/prospective_ood_rd_hddm_alpha001_v2/polygonal_holes/sample_0010.npz,0078bb96d0f452027931ba3a5cabdd927aa298f7c3cb3cc2d89e7cb23acaf539,0.0036763190291821957,0.07258455740654045,0.6792609048813402,0.5981436371803284,0.39075665287673467,0.5132664012908935
fine_control,53,polygonal_holes,11,private-source://routeA_experiments/data/prospective_ood_rd_hddm_alpha001_v2/polygonal_holes/sample_0011.npz,9ee5588e761180b233891dd5a6f16fa8ca4f4c5906cdb841e4c8020cee441584,0.004054765042383224,0.06249731550665274,0.5056327879512039,0.4915887117385864,0.3136714607477188,0.38750095903873444
fine_control,53,polygonal_holes,12,private-source://routeA_experiments/data/prospective_ood_rd_hddm_alpha001_v2/polygonal_holes/sample_0012.npz,9cdd74ea7cb7425efc2f3f4d80c0363bd50ea50709fe03b3d060f71ff605dd84,0.003659053996670991,0.08224207468585948,0.8601126830994218,0.8023007586598396,0.48321883045136926,0.5804702409356832
fine_control,53,polygonal_holes,13,private-source://routeA_experiments/data/prospective_ood_rd_hddm_alpha001_v2/polygonal_holes/sample_0013.npz,7ee1a4ed3ed8a784612d742e8ed75f38441bf2f5701f264e582c39a5158ad1ce,0.0036362700047902763,0.0799998562475744,0.8256619471436231,0.6682733669877052,0.4394936813041567,0.5428521894663573
fine_control,53,polygonal_holes,14,private-source://routeA_experiments/data/prospective_ood_rd_hddm_alpha001_v2/polygonal_holes/sample_0014.npz,d1818732f452567ad0ecd2f58c757bb8290572b117528bb1e5aaefa970313cc6,0.004058244987390935,0.08670397026887498,0.822438603746962,0.822085477411747,0.4191573470830916,0.6486073192954063
fine_control,53,polygonal_holes,15,private-source://routeA_experiments/data/prospective_ood_rd_hddm_alpha001_v2/polygonal_holes/sample_0015.npz,445b87e8c24a47bfb4d118389ef483a360b0d5074dc815ae35513aab4a27864d,0.004042988002765924,0.09239998379001918,0.9742353305018531,0.7349106520414352,0.5131494225002824,0.5888680344074965
fine_control,53,polygonal_holes,16,private-source://routeA_experiments/data/prospective_ood_rd_hddm_alpha001_v2/polygonal_holes/sample_0016.npz,1a99ec371d63848f62228b959ed0924574356c0cccfdd1260268c8dfa0c9cdb0,0.004046137037221342,0.10649900625720245,1.8471427299138414,0.8444647267460823,0.5825493844749872,0.65639664870454
fine_control,53,polygonal_holes,17,private-source://routeA_experiments/data/prospective_ood_rd_hddm_alpha001_v2/polygonal_holes/sample_0017.npz,0cdbf63c17b90ff3b3512ee0966f5d174bfb3232348a9e49b05f2d9ee4d89a26,0.004041000967845321,0.063610998946215,0.6180425779176951,0.5110271498560905,0.3342146888375282,0.45186782017350197
fine_control,53,polygonal_holes,18,private-source://routeA_experiments/data/prospective_ood_rd_hddm_alpha001_v2/polygonal_holes/sample_0018.npz,47317c8f9d3ed8f1a54c8b96ba91af510560b8aa7f805ade7143c1d16ca55e66,0.004004980030003935,0.060128038120139234,0.5352439812481224,0.5528874397277832,0.3096631187945603,0.430059575587511
fine_control,53,polygonal_holes,19,private-source://routeA_experiments/data/prospective_ood_rd_hddm_alpha001_v2/polygonal_holes/sample_0019.npz,14a537fef9ee78090f18c68c7c2bb65ef6d197ce349231291c03aa4206e7dbef,0.0036616589641198516,0.08626353103682592,0.9606677379593836,0.7201783061027527,0.5030059061013162,0.6066344567388295
fine_control,53,polygonal_holes,20,private-source://routeA_experiments/data/prospective_ood_rd_hddm_alpha001_v2/polygonal_holes/sample_0020.npz,7c814a3de56a037a81fd975f53b5567efeb9d9662b615203546bc0899290fd90,0.00410019198898226,0.057496163185528276,0.5228575166100414,0.6345319971442223,0.30350090563297255,0.4269457611441612
fine_control,53,polygonal_holes,21,private-source://routeA_experiments/data/prospective_ood_rd_hddm_alpha001_v2/polygonal_holes/sample_0021.npz,8ce53160fe69d5b6413cde92d321f24dc4d1d44cc5f0f2a3eca07d60a4da1104,0.004227098019327968,0.08178109690673965,0.8432849165212712,0.6954689025878906,0.42885246854275416,0.5612886041775346
fine_control,53,polygonal_holes,22,private-source://routeA_experiments/data/prospective_ood_rd_hddm_alpha001_v2/polygonal_holes/sample_0022.npz,ebe02bed5b22de6ec65b6c54aaa34f7a9e9daf45fb56c3455386ee7beeca83bd,0.0036566199851222336,0.08987003511996951,0.9892435257220409,0.7853830456733704,0.4535183474421499,0.5909100870043039
fine_control,53,polygonal_holes,23,private-source://routeA_experiments/data/prospective_ood_rd_hddm_alpha001_v2/polygonal_holes/sample_0023.npz,d6cabc05bb35909896ec365f876db62334e617b13b08c9e40694e2791b0db121,0.0036648919922299683,0.04983540015105771,0.4424161611345933,0.5198650658130646,0.21422362476587278,0.33922304064035413
fine_control,53,polygonal_holes,24,private-source://routeA_experiments/data/prospective_ood_rd_hddm_alpha001_v2/polygonal_holes/sample_0024.npz,cc607c6b4a44a20de7c0d072b11d3585668469f46fe26a9e5a4601a8839b18e3,0.0036482929717749357,0.08702845749506145,1.032468809482721,0.8441027626395226,0.4310829706490038,0.5862275528162717
fine_control,53,polygonal_holes,25,private-source://routeA_experiments/data/prospective_ood_rd_hddm_alpha001_v2/polygonal_holes/sample_0025.npz,6624bf5fe6d196079fb76fb31c85860e096a142c03b130cd1e70002ae755b942,0.00406622001901269,0.07695275844615879,0.7905930366686227,0.6571428179740906,0.42410620274022215,0.5612179627269507
fine_control,53,polygonal_holes,26,private-source://routeA_experiments/data/prospective_ood_rd_hddm_alpha001_v2/polygonal_holes/sample_0026.npz,c98d8e8d3d0a88d1da87415faeb5bf9178e88e1f30adc9ecf7cd6cf0dbd9277f,0.00371748604811728,0.08399430495983555,0.8115079744069958,0.747495710849762,0.47010539541952295,0.5838813540711999
fine_control,53,polygonal_holes,27,private-source://routeA_experiments/data/prospective_ood_rd_hddm_alpha001_v2/polygonal_holes/sample_0027.npz,a8830b8166a10f61db4814b54f56ca4808e3c93da85d47b565e4eddec6598b7d,0.004047613998409361,0.06127316061291215,0.5748066289457627,0.6495484635233879,0.31693966984748834,0.453881304860115
fine_control,53,polygonal_holes,28,private-source://routeA_experiments/data/prospective_ood_rd_hddm_alpha001_v2/polygonal_holes/sample_0028.npz,7a7df2263baaa71cbccf62f82307a4ec9364e586142fc46aecffcb33cae7cae8,0.004032780008856207,0.06386723336607525,0.6543304668587795,0.49545569717884064,0.3244965188670902,0.4750474083423614
fine_control,53,polygonal_holes,29,private-source://routeA_experiments/data/prospective_ood_rd_hddm_alpha001_v2/polygonal_holes/sample_0029.npz,1792cfc778015639447d8549da9e8e6ae065b2de6e8a35808550ab1f2eaa6d12,0.004048179020173848,0.06069985649052999,0.6454947832938349,0.7548660337924957,0.2942621085792779,0.44609184622764586
fine_control,53,polygonal_holes,30,private-source://routeA_experiments/data/prospective_ood_rd_hddm_alpha001_v2/polygonal_holes/sample_0030.npz,0361f263ac7c96ee87583959a04a88d5d85ed0d0bf6e7d378681151774f385f2,0.0040583189693279564,0.0611687995929972,0.5629421584713968,0.7956789508461952,0.3047471314668655,0.39671636439859864
fine_control,53,polygonal_holes,31,private-source://routeA_experiments/data/prospective_ood_rd_hddm_alpha001_v2/polygonal_holes/sample_0031.npz,05f616ed447a9ab8e71b77b9398fe7f5bdca3822ed0cb7c0b89a4802fff7e34a,0.00371248199371621,0.08545088701137776,0.8572961713006315,0.7766088545322418,0.45982818678021425,0.5945115154236555
fine_control,53,polygonal_holes,32,private-source://routeA_experiments/data/prospective_ood_rd_hddm_alpha001_v2/polygonal_holes/sample_0032.npz,b84ee66df3e51a313acfa70a8d8f17e55d0f28293bfc848be6da74369c6efe7e,0.004044476023409516,0.06643805572965499,0.6003524577827011,0.6270347237586975,0.3616321846842765,0.45985251724719994
fine_control,53,polygonal_holes,33,private-source://routeA_experiments/data/prospective_ood_rd_hddm_alpha001_v2/polygonal_holes/sample_0033.npz,daa13b8f28a70003a1c8a3b22cc6fb6ba7cd514feb1f0dde8861d77cced138db,0.0036235039588063955,0.08019049811217899,0.8507719825068704,0.771103136241436,0.4224631410557776,0.5731762788817286
fine_control,53,polygonal_holes,34,private-source://routeA_experiments/data/prospective_ood_rd_hddm_alpha001_v2/polygonal_holes/sample_0034.npz,f1007728ae6fc8cc7b887f70cb682b003162557fe09bc505313c9852da9b0395,0.003653352032415569,0.07416745733079817,0.8154138581958114,0.5708101969212294,0.4020133256912231,0.5443873139470816
fine_control,53,polygonal_holes,35,private-source://routeA_experiments/data/prospective_ood_rd_hddm_alpha001_v2/polygonal_holes/sample_0035.npz,74480bc8be2b0c3f792eeafe7931aa43f6eabf7fab66f1f8889ff83f9343aacf,0.0036352899624034762,0.06548393044877684,0.6007142655164315,0.5851804688572884,0.35777918398380276,0.4440336979925632
fine_control,53,polygonal_holes,36,private-source://routeA_experiments/data/prospective_ood_rd_hddm_alpha001_v2/polygonal_holes/sample_0036.npz,d380cc325dc38fac34101ad898621f7a706e5ef3145fb50b48cd8a3550e915f6,0.003673471976071596,0.06976204385413844,0.6315083106956826,0.8545002536848187,0.351479378528893,0.49052948579192157
fine_control,53,polygonal_holes,37,private-source://routeA_experiments/data/prospective_ood_rd_hddm_alpha001_v2/polygonal_holes/sample_0037.npz,562b92269c11eb7a4d6d2b96c70e8334d3b1e90f788bd3d9e801d09a075eee3a,0.0040564200025983155,0.10074084480196671,1.6426238384575107,0.8445561826229095,0.5458457506028934,0.6487084214854986
fine_control,53,polygonal_holes,38,private-source://routeA_experiments/data/prospective_ood_rd_hddm_alpha001_v2/polygonal_holes/sample_0038.npz,ad000ee37c0e1a9ba734e4dd9459946f4b3df5f603b980b12d442bca1f8ed9f9,0.0040507210069336,0.07477151256461247,0.7210185286374364,0.5388638377189636,0.38097339775413264,0.4942267729341983
fine_control,53,polygonal_holes,39,private-source://routeA_experiments/data/prospective_ood_rd_hddm_alpha001_v2/polygonal_holes/sample_0039.npz,522d3ecbc2d9edc149dc3f03b6cf36d68fca66badfbb0f6dd3482d5e5f254b68,0.0036286149988882244,0.07568635323552876,0.7080260547511665,0.5844892263412476,0.42102950382977705,0.5325441544502973
fine_control,53,polygonal_holes,40,private-source://routeA_experiments/data/prospective_ood_rd_hddm_alpha001_v2/polygonal_holes/sample_0040.npz,254ab846e9a8b91265cad089e47a668ba206ceeb02e23540aaf1b8dded5c5277,0.003675939980894327,0.07721727389632305,0.859950466142971,0.6101179718971252,0.3944822870194912,0.5408016526699067
fine_control,53,polygonal_holes,41,private-source://routeA_experiments/data/prospective_ood_rd_hddm_alpha001_v2/polygonal_holes/sample_0041.npz,8c7f049970c19d0bf9df6a56540e33a405e9b6f637a802fc3a679bd78cbd2f7b,0.0036718830233439803,0.07101359639407492,0.7088855126758096,0.6358077526092529,0.37580083720386026,0.48239324938505884
fine_control,53,polygonal_holes,42,private-source://routeA_experiments/data/prospective_ood_rd_hddm_alpha001_v2/polygonal_holes/sample_0042.npz,6d8ce4ad2a0fbe386141c305df0df82390863da91466b3772de47905aac327ac,0.003745903028175235,0.09592680122550658,0.9839034632422964,0.7640987932682037,0.518025815486908,0.6114350771903991
fine_control,53,polygonal_holes,43,private-source://routeA_experiments/data/prospective_ood_rd_hddm_alpha001_v2/polygonal_holes/sample_0043.npz,cce44f1d73fbe7f76182aa7fd07a69f90b93524ef2f5d7c4c6a1bb4566cb8ff9,0.0036506839678622782,0.10481866905677634,1.2343187552822592,0.8500556349754333,0.5646402040496468,0.7057286942750215
fine_control,53,polygonal_holes,44,private-source://routeA_experiments/data/prospective_ood_rd_hddm_alpha001_v2/polygonal_holes/sample_0044.npz,ae4b89782186c636597bbf28ff74a3d03e0c2dbac42260653f9d140ab9229119,0.003709726966917515,0.05289546264790159,0.42281161580812804,0.41667860746383667,0.23561939398059617,0.3420014990866184
fine_control,53,polygonal_holes,45,private-source://routeA_experiments/data/prospective_ood_rd_hddm_alpha001_v2/polygonal_holes/sample_0045.npz,1777cf5189ac8f43461ae20e5ef1f4c739e91a493823c36ad21eedc9d1d3abf4,0.003672963008284569,0.06890062888937791,0.7395771683454159,0.7297687754034996,0.3866727102547883,0.5100967628508806
fine_control,53,polygonal_holes,46,private-source://routeA_experiments/data/prospective_ood_rd_hddm_alpha001_v2/polygonal_holes/sample_0046.npz,cc55794e1940c234f9da149d83ee01ead8d8277520e38b89220b19e02e70f238,0.004121938021853566,0.10469025265057336,1.7738431356943178,0.821654923260212,0.57138484029565,0.6686806125706062
fine_control,53,polygonal_holes,47,private-source://routeA_experiments/data/prospective_ood_rd_hddm_alpha001_v2/polygonal_holes/sample_0047.npz,7f42f867baf3b1c126f27ae2157ef3dd2a34a07d8d1a1f5aead8d062722664f9,0.00408401497406885,0.07573165498472063,0.7791116541187104,0.7883308529853821,0.4156635788735,0.5879699879139662
fine_control,53,polygonal_holes,48,private-source://routeA_experiments/data/prospective_ood_rd_hddm_alpha001_v2/polygonal_holes/sample_0048.npz,6e05df606b756d9cfd5f6305cc0eac033208a8444ad64ad8e48815757862935e,0.004028789000585675,0.09234275266306714,1.1822883550288221,0.8158307895064354,0.49647327521815876,0.6448357401974499
fine_control,53,polygonal_holes,49,private-source://routeA_experiments/data/prospective_ood_rd_hddm_alpha001_v2/polygonal_holes/sample_0049.npz,8e60acf35c436ea7681e8f6ecb99e7889c6309505da38ab1a1de5fdd50c8d25a,0.004107595013920218,0.06610252440477456,0.6556831801603306,0.6239855624735355,0.33368581905961037,0.4499749869853258
fine_control,53,polygonal_holes,50,private-source://routeA_experiments/data/prospective_ood_rd_hddm_alpha001_v2/polygonal_holes/sample_0050.npz,67ff652aacb37c18501691c8d65846f7fd6786aa6ab39d47d601c53560a81ffb,0.0036302319495007396,0.06203210356239752,0.5601672492367856,0.4929121695458889,0.3066275522112846,0.3809345364570617
fine_control,53,polygonal_holes,51,private-source://routeA_experiments/data/prospective_ood_rd_hddm_alpha001_v2/polygonal_holes/sample_0051.npz,d178ebe9f5d54994c88f44993765bce335075010cff7e29e1ff0070188cd3350,0.004116367024835199,0.11130837599595811,1.7781878127523816,0.8601796850562096,0.6031858714006375,0.6867808528512249
fine_control,53,polygonal_holes,52,private-source://routeA_experiments/data/prospective_ood_rd_hddm_alpha001_v2/polygonal_holes/sample_0052.npz,a3a862fcadf321c577317885abc8e5b33930f4e0f1c7fe81f71f61e570dec552,0.004032867029309273,0.09192957197371192,1.124175977868273,1.0287285884842277,0.4796843890100717,0.5907128058373928
fine_control,53,polygonal_holes,53,private-source://routeA_experiments/data/prospective_ood_rd_hddm_alpha001_v2/polygonal_holes/sample_0053.npz,ab5fddb822d6b9316b54ab76c4527ea073e575a3e421c7d3825dddaa22fc27e5,0.0036360800149850547,0.0966588447649208,1.2311063930483983,0.778165191411972,0.5277238624170422,0.6311817022785544
fine_control,53,polygonal_holes,54,private-source://routeA_experiments/data/prospective_ood_rd_hddm_alpha001_v2/polygonal_holes/sample_0054.npz,a1022a21b18e6e40b38eb55a0b8587d544f733833a4d7f12d4de108015563cc3,0.0036351850139908493,0.052142933323750765,0.43569300071257155,0.43113255500793457,0.25774667263031,0.3572389890998602
fine_control,53,polygonal_holes,55,private-source://routeA_experiments/data/prospective_ood_rd_hddm_alpha001_v2/polygonal_holes/sample_0055.npz,4365d7d047747c0c5587594149f7905cf8d0fbc2fc11cdade3a1001f8d10a489,0.003631947038229555,0.09013539951140426,1.0299502514523442,0.7625010684132576,0.46235986175015564,0.6275231002643704
fine_control,53,polygonal_holes,56,private-source://routeA_experiments/data/prospective_ood_rd_hddm_alpha001_v2/polygonal_holes/sample_0056.npz,c64e194ceeb73588bea71d967fed493a69e7f31422958700a5a894c51dad8af4,0.003683994000311941,0.08063633704545939,0.89315335239611,0.631520539522171,0.4419636419974267,0.5890745067223907
fine_control,53,polygonal_holes,57,private-source://routeA_experiments/data/prospective_ood_rd_hddm_alpha001_v2/polygonal_holes/sample_0057.npz,b7ec701204ebf0f91ed0f653ab9750798681ad55c0be7bccc78661334dd8a05a,0.004043360007926822,0.09687697723842392,1.4462842744359605,0.8546925187110901,0.558942450163886,0.6573897899501024
fine_control,53,polygonal_holes,58,private-source://routeA_experiments/data/prospective_ood_rd_hddm_alpha001_v2/polygonal_holes/sample_0058.npz,d7d338d7ed7396d7013682fdeda699683e01e2e0a6b355ea8245cd50209f5837,0.0036618939484469593,0.06250556033155463,0.6271818489242982,0.6630316376686096,0.30789335072040547,0.5133555553108453
fine_control,53,polygonal_holes,59,private-source://routeA_experiments/data/prospective_ood_rd_hddm_alpha001_v2/polygonal_holes/sample_0059.npz,520dc2e58678e87e5e0b109e52f119bf6f1955d7aa102dba7f2e2aa5f6870b26,0.004064448003191501,0.06597887993220714,0.7498604557115739,0.741217166185379,0.33120203018188477,0.4502844260632991
fine_control,53,polygonal_holes,60,private-source://routeA_experiments/data/prospective_ood_rd_hddm_alpha001_v2/polygonal_holes/sample_0060.npz,65f37cdde81f35866d4ad5d443aea651ab7719a2aeaeacecb6c6f004e4a9a519,0.004079623962752521,0.09286185614429163,1.0369999685126603,0.7732127830386162,0.47058787457644935,0.6347384931892156
fine_control,53,polygonal_holes,61,private-source://routeA_experiments/data/prospective_ood_rd_hddm_alpha001_v2/polygonal_holes/sample_0061.npz,7743695b88cdc254e55b4fad952747f08a99a59b47940f19b05996b3aacfdd4f,0.003698583983350545,0.09706869658739524,1.1135288750828782,0.842797726392746,0.5740776863880453,0.7135515323281287
fine_control,53,polygonal_holes,62,private-source://routeA_experiments/data/prospective_ood_rd_hddm_alpha001_v2/polygonal_holes/sample_0062.npz,277f1102a42eb919881a684fdf02f8fe32f35c413c403026302cd12d4097853a,0.004058082995470613,0.08778190179108152,0.8036836928657543,0.7683978378772736,0.44421594291925426,0.5750462226942181
fine_control,53,polygonal_holes,63,private-source://routeA_experiments/data/prospective_ood_rd_hddm_alpha001_v2/polygonal_holes/sample_0063.npz,6d764776066ab82c5cc65c85d8e8609d9930055835d54417aa78c6b4a6b03531,0.0037026670179329813,0.08758263698438996,1.090986964558812,0.8323889970779419,0.5356761626899241,0.6604024091362953
fine_control,53,polygonal_holes,64,private-source://routeA_experiments/data/prospective_ood_rd_hddm_alpha001_v2/polygonal_holes/sample_0064.npz,faf90b633e638b9635077cf9b6ad138791b71dcf9f9c87c2643fdaa9321e9469,0.0036325340042822063,0.048446899733771906,0.44836189671988125,0.5970222726464272,0.2216315284371376,0.32889365166425694
fine_control,53,polygonal_holes,65,private-source://routeA_experiments/data/prospective_ood_rd_hddm_alpha001_v2/polygonal_holes/sample_0065.npz,5a1f909a1a33de701ff5e43850c8a0f624f0fe67bb2628856e8b2ff716aa4d8f,0.0036498549743555486,0.07889116839209034,0.7952133471235541,0.7663794085383415,0.44323508813977225,0.5915263456106185
fine_control,53,polygonal_holes,66,private-source://routeA_experiments/data/prospective_ood_rd_hddm_alpha001_v2/polygonal_holes/sample_0066.npz,231255ce916639b7963636d7ecd7e8496e2daf50b0681c71f8c26d117d19a6a3,0.0036491899518296123,0.0732798753606893,0.7370044043844437,0.5857813954353333,0.40398522559553374,0.5481779500842094
fine_control,53,polygonal_holes,67,private-source://routeA_experiments/data/prospective_ood_rd_hddm_alpha001_v2/polygonal_holes/sample_0067.npz,2ea120f390b13387af7e81bbf689609188cf789c089380be9954a01ab04383ce,0.004045595007482916,0.0822814094815865,1.0685496723556553,0.9086407199501991,0.4289098175242541,0.5500710105150938
fine_control,53,polygonal_holes,68,private-source://routeA_experiments/data/prospective_ood_rd_hddm_alpha001_v2/polygonal_holes/sample_0068.npz,99dcf586e3c772fa34c409836b87dba473578ad4267323fe4c1021c49bea2156,0.0036473069922067225,0.07882938203897488,0.7341693665681219,0.5421622097492218,0.4095403298735616,0.4774968095123768
fine_control,53,polygonal_holes,69,private-source://routeA_experiments/data/prospective_ood_rd_hddm_alpha001_v2/polygonal_holes/sample_0069.npz,371011e0087841ce62fd475615c1487b9008b14cc2c8239b698c21a3f404f4ae,0.003642935014795512,0.0737834633681785,0.6246103137611815,0.6593177020549774,0.3756722196936607,0.5249179989099503
fine_control,53,polygonal_holes,70,private-source://routeA_experiments/data/prospective_ood_rd_hddm_alpha001_v2/polygonal_holes/sample_0070.npz,76a38f00a38c09a4a5e0ce282801ee31b62717ad9405afde4dfaded58ac68adf,0.0036379980156198144,0.07927070944191301,0.8423616519098245,0.5670894980430603,0.4480215081945057,0.5464198001474142
fine_control,53,polygonal_holes,71,private-source://routeA_experiments/data/prospective_ood_rd_hddm_alpha001_v2/polygonal_holes/sample_0071.npz,725f819b9cff979f22d3fb2826bbeb093e79eac51bc6aeeece1bf9cca9411e3c,0.0036929809721186757,0.07005975032806336,0.6401216025861225,0.6112082973122597,0.38108895570039747,0.4985200816392898
fine_control,53,polygonal_holes,72,private-source://routeA_experiments/data/prospective_ood_rd_hddm_alpha001_v2/polygonal_holes/sample_0072.npz,29b11ddc75faadb72de6975449a2b31a3d5383776b7675881284f27b7dca3cab,0.00405351904919371,0.07297324486379693,0.6928141796955928,0.5832705497741699,0.3916546586900949,0.5463745116814971
fine_control,53,polygonal_holes,73,private-source://routeA_experiments/data/prospective_ood_rd_hddm_alpha001_v2/polygonal_holes/sample_0073.npz,1ab85a6c8ae26e0fbf4793862ad906cb7254045320b5796aeaa896f42f2bacd4,0.004036548954900354,0.08212723983471557,0.7968640248566895,0.7736221849918365,0.44312922991812226,0.579766240902245
fine_control,53,polygonal_holes,74,private-source://routeA_experiments/data/prospective_ood_rd_hddm_alpha001_v2/polygonal_holes/sample_0074.npz,bacd1d3e820fbf01f8d4acce5297dc3b9f8dc25652253988c73470e23a9f8ac1,0.003684186958707869,0.07595243554610837,0.9103592989135615,0.6700601577758789,0.4423976212739941,0.574933881610632
fine_control,53,polygonal_holes,75,private-source://routeA_experiments/data/prospective_ood_rd_hddm_alpha001_v2/polygonal_holes/sample_0075.npz,3287c7e51fa026555fd19d375af6e3d4cc8cc42fa1205cc3bfc8cd6cf1579cd3,0.004222608986310661,0.05522101957234554,0.5015050700770833,0.5494560748338699,0.25387650411576024,0.35659904550760985
fine_control,53,polygonal_holes,76,private-source://routeA_experiments/data/prospective_ood_rd_hddm_alpha001_v2/polygonal_holes/sample_0076.npz,574f2300d179a3831f3582318cd7b95acfd3405093d6a47af47ad93d2178f2e1,0.004036501981317997,0.10203332482900415,1.6298479579329472,0.7968754470348358,0.5493403061060235,0.6356754331663251
fine_control,53,polygonal_holes,77,private-source://routeA_experiments/data/prospective_ood_rd_hddm_alpha001_v2/polygonal_holes/sample_0077.npz,4376fb3c5dd37b190c566754832a3e3ba85331c8e3e4f837d406cdef3bfffa17,0.0040727419545874,0.09673281812083032,1.025984056435787,0.7830324769020081,0.5397891624830663,0.6421148344874381
fine_control,53,polygonal_holes,78,private-source://routeA_experiments/data/prospective_ood_rd_hddm_alpha001_v2/polygonal_holes/sample_0078.npz,ae2f838a41311b1cab760c47b71bb43be39b91fa594b946c3571522b2c1a813d,0.004078865982592106,0.0737787240787116,0.7016149775829269,0.6317176818847656,0.40047349333763105,0.530902102291584
fine_control,53,polygonal_holes,79,private-source://routeA_experiments/data/prospective_ood_rd_hddm_alpha001_v2/polygonal_holes/sample_0079.npz,adbb28bf9488acd23de73cd9711ec3b2e05ffc6733eb9f5e5d052cf61e664a70,0.0040319900144822896,0.08996517673577904,1.1876916701663123,0.864521212875843,0.5198206616565584,0.627492889445275
fine_control,53,polygonal_holes,80,private-source://routeA_experiments/data/prospective_ood_rd_hddm_alpha001_v2/polygonal_holes/sample_0080.npz,4a47f541a2cd868c83938f15092e28469ad5819a5b3e93180979feb578a2ce05,0.0040377730038017035,0.06903627702639142,0.6965774788866196,0.6462969481945038,0.3822666987776756,0.5537237861007452
fine_control,53,polygonal_holes,81,private-source://routeA_experiments/data/prospective_ood_rd_hddm_alpha001_v2/polygonal_holes/sample_0081.npz,4d25b3696b4e9ae0a17a8594fbd72f84735c32ee8f1f0b28d6a67a85a3343360,0.004077170975506306,0.09149460992132873,1.1948655592426298,0.8656437769532204,0.5307180941104889,0.6585228107869624
fine_control,53,polygonal_holes,82,private-source://routeA_experiments/data/prospective_ood_rd_hddm_alpha001_v2/polygonal_holes/sample_0082.npz,a6c4e742890618c770a2aba2764df55ef3584d9cf57866efbbc096b98dec6a48,0.003697797015774995,0.07664336671470487,0.7452143064240272,0.697862297296524,0.42411097511649126,0.5339369881898165
fine_control,53,polygonal_holes,83,private-source://routeA_experiments/data/prospective_ood_rd_hddm_alpha001_v2/polygonal_holes/sample_0083.npz,b8eeb414ab12e5fe35f84aa19979bdbca0f1a1f75eeb25da9aad6a52d8cbeb30,0.003670488018542528,0.09097778532661067,0.8294090374276135,0.7506375014781952,0.4983459513634443,0.621048855781555
fine_control,53,polygonal_holes,84,private-source://routeA_experiments/data/prospective_ood_rd_hddm_alpha001_v2/polygonal_holes/sample_0084.npz,67deca7af2005178ad0c93d16ab381b5a3df2ac09b8b5738e4fc2773a2546f62,0.0036909470218233764,0.0708707054937127,0.6288922939957893,0.560835063457489,0.37179780527949335,0.49217043012380596
fine_control,53,polygonal_holes,85,private-source://routeA_experiments/data/prospective_ood_rd_hddm_alpha001_v2/polygonal_holes/sample_0085.npz,ddb7b814e040d8c047a4649f33bf151654d032650e5a173001aca20b14905ab3,0.003639973991084844,0.08963295940207654,1.5259489344333792,0.8266388550400734,0.4922874479554592,0.6172936305776238
fine_control,53,polygonal_holes,86,private-source://routeA_experiments/data/prospective_ood_rd_hddm_alpha001_v2/polygonal_holes/sample_0086.npz,d6433754926d38ddb5772e7cb405f78b5aec43e5ca3eade0ba8b62b103a7dc27,0.003629587998148054,0.0916962499816926,1.021421227160283,0.8700880333781242,0.40451138354837896,0.6448285386711358
fine_control,53,polygonal_holes,87,private-source://routeA_experiments/data/prospective_ood_rd_hddm_alpha001_v2/polygonal_holes/sample_0087.npz,8d3eec568a4d74c6a51e6da3cc28ade1037e57e722994fd947f5a01f53d41edf,0.0036603810149244964,0.10158323383838481,1.788940674723537,0.8523936793208122,0.5716459403629415,0.663593854396604
fine_control,53,polygonal_holes,88,private-source://routeA_experiments/data/prospective_ood_rd_hddm_alpha001_v2/polygonal_holes/sample_0088.npz,af9662e794a12464829c6fac98a3cb18e6e3e6857c1576994cbe01eedf1f246c,0.004069750022608787,0.09109480962534083,1.204670805813134,0.7974414825439453,0.5452159244567155,0.622210328578949
fine_control,53,polygonal_holes,89,private-source://routeA_experiments/data/prospective_ood_rd_hddm_alpha001_v2/polygonal_holes/sample_0089.npz,c5a95474e5636d974aeee3dcde6837bf3c6a3704353407477c81f4240bbdc388,0.004045931971631944,0.1088903797389167,1.5241640850234877,0.876150868833065,0.5876723287161438,0.7106375993043184
fine_control,53,polygonal_holes,90,private-source://routeA_experiments/data/prospective_ood_rd_hddm_alpha001_v2/polygonal_holes/sample_0090.npz,69177a4934a4e7ec9786358ba08b301291e30633bfc8079703a3ad634dbe6555,0.0036262450157664716,0.056820989538912146,0.534070552837719,0.5729549527168274,0.25481415148824443,0.379228295981884
fine_control,53,polygonal_holes,91,private-source://routeA_experiments/data/prospective_ood_rd_hddm_alpha001_v2/polygonal_holes/sample_0091.npz,017495cf13436ccb34417f1d078194fbbb1bb9e889c2a05714fdfef6208a7922,0.0036422950215637684,0.09680679671238245,1.8051420464979053,0.865375928580761,0.5406091429293155,0.6587580660451203
fine_control,53,polygonal_holes,92,private-source://routeA_experiments/data/prospective_ood_rd_hddm_alpha001_v2/polygonal_holes/sample_0092.npz,6fb319a462e5729cc33034f1576388ff60d99f8ed26dcf3ed67437d1ea1bca54,0.003638016991317272,0.058928265897664256,0.48510007245602366,0.601504921913147,0.2601406153291464,0.3953133434802294
fine_control,53,polygonal_holes,93,private-source://routeA_experiments/data/prospective_ood_rd_hddm_alpha001_v2/polygonal_holes/sample_0093.npz,52cbc18f79056f45df5b059b191b91f8510f55d9c2edcd661f81df8375d9e0d1,0.004086564993485808,0.07989863953204841,0.9141788187012033,0.735743947327137,0.4316690303385257,0.536372571364045
fine_control,53,polygonal_holes,94,private-source://routeA_experiments/data/prospective_ood_rd_hddm_alpha001_v2/polygonal_holes/sample_0094.npz,164da7452288a5d8a7302027741566652f575e6558c5ce9ce09db0163255c7ab,0.003683570015709847,0.06622649944812868,0.6613934448467099,0.5906441509723663,0.36370260142721234,0.5264330370724201
fine_control,53,polygonal_holes,95,private-source://routeA_experiments/data/prospective_ood_rd_hddm_alpha001_v2/polygonal_holes/sample_0095.npz,1c76e3d378b35c6a9e36e37471d1c5bcd6e753f69e666218ce23590f33585d3e,0.0036280350177548826,0.09306546874202012,1.080849514269216,0.8121160566806793,0.49819305818527926,0.6516826954483986
fine_control,53,polygonal_holes,96,private-source://routeA_experiments/data/prospective_ood_rd_hddm_alpha001_v2/polygonal_holes/sample_0096.npz,49ad587763214bcda7cccaa69cfff09cf001c7b2c7f38d85251e3f2672a35569,0.0036401659599505365,0.06343842952290124,0.5785892843387306,0.5480603277683258,0.3371142102405428,0.47536663509905336
fine_control,53,polygonal_holes,97,private-source://routeA_experiments/data/prospective_ood_rd_hddm_alpha001_v2/polygonal_holes/sample_0097.npz,8390688b322ed3b47b14ae6c8deb192bc662ca519072cc4456004520d93634eb,0.003674981009680778,0.0804161083322606,0.7201981627481735,0.7329649329185486,0.44509104937314986,0.5608167776465415
fine_control,53,polygonal_holes,98,private-source://routeA_experiments/data/prospective_ood_rd_hddm_alpha001_v2/polygonal_holes/sample_0098.npz,d664b5cd66446712fa2fc0050a3eea16c06ebbf4a5f3665cb9b62018873ee112,0.0036270749988034368,0.04367309498706668,0.33403340227789924,0.39805132150650024,0.21180365181062363,0.31481564223766323
fine_control,53,polygonal_holes,99,private-source://routeA_experiments/data/prospective_ood_rd_hddm_alpha001_v2/polygonal_holes/sample_0099.npz,ffb0fcbe82635372bfaaf9dfad830078cc7e245cb5df18fc4cf3ee7d7ed08f2c,0.0040495090070180595,0.06845562436938928,0.6712949507612856,0.591519795358181,0.38646414931863543,0.5153530685603619
fine_control,53,polygonal_holes,100,private-source://routeA_experiments/data/prospective_ood_rd_hddm_alpha001_v2/polygonal_holes/sample_0100.npz,83db9e1bf734e4318e7310d414f020dde016065b78e5ec40e0bf63cbdc30cd69,0.0040498749585822225,0.07978441407324074,0.854771747112377,0.7401426136493683,0.4178830415010452,0.5628400074318051
fine_control,53,polygonal_holes,101,private-source://routeA_experiments/data/prospective_ood_rd_hddm_alpha001_v2/polygonal_holes/sample_0101.npz,628d4ef4e48f4e11212826ea73354e04acbb5cf5218cf61a5f450ffe072e463a,0.0040363959851674736,0.07462849208679978,0.7720863822749694,0.569296807050705,0.4073910593986511,0.5467886831611395
fine_control,53,polygonal_holes,102,private-source://routeA_experiments/data/prospective_ood_rd_hddm_alpha001_v2/polygonal_holes/sample_0102.npz,53967bde920053230113301d67f3965fb24710c7b37e3b7e2a11053964188c70,0.003650819999165833,0.09716016565529673,1.0609356694577154,0.7975326105952263,0.4736247807741165,0.679187769293785
fine_control,53,polygonal_holes,103,private-source://routeA_experiments/data/prospective_ood_rd_hddm_alpha001_v2/polygonal_holes/sample_0103.npz,31c2e4b05f2f012dc480a56d1b1cc60ea8f4b239b39e292c8f0a6dac54ebd19b,0.0036378749646246433,0.07897606382079403,0.9524336040451539,0.7553898096084595,0.40344812721014023,0.6113772067800164
fine_control,53,polygonal_holes,104,private-source://routeA_experiments/data/prospective_ood_rd_hddm_alpha001_v2/polygonal_holes/sample_0104.npz,9eb06fccb4a1502bf602c71b5f5036161537259059eb86654e50a1438639f459,0.003635959990788251,0.05098390957421442,0.42357041659550837,0.5856337621808052,0.23913672436028718,0.3237316578626632
fine_control,53,polygonal_holes,105,private-source://routeA_experiments/data/prospective_ood_rd_hddm_alpha001_v2/polygonal_holes/sample_0105.npz,95cbcc94abd4de91c834c528dda2319a03fb7099f469d400f93c5b03afcbc4a8,0.0036909329937770963,0.07892732378080555,0.8292668553453678,0.6630027815699577,0.44948497265577314,0.5879308525100351
fine_control,53,polygonal_holes,106,private-source://routeA_experiments/data/prospective_ood_rd_hddm_alpha001_v2/polygonal_holes/sample_0106.npz,98106d828e41a1c5eb346df2a0b0a1e1e58665b84eceba9935ef6099e5563495,0.003676523978356272,0.09940979698535031,1.6573721287554368,0.8689045906066895,0.5478922579437493,0.6729992064693943
fine_control,53,polygonal_holes,107,private-source://routeA_experiments/data/prospective_ood_rd_hddm_alpha001_v2/polygonal_holes/sample_0107.npz,9cbd0d60ca7ebba2116f8c16d91b310978edea4d0da468204842b7a23670a89d,0.003649331978522241,0.08578556938934216,1.0269247655322338,1.003476504702121,0.4534968242049217,0.6312479564920067
fine_control,53,polygonal_holes,108,private-source://routeA_experiments/data/prospective_ood_rd_hddm_alpha001_v2/polygonal_holes/sample_0108.npz,b9853bfdbfac230c0bfabbae3453e3f905065de73973a4e6e03d679b043f8a93,0.0036342490348033607,0.06762503957497554,0.6629363780691718,0.5806092694401741,0.3221230562776327,0.42741527900099746
fine_control,53,polygonal_holes,109,private-source://routeA_experiments/data/prospective_ood_rd_hddm_alpha001_v2/polygonal_holes/sample_0109.npz,ad81e157b0fe4b56f9cb232ff544261abab7b40e2fd40998cf5365e8c2ecbf9c,0.00364766304846853,0.1004502969988334,1.567857233507397,0.9397770389914513,0.5384713469538838,0.6293000635504722
fine_control,53,polygonal_holes,110,private-source://routeA_experiments/data/prospective_ood_rd_hddm_alpha001_v2/polygonal_holes/sample_0110.npz,2379cde8dfcb4012259c110621bb82cac632e8758fc6470fc5fb50c0d6567705,0.0037495020078495145,0.07726926958904853,0.840417531797063,0.6806014478206635,0.4187103733420372,0.5565774388611316
fine_control,53,polygonal_holes,111,private-source://routeA_experiments/data/prospective_ood_rd_hddm_alpha001_v2/polygonal_holes/sample_0111.npz,e77470dcfcba1f6bdb33c318c2e6cecb38ae797f62d39e0bb08e7a08dd6e974a,0.003668220015242696,0.06981933088770373,0.7925787902671534,0.7999528273940086,0.4008847694844007,0.5375648294389248
fine_control,53,polygonal_holes,112,private-source://routeA_experiments/data/prospective_ood_rd_hddm_alpha001_v2/polygonal_holes/sample_0112.npz,88df74d2052fa5cb450aa5d9be2814b467df7bbe8db5582a180089122655cee2,0.003716288018040359,0.057120820956312046,0.5097869622599971,0.5392748564481735,0.285555000603199,0.37024115443229677
fine_control,53,polygonal_holes,113,private-source://routeA_experiments/data/prospective_ood_rd_hddm_alpha001_v2/polygonal_holes/sample_0113.npz,3a1fa1b65775b0275cf639b12a72525a77828d847796be0e003df1bdbad952ec,0.003639920032583177,0.06082282578699177,0.5714621129465298,0.5187599062919617,0.3344739302992821,0.46012659925967453
fine_control,53,polygonal_holes,114,private-source://routeA_experiments/data/prospective_ood_rd_hddm_alpha001_v2/polygonal_holes/sample_0114.npz,ee8527e088d5dac6fcb1c475159e6c302f9ad53ec6da27fe11138620a0ca68fd,0.003624970035161823,0.09306709782594592,0.9395503006750178,0.738412469625473,0.4824964866042137,0.6100492939352988
fine_control,53,polygonal_holes,115,private-source://routeA_experiments/data/prospective_ood_rd_hddm_alpha001_v2/polygonal_holes/sample_0115.npz,f7ffa5978118fd94c3600a0f477fa283eca44223a4090163c2e4bf5b6bcf3f85,0.003665989963337779,0.05662846710731679,0.5306220226724544,0.5166322290897369,0.2537446603178978,0.41161506474018095
fine_control,53,polygonal_holes,116,private-source://routeA_experiments/data/prospective_ood_rd_hddm_alpha001_v2/polygonal_holes/sample_0116.npz,40826f4a1aca3233236ea6a2e03d2f7953a031f2a735af2bc36b9a978760b21d,0.0036261319764889777,0.08685128078365943,0.9748153421121108,0.8620033636689186,0.44072261974215504,0.6027162653580307
fine_control,53,polygonal_holes,117,private-source://routeA_experiments/data/prospective_ood_rd_hddm_alpha001_v2/polygonal_holes/sample_0117.npz,e1cd5ab17ebc52bc630594c80acdbe1ac1cf83a82b72806653c360f585aa540a,0.003698992950376123,0.07264691417558948,0.6507992411180094,0.5489535629749298,0.3856893938034772,0.5076486977934838
fine_control,53,polygonal_holes,118,private-source://routeA_experiments/data/prospective_ood_rd_hddm_alpha001_v2/polygonal_holes/sample_0118.npz,e0b81737032bd6118a094dfd0c6797f942b4d7ff21e1c6636fe9e0c0fa7456e2,0.003650367958471179,0.05409229971330787,0.5366877144423905,0.6519419252872467,0.24764497466385363,0.40129425212740893
fine_control,53,polygonal_holes,119,private-source://routeA_experiments/data/prospective_ood_rd_hddm_alpha001_v2/polygonal_holes/sample_0119.npz,274e7d80ddc1fb4c43974f1671c4b357b5fd97510b63ae2caa29395f57fb9bd2,0.004044880974106491,0.09540689765201137,0.9760598907434967,0.7494388222694397,0.5054611694999038,0.6423408245109021
fine_control,53,polygonal_holes,120,private-source://routeA_experiments/data/prospective_ood_rd_hddm_alpha001_v2/polygonal_holes/sample_0120.npz,a6dd086ec33a9883183e8a146acf4fded479067a6034fee0630258588079fc8d,0.003760635037906468,0.05779609788827631,0.5791289287510201,0.6249610185623169,0.25784197552129623,0.4552290974557399
fine_control,53,polygonal_holes,121,private-source://routeA_experiments/data/prospective_ood_rd_hddm_alpha001_v2/polygonal_holes/sample_0121.npz,ac81dd72fd79f7e2354039b8d04c60f5f5bbfca723e2447359de622ff26efbb1,0.0036523869493976235,0.09387809909865395,1.3897181267844343,0.8898842707276344,0.5156847340986133,0.662687870953232
fine_control,53,polygonal_holes,122,private-source://routeA_experiments/data/prospective_ood_rd_hddm_alpha001_v2/polygonal_holes/sample_0122.npz,759193356a467c09e2b8edbb533e17359fce60da51877df5de5350a541b599c5,0.003629856975749135,0.09019855800645726,1.075016071418874,0.7612703442573547,0.47504891064017996,0.6276058636046946
fine_control,53,polygonal_holes,123,private-source://routeA_experiments/data/prospective_ood_rd_hddm_alpha001_v2/polygonal_holes/sample_0123.npz,043378324eecf8d22f90a8b04f7e31a6758753cb437e9e0dfbe72c96271d4ff4,0.003637671994511038,0.042630742945408806,0.3461159361265641,0.552574872970581,0.19845862514339382,0.32645327627658843
fine_control,53,polygonal_holes,124,private-source://routeA_experiments/data/prospective_ood_rd_hddm_alpha001_v2/polygonal_holes/sample_0124.npz,cd51fc274b14dfb5fac39f5cfe064e526357b88b7d094e98b25666df1b414ebf,0.0036467289901338518,0.07609988624759113,0.6837168901220875,0.694184809923172,0.3999712610617279,0.5704745439067481
fine_control,53,polygonal_holes,125,private-source://routeA_experiments/data/prospective_ood_rd_hddm_alpha001_v2/polygonal_holes/sample_0125.npz,ed9c8de9705fd444fe459e4bfda13bcb047be60ede95d8334f14a4765b9738c1,0.0036364940460771322,0.08456167153149456,0.8734904953106888,0.7911523878574371,0.4770377497188747,0.5968676039204
fine_control,53,polygonal_holes,126,private-source://routeA_experiments/data/prospective_ood_rd_hddm_alpha001_v2/polygonal_holes/sample_0126.npz,665752506b08a3f3e3fe30b2921a1800be6cc7503caeb2bbb5078b9732f246a1,0.0036951120127923787,0.08987123724393162,0.8838113770325372,0.7602118253707886,0.4801953729242086,0.5890677837282419
fine_control,53,polygonal_holes,127,private-source://routeA_experiments/data/prospective_ood_rd_hddm_alpha001_v2/polygonal_holes/sample_0127.npz,c816a31178bdc5d064cf91181e9c7932847ba43e355ab3c1d6ccd62738e6e38a,0.003639815025962889,0.08484242530273049,0.9385105110598073,0.7961857989430428,0.44584840061143033,0.6051763197034598
fine_control,53,polygonal_holes,128,private-source://routeA_experiments/data/prospective_ood_rd_hddm_alpha001_v2/polygonal_holes/sample_0128.npz,1ff4fae644b7094e6f782b7b687fd6b1fbd82aac67e72ea7769b3fb09fa6e48f,0.003925141994841397,0.07122946732451384,0.6631150625122951,0.6255262196063995,0.3910702466964721,0.537119824513793
fine_control,53,polygonal_holes,129,private-source://routeA_experiments/data/prospective_ood_rd_hddm_alpha001_v2/polygonal_holes/sample_0129.npz,304ae224f67a5af8163de1ab49c40dd4fedca4580b143be96af616abffc6891f,0.0036967049818485975,0.07960678023762789,0.8424066661396199,0.7524377182126045,0.4039139155298471,0.5008116210997104
fine_control,53,polygonal_holes,130,private-source://routeA_experiments/data/prospective_ood_rd_hddm_alpha001_v2/polygonal_holes/sample_0130.npz,e1ce49f7ee7274aa7c46a7774918dbf0b33c86fdbf83110ebf21a577b52b49c2,0.003635191998910159,0.059044573715697546,0.5540683849959142,0.5810328684747219,0.28770554382354013,0.4252598526328802
fine_control,53,polygonal_holes,131,private-source://routeA_experiments/data/prospective_ood_rd_hddm_alpha001_v2/polygonal_holes/sample_0131.npz,ed41aea98fee101c256811beb8de8b6cd7eaa2613cc541b40b00b980b3f85711,0.0036855749785900116,0.04534043495899217,0.38532638528953067,0.49054232239723206,0.2135696977376938,0.3047079012542963
fine_control,53,polygonal_holes,132,private-source://routeA_experiments/data/prospective_ood_rd_hddm_alpha001_v2/polygonal_holes/sample_0132.npz,f6a02e95496e34f2bd023b24cbfad8d8efcd430331804e20e35c1a3a87b3105a,0.0036742869997397065,0.0865169277118121,0.8417619784938265,0.7823867797851562,0.45506370887160297,0.5779005115479231
fine_control,53,polygonal_holes,133,private-source://routeA_experiments/data/prospective_ood_rd_hddm_alpha001_v2/polygonal_holes/sample_0133.npz,2d0b9657c30dbaee8ac6254ea143fd42d06b5d9334a9daae61f959b4d768189d,0.003644168027676642,0.06968126547153183,0.7893484306134044,0.8379224315285683,0.42875374797731636,0.551149797476828
fine_control,53,polygonal_holes,134,private-source://routeA_experiments/data/prospective_ood_rd_hddm_alpha001_v2/polygonal_holes/sample_0134.npz,6fc1d8ad41d98e5533dcb17000bd621df4413b0bc230e17a01f9f1042863dc00,0.0036678320029750466,0.055718208170029836,0.4772572658723892,0.5570285841822624,0.2754751104861497,0.39275261163711545
fine_control,53,polygonal_holes,135,private-source://routeA_experiments/data/prospective_ood_rd_hddm_alpha001_v2/polygonal_holes/sample_0135.npz,5f7f06f2a09a51cb1bdbf1f8f76c7dcebd7292b16ad5d06e2bd7e5e2a241a7b4,0.0036539739812724292,0.1020671404596798,1.5219389711267701,0.8136870265007019,0.5481102225370704,0.6392044837027787
fine_control,53,polygonal_holes,136,private-source://routeA_experiments/data/prospective_ood_rd_hddm_alpha001_v2/polygonal_holes/sample_0136.npz,00531c0b831dc08973faac55a2933c5636dd9ca8276c59ce5b933fd5d249b087,0.004048675007652491,0.06287219570146198,0.5452177244647515,0.6218388415873051,0.34846280775964256,0.513783041536808
fine_control,53,polygonal_holes,137,private-source://routeA_experiments/data/prospective_ood_rd_hddm_alpha001_v2/polygonal_holes/sample_0137.npz,d001d2eb3c3220ffed4f07f5378b2f2433947704e933286823ec2f721961990d,0.004065858025569469,0.0816472368791968,0.783582504786843,0.7299197018146515,0.42317957431077957,0.5526441971212626
fine_control,53,polygonal_holes,138,private-source://routeA_experiments/data/prospective_ood_rd_hddm_alpha001_v2/polygonal_holes/sample_0138.npz,f220ed2d2bb7df025848597f7eaca2bacd1707ff56291afdc47c8afdf6b2c8b5,0.003652343002613634,0.06889713119467047,0.5645086909363388,0.6030633822083473,0.34438850739970794,0.49112765073776243
fine_control,53,polygonal_holes,139,private-source://routeA_experiments/data/prospective_ood_rd_hddm_alpha001_v2/polygonal_holes/sample_0139.npz,17b888ed07f6657c9849c552aad413cfe46048c4c7895f05178724c0fa7f87ca,0.003657439025118947,0.08933832332752648,1.0017211866531812,0.7994697466492653,0.5054709386080504,0.6307144609093666
fine_control,53,polygonal_holes,140,private-source://routeA_experiments/data/prospective_ood_rd_hddm_alpha001_v2/polygonal_holes/sample_0140.npz,e02540d429db3b7126f4bff11bc5fa61a336ec8a85e95e0c1221371ba5a47ef6,0.004049408948048949,0.09510944796890372,1.2640420186407526,0.7773866653442383,0.5051744297146796,0.615401742234826
fine_control,53,polygonal_holes,141,private-source://routeA_experiments/data/prospective_ood_rd_hddm_alpha001_v2/polygonal_holes/sample_0141.npz,bb22d84f5f6c83f45e1de2d4ab15f3186ec26d2a148f8904619bdd7a66c8171f,0.004043665016070008,0.06731625984082383,0.7248650726492721,0.6475563049316406,0.3819244153797626,0.5344740631431341
fine_control,53,polygonal_holes,142,private-source://routeA_experiments/data/prospective_ood_rd_hddm_alpha001_v2/polygonal_holes/sample_0142.npz,a1cc8c41b7c1a468be244e07ec2ff48e53d77459c7644d4e6eb2022f904ed782,0.0040353560470975935,0.09292115092278992,1.1423750486817361,0.9904273524880409,0.4838416621088981,0.6254231640510259
fine_control,53,polygonal_holes,143,private-source://routeA_experiments/data/prospective_ood_rd_hddm_alpha001_v2/polygonal_holes/sample_0143.npz,4b97a95ed4fe7c8cb1b5fa7d4ef80edede472fcfc57e6cfa5eadb9c8a4df27a5,0.003682242997456342,0.10792469963332009,1.6942479204605831,0.8562720343470573,0.5665072633419186,0.6473814147524536
fine_control,53,polygonal_holes,144,private-source://routeA_experiments/data/prospective_ood_rd_hddm_alpha001_v2/polygonal_holes/sample_0144.npz,3acfb67f378c2daf8e69098ba9558f45f6fc6a8a6e8672333f2e8c054a6bc2bf,0.003654208965599537,0.09536284278727793,1.4103032415528018,0.943751223385334,0.5143854808062313,0.6496691369637847
fine_control,53,polygonal_holes,145,private-source://routeA_experiments/data/prospective_ood_rd_hddm_alpha001_v2/polygonal_holes/sample_0145.npz,b65d0851c245b707a2ac32228f305f7569c9d1859d64e5f4927b75c27e5a7c2b,0.0036473210202530026,0.08517731881821192,0.7920494640202818,0.7519780695438385,0.44830300025641917,0.5517759525030851
fine_control,53,polygonal_holes,146,private-source://routeA_experiments/data/prospective_ood_rd_hddm_alpha001_v2/polygonal_holes/sample_0146.npz,201b532444ea007bfb07628e9165c885156dffac34abbcb9c7006c661f8345f2,0.003643558011390269,0.07511366774524807,0.799216198809495,0.6759588718414307,0.41921637570485465,0.5357644448429346
fine_control,53,polygonal_holes,147,private-source://routeA_experiments/data/prospective_ood_rd_hddm_alpha001_v2/polygonal_holes/sample_0147.npz,d9d3e2c0e75e05c8d6a983a93cdbeec7eefce5027ca61ee3fe73ed223cb22f7a,0.0036265170201659203,0.09882921626506244,1.0248179660008854,0.8166131377220154,0.494976885523647,0.6690971326082945
fine_control,53,polygonal_holes,148,private-source://routeA_experiments/data/prospective_ood_rd_hddm_alpha001_v2/polygonal_holes/sample_0148.npz,fed8390888705bfd8ae6d9f074b0386d8310a40128ec7eed3742e6689c9930f5,0.0036659010220319033,0.06618214950038742,0.6355362168624417,0.5333960056304932,0.3575369089841842,0.4877935419976711
fine_control,53,polygonal_holes,149,private-source://routeA_experiments/data/prospective_ood_rd_hddm_alpha001_v2/polygonal_holes/sample_0149.npz,1fc1409b3b58a0ee4fe9462eb8610281be13a9e52d04be45b8155c8b093b6826,0.00364119402365759,0.06248185409696412,0.5284441185445737,0.528359055519104,0.3095771878957748,0.42560174554586405
fine_control,53,polygonal_holes,150,private-source://routeA_experiments/data/prospective_ood_rd_hddm_alpha001_v2/polygonal_holes/sample_0150.npz,2757539f9ec46c666cbf7b9c228a40503df7a8a8f2124fac5c87a43bd9ed14dc,0.0037298190291039646,0.09174338098366346,1.4548880770425021,0.8695423528552055,0.516797032393515,0.5822216035425662
fine_control,53,polygonal_holes,151,private-source://routeA_experiments/data/prospective_ood_rd_hddm_alpha001_v2/polygonal_holes/sample_0151.npz,891875b4effc70758dab8ca57b0d6819863a7b492d90d1bfdb2bd22bc48d0cad,0.004129628010559827,0.08848070518765275,0.8990459790420985,0.7909185290336609,0.5133335946127772,0.6786309584975242
fine_control,53,polygonal_holes,152,private-source://routeA_experiments/data/prospective_ood_rd_hddm_alpha001_v2/polygonal_holes/sample_0152.npz,56b12d3d13026cd3288b7c1885cbd85b8a1bc4dc3f9807dd8858aa67d50f721d,0.0040534299914725125,0.08624628888349403,0.8408089996394703,0.7322717905044556,0.43693314916454246,0.5785650744102895
fine_control,53,polygonal_holes,153,private-source://routeA_experiments/data/prospective_ood_rd_hddm_alpha001_v2/polygonal_holes/sample_0153.npz,af02edfbeda154165dee016399e47068fbe6b8c0e34593331fe7bf97c763c6ed,0.0036771480226889253,0.059681432056388276,0.4628701590765318,0.5702474936842918,0.2749841164797544,0.38412995278835294
fine_control,53,polygonal_holes,154,private-source://routeA_experiments/data/prospective_ood_rd_hddm_alpha001_v2/polygonal_holes/sample_0154.npz,9f4d2ecf074b40c504140d8737b60ab86136700c126bd6eada3ce22b6faeb44d,0.0036575259873643517,0.10112774458824007,1.8838394932789444,0.9385092779994011,0.5709024423034861,0.6723823630681727
fine_control,53,polygonal_holes,155,private-source://routeA_experiments/data/prospective_ood_rd_hddm_alpha001_v2/polygonal_holes/sample_0155.npz,b861e6158554f60e3b28f76ec9b128a9430ba6efcbba4fe54c56e55939f03657,0.0037527760141529143,0.07134102861144274,0.6843478768154178,0.6200140938162804,0.3501981951296329,0.4811932963132858
fine_control,53,polygonal_holes,156,private-source://routeA_experiments/data/prospective_ood_rd_hddm_alpha001_v2/polygonal_holes/sample_0156.npz,14ef70e1036b06a4abd5ecf0c058f87e16a946222fa519b8f637fc45a36d83e7,0.0036451449850574136,0.06543416948840887,0.630679992410372,0.521895132958889,0.34108005389571155,0.4861302304267883
fine_control,53,polygonal_holes,157,private-source://routeA_experiments/data/prospective_ood_rd_hddm_alpha001_v2/polygonal_holes/sample_0157.npz,43dda95c9977101aa286a63d0342e83b3917f584fe93b176f50bf6a8863ee6ed,0.0036371140158735216,0.061036172429855165,0.5468164897641502,0.5926394388079643,0.2888159749098122,0.49759259596467015
fine_control,53,polygonal_holes,158,private-source://routeA_experiments/data/prospective_ood_rd_hddm_alpha001_v2/polygonal_holes/sample_0158.npz,d857465c10a280a070d862005f23339c491f8fbd2446b9a5938d6bcd7a0b3a1a,0.003642352996394038,0.06338576414622069,0.6920061383052386,0.6899235546588898,0.2689869118854403,0.48585180833935737
fine_control,53,polygonal_holes,159,private-source://routeA_experiments/data/prospective_ood_rd_hddm_alpha001_v2/polygonal_holes/sample_0159.npz,f59261ba874c415e72210524ff86466ef1835ff128db62c36864a13b554ff470,0.0036436259979382157,0.07414629548994223,0.770528802832624,0.7547791227698326,0.3958123148418963,0.515199911557138
fine_control,53,polygonal_holes,160,private-source://routeA_experiments/data/prospective_ood_rd_hddm_alpha001_v2/polygonal_holes/sample_0160.npz,39068f5d74d06b40549535b8f9ac00e3990cbbfd5ed4bbbfc7773dab1ec0dbbe,0.003647024044767022,0.09290230949333035,1.0150010140765644,0.8781097456812859,0.47750903628766533,0.6444279975444078
fine_control,53,polygonal_holes,161,private-source://routeA_experiments/data/prospective_ood_rd_hddm_alpha001_v2/polygonal_holes/sample_0161.npz,e0831b7cf1e199a8bcddde4a7ba63fda2ec5358332f83876dc46e76b7a76fe72,0.003646747034508735,0.09563535413818013,1.2283635411860963,0.8016466200351715,0.5119353144429624,0.6105786671116948
fine_control,53,polygonal_holes,162,private-source://routeA_experiments/data/prospective_ood_rd_hddm_alpha001_v2/polygonal_holes/sample_0162.npz,b57aaa46bc4b1f2b322a5c732792b6b0b627be08d494a2d21be8f93f764c1355,0.0036757189664058387,0.07581743671102838,0.6980438471693171,0.6284994967281818,0.40082414411008355,0.546581765115261
fine_control,53,polygonal_holes,163,private-source://routeA_experiments/data/prospective_ood_rd_hddm_alpha001_v2/polygonal_holes/sample_0163.npz,1a3ca61d865205982770fbfd89f746ec95c9b76d83a2d8a357c31ac000e4dac4,0.004073447023984045,0.06299519888375268,0.5351692833038026,0.46599026024341583,0.29058795571327206,0.4163854721933603
fine_control,53,polygonal_holes,164,private-source://routeA_experiments/data/prospective_ood_rd_hddm_alpha001_v2/polygonal_holes/sample_0164.npz,5d1ee014dbbe40884070a5a39acff629da86c4954a0b4ab2c84a9004a2202fd6,0.003631683997809887,0.08947786278368265,1.4213192149441054,0.8183753564953804,0.5108247188851236,0.6491692677512765
fine_control,53,polygonal_holes,165,private-source://routeA_experiments/data/prospective_ood_rd_hddm_alpha001_v2/polygonal_holes/sample_0165.npz,259bca01e7e1d1c29bce2b41b1f1875945b910b6f1079e0f915a7977b1e9f893,0.003664716030471027,0.07314618118719864,0.7895743512435709,0.7253210321068764,0.38039479721337555,0.5527555222809315
fine_control,53,polygonal_holes,166,private-source://routeA_experiments/data/prospective_ood_rd_hddm_alpha001_v2/polygonal_holes/sample_0166.npz,3d0e83e51a41e5c75d0f593269bfee27d32a16acbae58e27343d22ebcff431fa,0.004046700021717697,0.07782809539356675,0.7687239314763735,0.8503572593908757,0.4061694659292697,0.5112802564166486
fine_control,53,polygonal_holes,167,private-source://routeA_experiments/data/prospective_ood_rd_hddm_alpha001_v2/polygonal_holes/sample_0167.npz,5a819bbcff1e88f2e84bade5f00f2f6aa0ce4917add5aa7ae2c972f7f2b2cd18,0.004073830030392855,0.07270913180007925,0.758487049102795,0.6369341313838959,0.3997207760810851,0.5582188207656145
fine_control,53,polygonal_holes,168,private-source://routeA_experiments/data/prospective_ood_rd_hddm_alpha001_v2/polygonal_holes/sample_0168.npz,a7cfabc5b8b40f9786fdf3721f364f746da39dc5df704ef1420678ea5be4ac01,0.004051516996696591,0.10087939441082659,1.211272275295491,0.8475427627563477,0.5561913360375911,0.6607697749882936
fine_control,53,polygonal_holes,169,private-source://routeA_experiments/data/prospective_ood_rd_hddm_alpha001_v2/polygonal_holes/sample_0169.npz,f8b53cb3fd333ee1cb8d8489fc281f46ff7543a5218086725429358ac90c93cd,0.004096204997040331,0.09956522794587026,1.0091102398256764,0.8079021871089935,0.5176174675114452,0.6579746868554502
fine_control,53,polygonal_holes,170,private-source://routeA_experiments/data/prospective_ood_rd_hddm_alpha001_v2/polygonal_holes/sample_0170.npz,531ec76af332ab8ef01be90231b69e059e9a8934f0f93d6913fbf46d169de030,0.00408644403796643,0.05942729571653722,0.5204415675274517,0.5442963168025017,0.3164217308163642,0.4123024985194206
fine_control,53,polygonal_holes,171,private-source://routeA_experiments/data/prospective_ood_rd_hddm_alpha001_v2/polygonal_holes/sample_0171.npz,947ccbec00e5e3b68cdd69f3e3e633bff7ae1f93b4726f7be992a025d3253c92,0.0036944550229236484,0.09609243403780868,0.9807371825438895,0.8498558700084686,0.49585702726617453,0.6788571652770042
fine_control,53,polygonal_holes,172,private-source://routeA_experiments/data/prospective_ood_rd_hddm_alpha001_v2/polygonal_holes/sample_0172.npz,8f15a2b58c17b5976e89c7be705afee763ca28bc4cc10a072fc3068929a6a3fa,0.003642085997853428,0.09027741050899901,1.0339484083610118,0.823847234249115,0.4566976625472307,0.5746956188976765
fine_control,53,polygonal_holes,173,private-source://routeA_experiments/data/prospective_ood_rd_hddm_alpha001_v2/polygonal_holes/sample_0173.npz,44717b5111981b568d6b881d94fc32b107d2c09e4f89110f752fe8fd098ba1a9,0.004103939980268478,0.07948211128910106,0.7365801152976824,0.7120737731456757,0.46781463027000403,0.5942381262779236
fine_control,53,polygonal_holes,174,private-source://routeA_experiments/data/prospective_ood_rd_hddm_alpha001_v2/polygonal_holes/sample_0174.npz,8b214cc2dccfbd9eeba4a0bbf1cf9592ace0d59fad777f0c1ef1da18aa1c1886,0.00404032098595053,0.06796495634462467,0.7027279516093337,0.6771882772445679,0.3528973550535736,0.47196056365966793
fine_control,53,polygonal_holes,175,private-source://routeA_experiments/data/prospective_ood_rd_hddm_alpha001_v2/polygonal_holes/sample_0175.npz,0704e3f9778f3aedbd42b0385e81de58d71e4c2be75d9f126126775ca2425f28,0.003642602008767426,0.05479704321422913,0.478697331528824,0.6498292684555054,0.2530744760297239,0.4219857391715049
fine_control,53,polygonal_holes,176,private-source://routeA_experiments/data/prospective_ood_rd_hddm_alpha001_v2/polygonal_holes/sample_0176.npz,a85484a8662f15305a5e709f13d1fa525a418acb00e7250756949427976b2dd8,0.0037511379923671484,0.08611192090694329,1.060750837214628,0.7363212406635284,0.4464604538865387,0.5823548493534326
fine_control,53,polygonal_holes,177,private-source://routeA_experiments/data/prospective_ood_rd_hddm_alpha001_v2/polygonal_holes/sample_0177.npz,e0a3dc9763664c7fd06c84abf04a136fb5cdfe6c731d8094dd3d83ab720c189f,0.0036690400447696447,0.09870984838580589,1.4377682750651526,0.7553389072418213,0.5372933853417633,0.6018154897168279
fine_control,53,polygonal_holes,178,private-source://routeA_experiments/data/prospective_ood_rd_hddm_alpha001_v2/polygonal_holes/sample_0178.npz,481ca6c6499705706c2f66d7e79f45ecb746cb561d6a77790784658abee41ffe,0.004081685969140381,0.08707218955593601,1.0034992687201538,0.8300759792327881,0.4865614536218345,0.6110329249501228
fine_control,53,polygonal_holes,179,private-source://routeA_experiments/data/prospective_ood_rd_hddm_alpha001_v2/polygonal_holes/sample_0179.npz,e4bc203a85df9f9977404e82f55cafb59262bc1ce46ea6ffe3b6aa2d04c126dc,0.004078708007000387,0.058090611926406584,0.5792502341659163,0.9882539305835962,0.2752024281769991,0.40587667435407637
fine_control,53,polygonal_holes,180,private-source://routeA_experiments/data/prospective_ood_rd_hddm_alpha001_v2/polygonal_holes/sample_0180.npz,81b84fdac3eccbe8d0928bc38881f8a0dd9d9e18b35f8f47b20caa177985fd3b,0.004045833018608391,0.09001991330368037,1.2065816009653436,0.8371115252375603,0.5258957327343523,0.6389417552947998
fine_control,53,polygonal_holes,181,private-source://routeA_experiments/data/prospective_ood_rd_hddm_alpha001_v2/polygonal_holes/sample_0181.npz,5b6cc5d652fa4a1c887c4b0c1e164cd672bb9f5061ad1afead3751e70b213514,0.004032794968225062,0.0722068831534034,0.7013055498864295,0.7987018749117851,0.3913523444905876,0.5040876986086368
fine_control,53,polygonal_holes,182,private-source://routeA_experiments/data/prospective_ood_rd_hddm_alpha001_v2/polygonal_holes/sample_0182.npz,30d7eccb6acfa738a9e0d813c59d9fc3e7a337f419dc39e253bd748b1985e200,0.0036443030112423003,0.09144045147419623,0.9724836767717367,0.7823856770992279,0.47399779427796596,0.5803358515724539
fine_control,53,polygonal_holes,183,private-source://routeA_experiments/data/prospective_ood_rd_hddm_alpha001_v2/polygonal_holes/sample_0183.npz,1373cf2f076ba6d96d76006b9bac7cafb13fe290e1c8db8eb0a021aa3ea6a877,0.0040589539567008615,0.07494645549249249,0.7032288765695978,0.5760375522077084,0.3906676990911364,0.5207000343501567
fine_control,53,polygonal_holes,184,private-source://routeA_experiments/data/prospective_ood_rd_hddm_alpha001_v2/polygonal_holes/sample_0184.npz,ea319e2f477b8255fcaca1a8e04826d40a2c73352b1e4d184424b4c62b2442f5,0.0036538729909807444,0.07344304286836967,0.8213951737396138,0.7221599444746971,0.4232456624507901,0.5591899584978819
fine_control,53,polygonal_holes,185,private-source://routeA_experiments/data/prospective_ood_rd_hddm_alpha001_v2/polygonal_holes/sample_0185.npz,d003b9495650cf787afd4d3ddc6d86135228d769f54ad6312a6280421a596e3a,0.003655031032394618,0.10923144547107655,1.6313291579241669,0.8606594800949097,0.5842089622747153,0.6698112744838
fine_control,53,polygonal_holes,186,private-source://routeA_experiments/data/prospective_ood_rd_hddm_alpha001_v2/polygonal_holes/sample_0186.npz,842bbbe7603fa9c66898e0d3e41112951c43fa2013c25eff012bda7d90c34fc1,0.004090813046786934,0.09140998716960537,1.4041322020380416,0.7515998482704163,0.5064693757798522,0.6227308769524097
fine_control,53,polygonal_holes,187,private-source://routeA_experiments/data/prospective_ood_rd_hddm_alpha001_v2/polygonal_holes/sample_0187.npz,cb2d55c7982505cee18ae54c10f3a2561c5ffa076d5725faf703948555a281cd,0.0036604040069505572,0.10931021112858866,1.916808674775148,0.9369082823395729,0.5808269292116165,0.6589256758219562
fine_control,53,polygonal_holes,188,private-source://routeA_experiments/data/prospective_ood_rd_hddm_alpha001_v2/polygonal_holes/sample_0188.npz,f3741286ab69ced697a71881032f01ee4b24b51cbaa12f72c9ef12b3e4744498,0.0040399019489996135,0.05210960987757971,0.3992289684604905,0.6493829786777496,0.24376709006319286,0.35611366927623744
fine_control,53,polygonal_holes,189,private-source://routeA_experiments/data/prospective_ood_rd_hddm_alpha001_v2/polygonal_holes/sample_0189.npz,f7b805f25ec992fb94efd23e0f85f979f2cf9c135f8ef20d0de20cb17df22844,0.003718066029250622,0.10932777375567083,1.845347890256907,0.9133957400918007,0.5982110289856791,0.6742211924912408
fine_control,53,polygonal_holes,190,private-source://routeA_experiments/data/prospective_ood_rd_hddm_alpha001_v2/polygonal_holes/sample_0190.npz,dc1bbc2f69c79f99ee4574dff06f98bba6eb04d44fc3565781bf40b6efbb07e5,0.0040707350126467645,0.09397229769215161,0.9195166717227363,0.768986850976944,0.5200148777104914,0.6104262831434607
fine_control,53,polygonal_holes,191,private-source://routeA_experiments/data/prospective_ood_rd_hddm_alpha001_v2/polygonal_holes/sample_0191.npz,f796f17a8112fa44e52a0f1a214586fb75df4a586120fd92593085ab7070cedd,0.0036703820223920047,0.06421481921395512,0.5724919997088534,0.6194863356649876,0.3376235741190612,0.45258681870996953
fine_control,53,polygonal_holes,192,private-source://routeA_experiments/data/prospective_ood_rd_hddm_alpha001_v2/polygonal_holes/sample_0192.npz,dda32192ec953c5b2b30b9664a031c0b2c32c18898206a837abd68a848dc6560,0.0036710200365632772,0.05434151189178945,0.5060346785621564,0.5521625354886055,0.2493484988808632,0.3558035062998533
fine_control,53,polygonal_holes,193,private-source://routeA_experiments/data/prospective_ood_rd_hddm_alpha001_v2/polygonal_holes/sample_0193.npz,a0ecfb23ec91938da78978e535237a93cd3cdb1418404474f7a4b8e5e18ecb0e,0.0036416870425455272,0.0688297731415595,0.5757292005695099,0.616575300693512,0.35029822289943685,0.522325342297554
fine_control,53,polygonal_holes,194,private-source://routeA_experiments/data/prospective_ood_rd_hddm_alpha001_v2/polygonal_holes/sample_0194.npz,41a07014c34cd5ab4b6bf8fb836e352f25011d3d9ee8ab7718601b8708c98a50,0.0036360369995236397,0.046094516988097085,0.37628486679477785,0.480258584022522,0.2173329308629036,0.30587703973054886
fine_control,53,polygonal_holes,195,private-source://routeA_experiments/data/prospective_ood_rd_hddm_alpha001_v2/polygonal_holes/sample_0195.npz,bd513e0febd4c5373d80e2b7dcdd2b9486ed4ac7e6bc9ee5eb9dc273983b9ffe,0.004057902027852833,0.1061607734552233,1.6752702529228871,0.8832531347870827,0.5727117359172552,0.6767943490133621
fine_control,53,polygonal_holes,196,private-source://routeA_experiments/data/prospective_ood_rd_hddm_alpha001_v2/polygonal_holes/sample_0196.npz,cb48f01e7dd800b18ce7cbe2c18858c2d9a44d38e5be7cf20f5254eafdbd0bf2,0.003679780988022685,0.080840901570463,0.8555239720836986,0.7281886637210846,0.47854693681001625,0.5869287494197487
fine_control,53,polygonal_holes,197,private-source://routeA_experiments/data/prospective_ood_rd_hddm_alpha001_v2/polygonal_holes/sample_0197.npz,d9edb4456fdfb320e3e8eddde4e164e04f26d3682accae421c9cb62372882d05,0.003635737986769527,0.062213948989156304,0.5473488385466175,0.5219459682703018,0.34668693952262397,0.40736216843128203
fine_control,53,polygonal_holes,198,private-source://routeA_experiments/data/prospective_ood_rd_hddm_alpha001_v2/polygonal_holes/sample_0198.npz,2bb222fb19e2658b1507bbec54c6820e146fa9b42297978674b5e3f02f9f1c57,0.003686838026624173,0.06447231314363408,0.6314937396039721,0.5737780332565308,0.36887854635715484,0.5025387311726809
fine_control,53,polygonal_holes,199,private-source://routeA_experiments/data/prospective_ood_rd_hddm_alpha001_v2/polygonal_holes/sample_0199.npz,2eec775368a54d0cff3644f18d86a5d5b2aa3329ce09ee599ee904145cc74303,0.003679063986055553,0.04801002704335562,0.40196616859299217,0.45567329227924347,0.2153090551495552,0.3150324469059705
fine_control,53,star_concave,0,private-source://routeA_experiments/data/prospective_ood_rd_hddm_alpha001_v2/star_concave/sample_0000.npz,009d2bb9aad63b794132f3b8fa2904650b88fb7b6b2d61561be4048deacc458b,0.16781704302411526,0.11551166224089122,0.7312674273338567,0.6220234930515289,0.45170711725950236,0.5103701457381248
fine_control,53,star_concave,1,private-source://routeA_experiments/data/prospective_ood_rd_hddm_alpha001_v2/star_concave/sample_0001.npz,4e70bd655e98ee3d6e109ea5eb742794f0fa72f85104a738094fee80b6acaf70,0.0038676189724355936,0.09422555338878469,0.45818163612926804,0.6951328739523888,0.3090624250471592,0.43231827244162613
fine_control,53,star_concave,2,private-source://routeA_experiments/data/prospective_ood_rd_hddm_alpha001_v2/star_concave/sample_0002.npz,fb14453d8d3f30cf873c46a5e14b387674862f03260073cd0d05ebb7cb7f1faa,0.0036133459652774036,0.12998696673916474,0.8547248754019012,0.7170959413051605,0.44551744088530537,0.6244738307595255
fine_control,53,star_concave,3,private-source://routeA_experiments/data/prospective_ood_rd_hddm_alpha001_v2/star_concave/sample_0003.npz,7b84face7333f39614fc62902f773a61730f623c80ef7fa990749cc5c4756204,0.0039290100103244185,0.0900856559282227,0.5264476227293259,0.5371623039245605,0.3584300607442856,0.4598228174448015
fine_control,53,star_concave,4,private-source://routeA_experiments/data/prospective_ood_rd_hddm_alpha001_v2/star_concave/sample_0004.npz,51a91eacf8ce921d71c6041d09cfae819f22d841cf2ffd3c2df664040d51186e,0.003432110999710858,0.10920915636164906,0.5230250425522349,0.6770961061120033,0.4110147535800934,0.4806816577911378
fine_control,53,star_concave,5,private-source://routeA_experiments/data/prospective_ood_rd_hddm_alpha001_v2/star_concave/sample_0005.npz,6e222ada1b7d437bd5643c1ff273ebd5652f1f27b6415d45a1958ab41cdbedf5,0.003935888002160937,0.07566601230568062,0.3730909504731393,0.4195166528224945,0.316476023197174,0.39750994741916656
fine_control,53,star_concave,6,private-source://routeA_experiments/data/prospective_ood_rd_hddm_alpha001_v2/star_concave/sample_0006.npz,b575a4b1e23727607195accc5ab1eb6869a2fe6423bab8f28602429896d7ffb8,0.0036795010091736913,0.06985462037926018,0.3510938890548418,0.4289519637823105,0.26472076848149284,0.33040333539247513
fine_control,53,star_concave,7,private-source://routeA_experiments/data/prospective_ood_rd_hddm_alpha001_v2/star_concave/sample_0007.npz,f97196e6f221830b1e3373486ee49466c07c1eb5991df8cbb16605589a488f5d,0.0035154649522155523,0.10885800970848941,0.6022480769678027,0.8631677329540253,0.3681772001087665,0.46611233823001386
fine_control,53,star_concave,8,private-source://routeA_experiments/data/prospective_ood_rd_hddm_alpha001_v2/star_concave/sample_0008.npz,244ac733232159a2a5cf34edfc0a50b5a2b69b36712de1f4063f137198172f85,0.0034293170319870114,0.07997238112822419,0.41327381049727496,0.45580069720745087,0.29260638579726217,0.37004578962922113
fine_control,53,star_concave,9,private-source://routeA_experiments/data/prospective_ood_rd_hddm_alpha001_v2/star_concave/sample_0009.npz,865cc26d2e038bce27105da09cc105452f707c4d4a4472925cb326eed10ece20,0.0034803300513885915,0.09746984384770571,0.5447086866334322,0.5258793830871582,0.3666617467999458,0.46065408259630203
fine_control,53,star_concave,10,private-source://routeA_experiments/data/prospective_ood_rd_hddm_alpha001_v2/star_concave/sample_0010.npz,1f4c91ba0f07fa9f6a175cb7d943878655d47fdbdb5f2efeac3ac31f77329fcd,0.003969479992520064,0.08864100874275588,0.46992878527903015,0.45755209028720856,0.344372421503067,0.4293799549341202
fine_control,53,star_concave,11,private-source://routeA_experiments/data/prospective_ood_rd_hddm_alpha001_v2/star_concave/sample_0011.npz,d05537de94b82a7904e0ead39deb6c54104c0ef42cea8bd4e9988913d494a83b,0.003981658024713397,0.10951560676054976,0.7065335101636105,0.6814145147800446,0.45266808271408054,0.521998374462128
fine_control,53,star_concave,12,private-source://routeA_experiments/data/prospective_ood_rd_hddm_alpha001_v2/star_concave/sample_0012.npz,847d2b1c823f4408679f58979310ced7f8afe8a4c3b19a24d4319e73d2076d28,0.003856927971355617,0.10415797346201824,0.6001580277580674,0.6497946083545685,0.34135422110557556,0.5260265636444087
fine_control,53,star_concave,13,private-source://routeA_experiments/data/prospective_ood_rd_hddm_alpha001_v2/star_concave/sample_0013.npz,3fe68d6905e52aed96d1f6f6f4cbe94d1f51a46ec4751e2c26ac9892e870ac18,0.003359704976901412,0.09248043036728766,0.4110345935514295,0.47748246788978577,0.33616966009140004,0.4030606061220167
fine_control,53,star_concave,14,private-source://routeA_experiments/data/prospective_ood_rd_hddm_alpha001_v2/star_concave/sample_0014.npz,98f86dc2bf4c9917d734d87999b0e333966cb92d96944b9e3a10a574bc3370b9,0.003819000965449959,0.13295904597281397,1.1706480717249492,0.8152909874916077,0.5355108439922333,0.5741901648044586
fine_control,53,star_concave,15,private-source://routeA_experiments/data/prospective_ood_rd_hddm_alpha001_v2/star_concave/sample_0015.npz,fba340201e6025122f0cb1aa5a625e4ebb7a3504c0f9bf568c4b44c2453eab2f,0.0038659509737044573,0.08587401792156515,0.4228133776192718,0.49903298169374466,0.29700673222541796,0.36529450699687027
fine_control,53,star_concave,16,private-source://routeA_experiments/data/prospective_ood_rd_hddm_alpha001_v2/star_concave/sample_0016.npz,11c4e40719a66e3ebb706e7cb800f94d382019f44e94ec85fe48ea3ec624cc4b,0.003454765013884753,0.11461549110317719,0.701152700122105,0.6116321086883545,0.4547338429838419,0.527888928353786
fine_control,53,star_concave,17,private-source://routeA_experiments/data/prospective_ood_rd_hddm_alpha001_v2/star_concave/sample_0017.npz,534607ed78b318ae68ab40a4d9a3980e1a5c64084762fc4b8475968cab9bb3bd,0.003411802987102419,0.1356947390630802,0.9381351894449784,0.6659791767597198,0.4602353870868683,0.6078358662128445
fine_control,53,star_concave,18,private-source://routeA_experiments/data/prospective_ood_rd_hddm_alpha001_v2/star_concave/sample_0018.npz,7adaa9e1f0617e585e5d168eb48820003ec9fc031681cd26516d363ffd04328d,0.0033961699809879065,0.09345720974102882,0.5236491346739836,0.5672970414161682,0.34054698981344694,0.46742674231529185
fine_control,53,star_concave,19,private-source://routeA_experiments/data/prospective_ood_rd_hddm_alpha001_v2/star_concave/sample_0019.npz,f3759305bef8481b2756c6d9ec9fee197aa11185d2fabb3a2e12ab02723ee5e0,0.003987831005360931,0.07233510590579435,0.3299967769671399,0.4044160395860672,0.28216321766376495,0.34500678479671487
fine_control,53,star_concave,20,private-source://routeA_experiments/data/prospective_ood_rd_hddm_alpha001_v2/star_concave/sample_0020.npz,dfd07f4fdae3c4b6150501a4e95619273fb09daa59e9478d21c8464a21d2ffc6,0.0034758870024234056,0.11639251411348102,0.7173835184136587,0.5960623025894165,0.41731274612247915,0.5050976222753526
fine_control,53,star_concave,21,private-source://routeA_experiments/data/prospective_ood_rd_hddm_alpha001_v2/star_concave/sample_0021.npz,3e932800183b8daa7efd551da65f2ff1400f15f2772817e610796baf64527c9a,0.003488222020678222,0.0907742106283589,0.46518252162380513,0.5747060775756836,0.3161184087395668,0.42769744992256187
fine_control,53,star_concave,22,private-source://routeA_experiments/data/prospective_ood_rd_hddm_alpha001_v2/star_concave/sample_0022.npz,e59220a03ee588f4d0e70933b8159e2126e45953cd84f648928aedb295e2d081,0.0034161650110036135,0.11042624729114452,0.5573622907779566,0.5432022958993912,0.4082282856106758,0.48082843691110594
fine_control,53,star_concave,23,private-source://routeA_experiments/data/prospective_ood_rd_hddm_alpha001_v2/star_concave/sample_0023.npz,17bae540596796b03e7a95a97ad0cf945587f7ff8e9f44c9cce961c2574b81b0,0.003297535004094243,0.1059068652218274,0.5451172424254068,0.6063339486718178,0.34155164659023285,0.4213607653975488
fine_control,53,star_concave,24,private-source://routeA_experiments/data/prospective_ood_rd_hddm_alpha001_v2/star_concave/sample_0024.npz,9f190b5fe5c1ddecf149bf3831ed66888f1e09a84d81196006c11f5c214d28c6,0.003479289007373154,0.11904593887932909,0.6299819339217265,0.5984832942485809,0.45048793554306016,0.5001451713591815
fine_control,53,star_concave,25,private-source://routeA_experiments/data/prospective_ood_rd_hddm_alpha001_v2/star_concave/sample_0025.npz,2add91952026915ae8ee90b1f1626a327209949a94357811791d4add186f8b6b,0.0034987550461664796,0.09347248596328604,0.4946581364975712,0.6213837638497353,0.3241509661078452,0.4214517684280878
fine_control,53,star_concave,26,private-source://routeA_experiments/data/prospective_ood_rd_hddm_alpha001_v2/star_concave/sample_0026.npz,7c60403165ae348c442df8620e166f060722ffe55139cb507fb6b3b0315acd67,0.0038381959893740714,0.10385680921526205,0.6600330625772103,0.6513613164424896,0.4320739738643169,0.5212863553315401
fine_control,53,star_concave,27,private-source://routeA_experiments/data/prospective_ood_rd_hddm_alpha001_v2/star_concave/sample_0027.npz,fcd28480ca1c369f591deb0760e991331bd2cf87de1f1ca707e06c2ffdf85715,0.003793683019466698,0.1026809192150965,0.555305566468665,0.49818357825279236,0.3928878255188464,0.4549679887294764
fine_control,53,star_concave,28,private-source://routeA_experiments/data/prospective_ood_rd_hddm_alpha001_v2/star_concave/sample_0028.npz,97d115498a24206fd9a94b8e6ea8743ffb7337ed20941efef291ca99b062fb3d,0.0034352250513620675,0.1302452465459549,0.844163521546555,0.7552034556865692,0.5021279655396937,0.5943772991746662
fine_control,53,star_concave,29,private-source://routeA_experiments/data/prospective_ood_rd_hddm_alpha001_v2/star_concave/sample_0029.npz,b912306c3e4cf84f055f4027c6cbc49c3fe645a5fc0bf485bb647d711e1ff63b,0.003362596035003662,0.10337498607966089,0.5221433454161586,0.5612722039222717,0.37271051257848736,0.4308393621444704
fine_control,53,star_concave,30,private-source://routeA_experiments/data/prospective_ood_rd_hddm_alpha001_v2/star_concave/sample_0030.npz,1bd349edcd0fe24a85799a24dcbb53d56be86031ab54fcf679a4c4fde7107b8f,0.0038342910120263696,0.10830174599766496,0.5888830254408215,0.6538456305861473,0.42953354120254517,0.49264327585697215
fine_control,53,star_concave,31,private-source://routeA_experiments/data/prospective_ood_rd_hddm_alpha001_v2/star_concave/sample_0031.npz,3daaf895b3c605d8206001223ea51987d492384cfc95cffaef6b71828270eefc,0.0034479069872759283,0.1091750746009387,0.6471342876329887,0.6259968280792236,0.4501514323055744,0.5090902068465949
fine_control,53,star_concave,32,private-source://routeA_experiments/data/prospective_ood_rd_hddm_alpha001_v2/star_concave/sample_0032.npz,49be9ff94661381e2571a267aba1a2060d7d7268dd348b9eb212f6af9b9674e3,0.0031574820168316364,0.11280670558335844,0.6335299398661877,0.64971973747015,0.3922790624201297,0.5138877990841852
fine_control,53,star_concave,33,private-source://routeA_experiments/data/prospective_ood_rd_hddm_alpha001_v2/star_concave/sample_0033.npz,e906aed2368936d827726997a5afb6856dea5ac228d3b90f881ec10af09186d9,0.003516727010719478,0.12559015355027855,0.7542875160549868,0.6379190683364868,0.44971809834241866,0.5101106590032577
fine_control,53,star_concave,34,private-source://routeA_experiments/data/prospective_ood_rd_hddm_alpha001_v2/star_concave/sample_0034.npz,ae0a839396f99c4485788322b985c85386b92669d4e870cd7a2410af15f5c24d,0.003398479020688683,0.0690205390928566,0.29837089865611993,0.37209612131118774,0.2639695033431053,0.3216751664876938
fine_control,53,star_concave,35,private-source://routeA_experiments/data/prospective_ood_rd_hddm_alpha001_v2/star_concave/sample_0035.npz,fb59f617f0622c77d8fbb2f2fe1967a6c60ff2dc46aaa3b2084991efd399b23f,0.0033433810458518565,0.13342215893827747,0.7560989827717053,0.571312427520752,0.45904099307954305,0.5208376184105872
fine_control,53,star_concave,36,private-source://routeA_experiments/data/prospective_ood_rd_hddm_alpha001_v2/star_concave/sample_0036.npz,528b84c8ea17fb027544a4127081236bfc722f3a0ec2d9cbe46edd1bbc9ae09d,0.0038603550055995584,0.12631508606304503,0.7676033954878821,0.7810196354985237,0.43310417570173715,0.617165624797344
fine_control,53,star_concave,37,private-source://routeA_experiments/data/prospective_ood_rd_hddm_alpha001_v2/star_concave/sample_0037.npz,ce4278bd066e42581dd68ea2402f3e7e51495b54c38492e0d6cfe639baedcd5f,0.0034033420379273593,0.0961951900225681,0.45668087009722586,0.5895252525806427,0.38458720631897453,0.45602896362543105
fine_control,53,star_concave,38,private-source://routeA_experiments/data/prospective_ood_rd_hddm_alpha001_v2/star_concave/sample_0038.npz,6ba9092a7f68d6d13493fceadb5e908dc631b20b2a917da96f2634c547cb7849,0.003949256963096559,0.08085086421095618,0.39567872759846684,0.45799683034420013,0.33446601033210754,0.40754281073808674
fine_control,53,star_concave,39,private-source://routeA_experiments/data/prospective_ood_rd_hddm_alpha001_v2/star_concave/sample_0039.npz,22652a3d0dc5499ddc059fd0199f955f000a9224a1f5619549bd84fa34b70755,0.003359563008416444,0.10036688852826739,0.5136241498111165,0.6174066960811615,0.3382859021425246,0.4503588885068898
fine_control,53,star_concave,40,private-source://routeA_experiments/data/prospective_ood_rd_hddm_alpha001_v2/star_concave/sample_0040.npz,979af9334c1802b981da270d5875fa0c7b9ece1cdeae2d7ddab565fa7e35c3b0,0.0039046499878168106,0.09069778592727756,0.4986833023931262,0.6053980886936188,0.33477137088775605,0.42145057484507553
fine_control,53,star_concave,41,private-source://routeA_experiments/data/prospective_ood_rd_hddm_alpha001_v2/star_concave/sample_0041.npz,3e594e2e6d2ad746bc0157e3521e1d1f6090b162a1b92253789085a2dbb47654,0.003503671963699162,0.11649547210561277,0.6166528248033333,0.5815406665205956,0.4247395694255828,0.4803237628936766
fine_control,53,star_concave,42,private-source://routeA_experiments/data/prospective_ood_rd_hddm_alpha001_v2/star_concave/sample_0042.npz,c4c10181a5a8723bab009727251b85f91867206e2a7e7b2f496d7cbd97bde9f3,0.0036049820482730865,0.10990744256391126,0.6575152789969165,0.572227418422699,0.40963929966092105,0.4927689552307129
fine_control,53,star_concave,43,private-source://routeA_experiments/data/prospective_ood_rd_hddm_alpha001_v2/star_concave/sample_0043.npz,60596fdaece0c19a7997da29479b7375b7dab588e93a500a17be8ad6540c5652,0.003974247025325894,0.10391318386762945,0.5350031273779502,0.5434804782271385,0.36118469089269645,0.45661464810371394
fine_control,53,star_concave,44,private-source://routeA_experiments/data/prospective_ood_rd_hddm_alpha001_v2/star_concave/sample_0044.npz,1383081fd3815f2104988ac35e4d709121c4e13596804ade49dc4e610ea86679,0.0034497019951231778,0.10466929950344198,0.5613206767348331,0.5452510118484497,0.4277619898319244,0.49161088451743123
fine_control,53,star_concave,45,private-source://routeA_experiments/data/prospective_ood_rd_hddm_alpha001_v2/star_concave/sample_0045.npz,023263165e13e05a212e40ecd70a27ba52200197231297219582d7e5bba3dbe2,0.0034273149794898927,0.10199560929968086,0.5330575391342,0.5002941340208054,0.3694084495306014,0.4643887838721274
fine_control,53,star_concave,46,private-source://routeA_experiments/data/prospective_ood_rd_hddm_alpha001_v2/star_concave/sample_0046.npz,b15ee5f6922f4f24ee7033154d443e62434bd3a3733663097faabea670e06fc7,0.0034718720125965774,0.06595205386906379,0.30392097190597434,0.43780872970819473,0.22045598030090327,0.3162910303473467
fine_control,53,star_concave,47,private-source://routeA_experiments/data/prospective_ood_rd_hddm_alpha001_v2/star_concave/sample_0047.npz,0dd14136387bff8f2e808a1c1b23f92c0b77dcb3e67f86d25f7d8837c77575de,0.003886242979206145,0.09078135687218819,0.48084822848195985,0.5697535574436188,0.34669039845466626,0.4072277355194091
fine_control,53,star_concave,48,private-source://routeA_experiments/data/prospective_ood_rd_hddm_alpha001_v2/star_concave/sample_0048.npz,170d40f333deaba43a45d4d2ea6cd73468bae603f4b0069e39c6200efecb0bcf,0.0038079730002209544,0.07313006532329284,0.3626442343199282,0.6014708876609802,0.28916527330875397,0.3490286648273468
fine_control,53,star_concave,49,private-source://routeA_experiments/data/prospective_ood_rd_hddm_alpha001_v2/star_concave/sample_0049.npz,3baa64b964e40f4d041934f78d820db94115a9f893482d40b5eb2c6868bd541f,0.003778948972467333,0.11954356724316591,0.6789892175631989,0.612126350402832,0.4395381510257721,0.5075965955853463
fine_control,53,star_concave,50,private-source://routeA_experiments/data/prospective_ood_rd_hddm_alpha001_v2/star_concave/sample_0050.npz,1736fc66548c7d2e863a00e32a752906c88a567b1201f17522a5ad4de2a710f4,0.004135653027333319,0.10782692915934346,0.6103214266361312,0.6529021933674812,0.3629492431879042,0.4877675294876099
fine_control,53,star_concave,51,private-source://routeA_experiments/data/prospective_ood_rd_hddm_alpha001_v2/star_concave/sample_0051.npz,bbee14e14361425abba154c6f545f34a6bc8991bef7312742393d461406dd03c,0.003426077018957585,0.1021142530208297,0.6033937372669582,0.6019442081451416,0.3926235299557447,0.46324020385742065
fine_control,53,star_concave,52,private-source://routeA_experiments/data/prospective_ood_rd_hddm_alpha001_v2/star_concave/sample_0052.npz,ed45abe2c84a6a7a838830e4de837fa03cd05b8d959f2f8f0ce1a9d1d8665108,0.0038637089892290533,0.11260218809150671,0.636028891115129,0.7250241935253143,0.4076701879501341,0.49290323138236997
fine_control,53,star_concave,53,private-source://routeA_experiments/data/prospective_ood_rd_hddm_alpha001_v2/star_concave/sample_0053.npz,2cde7d03eeb67287459dbeac592a42bb82c4515f561e6dd2b826e65efe9946be,0.003895886999089271,0.0780180114906635,0.3822561909578418,0.6138305589556694,0.27835074365139,0.42805036999285234
fine_control,53,star_concave,54,private-source://routeA_experiments/data/prospective_ood_rd_hddm_alpha001_v2/star_concave/sample_0054.npz,4cba00e0ed66cb2ac4d45603705ee8ce4570c268262d907c90c92a3a53a03f37,0.003755519981496036,0.07639150526428672,0.3555879723912214,0.5238727107644081,0.28169829174876204,0.3337663125991823
fine_control,53,star_concave,55,private-source://routeA_experiments/data/prospective_ood_rd_hddm_alpha001_v2/star_concave/sample_0055.npz,dce22efcf9ad447d20a4f5bed0795d0132c8276ec8fd03667f04f5c47805d3f3,0.003843106038402766,0.07864262420234384,0.3916741443113468,0.45265019685029984,0.3207124888896939,0.4079529196023937
fine_control,53,star_concave,56,private-source://routeA_experiments/data/prospective_ood_rd_hddm_alpha001_v2/star_concave/sample_0056.npz,235646d85b8c07970a3d8b865ffe8b58eda9eb036fb639d49673bb58d73de474,0.003882710007019341,0.07253932594505481,0.3691528548153606,0.5339061915874481,0.2648238681256771,0.3728353464603413
fine_control,53,star_concave,57,private-source://routeA_experiments/data/prospective_ood_rd_hddm_alpha001_v2/star_concave/sample_0057.npz,fba47c2f217c4b06672bfd7c97f817bd5a9470721ee275dd6011e375a632fe55,0.0033507199841551483,0.1132349219471347,0.6517541036797374,0.5628535747528076,0.44606993384659305,0.5038661057502031
fine_control,53,star_concave,58,private-source://routeA_experiments/data/prospective_ood_rd_hddm_alpha001_v2/star_concave/sample_0058.npz,18c38148eac2df3c48d00500e74d23a957b100253e58db77dda149b67191d166,0.0033616269938647747,0.1290393403059308,0.7370625964858144,0.6387748047709465,0.39747018814086915,0.5231274700164797
fine_control,53,star_concave,59,private-source://routeA_experiments/data/prospective_ood_rd_hddm_alpha001_v2/star_concave/sample_0059.npz,f9d7dc0bbca24cb8eb66c7b813db7c767b0d3758dcf605d732bbcb3fea82bdc9,0.003453317971434444,0.09944713064919297,0.5941263906483659,0.5582868456840515,0.3911696746945382,0.47921271905303003
fine_control,53,star_concave,60,private-source://routeA_experiments/data/prospective_ood_rd_hddm_alpha001_v2/star_concave/sample_0060.npz,ad8bdeb51e8207d14e6ab8946808203d53cfbcd39ebdfb58ff8542e60a2ce5f7,0.003439913969486952,0.10189104998306373,0.5250428409457556,0.5090097784996033,0.37241817787289616,0.42651583597064
fine_control,53,star_concave,61,private-source://routeA_experiments/data/prospective_ood_rd_hddm_alpha001_v2/star_concave/sample_0061.npz,6a8d098fa3cf0e8607b55e7b07d030a5a0586678285f123530f988ef18a29c9f,0.0035430979914963245,0.09912965673091076,0.5382056773307502,0.5211496651172638,0.39803482592105865,0.4706187963485721
fine_control,53,star_concave,62,private-source://routeA_experiments/data/prospective_ood_rd_hddm_alpha001_v2/star_concave/sample_0062.npz,af2aa6263843eda66dc7a1fab1c879ffb7c49c81b11d63bf66e6a1d95823b5c9,0.003354846965521574,0.09410652779629328,0.4602813420561945,0.4699205905199051,0.3730433702468871,0.42947461009025584
fine_control,53,star_concave,63,private-source://routeA_experiments/data/prospective_ood_rd_hddm_alpha001_v2/star_concave/sample_0063.npz,1d64b549093de73ce0aefc5a37a4f60e6d676c1cd705eb98d536ff5d4bef87a7,0.004063614003825933,0.1167833608756087,0.6169892145678829,0.61685711145401,0.40684752464294444,0.47999938271939757
fine_control,53,star_concave,64,private-source://routeA_experiments/data/prospective_ood_rd_hddm_alpha001_v2/star_concave/sample_0064.npz,df2e0d7751b94355ed613e5666bca2fb52173d2dcd42ae84fc71ea01084f44df,0.0033950250362977386,0.12427629951482175,0.6745446418703285,0.7268893793225288,0.44847830832004537,0.5177137727290392
fine_control,53,star_concave,65,private-source://routeA_experiments/data/prospective_ood_rd_hddm_alpha001_v2/star_concave/sample_0065.npz,6be62c8bf97c5e0d45b37e969d56e99f2cd1a93cbfa17aff04e3123165f38d67,0.003305279999040067,0.09549212938717103,0.45842923738073793,0.4729321002960205,0.3612491771578788,0.42823395445942886
fine_control,53,star_concave,66,private-source://routeA_experiments/data/prospective_ood_rd_hddm_alpha001_v2/star_concave/sample_0066.npz,0b6d24abc0a7ac7e8c177054dfeb0fe09760ac17f68380edd5064919b3f5a1cb,0.0037754540098831058,0.12286568750478541,0.7919469819447754,0.7620654627680779,0.4628327563405037,0.5725409708917146
fine_control,53,star_concave,67,private-source://routeA_experiments/data/prospective_ood_rd_hddm_alpha001_v2/star_concave/sample_0067.npz,0ca774ec08694066988a6ae4ef908c7dfb68e93c52137929de1a67ca05e2995a,0.003413074999116361,0.0720145981237567,0.33385906709426616,0.4376331642270088,0.26883008480072024,0.32547168910503377
fine_control,53,star_concave,68,private-source://routeA_experiments/data/prospective_ood_rd_hddm_alpha001_v2/star_concave/sample_0068.npz,e76410fee1405db62c2b1b1129e514e7332ae0d1c54b743f299ee2fd119d95d8,0.0033777449862100184,0.11897536363974505,0.7460255393831328,0.6880455017089844,0.42210373543202884,0.5396472222357989
fine_control,53,star_concave,69,private-source://routeA_experiments/data/prospective_ood_rd_hddm_alpha001_v2/star_concave/sample_0069.npz,364b7c5d47826d22443658d1cb9c8b05008763aa6dd8a85bfa73678203751c21,0.0034052060218527913,0.10869639770672411,0.6068228588258682,0.5410474017262459,0.4358938209712505,0.5011039754003286
fine_control,53,star_concave,70,private-source://routeA_experiments/data/prospective_ood_rd_hddm_alpha001_v2/star_concave/sample_0070.npz,7ae2d6139034f24d5fa0ecd56cf638c38a469593bfea66160f4a003c37c778af,0.003404312999919057,0.1413778227482898,0.8885706257075392,0.7028058543801308,0.5024266391992569,0.5753515958786011
fine_control,53,star_concave,71,private-source://routeA_experiments/data/prospective_ood_rd_hddm_alpha001_v2/star_concave/sample_0071.npz,387823e996225fc808f345546490c6cfd199eedc7843a0aa5f39fe248acd4320,0.003929046972189099,0.1240587770884258,0.7724888542491756,0.6491201817989349,0.4804772734642029,0.5873643234372139
fine_control,53,star_concave,72,private-source://routeA_experiments/data/prospective_ood_rd_hddm_alpha001_v2/star_concave/sample_0072.npz,35ccb4b6c6fd7f8c488468219502bff16e032bd7df63bc8f74d635a6bc181457,0.003649107995443046,0.0723700726848562,0.32844427790875086,0.44305337965488434,0.2901961252093311,0.3600222648680207
fine_control,53,star_concave,73,private-source://routeA_experiments/data/prospective_ood_rd_hddm_alpha001_v2/star_concave/sample_0073.npz,2738195cdbe5996a364285abc0046a1cb2d15377f53b9fe666c06434481dc2f6,0.003793579002376646,0.13776191945462954,1.1637518403217217,0.7961956858634949,0.5500927259214222,0.5879568667709828
fine_control,53,star_concave,74,private-source://routeA_experiments/data/prospective_ood_rd_hddm_alpha001_v2/star_concave/sample_0074.npz,d0d1391ed00492cecce69dfa827b340324d88adf3a584bf7899bf2ea4cc0314a,0.003874037996865809,0.11940442913171138,0.8148238945889267,0.669161319732666,0.4755233332514763,0.5464302819222212
fine_control,53,star_concave,75,private-source://routeA_experiments/data/prospective_ood_rd_hddm_alpha001_v2/star_concave/sample_0075.npz,592a563399989b953ca42755b7dcf3082863fbc8512c089d574642d62bfa768f,0.00372886098921299,0.09432053383754625,0.4584843403718898,0.5023334845900536,0.3671165823936461,0.43769166469573967
fine_control,53,star_concave,76,private-source://routeA_experiments/data/prospective_ood_rd_hddm_alpha001_v2/star_concave/sample_0076.npz,833a3a6d3d9ddba1bac61edee72bfdfb032a4ad685b0cec46d80805537b407fb,0.0039958449779078364,0.07381101209290833,0.3315044859846089,0.5117233842611313,0.27285265922546387,0.3533778011798858
fine_control,53,star_concave,77,private-source://routeA_experiments/data/prospective_ood_rd_hddm_alpha001_v2/star_concave/sample_0077.npz,cfd4cb676fb49608dfc569217160e8783cceaeb7579e08c111f5b81d17f661e2,0.004053828015457839,0.1157528747047048,0.6628005533371509,0.6443486884236336,0.45880842208862305,0.5115911513566971
fine_control,53,star_concave,78,private-source://routeA_experiments/data/prospective_ood_rd_hddm_alpha001_v2/star_concave/sample_0078.npz,7f023420213a2f7e2fd89a7dba911906863dce1e53ef77466750637ab128e623,0.003357578010763973,0.08435202178124734,0.4766834979647479,0.5428736209869385,0.31414190530776936,0.4184904491901396
fine_control,53,star_concave,79,private-source://routeA_experiments/data/prospective_ood_rd_hddm_alpha001_v2/star_concave/sample_0079.npz,af0530854ecbd25049782a6643d0e28babcca47a66f81ffebbdeb2bee3d4add5,0.00351111899362877,0.10091287369000605,0.4855639119507889,0.59013681858778,0.37395648658275604,0.4480201527476311
fine_control,53,star_concave,80,private-source://routeA_experiments/data/prospective_ood_rd_hddm_alpha001_v2/star_concave/sample_0080.npz,0d8bf642f804cdb4c44ec3c97a7c8aa4aee2892c6e9e3f5615119b6231c98adb,0.003972058999352157,0.11042095992907579,0.6196475154229766,0.6466389298439026,0.43046561777591696,0.5049238491058347
fine_control,53,star_concave,81,private-source://routeA_experiments/data/prospective_ood_rd_hddm_alpha001_v2/star_concave/sample_0081.npz,fcf2bf5bfee08e8bfdd64849976df45af7e75bffcb95d99bd5340ec6e971576b,0.0034090609988197684,0.10838357238136623,0.659507594580879,0.6204492151737213,0.39265163317322715,0.5346119534969329
fine_control,53,star_concave,82,private-source://routeA_experiments/data/prospective_ood_rd_hddm_alpha001_v2/star_concave/sample_0082.npz,eecebee0f558d9151ce9118d6aed764ce2ca8fb51723395fa7340defaa974edd,0.003423477988690138,0.13659709635273953,1.3311862946892852,0.8166282773017883,0.5164825234562158,0.5605478472262622
fine_control,53,star_concave,83,private-source://routeA_experiments/data/prospective_ood_rd_hddm_alpha001_v2/star_concave/sample_0083.npz,e5abdab9321ee56ed869ed460fa271c06a6390dc7c65469ad1fde0bfbc3f052e,0.00339996803086251,0.12431098218368515,0.8585836532622779,0.7800829485058784,0.4536372601985931,0.5897748251259314
fine_control,53,star_concave,84,private-source://routeA_experiments/data/prospective_ood_rd_hddm_alpha001_v2/star_concave/sample_0084.npz,42b2e9080004dd7e87c755cf533ee961aee427788297acc5e783f709e47baeb3,0.003768238006159663,0.10746957636527432,0.585074242795011,0.6683067381381989,0.3718767628073692,0.46492799624800685
fine_control,53,star_concave,85,private-source://routeA_experiments/data/prospective_ood_rd_hddm_alpha001_v2/star_concave/sample_0085.npz,307c7f1bcc7bff44abcc6a30dc1e3969ede6f73df314300a047b61ccf6c3a378,0.0034853109973482788,0.10675845716937775,0.6545497505102436,0.6405120491981506,0.3809942901134491,0.5338519215583802
fine_control,53,star_concave,86,private-source://routeA_experiments/data/prospective_ood_rd_hddm_alpha001_v2/star_concave/sample_0086.npz,b3bb0c62290c26c875c27ae948d6b587087d0569c3f356201eb0f22fdb2a3e09,0.003462229040451348,0.12246960538036139,0.7150407618683512,0.6193890199065208,0.4719357252120972,0.5162934610247613
fine_control,53,star_concave,87,private-source://routeA_experiments/data/prospective_ood_rd_hddm_alpha001_v2/star_concave/sample_0087.npz,7dbf43fba15e26840cbf500867302ab7673d25663cd48115751bfd9162ec41f8,0.003526045009493828,0.08941083989877358,0.40741323901852083,0.4615679755806923,0.32697005569934845,0.4375906926393516
fine_control,53,star_concave,88,private-source://routeA_experiments/data/prospective_ood_rd_hddm_alpha001_v2/star_concave/sample_0088.npz,46b403b9b0883fb6fafe6d706ff132a9019b0523c686f8c32b2cf73973dc110b,0.0033410029718652368,0.12293340230700131,0.6914436351778009,0.6735217347741127,0.41566010564565653,0.5231903123855588
fine_control,53,star_concave,89,private-source://routeA_experiments/data/prospective_ood_rd_hddm_alpha001_v2/star_concave/sample_0089.npz,4b05a4955d6129f9c7936385ebb4ab230f3bef639b45cb994afa8092d2aa1480,0.003343938966281712,0.12321088154903824,0.8066561884602619,0.7328116372227669,0.44651436656713483,0.5109470227360725
fine_control,53,star_concave,90,private-source://routeA_experiments/data/prospective_ood_rd_hddm_alpha001_v2/star_concave/sample_0090.npz,562c2f1d56afdd8da2679e39e24f0681dfc71b8a722e546b74aa0f3f574a15bc,0.0033145949710160494,0.10043810331346048,0.5977881699654756,0.5266080498695374,0.41166990399360653,0.4734682166576384
fine_control,53,star_concave,91,private-source://routeA_experiments/data/prospective_ood_rd_hddm_alpha001_v2/star_concave/sample_0091.npz,f841635f22b41963248fac05366396a38bf40de493e33e45588fb8fd0d09f968,0.0033357859938405454,0.12552546736500547,0.7323849213581259,0.6074889004230499,0.43269362077116963,0.5287893408536911
fine_control,53,star_concave,92,private-source://routeA_experiments/data/prospective_ood_rd_hddm_alpha001_v2/star_concave/sample_0092.npz,a4d8c9efc38c8dccdb95d6c4299d63e986137338f9a4d90ce862e166f09abfc5,0.003462359949480742,0.10322560873856637,0.5827580903179302,0.5704967379570007,0.4026633217930794,0.5001640887558461
fine_control,53,star_concave,93,private-source://routeA_experiments/data/prospective_ood_rd_hddm_alpha001_v2/star_concave/sample_0093.npz,aaa767ef1eddfd044b5bf6a9fbef6b61dc5de5a86360570f0a77b5f524e97dce,0.003390686004422605,0.13294982123339114,0.7881499739620318,0.7701364830136299,0.457271740399301,0.5701786082983016
fine_control,53,star_concave,94,private-source://routeA_experiments/data/prospective_ood_rd_hddm_alpha001_v2/star_concave/sample_0094.npz,a154a56ddefca8edbcf263aff519e91ce0f4e58465c7717e79c68dc97d11b9cd,0.003421123023144901,0.07414278965965483,0.3469956778492352,0.45546526461839676,0.29000064730644226,0.40058574080467213
fine_control,53,star_concave,95,private-source://routeA_experiments/data/prospective_ood_rd_hddm_alpha001_v2/star_concave/sample_0095.npz,610bda6ba90ca73114af1042f6933531fbea7cab4fd66994183455d85a6010af,0.003379761998075992,0.094648583681942,0.46714978220337045,0.514150470495224,0.3752893023192882,0.47165980577468875
fine_control,53,star_concave,96,private-source://routeA_experiments/data/prospective_ood_rd_hddm_alpha001_v2/star_concave/sample_0096.npz,7917e7c1d6f0406fa9182f86bd5be59e3098f4dcff79f5930d3877b0a1e63145,0.003828011977020651,0.10904349956687051,0.6403847974144351,0.6240228712558746,0.393732239305973,0.5417631465196615
fine_control,53,star_concave,97,private-source://routeA_experiments/data/prospective_ood_rd_hddm_alpha001_v2/star_concave/sample_0097.npz,7d62afce33a59e7363d7fc907585bfe008936306d94881e9a078db26dc18157a,0.0036673740250989795,0.1251804063716377,0.6245143147098651,0.5211449563503265,0.4465001970529556,0.4942260608077049
fine_control,53,star_concave,98,private-source://routeA_experiments/data/prospective_ood_rd_hddm_alpha001_v2/star_concave/sample_0098.npz,82c3fdcc10ce0484d81abe39a21224cfecabe860524345fd21840bdeb8f08905,0.003870162006933242,0.08133201421843446,0.4424786277043262,0.5067146271467209,0.3233353700488806,0.36513176858425156
fine_control,53,star_concave,99,private-source://routeA_experiments/data/prospective_ood_rd_hddm_alpha001_v2/star_concave/sample_0099.npz,42899fd8a5f5a539afe710561c1d64b294124afd2a7fa4d6bfdc8dbb4cf853ae,0.0038751590182073414,0.09378617856914381,0.4428971183111093,0.47209135442972183,0.3789641007781024,0.44771281756460685
fine_control,53,star_concave,100,private-source://routeA_experiments/data/prospective_ood_rd_hddm_alpha001_v2/star_concave/sample_0100.npz,b2799e0a19e65139cf29cb348720c12f52c75ee9aecd3d993b39ffd6d77a7136,0.004036122001707554,0.11660311356396899,0.5951331122052083,0.6267756521701813,0.3983476176857947,0.47425209783017647
fine_control,53,star_concave,101,private-source://routeA_experiments/data/prospective_ood_rd_hddm_alpha001_v2/star_concave/sample_0101.npz,77f5771f7fb6794527efaea4da878ab24f6c10142a63483a9d2d7d0cc360d2d1,0.0033331430167891085,0.09401479867664757,0.44033946548732833,0.7336086854338646,0.31550824642181396,0.41003424823284146
fine_control,53,star_concave,102,private-source://routeA_experiments/data/prospective_ood_rd_hddm_alpha001_v2/star_concave/sample_0102.npz,7809a5edfb14edaf519c2b3af3950525a2e8c8a8afca6a8cd20dad8cca2ff262,0.0033943740418180823,0.11339727584727288,0.6294185006078329,0.6723987460136414,0.3879739474505186,0.5037049483507872
fine_control,53,star_concave,103,private-source://routeA_experiments/data/prospective_ood_rd_hddm_alpha001_v2/star_concave/sample_0103.npz,1e622b0f01095983080bae30dd0105f2b63383dbb92566dee14bdc6b21842e3a,0.0033494000090286136,0.10152394138625966,0.5838726754722496,0.5971317887306213,0.40948195457458497,0.5149815136194229
fine_control,53,star_concave,104,private-source://routeA_experiments/data/prospective_ood_rd_hddm_alpha001_v2/star_concave/sample_0104.npz,a586ef53200f2a2874d0bec4d38d819164ee1ad51b9a31172756a0acac53eb4f,0.0033787089632824063,0.08979713878424654,0.47612667849691226,0.523160457611084,0.33183063194155665,0.38166487261652926
fine_control,53,star_concave,105,private-source://routeA_experiments/data/prospective_ood_rd_hddm_alpha001_v2/star_concave/sample_0105.npz,fbe036f3ba7e29c58ad15958277e4f0a631d9dbe9c9738a712d0e120979da252,0.0033720260253176093,0.09510029889600806,0.46654217365266654,0.5619049742817879,0.3271990865468978,0.41108075760304996
fine_control,53,star_concave,106,private-source://routeA_experiments/data/prospective_ood_rd_hddm_alpha001_v2/star_concave/sample_0106.npz,77ee446c4ec99eb4a4a69271d7442b40755008e0ba89f52f06102e4951fdcc97,0.003335345012601465,0.11135041054321902,0.6378341138122714,0.6435923352837563,0.41465622484683984,0.48536272659897794
fine_control,53,star_concave,107,private-source://routeA_experiments/data/prospective_ood_rd_hddm_alpha001_v2/star_concave/sample_0107.npz,9909df5b2c8cb43975e27322a09dd30924b8b2486f3909f2d4c0263e6a420e1d,0.0035697169951163232,0.11010443964869633,0.6196250499053213,0.5614437907934189,0.3777052868157624,0.5009750302880998
fine_control,53,star_concave,108,private-source://routeA_experiments/data/prospective_ood_rd_hddm_alpha001_v2/star_concave/sample_0108.npz,f14296487a120c18b86ed5166d56b76a1092cb2d50d54253bdd3df784730f435,0.003758017031941563,0.09308824859296204,0.5165014420145028,0.5354556441307068,0.3825737535953522,0.44146604537963896
fine_control,53,star_concave,109,private-source://routeA_experiments/data/prospective_ood_rd_hddm_alpha001_v2/star_concave/sample_0109.npz,5efae8b79d62692fd4d6c11d4acd9743008b0f6f1cfb22f8da84314c1ee13027,0.0034453999833203852,0.0890219785486435,0.4352071071689033,0.6107130572199821,0.3146032214164734,0.40050944358110435
fine_control,53,star_concave,110,private-source://routeA_experiments/data/prospective_ood_rd_hddm_alpha001_v2/star_concave/sample_0110.npz,6bee368483186df489d00f012aa97037205449bd3f079d246194cff1b1db79de,0.003472480981145054,0.1040706097634882,0.5899719865932237,0.5779318809509277,0.41701294481754275,0.5182532374560836
fine_control,53,star_concave,111,private-source://routeA_experiments/data/prospective_ood_rd_hddm_alpha001_v2/star_concave/sample_0111.npz,fd36365012b8b08fa6dc5f679418b95a812fb25fcf02da8f8a2d78a1da20b90c,0.00381512101739645,0.09543662409382496,0.501671440503183,0.57208701223135,0.32331959903240204,0.42383262462913995
fine_control,53,star_concave,112,private-source://routeA_experiments/data/prospective_ood_rd_hddm_alpha001_v2/star_concave/sample_0112.npz,b196163e725c5f13e063b03c2f311a38a83498677188bbaf9ac548c04137ff1d,0.003362143994309008,0.09965346979517427,0.561184464089351,0.5716283917427063,0.3577100113034248,0.47339887857437096
fine_control,53,star_concave,113,private-source://routeA_experiments/data/prospective_ood_rd_hddm_alpha001_v2/star_concave/sample_0113.npz,7658116c35833629bbbdd3be7ac254197c8b3f70373a5754e1852a1c944adc54,0.003930481965653598,0.07998531567163021,0.39032429001834973,0.4708731696009636,0.3214417129755016,0.4221659699082374
fine_control,53,star_concave,114,private-source://routeA_experiments/data/prospective_ood_rd_hddm_alpha001_v2/star_concave/sample_0114.npz,8f464174cd05f745a11b44e72ec62293d308f5bfee0b7c4c97ee27afabc9bf12,0.0038636139943264425,0.09023213956477934,0.4823761623415522,0.5014445781707764,0.38436098992824524,0.45247387871146205
fine_control,53,star_concave,115,private-source://routeA_experiments/data/prospective_ood_rd_hddm_alpha001_v2/star_concave/sample_0115.npz,55f49c70429cd725bd076dc190ba781d383feb5f68c35cbb727215adf3ca2cec,0.0038395660230889916,0.1226533009311043,0.7672061292173606,0.6694832742214203,0.44843385815620423,0.5798470425605773
fine_control,53,star_concave,116,private-source://routeA_experiments/data/prospective_ood_rd_hddm_alpha001_v2/star_concave/sample_0116.npz,33ab98c78fdf1aa6324852fc2a61462352f31e540635776c19a0a5cb1b72349f,0.0032136259833350778,0.07997204077515938,0.3724624732836221,0.5429431721568108,0.30030322074890137,0.37806850671768183
fine_control,53,star_concave,117,private-source://routeA_experiments/data/prospective_ood_rd_hddm_alpha001_v2/star_concave/sample_0117.npz,63ca60b899abf7eb56048e8d86ac5f797ba727942040871be466de9220f807c3,0.003655976033769548,0.12501481387692429,0.7786694937410094,0.6776529550552368,0.4754275307059288,0.5579794764518733
fine_control,53,star_concave,118,private-source://routeA_experiments/data/prospective_ood_rd_hddm_alpha001_v2/star_concave/sample_0118.npz,5e1445f7a185641f6adb0d6871fb8cbda8664f8551f637d8f69b41e8462db0b1,0.0033706349786370993,0.10389127368766578,0.5923999227902751,0.5286893248558044,0.4209641575813287,0.4779995513707398
fine_control,53,star_concave,119,private-source://routeA_experiments/data/prospective_ood_rd_hddm_alpha001_v2/star_concave/sample_0119.npz,781b03ef3e3e9f67cd090b7ccee86f87669c7a22a2e3aa0b82e4560d2b21820f,0.0035229100030846894,0.11358095469540125,0.7664894412724115,0.6988536715507507,0.44024904444813723,0.5281723264604794
fine_control,53,star_concave,120,private-source://routeA_experiments/data/prospective_ood_rd_hddm_alpha001_v2/star_concave/sample_0120.npz,476685abe2472a157969c1f5a839fe7f1aded68fd5977ece1881cb5d6ed61345,0.0034551770077086985,0.11154268368594303,0.644625713090861,0.7434048354625702,0.44350055456161475,0.5085424713045353
fine_control,53,star_concave,121,private-source://routeA_experiments/data/prospective_ood_rd_hddm_alpha001_v2/star_concave/sample_0121.npz,d44dd313ef06efdc53842cbcd25e7c94f8002b26269a8d974d6b4e2189c7cf49,0.0039156650309450924,0.1003544760091533,0.5489512203697747,0.5659402757883072,0.3536841422319412,0.41720198392868046
fine_control,53,star_concave,122,private-source://routeA_experiments/data/prospective_ood_rd_hddm_alpha001_v2/star_concave/sample_0122.npz,7c749504b1437233839eacfc2c94c00613d75381374e8f1ac33b9197daf4612f,0.0033881349954754114,0.10923875038864173,0.5791485004431185,0.5633819103240967,0.40824746936559675,0.46813616514205936
fine_control,53,star_concave,123,private-source://routeA_experiments/data/prospective_ood_rd_hddm_alpha001_v2/star_concave/sample_0123.npz,2f7b8f1084aa65d36f64bdfd0ad63dba1070e18b385551aaeeed4bd3345d07eb,0.0035801039775833488,0.10717515485300662,0.6162684359196177,0.6535539925098419,0.379459822177887,0.4872080226242541
fine_control,53,star_concave,124,private-source://routeA_experiments/data/prospective_ood_rd_hddm_alpha001_v2/star_concave/sample_0124.npz,ee8cc9c9780afa5d2b0a24922a73005506c2939875b3c50b69bf8b4fb4097be6,0.003370249003637582,0.08938132922418207,0.46151374085280594,0.5607234537601471,0.32453667819499965,0.4050406837463379
fine_control,53,star_concave,125,private-source://routeA_experiments/data/prospective_ood_rd_hddm_alpha001_v2/star_concave/sample_0125.npz,95c3cac8c54fe43f20a59431a44f07cf020825ee735ba75cd2bc048b4c3859ba,0.0031889649690128863,0.1261927080947936,0.7673742408614289,0.7895667776465416,0.44409927800297755,0.5817672067880627
fine_control,53,star_concave,126,private-source://routeA_experiments/data/prospective_ood_rd_hddm_alpha001_v2/star_concave/sample_0126.npz,92785828d21aa7474cbb2eead5c468fc662d8408973e402dbf64a5491b7aa6d3,0.003411310026422143,0.08614233710052409,0.4054257256926398,0.4604342430830002,0.335066568851471,0.42510496854782104
fine_control,53,star_concave,127,private-source://routeA_experiments/data/prospective_ood_rd_hddm_alpha001_v2/star_concave/sample_0127.npz,6240432158188c6377d1af044607ddc0d26482f74bd3ca875898f7064546cc93,0.0033486599568277597,0.1057709009153296,0.6080981616144315,0.5869064405560493,0.38852651715278624,0.5035024160146713
fine_control,53,star_concave,128,private-source://routeA_experiments/data/prospective_ood_rd_hddm_alpha001_v2/star_concave/sample_0128.npz,0b59ec75f4c8496864064dfb32ae8a9d4126678dbd85fe5bd0591e5216f96aad,0.003421430999878794,0.09033165820765707,0.4240899554104358,0.6019544526934624,0.32223599106073364,0.393214314877987
fine_control,53,star_concave,129,private-source://routeA_experiments/data/prospective_ood_rd_hddm_alpha001_v2/star_concave/sample_0129.npz,490cffc887e2ec71d5a39def540ee809507583f309dc44b073e953a6e4be1aae,0.003373296989593655,0.09756102224406761,0.4889149097335031,0.5758792757987976,0.3326311513781548,0.42215881437063174
fine_control,53,star_concave,130,private-source://routeA_experiments/data/prospective_ood_rd_hddm_alpha001_v2/star_concave/sample_0130.npz,4d1e8d96d7fcb07225ed2c80819afd45bed479d7b0276561f62b212b99b225f9,0.0034772209473885596,0.09247552967464942,0.46058478439693373,0.46746647357940674,0.337577499449253,0.373791709691286
fine_control,53,star_concave,131,private-source://routeA_experiments/data/prospective_ood_rd_hddm_alpha001_v2/star_concave/sample_0131.npz,e67f5f3314eb9639b1a29bc2cf34e4154f8c3a4c6aa5b1e046f23015f1913345,0.003368347999639809,0.10451517446784987,0.5652705288693693,0.60846246778965,0.364129139482975,0.44541990444064156
fine_control,53,star_concave,132,private-source://routeA_experiments/data/prospective_ood_rd_hddm_alpha001_v2/star_concave/sample_0132.npz,efbafa19d305c98c4298b184f17160dd263aea854458f681e045011684a4500f,0.003412173013202846,0.13286670543653872,0.7328861485141911,0.6995324715971947,0.41339904032647606,0.553779483437537
fine_control,53,star_concave,133,private-source://routeA_experiments/data/prospective_ood_rd_hddm_alpha001_v2/star_concave/sample_0133.npz,ac5b59374058467ba8a0e8d1038c302b291ebfe33dddcefd3485c09e5e9db034,0.003726515977177769,0.09779322311882757,0.4766506005113978,0.5898155868053436,0.33514976501464844,0.42371037900447955
fine_control,53,star_concave,134,private-source://routeA_experiments/data/prospective_ood_rd_hddm_alpha001_v2/star_concave/sample_0134.npz,698cdfaf758c0ce8534b7887fe5c24d821ec04157ead34e39f7d1688a4d1fee6,0.0033893780200742185,0.10183227670622483,0.5095972284606475,0.48804889619350433,0.37805921658873537,0.45597926139831607
fine_control,53,star_concave,135,private-source://routeA_experiments/data/prospective_ood_rd_hddm_alpha001_v2/star_concave/sample_0135.npz,0d0c4a18379290c731fed21f2627bb012972aa932a5c0fa3600440ca617362f5,0.00369730603415519,0.10427763038202749,0.5651746146976135,0.6737097427248955,0.40711899101734184,0.4701402872800827
fine_control,53,star_concave,136,private-source://routeA_experiments/data/prospective_ood_rd_hddm_alpha001_v2/star_concave/sample_0136.npz,a21474628f5ea2e01e6c6c31400fa79e80f00f083e5762d1d2ec8da62832bf51,0.0034790560021065176,0.09402576219038067,0.5311196201017012,0.47550445795059204,0.36509716883301735,0.4533306449651719
fine_control,53,star_concave,137,private-source://routeA_experiments/data/prospective_ood_rd_hddm_alpha001_v2/star_concave/sample_0137.npz,32270c08d5c4d02df1b251216ac2ec68396e8de703996d34c566047242ecf071,0.0034382190206088126,0.1371316743534448,0.9755838648117747,0.7388383820652962,0.497656740248203,0.5586081836000085
fine_control,53,star_concave,138,private-source://routeA_experiments/data/prospective_ood_rd_hddm_alpha001_v2/star_concave/sample_0138.npz,56a5ba648e8989fd8e4fc2b097d1cf6bbd55365822d1df293d231a02772f474f,0.00374841399025172,0.09144751887750181,0.5275516760754181,0.5430569350719452,0.37144292891025543,0.4351923972368246
fine_control,53,star_concave,139,private-source://routeA_experiments/data/prospective_ood_rd_hddm_alpha001_v2/star_concave/sample_0139.npz,50a825fb9f6a3ca2a14f234f813b84e2393c4954818d874df32d742dd2c44f7b,0.003945389005821198,0.0865196298608339,0.45880031857123194,0.5765092745423317,0.31469687148928643,0.4027142567932606
fine_control,53,star_concave,140,private-source://routeA_experiments/data/prospective_ood_rd_hddm_alpha001_v2/star_concave/sample_0140.npz,6eed5033eeb5de188451d9e26ad8eacf53f167e16caf0c850f271c37e72a7343,0.003845897037535906,0.07374563106842266,0.36724094133148905,0.5611798837780952,0.25336090195924044,0.3269277200102788
fine_control,53,star_concave,141,private-source://routeA_experiments/data/prospective_ood_rd_hddm_alpha001_v2/star_concave/sample_0141.npz,a907cd099a64c8511634df9793e5009356b21e455167b82fc179a582273ad2e0,0.0037826879997737706,0.06610297720017301,0.3146901502065588,0.3983149081468582,0.26517941951751717,0.34463209092617036
fine_control,53,star_concave,142,private-source://routeA_experiments/data/prospective_ood_rd_hddm_alpha001_v2/star_concave/sample_0142.npz,c351df90c2012fee03b759f7e74a2cc328cbd5e58c5ca8cb337cbb12147212f7,0.0032245360198430717,0.1020289602546521,0.5583926234868025,0.8410907685756683,0.4228248745203018,0.4942491747438908
fine_control,53,star_concave,143,private-source://routeA_experiments/data/prospective_ood_rd_hddm_alpha001_v2/star_concave/sample_0143.npz,098448b2527ae0bc73253fde5c87522c791cf59537cba8edcd6d7caf1b4e6865,0.0031718009850010276,0.14559086945488525,1.1546218311088838,0.8316372334957123,0.5392634849995375,0.6498987883329391
fine_control,53,star_concave,144,private-source://routeA_experiments/data/prospective_ood_rd_hddm_alpha001_v2/star_concave/sample_0144.npz,36e501d5cd401896953395e689dd63829d255ca199339df9d550472e654739f2,0.003615877008996904,0.0907731132282121,0.44705989390614237,0.4886847883462906,0.36651466190814974,0.444496506229043
fine_control,53,star_concave,145,private-source://routeA_experiments/data/prospective_ood_rd_hddm_alpha001_v2/star_concave/sample_0145.npz,0ad05974dcc3a0058ef1c0d09bc6dac91b0ff378c5f5b05dd51a53e776b533f1,0.0033415129873901606,0.13284789603423866,0.7455365088982988,0.7016271576285362,0.4538146574050188,0.544999897480011
fine_control,53,star_concave,146,private-source://routeA_experiments/data/prospective_ood_rd_hddm_alpha001_v2/star_concave/sample_0146.npz,04fe2315b6738e155a6f486405ee2732ffd869607809f609396295991e3da6ca,0.0033583850017748773,0.10887491822768953,0.718149891557567,0.6356669366359711,0.42799482047557824,0.5057085525989522
fine_control,53,star_concave,147,private-source://routeA_experiments/data/prospective_ood_rd_hddm_alpha001_v2/star_concave/sample_0147.npz,9bf550380294c2bbc3282540dbb56f5b988b488b234567a6ee8ced872a31ed48,0.003475948004052043,0.13593837420551294,0.7542296010032169,0.5868956670165062,0.46789947971701623,0.5296323498338461
fine_control,53,star_concave,148,private-source://routeA_experiments/data/prospective_ood_rd_hddm_alpha001_v2/star_concave/sample_0148.npz,a001adad8040c93bc67319afa17cd043927ab409b2e313f15a99d6459047bba9,0.0032832329743541777,0.10144638927720101,0.49509884283813893,0.5323832929134369,0.34031579121947275,0.4451704724133018
fine_control,53,star_concave,149,private-source://routeA_experiments/data/prospective_ood_rd_hddm_alpha001_v2/star_concave/sample_0149.npz,b1137e6b1881fb85aa272787edec47cc66bdc286b602033c5c62eca8ca8eb42f,0.0035154969664290547,0.10731749763164967,0.6577177614041855,0.5828565359115601,0.4560228258371353,0.5082548240572216
fine_control,53,star_concave,150,private-source://routeA_experiments/data/prospective_ood_rd_hddm_alpha001_v2/star_concave/sample_0150.npz,1a1346fbc7a0a6b7a450694616d1bed605f9aea6a06aa42f6b0fc13fc0c1b237,0.0033576299902051687,0.070731703393348,0.3328028686415686,0.5011094957590103,0.28861669003963475,0.3679725027084352
fine_control,53,star_concave,151,private-source://routeA_experiments/data/prospective_ood_rd_hddm_alpha001_v2/star_concave/sample_0151.npz,0c37adba479d7c1e405d14ee8ca362906b22789dcd73cd0025cea686b9d5868f,0.003349611011799425,0.1045363345878372,0.5722561430444572,0.5384135246276855,0.36607968211174,0.4343773406744
fine_control,53,star_concave,152,private-source://routeA_experiments/data/prospective_ood_rd_hddm_alpha001_v2/star_concave/sample_0152.npz,493bd2253a0889cc50e1ea615e373a8197fb7e27b206ad5689e02586553e761d,0.003491898998618126,0.08149414882558444,0.37444258403905156,0.4994264021515846,0.2873438894748688,0.35843176394701043
fine_control,53,star_concave,153,private-source://routeA_experiments/data/prospective_ood_rd_hddm_alpha001_v2/star_concave/sample_0153.npz,ac82ba7a6e4d926236266e27b4eb944cfbb25cd0f65fa764d0c5b34ba6446fbc,0.003793948970269412,0.11346690401667843,0.6050327225703598,0.6227288469672203,0.3994194354861974,0.48077726066112525
fine_control,53,star_concave,154,private-source://routeA_experiments/data/prospective_ood_rd_hddm_alpha001_v2/star_concave/sample_0154.npz,5b375d8a82047d688b8f0bc6d7eda5883b59ffd29e73eda4a65465ff28977100,0.0034064510255120695,0.08713560098012697,0.48771238155760344,0.5469027757644653,0.3459444805979726,0.43895093321800205
fine_control,53,star_concave,155,private-source://routeA_experiments/data/prospective_ood_rd_hddm_alpha001_v2/star_concave/sample_0155.npz,c227feb4bc838ca459c2cdb6c2fe08d3c97cd3c54cb120325b6eb8829f0427da,0.0033662639907561243,0.08901402526850052,0.4404332828182813,0.48312926292419434,0.31927055418491357,0.36644330188631985
fine_control,53,star_concave,156,private-source://routeA_experiments/data/prospective_ood_rd_hddm_alpha001_v2/star_concave/sample_0156.npz,d7923a77a7cd74c3df6621aa963a43fdaad4ae9ab5641757571ff70cccab19c3,0.0034457079600542784,0.11862852732046734,0.6378733420749303,0.5886583104729652,0.4293607011437416,0.47508848518133173
fine_control,53,star_concave,157,private-source://routeA_experiments/data/prospective_ood_rd_hddm_alpha001_v2/star_concave/sample_0157.npz,bf1ed5ee95cebaaeec4337c10cbb37257a3764baccb51eb2db3b192c4b7f0705,0.0033378259977325797,0.11320851665670972,0.6082330571694122,0.6829824522137642,0.4034807398915291,0.4899328860640526
fine_control,53,star_concave,158,private-source://routeA_experiments/data/prospective_ood_rd_hddm_alpha001_v2/star_concave/sample_0158.npz,2d48518d53f1d4302822bc23c36b8e9a725fccad2e348f481c1965dc1fd043e7,0.0033819289528764784,0.10314267901499923,0.5222435649934991,0.5673429220914841,0.37326036021113396,0.4536951407790184
fine_control,53,star_concave,159,private-source://routeA_experiments/data/prospective_ood_rd_hddm_alpha001_v2/star_concave/sample_0159.npz,afeaff165894f7669804972e11c2e6e7574a89f195a0fedaba5dcc77e4915143,0.0037174599710851908,0.11856385297595484,0.7299229398471389,0.7555800378322601,0.42880694195628166,0.5400250381231309
fine_control,53,star_concave,160,private-source://routeA_experiments/data/prospective_ood_rd_hddm_alpha001_v2/star_concave/sample_0160.npz,93d98230e4954693c935e7b6a7af76c2fa25aefb83d1da6027d6e69f2937d6be,0.003944169031456113,0.08874874460337762,0.4779876647174143,0.610917828977108,0.3227838143706322,0.40955380558967586
fine_control,53,star_concave,161,private-source://routeA_experiments/data/prospective_ood_rd_hddm_alpha001_v2/star_concave/sample_0161.npz,00e0f59193a483fa4f91a44aba4dc7a7d193df42292ed52da041457e2e87fce9,0.003809585003182292,0.10725216747376543,0.5023019666894563,0.48960311710834503,0.4086355175822973,0.4528366629034281
fine_control,53,star_concave,162,private-source://routeA_experiments/data/prospective_ood_rd_hddm_alpha001_v2/star_concave/sample_0162.npz,73adab284c949cf7286e1d55e2f7271f8e574888733c538e9bd6c7126210d7dc,0.004077081975992769,0.10769823497622152,0.5800394796383788,0.5050438120961189,0.42018545866012563,0.4865373142808675
fine_control,53,star_concave,163,private-source://routeA_experiments/data/prospective_ood_rd_hddm_alpha001_v2/star_concave/sample_0163.npz,62f2fdf3ad685d63e6744d4c87f1be77f5f4f173f3ac97973519283437aec8be,0.003688761033117771,0.07906822051514567,0.37039855812163475,0.5600768104195595,0.2862974882125853,0.38503084599971815
fine_control,53,star_concave,164,private-source://routeA_experiments/data/prospective_ood_rd_hddm_alpha001_v2/star_concave/sample_0164.npz,9d5ca7a47c569f8001da60474a5d5cd6410704b0b88a94c1bbb617a3ff070b6f,0.003649630001746118,0.07702710847290388,0.38186919151019977,0.5697793960571289,0.2615613326430321,0.3613819357752791
fine_control,53,star_concave,165,private-source://routeA_experiments/data/prospective_ood_rd_hddm_alpha001_v2/star_concave/sample_0165.npz,29665dc936a4f0885b352ba542d5b84c26ef8365b7471657a0b18a6199a4ec20,0.0034778249682858586,0.1264531846881269,0.9064479653540544,0.7319616377353668,0.5140660148113966,0.6236434993147854
fine_control,53,star_concave,166,private-source://routeA_experiments/data/prospective_ood_rd_hddm_alpha001_v2/star_concave/sample_0166.npz,cc601404792128ea7fb0b9e382daf4044b16752726051d33d189af92b63e9219,0.003472168988082558,0.12054161806552033,0.6975342966546507,0.8031928613781929,0.41567619144916534,0.5724179792404177
fine_control,53,star_concave,167,private-source://routeA_experiments/data/prospective_ood_rd_hddm_alpha001_v2/star_concave/sample_0167.npz,9fee3ab4e68d3386753b768109d90049f0d9ab17092f3bad0ae4e29e01fdff2e,0.0033495360403321683,0.1198180977024692,0.6109708349446988,0.6039156690239906,0.4317180663347244,0.4962683677673335
fine_control,53,star_concave,168,private-source://routeA_experiments/data/prospective_ood_rd_hddm_alpha001_v2/star_concave/sample_0168.npz,5b47765a6290b94b7d7ff73de6aabe979deba65e29f667e2494d93f1fe8e4c53,0.0034790710196830332,0.1171149707899642,0.726631291461887,0.7554855644702911,0.4126724526286125,0.6089161507785293
fine_control,53,star_concave,169,private-source://routeA_experiments/data/prospective_ood_rd_hddm_alpha001_v2/star_concave/sample_0169.npz,67bb298709d810bd66de79e3e631cbfe3470c51d81de1358148a67ea69a6734a,0.0034417520510032773,0.10224585681680064,0.4919067043137412,0.5137035101652145,0.3383465737104416,0.42106613636016843
fine_control,53,star_concave,170,private-source://routeA_experiments/data/prospective_ood_rd_hddm_alpha001_v2/star_concave/sample_0170.npz,ea79ed68e7fcbed7d4821fb08f6d31cd221c7d535e9e6e347dbabbc6c225268f,0.0033267189865000546,0.07908696897440272,0.4067133542655755,0.47308558225631714,0.3336010292172432,0.41262883096933356
fine_control,53,star_concave,171,private-source://routeA_experiments/data/prospective_ood_rd_hddm_alpha001_v2/star_concave/sample_0171.npz,4dce99e393c3f3aeec70b32543086cd0503997a3c73bb6088a2ea5028ddb609e,0.003574845031835139,0.07073689316854556,0.32122645723929516,0.4049021899700165,0.2744993790984154,0.3463117856532339
fine_control,53,star_concave,172,private-source://routeA_experiments/data/prospective_ood_rd_hddm_alpha001_v2/star_concave/sample_0172.npz,95062a2be872adfe3d433448a364573f1dcc6d23c46c7283098e1ff3266aa2cb,0.0033004070282913744,0.08924712616435405,0.45039387718308277,0.47425375133752823,0.3417399972677231,0.4611684873700142
fine_control,53,star_concave,173,private-source://routeA_experiments/data/prospective_ood_rd_hddm_alpha001_v2/star_concave/sample_0173.npz,f973c30b18b35d7e13fca880aa62b6d77b406606fa79bcf4e05ea9a183aaf747,0.0032707409700378776,0.1115414922931429,0.6580742441217717,0.5934615842998028,0.37702900543808937,0.4929624404758215
fine_control,53,star_concave,174,private-source://routeA_experiments/data/prospective_ood_rd_hddm_alpha001_v2/star_concave/sample_0174.npz,da423e7fb1017a419fd9e39c9877f0fe4936a8ade7a8744fb4d05f24020d1525,0.00414095597807318,0.08809344406968776,0.4146857076266336,0.4737185761332512,0.3256687641143798,0.40953985393047326
fine_control,53,star_concave,175,private-source://routeA_experiments/data/prospective_ood_rd_hddm_alpha001_v2/star_concave/sample_0175.npz,be6a60f58fa788e5509f48f70ce14bcccc9e8f4e06b149f5ea02f032e86a0c01,0.0033076059771701694,0.09400566904295009,0.5371718913130407,0.5203437358140945,0.36108633130788803,0.4626783907413483
fine_control,53,star_concave,176,private-source://routeA_experiments/data/prospective_ood_rd_hddm_alpha001_v2/star_concave/sample_0176.npz,8bca2d2f749dcf57abe9c29c0e66817254b5dd336a1895b563295dbe661c1ac8,0.0033647880190983415,0.11578195415330551,0.6795218391314991,0.7169801294803619,0.4036799520254135,0.5561154305934923
fine_control,53,star_concave,177,private-source://routeA_experiments/data/prospective_ood_rd_hddm_alpha001_v2/star_concave/sample_0177.npz,c146dae9f67d3f4d0626465827bfbba0af9e30abda534b39cabbf5dc3afd7c2b,0.004005076014436781,0.11816917920266364,0.7741262130481149,0.6047847270965576,0.4852571338415146,0.5263197958469392
fine_control,53,star_concave,178,private-source://routeA_experiments/data/prospective_ood_rd_hddm_alpha001_v2/star_concave/sample_0178.npz,567152031c4a0bb7383960f1716de7f47aaa09e1c18c4a8edc5894592a36008b,0.0037980990018695593,0.11259696497753015,0.6156123126401248,0.5790202245116234,0.44512425288558005,0.4958821441978216
fine_control,53,star_concave,179,private-source://routeA_experiments/data/prospective_ood_rd_hddm_alpha001_v2/star_concave/sample_0179.npz,c19450a9dbc614eb8e816ca15caa11f305314c88880e41a46b7a06a76270e9ef,0.0035402829525992274,0.12123367651297465,0.7240071888735166,0.6212240979075432,0.4340720362961292,0.531951366364956
fine_control,53,star_concave,180,private-source://routeA_experiments/data/prospective_ood_rd_hddm_alpha001_v2/star_concave/sample_0180.npz,979feb1dc5c9097d8b179d7c9936fa43ca9a7ad06aef8e9ddfd57ec83d56543b,0.003948891011532396,0.0840088448531345,0.4170431365456916,0.5243370085954666,0.3167323023080826,0.41155698001384733
fine_control,53,star_concave,181,private-source://routeA_experiments/data/prospective_ood_rd_hddm_alpha001_v2/star_concave/sample_0181.npz,9c2177662c7e7706987e5b9fc840e754df3531627695145c95cb0168891b0ec3,0.003737306979019195,0.11577465533558688,0.6924033012859258,0.5701485872268677,0.4530137963593006,0.5228984508663416
fine_control,53,star_concave,182,private-source://routeA_experiments/data/prospective_ood_rd_hddm_alpha001_v2/star_concave/sample_0182.npz,8e1f45388232b975857cf0eb5e800633511cd0fdc84fcac39506fd7ab06dd0ea,0.0033572199754416943,0.13007042773326039,0.9102123741278695,0.7051885202527046,0.4557290319353342,0.6022214651107785
fine_control,53,star_concave,183,private-source://routeA_experiments/data/prospective_ood_rd_hddm_alpha001_v2/star_concave/sample_0183.npz,f6af694d75d001d3c452801ea94aa82b47a2951f62861ba1a2885df85ec62b14,0.003117527987342328,0.09111871706576069,0.42315403268596075,0.5545708611607552,0.33458780497312546,0.4161345139145851
fine_control,53,star_concave,184,private-source://routeA_experiments/data/prospective_ood_rd_hddm_alpha001_v2/star_concave/sample_0184.npz,80d8e656007fb51095a1c187bc0dabfc69020fb316baf6af22ca45bdd6eedb55,0.0035340070025995374,0.12053736754325578,0.6850973961733988,0.6643693968653679,0.48615542240440845,0.5306666821241374
fine_control,53,star_concave,185,private-source://routeA_experiments/data/prospective_ood_rd_hddm_alpha001_v2/star_concave/sample_0185.npz,b5b247991e1e38b65af33f6e252ad30525ed1c2bb81d00bb8d67895a71fe25cc,0.0031675099744461477,0.1265638975065808,0.8095940058492588,0.6880708932876587,0.5101893052458762,0.6062865054607383
fine_control,53,star_concave,186,private-source://routeA_experiments/data/prospective_ood_rd_hddm_alpha001_v2/star_concave/sample_0186.npz,9cb3e8ed6dd35a1f1bd2884d7ccc37720ce91f97c87bb62db2bc7319ed7fa9ce,0.0034034199779853225,0.10642130072771348,0.5883436094786993,0.5049651935696602,0.43363829702138895,0.47725966803729536
fine_control,53,star_concave,187,private-source://routeA_experiments/data/prospective_ood_rd_hddm_alpha001_v2/star_concave/sample_0187.npz,b8a01e68369ac0ae2301cde85ae4523b06b6f852ccb68151c27e7b7a2e264805,0.003328752995003015,0.0670751127746489,0.36074647385653247,0.4839141368865967,0.29142383486032486,0.3941101118922234
fine_control,53,star_concave,188,private-source://routeA_experiments/data/prospective_ood_rd_hddm_alpha001_v2/star_concave/sample_0188.npz,402356ecf909dc7f80ce7a4fb74b2796d69e54097bc2e4bf1d0affd48a478691,0.0033989360090345144,0.07376810445564463,0.3475968784658611,0.5267500430345535,0.24463639110326765,0.30030335217714316
fine_control,53,star_concave,189,private-source://routeA_experiments/data/prospective_ood_rd_hddm_alpha001_v2/star_concave/sample_0189.npz,5d3af4e72fcbfb55abad2633b7b50c6ff1698d6149444cbb224faeb9fb80f7e1,0.0034280550316907465,0.09686447205571458,0.49353335274528704,0.5404373481869698,0.34863274097442626,0.44676428884267805
fine_control,53,star_concave,190,private-source://routeA_experiments/data/prospective_ood_rd_hddm_alpha001_v2/star_concave/sample_0190.npz,64ee3e78ef955d620e48dfc0c0575b217089daaeb07f6fd6b698b494d20cdc97,0.0033730429713614285,0.09999439042516295,0.5918889129251715,0.5587069988250732,0.34925486221909535,0.4899846959114075
fine_control,53,star_concave,191,private-source://routeA_experiments/data/prospective_ood_rd_hddm_alpha001_v2/star_concave/sample_0191.npz,6b6e2f1ef2a5225659b22dd222cfdeb623e3a9d34d146460b1201ec2c58ac5f2,0.0033581110183149576,0.11295608851076333,0.581445342052056,0.6469431035220623,0.38922057300806046,0.505277317389845
fine_control,53,star_concave,192,private-source://routeA_experiments/data/prospective_ood_rd_hddm_alpha001_v2/star_concave/sample_0192.npz,81e07c354e8b9090deac2dd659d673aa62dcc492675457e68850919289c02ee1,0.0033339569927193224,0.10627401361389895,0.6355879651403296,0.5982957407832146,0.38000923693180083,0.48657886624336244
fine_control,53,star_concave,193,private-source://routeA_experiments/data/prospective_ood_rd_hddm_alpha001_v2/star_concave/sample_0193.npz,2a055578d35dbeaf6f9777c70db61a17e59b21e0e089c4b73fe73fc8f30ee5c9,0.003499358019325882,0.1124347768310723,0.7038944630445088,0.6527848839759827,0.45298316776752484,0.5567323452234265
fine_control,53,star_concave,194,private-source://routeA_experiments/data/prospective_ood_rd_hddm_alpha001_v2/star_concave/sample_0194.npz,015bc47bb4c5ba3f27b05a1792fbb44af4337d85c98d106323f3d69d268d8c7a,0.003418117994442582,0.10811787158808542,0.6523448813811206,0.6407634019851685,0.42145347595214844,0.4801601245999336
fine_control,53,star_concave,195,private-source://routeA_experiments/data/prospective_ood_rd_hddm_alpha001_v2/star_concave/sample_0195.npz,4dc63967e6d5bcb0dad8dc928ac1c21ef324161440414cdd69f8fa0670c5622c,0.003429801028687507,0.1270361409429737,0.8074638333056422,0.8142510131001472,0.5117839574813843,0.5659479725360869
fine_control,53,star_concave,196,private-source://routeA_experiments/data/prospective_ood_rd_hddm_alpha001_v2/star_concave/sample_0196.npz,98c3c846abd7760ff75322a10ea69cbcf64050b1920000f30ac9ddef03a582bf,0.0037974209990352392,0.09634639672568983,0.5617763023540054,0.6304828226566315,0.3640854015946388,0.45017485424876197
fine_control,53,star_concave,197,private-source://routeA_experiments/data/prospective_ood_rd_hddm_alpha001_v2/star_concave/sample_0197.npz,5b762b3e30b125a39b0866174933e4f32d3c35f9dd054ae1cb4d4c37788ff8d7,0.0034978140029124916,0.09533130192529851,0.43599720465977787,0.5375715419650078,0.33809680957347155,0.4385999534279108
fine_control,53,star_concave,198,private-source://routeA_experiments/data/prospective_ood_rd_hddm_alpha001_v2/star_concave/sample_0198.npz,f1d5bb05bec2186640d91bfa3cdc67b166bd2952867a20a2796076984771c3e5,0.0033428239985369146,0.06754325569156445,0.29887644328777263,0.5105235278606415,0.25607256889343266,0.3411844384670259
fine_control,53,star_concave,199,private-source://routeA_experiments/data/prospective_ood_rd_hddm_alpha001_v2/star_concave/sample_0199.npz,24e273c05359ecf1670b3cd5ef34d49ef6c28ef523b55d61e6ff7b4dfcb1f389,0.0034389100037515163,0.09223042509439014,0.47137593145556345,0.4747794345021248,0.38758124038577074,0.4532188072800636
