model,training_seed,shape,sample_id,sample_file,sample_sha256,inference_seconds,mae,relative_l2,max_abs_error,p95_abs_error,p99_abs_error
mesh_gnn,42,slit_bridge,0,private-source://routeA_experiments/data/final_ood_frozen_v1/slit_bridge/sample_0000.npz,30d9b3db72b5f04e7aed5aca69b177e736741d71d456678de2c366e94064976a,0.0018931664526462555,0.07684784496569201,0.6788164681129562,0.7601574659347534,0.35278308764100075,0.6770171843469142
mesh_gnn,42,slit_bridge,1,private-source://routeA_experiments/data/final_ood_frozen_v1/slit_bridge/sample_0001.npz,35ca7668746e40038fbccaaf4b015e191d09a272260f8b2c67e05158beed58d9,0.00178589578717947,0.03793871607146678,0.2345929377245623,0.25662925094366074,0.14465536177158356,0.19300639182329157
mesh_gnn,42,slit_bridge,2,private-source://routeA_experiments/data/final_ood_frozen_v1/slit_bridge/sample_0002.npz,5aa31e0476a00717a676402ae73bf67f0900790fbaaba0689885a4f4d81b1d01,0.0018208418041467667,0.06992652384365423,0.544463054983254,0.6686564087867737,0.3153666816651821,0.5754285663366314
mesh_gnn,42,slit_bridge,3,private-source://routeA_experiments/data/final_ood_frozen_v1/slit_bridge/sample_0003.npz,fa2249a12bd45ebd5bf12289d408b399125153ec7a74d5498b2d06c116f8f405,0.0019126450642943382,0.07117405971251681,0.7429848507605229,0.8566525354981422,0.3061339594423771,0.6994064666330813
mesh_gnn,42,slit_bridge,4,private-source://routeA_experiments/data/final_ood_frozen_v1/slit_bridge/sample_0004.npz,4006cdfdceb8abe632e2df62c467d010fb9761bec6322c363b9f3abbc55829d4,0.0015463540330529213,0.05089069369227841,0.34508426222094607,0.44886916875839233,0.19815665110945702,0.3287887662649148
mesh_gnn,42,slit_bridge,5,private-source://routeA_experiments/data/final_ood_frozen_v1/slit_bridge/sample_0005.npz,1ea410d183d08cc06714b087bb528e626a67090d2f8931f1f61a73ddeff9902a,0.0019807564094662666,0.07024963135030388,1.0175962337660904,0.9601213410496712,0.22632346831960604,0.7657167278230185
mesh_gnn,42,slit_bridge,6,private-source://routeA_experiments/data/final_ood_frozen_v1/slit_bridge/sample_0006.npz,2b2b41c1ab84aefad645e09329749a0c4789e3a60b3931b89e053a383e66541e,0.0015573464334011078,0.06111146440593926,1.1535602761088348,0.9801022335886955,0.18873153440654278,0.48954014182090677
mesh_gnn,42,slit_bridge,7,private-source://routeA_experiments/data/final_ood_frozen_v1/slit_bridge/sample_0007.npz,e99898145655a5c1ce681d0eb3c7597d5032c10b823f0c114d9a1b16467ea524,0.002034233883023262,0.04345271370951562,0.30476491833308533,0.4212229251861572,0.1806865930557251,0.3384402722120284
mesh_gnn,42,slit_bridge,8,private-source://routeA_experiments/data/final_ood_frozen_v1/slit_bridge/sample_0008.npz,6e17a3aa2c3547f8d5c7c15a2ba8d09341c289bc2a2f8cc11cd61460dd0a75b4,0.0015339422971010208,0.0561650620309422,0.3612164330595481,0.39403536915779114,0.21205344423651695,0.2664911391213536
mesh_gnn,42,slit_bridge,9,private-source://routeA_experiments/data/final_ood_frozen_v1/slit_bridge/sample_0009.npz,cc5b71a537246355e6aa5eb87b1ec934946edb1d31595b1d37e482e2b73e96e4,0.0018676426261663437,0.06170909507787585,0.4903948101566199,0.5460025072097778,0.2664884626865387,0.46594899296760534
mesh_gnn,42,slit_bridge,10,private-source://routeA_experiments/data/final_ood_frozen_v1/slit_bridge/sample_0010.npz,87874a0f11d5ca1214cb1c831735689324f5d265f0ad734b920d4aea56a205a8,0.0017087431624531746,0.06327522214118547,0.6484506656378102,0.8703683987259865,0.27996864914894104,0.5738455131649961
mesh_gnn,42,slit_bridge,11,private-source://routeA_experiments/data/final_ood_frozen_v1/slit_bridge/sample_0011.npz,a23d58d483f0ee7d7d9ad82447d292fdde0c9f6964a6ce9759730ce9671620fc,0.0019265403971076012,0.07990349816620554,0.793853159014046,0.8555019125342369,0.3218231685459614,0.6756291322410106
mesh_gnn,42,slit_bridge,12,private-source://routeA_experiments/data/final_ood_frozen_v1/slit_bridge/sample_0012.npz,1bf5b6c8a99e6b1af341524d638c181408e613ec93db7fb6986f600e0e3c65a1,0.001908118836581707,0.05441700850335638,0.5655535771774808,0.6378628611564636,0.28165070712566376,0.5307073682546612
mesh_gnn,42,slit_bridge,13,private-source://routeA_experiments/data/final_ood_frozen_v1/slit_bridge/sample_0013.npz,1adafcde8c3f4e445b1b034d25421d3a48662f83f441bf0eecdee27f12cecbc3,0.001881956122815609,0.06301123603637923,0.4827566588812425,0.5587107837200165,0.2698250822722912,0.4495533078908914
mesh_gnn,42,slit_bridge,14,private-source://routeA_experiments/data/final_ood_frozen_v1/slit_bridge/sample_0014.npz,64b0e9dc29123e952cb0d300a00469414c7c7f76a16dd935a75e7624fe912b36,0.0020851902663707733,0.063333412735742,0.6901646475037213,0.8360854983329773,0.21110771596431732,0.6373353779315942
mesh_gnn,42,slit_bridge,15,private-source://routeA_experiments/data/final_ood_frozen_v1/slit_bridge/sample_0015.npz,b9c330fa4cfc004b6beec69ac0615be8854455f9775205c11364db4615c089be,0.0016143331304192543,0.07613364056745507,0.629382942212284,0.7576427757740021,0.31928306818008423,0.6425277184695005
mesh_gnn,42,slit_bridge,16,private-source://routeA_experiments/data/final_ood_frozen_v1/slit_bridge/sample_0016.npz,596996fb6aeff6e88332008eed32b4b95f86de86801a1640f6de12786cd403d3,0.0015494152903556824,0.036013113021803426,0.3728212087815667,0.5062569379806519,0.2036457657814026,0.3658913195133203
mesh_gnn,42,slit_bridge,17,private-source://routeA_experiments/data/final_ood_frozen_v1/slit_bridge/sample_0017.npz,312eedbc05e5128aebccd1eda0cb448659dcf770824e39ef15c6231d604d0095,0.0016234228387475014,0.06647094386054778,0.6163449441848993,0.7725166976451874,0.24798466265201569,0.5501780353486527
mesh_gnn,42,slit_bridge,18,private-source://routeA_experiments/data/final_ood_frozen_v1/slit_bridge/sample_0018.npz,41e1f220b6752fc77a60ab80dca4c8628042e5d54833a97c9832832e8db500e2,0.001558743417263031,0.032230879721915975,0.19796189747731371,0.2836543321609497,0.13304223120212555,0.22936869263648943
mesh_gnn,42,slit_bridge,19,private-source://routeA_experiments/data/final_ood_frozen_v1/slit_bridge/sample_0019.npz,b97fe8016fb4c7d7995df4c42b480dce1072ee7db9abb641c503877913ffce9c,0.0016230251640081406,0.0626945733860339,0.5420933157585996,0.6859893798828125,0.2867792472243309,0.5805313438177104
mesh_gnn,42,slit_bridge,20,private-source://routeA_experiments/data/final_ood_frozen_v1/slit_bridge/sample_0020.npz,994e03c5207e2ae7356bc74d2f380fd7f474af9a82fe4a9bb90585ddb10c1fb7,0.0015595229342579842,0.07616079429283194,0.7383476774719954,0.8382995799183846,0.3435051888227463,0.7253195554018014
mesh_gnn,42,slit_bridge,21,private-source://routeA_experiments/data/final_ood_frozen_v1/slit_bridge/sample_0021.npz,1456683b4642362ec663cedabc21c8bb0ed3f06ae1beb9ca35a8ac02768d7f01,0.001603802666068077,0.05785758714612446,0.46355807915361924,0.5439057350158691,0.2586294114589691,0.4663167774677271
mesh_gnn,42,slit_bridge,22,private-source://routeA_experiments/data/final_ood_frozen_v1/slit_bridge/sample_0022.npz,c36a4db85f26e6cbe9c3036e9cf2ad4c578008898c1405c54c1e0914ccc8ef1c,0.0015584751963615417,0.07027555380718237,0.5343200916051617,0.505433976650238,0.31611414859071374,0.4256554037332534
mesh_gnn,42,slit_bridge,23,private-source://routeA_experiments/data/final_ood_frozen_v1/slit_bridge/sample_0023.npz,610587d7aa0593f777b96e6fdb4fdcf2ebc68a867c186890c7838e7b2d944c00,0.001609346829354763,0.07236779766356526,0.656833262620614,0.7384916245937347,0.29281238093972206,0.6181293249130247
mesh_gnn,42,slit_bridge,24,private-source://routeA_experiments/data/final_ood_frozen_v1/slit_bridge/sample_0024.npz,959eeaf23d4f71a25e7eff4fc4c4640be516df58074ab3dad10126c1ca5ed619,0.0015602894127368927,0.08034932043611231,1.1207475409622973,0.9573327824473381,0.2466235934989527,0.6906594276428218
mesh_gnn,42,slit_bridge,25,private-source://routeA_experiments/data/final_ood_frozen_v1/slit_bridge/sample_0025.npz,12244099e66cc796717b1ac4a0197a86db0d3832ae8f92f8b6285b350ded04cd,0.0016307961195707321,0.03905428070233355,0.2844169072316351,0.3605769872665405,0.16175159439444542,0.24608479440212222
mesh_gnn,42,slit_bridge,26,private-source://routeA_experiments/data/final_ood_frozen_v1/slit_bridge/sample_0026.npz,8ec7e62775275cf1cdcb11a3a5070589032551c0222125cc6f2572c5b6100c1e,0.0015693474560976028,0.07929332035539295,0.6727920905865289,0.7793148756027222,0.3689713180065155,0.6725071720778938
mesh_gnn,42,slit_bridge,27,private-source://routeA_experiments/data/final_ood_frozen_v1/slit_bridge/sample_0027.npz,a57e3c4af7915d4277fe784929f02e1108f70b06739b89cc49e2f31db68759d6,0.0016216151416301727,0.051195322624857355,0.4686222159384534,0.6634289026260376,0.26279884576797485,0.46442362666130044
mesh_gnn,42,slit_bridge,28,private-source://routeA_experiments/data/final_ood_frozen_v1/slit_bridge/sample_0028.npz,129f68b38d7e4376d96e492a23bdc037ec06345501698eb53f87dc4c2bdcf26b,0.0015526870265603065,0.058364864304001556,0.40024929051569397,0.4628351628780365,0.25403305888175964,0.3888006597757338
mesh_gnn,42,slit_bridge,29,private-source://routeA_experiments/data/final_ood_frozen_v1/slit_bridge/sample_0029.npz,d7be996266c698efe66a16bcc34de0aff06589c37bb8599f9f62b3c06206baa6,0.0016284910961985588,0.05617283850670865,0.4845071865275981,0.5558699667453766,0.28570209443569183,0.47325961589813215
mesh_gnn,42,slit_bridge,30,private-source://routeA_experiments/data/final_ood_frozen_v1/slit_bridge/sample_0030.npz,b09f05e8c2f7a9d479d786d72d681814f27d08ee89b3d974343fd2b090a1ce6a,0.001557319425046444,0.06096028067425176,0.4647914356190056,0.6417159736156464,0.25117295421659946,0.47339733541011786
mesh_gnn,42,slit_bridge,31,private-source://routeA_experiments/data/final_ood_frozen_v1/slit_bridge/sample_0031.npz,bc00125fdaa393e280c5352531595db001f7ddb3deb151245917cd589e5c31f0,0.0016129976138472557,0.04117185718038112,0.26694004106203617,0.34821200370788574,0.17078867554664612,0.25824764668941486
mesh_gnn,42,slit_bridge,32,private-source://routeA_experiments/data/final_ood_frozen_v1/slit_bridge/sample_0032.npz,210304fe0d7d8f0427af5f9a0754f958b13e7ca893e23870daca6089c7494849,0.0015604812651872635,0.04577197547704486,0.3762304237572494,0.45920097827911377,0.24073077738285065,0.35709264874458296
mesh_gnn,42,slit_bridge,33,private-source://routeA_experiments/data/final_ood_frozen_v1/slit_bridge/sample_0033.npz,27aec766b6350542fba91a6efe33f57848a74817bca29836eb0daa48b8186c28,0.0016043465584516525,0.07995012201113956,0.7268329906984932,0.826224684715271,0.3156295567750931,0.7090074688196171
mesh_gnn,42,slit_bridge,34,private-source://routeA_experiments/data/final_ood_frozen_v1/slit_bridge/sample_0034.npz,188e43a83a5baeee871f92676435b8b14ff91c60dfed2c7edaee32a7c3fe7437,0.001555909402668476,0.05279332697072378,0.4222430486333747,0.5407127439975739,0.21621086448431015,0.35887032747268627
mesh_gnn,42,slit_bridge,35,private-source://routeA_experiments/data/final_ood_frozen_v1/slit_bridge/sample_0035.npz,7b87bcf793f11163ce8025e6ca4bc45abb9b34cf709bd1bb8b9fb68b3a8dabe4,0.001611914485692978,0.05945600209672305,0.5058118188352672,0.5926362574100494,0.27471522986888885,0.4891404449939725
mesh_gnn,42,slit_bridge,36,private-source://routeA_experiments/data/final_ood_frozen_v1/slit_bridge/sample_0036.npz,4c37861366bb2835c656390a05790cc29a37a467fa5c97e436d4dc5e6180c227,0.0015585971996188164,0.048258135723469375,0.47459890363360313,0.6436309218406677,0.22773610055446625,0.46839658021926867
mesh_gnn,42,slit_bridge,37,private-source://routeA_experiments/data/final_ood_frozen_v1/slit_bridge/sample_0037.npz,8fbc3afcf65822fdaf99fdeb4b9caaacaaa2422144e57b088e882fc0dcbcdfe9,0.0016197385266423225,0.05955994377891,0.5278279328190066,0.676981121301651,0.27866001799702644,0.5623392641544337
mesh_gnn,42,slit_bridge,38,private-source://routeA_experiments/data/final_ood_frozen_v1/slit_bridge/sample_0038.npz,d8aa380b826e09980e586e8dcd26acff520e462dddbb758d989ce305a62e2bd2,0.0019473927095532417,0.0617103952383814,0.4801610718636888,0.5760805904865265,0.3003299683332443,0.5054927468299866
mesh_gnn,42,slit_bridge,39,private-source://routeA_experiments/data/final_ood_frozen_v1/slit_bridge/sample_0039.npz,5773aed921a57866510a828614cf323ba3e5c1f662198f68ba30e9cd435e428d,0.0016259262338280678,0.06566003822410729,0.7470322528569523,0.7975497245788574,0.25682640820741653,0.617705002427101
mesh_gnn,42,slit_bridge,40,private-source://routeA_experiments/data/final_ood_frozen_v1/slit_bridge/sample_0040.npz,10b3fc9be817d0fa28e4f2ad0ce1679a84b2986a85b9c817ff380bc606731884,0.001970878802239895,0.08183045404652843,0.695600084374888,0.7590544819831848,0.38378361985087395,0.6491938173770903
mesh_gnn,42,slit_bridge,41,private-source://routeA_experiments/data/final_ood_frozen_v1/slit_bridge/sample_0041.npz,cdde49a6f56183448eeefafbf84517c5719d37b8e33b5fb3d5907c79ec0c3d4d,0.0019372859969735146,0.04978872746029613,0.39209369435082675,0.580866314470768,0.18383373878896236,0.3422540627419938
mesh_gnn,42,slit_bridge,42,private-source://routeA_experiments/data/final_ood_frozen_v1/slit_bridge/sample_0042.npz,bd82adbf113c51db9c8fdb7ae61bdfb4b0de8fd0738107c1b16747edf214ed83,0.0020023612305521965,0.03367436221417237,0.1808930943008272,0.24854087829589844,0.11610517650842667,0.15633208751678462
mesh_gnn,42,slit_bridge,43,private-source://routeA_experiments/data/final_ood_frozen_v1/slit_bridge/sample_0043.npz,1b05a0e90cb92ad13e160cd9d88d3ccd24a5d5042572cbdeb6c780eb7c691723,0.0018560467287898064,0.08090785762472576,0.8928188026352847,0.9125454947352409,0.3815203607082367,0.763327875733374
mesh_gnn,42,slit_bridge,44,private-source://routeA_experiments/data/final_ood_frozen_v1/slit_bridge/sample_0044.npz,9eab1dd2e918e6415c0ac9317c974fb554285878086fbcec4685c90b0a603efd,0.0018426813185214996,0.06741293070216856,0.7157787747638701,0.7693973779678345,0.24513120972551405,0.6027577772736548
mesh_gnn,42,slit_bridge,45,private-source://routeA_experiments/data/final_ood_frozen_v1/slit_bridge/sample_0045.npz,28399d49797881f5a264063c34c2a36369094141bb9cf4c05cbdaee4d1f32c15,0.0019958261400461197,0.07705937657892174,0.9166029533407065,0.9232751354575157,0.2775045484304428,0.7066998869180677
mesh_gnn,42,slit_bridge,46,private-source://routeA_experiments/data/final_ood_frozen_v1/slit_bridge/sample_0046.npz,137e9591ce0032a2d71b366e44219ca9b23cbd2f3a421043183f5c5f8e25cd7f,0.002015278674662113,0.05517187860080238,0.5262088861834447,0.6490063965320587,0.27255095541477203,0.5139562547206875
mesh_gnn,42,slit_bridge,47,private-source://routeA_experiments/data/final_ood_frozen_v1/slit_bridge/sample_0047.npz,a34fc43c7eb5b8809b22c7c026452d2278be0d7636bd62dbf7db0e72488bfe93,0.0018665660172700882,0.07301811890711747,0.4933733864336108,0.4745604395866394,0.33715314231812954,0.4051037877798079
mesh_gnn,42,slit_bridge,48,private-source://routeA_experiments/data/final_ood_frozen_v1/slit_bridge/sample_0048.npz,d3dea4d451c780395aeec9e434f3f3426fa5b35717d062d652d0000cb4849ab0,0.0020105717703700066,0.06684370511988284,0.6378655734057435,0.7441239953041077,0.29331058636307716,0.5887585520744323
mesh_gnn,42,slit_bridge,49,private-source://routeA_experiments/data/final_ood_frozen_v1/slit_bridge/sample_0049.npz,65ea22db20d21e0adb8290dfc006ce6871e3b0e95cbda2d1b6dc4212521b340d,0.0017098095268011093,0.06482454792721423,0.5859778522997703,0.6813351809978485,0.28480906784534454,0.545267790555954
mesh_gnn,42,slit_bridge,50,private-source://routeA_experiments/data/final_ood_frozen_v1/slit_bridge/sample_0050.npz,84c0049ab4231171d59431596c6d5ee4a6296eb0688530fec168df065e5f3736,0.0015457216650247574,0.062378049758524914,0.6172931451805586,0.7981027960777283,0.28975699841976166,0.6183018624782558
mesh_gnn,42,slit_bridge,51,private-source://routeA_experiments/data/final_ood_frozen_v1/slit_bridge/sample_0051.npz,4a2b9189cfb9e62a2d88e9b4f0538c291df4cf2365fc6101f7bcb0ca5ea19039,0.0019365372136235237,0.07176568079151151,0.8923527123138129,0.9318978935480118,0.2773381471633911,0.7602951392531385
mesh_gnn,42,slit_bridge,52,private-source://routeA_experiments/data/final_ood_frozen_v1/slit_bridge/sample_0052.npz,7a6182ea0d10e503b4488744930d05c12fe0a98749a0f08c0bf9a0ade333130c,0.0015645325183868408,0.0879414129638449,0.7278808587567792,0.8014183640480042,0.4040661845356226,0.7141975939273831
mesh_gnn,42,slit_bridge,53,private-source://routeA_experiments/data/final_ood_frozen_v1/slit_bridge/sample_0053.npz,f38fc50a05bb0fe7cbe4b70cd13485a58e43ff94c9c22822cb929aed2391bc79,0.0018653888255357742,0.053274890010817394,0.5272087608338241,0.5384637415409088,0.23352043330669403,0.4638806581497191
mesh_gnn,42,slit_bridge,54,private-source://routeA_experiments/data/final_ood_frozen_v1/slit_bridge/sample_0054.npz,523ec7f16e149a678ab1eee24891a839649693313f63f9f03417215898e364c2,0.0015539173036813736,0.06743374826557105,0.7102046232735081,0.7808481156826019,0.3209471367299557,0.6720746949315065
mesh_gnn,42,slit_bridge,55,private-source://routeA_experiments/data/final_ood_frozen_v1/slit_bridge/sample_0055.npz,a11a3648b53fa4f131e8a071f27bd07db354d48796864dbb9f50084862cbf7af,0.0018553026020526886,0.04948181712422288,0.28127363159594854,0.27738654613494873,0.17119479179382324,0.22622837126255035
mesh_gnn,42,slit_bridge,56,private-source://routeA_experiments/data/final_ood_frozen_v1/slit_bridge/sample_0056.npz,754e5a373c358a5e7e5648b5ee524f7f3caf5be3ad24ca01b4bbaa5930f3722f,0.0018749041482806206,0.04444821419793611,0.2707545741180461,0.47759491205215454,0.1867777556180954,0.27272714972496026
mesh_gnn,42,slit_bridge,57,private-source://routeA_experiments/data/final_ood_frozen_v1/slit_bridge/sample_0057.npz,88bdcbb6787810fba1f67ab1e1d706c0a0449080180a5731fe9e830cd5c1781e,0.001837470568716526,0.05934222159357345,0.4647533128417959,0.49097374081611633,0.2497120499610901,0.4218459218740463
mesh_gnn,42,slit_bridge,58,private-source://routeA_experiments/data/final_ood_frozen_v1/slit_bridge/sample_0058.npz,25dc8c7315b0e070c4b3619308cd7da2f67091e9d12652a39dff2c4abf512a48,0.0019480064511299133,0.051126027686403064,0.5026084815728393,0.5980605483055115,0.22838015109300613,0.48594415485858883
mesh_gnn,42,slit_bridge,59,private-source://routeA_experiments/data/final_ood_frozen_v1/slit_bridge/sample_0059.npz,8537f0d12de7433ac2c634794f33eec0a1ef183fb6a9871cd07ec6fe9960e78c,0.001375867985188961,0.06534267832020617,0.6455292853733047,0.8463782370090485,0.24312854185700417,0.5834600150585171
mesh_gnn,42,slit_bridge,60,private-source://routeA_experiments/data/final_ood_frozen_v1/slit_bridge/sample_0060.npz,ccb10d13e92987f9e92f19f57b8c828d1cec71baabf49eeda5b8131c81cffaae,0.0016374150291085243,0.0631586112622236,0.5496840877298378,0.6954721808433533,0.2537307534366846,0.6100687175989149
mesh_gnn,42,slit_bridge,61,private-source://routeA_experiments/data/final_ood_frozen_v1/slit_bridge/sample_0061.npz,617d3d8d6e33e0cd8b2d68db50b259c76f1b572922b1f4eafd14d5c95f7f2927,0.002009456977248192,0.05446950611838245,0.41597021127654,0.6120736300945282,0.2131861224770546,0.39828685000538816
mesh_gnn,42,slit_bridge,62,private-source://routeA_experiments/data/final_ood_frozen_v1/slit_bridge/sample_0062.npz,4cb6187852b50d7a648cc396d4b92a5199fc15e009d3e6afe856b73e4795fb3c,0.0016992595046758652,0.08146118344059182,0.6836793409608725,0.7202358841896057,0.3808051496744156,0.680085280537605
mesh_gnn,42,slit_bridge,63,private-source://routeA_experiments/data/final_ood_frozen_v1/slit_bridge/sample_0063.npz,dac27c2cdc3cfd09038c74bf4bee8892e3fbd4242d4ae68cf068121304f4b392,0.0016205860301852226,0.07593256789015104,0.8456136419198353,0.9482297673821449,0.3162977397441864,0.8354150913655756
mesh_gnn,42,slit_bridge,64,private-source://routeA_experiments/data/final_ood_frozen_v1/slit_bridge/sample_0064.npz,42bf6e538ce7971d6bb267afcbb5017c74c7ee0a38eeeb22b770afd6da523ffd,0.0013642562553286552,0.04780502874227013,0.3833190827634739,0.5713107883930206,0.18740417808294296,0.4380381196737287
mesh_gnn,42,slit_bridge,65,private-source://routeA_experiments/data/final_ood_frozen_v1/slit_bridge/sample_0065.npz,8ae70c1cc087b2cb14feefb626847c8e54e0ee1ff237949762758fc9fef1ccfe,0.0016083642840385437,0.07191818373405254,0.5502766788785547,0.6978819370269775,0.2610981776379049,0.550759482383726
mesh_gnn,42,slit_bridge,66,private-source://routeA_experiments/data/final_ood_frozen_v1/slit_bridge/sample_0066.npz,bf5bec0125f3e132a0234c3c65c18310c2a824fe299149a53c91065ba9684ebc,0.0013690553605556488,0.03651088569138938,0.2826039791929306,0.38867223262786865,0.16742323338985443,0.29390010833740227
mesh_gnn,42,slit_bridge,67,private-source://routeA_experiments/data/final_ood_frozen_v1/slit_bridge/sample_0067.npz,c4c4d08eb71d2a88a3573896b8651cdf6ff3433eaf00aef21e8815ee63c8636b,0.00193680077791214,0.03468238707618321,0.22295073085925232,0.31662118434906006,0.1164686530828476,0.16582554578781122
mesh_gnn,42,slit_bridge,68,private-source://routeA_experiments/data/final_ood_frozen_v1/slit_bridge/sample_0068.npz,9d5bf135c023eb440f5e2fcdbcd3144986ccea4a471e8d876188876d1f874f48,0.0016185333952307701,0.06964325371316563,0.7515336957127654,0.8302862048149109,0.29650735203176737,0.5483809135854235
mesh_gnn,42,slit_bridge,69,private-source://routeA_experiments/data/final_ood_frozen_v1/slit_bridge/sample_0069.npz,5c786c1f5b59aea34b782d6d4f11df00e05c430f5d55022b5da71cb4fb8d0930,0.001998024992644787,0.062158949980744,0.597355320850547,0.6963741779327393,0.32411375269293785,0.5914671361446379
mesh_gnn,42,slit_bridge,70,private-source://routeA_experiments/data/final_ood_frozen_v1/slit_bridge/sample_0070.npz,ed31a0aa3d983e019a2886acd9e424e492ee60dd9051fcd420f294aa7d65556d,0.0013606380671262741,0.06086831084830851,0.5806465910889697,0.6973997354507446,0.2751932591199875,0.5147311598062513
mesh_gnn,42,slit_bridge,71,private-source://routeA_experiments/data/final_ood_frozen_v1/slit_bridge/sample_0071.npz,392690e82cd3c5edc07092ea1286bb31ee5ff623427f4ad994d7d81479d6dab4,0.0017461655661463737,0.06053798296129228,0.6444116508320811,0.7501224875450134,0.30485206842422485,0.5819882445037361
mesh_gnn,42,slit_bridge,72,private-source://routeA_experiments/data/final_ood_frozen_v1/slit_bridge/sample_0072.npz,13d1458cb7f3b3c59870f9253bb955db809110e13c2d3e0b7bd73b1dc03bcc6b,0.0016092676669359207,0.06520607506710277,0.7344452667937554,0.8200773000717163,0.2780288904905319,0.5902692258358001
mesh_gnn,42,slit_bridge,73,private-source://routeA_experiments/data/final_ood_frozen_v1/slit_bridge/sample_0073.npz,abe7b6b76ff8f9f9514fc6c9452f5d49124e62bec9ef2160c3a275b0c13db251,0.0018324926495552063,0.08859407216491351,0.8001573154386432,0.7565335929393768,0.37337251007556915,0.6131858527660369
mesh_gnn,42,slit_bridge,74,private-source://routeA_experiments/data/final_ood_frozen_v1/slit_bridge/sample_0074.npz,51ff9c6ba58e09f4038fba26fc78e8d866d805ea092ff9a4834e7d07d5b953c3,0.0016211643815040588,0.04063428930902703,0.2949293827876226,0.3091891407966614,0.16274835169315338,0.26187376379966726
mesh_gnn,42,slit_bridge,75,private-source://routeA_experiments/data/final_ood_frozen_v1/slit_bridge/sample_0075.npz,295242b0a3c4441b1839c2e51ada10cd8d911b42bc383c1c876668ed7db69aca,0.0018311934545636177,0.059881560453148436,0.5290301662825935,0.606925368309021,0.2575357109308243,0.51249024271965
mesh_gnn,42,slit_bridge,76,private-source://routeA_experiments/data/final_ood_frozen_v1/slit_bridge/sample_0076.npz,beb19109c76423a493f2dce420b9e7186ae828c5f8afa7330784720dd627942a,0.001445041038095951,0.07508878030513334,0.6002719207759071,0.7052017450332642,0.3367698937654495,0.5724469333887098
mesh_gnn,42,slit_bridge,77,private-source://routeA_experiments/data/final_ood_frozen_v1/slit_bridge/sample_0077.npz,2b930b075d3b18dc862520638716d3ca8b214cccc86033c8a5389cf1eee32caf,0.0015676813200116158,0.06848859027489217,0.7106841961518529,0.8077861368656158,0.29968350753188133,0.6840053692460044
mesh_gnn,42,slit_bridge,78,private-source://routeA_experiments/data/final_ood_frozen_v1/slit_bridge/sample_0078.npz,81766226a2c457e6280404619b8b2ac47bc63cd5302a18b5988528768c89a906,0.0014306865632534027,0.07112408004466858,0.6972880342529222,0.8818979188799858,0.3132753372192383,0.6626087158918369
mesh_gnn,42,slit_bridge,79,private-source://routeA_experiments/data/final_ood_frozen_v1/slit_bridge/sample_0079.npz,39d04f6918bf1e91b48064494be9aa05bd75bf2d12d1b69e17182fdccc736084,0.001550566405057907,0.07059029307610533,0.5366977452790598,0.6519728899002075,0.33943986892700195,0.5552736580371855
mesh_gnn,42,slit_bridge,80,private-source://routeA_experiments/data/final_ood_frozen_v1/slit_bridge/sample_0080.npz,34759e2ce25b3deafb7b86e4a166e29aa7b6ad6312b24ec108b7195308a75605,0.0014248965308070183,0.08164022487844809,0.9308796886287756,0.8633927404880524,0.3484353367239237,0.7432064980268475
mesh_gnn,42,slit_bridge,81,private-source://routeA_experiments/data/final_ood_frozen_v1/slit_bridge/sample_0081.npz,c09c71d395b921fd42317ee8257d8e8ca0fefc88548e7044fde1c9427bc01d57,0.0018256762996315956,0.039444970356535415,0.23096669866550804,0.3375871479511261,0.14059410989284515,0.21322564780712083
mesh_gnn,42,slit_bridge,82,private-source://routeA_experiments/data/final_ood_frozen_v1/slit_bridge/sample_0082.npz,76690bbcb43ff947e8588630e8c1f5eaeae09d80c05290dd16299c07f4b07db3,0.0020306259393692017,0.04359782348226938,0.2965042522851175,0.4501056671142578,0.1764791626483202,0.2808333933353423
mesh_gnn,42,slit_bridge,83,private-source://routeA_experiments/data/final_ood_frozen_v1/slit_bridge/sample_0083.npz,b13467cf03c2c8574ad8306306835f018286494378025cc13aa4b84ebb20ce43,0.0015510646626353264,0.07529075654896913,1.3821525221176694,0.9972537383437157,0.24710269660135964,0.6154104292392721
mesh_gnn,42,slit_bridge,84,private-source://routeA_experiments/data/final_ood_frozen_v1/slit_bridge/sample_0084.npz,9c49b44f5bee1f5433dbba97fd43f3fbe29009da78b18d356f171b5351154266,0.0015538297593593597,0.038694831160847355,0.29864635537699097,0.39630234241485596,0.17893236130475998,0.27102905213832834
mesh_gnn,42,slit_bridge,85,private-source://routeA_experiments/data/final_ood_frozen_v1/slit_bridge/sample_0085.npz,f99b2ecfc893456f4094ee49f725dacd918863f2c57f06cd9486ed733ef4c220,0.001555081456899643,0.08395294644994884,0.8440798132833531,0.8545715808868408,0.36237461492419243,0.6716179750859734
mesh_gnn,42,slit_bridge,86,private-source://routeA_experiments/data/final_ood_frozen_v1/slit_bridge/sample_0086.npz,fa0010c85def531807bfac046d520a0e1fcfa53f399129a530872a5ed7c486e8,0.0018282746896147728,0.07928954155793073,0.7269387946394306,0.8273498713970184,0.4358161687850952,0.7119318276643752
mesh_gnn,42,slit_bridge,87,private-source://routeA_experiments/data/final_ood_frozen_v1/slit_bridge/sample_0087.npz,c71c435433f07e222a9c7657e14158b1582d4eb606c1feec9a70429635dc0db8,0.001965331844985485,0.07099648841987312,0.6889326387841362,0.7448567152023315,0.3497254252433777,0.6280300617218015
mesh_gnn,42,slit_bridge,88,private-source://routeA_experiments/data/final_ood_frozen_v1/slit_bridge/sample_0088.npz,356663c8d9f185922d520ff8cab4336c663ae05fa5851257b47fd5a7f2890d38,0.0018028486520051956,0.06534313221962681,0.5316989318399898,0.5543655157089233,0.2600556015968323,0.4989226251840591
mesh_gnn,42,slit_bridge,89,private-source://routeA_experiments/data/final_ood_frozen_v1/slit_bridge/sample_0089.npz,8a9067dfbc0e5c2e206260b72a5ca217d4c4ab8591213e41f21555fef28ede5c,0.0018529798835515976,0.0470113047858069,0.42701166742362484,0.5304779410362244,0.2266116589307785,0.3824641823768615
mesh_gnn,42,slit_bridge,90,private-source://routeA_experiments/data/final_ood_frozen_v1/slit_bridge/sample_0090.npz,e8f22014254e79ac9ea4af542bb6a6578f4d3903902c242153233437a8df0eca,0.0018682805821299553,0.07816809537428715,0.6665703484918815,0.7769898176193237,0.3133341372013092,0.6253101408481596
mesh_gnn,42,slit_bridge,91,private-source://routeA_experiments/data/final_ood_frozen_v1/slit_bridge/sample_0091.npz,9ac5d5dae9509b1d341ae8236d8e0bd3b682e73f0fabd2327bc777955fc68672,0.002047489397227764,0.03527893787907578,0.2283323224745315,0.3987125754356384,0.14715656638145447,0.2460851512849329
mesh_gnn,42,slit_bridge,92,private-source://routeA_experiments/data/final_ood_frozen_v1/slit_bridge/sample_0092.npz,fce6d4931689f991567299750cb2e58ba69a69fb8a7ea9ca2b6623d311e269b9,0.0017543584108352661,0.045147114003552716,0.3551096650846709,0.4467795491218567,0.1678885817527771,0.32320954203605623
mesh_gnn,42,slit_bridge,93,private-source://routeA_experiments/data/final_ood_frozen_v1/slit_bridge/sample_0093.npz,ba68ade9b7a7667d9de5bbb4e80fd05e409e86460843549762f31a41447162d1,0.001993715763092041,0.07020217785031327,0.6861208566320233,0.7003068327903748,0.32989248633384705,0.5846028476953501
mesh_gnn,42,slit_bridge,94,private-source://routeA_experiments/data/final_ood_frozen_v1/slit_bridge/sample_0094.npz,ccba8ddededbe3b30aeff76d268cff5c811b3ec60c50fc5e9c8ad0ef75b4658f,0.0018189018592238426,0.05054595196355251,0.5160022600336797,0.552573949098587,0.29353421926498413,0.44512191116809807
mesh_gnn,42,slit_bridge,95,private-source://routeA_experiments/data/final_ood_frozen_v1/slit_bridge/sample_0095.npz,d8673dac77deb264dbb605e3b8da123628dc8c82574f2e781ca0ed91d7e7ce88,0.0015316959470510483,0.0649143747146488,0.6732485438256018,0.7320845425128937,0.29061761498451233,0.6173311769962309
mesh_gnn,42,slit_bridge,96,private-source://routeA_experiments/data/final_ood_frozen_v1/slit_bridge/sample_0096.npz,88387af9839890df82ba2388bdcdfa95d6200c6b8848f9cbfc0dda3b8e1f5f31,0.001554085873067379,0.06905072575441938,0.6146352248180966,0.7108851075172424,0.3438856787979603,0.6392500959336752
mesh_gnn,42,slit_bridge,97,private-source://routeA_experiments/data/final_ood_frozen_v1/slit_bridge/sample_0097.npz,042e86e783efa3942e62430f3045cf582a6d959709c938cb225b92bc44bcc64f,0.0019711991772055626,0.04798628998577253,0.32613116832411915,0.39370977878570557,0.1832539588212967,0.3159047365188598
mesh_gnn,42,slit_bridge,98,private-source://routeA_experiments/data/final_ood_frozen_v1/slit_bridge/sample_0098.npz,f76accedd1c25ec4c7b700fef8f7e440bff7ca6d234800cb8d3b4cd6f7f7b8e6,0.0015522418543696404,0.07221388089968264,0.6676541497302902,0.717237114906311,0.3417319357395172,0.5971764951944348
mesh_gnn,42,slit_bridge,99,private-source://routeA_experiments/data/final_ood_frozen_v1/slit_bridge/sample_0099.npz,6a4b39b6a971b50d0cd5a3eefaf6a1f3f142b0d9ecee397ce1ff23093f6a46d9,0.0015430301427841187,0.04295322209930975,0.31639207209006137,0.3796742856502533,0.1714850813150406,0.3249536991119384
mesh_gnn,42,slit_bridge,100,private-source://routeA_experiments/data/final_ood_frozen_v1/slit_bridge/sample_0100.npz,09c098f8500ef7ae13df30b97fd58bdcffba8843b115a610318dc18f65ef3540,0.0015303269028663635,0.0650441686588432,0.7033946419942089,0.8611299470067024,0.25220298767089844,0.661616465449333
mesh_gnn,42,slit_bridge,101,private-source://routeA_experiments/data/final_ood_frozen_v1/slit_bridge/sample_0101.npz,3671b99524219e4e7f1acd583f0a9f657d15a23a30ed3d575564b8f9d92d770e,0.0015573156997561455,0.04359089155152218,0.33384412403802716,0.5175369083881378,0.2209576517343521,0.39645284712314594
mesh_gnn,42,slit_bridge,102,private-source://routeA_experiments/data/final_ood_frozen_v1/slit_bridge/sample_0102.npz,b8b9ab3a97d31d7c91628f73ac4db6371901871d302b30af028ae7297b2b153b,0.0015494432300329208,0.07803063611190801,1.2043085001713207,0.9704049751162529,0.3277212327811867,0.7105862222611891
mesh_gnn,42,slit_bridge,103,private-source://routeA_experiments/data/final_ood_frozen_v1/slit_bridge/sample_0103.npz,9f972861588cfdfdfbc3d1b3492908230dc44d640058083aa85270fbceb816f9,0.0019692936912178993,0.0679702049350599,0.657488401832608,0.6864279508590698,0.32478422671556473,0.615423348546028
mesh_gnn,42,slit_bridge,104,private-source://routeA_experiments/data/final_ood_frozen_v1/slit_bridge/sample_0104.npz,762aadec5fa91e8e7a7f85a7683286f4a4fa0192f736680d733b0707b91d4494,0.002004796639084816,0.08299636394912012,0.796575629272856,0.8747871816158295,0.3942969888448715,0.736501547694206
mesh_gnn,42,slit_bridge,105,private-source://routeA_experiments/data/final_ood_frozen_v1/slit_bridge/sample_0105.npz,713c1a733e7b6f8c51dfe4d3f144d58d7ee189053361d35b7cb0099d093f55b6,0.0019284114241600037,0.059878940612776946,0.5750793318322995,0.6793892085552216,0.2485809028148651,0.5797096103429793
mesh_gnn,42,slit_bridge,106,private-source://routeA_experiments/data/final_ood_frozen_v1/slit_bridge/sample_0106.npz,73c88046498ca7cb948857d6c873d10ec1b1bb70ce8813a259156f5e49c803e0,0.0017558988183736801,0.055642167060905134,0.6101919581498333,0.889527790248394,0.2377997636795044,0.5670933216810222
mesh_gnn,42,slit_bridge,107,private-source://routeA_experiments/data/final_ood_frozen_v1/slit_bridge/sample_0107.npz,8e962067b4a867a40f8b8f07d19dbcf42eb4d7a6b08ac522bd140e761933b129,0.001815316267311573,0.07310288407030414,0.6702881500309545,0.7311784327030182,0.32864997908473015,0.6349489361047744
mesh_gnn,42,slit_bridge,108,private-source://routeA_experiments/data/final_ood_frozen_v1/slit_bridge/sample_0108.npz,23bb0eb2ffb8522d891e10b78e9f4fcf6ea2c8b5136c119d1353dc41e81126a2,0.0015432760119438171,0.040641635655272,0.2842298520216225,0.38154375553131104,0.21180835366249084,0.2853883028030388
mesh_gnn,42,slit_bridge,109,private-source://routeA_experiments/data/final_ood_frozen_v1/slit_bridge/sample_0109.npz,ee7d8642727cde846b418e0d6ef6f3d525513d8f7c13d4e21a694399a5887809,0.0021321168169379234,0.07608479799643407,0.7365496034272538,0.8096562623977661,0.34028778970241547,0.6644748985767355
mesh_gnn,42,slit_bridge,110,private-source://routeA_experiments/data/final_ood_frozen_v1/slit_bridge/sample_0110.npz,2cb9d93c491c746797690b373d3873b13231a0144087e5c6f98bc1674dcf9aa9,0.0015541482716798782,0.10504981671226772,0.9222161044076999,0.8891543224453926,0.4926762878894806,0.7385930471122263
mesh_gnn,42,slit_bridge,111,private-source://routeA_experiments/data/final_ood_frozen_v1/slit_bridge/sample_0111.npz,20cb4a3d10bd1589b41836354fc8ffcea2f716f9c4d860e668becadedadd9f38,0.0018280483782291412,0.04323532639885892,0.32382320394553143,0.36703240871429443,0.17488337960094213,0.28476791381835925
mesh_gnn,42,slit_bridge,112,private-source://routeA_experiments/data/final_ood_frozen_v1/slit_bridge/sample_0112.npz,37a74f8306ed3c59b31377d7e4a65031205ca4f453cf06b54132466f7b6b4a27,0.001539895310997963,0.08513493839662377,0.7804904938429094,0.8429439440369606,0.38085219636559486,0.7420525193214407
mesh_gnn,42,slit_bridge,113,private-source://routeA_experiments/data/final_ood_frozen_v1/slit_bridge/sample_0113.npz,ef235deec817e178c9aadff18419bfa34a077733d1176a3329f0534a76dc2a36,0.0019822055473923683,0.07207808981556596,0.7425110503477974,0.8494271263480186,0.3321104384958744,0.6812450580298878
mesh_gnn,42,slit_bridge,114,private-source://routeA_experiments/data/final_ood_frozen_v1/slit_bridge/sample_0114.npz,fee8722c5da8ec155bbe8e819b2eefa2d11a554066c684e422d739ef76676fdc,0.0015345923602581024,0.046813615823219704,0.3749395449102102,0.5279402136802673,0.17917412519454956,0.35139836966991395
mesh_gnn,42,slit_bridge,115,private-source://routeA_experiments/data/final_ood_frozen_v1/slit_bridge/sample_0115.npz,c0ff037ccc5a055bf9e6049f73b19eb3ef3c759d34e01dde7782629ee5155b1a,0.0017338618636131287,0.0716310187444511,0.5653907834758413,0.6109375059604645,0.2854973841458559,0.49541243314743016
mesh_gnn,42,slit_bridge,116,private-source://routeA_experiments/data/final_ood_frozen_v1/slit_bridge/sample_0116.npz,89796e3463ade62e6165c2220b9206d7e09c13d435e41116a44b4b2b72d8a7e2,0.001546330749988556,0.07087046448291263,0.7463713365340902,0.8495428785681725,0.328865647315979,0.6844022102653979
mesh_gnn,42,slit_bridge,117,private-source://routeA_experiments/data/final_ood_frozen_v1/slit_bridge/sample_0117.npz,0b5ddb4fbb4b1abaaecda668cf96d47108c2d0634e698e348798412ad2c8bd5b,0.0015363944694399834,0.04050101142753499,0.25580000099950645,0.27767908573150635,0.14847175031900406,0.23328995704650873
mesh_gnn,42,slit_bridge,118,private-source://routeA_experiments/data/final_ood_frozen_v1/slit_bridge/sample_0118.npz,67c9870824a0cf24261c14ee2ee54260350b87c984724da8b7b3239ef5f4f8f2,0.0018416736274957657,0.06536598569455265,0.615143390731406,0.7673415839672089,0.33789942413568497,0.6388292998075483
mesh_gnn,42,slit_bridge,119,private-source://routeA_experiments/data/final_ood_frozen_v1/slit_bridge/sample_0119.npz,3cd3c867da52bc984e6b469d03b48c1d502d3c379c3a09320042c00db34b1f2f,0.00155652966350317,0.07723032184847911,0.7169404775942717,0.7400560081005096,0.3360079564154148,0.6482509821653365
mesh_gnn,42,slit_bridge,120,private-source://routeA_experiments/data/final_ood_frozen_v1/slit_bridge/sample_0120.npz,321a3cdc9661e8fd1679cfceed9f566fa138dcdcf45b5bb5a1d8fce6ede740f1,0.0019547156989574432,0.06884498436965104,0.8193706906691384,0.8908783718943596,0.28821370005607605,0.6031053811311715
mesh_gnn,42,slit_bridge,121,private-source://routeA_experiments/data/final_ood_frozen_v1/slit_bridge/sample_0121.npz,947ac005aaaab451b701b3285288d12286101f1936826903031becc4a8c82912,0.001560053788125515,0.06879120771604477,0.6633108079324082,0.6583316922187805,0.27478212118148804,0.5757406890392296
mesh_gnn,42,slit_bridge,122,private-source://routeA_experiments/data/final_ood_frozen_v1/slit_bridge/sample_0122.npz,f86df5b1facc0d81f78a07017d7a1169d59fc90ab287dd52fa7ef79d790e2e91,0.0015455316752195358,0.05777932263385638,0.37422351526742986,0.36855629086494446,0.22655034065246582,0.2994110308587551
mesh_gnn,42,slit_bridge,123,private-source://routeA_experiments/data/final_ood_frozen_v1/slit_bridge/sample_0123.npz,dd8d213055c704fdaab30fa56f42a33f2b17cda2608934ee3c8395f1fa3ac372,0.0019589895382523537,0.08218674129732224,0.9184751553196676,0.9555618688464165,0.3402620516717434,0.7373763471841803
mesh_gnn,42,slit_bridge,124,private-source://routeA_experiments/data/final_ood_frozen_v1/slit_bridge/sample_0124.npz,989ca5a6639d386f9ba2fbbe4929a51151c1d1f58f0b02af5979a213ce187952,0.0017127487808465958,0.06809229619177959,0.8452025440701547,0.887820340692997,0.2817419804632664,0.6159792654216287
mesh_gnn,42,slit_bridge,125,private-source://routeA_experiments/data/final_ood_frozen_v1/slit_bridge/sample_0125.npz,a70aa7c2b0ab69e05a1bdac27c118b00080fd91ce4b14294cf3d802c7d9815c3,0.001829482614994049,0.028633829108428595,0.22047512398306301,0.24175691604614258,0.11336679756641388,0.20814405679702755
mesh_gnn,42,slit_bridge,126,private-source://routeA_experiments/data/final_ood_frozen_v1/slit_bridge/sample_0126.npz,093585a00e910cd41c9a8b1050dbde9900de283da5c8bcf64b0e6657b12ce6c0,0.0016631809994578362,0.0842394982563215,0.6381341413638565,0.7145680785179138,0.37331120669841766,0.6166332006454467
mesh_gnn,42,slit_bridge,127,private-source://routeA_experiments/data/final_ood_frozen_v1/slit_bridge/sample_0127.npz,fbaeeb14ed4064772eccd6ad5d7ce8b30fd2cd571f89be44730cad2f429acd53,0.0018591098487377167,0.039278604900839925,0.2995666844775539,0.3811407685279846,0.16490203887224197,0.30743126720190045
mesh_gnn,42,slit_bridge,128,private-source://routeA_experiments/data/final_ood_frozen_v1/slit_bridge/sample_0128.npz,f8dcb1ad9a029b0aaa0eb4226be5e9fb26f98253b2ac2ee759238972e2b35793,0.0015508802607655525,0.0686873904917185,0.5381766689392069,0.6199956759810448,0.3016192652285099,0.45870419740676815
mesh_gnn,42,slit_bridge,129,private-source://routeA_experiments/data/final_ood_frozen_v1/slit_bridge/sample_0129.npz,4fde72568a862f65ab802425b157856bd372d3c84dff9690b725526c7c4caa72,0.001979885622859001,0.048410189687154985,0.3489710280483129,0.449298620223999,0.18899700045585632,0.3223304569721222
mesh_gnn,42,slit_bridge,130,private-source://routeA_experiments/data/final_ood_frozen_v1/slit_bridge/sample_0130.npz,c5fc37a33ccfde0c5c1bc91a423ff22369761aa4a2358c6bf448d552f93ebe9f,0.0015502385795116425,0.03776176300823006,0.2533269219008313,0.3777579665184021,0.14744286239147186,0.25627201795577975
mesh_gnn,42,slit_bridge,131,private-source://routeA_experiments/data/final_ood_frozen_v1/slit_bridge/sample_0131.npz,816e62f42925e1228f1925aa9a64af845857cc8af393bef8edcc95e0b32ae811,0.0018553882837295532,0.04460342728968259,0.3115317206899432,0.3604573607444763,0.15656885504722595,0.2914476573467253
mesh_gnn,42,slit_bridge,132,private-source://routeA_experiments/data/final_ood_frozen_v1/slit_bridge/sample_0132.npz,0fe2c82d437426e3d5e3a8a69a3eaf8444f65273028a83b43642500191be1de2,0.0018640747293829918,0.07555469987790885,0.7945493531644094,0.804301917552948,0.30841781198978424,0.6643819063901898
mesh_gnn,42,slit_bridge,133,private-source://routeA_experiments/data/final_ood_frozen_v1/slit_bridge/sample_0133.npz,158533d38705bbe83ad1aff888d4d281d11c259abc75e687100337a1169b6b79,0.0018240688368678093,0.03400841442680847,0.23291534629065117,0.371326744556427,0.1285606436431408,0.2292089402675626
mesh_gnn,42,slit_bridge,134,private-source://routeA_experiments/data/final_ood_frozen_v1/slit_bridge/sample_0134.npz,809d1f61ff74bd28a60a9ee3e93980572061abc432bf497071f850cf295e5a22,0.0015425309538841248,0.07171265171505335,0.6141735903291213,0.658599853515625,0.3031252548098564,0.5369682252407071
mesh_gnn,42,slit_bridge,135,private-source://routeA_experiments/data/final_ood_frozen_v1/slit_bridge/sample_0135.npz,49a6d2f84ef15ae562f31d7f8186dcf515a22bd150120c9ef7592236bc4da560,0.00184736680239439,0.07691715757960989,0.7194266059345151,0.5766419172286987,0.3649829626083374,0.49269521236419656
mesh_gnn,42,slit_bridge,136,private-source://routeA_experiments/data/final_ood_frozen_v1/slit_bridge/sample_0136.npz,0aaf02ec1906882bedac48878d8b32168a7bb9aa28e664600efcf7880eeb0a09,0.0015428634360432625,0.030722668654129294,0.2023511609749349,0.35008180141448975,0.11089956760406494,0.25825964808464
mesh_gnn,42,slit_bridge,137,private-source://routeA_experiments/data/final_ood_frozen_v1/slit_bridge/sample_0137.npz,3060120b449129fec3dadb659d3c9a7989d9e4319138bf42de3acdc3ba915c02,0.001918865367770195,0.0558117197674086,0.4377127552317802,0.5749807059764862,0.22252297401428223,0.3738666847348212
mesh_gnn,42,slit_bridge,138,private-source://routeA_experiments/data/final_ood_frozen_v1/slit_bridge/sample_0138.npz,6ed13d9162ca3514a314258b8d24016c2bc8875b25b0b38c5cdfa938f2a1eee2,0.0019272295758128166,0.06664117387165376,0.7062296636645399,0.8172813653945923,0.2839127369225025,0.5740601867437354
mesh_gnn,42,slit_bridge,139,private-source://routeA_experiments/data/final_ood_frozen_v1/slit_bridge/sample_0139.npz,658f1ca5a3c9c31ef1d3034e1fa4b0a5769e9c38a410ad1b72996a2aa8abf1a0,0.0015454981476068497,0.03768921091328589,0.3236914268056737,0.4715084135532379,0.19141432642936707,0.33297550678253174
mesh_gnn,42,slit_bridge,140,private-source://routeA_experiments/data/final_ood_frozen_v1/slit_bridge/sample_0140.npz,4cb2e3c95ee8b50b37549ea056e6b5e6349cac539e85f6c167d54902061606d1,0.0015600798651576042,0.06428204261445641,0.5687503256760391,0.6621524095535278,0.24911543726921082,0.5323993593454347
mesh_gnn,42,slit_bridge,141,private-source://routeA_experiments/data/final_ood_frozen_v1/slit_bridge/sample_0141.npz,72511c727388df3bf5af40ee47932e5d0ea12cec9268d07a95eff4200660e42e,0.001856624148786068,0.07130159613100212,0.6610819712923995,0.7765204310417175,0.36726750805974007,0.6349938750267025
mesh_gnn,42,slit_bridge,142,private-source://routeA_experiments/data/final_ood_frozen_v1/slit_bridge/sample_0142.npz,306a40af48edd29b46f137a9e1015dba90eef9f89a216e9034ab8c4e810088cb,0.0017471909523010254,0.07625682731806198,0.8269941794356156,0.8611565232276917,0.32648370787501335,0.6721274837851522
mesh_gnn,42,slit_bridge,143,private-source://routeA_experiments/data/final_ood_frozen_v1/slit_bridge/sample_0143.npz,9143fda697b9d0ca554a018b16f7dcedf9ce17f64344f4de043fd7612877a3d2,0.0015522874891757965,0.0659301274080083,0.7665016680976792,0.8379493355751038,0.27672353759407997,0.6562377385795113
mesh_gnn,42,slit_bridge,144,private-source://routeA_experiments/data/final_ood_frozen_v1/slit_bridge/sample_0144.npz,cede0fd6d7f85a69aeaae09213236482ad3047e9130d14dd79693b9e243f783b,0.0015446208417415619,0.08186218977007237,0.8438797403772609,0.8463743627071381,0.35624364018440247,0.7262015521526333
mesh_gnn,42,slit_bridge,145,private-source://routeA_experiments/data/final_ood_frozen_v1/slit_bridge/sample_0145.npz,2d9fdb82c8a7275b63a15c4d95ab584a0842ebd21fd6762928d68475fe8cc330,0.001554114744067192,0.07641524169433896,0.6515085993915102,0.7749434113502502,0.37163420021533966,0.6602365493774414
mesh_gnn,42,slit_bridge,146,private-source://routeA_experiments/data/final_ood_frozen_v1/slit_bridge/sample_0146.npz,207f5f551061e628bde8bc221dd64138c07612d4245a97390961be3ea5e16611,0.001869523897767067,0.05529277106526388,0.43717813802824457,0.6238903999328613,0.20974921621382236,0.4556885242462155
mesh_gnn,42,slit_bridge,147,private-source://routeA_experiments/data/final_ood_frozen_v1/slit_bridge/sample_0147.npz,82d0e49e8401c09f0e3e6a3547b29f4d5a1dedbc6b0f06beea92cbeb4866ea11,0.001991206780076027,0.0755625904738261,0.7365674041026619,0.7716650664806366,0.31019791099242866,0.5640364646911618
mesh_gnn,42,slit_bridge,148,private-source://routeA_experiments/data/final_ood_frozen_v1/slit_bridge/sample_0148.npz,e38da3693d172092572c7f2754a94e44ef94b0502f3919d896ce0c2fbe38e009,0.0015585357323288918,0.0604656959932073,0.5547939436007514,0.7321451902389526,0.2703232765197754,0.5514273524284361
mesh_gnn,42,slit_bridge,149,private-source://routeA_experiments/data/final_ood_frozen_v1/slit_bridge/sample_0149.npz,afc272ad1c582032ceafc263f98a9500852bcc9f113906a40f63ad64c40aee4c,0.0018024714663624763,0.0698281961514056,1.1211345593162243,0.987970694899559,0.21069966116920114,0.7584515273571012
mesh_gnn,42,slit_bridge,150,private-source://routeA_experiments/data/final_ood_frozen_v1/slit_bridge/sample_0150.npz,3d18460af3363948da3a01a3d1b31a48effc40aa616a1b5dd39689622a7ec45c,0.001978120766580105,0.04811709407156735,0.291158785647454,0.3309641182422638,0.18119411170482635,0.24641879796981805
mesh_gnn,42,slit_bridge,151,private-source://routeA_experiments/data/final_ood_frozen_v1/slit_bridge/sample_0151.npz,d5753da7388ebb54f9cf2699537d139086e01002d7a59190bb63986a17939a32,0.0015490008518099785,0.05266787674661772,0.48233895394948617,0.7228953540325165,0.26078182458877563,0.5138626188039779
mesh_gnn,42,slit_bridge,152,private-source://routeA_experiments/data/final_ood_frozen_v1/slit_bridge/sample_0152.npz,9695aa6ea858785b103e16fd61c266f988f64686cfbdc88b2899662da023ea05,0.001965172588825226,0.05021555930303443,0.5007143424226785,0.5696070194244385,0.25563743710517883,0.4330262511968612
mesh_gnn,42,slit_bridge,153,private-source://routeA_experiments/data/final_ood_frozen_v1/slit_bridge/sample_0153.npz,60ac6a052ff2a92b7086357b74a96c31e33d7255ddf407c4f70bc5fe58806b60,0.0015464061871170998,0.06474091205062851,1.0232168161257897,0.9053803011775017,0.2266576625406742,0.6949666924774638
mesh_gnn,42,slit_bridge,154,private-source://routeA_experiments/data/final_ood_frozen_v1/slit_bridge/sample_0154.npz,02efeff9d6ba6e84c68ab742c168c4ca40609c73d6f82146e8a2f5b10a657897,0.0015448201447725296,0.07009221784860431,1.226623784839576,0.9801459684967995,0.2157615926116705,0.6068346843123434
mesh_gnn,42,slit_bridge,155,private-source://routeA_experiments/data/final_ood_frozen_v1/slit_bridge/sample_0155.npz,ea8bfa01563270f5d6e2ec9dbe473f05772c2e4989b937a57ae2104227258fed,0.001535765826702118,0.04081016563409006,0.2832915274575554,0.4144665598869324,0.15721893310546875,0.28918962776660884
mesh_gnn,42,slit_bridge,156,private-source://routeA_experiments/data/final_ood_frozen_v1/slit_bridge/sample_0156.npz,5005fb0814bda784608be7da52a32e34a6544ba7bd358a95694b62e213f8f2c2,0.0016976920887827873,0.06077717810776706,0.5526940761854994,0.7097730040550232,0.225661963224411,0.5627504378557204
mesh_gnn,42,slit_bridge,157,private-source://routeA_experiments/data/final_ood_frozen_v1/slit_bridge/sample_0157.npz,ac48ebb841e2622ef6bc4ba966dad1b3b604f8d724d29e6f2fab1b6641ee1921,0.0016298312693834305,0.07679431194476644,0.75595414395845,0.855258397758007,0.4046855717897415,0.7061999827623358
mesh_gnn,42,slit_bridge,158,private-source://routeA_experiments/data/final_ood_frozen_v1/slit_bridge/sample_0158.npz,2f49624ea36882b03b9786cab30360722cade76c056bea230f9c9ba4ac764c8b,0.0013537518680095673,0.03875597724069969,0.2552966013790974,0.4193664789199829,0.15924319624900818,0.2965061843395232
mesh_gnn,42,slit_bridge,159,private-source://routeA_experiments/data/final_ood_frozen_v1/slit_bridge/sample_0159.npz,d0b13a51187a418d7efe2e93a19604a3d01c818ea9736b5aa09b4607fad5fa55,0.0015482930466532707,0.045370813501348375,0.35561662947900347,0.4521111249923706,0.18622401356697083,0.3795870065689083
mesh_gnn,42,slit_bridge,160,private-source://routeA_experiments/data/final_ood_frozen_v1/slit_bridge/sample_0160.npz,622f4d8070ecdd9d0a824ce72f84fecc0c78f83011ff11259ebc6bb846de281e,0.0013778218999505043,0.03498956706097049,0.26546723422812313,0.4002636671066284,0.13612613081932068,0.2655221670866011
mesh_gnn,42,slit_bridge,161,private-source://routeA_experiments/data/final_ood_frozen_v1/slit_bridge/sample_0161.npz,178f02f0e3b5995f2619dd6bf52ad3a7508f806bd4e13ba9ceeb9a36f1649f16,0.0015410976484417915,0.08014384492525017,0.8158794722832567,0.6911032199859619,0.325376458466053,0.5354343384504319
mesh_gnn,42,slit_bridge,162,private-source://routeA_experiments/data/final_ood_frozen_v1/slit_bridge/sample_0162.npz,7dac1f84d357180521999872dd329573241cb8c42feeb442891197f01199c66b,0.0013694269582629204,0.07065962419429353,1.0040755836111679,0.9295483604073524,0.26426351349800825,0.7157614193856713
mesh_gnn,42,slit_bridge,163,private-source://routeA_experiments/data/final_ood_frozen_v1/slit_bridge/sample_0163.npz,b7a7aa86a9bdc19977f06da4caff68d49a340edbf4f1a1c1187591366b6636d2,0.0015476327389478683,0.08538822473452326,0.706377138549509,0.7135611772537231,0.42345007020048797,0.6469248048961159
mesh_gnn,42,slit_bridge,164,private-source://routeA_experiments/data/final_ood_frozen_v1/slit_bridge/sample_0164.npz,779949d863880f5d16a879e81f20fad07ea4f966fba7da8ee22f0adaa6fc32af,0.001366431824862957,0.06834857203380103,0.5262572433258825,0.5698452591896057,0.26871463656425476,0.4852894574403761
mesh_gnn,42,slit_bridge,165,private-source://routeA_experiments/data/final_ood_frozen_v1/slit_bridge/sample_0165.npz,dc423b6d998084bf0149349c297bb1babad5e99fb236b7c05dfa975cb5183082,0.0015545720234513283,0.05415597548340597,0.4762662238239166,0.6725324988365173,0.2735931873321533,0.5344641625881194
mesh_gnn,42,slit_bridge,166,private-source://routeA_experiments/data/final_ood_frozen_v1/slit_bridge/sample_0166.npz,351a161f32941f870662dc54b1d5ae59e25dc38cb8501ca4493dd08e6d42d64a,0.0013669002801179886,0.07872224673025331,0.6736164717417025,0.6530289649963379,0.3547424431890249,0.5479728579521177
mesh_gnn,42,slit_bridge,167,private-source://routeA_experiments/data/final_ood_frozen_v1/slit_bridge/sample_0167.npz,aa66574c4716561ec10258da0ac13914768f1d14f665ebf1ec534f148bd0abd7,0.0015489570796489716,0.05557055649472971,0.4713257004172476,0.5284771919250488,0.2154705971479416,0.4516712248325347
mesh_gnn,42,slit_bridge,168,private-source://routeA_experiments/data/final_ood_frozen_v1/slit_bridge/sample_0168.npz,b0b356c11f56258bb6f3db09bd66c6dcd1bcd41614b20e67f8e907402ec13485,0.0013563735410571098,0.07322761101725764,0.5918474633225552,0.5915790349245071,0.30518604815006256,0.4503127485513686
mesh_gnn,42,slit_bridge,169,private-source://routeA_experiments/data/final_ood_frozen_v1/slit_bridge/sample_0169.npz,a469b2c4e556282ed62e13e26cd27398331a9ba05d88ee1913966198103238d6,0.0015364112332463264,0.0737423041442036,0.654505637917039,0.744387686252594,0.2927769757807255,0.5278364151716226
mesh_gnn,42,slit_bridge,170,private-source://routeA_experiments/data/final_ood_frozen_v1/slit_bridge/sample_0170.npz,36fbd3c3d23a1204142c49ecd37ef44c2ba54ac4467ddb41d832464267e85212,0.001362810842692852,0.07955886553103525,0.7380896003635515,0.7378477454185486,0.31961220502853394,0.5466530859470364
mesh_gnn,42,slit_bridge,171,private-source://routeA_experiments/data/final_ood_frozen_v1/slit_bridge/sample_0171.npz,d535ac50a902c9794c7c816a49047dfd9c3f701564b69ce35cc24a4b731afa97,0.00180879607796669,0.0758693644392649,1.124913772695174,0.9745851084589958,0.29675608308753,0.7562303036451337
mesh_gnn,42,slit_bridge,172,private-source://routeA_experiments/data/final_ood_frozen_v1/slit_bridge/sample_0172.npz,4e4eeb0f4d4f14aa76bc67064de00f38d35024c2470cfc77d2414c6da16f99f2,0.0017509842291474342,0.033349304741716324,0.20397169696715872,0.2376844882965088,0.12123472988605499,0.17153055667877187
mesh_gnn,42,slit_bridge,173,private-source://routeA_experiments/data/final_ood_frozen_v1/slit_bridge/sample_0173.npz,4c3d97c818e4c1aaa20fd773230ef107c1e90a4328ebbfb020186474b8b391e2,0.0015538567677140236,0.08064231329093208,0.6866851735623926,0.6907764673233032,0.354468853212893,0.579903921484947
mesh_gnn,42,slit_bridge,174,private-source://routeA_experiments/data/final_ood_frozen_v1/slit_bridge/sample_0174.npz,c764cef11e9744e2347bf095a3ad20fd9c9a40516623d0e6687f000cea70736b,0.0018532052636146545,0.060386515340083345,0.6204135767213595,0.7537579536437988,0.2368115782737732,0.5564050994813438
mesh_gnn,42,slit_bridge,175,private-source://routeA_experiments/data/final_ood_frozen_v1/slit_bridge/sample_0175.npz,22afae3ce0b327b65855609e847dcf168cbfa0c3da01d0e00d7ff822a2f93dab,0.0015436094254255295,0.04656285833168358,0.31175437496941427,0.5067114531993866,0.1578886490315199,0.3635277122259126
mesh_gnn,42,slit_bridge,176,private-source://routeA_experiments/data/final_ood_frozen_v1/slit_bridge/sample_0176.npz,3615c8f32a0156e435a991da99bea493288394630d64ca1402e46469b4ae4561,0.0019683465361595154,0.05062555406714456,0.3652709584334601,0.5050279200077057,0.20605148375034332,0.40058137178421016
mesh_gnn,42,slit_bridge,177,private-source://routeA_experiments/data/final_ood_frozen_v1/slit_bridge/sample_0177.npz,bde9b0878d1f9163cd3460df65d8fbaa6d012659d97271692cd52839664004d8,0.0018019108101725578,0.04830639665489603,0.40299379942919156,0.44882357120513916,0.20957539975643158,0.356061679124832
mesh_gnn,42,slit_bridge,178,private-source://routeA_experiments/data/final_ood_frozen_v1/slit_bridge/sample_0178.npz,dffe6643c77429e0e5ed595fcd8553b626ac374c0226c86babb86bb23700de20,0.0018244124948978424,0.052935758257336145,0.43840015908311314,0.5862813293933868,0.2797665596008301,0.5057980298995969
mesh_gnn,42,slit_bridge,179,private-source://routeA_experiments/data/final_ood_frozen_v1/slit_bridge/sample_0179.npz,fca36c52c6cfb0110fbe78721de423d99487a00561b0c6b6b9f826917f42aede,0.0015404485166072845,0.03420736114795641,0.22122401606948233,0.37946125864982605,0.13660459220409393,0.2584014743566513
mesh_gnn,42,slit_bridge,180,private-source://routeA_experiments/data/final_ood_frozen_v1/slit_bridge/sample_0180.npz,6f19672ce01e21e2c280e4be06a3e54680e018ff4c226cbe757f44ebad3e1910,0.0018691271543502808,0.043997481615967296,0.2683592268562255,0.37958085536956787,0.175132617354393,0.2883300691843027
mesh_gnn,42,slit_bridge,181,private-source://routeA_experiments/data/final_ood_frozen_v1/slit_bridge/sample_0181.npz,ec877344fcdbfdbdaddf529e85e3cc5c3aab339963def6c7349014d86c8140d4,0.0017366213724017143,0.061362187001109784,0.5210741271597338,0.5929220914840698,0.25337668508291245,0.5040851831436151
mesh_gnn,42,slit_bridge,182,private-source://routeA_experiments/data/final_ood_frozen_v1/slit_bridge/sample_0182.npz,85955e8644eeb0dcc33c4aed80df2c7439e5bab709258a2875ce1a3a61c5ebfb,0.0016239583492279053,0.048370505167082065,0.3484871204977642,0.3784397840499878,0.20354308187961578,0.2980579733848572
mesh_gnn,42,slit_bridge,183,private-source://routeA_experiments/data/final_ood_frozen_v1/slit_bridge/sample_0183.npz,7db60f93fba5ad9147fed2dc7ad510080993a1ba5cacff680d8f7315ac009961,0.0017156470566987991,0.07274893769295278,0.550938094763988,0.48286980390548706,0.3265957236289978,0.4323481440544128
mesh_gnn,42,slit_bridge,184,private-source://routeA_experiments/data/final_ood_frozen_v1/slit_bridge/sample_0184.npz,8121820fc993132420a3854bde14b0b1742133b65c0a82ff2248b97133f07f34,0.001946871168911457,0.07461232220345143,0.6725672621624079,0.7599105536937714,0.3253503739833832,0.535515320301054
mesh_gnn,42,slit_bridge,185,private-source://routeA_experiments/data/final_ood_frozen_v1/slit_bridge/sample_0185.npz,6cddc80ef7290697c6e5ddae659d68aa20dcd10104ab9b2cd5f9708afe9f741d,0.0017817728221416473,0.059617216991366725,0.4055388944681672,0.6040314435958862,0.25557421147823334,0.3766518771648407
mesh_gnn,42,slit_bridge,186,private-source://routeA_experiments/data/final_ood_frozen_v1/slit_bridge/sample_0186.npz,325ef30f2da8a65dac78a1b06a65f887f2d9947c96e2faee9e6a8ec03323351a,0.001920962706208229,0.06222331796798917,0.5294410807652878,0.7293388247489929,0.3093709647655487,0.5722742319107054
mesh_gnn,42,slit_bridge,187,private-source://routeA_experiments/data/final_ood_frozen_v1/slit_bridge/sample_0187.npz,119b85212c8b4744bf1d62d7dfe261550cb6d3e5d22f4790dbe62e75609d0922,0.001785416156053543,0.05691750378252024,0.47825114820726583,0.6700368523597717,0.27563871443271637,0.5885511875152588
mesh_gnn,42,slit_bridge,188,private-source://routeA_experiments/data/final_ood_frozen_v1/slit_bridge/sample_0188.npz,dcf9852e45123cccfdad55cec5cd89ffd610e5287252fbe34ba1dd1786992a3e,0.001538170501589775,0.07670000911396765,0.6598195480440359,0.723887711763382,0.4394647926092148,0.6388204485177992
mesh_gnn,42,slit_bridge,189,private-source://routeA_experiments/data/final_ood_frozen_v1/slit_bridge/sample_0189.npz,286c7744959bebf561fcf60d6510f810deadc11b4f49e589e2e9473d32de82f7,0.001894255168735981,0.046974187071215756,0.4032900450379702,0.4480867385864258,0.1933353990316391,0.35949399173259733
mesh_gnn,42,slit_bridge,190,private-source://routeA_experiments/data/final_ood_frozen_v1/slit_bridge/sample_0190.npz,fe702ecba390c3dc04a9733afe0b132a016fcf5c4eaffcad11aaea841c4e382e,0.001755082979798317,0.07746528568158412,0.724024828034695,0.7006314992904663,0.3214950580149889,0.5733695328235626
mesh_gnn,42,slit_bridge,191,private-source://routeA_experiments/data/final_ood_frozen_v1/slit_bridge/sample_0191.npz,cc046fa8afaf7d479712359b932e246ff1ee8e9d4f1365bd79dc2f10196be05c,0.001920522190630436,0.07284726974928955,0.694468812094854,0.7518574595451355,0.27996785938739777,0.5575673878192896
mesh_gnn,42,slit_bridge,192,private-source://routeA_experiments/data/final_ood_frozen_v1/slit_bridge/sample_0192.npz,12a887fa1b92770140bbc308300406b9f45be794a2802dc5d4318f9f90964304,0.0019047381356358528,0.08303381816781231,0.640989015060922,0.7578175738453865,0.3203713158145547,0.6202316552400586
mesh_gnn,42,slit_bridge,193,private-source://routeA_experiments/data/final_ood_frozen_v1/slit_bridge/sample_0193.npz,ea535161153d10af3f779e6ce92ab576cb6f01bb2b84270e675cb8a7ca3bff3d,0.0019772090017795563,0.03086495932752164,0.2099332183767189,0.3442080616950989,0.11661317944526672,0.22223219573497655
mesh_gnn,42,slit_bridge,194,private-source://routeA_experiments/data/final_ood_frozen_v1/slit_bridge/sample_0194.npz,8488a62661fcd5432a193ca5c2bdaf1492f33731b7131ad3e367f5731ec70c37,0.0017945235595107079,0.08196766357370278,0.8113330376525726,0.8814773485064507,0.3785381428897381,0.7680938258767126
mesh_gnn,42,slit_bridge,195,private-source://routeA_experiments/data/final_ood_frozen_v1/slit_bridge/sample_0195.npz,7e1d374879fa5f6a96ebc3990a10958313440dc33a9ef060976f12e925232108,0.0015439856797456741,0.036163160307546585,0.24690153701734108,0.3450121283531189,0.14406391978263855,0.267683145403862
mesh_gnn,42,slit_bridge,196,private-source://routeA_experiments/data/final_ood_frozen_v1/slit_bridge/sample_0196.npz,d4848a4e772e741b625e10aec676527f984e3943b470a872754331769f8b94bb,0.0015582069754600525,0.06770976152877298,0.6636273799155823,0.7837662100791931,0.28112415596842766,0.5601791292428964
mesh_gnn,42,slit_bridge,197,private-source://routeA_experiments/data/final_ood_frozen_v1/slit_bridge/sample_0197.npz,2b37447cf0d376d2e2021ecf8d29a5d17437f6bb153943e0f306b31930209b3e,0.0015320498496294022,0.08191947270233421,0.7269154230254248,0.8718220889568329,0.43704184889793396,0.7508568584918971
mesh_gnn,42,slit_bridge,198,private-source://routeA_experiments/data/final_ood_frozen_v1/slit_bridge/sample_0198.npz,8030be12303215e83fab9a6e2360c32b7958cadc693426ae4437ff9ce9a38d91,0.0015434948727488518,0.04559103730561375,0.3892661845353456,0.525211751461029,0.20420731604099274,0.44021159410476607
mesh_gnn,42,slit_bridge,199,private-source://routeA_experiments/data/final_ood_frozen_v1/slit_bridge/sample_0199.npz,cc6a52511cc16e98c96e4753d529c21a8e0ccbe95013bc0584ae491523d2bb83,0.0017193490639328957,0.047251785422773654,0.42975680511403175,0.5737887918949127,0.20411944389343262,0.4692276358604431
mesh_gnn,42,three_hole_asymmetric,0,private-source://routeA_experiments/data/final_ood_frozen_v1/three_hole_asymmetric/sample_0000.npz,76239d9d4cae31805b23350941f6924762ca8e0eb2de53f5e0014a3050004492,0.0019262293353676796,0.0605943032431096,0.6021499367193389,0.6431679725646973,0.2803439174313098,0.5131986513733862
mesh_gnn,42,three_hole_asymmetric,1,private-source://routeA_experiments/data/final_ood_frozen_v1/three_hole_asymmetric/sample_0001.npz,c8138e48b2b5450756ab6ea06ad8018a0f03fd49507fdf70f7602513883c6d79,0.0015336675569415092,0.0581010071013553,0.9003191843294739,0.9179171100258827,0.2835595414508134,0.6036779891699525
mesh_gnn,42,three_hole_asymmetric,2,private-source://routeA_experiments/data/final_ood_frozen_v1/three_hole_asymmetric/sample_0002.npz,8415d3f4052cfa250de2e615b5f135c4cbc51665e9780ba0c740b7bc68b0b8d0,0.0015400247648358345,0.06000462866929399,0.721339054431399,0.6939142048358917,0.2777907121926546,0.5720343947410582
mesh_gnn,42,three_hole_asymmetric,3,private-source://routeA_experiments/data/final_ood_frozen_v1/three_hole_asymmetric/sample_0003.npz,126883ed7a18270534e81fc020b354d6a09b3d0b37130be0a213f6e3fe3611cf,0.0017655910924077034,0.07866949076799638,0.7734552053699926,0.8496434465050697,0.3483400624245405,0.6573182925581926
mesh_gnn,42,three_hole_asymmetric,4,private-source://routeA_experiments/data/final_ood_frozen_v1/three_hole_asymmetric/sample_0004.npz,73fddad29aef7a16eeabb39f9b70e218861d55037c0d2745430816f9076f8b8f,0.0015461603179574013,0.05878395539963997,0.7771172383078812,0.803652435541153,0.21477476626751013,0.4935435879975538
mesh_gnn,42,three_hole_asymmetric,5,private-source://routeA_experiments/data/final_ood_frozen_v1/three_hole_asymmetric/sample_0005.npz,0cce2a32a88505f1a40318561d466c31de7f2eb63e0449cf3df2f644c64a0108,0.0019054915755987167,0.06480778221901681,0.7663268689082089,0.8109861612319946,0.3209587410092354,0.6650692418217655
mesh_gnn,42,three_hole_asymmetric,6,private-source://routeA_experiments/data/final_ood_frozen_v1/three_hole_asymmetric/sample_0006.npz,05b9798f8cd5b5b832e909e747bb49397a06d4bc8291718bcb52ee39573eb619,0.0018903743475675583,0.0775197563572909,0.9393688012562258,0.9242905601859093,0.33862596563994884,0.7362977869808663
mesh_gnn,42,three_hole_asymmetric,7,private-source://routeA_experiments/data/final_ood_frozen_v1/three_hole_asymmetric/sample_0007.npz,6ba61082fc82270f3f31ed8952fcbbd145b31d5361d264f2bd66a5366e0bc340,0.00176191795617342,0.05183962325104552,0.5844964238005664,0.5989509224891663,0.1963394731283188,0.45881801843643155
mesh_gnn,42,three_hole_asymmetric,8,private-source://routeA_experiments/data/final_ood_frozen_v1/three_hole_asymmetric/sample_0008.npz,853331caeb1b23865ccb78c9a2f431c6c5268c039e4b02388b3e7b2950cb9a7f,0.0017314488068223,0.06758678731073577,0.7898686305402993,0.8490434885025024,0.3143340218812227,0.7389509320259088
mesh_gnn,42,three_hole_asymmetric,9,private-source://routeA_experiments/data/final_ood_frozen_v1/three_hole_asymmetric/sample_0009.npz,9970adef6a8aee3680702738f4b4535ec99d53fd695e57178ef1d947c3890f8c,0.001792069524526596,0.05569768268291998,0.5917331953319542,0.615345299243927,0.22347520291805267,0.5008519634604454
mesh_gnn,42,three_hole_asymmetric,10,private-source://routeA_experiments/data/final_ood_frozen_v1/three_hole_asymmetric/sample_0010.npz,ca5bef464b218ce33227b66ed886a6d671ca7ebab5b66b551b37435087ee4d86,0.0017443019896745682,0.06473120056098429,0.7441553600770092,0.7881896793842316,0.3080548234283924,0.6574357792735099
mesh_gnn,42,three_hole_asymmetric,11,private-source://routeA_experiments/data/final_ood_frozen_v1/three_hole_asymmetric/sample_0011.npz,ed6e65591f32cddee3a621d0a802c4d3ce1e222eac7e0ad7a6d66916367e9015,0.0015423614531755447,0.06070808896944838,0.7871326683359932,0.7955038249492645,0.2065886381024029,0.60148405469954
mesh_gnn,42,three_hole_asymmetric,12,private-source://routeA_experiments/data/final_ood_frozen_v1/three_hole_asymmetric/sample_0012.npz,81ff39c1f360e63cd187c00763f0e47af4b7b964b23c0036bbcc2118bcfa7335,0.0019157323986291885,0.06592118666281149,0.7264982686777337,0.7535873576998711,0.2788913277545362,0.5977932691574096
mesh_gnn,42,three_hole_asymmetric,13,private-source://routeA_experiments/data/final_ood_frozen_v1/three_hole_asymmetric/sample_0013.npz,7b336e409d0b1be61aa8152652f7727a997afad669670d5dbedef898f8385d62,0.0015466753393411636,0.05367368046791907,0.6764405960559953,0.6991697549819946,0.1994567085057497,0.5269014641642553
mesh_gnn,42,three_hole_asymmetric,14,private-source://routeA_experiments/data/final_ood_frozen_v1/three_hole_asymmetric/sample_0014.npz,14b2727426b78377e48754867160238048d5c11e6a60c8244c17e2f5d349c674,0.0017376318573951721,0.05394817016230315,0.5834183265880134,0.6354109644889832,0.21581539581529796,0.4335586518049234
mesh_gnn,42,three_hole_asymmetric,15,private-source://routeA_experiments/data/final_ood_frozen_v1/three_hole_asymmetric/sample_0015.npz,f1f557f0e4338c64350ec1c2218ae556b5ee258eeeb85ed87e15e06d69e7949f,0.0015489300712943077,0.06442202366667184,0.9283736548043826,0.9536416530609131,0.26837105117738247,0.661688484996557
mesh_gnn,42,three_hole_asymmetric,16,private-source://routeA_experiments/data/final_ood_frozen_v1/three_hole_asymmetric/sample_0016.npz,e72396fee8a43a2b8ddefe735291ca8705c65690b680b4a18f84ae974e873213,0.001361612230539322,0.07463278173332692,0.955517545078753,0.9833488166332245,0.32654855214059353,0.6836526904255148
mesh_gnn,42,three_hole_asymmetric,17,private-source://routeA_experiments/data/final_ood_frozen_v1/three_hole_asymmetric/sample_0017.npz,e985edd4b5fd67f0812b23ba168c67faea3aeed38dc497bd3554f7bd6760ce23,0.001542968675494194,0.06994311226265873,0.8428266103152912,0.7641486525535583,0.26563318193075247,0.6179982621222729
mesh_gnn,42,three_hole_asymmetric,18,private-source://routeA_experiments/data/final_ood_frozen_v1/three_hole_asymmetric/sample_0018.npz,822a1ae4756152a1ca58caa1ec6d5f81a08654b749358283fdc1e93ee4e96c05,0.0013490766286849976,0.05592735741147056,0.49451389147773245,0.5589502155780792,0.2390649039298296,0.43170790821313826
mesh_gnn,42,three_hole_asymmetric,19,private-source://routeA_experiments/data/final_ood_frozen_v1/three_hole_asymmetric/sample_0019.npz,930b0ac62993246d762ab2fade330a6323a28dfa631309dcd025ccc1955464d2,0.0015771975740790367,0.06713408759791671,0.805729571540867,0.7658374905586243,0.3520023785531521,0.6185985401272771
mesh_gnn,42,three_hole_asymmetric,20,private-source://routeA_experiments/data/final_ood_frozen_v1/three_hole_asymmetric/sample_0020.npz,ebe95ab8adce4e5f03a8c032f3f82d5b37362c40745ec8db423913bbcdbc36cc,0.0017665242776274681,0.061256682944071446,0.8188889886303804,0.7902939915657043,0.2444213839189615,0.560493503510952
mesh_gnn,42,three_hole_asymmetric,21,private-source://routeA_experiments/data/final_ood_frozen_v1/three_hole_asymmetric/sample_0021.npz,54558d7be0dcfa75da26d4b23bc274c3c188b6521dea1d6a7af66329fa9f8251,0.001780523918569088,0.05815075400272167,0.5302366109426352,0.5668296813964844,0.2634592726826668,0.472533781826495
mesh_gnn,42,three_hole_asymmetric,22,private-source://routeA_experiments/data/final_ood_frozen_v1/three_hole_asymmetric/sample_0022.npz,6bdc3c8942ace2076e15642c82251ef4fb1abdcb025262d5cbf4bf8159949c89,0.0018725460395216942,0.05885127414082934,0.760065948084015,0.7846302688121796,0.2295513805001974,0.5945369184017182
mesh_gnn,42,three_hole_asymmetric,23,private-source://routeA_experiments/data/final_ood_frozen_v1/three_hole_asymmetric/sample_0023.npz,fb7b07378547ca5def525e00c556fd80770b515ccf896b8db2c472e26a09e5de,0.0013494566082954407,0.05183952647511966,0.9541473028689464,0.8872116878628731,0.17637240821022715,0.5021803084760899
mesh_gnn,42,three_hole_asymmetric,24,private-source://routeA_experiments/data/final_ood_frozen_v1/three_hole_asymmetric/sample_0024.npz,2db1bdfbff80836e6a8d01f12b7e3e3ccb933bc7fa29a6c580e28e0a5d564196,0.0017592348158359528,0.06020957300074102,0.6523903305297284,0.7485406994819641,0.31254107505083084,0.6165151506662366
mesh_gnn,42,three_hole_asymmetric,25,private-source://routeA_experiments/data/final_ood_frozen_v1/three_hole_asymmetric/sample_0025.npz,d3dd37382fca909602f329cf5ca0868fdf4906bc68d239b517c7b63904d4d71e,0.001547263003885746,0.06611825131153223,0.7514196488110769,0.8949995413422585,0.2688810843974352,0.7242111608386028
mesh_gnn,42,three_hole_asymmetric,26,private-source://routeA_experiments/data/final_ood_frozen_v1/three_hole_asymmetric/sample_0026.npz,ab2b827142dff4076d7ccc83b71215ae118cd4367f57c2e1f1a596a261244546,0.0017003966495394707,0.06756156183089504,0.7367862996612367,0.8729496896266937,0.3028405178338289,0.7242256555706262
mesh_gnn,42,three_hole_asymmetric,27,private-source://routeA_experiments/data/final_ood_frozen_v1/three_hole_asymmetric/sample_0027.npz,502e0384dcc52c88b8d7686ef96396b3cb52f6aaceef7f024eb2b099d1a4007a,0.0015494683757424355,0.0600592181757306,1.0464465785280566,0.9673628583550453,0.1916068121790886,0.7339146077632893
mesh_gnn,42,three_hole_asymmetric,28,private-source://routeA_experiments/data/final_ood_frozen_v1/three_hole_asymmetric/sample_0028.npz,9350fce83bcaffdab0c4c8e8d9620ad9255df6368a78acb778f31f6d4d74c766,0.0018151095137000084,0.06307321228723814,0.9066838002689953,0.9213396534323692,0.2925909236073494,0.6564583521336317
mesh_gnn,42,three_hole_asymmetric,29,private-source://routeA_experiments/data/final_ood_frozen_v1/three_hole_asymmetric/sample_0029.npz,f5870c4d60ab26a07f238eaa0997f6136bebb56604eb5c97e4b9a2fda2f9dc4e,0.001788242720067501,0.04925892522337015,0.35517902940316576,0.37420982122421265,0.21067686413880438,0.29620049148797956
mesh_gnn,42,three_hole_asymmetric,30,private-source://routeA_experiments/data/final_ood_frozen_v1/three_hole_asymmetric/sample_0030.npz,6fd7dea4e1eb48c71994c0c450b08928f5ea2504ed659d879044b9b6c1644f3b,0.001498054713010788,0.05095278309015186,0.8350743868553129,0.822770357131958,0.18712225556373596,0.594884394109249
mesh_gnn,42,three_hole_asymmetric,31,private-source://routeA_experiments/data/final_ood_frozen_v1/three_hole_asymmetric/sample_0031.npz,4ba2ed02c426f61c1986b2240ee86afd7314ebbbe8b539e56f9600ba0cbbc1d6,0.0015475880354642868,0.06288777466223194,0.8342112889498559,0.8482878506183624,0.2667799908667803,0.6197221409529448
mesh_gnn,42,three_hole_asymmetric,32,private-source://routeA_experiments/data/final_ood_frozen_v1/three_hole_asymmetric/sample_0032.npz,19561acd47d971095affbf1d7482c2543969e7efe2e017cce9662594c2409591,0.001377045176923275,0.06453012330420013,0.7699363457937018,0.6718468368053436,0.27969784289598465,0.4940791383385656
mesh_gnn,42,three_hole_asymmetric,33,private-source://routeA_experiments/data/final_ood_frozen_v1/three_hole_asymmetric/sample_0033.npz,299a816b59d1641a415a05ef717681b17573aad62ca3c0dc9711e90793f0d5b1,0.0015494832769036293,0.07619487907338186,0.9471374178359907,0.9240462481975555,0.330440461053513,0.6720901783555736
mesh_gnn,42,three_hole_asymmetric,34,private-source://routeA_experiments/data/final_ood_frozen_v1/three_hole_asymmetric/sample_0034.npz,d9c1345372b974ce89c979d52478ef6d491162f017535e9466a777f808423d7d,0.0013603456318378448,0.0605688778376307,0.6894464132032595,0.7320128083229065,0.2777862548828125,0.5589367449283598
mesh_gnn,42,three_hole_asymmetric,35,private-source://routeA_experiments/data/final_ood_frozen_v1/three_hole_asymmetric/sample_0035.npz,bbc5468f3342befdbe4e2f23d133af48d348c7ec0465af4103305de397fa0309,0.0015397025272250175,0.05351854727172987,0.6001479285138134,0.639953225851059,0.2717646434903145,0.5478113725781436
mesh_gnn,42,three_hole_asymmetric,36,private-source://routeA_experiments/data/final_ood_frozen_v1/three_hole_asymmetric/sample_0036.npz,f42f3b5b47bedfb758af7282d3853313d2f8cd91228aa5ad8456fe5f4ab773e7,0.0013751918449997902,0.06377117028456744,0.6105867454418379,0.7415888011455536,0.3426998723298311,0.5976196095347405
mesh_gnn,42,three_hole_asymmetric,37,private-source://routeA_experiments/data/final_ood_frozen_v1/three_hole_asymmetric/sample_0037.npz,70b02216f9922d40a0913ae98c1656101a148ee3d0036600db73f132e9e21930,0.0017438717186450958,0.06983880403459067,0.8466294692695979,0.9102203324437141,0.35285609774291515,0.7525651007890697
mesh_gnn,42,three_hole_asymmetric,38,private-source://routeA_experiments/data/final_ood_frozen_v1/three_hole_asymmetric/sample_0038.npz,fa7d466e58601cc7ae42f28b80b74fe105c87c60ec45af33a67b9404e69917f3,0.0016390420496463776,0.06395562884539963,0.6447712153367039,0.6811991631984711,0.35567585565149784,0.6211882814764976
mesh_gnn,42,three_hole_asymmetric,39,private-source://routeA_experiments/data/final_ood_frozen_v1/three_hole_asymmetric/sample_0039.npz,6729ed9a2fcaa8077240d781da78727ef103709fb74147547087f09e654d3eeb,0.0013671498745679855,0.055932734259224556,0.6269428205317936,0.6765924096107483,0.2656205203384161,0.5352086458355185
mesh_gnn,42,three_hole_asymmetric,40,private-source://routeA_experiments/data/final_ood_frozen_v1/three_hole_asymmetric/sample_0040.npz,4dc1b2b4a3bf9267ac51874c458885168a31fd1142276944c4d12ad9b44e5100,0.0019782809540629387,0.06742964696400595,0.8927785180217677,0.8478561639785767,0.31057076901197433,0.741577665880322
mesh_gnn,42,three_hole_asymmetric,41,private-source://routeA_experiments/data/final_ood_frozen_v1/three_hole_asymmetric/sample_0041.npz,1b3c5a766f7f80111c7c5b2d1e785760caa4ac76416598c810f62f378e2dbb64,0.0015454180538654327,0.08230626632253567,0.9972730108010434,0.8857496306300163,0.4197057120036334,0.6811686903238293
mesh_gnn,42,three_hole_asymmetric,42,private-source://routeA_experiments/data/final_ood_frozen_v1/three_hole_asymmetric/sample_0042.npz,71baba454d946efdf1ed77d43d057be7b5cb937b31204d3f9a34e5b759e1f944,0.0019325967878103256,0.05454197125276616,0.5368438397538454,0.5465775728225708,0.2566516846418381,0.47817386537790274
mesh_gnn,42,three_hole_asymmetric,43,private-source://routeA_experiments/data/final_ood_frozen_v1/three_hole_asymmetric/sample_0043.npz,2ede2163e09a9b392d4845b6523de16898b67b651acecab632146f022bcfc1f4,0.0014601638540625572,0.060495164819305884,0.6684321820812457,0.6998318433761597,0.25093347765505314,0.5297091752290723
mesh_gnn,42,three_hole_asymmetric,44,private-source://routeA_experiments/data/final_ood_frozen_v1/three_hole_asymmetric/sample_0044.npz,752790623dc514ac3a960bd67bd0cc3d73c861a4598060b92da04b2669e579d1,0.0018648924306035042,0.0603940410775163,1.0005358820128516,0.9546479508280754,0.20965422969311476,0.6526261873543262
mesh_gnn,42,three_hole_asymmetric,45,private-source://routeA_experiments/data/final_ood_frozen_v1/three_hole_asymmetric/sample_0045.npz,f93c887a4af2aa5861e233d5e8c99ba90ed0d24be1f48007e736b60f2d82baa0,0.001542218029499054,0.051752901393888454,0.81282580857251,0.858345240354538,0.2085136603564024,0.5568109229207037
mesh_gnn,42,three_hole_asymmetric,46,private-source://routeA_experiments/data/final_ood_frozen_v1/three_hole_asymmetric/sample_0046.npz,7d5d9a6e64d8ae8a1e9c7319dfb573f33de06eedee213c902c4b6812faa42d0f,0.001874459907412529,0.0733937300148597,1.008877266947833,0.9223511442542076,0.250874919584021,0.7225016906857481
mesh_gnn,42,three_hole_asymmetric,47,private-source://routeA_experiments/data/final_ood_frozen_v1/three_hole_asymmetric/sample_0047.npz,95e07fc5463827a0ac7d058d0e1aeb9765b781fcc9901e3615d3cde6d0c42f72,0.0013669589534401894,0.05795832753969121,0.4950389870801242,0.5675310492515564,0.22874964732909575,0.41968069672584524
mesh_gnn,42,three_hole_asymmetric,48,private-source://routeA_experiments/data/final_ood_frozen_v1/three_hole_asymmetric/sample_0048.npz,741a820e5ca03d114c8d4ed90e51db19c9ac4733b4f826ec2ddcc36cdcac9b62,0.001829434186220169,0.05453530354916043,0.4545338728207809,0.6027068793773651,0.2360462248325348,0.39270963221788396
mesh_gnn,42,three_hole_asymmetric,49,private-source://routeA_experiments/data/final_ood_frozen_v1/three_hole_asymmetric/sample_0049.npz,9317a9055bfd4093fea4ae0bf2d7e1d3d9c8669629d159a06ce9f1c11ad7714e,0.0015075001865625381,0.05886061593604099,0.7577912709460339,0.7088528871536255,0.20470447652041912,0.6065213486552238
mesh_gnn,42,three_hole_asymmetric,50,private-source://routeA_experiments/data/final_ood_frozen_v1/three_hole_asymmetric/sample_0050.npz,88a36cb1ba6df1b25c02998dd5f645924a13a886bbdfd8571e6f74a10d39880a,0.0015542516484856606,0.05940387100646893,0.8097203827936611,0.8894832953810692,0.1992714498192072,0.6949711110442868
mesh_gnn,42,three_hole_asymmetric,51,private-source://routeA_experiments/data/final_ood_frozen_v1/three_hole_asymmetric/sample_0051.npz,4d85c5da827c71859348f936a1bae9663c3aa6086f7d0a08035af48235a64ac0,0.0018709823489189148,0.05975529714495238,0.8523688376443621,0.9025813788175583,0.22607133578276262,0.6463650658726676
mesh_gnn,42,three_hole_asymmetric,52,private-source://routeA_experiments/data/final_ood_frozen_v1/three_hole_asymmetric/sample_0052.npz,89347f4a5c2576ca481b684f9f7a77f38b7ae53c4ffdc77eeb307666b58e7af9,0.0013707280158996582,0.059830918367480855,0.7581414574667825,0.8112384080886841,0.2667672410607338,0.6496722411364311
mesh_gnn,42,three_hole_asymmetric,53,private-source://routeA_experiments/data/final_ood_frozen_v1/three_hole_asymmetric/sample_0053.npz,68b58c6932346fa5b469420b06037edb861502f1184f5455c6a69240285d7df0,0.0015381574630737305,0.054050378171161914,0.6126855649127887,0.6662775278091431,0.2533106151968241,0.5192270174622534
mesh_gnn,42,three_hole_asymmetric,54,private-source://routeA_experiments/data/final_ood_frozen_v1/three_hole_asymmetric/sample_0054.npz,8a3d74a7607b5928b4762b9ca74c6b9275b177ed92746be0574f4816d05444cd,0.0013685906305909157,0.06312156320513788,0.7598475131282301,0.7350479960441589,0.24435463970439741,0.6122189193963985
mesh_gnn,42,three_hole_asymmetric,55,private-source://routeA_experiments/data/final_ood_frozen_v1/three_hole_asymmetric/sample_0055.npz,35e8e631f17a95d6289143b7bc8633f62ae4fcbfedd60929228f07fdfb4340db,0.0015338603407144547,0.06879168790739527,0.9167784430940088,0.8885993808507919,0.27756056502403226,0.6689838159829365
mesh_gnn,42,three_hole_asymmetric,56,private-source://routeA_experiments/data/final_ood_frozen_v1/three_hole_asymmetric/sample_0056.npz,445a3665a73f0ceaa2ced3d30b7da490d69d77b0d8a04d8eeb849db3eed04dd1,0.0013716118410229683,0.043306566797106795,0.6206159309392532,0.7876584231853485,0.1623350903391838,0.5394486922770738
mesh_gnn,42,three_hole_asymmetric,57,private-source://routeA_experiments/data/final_ood_frozen_v1/three_hole_asymmetric/sample_0057.npz,e6cd4f4e82b85801bd6e1f55cd798f136d06cef8b5699b3b132aae856fc4f8c6,0.0015488890931010246,0.06395210779040615,0.7144839345051506,0.7686797976493835,0.3026266396045685,0.6466355368494986
mesh_gnn,42,three_hole_asymmetric,58,private-source://routeA_experiments/data/final_ood_frozen_v1/three_hole_asymmetric/sample_0058.npz,cd8c02f16d5cb5b76ccf7d1ec24d90c99eadd3a3beb517f14abd993c4185db88,0.001413249410688877,0.06286885295440375,0.5986416437819305,0.5770165920257568,0.2902916558086872,0.4735947012901305
mesh_gnn,42,three_hole_asymmetric,59,private-source://routeA_experiments/data/final_ood_frozen_v1/three_hole_asymmetric/sample_0059.npz,8b2f19de3b7d84f2e94fee0e2534974e7bb4e568d67f3a1c9928750c5d681d54,0.0013726027682423592,0.04975051499179398,0.3578520796339695,0.37026873230934143,0.1624920517206192,0.26720799207687373
mesh_gnn,42,three_hole_asymmetric,60,private-source://routeA_experiments/data/final_ood_frozen_v1/three_hole_asymmetric/sample_0060.npz,9a762eaafc0ad4943d42da4f1c2f1324b21b6ee9e3faaf6bd0e21961c2c74f37,0.0018808580935001373,0.061117689657609484,0.7555548441357817,0.7732624113559723,0.2228352869860828,0.6242340579628941
mesh_gnn,42,three_hole_asymmetric,61,private-source://routeA_experiments/data/final_ood_frozen_v1/three_hole_asymmetric/sample_0061.npz,f363192d56ff237222c6af805a0435cdace76f73899372ae7a684b627192c2cf,0.0013638585805892944,0.05098144877043648,0.648986284682433,0.7340538799762726,0.26385270059108734,0.6042641997337335
mesh_gnn,42,three_hole_asymmetric,62,private-source://routeA_experiments/data/final_ood_frozen_v1/three_hole_asymmetric/sample_0062.npz,2f26a4605d7e2c878f5be76227c29d3c349d949c85a3fd078ad080cee6cfff90,0.001881447620689869,0.061242242163466264,0.6857994939417561,0.749904066324234,0.30062398314476013,0.611659659445285
mesh_gnn,42,three_hole_asymmetric,63,private-source://routeA_experiments/data/final_ood_frozen_v1/three_hole_asymmetric/sample_0063.npz,17c7bdafaf1ee584c9e013fbb7431229a839fea3282cdae21417ce64c07803f3,0.0016930736601352692,0.05437206887750493,0.5528490971624799,0.6291645765304565,0.2182340919971466,0.4633323784917592
mesh_gnn,42,three_hole_asymmetric,64,private-source://routeA_experiments/data/final_ood_frozen_v1/three_hole_asymmetric/sample_0064.npz,793cbf94a8f0ee09dd55e7baf6508b26cc685f59f0c6758686e2412286c50e95,0.0018344298005104065,0.05461048655882508,0.4804928235942689,0.5966975390911102,0.24779317528009415,0.4385377258062361
mesh_gnn,42,three_hole_asymmetric,65,private-source://routeA_experiments/data/final_ood_frozen_v1/three_hole_asymmetric/sample_0065.npz,1a010370114984ac96012fd00665935431ad026ab4d7339462e9ede18dcde1d9,0.001735147088766098,0.059966293580764045,0.7480887897807994,0.8546736836433411,0.24567276990273967,0.5422480344772329
mesh_gnn,42,three_hole_asymmetric,66,private-source://routeA_experiments/data/final_ood_frozen_v1/three_hole_asymmetric/sample_0066.npz,b4fb5ef8fe25b228082cf73d25bf64834fc6a386885f1003e912cc5461f36d56,0.001791621558368206,0.07134569612352192,0.8944970918279788,0.8857428655028343,0.3315087996306829,0.6939956080168483
mesh_gnn,42,three_hole_asymmetric,67,private-source://routeA_experiments/data/final_ood_frozen_v1/three_hole_asymmetric/sample_0067.npz,9966203f8926dbc05a509af06ae061895e57e0716bd5f4d7fbf1f94ef0a45954,0.0016844216734170914,0.06385613462380361,0.8072426017105836,0.6989871859550476,0.3055524602532387,0.572670637071132
mesh_gnn,42,three_hole_asymmetric,68,private-source://routeA_experiments/data/final_ood_frozen_v1/three_hole_asymmetric/sample_0068.npz,3441c1ef60f7fd85c99941996ff1e1187f19859561c6ad1e959ad510a070dfcb,0.0013674888759851456,0.07527797578717803,0.8872689450291239,0.8536896407604218,0.3422373402863741,0.7319297537207596
mesh_gnn,42,three_hole_asymmetric,69,private-source://routeA_experiments/data/final_ood_frozen_v1/three_hole_asymmetric/sample_0069.npz,957b4c4b2aca791503277fca2b6d349af9cb542bc497b1dfb5a2641ef5e16b1e,0.0015552164986729622,0.07413661043704416,0.8494532851867745,0.9640800356864929,0.3390037603676319,0.7547614268958567
mesh_gnn,42,three_hole_asymmetric,70,private-source://routeA_experiments/data/final_ood_frozen_v1/three_hole_asymmetric/sample_0070.npz,bf042f87f987b456925f37ee22c985a855b18b686770e5b97a394d3c0c2acbe6,0.0014408743008971214,0.07132502191583899,0.8307090466382545,0.7880656123161316,0.32887294121610466,0.6169416561722755
mesh_gnn,42,three_hole_asymmetric,71,private-source://routeA_experiments/data/final_ood_frozen_v1/three_hole_asymmetric/sample_0071.npz,d8ecc3806b2dd2950185d128052672533a7ecff47ea474de8708ce8b3e391105,0.0015305103734135628,0.04509570311939268,0.7120621671396906,0.7803280353546143,0.15608620643615723,0.5082622140645979
mesh_gnn,42,three_hole_asymmetric,72,private-source://routeA_experiments/data/final_ood_frozen_v1/three_hole_asymmetric/sample_0072.npz,6fb1d638377a02897f21ad9678d3a93e1ed734ef1ade5a6f69a1c16b0d92646b,0.0015457384288311005,0.05702797738183385,0.888535420034808,0.950556181371212,0.20289634633809328,0.6658106073737136
mesh_gnn,42,three_hole_asymmetric,73,private-source://routeA_experiments/data/final_ood_frozen_v1/three_hole_asymmetric/sample_0073.npz,aa1f55a954bf5a5a2a0fc55c80c60d0c6c3bcfed40697329e85d1f1150b3beb1,0.0015466241165995598,0.06545253391789656,0.8163492841514617,0.8281132578849792,0.22867340897209942,0.622727213054894
mesh_gnn,42,three_hole_asymmetric,74,private-source://routeA_experiments/data/final_ood_frozen_v1/three_hole_asymmetric/sample_0074.npz,7efa7bbcf05970d90ea88b07b297960e2591bdf9454367d39202dd0eea0baf1c,0.0014177849516272545,0.053609867775938534,0.8317280408527604,0.8452816233038902,0.20955055771628395,0.6714088141918179
mesh_gnn,42,three_hole_asymmetric,75,private-source://routeA_experiments/data/final_ood_frozen_v1/three_hole_asymmetric/sample_0075.npz,797d1d48df61dcc794ea9c42bd7cbe3fb5904ac3207e4c22d07fd98d6cba6889,0.0016767997294664383,0.06739713605729646,0.688936163700026,0.7615212798118591,0.28866010159254074,0.5926162853837009
mesh_gnn,42,three_hole_asymmetric,76,private-source://routeA_experiments/data/final_ood_frozen_v1/three_hole_asymmetric/sample_0076.npz,ed8628f781c6e4e0f944c54b129e12897361e0950bc2b545bb2c4111835b1aa3,0.0015063229948282242,0.0650545056708417,0.8754525862264727,0.7828288078308105,0.26345042610773817,0.5819441545754663
mesh_gnn,42,three_hole_asymmetric,77,private-source://routeA_experiments/data/final_ood_frozen_v1/three_hole_asymmetric/sample_0077.npz,e1e3d0aa07a5e03fbc7d7cd2e5822d6d019cc78a74b2a133771301fca0c23ab6,0.0015444019809365273,0.0602820846906146,0.5841948393577182,0.7472487092018127,0.26752088963985443,0.6133453067392111
mesh_gnn,42,three_hole_asymmetric,78,private-source://routeA_experiments/data/final_ood_frozen_v1/three_hole_asymmetric/sample_0078.npz,b8c9c9f9a9d7c2106857e098ccf52a7ed33b76dda547cbe28fa76263b27cde39,0.0018343422561883926,0.0664156325744425,0.7331740510115434,0.7895631492137909,0.31525965966284275,0.58534560650587
mesh_gnn,42,three_hole_asymmetric,79,private-source://routeA_experiments/data/final_ood_frozen_v1/three_hole_asymmetric/sample_0079.npz,6600329ca06c105c508bd49db109ca5aa0861398ccd222389fac3dd5f02b058c,0.0015490958467125893,0.0630958220716994,0.888915682203271,0.7068363130092621,0.2577666536672041,0.5396709978580466
mesh_gnn,42,three_hole_asymmetric,80,private-source://routeA_experiments/data/final_ood_frozen_v1/three_hole_asymmetric/sample_0080.npz,ffbc158abeb51a4eb3928201634706c040d340dabbe33426cdc7b7127fe13543,0.0016218144446611404,0.056347513471697974,0.6986305681582958,0.6515124440193176,0.25746800750494003,0.5339059561491012
mesh_gnn,42,three_hole_asymmetric,81,private-source://routeA_experiments/data/final_ood_frozen_v1/three_hole_asymmetric/sample_0081.npz,a87e60b7c7797fddf37237be730cdc9809205a80b44cb6b2262de1a6d7645693,0.0015523890033364296,0.0617778566770849,0.8580514323487254,0.9124718382954597,0.27340494096279144,0.6630498096346853
mesh_gnn,42,three_hole_asymmetric,82,private-source://routeA_experiments/data/final_ood_frozen_v1/three_hole_asymmetric/sample_0082.npz,067daeb253b7553c2df8a4b49429eea3aa5169264dc4c11e08a931320e7ddff4,0.001705363392829895,0.05425712534515616,0.6361874597311981,0.6598972082138062,0.2729877829551697,0.5099038571119299
mesh_gnn,42,three_hole_asymmetric,83,private-source://routeA_experiments/data/final_ood_frozen_v1/three_hole_asymmetric/sample_0083.npz,f1d60eebc050728f5777b4668048e76d34dee796f6835ce90e1158999fa44fd4,0.001550883986055851,0.06676512975000452,0.8737996720755274,0.8670589104294777,0.2735803723335266,0.6567746784538023
mesh_gnn,42,three_hole_asymmetric,84,private-source://routeA_experiments/data/final_ood_frozen_v1/three_hole_asymmetric/sample_0084.npz,412d7cf0b8e7473beabae2d73d6f51672f2e2290c5eb4f6594fefd3da8d64992,0.0018470371142029762,0.07104758080796068,0.7909080771217208,0.8224371373653412,0.32849839329719543,0.6961484074592587
mesh_gnn,42,three_hole_asymmetric,85,private-source://routeA_experiments/data/final_ood_frozen_v1/three_hole_asymmetric/sample_0085.npz,254ac982dfb840962b732a7f58d26007ad7175788b3d22740ac1a0de93037713,0.0015571070834994316,0.05657012381372738,0.5842121847744628,0.5301790535449982,0.32962665148079395,0.46264918446540787
mesh_gnn,42,three_hole_asymmetric,86,private-source://routeA_experiments/data/final_ood_frozen_v1/three_hole_asymmetric/sample_0086.npz,c521fb24ed492b9981db7f659459473625677c7b0d7e4c9095384fc6551b4657,0.0013600979000329971,0.06466735282698081,1.094904858489163,0.9238082095980644,0.22992774768499658,0.6346676386892772
mesh_gnn,42,three_hole_asymmetric,87,private-source://routeA_experiments/data/final_ood_frozen_v1/three_hole_asymmetric/sample_0087.npz,7946973bee1306c79f4c36bb2e32fb4b5c210f4c5eee0944367ba30e9fdd9e31,0.001750679686665535,0.05178067637392204,0.6597697654124121,0.8077483773231506,0.16506223753094673,0.5620138376951208
mesh_gnn,42,three_hole_asymmetric,88,private-source://routeA_experiments/data/final_ood_frozen_v1/three_hole_asymmetric/sample_0088.npz,11f5514ff6bbacbe263aded7875193bf5aad8a00011357f6c74f2f464c5b23a1,0.001850999891757965,0.054762996779350724,0.4843395910435419,0.5610303580760956,0.1909404123434797,0.42069485895335657
mesh_gnn,42,three_hole_asymmetric,89,private-source://routeA_experiments/data/final_ood_frozen_v1/three_hole_asymmetric/sample_0089.npz,a61b51e0b645bb67e96064efeeb018bd2d7b048c8350145b4efca94cd3cced4a,0.0013715587556362152,0.06623654152030632,0.701169712424808,0.8638846725225449,0.32087174616754055,0.707423798367381
mesh_gnn,42,three_hole_asymmetric,90,private-source://routeA_experiments/data/final_ood_frozen_v1/three_hole_asymmetric/sample_0090.npz,f238f1b73bfe633977814f4ee8efd7678f1da09cdadc96667ab86b42fd9c84b8,0.0015469100326299667,0.08276964562122378,1.0258018759993155,0.9039564430713654,0.39542984346917365,0.7141806002706286
mesh_gnn,42,three_hole_asymmetric,91,private-source://routeA_experiments/data/final_ood_frozen_v1/three_hole_asymmetric/sample_0091.npz,908dee8055af09e682db2290282512110ad8b8134b5a3c698b0b1e27d1298733,0.0013751676306128502,0.04971220477193836,0.5801257767416783,0.6238565742969513,0.269684299826622,0.5184547275304792
mesh_gnn,42,three_hole_asymmetric,92,private-source://routeA_experiments/data/final_ood_frozen_v1/three_hole_asymmetric/sample_0092.npz,235f3d7bb93d6ff69897dc532f9c0175c97fc98f43fc1a6c18061f36b3b6c3ef,0.0015645800158381462,0.06464521644873807,0.6180391809279688,0.7059808671474457,0.3099458869546652,0.5412231132388114
mesh_gnn,42,three_hole_asymmetric,93,private-source://routeA_experiments/data/final_ood_frozen_v1/three_hole_asymmetric/sample_0093.npz,a7d0da11a92287a27a4a6c11ca702f3f2f17ff721a0f0279d690f8abf94252be,0.001385517418384552,0.05152267874888333,0.6607109366222078,0.7776426076889038,0.24588480591773987,0.5648257091641423
mesh_gnn,42,three_hole_asymmetric,94,private-source://routeA_experiments/data/final_ood_frozen_v1/three_hole_asymmetric/sample_0094.npz,d0aa584876f99691aeeb8026d5ead955e7cc17621019a851ef37a13edaf58971,0.0016886107623577118,0.06604611702082157,0.7782856965635343,0.8077833950519562,0.3062056675553322,0.6443969875574107
mesh_gnn,42,three_hole_asymmetric,95,private-source://routeA_experiments/data/final_ood_frozen_v1/three_hole_asymmetric/sample_0095.npz,d203d6745345a12b29597ac2d26caea89ab17bb23083688666fb462296530e05,0.0017368467524647713,0.05297357969167954,0.6166059724432004,0.683632880449295,0.18842248432338238,0.5660790219902991
mesh_gnn,42,three_hole_asymmetric,96,private-source://routeA_experiments/data/final_ood_frozen_v1/three_hole_asymmetric/sample_0096.npz,78f0808d535501b8d16b5386431081df41fe126d96ffeb5bfc34b71693bd5714,0.0014522448182106018,0.062025513134557494,0.8396787603452669,0.8575815558433533,0.24534330144524574,0.602639578282833
mesh_gnn,42,three_hole_asymmetric,97,private-source://routeA_experiments/data/final_ood_frozen_v1/three_hole_asymmetric/sample_0097.npz,a19b074a2ef168ce2028edf5abd4394ddadac3e42eb7badae29852dcd87b8c01,0.0015577040612697601,0.06719716701443854,0.8378048729296579,0.8859565928578377,0.3273257240653038,0.7371211692690844
mesh_gnn,42,three_hole_asymmetric,98,private-source://routeA_experiments/data/final_ood_frozen_v1/three_hole_asymmetric/sample_0098.npz,e628a052cb301d1ccddc36abc3e756605d05d755311cc580cb8638d0283e8a28,0.001815703697502613,0.07356859959412472,0.9072023546945229,0.8211950063705444,0.32638433622196317,0.6527112945914267
mesh_gnn,42,three_hole_asymmetric,99,private-source://routeA_experiments/data/final_ood_frozen_v1/three_hole_asymmetric/sample_0099.npz,c4c58ccc92851ab150fbcfb7929b45da22b8f4be00f48239dbac5a4033fb8247,0.0015479391440749168,0.059254007858017696,0.7616374532805085,0.8194570243358612,0.24017694665235467,0.6637853026390069
mesh_gnn,42,three_hole_asymmetric,100,private-source://routeA_experiments/data/final_ood_frozen_v1/three_hole_asymmetric/sample_0100.npz,7735aa807c0bade0596ab7163387935e7d8a6420ea91ac0b71468f037f55c595,0.0017086658626794815,0.04053769788580099,0.3200749622027321,0.38063445687294006,0.14384867250919342,0.2488339528441426
mesh_gnn,42,three_hole_asymmetric,101,private-source://routeA_experiments/data/final_ood_frozen_v1/three_hole_asymmetric/sample_0101.npz,50903f9da861e8e4b8d2ee84d0c4eea498c76f1b91f5cc6b26cca7661f51f13b,0.001544911414384842,0.07522448803274549,0.943674220432456,0.9118395522236824,0.31695771467639133,0.6867858372628686
mesh_gnn,42,three_hole_asymmetric,102,private-source://routeA_experiments/data/final_ood_frozen_v1/three_hole_asymmetric/sample_0102.npz,393185e3a3667ce8030757bd68d94410eee1772700c16b445a0af74c993e2d3e,0.0013766270130872726,0.06555072543638268,0.9447649570578506,0.924493782222271,0.23584988061338663,0.6977310754358766
mesh_gnn,42,three_hole_asymmetric,103,private-source://routeA_experiments/data/final_ood_frozen_v1/three_hole_asymmetric/sample_0103.npz,d8e3e01787f23ef6a1dabb9edf23da79e0637aeb7fd538143355fccbedc02bc1,0.0016469797119498253,0.0614508844971219,0.4892083414496118,0.4958229959011078,0.2600961308926344,0.4134425476193426
mesh_gnn,42,three_hole_asymmetric,104,private-source://routeA_experiments/data/final_ood_frozen_v1/three_hole_asymmetric/sample_0104.npz,d6cc18e29b7582dec1b5602f9fa8218e7d40d0e0ed08552c1d6acc779fc36a17,0.0018145516514778137,0.059003856176188266,0.9224332113573416,0.9139519780874252,0.2568579576909542,0.7886747919023035
mesh_gnn,42,three_hole_asymmetric,105,private-source://routeA_experiments/data/final_ood_frozen_v1/three_hole_asymmetric/sample_0105.npz,35bd0c998f7436861f71be50f8aba64a3461c822cf292b3e6694660f55a3b0f1,0.001373589038848877,0.04949403462278476,0.43656254489237756,0.5922544002532959,0.20519005693495274,0.43241567611694326
mesh_gnn,42,three_hole_asymmetric,106,private-source://routeA_experiments/data/final_ood_frozen_v1/three_hole_asymmetric/sample_0106.npz,6888edd52db8cf29388af634eedf7f9be35793c07c18644b7f86f8a441acc780,0.0015356950461864471,0.05082717496626521,0.5469483357771124,0.6074815094470978,0.2265029400587082,0.4313317149877541
mesh_gnn,42,three_hole_asymmetric,107,private-source://routeA_experiments/data/final_ood_frozen_v1/three_hole_asymmetric/sample_0107.npz,40b2ef1f23b501bfde64a13fe7258035909f0d78e1d54eb6e1443c804305ecf4,0.0013831015676259995,0.06374053782722185,1.13770943165436,0.969053640961647,0.23778671585023403,0.5634067855775343
mesh_gnn,42,three_hole_asymmetric,108,private-source://routeA_experiments/data/final_ood_frozen_v1/three_hole_asymmetric/sample_0108.npz,79b8dfa34c2b35a10fea27f09a0f9f798b0367fc5192ed59d1361f1b53799bdd,0.0015500225126743317,0.08041251844987525,1.0173486919063153,0.8285889327526093,0.4321642769064056,0.6722345621150451
mesh_gnn,42,three_hole_asymmetric,109,private-source://routeA_experiments/data/final_ood_frozen_v1/three_hole_asymmetric/sample_0109.npz,8ce37dd8adb5cefec81dbd0f448aa24fd957fd04fe733656a07aef732c8cc2eb,0.0016974536702036858,0.049686946697797225,0.45594763864745314,0.5618961453437805,0.17995847016572952,0.37597040683031074
mesh_gnn,42,three_hole_asymmetric,110,private-source://routeA_experiments/data/final_ood_frozen_v1/three_hole_asymmetric/sample_0110.npz,4f2615c8cb85f9158644a5c730014c3884dbecc44b41e4c6525efb9d86c8caf8,0.001681346446275711,0.06591512587417855,0.8969137949865156,0.8860078155994415,0.24481262266635895,0.757384532317519
mesh_gnn,42,three_hole_asymmetric,111,private-source://routeA_experiments/data/final_ood_frozen_v1/three_hole_asymmetric/sample_0111.npz,0935578871a0f3a49acfc526c2f37c216dd91c68bd2a8bfb1b536326e94f5a44,0.001868290826678276,0.05539790089753656,0.9604055188120048,0.8940418735146523,0.18682987839565612,0.5257586125284424
mesh_gnn,42,three_hole_asymmetric,112,private-source://routeA_experiments/data/final_ood_frozen_v1/three_hole_asymmetric/sample_0112.npz,75f3066ea740d92e454646a086e63a485bf69922e759ad6ffeae0e0cb87dfaa8,0.0017332835122942924,0.07639788777336526,0.8630148428576154,0.9441202580928802,0.29422557540237904,0.7285476192831978
mesh_gnn,42,three_hole_asymmetric,113,private-source://routeA_experiments/data/final_ood_frozen_v1/three_hole_asymmetric/sample_0113.npz,e697a839e7548feb3a5b14360c3973b92e38a87052d3b7365b32a7cd0a753191,0.001641356386244297,0.05457289976948029,0.5240777811886305,0.5793139338493347,0.2491104651708156,0.4401821807026862
mesh_gnn,42,three_hole_asymmetric,114,private-source://routeA_experiments/data/final_ood_frozen_v1/three_hole_asymmetric/sample_0114.npz,7afaaf3601e6ed30886241051a0637c969fab4fdc7321968e3389ce030c7486a,0.001546243205666542,0.06369969401833751,0.6176944108818259,0.5864461660385132,0.32763952016830444,0.5014772221446036
mesh_gnn,42,three_hole_asymmetric,115,private-source://routeA_experiments/data/final_ood_frozen_v1/three_hole_asymmetric/sample_0115.npz,c61c1f6680ef22cfbb61c3b59a74537ff91a7a97eefe05a24d1215c5eff14175,0.001367298886179924,0.06775755407482585,0.8438705047429765,0.8574309051036835,0.3167918175458908,0.659375366568565
mesh_gnn,42,three_hole_asymmetric,116,private-source://routeA_experiments/data/final_ood_frozen_v1/three_hole_asymmetric/sample_0116.npz,9630b36b29d980654e8e8af10a050b5b22f9036bbc0eaf53ddfff402e0574e30,0.0016213422641158104,0.07226978229416729,0.854025692673406,0.8190580904483795,0.2813605127885239,0.6775388032197939
mesh_gnn,42,three_hole_asymmetric,117,private-source://routeA_experiments/data/final_ood_frozen_v1/three_hole_asymmetric/sample_0117.npz,d3d1cc5eb6165ce5dd1eb46f3b7422b7a91b41002dd8e244fb5807270ef54ae0,0.0015526842325925827,0.05644723060514649,0.9100027362789206,0.8412864804267883,0.22336323355557397,0.5593721266835912
mesh_gnn,42,three_hole_asymmetric,118,private-source://routeA_experiments/data/final_ood_frozen_v1/three_hole_asymmetric/sample_0118.npz,8e2be99501a03f3deba60278c03b5af400416cb985c121c2fa7d7d7827ff8328,0.0018368149176239967,0.0582665918288859,0.7143229372375418,0.8349912762641907,0.2721451763063669,0.5847171708941455
mesh_gnn,42,three_hole_asymmetric,119,private-source://routeA_experiments/data/final_ood_frozen_v1/three_hole_asymmetric/sample_0119.npz,a47277e2b3beb0d89ef7b03bc2d99a8b043b3ba5b66636730dd832240fb5bf67,0.001897367648780346,0.06209419102810127,0.7600474630684109,0.829198807477951,0.2575897518545389,0.6539579104632132
mesh_gnn,42,three_hole_asymmetric,120,private-source://routeA_experiments/data/final_ood_frozen_v1/three_hole_asymmetric/sample_0120.npz,460897fcccde1db2e8ba9079e66abd4ea55bf6c9fcc14cc7507c17ec7571d07d,0.0016506146639585495,0.04781953222188287,0.6390295374539515,0.6833342909812927,0.2611368000507355,0.5156697019934646
mesh_gnn,42,three_hole_asymmetric,121,private-source://routeA_experiments/data/final_ood_frozen_v1/three_hole_asymmetric/sample_0121.npz,7463cebd5dcf30b0f53bfbcec6ed3cd938cae4ff1c7cb5a51f6b6208a020a4d2,0.0015571769326925278,0.050040704217347236,0.6612232633361813,0.6580033600330353,0.22732087410986423,0.5148222297430033
mesh_gnn,42,three_hole_asymmetric,122,private-source://routeA_experiments/data/final_ood_frozen_v1/three_hole_asymmetric/sample_0122.npz,0b1f50e6483c4bd20f2eb7b1a5ad3ca903b7158558b6379b0a1c87cfb444d395,0.0018768738955259323,0.05859007829461485,0.9489024787906377,0.9280701503157616,0.18354281783103943,0.7648600548505778
mesh_gnn,42,three_hole_asymmetric,123,private-source://routeA_experiments/data/final_ood_frozen_v1/three_hole_asymmetric/sample_0123.npz,65e171101675b5cb87eb5555f716856d756743e6d3447dfa2efbde71ac332e67,0.0015526507049798965,0.057304669276698396,0.7440655518898799,0.8935078158974648,0.21455721370875835,0.6493170574307434
mesh_gnn,42,three_hole_asymmetric,124,private-source://routeA_experiments/data/final_ood_frozen_v1/three_hole_asymmetric/sample_0124.npz,d3c7c52167944c7ed7ee06f79272238419f46b0150fe90a2589d3153747fbf2f,0.0013622920960187912,0.06608660422562361,0.7934938935924468,0.8109010756015778,0.27932313829660416,0.6039911717176425
mesh_gnn,42,three_hole_asymmetric,125,private-source://routeA_experiments/data/final_ood_frozen_v1/three_hole_asymmetric/sample_0125.npz,629b8f9d37de5d037c8e33f97e602bf5d06a112e8c988084322626ed3cfa0db4,0.0015499712899327278,0.08002566936637477,0.8447284714905174,0.816537469625473,0.34378659911453724,0.6635035246610635
mesh_gnn,42,three_hole_asymmetric,126,private-source://routeA_experiments/data/final_ood_frozen_v1/three_hole_asymmetric/sample_0126.npz,d79d0f135637e2841b3453a53add5c4bf624f15ae92f2562acb09afebef0ede1,0.001353236846625805,0.05752555440451351,0.578839890056718,0.635391891002655,0.2488546445965767,0.462631656229496
mesh_gnn,42,three_hole_asymmetric,127,private-source://routeA_experiments/data/final_ood_frozen_v1/three_hole_asymmetric/sample_0127.npz,7cee35213e8863690074459c24d7fd282a7630a45f0f4fab56f69cc5187ced3c,0.0015648817643523216,0.05649391637868474,0.5852451874736442,0.6590352654457092,0.20981166511774063,0.5056186079978935
mesh_gnn,42,three_hole_asymmetric,128,private-source://routeA_experiments/data/final_ood_frozen_v1/three_hole_asymmetric/sample_0128.npz,66f17e3594dd9beaddc30078e0aea012c36ea89ec3780e24ab5e66ada4aa0aee,0.0013696709647774696,0.05235609945683629,0.4103149419719928,0.42111265659332275,0.20620135217905045,0.297875367105007
mesh_gnn,42,three_hole_asymmetric,129,private-source://routeA_experiments/data/final_ood_frozen_v1/three_hole_asymmetric/sample_0129.npz,0513a13dc15142aa7035ad92a4d92696cde53f4f938fba0b6258ba43ff994ce4,0.0015439018607139587,0.06718167065371321,0.8457119824299604,0.9630136117339134,0.2661058809608221,0.7011999770998952
mesh_gnn,42,three_hole_asymmetric,130,private-source://routeA_experiments/data/final_ood_frozen_v1/three_hole_asymmetric/sample_0130.npz,0b7e254aff9dacc784e6945d18e32da0372125ff81dc9fb35dcf29f7e12504f6,0.001359274610877037,0.07409807876287008,0.6948674106161984,0.7555362284183502,0.39211706817150116,0.6171702664345501
mesh_gnn,42,three_hole_asymmetric,131,private-source://routeA_experiments/data/final_ood_frozen_v1/three_hole_asymmetric/sample_0131.npz,b7bf7aa4688f48d7c78174369c23732d337ae6ffd998cf06bb7a4edda3a5063d,0.0015624240040779114,0.06090975979437481,0.712700772720966,0.6830023229122162,0.306756354868412,0.5397168308496468
mesh_gnn,42,three_hole_asymmetric,132,private-source://routeA_experiments/data/final_ood_frozen_v1/three_hole_asymmetric/sample_0132.npz,37fe2cf79de29a9b7e04b5fe118372c54173e6f10125f0854cf4d171d4776d59,0.001358729787170887,0.04975008045945547,0.7570456211730665,0.7372316718101501,0.1899475841782987,0.5877777948975544
mesh_gnn,42,three_hole_asymmetric,133,private-source://routeA_experiments/data/final_ood_frozen_v1/three_hole_asymmetric/sample_0133.npz,3683c8dae119211360b0dbaa1ac9e1693a1728caddc3c1bb3768f981c2091e26,0.0015421584248542786,0.05889748431451423,0.5550568282872826,0.6245247423648834,0.3079076185822487,0.5163155138492582
mesh_gnn,42,three_hole_asymmetric,134,private-source://routeA_experiments/data/final_ood_frozen_v1/three_hole_asymmetric/sample_0134.npz,322bc5ec6225e978895e341b9dfdf38fbfa0681b5b329fe286739337905a2e67,0.0018778685480356216,0.06501286035966804,0.8907622294545682,0.9850752428174019,0.2940250802785158,0.7018631879240259
mesh_gnn,42,three_hole_asymmetric,135,private-source://routeA_experiments/data/final_ood_frozen_v1/three_hole_asymmetric/sample_0135.npz,b3bc13b4ad513f7b7c47e8dfedda3871bfe1d969ceb542243518b1f1661a7b7d,0.0017436966300010681,0.061259866228251574,0.7911953051210032,0.6920984983444214,0.26493749767541885,0.5952714979648586
mesh_gnn,42,three_hole_asymmetric,136,private-source://routeA_experiments/data/final_ood_frozen_v1/three_hole_asymmetric/sample_0136.npz,20f73113304cb007ce9ee5b010405b3b08c38b719993477582e1adb17921d82b,0.0018424717709422112,0.05472503150838951,0.5918936229110409,0.6656173765659332,0.28425613790750504,0.5163514256477355
mesh_gnn,42,three_hole_asymmetric,137,private-source://routeA_experiments/data/final_ood_frozen_v1/three_hole_asymmetric/sample_0137.npz,9c029bad505c34e3cca11e8187bc4fdf7d1417417883641e5c92c0e2b1861711,0.0015943897888064384,0.0564220766309669,0.5916182881643333,0.5660071671009064,0.2540720980614424,0.4446540415287012
mesh_gnn,42,three_hole_asymmetric,138,private-source://routeA_experiments/data/final_ood_frozen_v1/three_hole_asymmetric/sample_0138.npz,2a95dd7d60712bbde64ddb2f3b9b174a2da8a71e64f53104448b1fda6898cb87,0.0015575448051095009,0.07008068587694644,1.03745417155295,0.9574375227093697,0.23755533248186111,0.6397671002894636
mesh_gnn,42,three_hole_asymmetric,139,private-source://routeA_experiments/data/final_ood_frozen_v1/three_hole_asymmetric/sample_0139.npz,f356651d5f0fbe76d7b23cee9c305931b8e8fe879d3fc560e174e6ff4a4bcbc9,0.0013645729050040245,0.06214521831661998,0.6195135497844177,0.712072342634201,0.2516991049051285,0.5671447485685348
mesh_gnn,42,three_hole_asymmetric,140,private-source://routeA_experiments/data/final_ood_frozen_v1/three_hole_asymmetric/sample_0140.npz,c22b26c249410214ce91ba779d94c82c7d58648110a4aac0c4246990ecc43bba,0.0015494637191295624,0.06725423065186747,0.7612241739928619,0.8859629109501839,0.33721788227558136,0.7661324933171269
mesh_gnn,42,three_hole_asymmetric,141,private-source://routeA_experiments/data/final_ood_frozen_v1/three_hole_asymmetric/sample_0141.npz,581b8c08fb25b0697b98b87164ebaafe6cd559b41136643d44f9de35e975d7b9,0.001366899348795414,0.06896000557707657,0.9341621517761368,0.9192802384495735,0.26406609639525414,0.7414903413504348
mesh_gnn,42,three_hole_asymmetric,142,private-source://routeA_experiments/data/final_ood_frozen_v1/three_hole_asymmetric/sample_0142.npz,578e8f60d4da9f74071ab8374b88b7be266d5d1e67dec13929a7acf811b163a8,0.0015453556552529335,0.06990979722538439,0.8369390942746748,0.8282159343361855,0.2629991229623556,0.6412168502807617
mesh_gnn,42,three_hole_asymmetric,143,private-source://routeA_experiments/data/final_ood_frozen_v1/three_hole_asymmetric/sample_0143.npz,b6b2551b71fdf3da0d4ca84d9f08c6aa2f3008f1962bd943296cbf9612880efc,0.001355065032839775,0.06777563109101072,0.8942442693168461,0.8416009247303009,0.2847060705971671,0.7347882792353627
mesh_gnn,42,three_hole_asymmetric,144,private-source://routeA_experiments/data/final_ood_frozen_v1/three_hole_asymmetric/sample_0144.npz,8329648a6f54e17ec6911f4a2a43086a79f241b8ea2247f84b00d977ee02610d,0.0015484262257814407,0.06870015843393379,1.004351071418375,0.9255570992827415,0.25967980510540656,0.7283368095755566
mesh_gnn,42,three_hole_asymmetric,145,private-source://routeA_experiments/data/final_ood_frozen_v1/three_hole_asymmetric/sample_0145.npz,9e07276be4c9a737eae17e3917bc3cdc5d0dfa1bce9663bd981f358519eb110c,0.0013549579307436943,0.05283890970958182,0.5643785958031502,0.6494040191173553,0.20614671893417835,0.5468612506985647
mesh_gnn,42,three_hole_asymmetric,146,private-source://routeA_experiments/data/final_ood_frozen_v1/three_hole_asymmetric/sample_0146.npz,67f3ee8daff2c978cbe4cd399a7f2ad4874665b5c644a341c057c304af1127c1,0.0015688072890043259,0.06946024371094867,0.8026992987537002,0.8122544586658478,0.2508466597646475,0.6575399607419963
mesh_gnn,42,three_hole_asymmetric,147,private-source://routeA_experiments/data/final_ood_frozen_v1/three_hole_asymmetric/sample_0147.npz,e85347f74d9b0184043eda85a8b0b42fe6515b3c49ceeec50b7b4d6dfff4a07d,0.0013584503903985023,0.052523986454800324,0.5183569395298327,0.6226469278335571,0.2788679748773575,0.43463097363710385
mesh_gnn,42,three_hole_asymmetric,148,private-source://routeA_experiments/data/final_ood_frozen_v1/three_hole_asymmetric/sample_0148.npz,245fe71d4768340cf55e028f00a51ef269352046fcee78a0376200f4998c9360,0.001552404835820198,0.04947587467745203,0.712462925030237,0.8299466371536255,0.22272346168756485,0.5872178345918645
mesh_gnn,42,three_hole_asymmetric,149,private-source://routeA_experiments/data/final_ood_frozen_v1/three_hole_asymmetric/sample_0149.npz,e4131c7833d7b32f7f309cc922c788dde6f66644cd7c84c3995c3e66ca6ec058,0.0013721724972128868,0.0629438454158254,0.9381358119178989,0.8856012895703316,0.23098880149518664,0.6896890964359034
mesh_gnn,42,three_hole_asymmetric,150,private-source://routeA_experiments/data/final_ood_frozen_v1/three_hole_asymmetric/sample_0150.npz,14d7c4793f64ce9d612ac24093c5fbe0dae12baa2ebcc0e606416070b0010be4,0.001638532616198063,0.06505551138254066,0.8739637734742612,0.8505339324474335,0.23610671050846577,0.6150467038154598
mesh_gnn,42,three_hole_asymmetric,151,private-source://routeA_experiments/data/final_ood_frozen_v1/three_hole_asymmetric/sample_0151.npz,3c828906fd7ab01c163402ae535f03a420e0b8d29d63467e8f5e0ac8bb2069f1,0.001885863021016121,0.05673008309091943,0.6247465227693977,0.8125101551413536,0.21373090893030167,0.543620279803872
mesh_gnn,42,three_hole_asymmetric,152,private-source://routeA_experiments/data/final_ood_frozen_v1/three_hole_asymmetric/sample_0152.npz,2dd677fdf441a2d0d82994893dd167d20bc429686f9d05c84662f972384de6c2,0.0016469229012727737,0.05861164074089014,0.8132538381325799,0.8123897016048431,0.2052142359316349,0.6438486155122517
mesh_gnn,42,three_hole_asymmetric,153,private-source://routeA_experiments/data/final_ood_frozen_v1/three_hole_asymmetric/sample_0153.npz,e09e2ec653206737b870b71f517fcc81353db939fd7d890bfde2a8715648f046,0.0018421951681375504,0.05848148146409961,0.9535106094878839,0.88055569678545,0.20236721099354327,0.7171770587563511
mesh_gnn,42,three_hole_asymmetric,154,private-source://routeA_experiments/data/final_ood_frozen_v1/three_hole_asymmetric/sample_0154.npz,354f1ec9c8bb281306006c931744c6710f378713690c48b9dfc924d8e03155dc,0.001364355906844139,0.05628816047643071,0.6673153576854384,0.6271430253982544,0.24374251998960972,0.5246212899684899
mesh_gnn,42,three_hole_asymmetric,155,private-source://routeA_experiments/data/final_ood_frozen_v1/three_hole_asymmetric/sample_0155.npz,4feb6d42b1ba8f3891917e887c391dac5ab83213398859f8c4d1343a08f81523,0.0017249630764126778,0.047958537532836215,0.7771289819627557,0.8230134546756744,0.1784372515976429,0.5747130911797267
mesh_gnn,42,three_hole_asymmetric,156,private-source://routeA_experiments/data/final_ood_frozen_v1/three_hole_asymmetric/sample_0156.npz,2ed681cf4ebe76dc5ff83597e8f424f37faa8aa01f50048685eb1a9f8504ef64,0.0015540756285190582,0.06204946532023805,0.8124020068790877,0.8503242135047913,0.2833929490298033,0.6227512147277583
mesh_gnn,42,three_hole_asymmetric,157,private-source://routeA_experiments/data/final_ood_frozen_v1/three_hole_asymmetric/sample_0157.npz,8f86d834f785485f1110f7ae10b681508b7fb7293834bdeabad4cd9e0ff581e7,0.0013725683093070984,0.06913963995778621,0.8068605476632423,0.8636449873447418,0.2956482693552971,0.6112385854125019
mesh_gnn,42,three_hole_asymmetric,158,private-source://routeA_experiments/data/final_ood_frozen_v1/three_hole_asymmetric/sample_0158.npz,b7838937a002adfbc7581e42e80020a5cc8ff317b9ef609ec1903087a3d31c3e,0.0016193222254514694,0.06656742213180634,0.7659755871013919,0.725217193365097,0.2639963161200285,0.560204805433749
mesh_gnn,42,three_hole_asymmetric,159,private-source://routeA_experiments/data/final_ood_frozen_v1/three_hole_asymmetric/sample_0159.npz,7ec05d300291c51dfc519a7d08b75bd3be917f67a3673dfe18849f585f9f709e,0.0017529195174574852,0.06346157987648796,0.7283267225258051,0.692509114742279,0.2868256295332685,0.5335326459258792
mesh_gnn,42,three_hole_asymmetric,160,private-source://routeA_experiments/data/final_ood_frozen_v1/three_hole_asymmetric/sample_0160.npz,406b5d01c559ad3764a887df63a81ab6aeb54deb0e03ab5546863badf9a16f35,0.0013635298237204552,0.051573283468807116,0.9506210072885506,0.8681981563568115,0.18002786851138808,0.5198084428906417
mesh_gnn,42,three_hole_asymmetric,161,private-source://routeA_experiments/data/final_ood_frozen_v1/three_hole_asymmetric/sample_0161.npz,e022a734e6aba3a7301b06bd77c79e73047ff290f57525b8dee053bdfa5b4988,0.0017693154513835907,0.053459500858171714,0.7102962637568028,0.7996258735656738,0.24005622416734695,0.6338242128491398
mesh_gnn,42,three_hole_asymmetric,162,private-source://routeA_experiments/data/final_ood_frozen_v1/three_hole_asymmetric/sample_0162.npz,2b13f73876bba396b8fa67ab174be82ee1a554b9e4c19a3a7412ffc39aba0b13,0.0013536708429455757,0.05476114762718295,0.732193962419009,0.8470743000507355,0.2630147021263838,0.6242662727832794
mesh_gnn,42,three_hole_asymmetric,163,private-source://routeA_experiments/data/final_ood_frozen_v1/three_hole_asymmetric/sample_0163.npz,e9b740089bb1f2d4e21a0999405d9bdba3a57bd51c7e58ea5ed47d11ee6595a2,0.0018734065815806389,0.05780773964508854,0.8251133914418578,0.8486955761909485,0.2549759914400056,0.6043277561664575
mesh_gnn,42,three_hole_asymmetric,164,private-source://routeA_experiments/data/final_ood_frozen_v1/three_hole_asymmetric/sample_0164.npz,9f206330bd07c9c4847fddf539ce746ee66390d885f3c33bc1d444adbbd318ac,0.001548496074974537,0.06487542138042135,0.6604563978649611,0.817754715681076,0.33974336832761765,0.6363493457436561
mesh_gnn,42,three_hole_asymmetric,165,private-source://routeA_experiments/data/final_ood_frozen_v1/three_hole_asymmetric/sample_0165.npz,59ec0f1c680bf9149906ed38b4dd3a4aa7612d7147f9c53c5dcfa06ecca43366,0.0013733794912695885,0.07070680919546614,0.7780429016664525,0.893910601735115,0.2949389461427927,0.7053218066692348
mesh_gnn,42,three_hole_asymmetric,166,private-source://routeA_experiments/data/final_ood_frozen_v1/three_hole_asymmetric/sample_0166.npz,acdabcd30120f1b891f11b4fee7490ecf1c73a42827cec6684949a026c1d238b,0.0015442930161952972,0.06249433089519413,0.7408013896104763,0.7787713706493378,0.28142500668764114,0.6653616458177565
mesh_gnn,42,three_hole_asymmetric,167,private-source://routeA_experiments/data/final_ood_frozen_v1/three_hole_asymmetric/sample_0167.npz,2d64cbb7ed13e9d5493b3bcffc548a37e43f77cfe686d4bd90f395d9b3dedcd2,0.0013750800862908363,0.06151848832500212,0.8374279920846346,0.8308577835559845,0.19342329955179594,0.5786566719412797
mesh_gnn,42,three_hole_asymmetric,168,private-source://routeA_experiments/data/final_ood_frozen_v1/three_hole_asymmetric/sample_0168.npz,ce1811b3b58e1cf01845e9ffb4fac5caa62f765929be1337c8260c13d9b65d5d,0.0018867207691073418,0.05571210340737018,0.9986034149643906,0.9561988860368729,0.16205590456956998,0.6793447077274315
mesh_gnn,42,three_hole_asymmetric,169,private-source://routeA_experiments/data/final_ood_frozen_v1/three_hole_asymmetric/sample_0169.npz,c8bdae4b5e47fcfb5a99f1ccde0ca1ecf2011b5c092fc8bd8e61595f8c50518c,0.0017510689795017242,0.061662946965311924,0.9277800233591103,0.9044952094554901,0.22363390401005745,0.6553654715418815
mesh_gnn,42,three_hole_asymmetric,170,private-source://routeA_experiments/data/final_ood_frozen_v1/three_hole_asymmetric/sample_0170.npz,33251f1d994ef521e7ed6646d939e7b5f6ae05ade833fce7f91910e3aa7b2d74,0.0013699913397431374,0.05586563606255748,0.7429796495226839,0.8083715438842773,0.18460614022478694,0.5418313104659317
mesh_gnn,42,three_hole_asymmetric,171,private-source://routeA_experiments/data/final_ood_frozen_v1/three_hole_asymmetric/sample_0171.npz,3304230b1d8bbdd9fc2dfda78714484a468749cddd223bba1c2dbf29c548831e,0.0015517892315983772,0.06334156566814966,0.676898708184348,0.761088639497757,0.27048815228044987,0.6189099621027707
mesh_gnn,42,three_hole_asymmetric,172,private-source://routeA_experiments/data/final_ood_frozen_v1/three_hole_asymmetric/sample_0172.npz,a740cace37940a1e2252703d9381d4b9f3f3b166a52d68121a24aaca6473c237,0.0017501097172498703,0.06291936224958873,0.7129454845342837,0.8279833197593689,0.2784873116761446,0.6435546860098836
mesh_gnn,42,three_hole_asymmetric,173,private-source://routeA_experiments/data/final_ood_frozen_v1/three_hole_asymmetric/sample_0173.npz,7fbe985e9871b0fea23dcd48b5658d0febd6965ccb34e4430a248d8ea7884c13,0.0016405358910560608,0.059694687660837686,0.8372727918611268,0.8449847400188446,0.24859131150878966,0.6009297043085096
mesh_gnn,42,three_hole_asymmetric,174,private-source://routeA_experiments/data/final_ood_frozen_v1/three_hole_asymmetric/sample_0174.npz,71542cbeea7c7322472596a11b9ea2cf6285893af2fd8caaacd78a77cf1d83fd,0.0017215907573699951,0.0579347763980848,0.6949591962662365,0.7393392324447632,0.2912227902561426,0.606973693892359
mesh_gnn,42,three_hole_asymmetric,175,private-source://routeA_experiments/data/final_ood_frozen_v1/three_hole_asymmetric/sample_0175.npz,0f2191f55e786a9cc0197b9d38b5849150523e7f0e95da026a8b7282892dd7e7,0.0015422431752085686,0.06357236640698877,0.8612604987589595,0.9114877060055733,0.19311615638434887,0.6333091828972092
mesh_gnn,42,three_hole_asymmetric,176,private-source://routeA_experiments/data/final_ood_frozen_v1/three_hole_asymmetric/sample_0176.npz,1d5d110e1725a11891d26e004b83d93d33e264f9f0cc612cea71237c93485c91,0.0013808803632855415,0.05274900494950164,0.5578147444009413,0.647188276052475,0.2358926683664322,0.5485191330313678
mesh_gnn,42,three_hole_asymmetric,177,private-source://routeA_experiments/data/final_ood_frozen_v1/three_hole_asymmetric/sample_0177.npz,491128641f9815a0257fe2c5da3e9ef510909b89c7efe14041aaf988dd54d374,0.0015482362359762192,0.06498734592886272,0.9140750941938022,0.9500496461987495,0.2625037282705307,0.7394163582473989
mesh_gnn,42,three_hole_asymmetric,178,private-source://routeA_experiments/data/final_ood_frozen_v1/three_hole_asymmetric/sample_0178.npz,8ad8976324d69fa900282a701c1176bec4bd066428ab6af4d07f98b6226c1440,0.0017487145960330963,0.07147411329908025,0.8518207953974339,0.9001156464219093,0.32939815521240234,0.7217463273555038
mesh_gnn,42,three_hole_asymmetric,179,private-source://routeA_experiments/data/final_ood_frozen_v1/three_hole_asymmetric/sample_0179.npz,ed3c4408215897e333b3a88a790f6b3b965edbc5f729ee1ca00b514638a22db3,0.0015537915751338005,0.06116710327577349,0.5576088724668341,0.601720005273819,0.26795200258493423,0.5183906614780426
mesh_gnn,42,three_hole_asymmetric,180,private-source://routeA_experiments/data/final_ood_frozen_v1/three_hole_asymmetric/sample_0180.npz,026ec17f7ba5561155ad7d2d26d4b774202c9e9d3be82846603703294b1c6599,0.0017520217224955559,0.0574794411176067,0.7430599093591368,0.8683886900544167,0.23393051326274872,0.6677252676337957
mesh_gnn,42,three_hole_asymmetric,181,private-source://routeA_experiments/data/final_ood_frozen_v1/three_hole_asymmetric/sample_0181.npz,ae31a16b8c81593e19306a84399bfd2a84ac55c7910ef8823c67abd4642aa2f6,0.0015537356957793236,0.0647729455624142,0.7975754156894153,0.784339040517807,0.26753359581925906,0.596295808628201
mesh_gnn,42,three_hole_asymmetric,182,private-source://routeA_experiments/data/final_ood_frozen_v1/three_hole_asymmetric/sample_0182.npz,3c898c6349f36f90b3d5a9fe1ea363190f3864ec9904027b2c82073b2f828008,0.0016641728579998016,0.05851102601910426,0.6927824968291802,0.7619843482971191,0.21872914512641728,0.5866506636142729
mesh_gnn,42,three_hole_asymmetric,183,private-source://routeA_experiments/data/final_ood_frozen_v1/three_hole_asymmetric/sample_0183.npz,7960bd5136007fe9e53aaf26195ec050cd3f170be4ea0892e9c50801de1e2a57,0.00154168251901865,0.06159967709518438,0.6918060747913427,0.6765540242195129,0.2759588101034751,0.5018662825226776
mesh_gnn,42,three_hole_asymmetric,184,private-source://routeA_experiments/data/final_ood_frozen_v1/three_hole_asymmetric/sample_0184.npz,d0af476fd13dfb1d250ce9a4ca56a9e4e7747143d266e251a2d3bed91fdc35c3,0.0016529960557818413,0.05976167822334465,0.6028962842556543,0.6023007035255432,0.2890697866678238,0.4799319997429848
mesh_gnn,42,three_hole_asymmetric,185,private-source://routeA_experiments/data/final_ood_frozen_v1/three_hole_asymmetric/sample_0185.npz,825925d58976a37ca694d695a027e07bfbaaceb34012d307f2f1821037baf144,0.0015447428449988365,0.06264534083568449,0.8212740609896364,0.8369593024253845,0.25176578597165644,0.699826923385262
mesh_gnn,42,three_hole_asymmetric,186,private-source://routeA_experiments/data/final_ood_frozen_v1/three_hole_asymmetric/sample_0186.npz,77e809def7ac8044a4e55b9ef623158afda39a6477b671e128605d4b47566db6,0.0016640657559037209,0.05951508610968758,0.9090093153091995,0.8937180116772652,0.20242970809340477,0.634051538631318
mesh_gnn,42,three_hole_asymmetric,187,private-source://routeA_experiments/data/final_ood_frozen_v1/three_hole_asymmetric/sample_0187.npz,d41acb81beffee4db9203e1cf0266797359f026ace1ea8ca9bcd6ccb1e2af128,0.0015610121190547943,0.051053787790009394,0.5965759521880021,0.6318826377391815,0.22492335736751556,0.4538676694035527
mesh_gnn,42,three_hole_asymmetric,188,private-source://routeA_experiments/data/final_ood_frozen_v1/three_hole_asymmetric/sample_0188.npz,0ee1d93b5b155a3545c539b9ebd208096d5da786ac320abbe96a9ddff30d88d7,0.0018022507429122925,0.05332971080076478,0.6540406887715534,0.5734601318836212,0.20771721913479269,0.4257378160953517
mesh_gnn,42,three_hole_asymmetric,189,private-source://routeA_experiments/data/final_ood_frozen_v1/three_hole_asymmetric/sample_0189.npz,70be7056cd13692af26bab63a3df9b9a64678831ef39fdb9582375ceecca7edf,0.0013727210462093353,0.06513592850804573,0.9998562656868171,0.9040915593504906,0.24187387630081503,0.5983542706817382
mesh_gnn,42,three_hole_asymmetric,190,private-source://routeA_experiments/data/final_ood_frozen_v1/three_hole_asymmetric/sample_0190.npz,a8c424ee2056e12af66d0be34289a252d77172e5cb127ec57c8550e3415ab90b,0.0019438685849308968,0.05232859020747138,0.711724949428446,0.7974787354469299,0.16794022042449797,0.5803671140223733
mesh_gnn,42,three_hole_asymmetric,191,private-source://routeA_experiments/data/final_ood_frozen_v1/three_hole_asymmetric/sample_0191.npz,26c2bd071beec9742e0a4f1e5466aa608a15434494059de80e606e4679fa8ed3,0.0015440452843904495,0.06570461460812368,0.8265658916471236,0.8701867908239365,0.2298298126042937,0.7071028266102072
mesh_gnn,42,three_hole_asymmetric,192,private-source://routeA_experiments/data/final_ood_frozen_v1/three_hole_asymmetric/sample_0192.npz,40d02fa0627c6deec298290103575257705efed18a0e5475ecaa7bf465aa9b99,0.0017889263108372688,0.061515159362575726,0.6605179039282116,0.8359692096710205,0.26669405959546566,0.5492773592472063
mesh_gnn,42,three_hole_asymmetric,193,private-source://routeA_experiments/data/final_ood_frozen_v1/three_hole_asymmetric/sample_0193.npz,e2291d430c4ed65b595a26a1bfd29617e6a29836d02a7642cee85cd276392050,0.0017404183745384216,0.06558991003467639,0.7525343133019122,0.7828695178031921,0.30735330283641815,0.6081361304968594
mesh_gnn,42,three_hole_asymmetric,194,private-source://routeA_experiments/data/final_ood_frozen_v1/three_hole_asymmetric/sample_0194.npz,31e35937f5e42fb742834cdcb1fc165dd1ffc423ac83933409ddf9f346655de1,0.0016380799934267998,0.05900726125111513,0.49678505878813506,0.5774540901184082,0.2242713161977008,0.44369798600673593
mesh_gnn,42,three_hole_asymmetric,195,private-source://routeA_experiments/data/final_ood_frozen_v1/three_hole_asymmetric/sample_0195.npz,40442c552a2016d07c97d9c05bd7232ba672eeab612657250b9c7529d4f8fba5,0.001697455532848835,0.056399555874623884,0.5452896097829691,0.602920413017273,0.22953853197395802,0.49269267618656154
mesh_gnn,42,three_hole_asymmetric,196,private-source://routeA_experiments/data/final_ood_frozen_v1/three_hole_asymmetric/sample_0196.npz,dd2106f958610c899c170e0e932d315a715401be9a89fd9bfb0ce4af7422b23f,0.0016257232055068016,0.06860488759811727,0.836859119017825,0.8905401304364204,0.3127823807299137,0.7123095273971556
mesh_gnn,42,three_hole_asymmetric,197,private-source://routeA_experiments/data/final_ood_frozen_v1/three_hole_asymmetric/sample_0197.npz,aa854427cd50f074116bdad2e4371e42c0402350e5d180482ef4c364d2ad2cf8,0.0015372224152088165,0.047217987519037746,0.399102220450418,0.45513731241226196,0.1682927906513214,0.33419438190758144
mesh_gnn,42,three_hole_asymmetric,198,private-source://routeA_experiments/data/final_ood_frozen_v1/three_hole_asymmetric/sample_0198.npz,f829be15d56c832505226b17681dbe66656bc2100714eb438d609a588f6574fe,0.0013766875490546227,0.056167830198273,0.6369683654002607,0.6795062720775604,0.3285345807671547,0.556319734454155
mesh_gnn,42,three_hole_asymmetric,199,private-source://routeA_experiments/data/final_ood_frozen_v1/three_hole_asymmetric/sample_0199.npz,52333eb8bbb0f95e069bd2d38db9cab28b55c6f86387da7cd28a27818fe1041a,0.0015593599528074265,0.054430917114276646,0.5487062014427732,0.6292268931865692,0.2057922501116991,0.45882648527622144
