model,training_seed,shape,sample_id,sample_file,sample_sha256,inference_seconds,mae,relative_l2,max_abs_error,p95_abs_error,p99_abs_error
residual_v2,44,slit_bridge,0,private-source://routeA_experiments/data/final_ood_frozen_v1/slit_bridge/sample_0000.npz,30d9b3db72b5f04e7aed5aca69b177e736741d71d456678de2c366e94064976a,0.004829071462154388,0.07794039123674706,0.6468113725812266,0.688484787940979,0.3343660980463028,0.6255436316132545
residual_v2,44,slit_bridge,1,private-source://routeA_experiments/data/final_ood_frozen_v1/slit_bridge/sample_0001.npz,35ca7668746e40038fbccaaf4b015e191d09a272260f8b2c67e05158beed58d9,0.005026244558393955,0.053058955216524345,0.3855361954526718,0.7075399309396744,0.21336257457733154,0.35706870481371833
residual_v2,44,slit_bridge,2,private-source://routeA_experiments/data/final_ood_frozen_v1/slit_bridge/sample_0002.npz,5aa31e0476a00717a676402ae73bf67f0900790fbaaba0689885a4f4d81b1d01,0.004836493171751499,0.04872876326679074,0.3830264695787838,0.4839734733104706,0.20371192693710327,0.4158477783203117
residual_v2,44,slit_bridge,3,private-source://routeA_experiments/data/final_ood_frozen_v1/slit_bridge/sample_0003.npz,fa2249a12bd45ebd5bf12289d408b399125153ec7a74d5498b2d06c116f8f405,0.005047028884291649,0.08345701334768628,0.8940805309394657,0.8762757405638695,0.4096144437789917,0.7442887425422668
residual_v2,44,slit_bridge,4,private-source://routeA_experiments/data/final_ood_frozen_v1/slit_bridge/sample_0004.npz,4006cdfdceb8abe632e2df62c467d010fb9761bec6322c363b9f3abbc55829d4,0.0048143211752176285,0.0836241362584429,0.6532689257457033,1.1687274500727654,0.34316080063581467,0.5559040114283558
residual_v2,44,slit_bridge,5,private-source://routeA_experiments/data/final_ood_frozen_v1/slit_bridge/sample_0005.npz,1ea410d183d08cc06714b087bb528e626a67090d2f8931f1f61a73ddeff9902a,0.005019829608500004,0.061826687169746854,1.0166449500096202,0.9377363249659538,0.22494917688891292,0.7953354369848961
residual_v2,44,slit_bridge,6,private-source://routeA_experiments/data/final_ood_frozen_v1/slit_bridge/sample_0006.npz,2b2b41c1ab84aefad645e09329749a0c4789e3a60b3931b89e053a383e66541e,0.0048591382801532745,0.06378696516340514,1.2527962616287671,0.9758059717714787,0.270711035002023,0.48020529337227247
residual_v2,44,slit_bridge,7,private-source://routeA_experiments/data/final_ood_frozen_v1/slit_bridge/sample_0007.npz,e99898145655a5c1ce681d0eb3c7597d5032c10b823f0c114d9a1b16467ea524,0.005195009522140026,0.048190752353118066,0.3621356229960777,0.6687147617340088,0.21937601268291473,0.41528590209782107
residual_v2,44,slit_bridge,8,private-source://routeA_experiments/data/final_ood_frozen_v1/slit_bridge/sample_0008.npz,6e17a3aa2c3547f8d5c7c15a2ba8d09341c289bc2a2f8cc11cd61460dd0a75b4,0.005003289319574833,0.07137285195939749,0.538014689216013,0.7676060646772385,0.31903108954429626,0.49879432916641164
residual_v2,44,slit_bridge,9,private-source://routeA_experiments/data/final_ood_frozen_v1/slit_bridge/sample_0009.npz,cc5b71a537246355e6aa5eb87b1ec934946edb1d31595b1d37e482e2b73e96e4,0.00506362970918417,0.05912024506609789,0.44663567998351683,0.4894777834415436,0.24964691698551178,0.3526318013668058
residual_v2,44,slit_bridge,10,private-source://routeA_experiments/data/final_ood_frozen_v1/slit_bridge/sample_0010.npz,87874a0f11d5ca1214cb1c831735689324f5d265f0ad734b920d4aea56a205a8,0.005218792706727982,0.07140425423532404,0.7289551859538594,0.7732171714305878,0.32209575176239014,0.6775416329503049
residual_v2,44,slit_bridge,11,private-source://routeA_experiments/data/final_ood_frozen_v1/slit_bridge/sample_0011.npz,a23d58d483f0ee7d7d9ad82447d292fdde0c9f6964a6ce9759730ce9671620fc,0.005169389769434929,0.08271355455100274,0.8719405106745592,0.9358829259872437,0.3527388721704483,0.7605008989572517
residual_v2,44,slit_bridge,12,private-source://routeA_experiments/data/final_ood_frozen_v1/slit_bridge/sample_0012.npz,1bf5b6c8a99e6b1af341524d638c181408e613ec93db7fb6986f600e0e3c65a1,0.00502997450530529,0.043469497386840805,0.4284976198378155,0.5097378790378571,0.21398715674877167,0.3870571494102477
residual_v2,44,slit_bridge,13,private-source://routeA_experiments/data/final_ood_frozen_v1/slit_bridge/sample_0013.npz,1adafcde8c3f4e445b1b034d25421d3a48662f83f441bf0eecdee27f12cecbc3,0.004818428307771683,0.053441438231721095,0.44335063132301783,0.6004403829574585,0.20884792506694794,0.5067642718553542
residual_v2,44,slit_bridge,14,private-source://routeA_experiments/data/final_ood_frozen_v1/slit_bridge/sample_0014.npz,64b0e9dc29123e952cb0d300a00469414c7c7f76a16dd935a75e7624fe912b36,0.005069654434919357,0.09037725780266409,0.9726616002595629,0.9744348227977753,0.3506454434245825,0.8073416143655772
residual_v2,44,slit_bridge,15,private-source://routeA_experiments/data/final_ood_frozen_v1/slit_bridge/sample_0015.npz,b9c330fa4cfc004b6beec69ac0615be8854455f9775205c11364db4615c089be,0.004831316880881786,0.08542802111791567,0.6947473227734751,0.7479021549224854,0.4022563546895981,0.5665946871042248
residual_v2,44,slit_bridge,16,private-source://routeA_experiments/data/final_ood_frozen_v1/slit_bridge/sample_0016.npz,596996fb6aeff6e88332008eed32b4b95f86de86801a1640f6de12786cd403d3,0.005097150802612305,0.05388781672706928,0.4703901536886444,0.43885117769241333,0.23391108959913254,0.39364505112171166
residual_v2,44,slit_bridge,17,private-source://routeA_experiments/data/final_ood_frozen_v1/slit_bridge/sample_0017.npz,312eedbc05e5128aebccd1eda0cb448659dcf770824e39ef15c6231d604d0095,0.004903648979961872,0.08159552911502813,0.8264897642606008,0.9091720581054688,0.36186493560671806,0.7031799264252173
residual_v2,44,slit_bridge,18,private-source://routeA_experiments/data/final_ood_frozen_v1/slit_bridge/sample_0018.npz,41e1f220b6752fc77a60ab80dca4c8628042e5d54833a97c9832832e8db500e2,0.005039425566792488,0.03811682522209622,0.25991881789496807,0.527508556842804,0.165973961353302,0.3081509232521054
residual_v2,44,slit_bridge,19,private-source://routeA_experiments/data/final_ood_frozen_v1/slit_bridge/sample_0019.npz,b97fe8016fb4c7d7995df4c42b480dce1072ee7db9abb641c503877913ffce9c,0.004817119799554348,0.0894832865519066,0.6955669083385603,0.8179037272930145,0.373014934360981,0.6007288187742232
residual_v2,44,slit_bridge,20,private-source://routeA_experiments/data/final_ood_frozen_v1/slit_bridge/sample_0020.npz,994e03c5207e2ae7356bc74d2f380fd7f474af9a82fe4a9bb90585ddb10c1fb7,0.005057721398770809,0.08583358738652927,0.7620568525237489,0.8897304683923721,0.36353082209825516,0.6106334522366516
residual_v2,44,slit_bridge,21,private-source://routeA_experiments/data/final_ood_frozen_v1/slit_bridge/sample_0021.npz,1456683b4642362ec663cedabc21c8bb0ed3f06ae1beb9ca35a8ac02768d7f01,0.005319449119269848,0.08332089587871938,0.7180640162831387,0.7714948505163193,0.44280906021595,0.6937701225280757
residual_v2,44,slit_bridge,22,private-source://routeA_experiments/data/final_ood_frozen_v1/slit_bridge/sample_0022.npz,c36a4db85f26e6cbe9c3036e9cf2ad4c578008898c1405c54c1e0914ccc8ef1c,0.0048334598541259766,0.08664576592461948,0.6502870077625246,0.5785142481327057,0.3630458042025566,0.49122692942619317
residual_v2,44,slit_bridge,23,private-source://routeA_experiments/data/final_ood_frozen_v1/slit_bridge/sample_0023.npz,610587d7aa0593f777b96e6fdb4fdcf2ebc68a867c186890c7838e7b2d944c00,0.005223128944635391,0.06589834080255705,0.6463666114454046,0.7094844281673431,0.32273365557193756,0.618148946762085
residual_v2,44,slit_bridge,24,private-source://routeA_experiments/data/final_ood_frozen_v1/slit_bridge/sample_0024.npz,959eeaf23d4f71a25e7eff4fc4c4640be516df58074ab3dad10126c1ca5ed619,0.004823187366127968,0.07495934774204759,1.1147592640420585,0.9285388588905334,0.27750629268120974,0.6602144200354811
residual_v2,44,slit_bridge,25,private-source://routeA_experiments/data/final_ood_frozen_v1/slit_bridge/sample_0025.npz,12244099e66cc796717b1ac4a0197a86db0d3832ae8f92f8b6285b350ded04cd,0.0050926292315125465,0.05375787728614658,0.4555537943250071,0.6053941249847412,0.25939884781837463,0.44612995982170056
residual_v2,44,slit_bridge,26,private-source://routeA_experiments/data/final_ood_frozen_v1/slit_bridge/sample_0026.npz,8ec7e62775275cf1cdcb11a3a5070589032551c0222125cc6f2572c5b6100c1e,0.005257244221866131,0.07772887784105834,0.6353735365215571,0.740045815706253,0.3262532874941826,0.6397904753684994
residual_v2,44,slit_bridge,27,private-source://routeA_experiments/data/final_ood_frozen_v1/slit_bridge/sample_0027.npz,a57e3c4af7915d4277fe784929f02e1108f70b06739b89cc49e2f31db68759d6,0.005125025287270546,0.06753817853349864,0.6825107354976729,0.8269011676311493,0.35619448125362396,0.6971162587404245
residual_v2,44,slit_bridge,28,private-source://routeA_experiments/data/final_ood_frozen_v1/slit_bridge/sample_0028.npz,129f68b38d7e4376d96e492a23bdc037ec06345501698eb53f87dc4c2bdcf26b,0.005036037415266037,0.05930606376448811,0.4075331259410837,0.4228276312351227,0.25851045548915863,0.35743900239467613
residual_v2,44,slit_bridge,29,private-source://routeA_experiments/data/final_ood_frozen_v1/slit_bridge/sample_0029.npz,d7be996266c698efe66a16bcc34de0aff06589c37bb8599f9f62b3c06206baa6,0.004814340732991695,0.04309945137437662,0.39413818543091367,0.49040549993515015,0.20936352014541626,0.41755540966987603
residual_v2,44,slit_bridge,30,private-source://routeA_experiments/data/final_ood_frozen_v1/slit_bridge/sample_0030.npz,b09f05e8c2f7a9d479d786d72d681814f27d08ee89b3d974343fd2b090a1ce6a,0.005046133883297443,0.06180235713254655,0.476303009061702,0.5361283421516418,0.31289084255695343,0.44050818979740136
residual_v2,44,slit_bridge,31,private-source://routeA_experiments/data/final_ood_frozen_v1/slit_bridge/sample_0031.npz,bc00125fdaa393e280c5352531595db001f7ddb3deb151245917cd589e5c31f0,0.004841565154492855,0.04322693115413035,0.30158101424776784,0.39289137721061707,0.20850418508052826,0.3024683058261871
residual_v2,44,slit_bridge,32,private-source://routeA_experiments/data/final_ood_frozen_v1/slit_bridge/sample_0032.npz,210304fe0d7d8f0427af5f9a0754f958b13e7ca893e23870daca6089c7494849,0.005156469531357288,0.04060723017978636,0.34170644822878476,0.5503605604171753,0.20117725431919098,0.34283590912818895
residual_v2,44,slit_bridge,33,private-source://routeA_experiments/data/final_ood_frozen_v1/slit_bridge/sample_0033.npz,27aec766b6350542fba91a6efe33f57848a74817bca29836eb0daa48b8186c28,0.005162772722542286,0.08691885334124477,0.8038995983804359,0.8814882561564445,0.3947027325630188,0.7835758224129674
residual_v2,44,slit_bridge,34,private-source://routeA_experiments/data/final_ood_frozen_v1/slit_bridge/sample_0034.npz,188e43a83a5baeee871f92676435b8b14ff91c60dfed2c7edaee32a7c3fe7437,0.005335806868970394,0.05847001401020078,0.5332564987920131,0.5363290905952454,0.30649829655885696,0.48050400316715236
residual_v2,44,slit_bridge,35,private-source://routeA_experiments/data/final_ood_frozen_v1/slit_bridge/sample_0035.npz,7b87bcf793f11163ce8025e6ca4bc45abb9b34cf709bd1bb8b9fb68b3a8dabe4,0.005039697512984276,0.059193342760774925,0.5315773782429175,0.6690268516540527,0.2897464781999588,0.5046020492911338
residual_v2,44,slit_bridge,36,private-source://routeA_experiments/data/final_ood_frozen_v1/slit_bridge/sample_0036.npz,4c37861366bb2835c656390a05790cc29a37a467fa5c97e436d4dc5e6180c227,0.005034155212342739,0.07008486050192957,0.7030824765950434,0.7998465895652771,0.3762974590063095,0.674765926599502
residual_v2,44,slit_bridge,37,private-source://routeA_experiments/data/final_ood_frozen_v1/slit_bridge/sample_0037.npz,8fbc3afcf65822fdaf99fdeb4b9caaacaaa2422144e57b088e882fc0dcbcdfe9,0.005031717009842396,0.09463754207382265,0.8444385553371234,0.8808776289224625,0.5073185339570045,0.7753646239638324
residual_v2,44,slit_bridge,38,private-source://routeA_experiments/data/final_ood_frozen_v1/slit_bridge/sample_0038.npz,d8aa380b826e09980e586e8dcd26acff520e462dddbb758d989ce305a62e2bd2,0.005165564827620983,0.07378127230425187,0.534749061776333,0.5833868086338043,0.3317139223217964,0.4933625996112823
residual_v2,44,slit_bridge,39,private-source://routeA_experiments/data/final_ood_frozen_v1/slit_bridge/sample_0039.npz,5773aed921a57866510a828614cf323ba3e5c1f662198f68ba30e9cd435e428d,0.005060405470430851,0.07003051403840424,0.8387837393747265,0.9045962691307068,0.3075901810079813,0.6708337664604187
residual_v2,44,slit_bridge,40,private-source://routeA_experiments/data/final_ood_frozen_v1/slit_bridge/sample_0040.npz,10b3fc9be817d0fa28e4f2ad0ce1679a84b2986a85b9c817ff380bc606731884,0.00510252732783556,0.0768015935580002,0.6381179471877259,0.8017606735229492,0.29877280443906784,0.5888135343790052
residual_v2,44,slit_bridge,41,private-source://routeA_experiments/data/final_ood_frozen_v1/slit_bridge/sample_0041.npz,cdde49a6f56183448eeefafbf84517c5719d37b8e33b5fb3d5907c79ec0c3d4d,0.005068573169410229,0.059347566407395386,0.5660211998430515,0.7302651703357697,0.2734843045473099,0.5941717386245727
residual_v2,44,slit_bridge,42,private-source://routeA_experiments/data/final_ood_frozen_v1/slit_bridge/sample_0042.npz,bd82adbf113c51db9c8fdb7ae61bdfb4b0de8fd0738107c1b16747edf214ed83,0.004851342178881168,0.050607455243832596,0.322462264957958,0.7698083072900772,0.20993667840957642,0.3085704490542412
residual_v2,44,slit_bridge,43,private-source://routeA_experiments/data/final_ood_frozen_v1/slit_bridge/sample_0043.npz,1b05a0e90cb92ad13e160cd9d88d3ccd24a5d5042572cbdeb6c780eb7c691723,0.0050722286105155945,0.08497660328872489,0.970976378397789,0.9674883931875229,0.41274193674325943,0.8395984590053558
residual_v2,44,slit_bridge,44,private-source://routeA_experiments/data/final_ood_frozen_v1/slit_bridge/sample_0044.npz,9eab1dd2e918e6415c0ac9317c974fb554285878086fbcec4685c90b0a603efd,0.004834914579987526,0.07627294307716782,0.8137676701523223,0.7963445782661438,0.3155736103653908,0.5874893568456158
residual_v2,44,slit_bridge,45,private-source://routeA_experiments/data/final_ood_frozen_v1/slit_bridge/sample_0045.npz,28399d49797881f5a264063c34c2a36369094141bb9cf4c05cbdaee4d1f32c15,0.0049849143251776695,0.07659241205327687,0.9890677118954666,0.9662221819162369,0.343588262796402,0.7475616291165348
residual_v2,44,slit_bridge,46,private-source://routeA_experiments/data/final_ood_frozen_v1/slit_bridge/sample_0046.npz,137e9591ce0032a2d71b366e44219ca9b23cbd2f3a421043183f5c5f8e25cd7f,0.005434054881334305,0.05299060875309473,0.5650228424914641,0.6662670969963074,0.30035799741744995,0.569348421692848
residual_v2,44,slit_bridge,47,private-source://routeA_experiments/data/final_ood_frozen_v1/slit_bridge/sample_0047.npz,a34fc43c7eb5b8809b22c7c026452d2278be0d7636bd62dbf7db0e72488bfe93,0.00508858822286129,0.06294828332017294,0.49737587952862555,0.6702057719230652,0.3272090367972851,0.5729494154453277
residual_v2,44,slit_bridge,48,private-source://routeA_experiments/data/final_ood_frozen_v1/slit_bridge/sample_0048.npz,d3dea4d451c780395aeec9e434f3f3426fa5b35717d062d652d0000cb4849ab0,0.004848770797252655,0.0848458546962163,0.8782564205096404,0.9256607592105865,0.4722214099019766,0.787548147141933
residual_v2,44,slit_bridge,49,private-source://routeA_experiments/data/final_ood_frozen_v1/slit_bridge/sample_0049.npz,65ea22db20d21e0adb8290dfc006ce6871e3b0e95cbda2d1b6dc4212521b340d,0.005056978203356266,0.06201025622807617,0.6561209289786262,0.8444592654705048,0.3164289891719818,0.6329870700836172
residual_v2,44,slit_bridge,50,private-source://routeA_experiments/data/final_ood_frozen_v1/slit_bridge/sample_0050.npz,84c0049ab4231171d59431596c6d5ee4a6296eb0688530fec168df065e5f3736,0.004841743037104607,0.08245445942778831,0.816601471073431,0.8705098032951355,0.4158038292080164,0.7189260825514784
residual_v2,44,slit_bridge,51,private-source://routeA_experiments/data/final_ood_frozen_v1/slit_bridge/sample_0051.npz,4a2b9189cfb9e62a2d88e9b4f0538c291df4cf2365fc6101f7bcb0ca5ea19039,0.005071657709777355,0.07010789257001397,0.9394675670603209,0.9386784732341766,0.29983802884817123,0.7844441771507257
residual_v2,44,slit_bridge,52,private-source://routeA_experiments/data/final_ood_frozen_v1/slit_bridge/sample_0052.npz,7a6182ea0d10e503b4488744930d05c12fe0a98749a0f08c0bf9a0ade333130c,0.004827660508453846,0.08175333354480158,0.6771597689711503,0.6718092560768127,0.4297202602028847,0.6104490518569945
residual_v2,44,slit_bridge,53,private-source://routeA_experiments/data/final_ood_frozen_v1/slit_bridge/sample_0053.npz,f38fc50a05bb0fe7cbe4b70cd13485a58e43ff94c9c22822cb929aed2391bc79,0.005089164711534977,0.04423077798631374,0.48895027606355534,0.6955662071704865,0.21992190182209015,0.4523432254791254
residual_v2,44,slit_bridge,54,private-source://routeA_experiments/data/final_ood_frozen_v1/slit_bridge/sample_0054.npz,523ec7f16e149a678ab1eee24891a839649693313f63f9f03417215898e364c2,0.004839827306568623,0.08556374356346913,0.8404563658097,0.868379145860672,0.39417290687561035,0.7272151201963424
residual_v2,44,slit_bridge,55,private-source://routeA_experiments/data/final_ood_frozen_v1/slit_bridge/sample_0055.npz,a11a3648b53fa4f131e8a071f27bd07db354d48796864dbb9f50084862cbf7af,0.005042157135903835,0.08562817390375692,0.6595335974399493,1.0385893285274506,0.397988960146904,0.8163930445909496
residual_v2,44,slit_bridge,56,private-source://routeA_experiments/data/final_ood_frozen_v1/slit_bridge/sample_0056.npz,754e5a373c358a5e7e5648b5ee524f7f3caf5be3ad24ca01b4bbaa5930f3722f,0.004913739860057831,0.06677978897422412,0.4709087263362181,0.9406009018421173,0.2449101209640503,0.6191179215908047
residual_v2,44,slit_bridge,57,private-source://routeA_experiments/data/final_ood_frozen_v1/slit_bridge/sample_0057.npz,88bdcbb6787810fba1f67ab1e1d706c0a0449080180a5731fe9e830cd5c1781e,0.005064156837761402,0.07278610506244461,0.6233754383156663,0.6264603435993195,0.39438918605446815,0.5054858744144437
residual_v2,44,slit_bridge,58,private-source://routeA_experiments/data/final_ood_frozen_v1/slit_bridge/sample_0058.npz,25dc8c7315b0e070c4b3619308cd7da2f67091e9d12652a39dff2c4abf512a48,0.004857523366808891,0.04649300621676879,0.4661505888256823,0.5675085783004761,0.20366714894771576,0.46094694137573217
residual_v2,44,slit_bridge,59,private-source://routeA_experiments/data/final_ood_frozen_v1/slit_bridge/sample_0059.npz,8537f0d12de7433ac2c634794f33eec0a1ef183fb6a9871cd07ec6fe9960e78c,0.00505082868039608,0.056248647886617584,0.5824370853811874,0.6596516370773315,0.2448219135403633,0.5152042508125295
residual_v2,44,slit_bridge,60,private-source://routeA_experiments/data/final_ood_frozen_v1/slit_bridge/sample_0060.npz,ccb10d13e92987f9e92f19f57b8c828d1cec71baabf49eeda5b8131c81cffaae,0.004825931042432785,0.06279122318117103,0.5628953452759076,0.7194049954414368,0.29885873198509216,0.5488106548786162
residual_v2,44,slit_bridge,61,private-source://routeA_experiments/data/final_ood_frozen_v1/slit_bridge/sample_0061.npz,617d3d8d6e33e0cd8b2d68db50b259c76f1b572922b1f4eafd14d5c95f7f2927,0.005042329430580139,0.0748082191080677,0.6930942050016157,0.8727003782987595,0.402383916079998,0.7732661783695219
residual_v2,44,slit_bridge,62,private-source://routeA_experiments/data/final_ood_frozen_v1/slit_bridge/sample_0062.npz,4cb6187852b50d7a648cc396d4b92a5199fc15e009d3e6afe856b73e4795fb3c,0.004829207435250282,0.07454218715312748,0.589063168820058,0.664904460310936,0.3280644863843918,0.5417401522397992
residual_v2,44,slit_bridge,63,private-source://routeA_experiments/data/final_ood_frozen_v1/slit_bridge/sample_0063.npz,dac27c2cdc3cfd09038c74bf4bee8892e3fbd4242d4ae68cf068121304f4b392,0.00502993818372488,0.07069485070212986,0.8205629784599339,0.879208892583847,0.33843276649713516,0.7887058921158312
residual_v2,44,slit_bridge,64,private-source://routeA_experiments/data/final_ood_frozen_v1/slit_bridge/sample_0064.npz,42bf6e538ce7971d6bb267afcbb5017c74c7ee0a38eeeb22b770afd6da523ffd,0.005090913735330105,0.055483000108213,0.48296703992700063,0.5964192152023315,0.24737495183944702,0.5466124683618538
residual_v2,44,slit_bridge,65,private-source://routeA_experiments/data/final_ood_frozen_v1/slit_bridge/sample_0065.npz,8ae70c1cc087b2cb14feefb626847c8e54e0ee1ff237949762758fc9fef1ccfe,0.005041040480136871,0.09344035466914036,0.7130342714216062,0.7150141447782516,0.43704715371131897,0.5438689641654488
residual_v2,44,slit_bridge,66,private-source://routeA_experiments/data/final_ood_frozen_v1/slit_bridge/sample_0066.npz,bf5bec0125f3e132a0234c3c65c18310c2a824fe299149a53c91065ba9684ebc,0.005308847874403,0.05171667420267468,0.4037760129822991,0.5696139186620712,0.23138444125652313,0.43296598792076085
residual_v2,44,slit_bridge,67,private-source://routeA_experiments/data/final_ood_frozen_v1/slit_bridge/sample_0067.npz,c4c4d08eb71d2a88a3573896b8651cdf6ff3433eaf00aef21e8815ee63c8636b,0.0052651166915893555,0.05881908713876862,0.497206630117629,0.8490718603134155,0.23832356929779053,0.5092530608177179
residual_v2,44,slit_bridge,68,private-source://routeA_experiments/data/final_ood_frozen_v1/slit_bridge/sample_0068.npz,9d5bf135c023eb440f5e2fcdbcd3144986ccea4a471e8d876188876d1f874f48,0.005099141038954258,0.0756618594950357,0.7938169037373182,0.7032144069671631,0.3084508813917637,0.505250690877437
residual_v2,44,slit_bridge,69,private-source://routeA_experiments/data/final_ood_frozen_v1/slit_bridge/sample_0069.npz,5c786c1f5b59aea34b782d6d4f11df00e05c430f5d55022b5da71cb4fb8d0930,0.005049149505794048,0.0868887997504615,0.8091669516376367,0.8766258433461189,0.40468110144138336,0.743809174746275
residual_v2,44,slit_bridge,70,private-source://routeA_experiments/data/final_ood_frozen_v1/slit_bridge/sample_0070.npz,ed31a0aa3d983e019a2886acd9e424e492ee60dd9051fcd420f294aa7d65556d,0.004845884628593922,0.061849436066941675,0.5833440296965074,0.6497127562761307,0.2992822825908661,0.48295119106769513
residual_v2,44,slit_bridge,71,private-source://routeA_experiments/data/final_ood_frozen_v1/slit_bridge/sample_0071.npz,392690e82cd3c5edc07092ea1286bb31ee5ff623427f4ad994d7d81479d6dab4,0.0050829024985432625,0.06539141396164262,0.7317061663558128,0.8715507984161377,0.34602056443691254,0.6475246131420136
residual_v2,44,slit_bridge,72,private-source://routeA_experiments/data/final_ood_frozen_v1/slit_bridge/sample_0072.npz,13d1458cb7f3b3c59870f9253bb955db809110e13c2d3e0b7bd73b1dc03bcc6b,0.004903540015220642,0.059377234789544944,0.6269455580596284,0.6633008122444153,0.2730094827711582,0.5211298495531081
residual_v2,44,slit_bridge,73,private-source://routeA_experiments/data/final_ood_frozen_v1/slit_bridge/sample_0073.npz,abe7b6b76ff8f9f9514fc6c9452f5d49124e62bec9ef2160c3a275b0c13db251,0.005060275085270405,0.08152560185397802,0.8039772804337636,0.7642086297273636,0.35067854821681976,0.6617514431476592
residual_v2,44,slit_bridge,74,private-source://routeA_experiments/data/final_ood_frozen_v1/slit_bridge/sample_0074.npz,51ff9c6ba58e09f4038fba26fc78e8d866d805ea092ff9a4834e7d07d5b953c3,0.004648853093385696,0.04529057261000346,0.3825400789917698,0.5586287081241608,0.22159512341022491,0.38524140715599037
residual_v2,44,slit_bridge,75,private-source://routeA_experiments/data/final_ood_frozen_v1/slit_bridge/sample_0075.npz,295242b0a3c4441b1839c2e51ada10cd8d911b42bc383c1c876668ed7db69aca,0.005087380297482014,0.05515950086025436,0.6189949827523157,0.744755744934082,0.29986435174942017,0.6285265743732449
residual_v2,44,slit_bridge,76,private-source://routeA_experiments/data/final_ood_frozen_v1/slit_bridge/sample_0076.npz,beb19109c76423a493f2dce420b9e7186ae828c5f8afa7330784720dd627942a,0.004808271303772926,0.07335229997672918,0.5963709329475763,0.6591692268848419,0.3511974699795246,0.5306392312049866
residual_v2,44,slit_bridge,77,private-source://routeA_experiments/data/final_ood_frozen_v1/slit_bridge/sample_0077.npz,2b930b075d3b18dc862520638716d3ca8b214cccc86033c8a5389cf1eee32caf,0.005065402947366238,0.0692522691941541,0.7774170995055286,0.9006878882646561,0.35476381331682205,0.7180642440915103
residual_v2,44,slit_bridge,78,private-source://routeA_experiments/data/final_ood_frozen_v1/slit_bridge/sample_0078.npz,81766226a2c457e6280404619b8b2ac47bc63cd5302a18b5988528768c89a906,0.0042846184223890305,0.07963218273483073,0.7247239637199622,0.7183748185634613,0.34363265335559845,0.6177741140127173
residual_v2,44,slit_bridge,79,private-source://routeA_experiments/data/final_ood_frozen_v1/slit_bridge/sample_0079.npz,39d04f6918bf1e91b48064494be9aa05bd75bf2d12d1b69e17182fdccc736084,0.004915631376206875,0.051567028123754195,0.3973678388894974,0.537889689207077,0.25570543110370636,0.40771186053752884
residual_v2,44,slit_bridge,80,private-source://routeA_experiments/data/final_ood_frozen_v1/slit_bridge/sample_0080.npz,34759e2ce25b3deafb7b86e4a166e29aa7b6ad6312b24ec108b7195308a75605,0.005077647045254707,0.08227427132637082,0.953195548291973,0.919340968132019,0.3336451556533575,0.7666073128581044
residual_v2,44,slit_bridge,81,private-source://routeA_experiments/data/final_ood_frozen_v1/slit_bridge/sample_0081.npz,c09c71d395b921fd42317ee8257d8e8ca0fefc88548e7044fde1c9427bc01d57,0.005296025425195694,0.04188298006754006,0.26599667219441175,0.34723082184791565,0.1738462597131729,0.2744352638721465
residual_v2,44,slit_bridge,82,private-source://routeA_experiments/data/final_ood_frozen_v1/slit_bridge/sample_0082.npz,76690bbcb43ff947e8588630e8c1f5eaeae09d80c05290dd16299c07f4b07db3,0.004813740029931068,0.04240867737018667,0.32859454287714107,0.5077902376651764,0.17768637835979462,0.42229833304882036
residual_v2,44,slit_bridge,83,private-source://routeA_experiments/data/final_ood_frozen_v1/slit_bridge/sample_0083.npz,b13467cf03c2c8574ad8306306835f018286494378025cc13aa4b84ebb20ce43,0.005409023724496365,0.06734124394106424,1.3548094690315327,0.9573097042739391,0.25312598643358797,0.6279906222596763
residual_v2,44,slit_bridge,84,private-source://routeA_experiments/data/final_ood_frozen_v1/slit_bridge/sample_0084.npz,9c49b44f5bee1f5433dbba97fd43f3fbe29009da78b18d356f171b5351154266,0.004844699986279011,0.0342637419221682,0.2682816644352555,0.368818998336792,0.14565660059452057,0.27123438119888305
residual_v2,44,slit_bridge,85,private-source://routeA_experiments/data/final_ood_frozen_v1/slit_bridge/sample_0085.npz,f99b2ecfc893456f4094ee49f725dacd918863f2c57f06cd9486ed733ef4c220,0.005064833909273148,0.08259007447954266,0.8687648346793778,0.9026428088545799,0.3554731570184231,0.7183410897850974
residual_v2,44,slit_bridge,86,private-source://routeA_experiments/data/final_ood_frozen_v1/slit_bridge/sample_0086.npz,fa0010c85def531807bfac046d520a0e1fcfa53f399129a530872a5ed7c486e8,0.005246221087872982,0.09278226514943223,0.8238007360012107,0.9129121899604797,0.4552271366119385,0.778033764660358
residual_v2,44,slit_bridge,87,private-source://routeA_experiments/data/final_ood_frozen_v1/slit_bridge/sample_0087.npz,c71c435433f07e222a9c7657e14158b1582d4eb606c1feec9a70429635dc0db8,0.005203407257795334,0.06853278447208189,0.6886410788101046,0.7136523723602295,0.32533929124474525,0.6334616273641586
residual_v2,44,slit_bridge,88,private-source://routeA_experiments/data/final_ood_frozen_v1/slit_bridge/sample_0088.npz,356663c8d9f185922d520ff8cab4336c663ae05fa5851257b47fd5a7f2890d38,0.005230673588812351,0.07549226332618388,0.7418759595277101,0.9264914691448212,0.40913860499858856,0.6918261006474494
residual_v2,44,slit_bridge,89,private-source://routeA_experiments/data/final_ood_frozen_v1/slit_bridge/sample_0089.npz,8a9067dfbc0e5c2e206260b72a5ca217d4c4ab8591213e41f21555fef28ede5c,0.00503653846681118,0.05266880702078502,0.47709055109582693,0.6431240439414978,0.22963397204875946,0.4455204039812081
residual_v2,44,slit_bridge,90,private-source://routeA_experiments/data/final_ood_frozen_v1/slit_bridge/sample_0090.npz,e8f22014254e79ac9ea4af542bb6a6578f4d3903902c242153233437a8df0eca,0.005236834287643433,0.06870768921132411,0.5926932238770695,0.7687410116195679,0.29028936848044395,0.5529576778411863
residual_v2,44,slit_bridge,91,private-source://routeA_experiments/data/final_ood_frozen_v1/slit_bridge/sample_0091.npz,9ac5d5dae9509b1d341ae8236d8e0bd3b682e73f0fabd2327bc777955fc68672,0.00499841570854187,0.04507684908359211,0.3053448593630313,0.42759084701538086,0.20993685722351074,0.3154810547828674
residual_v2,44,slit_bridge,92,private-source://routeA_experiments/data/final_ood_frozen_v1/slit_bridge/sample_0092.npz,fce6d4931689f991567299750cb2e58ba69a69fb8a7ea9ca2b6623d311e269b9,0.005250856280326843,0.06792421380867343,0.6656853943610014,0.8075324892997742,0.39126624912023544,0.634090220928192
residual_v2,44,slit_bridge,93,private-source://routeA_experiments/data/final_ood_frozen_v1/slit_bridge/sample_0093.npz,ba68ade9b7a7667d9de5bbb4e80fd05e409e86460843549762f31a41447162d1,0.005207444541156292,0.0704135213112548,0.6856860001538333,0.7000337243080139,0.331844937056303,0.5443713456392277
residual_v2,44,slit_bridge,94,private-source://routeA_experiments/data/final_ood_frozen_v1/slit_bridge/sample_0094.npz,ccba8ddededbe3b30aeff76d268cff5c811b3ec60c50fc5e9c8ad0ef75b4658f,0.005243766121566296,0.04359134887951742,0.41817866169763585,0.5847996696829796,0.2046823650598526,0.33994878977537146
residual_v2,44,slit_bridge,95,private-source://routeA_experiments/data/final_ood_frozen_v1/slit_bridge/sample_0095.npz,d8673dac77deb264dbb605e3b8da123628dc8c82574f2e781ca0ed91d7e7ce88,0.004870832897722721,0.0724585302033543,0.7954720677540434,0.8703417927026749,0.35885164327919483,0.7108872160315513
residual_v2,44,slit_bridge,96,private-source://routeA_experiments/data/final_ood_frozen_v1/slit_bridge/sample_0096.npz,88387af9839890df82ba2388bdcdfa95d6200c6b8848f9cbfc0dda3b8e1f5f31,0.005234263837337494,0.06502608536246106,0.620523101854068,0.7572394758462906,0.37020984292030334,0.6285214990377419
residual_v2,44,slit_bridge,97,private-source://routeA_experiments/data/final_ood_frozen_v1/slit_bridge/sample_0097.npz,042e86e783efa3942e62430f3045cf582a6d959709c938cb225b92bc44bcc64f,0.00507857371121645,0.09069741369335105,0.6971737381150402,0.8412944972515106,0.408745713531971,0.6570384792983531
residual_v2,44,slit_bridge,98,private-source://routeA_experiments/data/final_ood_frozen_v1/slit_bridge/sample_0098.npz,f76accedd1c25ec4c7b700fef8f7e440bff7ca6d234800cb8d3b4cd6f7f7b8e6,0.005041982978582382,0.06367894646555544,0.6456406621681681,0.6878547966480255,0.33496345579624176,0.6123781532049176
residual_v2,44,slit_bridge,99,private-source://routeA_experiments/data/final_ood_frozen_v1/slit_bridge/sample_0099.npz,6a4b39b6a971b50d0cd5a3eefaf6a1f3f142b0d9ecee397ce1ff23093f6a46d9,0.005051472224295139,0.05245130153393476,0.41224448030030336,0.5238843858242035,0.2441163957118988,0.39354022741317746
residual_v2,44,slit_bridge,100,private-source://routeA_experiments/data/final_ood_frozen_v1/slit_bridge/sample_0100.npz,09c098f8500ef7ae13df30b97fd58bdcffba8843b115a610318dc18f65ef3540,0.005308208055794239,0.08218441536436843,0.8640358760550186,0.9335626512765884,0.33581041917204857,0.7562467202544203
residual_v2,44,slit_bridge,101,private-source://routeA_experiments/data/final_ood_frozen_v1/slit_bridge/sample_0101.npz,3671b99524219e4e7f1acd583f0a9f657d15a23a30ed3d575564b8f9d92d770e,0.0051453327760100365,0.05892665061517555,0.4313403754150518,0.586249828338623,0.3015078604221344,0.46650975942611683
residual_v2,44,slit_bridge,102,private-source://routeA_experiments/data/final_ood_frozen_v1/slit_bridge/sample_0102.npz,b8b9ab3a97d31d7c91628f73ac4db6371901871d302b30af028ae7297b2b153b,0.00540973711758852,0.05956916922310666,1.0615992506996077,0.9564541131258011,0.23944972187746316,0.7044299189001301
residual_v2,44,slit_bridge,103,private-source://routeA_experiments/data/final_ood_frozen_v1/slit_bridge/sample_0103.npz,9f972861588cfdfdfbc3d1b3492908230dc44d640058083aa85270fbceb816f9,0.005030506290495396,0.051543618672579776,0.5537325452359102,0.6134431064128876,0.30924713611602783,0.516650369763374
residual_v2,44,slit_bridge,104,private-source://routeA_experiments/data/final_ood_frozen_v1/slit_bridge/sample_0104.npz,762aadec5fa91e8e7a7f85a7683286f4a4fa0192f736680d733b0707b91d4494,0.005098853260278702,0.07367141665327034,0.7261312392549049,0.7590144872665405,0.3210124224424362,0.6870830625295635
residual_v2,44,slit_bridge,105,private-source://routeA_experiments/data/final_ood_frozen_v1/slit_bridge/sample_0105.npz,713c1a733e7b6f8c51dfe4d3f144d58d7ee189053361d35b7cb0099d093f55b6,0.005100313574075699,0.07279137361584122,0.731772902856327,0.8483991473913193,0.38955551013350487,0.639063784480094
residual_v2,44,slit_bridge,106,private-source://routeA_experiments/data/final_ood_frozen_v1/slit_bridge/sample_0106.npz,73c88046498ca7cb948857d6c873d10ec1b1bb70ce8813a259156f5e49c803e0,0.0051491884514689445,0.07541295966081248,0.8043817337756105,0.9185885190963745,0.3453199565410614,0.7513841122388838
residual_v2,44,slit_bridge,107,private-source://routeA_experiments/data/final_ood_frozen_v1/slit_bridge/sample_0107.npz,8e962067b4a867a40f8b8f07d19dbcf42eb4d7a6b08ac522bd140e761933b129,0.00504307821393013,0.10845086521632462,1.0221026698300353,0.851285919547081,0.5667232759296894,0.7743703588843345
residual_v2,44,slit_bridge,108,private-source://routeA_experiments/data/final_ood_frozen_v1/slit_bridge/sample_0108.npz,23bb0eb2ffb8522d891e10b78e9f4fcf6ea2c8b5136c119d1353dc41e81126a2,0.004853428341448307,0.056502183560271584,0.49385541005982586,0.6917140781879425,0.279503658413887,0.6355713665485381
residual_v2,44,slit_bridge,109,private-source://routeA_experiments/data/final_ood_frozen_v1/slit_bridge/sample_0109.npz,ee7d8642727cde846b418e0d6ef6f3d525513d8f7c13d4e21a694399a5887809,0.005019187927246094,0.08233911851473266,0.8728177225617212,0.950319729745388,0.4526111241430044,0.810804871469736
residual_v2,44,slit_bridge,110,private-source://routeA_experiments/data/final_ood_frozen_v1/slit_bridge/sample_0110.npz,2cb9d93c491c746797690b373d3873b13231a0144087e5c6f98bc1674dcf9aa9,0.005069684237241745,0.08927980334668545,0.8155517982154014,0.8725193291902542,0.42276617139577866,0.7447274237871165
residual_v2,44,slit_bridge,111,private-source://routeA_experiments/data/final_ood_frozen_v1/slit_bridge/sample_0111.npz,20cb4a3d10bd1589b41836354fc8ffcea2f716f9c4d860e668becadedadd9f38,0.005267411470413208,0.044901244088533014,0.42677841051609894,0.5982735455036163,0.21034617722034454,0.49874190688133224
residual_v2,44,slit_bridge,112,private-source://routeA_experiments/data/final_ood_frozen_v1/slit_bridge/sample_0112.npz,37a74f8306ed3c59b31377d7e4a65031205ca4f453cf06b54132466f7b6b4a27,0.005189170129597187,0.09917816882638854,0.9302375045178436,0.9418271407485008,0.4613065728917718,0.8377612039446828
residual_v2,44,slit_bridge,113,private-source://routeA_experiments/data/final_ood_frozen_v1/slit_bridge/sample_0113.npz,ef235deec817e178c9aadff18419bfa34a077733d1176a3329f0534a76dc2a36,0.00505764689296484,0.07760063300909087,0.7711315052428034,0.8262250423431396,0.34614353626966476,0.6589271895587443
residual_v2,44,slit_bridge,114,private-source://routeA_experiments/data/final_ood_frozen_v1/slit_bridge/sample_0114.npz,fee8722c5da8ec155bbe8e819b2eefa2d11a554066c684e422d739ef76676fdc,0.0052754757925868034,0.06692918226421253,0.6394585172780569,0.7865689843893051,0.3711518943309784,0.6134001672267908
residual_v2,44,slit_bridge,115,private-source://routeA_experiments/data/final_ood_frozen_v1/slit_bridge/sample_0115.npz,c0ff037ccc5a055bf9e6049f73b19eb3ef3c759d34e01dde7782629ee5155b1a,0.004874906502664089,0.07907967448919064,0.7481883772843083,0.8486434817314148,0.37959304451942444,0.7202298551797864
residual_v2,44,slit_bridge,116,private-source://routeA_experiments/data/final_ood_frozen_v1/slit_bridge/sample_0116.npz,89796e3463ade62e6165c2220b9206d7e09c13d435e41116a44b4b2b72d8a7e2,0.0050224922597408295,0.07936055743850488,0.8301152491702597,0.9281803369522095,0.3819350637495518,0.7354049563407897
residual_v2,44,slit_bridge,117,private-source://routeA_experiments/data/final_ood_frozen_v1/slit_bridge/sample_0117.npz,0b5ddb4fbb4b1abaaecda668cf96d47108c2d0634e698e348798412ad2c8bd5b,0.004865642637014389,0.059884144873220364,0.4726501001062169,0.6118976473808289,0.3248668909072876,0.45854567885398856
residual_v2,44,slit_bridge,118,private-source://routeA_experiments/data/final_ood_frozen_v1/slit_bridge/sample_0118.npz,67c9870824a0cf24261c14ee2ee54260350b87c984724da8b7b3239ef5f4f8f2,0.00513107143342495,0.08156322368177804,0.8017657364672018,0.9117163866758347,0.4356131926178932,0.770971032977104
residual_v2,44,slit_bridge,119,private-source://routeA_experiments/data/final_ood_frozen_v1/slit_bridge/sample_0119.npz,3cd3c867da52bc984e6b469d03b48c1d502d3c379c3a09320042c00db34b1f2f,0.0048094624653458595,0.07785409209040256,0.7987399182773754,0.8713188841938972,0.385258574038744,0.7306303039193153
residual_v2,44,slit_bridge,120,private-source://routeA_experiments/data/final_ood_frozen_v1/slit_bridge/sample_0120.npz,321a3cdc9661e8fd1679cfceed9f566fa138dcdcf45b5bb5a1d8fce6ede740f1,0.0050835926085710526,0.07069035420842681,0.8558819678218237,0.8345943242311478,0.29564667493104935,0.6389987021684642
residual_v2,44,slit_bridge,121,private-source://routeA_experiments/data/final_ood_frozen_v1/slit_bridge/sample_0121.npz,947ac005aaaab451b701b3285288d12286101f1936826903031becc4a8c82912,0.00510252732783556,0.07310231312920182,0.8576802708824353,0.9231536537408829,0.39167217910289764,0.7675108447670936
residual_v2,44,slit_bridge,122,private-source://routeA_experiments/data/final_ood_frozen_v1/slit_bridge/sample_0122.npz,f86df5b1facc0d81f78a07017d7a1169d59fc90ab287dd52fa7ef79d790e2e91,0.004859503358602524,0.06538571352933925,0.4985123472436793,0.5212393216788769,0.31031227111816406,0.47373816668987245
residual_v2,44,slit_bridge,123,private-source://routeA_experiments/data/final_ood_frozen_v1/slit_bridge/sample_0123.npz,dd8d213055c704fdaab30fa56f42a33f2b17cda2608934ee3c8395f1fa3ac372,0.004777899011969566,0.0807423593353883,0.9642724926000226,0.976650707423687,0.29025966115295887,0.8321246810257432
residual_v2,44,slit_bridge,124,private-source://routeA_experiments/data/final_ood_frozen_v1/slit_bridge/sample_0124.npz,989ca5a6639d386f9ba2fbbe4929a51151c1d1f58f0b02af5979a213ce187952,0.004834198392927647,0.07151031399411191,0.9363158343577037,0.937978982925415,0.2966933296993375,0.6664561510086044
residual_v2,44,slit_bridge,125,private-source://routeA_experiments/data/final_ood_frozen_v1/slit_bridge/sample_0125.npz,a70aa7c2b0ab69e05a1bdac27c118b00080fd91ce4b14294cf3d802c7d9815c3,0.004787081852555275,0.04395196916775847,0.42207266981623753,0.5153443515300751,0.22265923768281937,0.44977055788040154
residual_v2,44,slit_bridge,126,private-source://routeA_experiments/data/final_ood_frozen_v1/slit_bridge/sample_0126.npz,093585a00e910cd41c9a8b1050dbde9900de283da5c8bcf64b0e6657b12ce6c0,0.004957482218742371,0.08310449050102707,0.614365453271992,0.7946372926235199,0.3850281983613968,0.4753453701734543
residual_v2,44,slit_bridge,127,private-source://routeA_experiments/data/final_ood_frozen_v1/slit_bridge/sample_0127.npz,fbaeeb14ed4064772eccd6ad5d7ce8b30fd2cd571f89be44730cad2f429acd53,0.004742716439068317,0.04986332704968517,0.44449427091342614,0.7067690417170525,0.24830004572868347,0.4910995468497275
residual_v2,44,slit_bridge,128,private-source://routeA_experiments/data/final_ood_frozen_v1/slit_bridge/sample_0128.npz,f8dcb1ad9a029b0aaa0eb4226be5e9fb26f98253b2ac2ee759238972e2b35793,0.004848659038543701,0.09070460600966655,0.7646126147622047,0.8844354301691055,0.3574535548686981,0.8199870631098745
residual_v2,44,slit_bridge,129,private-source://routeA_experiments/data/final_ood_frozen_v1/slit_bridge/sample_0129.npz,4fde72568a862f65ab802425b157856bd372d3c84dff9690b725526c7c4caa72,0.00483943335711956,0.0731022440230521,0.561404665900089,0.6603372246026993,0.3297935239970684,0.4879942476749412
residual_v2,44,slit_bridge,130,private-source://routeA_experiments/data/final_ood_frozen_v1/slit_bridge/sample_0130.npz,c5fc37a33ccfde0c5c1bc91a423ff22369761aa4a2358c6bf448d552f93ebe9f,0.004834725521504879,0.03621083129072373,0.23745347458942007,0.3908769488334656,0.12798713147640228,0.24754135683178854
residual_v2,44,slit_bridge,131,private-source://routeA_experiments/data/final_ood_frozen_v1/slit_bridge/sample_0131.npz,816e62f42925e1228f1925aa9a64af845857cc8af393bef8edcc95e0b32ae811,0.004293059930205345,0.05993020950515022,0.4949147792522957,0.6538491100072861,0.29680514335632324,0.42055481970310193
residual_v2,44,slit_bridge,132,private-source://routeA_experiments/data/final_ood_frozen_v1/slit_bridge/sample_0132.npz,0fe2c82d437426e3d5e3a8a69a3eaf8444f65273028a83b43642500191be1de2,0.004867922514677048,0.08080685048725315,0.9213734604103749,0.9290946125984192,0.38297756761312485,0.7501444369554501
residual_v2,44,slit_bridge,133,private-source://routeA_experiments/data/final_ood_frozen_v1/slit_bridge/sample_0133.npz,158533d38705bbe83ad1aff888d4d281d11c259abc75e687100337a1169b6b79,0.004621099680662155,0.04990164733753196,0.4205906439460849,0.47515416145324707,0.27598586678504944,0.4338814437389371
residual_v2,44,slit_bridge,134,private-source://routeA_experiments/data/final_ood_frozen_v1/slit_bridge/sample_0134.npz,809d1f61ff74bd28a60a9ee3e93980572061abc432bf497071f850cf295e5a22,0.00481925904750824,0.08033220822128732,0.8237694143260289,0.9119340926408768,0.4141620174050331,0.8431901201605796
residual_v2,44,slit_bridge,135,private-source://routeA_experiments/data/final_ood_frozen_v1/slit_bridge/sample_0135.npz,49a6d2f84ef15ae562f31d7f8186dcf515a22bd150120c9ef7592236bc4da560,0.005071469582617283,0.06157492984497886,0.5912287711454399,0.5489078760147095,0.2732686586678028,0.3941410563886155
residual_v2,44,slit_bridge,136,private-source://routeA_experiments/data/final_ood_frozen_v1/slit_bridge/sample_0136.npz,0aaf02ec1906882bedac48878d8b32168a7bb9aa28e664600efcf7880eeb0a09,0.004804893396794796,0.03414394283352115,0.22842229156575017,0.2764844298362732,0.16030314564704895,0.24124716222286213
residual_v2,44,slit_bridge,137,private-source://routeA_experiments/data/final_ood_frozen_v1/slit_bridge/sample_0137.npz,3060120b449129fec3dadb659d3c9a7989d9e4319138bf42de3acdc3ba915c02,0.00517582893371582,0.04894335158985067,0.45227149661943944,0.5221521556377411,0.25975173711776733,0.4407486021518706
residual_v2,44,slit_bridge,138,private-source://routeA_experiments/data/final_ood_frozen_v1/slit_bridge/sample_0138.npz,6ed13d9162ca3514a314258b8d24016c2bc8875b25b0b38c5cdfa938f2a1eee2,0.005083627067506313,0.07490495432606249,0.8848756601828383,0.9555877894163132,0.36148299649357796,0.7378577247261998
residual_v2,44,slit_bridge,139,private-source://routeA_experiments/data/final_ood_frozen_v1/slit_bridge/sample_0139.npz,658f1ca5a3c9c31ef1d3034e1fa4b0a5769e9c38a410ad1b72996a2aa8abf1a0,0.004830046556890011,0.06080589433288847,0.5159327220123194,0.5675975382328033,0.3259027898311615,0.5036084741353988
residual_v2,44,slit_bridge,140,private-source://routeA_experiments/data/final_ood_frozen_v1/slit_bridge/sample_0140.npz,4cb2e3c95ee8b50b37549ea056e6b5e6349cac539e85f6c167d54902061606d1,0.004263347014784813,0.088888065385213,0.7995751499916144,0.7682651579380035,0.4824603646993637,0.6046839416027066
residual_v2,44,slit_bridge,141,private-source://routeA_experiments/data/final_ood_frozen_v1/slit_bridge/sample_0141.npz,72511c727388df3bf5af40ee47932e5d0ea12cec9268d07a95eff4200660e42e,0.004821128211915493,0.0704785930791711,0.6540551626825396,0.7578526586294174,0.3638814091682434,0.6156048446893692
residual_v2,44,slit_bridge,142,private-source://routeA_experiments/data/final_ood_frozen_v1/slit_bridge/sample_0142.npz,306a40af48edd29b46f137a9e1015dba90eef9f89a216e9034ab8c4e810088cb,0.004800429567694664,0.07394231720738983,0.8658776735185755,0.9325970411300659,0.30555468797683716,0.7507987827062605
residual_v2,44,slit_bridge,143,private-source://routeA_experiments/data/final_ood_frozen_v1/slit_bridge/sample_0143.npz,9143fda697b9d0ca554a018b16f7dcedf9ce17f64344f4de043fd7612877a3d2,0.004857247695326805,0.07068424044185619,0.923174470647294,0.9743224605917931,0.38192265667021275,0.7735551327466957
residual_v2,44,slit_bridge,144,private-source://routeA_experiments/data/final_ood_frozen_v1/slit_bridge/sample_0144.npz,cede0fd6d7f85a69aeaae09213236482ad3047e9130d14dd79693b9e243f783b,0.004659884609282017,0.08860558527138349,0.931067205482721,0.9262519776821136,0.38409436494112015,0.8332188934087752
residual_v2,44,slit_bridge,145,private-source://routeA_experiments/data/final_ood_frozen_v1/slit_bridge/sample_0145.npz,2d9fdb82c8a7275b63a15c4d95ab584a0842ebd21fd6762928d68475fe8cc330,0.004823307506740093,0.09255848190256342,0.8111611206900934,0.8722991719841957,0.4525137096643448,0.7779946558177471
residual_v2,44,slit_bridge,146,private-source://routeA_experiments/data/final_ood_frozen_v1/slit_bridge/sample_0146.npz,207f5f551061e628bde8bc221dd64138c07612d4245a97390961be3ea5e16611,0.004876910708844662,0.04456901162900606,0.3523991314180184,0.5529072284698486,0.18769757077097893,0.3215555012226104
residual_v2,44,slit_bridge,147,private-source://routeA_experiments/data/final_ood_frozen_v1/slit_bridge/sample_0147.npz,82d0e49e8401c09f0e3e6a3547b29f4d5a1dedbc6b0f06beea92cbeb4866ea11,0.004634777083992958,0.07456427784509567,0.7648619584547286,0.8286461234092712,0.2788931392133236,0.656859892606735
residual_v2,44,slit_bridge,148,private-source://routeA_experiments/data/final_ood_frozen_v1/slit_bridge/sample_0148.npz,e38da3693d172092572c7f2754a94e44ef94b0502f3919d896ce0c2fbe38e009,0.005192727781832218,0.07780683810124886,0.678447073651328,0.7401512861251831,0.3438919149339199,0.5877531185746192
residual_v2,44,slit_bridge,149,private-source://routeA_experiments/data/final_ood_frozen_v1/slit_bridge/sample_0149.npz,afc272ad1c582032ceafc263f98a9500852bcc9f113906a40f63ad64c40aee4c,0.004704006947577,0.05967546030542196,1.0850923446779626,0.9597674310207367,0.20725692959968,0.7698831915855407
residual_v2,44,slit_bridge,150,private-source://routeA_experiments/data/final_ood_frozen_v1/slit_bridge/sample_0150.npz,3d18460af3363948da3a01a3d1b31a48effc40aa616a1b5dd39689622a7ec45c,0.0052986470982432365,0.06742387361088104,0.4697932698781837,0.6145128309726715,0.2912219315767288,0.473894721269607
residual_v2,44,slit_bridge,151,private-source://routeA_experiments/data/final_ood_frozen_v1/slit_bridge/sample_0151.npz,d5753da7388ebb54f9cf2699537d139086e01002d7a59190bb63986a17939a32,0.004677273333072662,0.041420310743553075,0.4241562475591362,0.5477738976478577,0.21108253300189972,0.49592401981353745
residual_v2,44,slit_bridge,152,private-source://routeA_experiments/data/final_ood_frozen_v1/slit_bridge/sample_0152.npz,9695aa6ea858785b103e16fd61c266f988f64686cfbdc88b2899662da023ea05,0.004943404346704483,0.06024486296936906,0.6546137700350353,0.7560558319091797,0.3341764807701111,0.5768300622701641
residual_v2,44,slit_bridge,153,private-source://routeA_experiments/data/final_ood_frozen_v1/slit_bridge/sample_0153.npz,60ac6a052ff2a92b7086357b74a96c31e33d7255ddf407c4f70bc5fe58806b60,0.004280651919543743,0.05660246849622368,1.0348321812208099,0.9652615934610367,0.24063225090503693,0.7052024710923432
residual_v2,44,slit_bridge,154,private-source://routeA_experiments/data/final_ood_frozen_v1/slit_bridge/sample_0154.npz,02efeff9d6ba6e84c68ab742c168c4ca40609c73d6f82146e8a2f5b10a657897,0.004853939637541771,0.05750411922311003,1.1659648763976354,0.9529997035861015,0.2349178441800177,0.5859588576480736
residual_v2,44,slit_bridge,155,private-source://routeA_experiments/data/final_ood_frozen_v1/slit_bridge/sample_0155.npz,ea8bfa01563270f5d6e2ec9dbe473f05772c2e4989b937a57ae2104227258fed,0.005050027742981911,0.04265758755965312,0.33439643056666896,0.6040720343589783,0.19186708331108093,0.3464629903435703
residual_v2,44,slit_bridge,156,private-source://routeA_experiments/data/final_ood_frozen_v1/slit_bridge/sample_0156.npz,5005fb0814bda784608be7da52a32e34a6544ba7bd358a95694b62e213f8f2c2,0.004853921011090279,0.07371753452532964,0.8175769801182513,0.9517538025975227,0.44454487040638924,0.7839405253529539
residual_v2,44,slit_bridge,157,private-source://routeA_experiments/data/final_ood_frozen_v1/slit_bridge/sample_0157.npz,ac48ebb841e2622ef6bc4ba966dad1b3b604f8d724d29e6f2fab1b6641ee1921,0.00506974384188652,0.08219606513030392,0.8338896559579669,0.8826555609703064,0.45270276069641113,0.7739775903522953
residual_v2,44,slit_bridge,158,private-source://routeA_experiments/data/final_ood_frozen_v1/slit_bridge/sample_0158.npz,2f49624ea36882b03b9786cab30360722cade76c056bea230f9c9ba4ac764c8b,0.0049019139260053635,0.06482121640299651,0.47595634797699254,0.8918383717536926,0.29564642161130905,0.5269466459751123
residual_v2,44,slit_bridge,159,private-source://routeA_experiments/data/final_ood_frozen_v1/slit_bridge/sample_0159.npz,d0b13a51187a418d7efe2e93a19604a3d01c818ea9736b5aa09b4607fad5fa55,0.005128749646246433,0.05282119709837556,0.42678602665018944,0.6769004762172699,0.21776031702756882,0.3728063955903047
residual_v2,44,slit_bridge,160,private-source://routeA_experiments/data/final_ood_frozen_v1/slit_bridge/sample_0160.npz,622f4d8070ecdd9d0a824ce72f84fecc0c78f83011ff11259ebc6bb846de281e,0.004817820154130459,0.05814464072884136,0.4745918266197012,0.6202882528305054,0.280933640897274,0.47330285012721923
residual_v2,44,slit_bridge,161,private-source://routeA_experiments/data/final_ood_frozen_v1/slit_bridge/sample_0161.npz,178f02f0e3b5995f2619dd6bf52ad3a7508f806bd4e13ba9ceeb9a36f1649f16,0.00482373870909214,0.06972138417457496,0.7710432570170832,0.8697226047515869,0.27520618960261345,0.5595757648348805
residual_v2,44,slit_bridge,162,private-source://routeA_experiments/data/final_ood_frozen_v1/slit_bridge/sample_0162.npz,7dac1f84d357180521999872dd329573241cb8c42feeb442891197f01199c66b,0.0048390766605734825,0.07027364495267378,1.032853287771995,0.913023479282856,0.28381686098873615,0.6987767398357375
residual_v2,44,slit_bridge,163,private-source://routeA_experiments/data/final_ood_frozen_v1/slit_bridge/sample_0163.npz,b7a7aa86a9bdc19977f06da4caff68d49a340edbf4f1a1c1187591366b6636d2,0.00482677947729826,0.08793326015164402,0.6618367963524556,0.7521541118621826,0.3654303103685379,0.5391354739665981
residual_v2,44,slit_bridge,164,private-source://routeA_experiments/data/final_ood_frozen_v1/slit_bridge/sample_0164.npz,779949d863880f5d16a879e81f20fad07ea4f966fba7da8ee22f0adaa6fc32af,0.004299498163163662,0.08813900608096754,0.8223284598577041,0.8678673505783081,0.4615607336163521,0.7706810876727103
residual_v2,44,slit_bridge,165,private-source://routeA_experiments/data/final_ood_frozen_v1/slit_bridge/sample_0165.npz,dc423b6d998084bf0149349c297bb1babad5e99fb236b7c05dfa975cb5183082,0.0048436615616083145,0.062368314756711334,0.5559009134665582,0.6580500602722168,0.3685075342655182,0.5669985055923461
residual_v2,44,slit_bridge,166,private-source://routeA_experiments/data/final_ood_frozen_v1/slit_bridge/sample_0166.npz,351a161f32941f870662dc54b1d5ae59e25dc38cb8501ca4493dd08e6d42d64a,0.005091613158583641,0.09989403438255597,0.8469447706840338,0.6265013441443443,0.4561151973903179,0.5869705505669115
residual_v2,44,slit_bridge,167,private-source://routeA_experiments/data/final_ood_frozen_v1/slit_bridge/sample_0167.npz,aa66574c4716561ec10258da0ac13914768f1d14f665ebf1ec534f148bd0abd7,0.0050419531762599945,0.05190868530656298,0.49284934084856696,0.5621879398822784,0.27686696499586105,0.5014427214860915
residual_v2,44,slit_bridge,168,private-source://routeA_experiments/data/final_ood_frozen_v1/slit_bridge/sample_0168.npz,b0b356c11f56258bb6f3db09bd66c6dcd1bcd41614b20e67f8e907402ec13485,0.0048433998599648476,0.05563360626771894,0.46898819835449174,0.5203185081481934,0.22706586122512817,0.4126500219106672
residual_v2,44,slit_bridge,169,private-source://routeA_experiments/data/final_ood_frozen_v1/slit_bridge/sample_0169.npz,a469b2c4e556282ed62e13e26cd27398331a9ba05d88ee1913966198103238d6,0.005227270536124706,0.11095868141670955,1.0412057906899619,0.9697214588522911,0.5042835846543312,0.7793894603848455
residual_v2,44,slit_bridge,170,private-source://routeA_experiments/data/final_ood_frozen_v1/slit_bridge/sample_0170.npz,36fbd3c3d23a1204142c49ecd37ef44c2ba54ac4467ddb41d832464267e85212,0.004295423626899719,0.08638565163554915,0.886674635409981,0.9464393854141235,0.38147905468940735,0.7028461635112748
residual_v2,44,slit_bridge,171,private-source://routeA_experiments/data/final_ood_frozen_v1/slit_bridge/sample_0171.npz,d535ac50a902c9794c7c816a49047dfd9c3f701564b69ce35cc24a4b731afa97,0.004844898357987404,0.06622667472852481,1.1339880181091517,1.0100140124559402,0.30471428867895156,0.7909330643713467
residual_v2,44,slit_bridge,172,private-source://routeA_experiments/data/final_ood_frozen_v1/slit_bridge/sample_0172.npz,4e4eeb0f4d4f14aa76bc67064de00f38d35024c2470cfc77d2414c6da16f99f2,0.005028681829571724,0.07210195760149625,0.5748823086164168,0.9185813367366791,0.3308519199490547,0.6097270607948301
residual_v2,44,slit_bridge,173,private-source://routeA_experiments/data/final_ood_frozen_v1/slit_bridge/sample_0173.npz,4c3d97c818e4c1aaa20fd773230ef107c1e90a4328ebbfb020186474b8b391e2,0.004668496549129486,0.07552626321221907,0.6945649677023,0.7509373724460602,0.34012624621391296,0.6594762504100798
residual_v2,44,slit_bridge,174,private-source://routeA_experiments/data/final_ood_frozen_v1/slit_bridge/sample_0174.npz,c764cef11e9744e2347bf095a3ad20fd9c9a40516623d0e6687f000cea70736b,0.00461176224052906,0.08298008917407712,0.8515849688920016,0.8669418543577194,0.3583781532943249,0.6826445683836933
residual_v2,44,slit_bridge,175,private-source://routeA_experiments/data/final_ood_frozen_v1/slit_bridge/sample_0175.npz,22afae3ce0b327b65855609e847dcf168cbfa0c3da01d0e00d7ff822a2f93dab,0.004759111441671848,0.06786522394019506,0.5051492122147255,0.8694411814212799,0.24846088141202927,0.6028552353382101
residual_v2,44,slit_bridge,176,private-source://routeA_experiments/data/final_ood_frozen_v1/slit_bridge/sample_0176.npz,3615c8f32a0156e435a991da99bea493288394630d64ca1402e46469b4ae4561,0.004596625454723835,0.04901941874926174,0.3548655905611103,0.4084135890007019,0.22491557896137238,0.35791878104209895
residual_v2,44,slit_bridge,177,private-source://routeA_experiments/data/final_ood_frozen_v1/slit_bridge/sample_0177.npz,bde9b0878d1f9163cd3460df65d8fbaa6d012659d97271692cd52839664004d8,0.00529060885310173,0.06756819547343816,0.711954160430652,0.7895994484424591,0.4246677756309509,0.6900906264781947
residual_v2,44,slit_bridge,178,private-source://routeA_experiments/data/final_ood_frozen_v1/slit_bridge/sample_0178.npz,dffe6643c77429e0e5ed595fcd8553b626ac374c0226c86babb86bb23700de20,0.00427288468927145,0.05168021205164609,0.383668393497099,0.43862736225128174,0.22264891862869263,0.37924840450286845
residual_v2,44,slit_bridge,179,private-source://routeA_experiments/data/final_ood_frozen_v1/slit_bridge/sample_0179.npz,fca36c52c6cfb0110fbe78721de423d99487a00561b0c6b6b9f826917f42aede,0.004829632118344307,0.0636593799824626,0.36687319673837226,0.40093591809272766,0.2293686717748642,0.3088709235191344
residual_v2,44,slit_bridge,180,private-source://routeA_experiments/data/final_ood_frozen_v1/slit_bridge/sample_0180.npz,6f19672ce01e21e2c280e4be06a3e54680e018ff4c226cbe757f44ebad3e1910,0.005100531503558159,0.055291044644729836,0.36177148646628593,0.5596269816160202,0.24277934432029724,0.4165672741830343
residual_v2,44,slit_bridge,181,private-source://routeA_experiments/data/final_ood_frozen_v1/slit_bridge/sample_0181.npz,ec877344fcdbfdbdaddf529e85e3cc5c3aab339963def6c7349014d86c8140d4,0.004862580448389053,0.09280889582431467,0.8334976348895449,0.8763099908828735,0.46417903900146484,0.7874980866909026
residual_v2,44,slit_bridge,182,private-source://routeA_experiments/data/final_ood_frozen_v1/slit_bridge/sample_0182.npz,85955e8644eeb0dcc33c4aed80df2c7439e5bab709258a2875ce1a3a61c5ebfb,0.00489431619644165,0.058956351444174306,0.46723409964760815,0.6110457181930542,0.25906775891780853,0.4471348643302912
residual_v2,44,slit_bridge,183,private-source://routeA_experiments/data/final_ood_frozen_v1/slit_bridge/sample_0183.npz,7db60f93fba5ad9147fed2dc7ad510080993a1ba5cacff680d8f7315ac009961,0.004310554824769497,0.07654967811924474,0.6153772858149743,0.7187758982181549,0.3423600196838379,0.5046312309801578
residual_v2,44,slit_bridge,184,private-source://routeA_experiments/data/final_ood_frozen_v1/slit_bridge/sample_0184.npz,8121820fc993132420a3854bde14b0b1742133b65c0a82ff2248b97133f07f34,0.00484012346714735,0.06672594916030485,0.6671892366212636,0.8532620370388031,0.299916535615921,0.6148853361606588
residual_v2,44,slit_bridge,185,private-source://routeA_experiments/data/final_ood_frozen_v1/slit_bridge/sample_0185.npz,6cddc80ef7290697c6e5ddae659d68aa20dcd10104ab9b2cd5f9708afe9f741d,0.005175519734621048,0.0428390717260454,0.2808722359115475,0.5286918580532074,0.17502912133932114,0.26811498701572417
residual_v2,44,slit_bridge,186,private-source://routeA_experiments/data/final_ood_frozen_v1/slit_bridge/sample_0186.npz,325ef30f2da8a65dac78a1b06a65f887f2d9947c96e2faee9e6a8ec03323351a,0.004273620434105396,0.06656694917300544,0.6199610599884601,0.7915627360343933,0.35506872832775116,0.6347833156585693
residual_v2,44,slit_bridge,187,private-source://routeA_experiments/data/final_ood_frozen_v1/slit_bridge/sample_0187.npz,119b85212c8b4744bf1d62d7dfe261550cb6d3e5d22f4790dbe62e75609d0922,0.004859567619860172,0.04975737323700793,0.3682370953381872,0.47776859998703003,0.2220592349767685,0.39040799438953383
residual_v2,44,slit_bridge,188,private-source://routeA_experiments/data/final_ood_frozen_v1/slit_bridge/sample_0188.npz,dcf9852e45123cccfdad55cec5cd89ffd610e5287252fbe34ba1dd1786992a3e,0.00470522977411747,0.09296328394503921,0.8011087018941176,0.8489193022251129,0.5016162879765034,0.7826933495700357
residual_v2,44,slit_bridge,189,private-source://routeA_experiments/data/final_ood_frozen_v1/slit_bridge/sample_0189.npz,286c7744959bebf561fcf60d6510f810deadc11b4f49e589e2e9473d32de82f7,0.004869536496698856,0.060062731926334476,0.5633713723888484,0.577603742480278,0.3101903051137924,0.45997604727744995
residual_v2,44,slit_bridge,190,private-source://routeA_experiments/data/final_ood_frozen_v1/slit_bridge/sample_0190.npz,fe702ecba390c3dc04a9733afe0b132a016fcf5c4eaffcad11aaea841c4e382e,0.004903067834675312,0.09778484153941089,1.0233520872174628,0.8293271139264107,0.5103134475648403,0.7617863021790979
residual_v2,44,slit_bridge,191,private-source://routeA_experiments/data/final_ood_frozen_v1/slit_bridge/sample_0191.npz,cc046fa8afaf7d479712359b932e246ff1ee8e9d4f1365bd79dc2f10196be05c,0.00487003568559885,0.07439133660506954,0.8667133863525461,0.9444580525159836,0.37720414996147156,0.8005713775753965
residual_v2,44,slit_bridge,192,private-source://routeA_experiments/data/final_ood_frozen_v1/slit_bridge/sample_0192.npz,12a887fa1b92770140bbc308300406b9f45be794a2802dc5d4318f9f90964304,0.00473933108150959,0.10258171290056875,0.8057512805931574,0.8024979531764984,0.4899089094251394,0.633318234980106
residual_v2,44,slit_bridge,193,private-source://routeA_experiments/data/final_ood_frozen_v1/slit_bridge/sample_0193.npz,ea535161153d10af3f779e6ce92ab576cb6f01bb2b84270e675cb8a7ca3bff3d,0.004822934046387672,0.038983437446891374,0.2886181031674564,0.5540236234664917,0.17969781160354614,0.311889487504959
residual_v2,44,slit_bridge,194,private-source://routeA_experiments/data/final_ood_frozen_v1/slit_bridge/sample_0194.npz,8488a62661fcd5432a193ca5c2bdaf1492f33731b7131ad3e367f5731ec70c37,0.004867273382842541,0.07900052010723296,0.8286689670919976,0.8981783241033554,0.40939899533987045,0.789287670701742
residual_v2,44,slit_bridge,195,private-source://routeA_experiments/data/final_ood_frozen_v1/slit_bridge/sample_0195.npz,7e1d374879fa5f6a96ebc3990a10958313440dc33a9ef060976f12e925232108,0.004842803813517094,0.048441960153512965,0.38634043455254324,0.6803812682628632,0.21950200200080872,0.4001022577285751
residual_v2,44,slit_bridge,196,private-source://routeA_experiments/data/final_ood_frozen_v1/slit_bridge/sample_0196.npz,d4848a4e772e741b625e10aec676527f984e3943b470a872754331769f8b94bb,0.004706363193690777,0.07526714842449023,0.7644028883387759,0.8512222319841385,0.33859264850616455,0.6544497758150093
residual_v2,44,slit_bridge,197,private-source://routeA_experiments/data/final_ood_frozen_v1/slit_bridge/sample_0197.npz,2b37447cf0d376d2e2021ecf8d29a5d17437f6bb153943e0f306b31930209b3e,0.004611866548657417,0.08807669155585678,0.7237935204237322,0.8313961029052734,0.42799192667007446,0.6755508899688719
residual_v2,44,slit_bridge,198,private-source://routeA_experiments/data/final_ood_frozen_v1/slit_bridge/sample_0198.npz,8030be12303215e83fab9a6e2360c32b7958cadc693426ae4437ff9ce9a38d91,0.004256049171090126,0.07689388179405025,0.688441857115424,0.7623737156391144,0.40493322163820267,0.66391227543354
residual_v2,44,slit_bridge,199,private-source://routeA_experiments/data/final_ood_frozen_v1/slit_bridge/sample_0199.npz,cc6a52511cc16e98c96e4753d529c21a8e0ccbe95013bc0584ae491523d2bb83,0.004682211205363274,0.05580803542352048,0.5022502210003658,0.5812946259975433,0.2923104390501976,0.49976131021976344
residual_v2,44,three_hole_asymmetric,0,private-source://routeA_experiments/data/final_ood_frozen_v1/three_hole_asymmetric/sample_0000.npz,76239d9d4cae31805b23350941f6924762ca8e0eb2de53f5e0014a3050004492,0.005040045827627182,0.061621446526646785,0.6439525445488463,0.682778388261795,0.29787311027757823,0.5380698896944516
residual_v2,44,three_hole_asymmetric,1,private-source://routeA_experiments/data/final_ood_frozen_v1/three_hole_asymmetric/sample_0001.npz,c8138e48b2b5450756ab6ea06ad8018a0f03fd49507fdf70f7602513883c6d79,0.004723474383354187,0.04949896850824082,0.9060704362044983,0.9156830012798309,0.20128174033015966,0.6993091672658915
residual_v2,44,three_hole_asymmetric,2,private-source://routeA_experiments/data/final_ood_frozen_v1/three_hole_asymmetric/sample_0002.npz,8415d3f4052cfa250de2e615b5f135c4cbc51665e9780ba0c740b7bc68b0b8d0,0.005219331011176109,0.05127331653841034,0.6314217253421723,0.6250157952308655,0.2544513810425997,0.4938698500394814
residual_v2,44,three_hole_asymmetric,3,private-source://routeA_experiments/data/final_ood_frozen_v1/three_hole_asymmetric/sample_0003.npz,126883ed7a18270534e81fc020b354d6a09b3d0b37130be0a213f6e3fe3611cf,0.004617492668330669,0.08312091588966322,0.809515839207819,0.7672422528266907,0.36843843664973974,0.6181908577680586
residual_v2,44,three_hole_asymmetric,4,private-source://routeA_experiments/data/final_ood_frozen_v1/three_hole_asymmetric/sample_0004.npz,73fddad29aef7a16eeabb39f9b70e218861d55037c0d2745430816f9076f8b8f,0.004876391962170601,0.059259747134490566,0.8049795006290205,0.7702152132987976,0.23084317473694682,0.45755965411663
residual_v2,44,three_hole_asymmetric,5,private-source://routeA_experiments/data/final_ood_frozen_v1/three_hole_asymmetric/sample_0005.npz,0cce2a32a88505f1a40318561d466c31de7f2eb63e0449cf3df2f644c64a0108,0.004741733893752098,0.05014280914935425,0.5478179694802809,0.5642374753952026,0.23312889877706766,0.4601364076137541
residual_v2,44,three_hole_asymmetric,6,private-source://routeA_experiments/data/final_ood_frozen_v1/three_hole_asymmetric/sample_0006.npz,05b9798f8cd5b5b832e909e747bb49397a06d4bc8291718bcb52ee39573eb619,0.0046737659722566605,0.08431185479897807,1.0241591172993454,0.9367006570100784,0.37709300266578794,0.768703697249293
residual_v2,44,three_hole_asymmetric,7,private-source://routeA_experiments/data/final_ood_frozen_v1/three_hole_asymmetric/sample_0007.npz,6ba61082fc82270f3f31ed8952fcbbd145b31d5361d264f2bd66a5366e0bc340,0.00516691617667675,0.05768984623193047,0.7329873075688021,0.7301744222640991,0.3074862426146865,0.5449044361710538
residual_v2,44,three_hole_asymmetric,8,private-source://routeA_experiments/data/final_ood_frozen_v1/three_hole_asymmetric/sample_0008.npz,853331caeb1b23865ccb78c9a2f431c6c5268c039e4b02388b3e7b2950cb9a7f,0.004713556729257107,0.07268336384177211,0.7942582295669786,0.7863810211420059,0.33578362315893173,0.6118280850350853
residual_v2,44,three_hole_asymmetric,9,private-source://routeA_experiments/data/final_ood_frozen_v1/three_hole_asymmetric/sample_0009.npz,9970adef6a8aee3680702738f4b4535ec99d53fd695e57178ef1d947c3890f8c,0.005140410736203194,0.07117877235137941,0.847902377728496,0.7619650885462761,0.37784213619306684,0.6368946462869641
residual_v2,44,three_hole_asymmetric,10,private-source://routeA_experiments/data/final_ood_frozen_v1/three_hole_asymmetric/sample_0010.npz,ca5bef464b218ce33227b66ed886a6d671ca7ebab5b66b551b37435087ee4d86,0.00494309701025486,0.07507764596706847,0.8892262076091871,0.8379658460617065,0.3684503873810172,0.7257025435566902
residual_v2,44,three_hole_asymmetric,11,private-source://routeA_experiments/data/final_ood_frozen_v1/three_hole_asymmetric/sample_0011.npz,ed6e65591f32cddee3a621d0a802c4d3ce1e222eac7e0ad7a6d66916367e9015,0.0050631556659936905,0.06123360323101493,0.9163831787637375,0.9669095873832703,0.26252782344818115,0.6934682168066494
residual_v2,44,three_hole_asymmetric,12,private-source://routeA_experiments/data/final_ood_frozen_v1/three_hole_asymmetric/sample_0012.npz,81ff39c1f360e63cd187c00763f0e47af4b7b964b23c0036bbcc2118bcfa7335,0.004786847159266472,0.06200124249004811,0.6658428183432039,0.6374588012695312,0.2656190702691674,0.5046631351113313
residual_v2,44,three_hole_asymmetric,13,private-source://routeA_experiments/data/final_ood_frozen_v1/three_hole_asymmetric/sample_0013.npz,7b336e409d0b1be61aa8152652f7727a997afad669670d5dbedef898f8385d62,0.005144600756466389,0.071792729121289,0.89548135803925,0.903466135263443,0.300128752598539,0.6484833538532256
residual_v2,44,three_hole_asymmetric,14,private-source://routeA_experiments/data/final_ood_frozen_v1/three_hole_asymmetric/sample_0014.npz,14b2727426b78377e48754867160238048d5c11e6a60c8244c17e2f5d349c674,0.004294577054679394,0.059006577818293666,0.6870701958263785,0.7241833209991455,0.287555867806077,0.5071492105722424
residual_v2,44,three_hole_asymmetric,15,private-source://routeA_experiments/data/final_ood_frozen_v1/three_hole_asymmetric/sample_0015.npz,f1f557f0e4338c64350ec1c2218ae556b5ee258eeeb85ed87e15e06d69e7949f,0.004559360444545746,0.06797786894281209,0.9905259513156341,0.9483859986066818,0.257282221398782,0.712561746686697
residual_v2,44,three_hole_asymmetric,16,private-source://routeA_experiments/data/final_ood_frozen_v1/three_hole_asymmetric/sample_0016.npz,e72396fee8a43a2b8ddefe735291ca8705c65690b680b4a18f84ae974e873213,0.004324076697230339,0.0801027739545852,0.9726058087637688,0.8996737152338028,0.3603391908109188,0.6512374248355627
residual_v2,44,three_hole_asymmetric,17,private-source://routeA_experiments/data/final_ood_frozen_v1/three_hole_asymmetric/sample_0017.npz,e985edd4b5fd67f0812b23ba168c67faea3aeed38dc497bd3554f7bd6760ce23,0.004759647883474827,0.08101442970633783,0.9678533172196899,0.7740618884563446,0.3325384681811556,0.6292727822437878
residual_v2,44,three_hole_asymmetric,18,private-source://routeA_experiments/data/final_ood_frozen_v1/three_hole_asymmetric/sample_0018.npz,822a1ae4756152a1ca58caa1ec6d5f81a08654b749358283fdc1e93ee4e96c05,0.004666014574468136,0.06663572645579957,0.6244910247781109,0.7525998204946518,0.3109519612044096,0.48332014977931975
residual_v2,44,three_hole_asymmetric,19,private-source://routeA_experiments/data/final_ood_frozen_v1/three_hole_asymmetric/sample_0019.npz,930b0ac62993246d762ab2fade330a6323a28dfa631309dcd025ccc1955464d2,0.00522479135543108,0.06358685678887173,0.7419276345502394,0.677951917052269,0.2880134731531143,0.5300627022981638
residual_v2,44,three_hole_asymmetric,20,private-source://routeA_experiments/data/final_ood_frozen_v1/three_hole_asymmetric/sample_0020.npz,ebe95ab8adce4e5f03a8c032f3f82d5b37362c40745ec8db423913bbcdbc36cc,0.004416937008500099,0.05655637869669493,0.8070003976096786,0.7687806934118271,0.2517688372172415,0.5676976475864643
residual_v2,44,three_hole_asymmetric,21,private-source://routeA_experiments/data/final_ood_frozen_v1/three_hole_asymmetric/sample_0021.npz,54558d7be0dcfa75da26d4b23bc274c3c188b6521dea1d6a7af66329fa9f8251,0.004553061909973621,0.06631870677230693,0.6857491697988503,0.7958434447646141,0.3407193310558796,0.6086574792861936
residual_v2,44,three_hole_asymmetric,22,private-source://routeA_experiments/data/final_ood_frozen_v1/three_hole_asymmetric/sample_0022.npz,6bdc3c8942ace2076e15642c82251ef4fb1abdcb025262d5cbf4bf8159949c89,0.004613269120454788,0.05192451503150185,0.7101563782275969,0.7521119713783264,0.2223846334964037,0.5784238547086711
residual_v2,44,three_hole_asymmetric,23,private-source://routeA_experiments/data/final_ood_frozen_v1/three_hole_asymmetric/sample_0023.npz,fb7b07378547ca5def525e00c556fd80770b515ccf896b8db2c472e26a09e5de,0.004713517613708973,0.057708821786089985,1.132943016091162,0.9757088273763657,0.24474620100227185,0.5968137033283704
residual_v2,44,three_hole_asymmetric,24,private-source://routeA_experiments/data/final_ood_frozen_v1/three_hole_asymmetric/sample_0024.npz,2db1bdfbff80836e6a8d01f12b7e3e3ccb933bc7fa29a6c580e28e0a5d564196,0.004420869052410126,0.06958794788019862,0.7214966072409985,0.7806289941072464,0.32836498133838177,0.6458994910120964
residual_v2,44,three_hole_asymmetric,25,private-source://routeA_experiments/data/final_ood_frozen_v1/three_hole_asymmetric/sample_0025.npz,d3dd37382fca909602f329cf5ca0868fdf4906bc68d239b517c7b63904d4d71e,0.00504788663238287,0.08666706108850969,0.9493362733634735,0.8786284253001213,0.4126058407127857,0.7782520063221446
residual_v2,44,three_hole_asymmetric,26,private-source://routeA_experiments/data/final_ood_frozen_v1/three_hole_asymmetric/sample_0026.npz,ab2b827142dff4076d7ccc83b71215ae118cd4367f57c2e1f1a596a261244546,0.004726939834654331,0.07225945756315706,0.7455263882348944,0.7746387869119644,0.3626897670328617,0.61195225790143
residual_v2,44,three_hole_asymmetric,27,private-source://routeA_experiments/data/final_ood_frozen_v1/three_hole_asymmetric/sample_0027.npz,502e0384dcc52c88b8d7686ef96396b3cb52f6aaceef7f024eb2b099d1a4007a,0.004683106206357479,0.055030939808248976,1.063277828727282,0.9537961296737194,0.2229427277634386,0.7530870981514444
residual_v2,44,three_hole_asymmetric,28,private-source://routeA_experiments/data/final_ood_frozen_v1/three_hole_asymmetric/sample_0028.npz,9350fce83bcaffdab0c4c8e8d9620ad9255df6368a78acb778f31f6d4d74c766,0.005171888507902622,0.05834601953367256,0.9065753781692102,0.888334110379219,0.268729982431978,0.6411896161735056
residual_v2,44,three_hole_asymmetric,29,private-source://routeA_experiments/data/final_ood_frozen_v1/three_hole_asymmetric/sample_0029.npz,f5870c4d60ab26a07f238eaa0997f6136bebb56604eb5c97e4b9a2fda2f9dc4e,0.004337969236075878,0.05766618956357568,0.49271458281069486,0.6215469837188721,0.2837432250380516,0.5111480712890616
residual_v2,44,three_hole_asymmetric,30,private-source://routeA_experiments/data/final_ood_frozen_v1/three_hole_asymmetric/sample_0030.npz,6fd7dea4e1eb48c71994c0c450b08928f5ea2504ed659d879044b9b6c1644f3b,0.004867232404649258,0.050998220638755976,0.9482826451142459,0.9288843274116516,0.2205799939110875,0.7002310037612902
residual_v2,44,three_hole_asymmetric,31,private-source://routeA_experiments/data/final_ood_frozen_v1/three_hole_asymmetric/sample_0031.npz,4ba2ed02c426f61c1986b2240ee86afd7314ebbbe8b539e56f9600ba0cbbc1d6,0.004798874258995056,0.06452541291165523,0.8763767041646361,0.8878672420978546,0.27690099738538265,0.634643733501434
residual_v2,44,three_hole_asymmetric,32,private-source://routeA_experiments/data/final_ood_frozen_v1/three_hole_asymmetric/sample_0032.npz,19561acd47d971095affbf1d7482c2543969e7efe2e017cce9662594c2409591,0.004301481880247593,0.06689375165296454,0.7797312997016954,0.7240812182426453,0.26665954291820526,0.47901528030633883
residual_v2,44,three_hole_asymmetric,33,private-source://routeA_experiments/data/final_ood_frozen_v1/three_hole_asymmetric/sample_0033.npz,299a816b59d1641a415a05ef717681b17573aad62ca3c0dc9711e90793f0d5b1,0.004402562975883484,0.06814868843014177,0.964614462973417,0.9425808042287827,0.32298711501061916,0.7171952053904533
residual_v2,44,three_hole_asymmetric,34,private-source://routeA_experiments/data/final_ood_frozen_v1/three_hole_asymmetric/sample_0034.npz,d9c1345372b974ce89c979d52478ef6d491162f017535e9466a777f808423d7d,0.00438362080603838,0.05811935063545965,0.6371792529148697,0.6253249645233154,0.2719984344439581,0.4732999138534067
residual_v2,44,three_hole_asymmetric,35,private-source://routeA_experiments/data/final_ood_frozen_v1/three_hole_asymmetric/sample_0035.npz,bbc5468f3342befdbe4e2f23d133af48d348c7ec0465af4103305de397fa0309,0.005247610621154308,0.06340568933675676,0.7760766748075761,0.7648101449012756,0.3734862394630909,0.6978781007230277
residual_v2,44,three_hole_asymmetric,36,private-source://routeA_experiments/data/final_ood_frozen_v1/three_hole_asymmetric/sample_0036.npz,f42f3b5b47bedfb758af7282d3853313d2f8cd91228aa5ad8456fe5f4ab773e7,0.004325424320995808,0.06365919897850532,0.6205630920907482,0.7022465467453003,0.3645954392850399,0.6339337944984431
residual_v2,44,three_hole_asymmetric,37,private-source://routeA_experiments/data/final_ood_frozen_v1/three_hole_asymmetric/sample_0037.npz,70b02216f9922d40a0913ae98c1656101a148ee3d0036600db73f132e9e21930,0.004318736493587494,0.07359222358420582,0.8141382017129383,0.7845554053783417,0.342776239849627,0.6440819434821604
residual_v2,44,three_hole_asymmetric,38,private-source://routeA_experiments/data/final_ood_frozen_v1/three_hole_asymmetric/sample_0038.npz,fa7d466e58601cc7ae42f28b80b74fe105c87c60ec45af33a67b9404e69917f3,0.00464252196252346,0.04443747758176963,0.369627498262756,0.36983829736709595,0.17317888466641307,0.31128707528114313
residual_v2,44,three_hole_asymmetric,39,private-source://routeA_experiments/data/final_ood_frozen_v1/three_hole_asymmetric/sample_0039.npz,6729ed9a2fcaa8077240d781da78727ef103709fb74147547087f09e654d3eeb,0.005070737563073635,0.04769024450104047,0.6272860100908195,0.8232904672622681,0.22332552075386047,0.6096719741821284
residual_v2,44,three_hole_asymmetric,40,private-source://routeA_experiments/data/final_ood_frozen_v1/three_hole_asymmetric/sample_0040.npz,4dc1b2b4a3bf9267ac51874c458885168a31fd1142276944c4d12ad9b44e5100,0.004311936907470226,0.0695084413645966,0.8842257556854298,0.8542335033416748,0.31212238362058997,0.7291734423488377
residual_v2,44,three_hole_asymmetric,41,private-source://routeA_experiments/data/final_ood_frozen_v1/three_hole_asymmetric/sample_0041.npz,1b3c5a766f7f80111c7c5b2d1e785760caa4ac76416598c810f62f378e2dbb64,0.005060766823589802,0.06923877978446004,0.948071317067776,0.9156042188405991,0.34212902281433344,0.741768996044993
residual_v2,44,three_hole_asymmetric,42,private-source://routeA_experiments/data/final_ood_frozen_v1/three_hole_asymmetric/sample_0042.npz,71baba454d946efdf1ed77d43d057be7b5cb937b31204d3f9a34e5b759e1f944,0.0045926496386528015,0.05624156690539996,0.5629217489784202,0.6044518053531647,0.25818394124507904,0.5159794382750986
residual_v2,44,three_hole_asymmetric,43,private-source://routeA_experiments/data/final_ood_frozen_v1/three_hole_asymmetric/sample_0043.npz,2ede2163e09a9b392d4845b6523de16898b67b651acecab632146f022bcfc1f4,0.004870872013270855,0.06766569597744058,0.752271407068413,0.7499862611293793,0.2919890470802784,0.5436059281229972
residual_v2,44,three_hole_asymmetric,44,private-source://routeA_experiments/data/final_ood_frozen_v1/three_hole_asymmetric/sample_0044.npz,752790623dc514ac3a960bd67bd0cc3d73c861a4598060b92da04b2669e579d1,0.00431388895958662,0.05902996501440055,1.0354284456100824,0.9703702479600906,0.2515778923407197,0.6453309308737512
residual_v2,44,three_hole_asymmetric,45,private-source://routeA_experiments/data/final_ood_frozen_v1/three_hole_asymmetric/sample_0045.npz,f93c887a4af2aa5861e233d5e8c99ba90ed0d24be1f48007e736b60f2d82baa0,0.004892029799520969,0.03325441829738514,0.6621156711309223,0.7389041781425476,0.12573111802339554,0.5147582694888108
residual_v2,44,three_hole_asymmetric,46,private-source://routeA_experiments/data/final_ood_frozen_v1/three_hole_asymmetric/sample_0046.npz,7d5d9a6e64d8ae8a1e9c7319dfb573f33de06eedee213c902c4b6812faa42d0f,0.004304967820644379,0.06901516176683549,1.011020720564748,0.8822909593582153,0.2918521352112293,0.710655992850659
residual_v2,44,three_hole_asymmetric,47,private-source://routeA_experiments/data/final_ood_frozen_v1/three_hole_asymmetric/sample_0047.npz,95e07fc5463827a0ac7d058d0e1aeb9765b781fcc9901e3615d3cde6d0c42f72,0.004850948229432106,0.09053610321206991,0.8784487915065332,0.9356350004673004,0.5010951645672321,0.6844236025586724
residual_v2,44,three_hole_asymmetric,48,private-source://routeA_experiments/data/final_ood_frozen_v1/three_hole_asymmetric/sample_0048.npz,741a820e5ca03d114c8d4ed90e51db19c9ac4733b4f826ec2ddcc36cdcac9b62,0.004333793185651302,0.06240764105676991,0.5202515765687377,0.5577779673039913,0.2782226987183094,0.41701818481087666
residual_v2,44,three_hole_asymmetric,49,private-source://routeA_experiments/data/final_ood_frozen_v1/three_hole_asymmetric/sample_0049.npz,9317a9055bfd4093fea4ae0bf2d7e1d3d9c8669629d159a06ce9f1c11ad7714e,0.004619810730218887,0.055586780996989556,0.6762875572418311,0.6063747406005859,0.26518973521888256,0.4461565315723418
residual_v2,44,three_hole_asymmetric,50,private-source://routeA_experiments/data/final_ood_frozen_v1/three_hole_asymmetric/sample_0050.npz,88a36cb1ba6df1b25c02998dd5f645924a13a886bbdfd8571e6f74a10d39880a,0.005095450207591057,0.06879472561207722,0.9714192207914988,0.9615590274333954,0.2863602307625115,0.7957619303837414
residual_v2,44,three_hole_asymmetric,51,private-source://routeA_experiments/data/final_ood_frozen_v1/three_hole_asymmetric/sample_0051.npz,4d85c5da827c71859348f936a1bae9663c3aa6086f7d0a08035af48235a64ac0,0.004538501612842083,0.061485901447954946,0.9430288515711706,0.9232655242085457,0.3007000656798482,0.7343038663268084
residual_v2,44,three_hole_asymmetric,52,private-source://routeA_experiments/data/final_ood_frozen_v1/three_hole_asymmetric/sample_0052.npz,89347f4a5c2576ca481b684f9f7a77f38b7ae53c4ffdc77eeb307666b58e7af9,0.005013687536120415,0.06584434262971073,0.9152487738622798,0.9497207701206207,0.3450493821874261,0.7618871808052062
residual_v2,44,three_hole_asymmetric,53,private-source://routeA_experiments/data/final_ood_frozen_v1/three_hole_asymmetric/sample_0053.npz,68b58c6932346fa5b469420b06037edb861502f1184f5455c6a69240285d7df0,0.005050887353718281,0.04901468321759847,0.5867431028841498,0.6121491193771362,0.22448771446943283,0.5341602027416229
residual_v2,44,three_hole_asymmetric,54,private-source://routeA_experiments/data/final_ood_frozen_v1/three_hole_asymmetric/sample_0054.npz,8a3d74a7607b5928b4762b9ca74c6b9275b177ed92746be0574f4816d05444cd,0.004705548286437988,0.05841287521014943,0.7670228462647443,0.7465052008628845,0.2883935811696574,0.5685316041111943
residual_v2,44,three_hole_asymmetric,55,private-source://routeA_experiments/data/final_ood_frozen_v1/three_hole_asymmetric/sample_0055.npz,35e8e631f17a95d6289143b7bc8633f62ae4fcbfedd60929228f07fdfb4340db,0.004717538133263588,0.06596023298238364,0.9833653368249123,0.9747178703546524,0.30859981779940426,0.7212152183055877
residual_v2,44,three_hole_asymmetric,56,private-source://routeA_experiments/data/final_ood_frozen_v1/three_hole_asymmetric/sample_0056.npz,445a3665a73f0ceaa2ced3d30b7da490d69d77b0d8a04d8eeb849db3eed04dd1,0.004304594360291958,0.04668009652890284,0.6290458600669087,0.7049254477024078,0.20760302618145943,0.5043646439909933
residual_v2,44,three_hole_asymmetric,57,private-source://routeA_experiments/data/final_ood_frozen_v1/three_hole_asymmetric/sample_0057.npz,e6cd4f4e82b85801bd6e1f55cd798f136d06cef8b5699b3b132aae856fc4f8c6,0.005120624788105488,0.07300420470717148,0.8015958812299796,0.8444002270698547,0.362666767090559,0.703036258369684
residual_v2,44,three_hole_asymmetric,58,private-source://routeA_experiments/data/final_ood_frozen_v1/three_hole_asymmetric/sample_0058.npz,cd8c02f16d5cb5b76ccf7d1ec24d90c99eadd3a3beb517f14abd993c4185db88,0.004546959884464741,0.06848474433863337,0.7090237655466934,0.6964579820632935,0.36286507546901703,0.5801539093255993
residual_v2,44,three_hole_asymmetric,59,private-source://routeA_experiments/data/final_ood_frozen_v1/three_hole_asymmetric/sample_0059.npz,8b2f19de3b7d84f2e94fee0e2534974e7bb4e568d67f3a1c9928750c5d681d54,0.00547702144831419,0.07891288736359058,0.652200015669736,0.7024533152580261,0.33267646189779043,0.520527938008308
residual_v2,44,three_hole_asymmetric,60,private-source://routeA_experiments/data/final_ood_frozen_v1/three_hole_asymmetric/sample_0060.npz,9a762eaafc0ad4943d42da4f1c2f1324b21b6ee9e3faaf6bd0e21961c2c74f37,0.005302860401570797,0.07847837649939504,0.9929007283902352,0.9539799839258194,0.331230397336185,0.7706858549267048
residual_v2,44,three_hole_asymmetric,61,private-source://routeA_experiments/data/final_ood_frozen_v1/three_hole_asymmetric/sample_0061.npz,f363192d56ff237222c6af805a0435cdace76f73899372ae7a684b627192c2cf,0.0045528896152973175,0.04355012548565039,0.6051200366688687,0.6757515072822571,0.22393866628408432,0.5485199958086009
residual_v2,44,three_hole_asymmetric,62,private-source://routeA_experiments/data/final_ood_frozen_v1/three_hole_asymmetric/sample_0062.npz,2f26a4605d7e2c878f5be76227c29d3c349d949c85a3fd078ad080cee6cfff90,0.004440835677087307,0.07269748654456441,0.8519700589097478,0.880426824092865,0.36961131915450096,0.7341076157987116
residual_v2,44,three_hole_asymmetric,63,private-source://routeA_experiments/data/final_ood_frozen_v1/three_hole_asymmetric/sample_0063.npz,17c7bdafaf1ee584c9e013fbb7431229a839fea3282cdae21417ce64c07803f3,0.005408949218690395,0.05753315569064705,0.5351014420158736,0.5810037553310394,0.23685424774885178,0.3952931642532347
residual_v2,44,three_hole_asymmetric,64,private-source://routeA_experiments/data/final_ood_frozen_v1/three_hole_asymmetric/sample_0064.npz,793cbf94a8f0ee09dd55e7baf6508b26cc685f59f0c6758686e2412286c50e95,0.004683570936322212,0.0552293508290598,0.48401698505497653,0.5677981078624725,0.26659047044813633,0.39379180669784536
residual_v2,44,three_hole_asymmetric,65,private-source://routeA_experiments/data/final_ood_frozen_v1/three_hole_asymmetric/sample_0065.npz,1a010370114984ac96012fd00665935431ad026ab4d7339462e9ede18dcde1d9,0.004674579948186874,0.059539185560025853,0.8512544379530506,0.9251887425780296,0.26909323781728745,0.6905056521296491
residual_v2,44,three_hole_asymmetric,66,private-source://routeA_experiments/data/final_ood_frozen_v1/three_hole_asymmetric/sample_0066.npz,b4fb5ef8fe25b228082cf73d25bf64834fc6a386885f1003e912cc5461f36d56,0.005328654311597347,0.07092687736661345,0.9288845222456654,0.8685158789157867,0.32413132674992085,0.7320633158087727
residual_v2,44,three_hole_asymmetric,67,private-source://routeA_experiments/data/final_ood_frozen_v1/three_hole_asymmetric/sample_0067.npz,9966203f8926dbc05a509af06ae061895e57e0716bd5f4d7fbf1f94ef0a45954,0.004525597207248211,0.060357438067721834,0.7662812217594851,0.7611696124076843,0.25433683488518,0.5653206720948216
residual_v2,44,three_hole_asymmetric,68,private-source://routeA_experiments/data/final_ood_frozen_v1/three_hole_asymmetric/sample_0068.npz,3441c1ef60f7fd85c99941996ff1e1187f19859561c6ad1e959ad510a070dfcb,0.004784844815731049,0.07806393133628843,0.9565286169262104,0.9233152866363525,0.3345271172001958,0.7756047073751682
residual_v2,44,three_hole_asymmetric,69,private-source://routeA_experiments/data/final_ood_frozen_v1/three_hole_asymmetric/sample_0069.npz,957b4c4b2aca791503277fca2b6d349af9cb542bc497b1dfb5a2641ef5e16b1e,0.005083761177957058,0.07903841509516478,0.9221494523353395,0.9105680584907532,0.39447806496173143,0.7643406840041279
residual_v2,44,three_hole_asymmetric,70,private-source://routeA_experiments/data/final_ood_frozen_v1/three_hole_asymmetric/sample_0070.npz,bf042f87f987b456925f37ee22c985a855b18b686770e5b97a394d3c0c2acbe6,0.005400124937295914,0.07208056334814494,0.9579703108437329,0.9137526452541351,0.3971871454268694,0.7664311297237869
residual_v2,44,three_hole_asymmetric,71,private-source://routeA_experiments/data/final_ood_frozen_v1/three_hole_asymmetric/sample_0071.npz,d8ecc3806b2dd2950185d128052672533a7ecff47ea474de8708ce8b3e391105,0.004833253100514412,0.03610884099878923,0.6576018945960747,0.7351325154304504,0.11859779385849833,0.513023243099451
residual_v2,44,three_hole_asymmetric,72,private-source://routeA_experiments/data/final_ood_frozen_v1/three_hole_asymmetric/sample_0072.npz,6fb1d638377a02897f21ad9678d3a93e1ed734ef1ade5a6f69a1c16b0d92646b,0.004365420900285244,0.05911523382490729,0.9707157968624499,0.9626800566911697,0.2670258078724146,0.6657751306891441
residual_v2,44,three_hole_asymmetric,73,private-source://routeA_experiments/data/final_ood_frozen_v1/three_hole_asymmetric/sample_0073.npz,aa1f55a954bf5a5a2a0fc55c80c60d0c6c3bcfed40697329e85d1f1150b3beb1,0.0043794699013233185,0.06633555498419136,0.9033452536555335,0.8901883959770203,0.2706531323492527,0.7004748530685898
residual_v2,44,three_hole_asymmetric,74,private-source://routeA_experiments/data/final_ood_frozen_v1/three_hole_asymmetric/sample_0074.npz,7efa7bbcf05970d90ea88b07b297960e2591bdf9454367d39202dd0eea0baf1c,0.004670650698244572,0.056710825735487115,0.8977846574398757,0.8831923753023148,0.24796138517558575,0.6780436076223848
residual_v2,44,three_hole_asymmetric,75,private-source://routeA_experiments/data/final_ood_frozen_v1/three_hole_asymmetric/sample_0075.npz,797d1d48df61dcc794ea9c42bd7cbe3fb5904ac3207e4c22d07fd98d6cba6889,0.004774738103151321,0.07948144142521468,0.9086388574557442,0.9156548976898193,0.3864106722176075,0.7999819464981552
residual_v2,44,three_hole_asymmetric,76,private-source://routeA_experiments/data/final_ood_frozen_v1/three_hole_asymmetric/sample_0076.npz,ed8628f781c6e4e0f944c54b129e12897361e0950bc2b545bb2c4111835b1aa3,0.004336574114859104,0.060735099156810954,0.8522955289061691,0.7040965110063553,0.28532682126387954,0.5803823322057722
residual_v2,44,three_hole_asymmetric,77,private-source://routeA_experiments/data/final_ood_frozen_v1/three_hole_asymmetric/sample_0077.npz,e1e3d0aa07a5e03fbc7d7cd2e5822d6d019cc78a74b2a133771301fca0c23ab6,0.0046960338950157166,0.08297805912213067,0.7871481650847969,0.8087325096130371,0.43934962432831526,0.6917820367962118
residual_v2,44,three_hole_asymmetric,78,private-source://routeA_experiments/data/final_ood_frozen_v1/three_hole_asymmetric/sample_0078.npz,b8c9c9f9a9d7c2106857e098ccf52a7ed33b76dda547cbe28fa76263b27cde39,0.00540239829570055,0.07558575776294496,0.9187789229874113,0.9288423806428909,0.3621055331896059,0.7300848944112652
residual_v2,44,three_hole_asymmetric,79,private-source://routeA_experiments/data/final_ood_frozen_v1/three_hole_asymmetric/sample_0079.npz,6600329ca06c105c508bd49db109ca5aa0861398ccd222389fac3dd5f02b058c,0.005087868310511112,0.06885452608572885,1.0447002852352674,0.9846743196249008,0.3110713012283668,0.6547842614352701
residual_v2,44,three_hole_asymmetric,80,private-source://routeA_experiments/data/final_ood_frozen_v1/three_hole_asymmetric/sample_0080.npz,ffbc158abeb51a4eb3928201634706c040d340dabbe33426cdc7b7127fe13543,0.004318910650908947,0.06249062811808771,0.8608204179267812,0.8614409565925598,0.28130750730633736,0.6900715857744215
residual_v2,44,three_hole_asymmetric,81,private-source://routeA_experiments/data/final_ood_frozen_v1/three_hole_asymmetric/sample_0081.npz,a87e60b7c7797fddf37237be730cdc9809205a80b44cb6b2262de1a6d7645693,0.004761422984302044,0.07176329547063758,0.940645946220931,0.7536741942167282,0.41793118603527546,0.5906796423718333
residual_v2,44,three_hole_asymmetric,82,private-source://routeA_experiments/data/final_ood_frozen_v1/three_hole_asymmetric/sample_0082.npz,067daeb253b7553c2df8a4b49429eea3aa5169264dc4c11e08a931320e7ddff4,0.004662880674004555,0.042595212007528124,0.6129372929709642,0.7487115263938904,0.2209474965929985,0.5914872437715525
residual_v2,44,three_hole_asymmetric,83,private-source://routeA_experiments/data/final_ood_frozen_v1/three_hole_asymmetric/sample_0083.npz,f1d60eebc050728f5777b4668048e76d34dee796f6835ce90e1158999fa44fd4,0.006051418371498585,0.0706432227849634,1.0192478134513243,0.9797073751688004,0.3088639862835407,0.7927504040300845
residual_v2,44,three_hole_asymmetric,84,private-source://routeA_experiments/data/final_ood_frozen_v1/three_hole_asymmetric/sample_0084.npz,412d7cf0b8e7473beabae2d73d6f51672f2e2290c5eb4f6594fefd3da8d64992,0.004758380353450775,0.0670250848000888,0.7174899237261068,0.7576218247413635,0.31120759062469006,0.6381712779402725
residual_v2,44,three_hole_asymmetric,85,private-source://routeA_experiments/data/final_ood_frozen_v1/three_hole_asymmetric/sample_0085.npz,254ac982dfb840962b732a7f58d26007ad7175788b3d22740ac1a0de93037713,0.0047420840710401535,0.0483093001493707,0.6215107731493354,0.7157846689224243,0.29566196352243423,0.5799543112516398
residual_v2,44,three_hole_asymmetric,86,private-source://routeA_experiments/data/final_ood_frozen_v1/three_hole_asymmetric/sample_0086.npz,c521fb24ed492b9981db7f659459473625677c7b0d7e4c9095384fc6551b4657,0.0054331086575984955,0.06615943781661043,1.1199292418399105,0.8561591356992722,0.30073272495064884,0.58287647254765
residual_v2,44,three_hole_asymmetric,87,private-source://routeA_experiments/data/final_ood_frozen_v1/three_hole_asymmetric/sample_0087.npz,7946973bee1306c79f4c36bb2e32fb4b5c210f4c5eee0944367ba30e9fdd9e31,0.004792367108166218,0.03938461440203729,0.5588202504333813,0.606642484664917,0.20432023704051971,0.470813678205013
residual_v2,44,three_hole_asymmetric,88,private-source://routeA_experiments/data/final_ood_frozen_v1/three_hole_asymmetric/sample_0088.npz,11f5514ff6bbacbe263aded7875193bf5aad8a00011357f6c74f2f464c5b23a1,0.004367636516690254,0.06798722398813536,0.6562612219344637,0.7072311639785767,0.32880986481904984,0.506784613430499
residual_v2,44,three_hole_asymmetric,89,private-source://routeA_experiments/data/final_ood_frozen_v1/three_hole_asymmetric/sample_0089.npz,a61b51e0b645bb67e96064efeeb018bd2d7b048c8350145b4efca94cd3cced4a,0.004842686466872692,0.07216292190148234,0.6399347608220615,0.6623896211385727,0.3368551544845104,0.5406251043081283
residual_v2,44,three_hole_asymmetric,90,private-source://routeA_experiments/data/final_ood_frozen_v1/three_hole_asymmetric/sample_0090.npz,f238f1b73bfe633977814f4ee8efd7678f1da09cdadc96667ab86b42fd9c84b8,0.004308188334107399,0.0843796729999477,0.9857366339306507,0.8128214180469513,0.34238876996096224,0.6630152776837341
residual_v2,44,three_hole_asymmetric,91,private-source://routeA_experiments/data/final_ood_frozen_v1/three_hole_asymmetric/sample_0091.npz,908dee8055af09e682db2290282512110ad8b8134b5a3c698b0b1e27d1298733,0.004840493202209473,0.0560016809688136,0.6824355263258238,0.7344116568565369,0.2765156030654907,0.657997032999991
residual_v2,44,three_hole_asymmetric,92,private-source://routeA_experiments/data/final_ood_frozen_v1/three_hole_asymmetric/sample_0092.npz,235f3d7bb93d6ff69897dc532f9c0175c97fc98f43fc1a6c18061f36b3b6c3ef,0.00473436526954174,0.0806962930143024,0.73054429353548,0.6853554844856262,0.3809264565934427,0.5648917093873018
residual_v2,44,three_hole_asymmetric,93,private-source://routeA_experiments/data/final_ood_frozen_v1/three_hole_asymmetric/sample_0093.npz,a7d0da11a92287a27a4a6c11ca702f3f2f17ff721a0f0279d690f8abf94252be,0.005376844666898251,0.026140403655663683,0.3230332883084533,0.3720228672027588,0.12736228108406067,0.3007163692265746
residual_v2,44,three_hole_asymmetric,94,private-source://routeA_experiments/data/final_ood_frozen_v1/three_hole_asymmetric/sample_0094.npz,d0aa584876f99691aeeb8026d5ead955e7cc17621019a851ef37a13edaf58971,0.005138111300766468,0.078166514769322,0.9322613883060173,0.9263053089380264,0.3936951383948326,0.7102698147296905
residual_v2,44,three_hole_asymmetric,95,private-source://routeA_experiments/data/final_ood_frozen_v1/three_hole_asymmetric/sample_0095.npz,d203d6745345a12b29597ac2d26caea89ab17bb23083688666fb462296530e05,0.005283822305500507,0.06929880041518882,0.8088680742876818,0.7678110376000404,0.3517746180295944,0.5905690494924783
residual_v2,44,three_hole_asymmetric,96,private-source://routeA_experiments/data/final_ood_frozen_v1/three_hole_asymmetric/sample_0096.npz,78f0808d535501b8d16b5386431081df41fe126d96ffeb5bfc34b71693bd5714,0.005101671442389488,0.06922302316101,0.9393860595126441,0.9467925354838371,0.299090321874246,0.6553023774176835
residual_v2,44,three_hole_asymmetric,97,private-source://routeA_experiments/data/final_ood_frozen_v1/three_hole_asymmetric/sample_0097.npz,a19b074a2ef168ce2028edf5abd4394ddadac3e42eb7badae29852dcd87b8c01,0.005424925126135349,0.07539680266622416,0.9570804150394892,0.9694032371044159,0.37635285034775734,0.7937065791338666
residual_v2,44,three_hole_asymmetric,98,private-source://routeA_experiments/data/final_ood_frozen_v1/three_hole_asymmetric/sample_0098.npz,e628a052cb301d1ccddc36abc3e756605d05d755311cc580cb8638d0283e8a28,0.00507110171020031,0.054730846547373466,0.747037697432101,0.8446565866470337,0.22428185865283012,0.593814733624458
residual_v2,44,three_hole_asymmetric,99,private-source://routeA_experiments/data/final_ood_frozen_v1/three_hole_asymmetric/sample_0099.npz,c4c58ccc92851ab150fbcfb7929b45da22b8f4be00f48239dbac5a4033fb8247,0.0053480323404073715,0.07112912988172314,0.8742166506590596,0.8600315451622009,0.3190989517606795,0.7392833113670347
residual_v2,44,three_hole_asymmetric,100,private-source://routeA_experiments/data/final_ood_frozen_v1/three_hole_asymmetric/sample_0100.npz,7735aa807c0bade0596ab7163387935e7d8a6420ea91ac0b71468f037f55c595,0.005334627814590931,0.06105265046924339,0.567092303772212,0.7624842822551727,0.28447906859219074,0.4596484385430801
residual_v2,44,three_hole_asymmetric,101,private-source://routeA_experiments/data/final_ood_frozen_v1/three_hole_asymmetric/sample_0101.npz,50903f9da861e8e4b8d2ee84d0c4eea498c76f1b91f5cc6b26cca7661f51f13b,0.00532632227987051,0.07863382335740518,1.0406114156726862,0.8984403237700462,0.3412229989771731,0.7533986564725635
residual_v2,44,three_hole_asymmetric,102,private-source://routeA_experiments/data/final_ood_frozen_v1/three_hole_asymmetric/sample_0102.npz,393185e3a3667ce8030757bd68d94410eee1772700c16b445a0af74c993e2d3e,0.0052731940522789955,0.07831887105727653,1.0971983071896916,0.9722813926637173,0.313364549074322,0.746754961647093
residual_v2,44,three_hole_asymmetric,103,private-source://routeA_experiments/data/final_ood_frozen_v1/three_hole_asymmetric/sample_0103.npz,d8e3e01787f23ef6a1dabb9edf23da79e0637aeb7fd538143355fccbedc02bc1,0.005441770888864994,0.06921080022862212,0.6155675267664316,0.6259316205978394,0.34623832255601883,0.5213448047637939
residual_v2,44,three_hole_asymmetric,104,private-source://routeA_experiments/data/final_ood_frozen_v1/three_hole_asymmetric/sample_0104.npz,d6cc18e29b7582dec1b5602f9fa8218e7d40d0e0ed08552c1d6acc779fc36a17,0.005095107480883598,0.061788422219757784,0.9432316179645417,0.8682829588651657,0.2870659877662547,0.7563971884548663
residual_v2,44,three_hole_asymmetric,105,private-source://routeA_experiments/data/final_ood_frozen_v1/three_hole_asymmetric/sample_0105.npz,35bd0c998f7436861f71be50f8aba64a3461c822cf292b3e6694660f55a3b0f1,0.005523700267076492,0.058436898083228245,0.5093511812087788,0.5612619817256927,0.25123634561896324,0.43900775983929596
residual_v2,44,three_hole_asymmetric,106,private-source://routeA_experiments/data/final_ood_frozen_v1/three_hole_asymmetric/sample_0106.npz,6888edd52db8cf29388af634eedf7f9be35793c07c18644b7f86f8a441acc780,0.005107264965772629,0.04340449508997976,0.47559531164008234,0.5100965201854706,0.2035839669406414,0.36582020223140693
residual_v2,44,three_hole_asymmetric,107,private-source://routeA_experiments/data/final_ood_frozen_v1/three_hole_asymmetric/sample_0107.npz,40b2ef1f23b501bfde64a13fe7258035909f0d78e1d54eb6e1443c804305ecf4,0.005180009640753269,0.06612538230372937,1.216472428697642,0.9478168301284313,0.29992522299289703,0.5711580005474378
residual_v2,44,three_hole_asymmetric,108,private-source://routeA_experiments/data/final_ood_frozen_v1/three_hole_asymmetric/sample_0108.npz,79b8dfa34c2b35a10fea27f09a0f9f798b0367fc5192ed59d1361f1b53799bdd,0.005087892524898052,0.06979548492277644,0.8554672121243656,0.8506012111902237,0.2986180751468055,0.5926463931798934
residual_v2,44,three_hole_asymmetric,109,private-source://routeA_experiments/data/final_ood_frozen_v1/three_hole_asymmetric/sample_0109.npz,8ce37dd8adb5cefec81dbd0f448aa24fd957fd04fe733656a07aef732c8cc2eb,0.005213926546275616,0.0662049176559807,0.6604485259654188,0.7082419954240322,0.2931402623653412,0.5888680135831236
residual_v2,44,three_hole_asymmetric,110,private-source://routeA_experiments/data/final_ood_frozen_v1/three_hole_asymmetric/sample_0110.npz,4f2615c8cb85f9158644a5c730014c3884dbecc44b41e4c6525efb9d86c8caf8,0.00507008470594883,0.06668601373293816,0.919209862972907,0.8090611398220062,0.327860597288236,0.6893340311944482
residual_v2,44,three_hole_asymmetric,111,private-source://routeA_experiments/data/final_ood_frozen_v1/three_hole_asymmetric/sample_0111.npz,0935578871a0f3a49acfc526c2f37c216dd91c68bd2a8bfb1b536326e94f5a44,0.00534418597817421,0.05071816425295909,0.9597771060233002,0.9086804911494255,0.1929224218329182,0.5429543863981949
residual_v2,44,three_hole_asymmetric,112,private-source://routeA_experiments/data/final_ood_frozen_v1/three_hole_asymmetric/sample_0112.npz,75f3066ea740d92e454646a086e63a485bf69922e759ad6ffeae0e0cb87dfaa8,0.005088114179670811,0.08093692869322135,0.9339293910277986,0.918193593621254,0.37068694084882736,0.7630169015377749
residual_v2,44,three_hole_asymmetric,113,private-source://routeA_experiments/data/final_ood_frozen_v1/three_hole_asymmetric/sample_0113.npz,e697a839e7548feb3a5b14360c3973b92e38a87052d3b7365b32a7cd0a753191,0.005386446602642536,0.04435552992276319,0.42160896423712013,0.5397926568984985,0.1788326557725668,0.3479239910840986
residual_v2,44,three_hole_asymmetric,114,private-source://routeA_experiments/data/final_ood_frozen_v1/three_hole_asymmetric/sample_0114.npz,7afaaf3601e6ed30886241051a0637c969fab4fdc7321968e3389ce030c7486a,0.005226819775998592,0.0596385910232104,0.5946938798578928,0.6008158624172211,0.30866483598947525,0.4966281786561012
residual_v2,44,three_hole_asymmetric,115,private-source://routeA_experiments/data/final_ood_frozen_v1/three_hole_asymmetric/sample_0115.npz,c61c1f6680ef22cfbb61c3b59a74537ff91a7a97eefe05a24d1215c5eff14175,0.005501993931829929,0.06818622678171951,0.8665963093523046,0.9051558524370193,0.2848217096179724,0.6937061011791229
residual_v2,44,three_hole_asymmetric,116,private-source://routeA_experiments/data/final_ood_frozen_v1/three_hole_asymmetric/sample_0116.npz,9630b36b29d980654e8e8af10a050b5b22f9036bbc0eaf53ddfff402e0574e30,0.005091545172035694,0.09508699307993249,1.0789802128867019,0.829155445098877,0.40232055253,0.7035786449909209
residual_v2,44,three_hole_asymmetric,117,private-source://routeA_experiments/data/final_ood_frozen_v1/three_hole_asymmetric/sample_0117.npz,d3d1cc5eb6165ce5dd1eb46f3b7422b7a91b41002dd8e244fb5807270ef54ae0,0.005460996180772781,0.062155550720080936,1.0449007868896938,0.8858701065182686,0.2890823258640012,0.6134960502386091
residual_v2,44,three_hole_asymmetric,118,private-source://routeA_experiments/data/final_ood_frozen_v1/three_hole_asymmetric/sample_0118.npz,8e2be99501a03f3deba60278c03b5af400416cb985c121c2fa7d7d7827ff8328,0.00540738832205534,0.06695964075218132,0.8935108089819916,0.9700575023889542,0.3633260279893875,0.7057857215404508
residual_v2,44,three_hole_asymmetric,119,private-source://routeA_experiments/data/final_ood_frozen_v1/three_hole_asymmetric/sample_0119.npz,a47277e2b3beb0d89ef7b03bc2d99a8b043b3ba5b66636730dd832240fb5bf67,0.005100836046040058,0.0691596778286595,0.8585999006920793,0.88531144708395,0.3242664635181427,0.6894918184727428
residual_v2,44,three_hole_asymmetric,120,private-source://routeA_experiments/data/final_ood_frozen_v1/three_hole_asymmetric/sample_0120.npz,460897fcccde1db2e8ba9079e66abd4ea55bf6c9fcc14cc7507c17ec7571d07d,0.0055152010172605515,0.05501673512033639,0.7443611571587342,0.7638983726501465,0.2636331506073475,0.598917520046234
residual_v2,44,three_hole_asymmetric,121,private-source://routeA_experiments/data/final_ood_frozen_v1/three_hole_asymmetric/sample_0121.npz,7463cebd5dcf30b0f53bfbcec6ed3cd938cae4ff1c7cb5a51f6b6208a020a4d2,0.005111727863550186,0.04548775646439172,0.6213673806736345,0.7322181165218353,0.20677559450268745,0.5295811027288426
residual_v2,44,three_hole_asymmetric,122,private-source://routeA_experiments/data/final_ood_frozen_v1/three_hole_asymmetric/sample_0122.npz,0b1f50e6483c4bd20f2eb7b1a5ad3ca903b7158558b6379b0a1c87cfb444d395,0.005449315533041954,0.0660938743731296,1.0183539714972965,0.9223866239190102,0.2395654579740949,0.7593293230980616
residual_v2,44,three_hole_asymmetric,123,private-source://routeA_experiments/data/final_ood_frozen_v1/three_hole_asymmetric/sample_0123.npz,65e171101675b5cb87eb5555f716856d756743e6d3447dfa2efbde71ac332e67,0.005487376824021339,0.0662177917528179,0.8767794474996876,0.8476748764514923,0.3112539481371641,0.7087863698601717
residual_v2,44,three_hole_asymmetric,124,private-source://routeA_experiments/data/final_ood_frozen_v1/three_hole_asymmetric/sample_0124.npz,d3c7c52167944c7ed7ee06f79272238419f46b0150fe90a2589d3153747fbf2f,0.005388838239014149,0.061325222042089705,0.7573861567542273,0.7767912298440933,0.2805571388453245,0.5797938391566261
residual_v2,44,three_hole_asymmetric,125,private-source://routeA_experiments/data/final_ood_frozen_v1/three_hole_asymmetric/sample_0125.npz,629b8f9d37de5d037c8e33f97e602bf5d06a112e8c988084322626ed3cfa0db4,0.005206766538321972,0.06816730189388807,0.7134592351655139,0.6944999694824219,0.3010616530664265,0.49959645122289537
residual_v2,44,three_hole_asymmetric,126,private-source://routeA_experiments/data/final_ood_frozen_v1/three_hole_asymmetric/sample_0126.npz,d79d0f135637e2841b3453a53add5c4bf624f15ae92f2562acb09afebef0ede1,0.005186785943806171,0.07230777162300515,0.7590361722078957,0.8007062673568726,0.29225669987499714,0.6480618566274611
residual_v2,44,three_hole_asymmetric,127,private-source://routeA_experiments/data/final_ood_frozen_v1/three_hole_asymmetric/sample_0127.npz,7cee35213e8863690074459c24d7fd282a7630a45f0f4fab56f69cc5187ced3c,0.00516404677182436,0.05836809217004455,0.6501996182730192,0.6456733345985413,0.2653369903564453,0.5565487176179885
residual_v2,44,three_hole_asymmetric,128,private-source://routeA_experiments/data/final_ood_frozen_v1/three_hole_asymmetric/sample_0128.npz,66f17e3594dd9beaddc30078e0aea012c36ea89ec3780e24ab5e66ada4aa0aee,0.0053497301414608955,0.07173041089343542,0.6546678122723755,0.6697438657283783,0.32942175678908825,0.5566448688507074
residual_v2,44,three_hole_asymmetric,129,private-source://routeA_experiments/data/final_ood_frozen_v1/three_hole_asymmetric/sample_0129.npz,0513a13dc15142aa7035ad92a4d92696cde53f4f938fba0b6258ba43ff994ce4,0.005382404662668705,0.06026768813765734,0.7602597596797004,0.7869361340999603,0.2826333977282047,0.588970172405241
residual_v2,44,three_hole_asymmetric,130,private-source://routeA_experiments/data/final_ood_frozen_v1/three_hole_asymmetric/sample_0130.npz,0b7e254aff9dacc784e6945d18e32da0372125ff81dc9fb35dcf29f7e12504f6,0.005282114259898663,0.08838939423084897,0.842221912128894,0.8087253570556641,0.4891053382307291,0.7030972473323339
residual_v2,44,three_hole_asymmetric,131,private-source://routeA_experiments/data/final_ood_frozen_v1/three_hole_asymmetric/sample_0131.npz,b7bf7aa4688f48d7c78174369c23732d337ae6ffd998cf06bb7a4edda3a5063d,0.0053122807294130325,0.062172975036222086,0.7200883058241954,0.6863604784011841,0.3041030801832676,0.5123090256005515
residual_v2,44,three_hole_asymmetric,132,private-source://routeA_experiments/data/final_ood_frozen_v1/three_hole_asymmetric/sample_0132.npz,37fe2cf79de29a9b7e04b5fe118372c54173e6f10125f0854cf4d171d4776d59,0.005403910763561726,0.03887592355648582,0.7276732074180233,0.880623072385788,0.15620979852974415,0.6004567399621001
residual_v2,44,three_hole_asymmetric,133,private-source://routeA_experiments/data/final_ood_frozen_v1/three_hole_asymmetric/sample_0133.npz,3683c8dae119211360b0dbaa1ac9e1693a1728caddc3c1bb3768f981c2091e26,0.0054450444877147675,0.06035087814076299,0.6514690141596888,0.6605174243450165,0.3617861904203892,0.610376763343811
residual_v2,44,three_hole_asymmetric,134,private-source://routeA_experiments/data/final_ood_frozen_v1/three_hole_asymmetric/sample_0134.npz,322bc5ec6225e978895e341b9dfdf38fbfa0681b5b329fe286739337905a2e67,0.005324258469045162,0.07155526481426647,0.9850910394491391,0.9064129441976547,0.3565678745508194,0.7276789061725137
residual_v2,44,three_hole_asymmetric,135,private-source://routeA_experiments/data/final_ood_frozen_v1/three_hole_asymmetric/sample_0135.npz,b3bc13b4ad513f7b7c47e8dfedda3871bfe1d969ceb542243518b1f1661a7b7d,0.005371096543967724,0.05301810775059905,0.7701566405624672,0.7264279723167419,0.23956521227955818,0.6362569242715824
residual_v2,44,three_hole_asymmetric,136,private-source://routeA_experiments/data/final_ood_frozen_v1/three_hole_asymmetric/sample_0136.npz,20f73113304cb007ce9ee5b010405b3b08c38b719993477582e1adb17921d82b,0.005347513593733311,0.05355805531366144,0.6310487706339236,0.7009997963905334,0.3033865764737129,0.5844022542238231
residual_v2,44,three_hole_asymmetric,137,private-source://routeA_experiments/data/final_ood_frozen_v1/three_hole_asymmetric/sample_0137.npz,9c029bad505c34e3cca11e8187bc4fdf7d1417417883641e5c92c0e2b1861711,0.0054444819688797,0.058015856413005405,0.6887185390621738,0.672706663608551,0.29644468054175377,0.5187341429293155
residual_v2,44,three_hole_asymmetric,138,private-source://routeA_experiments/data/final_ood_frozen_v1/three_hole_asymmetric/sample_0138.npz,2a95dd7d60712bbde64ddb2f3b9b174a2da8a71e64f53104448b1fda6898cb87,0.005421067588031292,0.07416883130763614,1.1432562890668563,0.9872716590762138,0.3084683269553352,0.6745865862816569
residual_v2,44,three_hole_asymmetric,139,private-source://routeA_experiments/data/final_ood_frozen_v1/three_hole_asymmetric/sample_0139.npz,f356651d5f0fbe76d7b23cee9c305931b8e8fe879d3fc560e174e6ff4a4bcbc9,0.005473175086081028,0.06887702365781824,0.7111280931598182,0.7240098118782043,0.3403965476900339,0.6082515478134155
residual_v2,44,three_hole_asymmetric,140,private-source://routeA_experiments/data/final_ood_frozen_v1/three_hole_asymmetric/sample_0140.npz,c22b26c249410214ce91ba779d94c82c7d58648110a4aac0c4246990ecc43bba,0.005099700763821602,0.07902652313970285,0.8068828019412236,0.77861687541008,0.3909585475921631,0.7169453233480452
residual_v2,44,three_hole_asymmetric,141,private-source://routeA_experiments/data/final_ood_frozen_v1/three_hole_asymmetric/sample_0141.npz,581b8c08fb25b0697b98b87164ebaafe6cd559b41136643d44f9de35e975d7b9,0.005251175723969936,0.07290026757697059,0.9930752312800096,0.9538734667003155,0.32369389198720455,0.7555848140269517
residual_v2,44,three_hole_asymmetric,142,private-source://routeA_experiments/data/final_ood_frozen_v1/three_hole_asymmetric/sample_0142.npz,578e8f60d4da9f74071ab8374b88b7be266d5d1e67dec13929a7acf811b163a8,0.005079759284853935,0.06453826047846112,0.7630735545604836,0.6768496930599213,0.2873117192648351,0.588265325129032
residual_v2,44,three_hole_asymmetric,143,private-source://routeA_experiments/data/final_ood_frozen_v1/three_hole_asymmetric/sample_0143.npz,b6b2551b71fdf3da0d4ca84d9f08c6aa2f3008f1962bd943296cbf9612880efc,0.005446036346256733,0.07000673332308266,1.0071528805536099,0.9476682394742966,0.3105935787316412,0.8232260126620531
residual_v2,44,three_hole_asymmetric,144,private-source://routeA_experiments/data/final_ood_frozen_v1/three_hole_asymmetric/sample_0144.npz,8329648a6f54e17ec6911f4a2a43086a79f241b8ea2247f84b00d977ee02610d,0.00532101932913065,0.06809838068946994,1.0801462050936377,0.991551224142313,0.25961703376378864,0.7923722792416796
residual_v2,44,three_hole_asymmetric,145,private-source://routeA_experiments/data/final_ood_frozen_v1/three_hole_asymmetric/sample_0145.npz,9e07276be4c9a737eae17e3917bc3cdc5d0dfa1bce9663bd981f358519eb110c,0.005432727746665478,0.07582086723001354,0.7892753132097128,0.7846308052539825,0.34974363911896944,0.6078775867819778
residual_v2,44,three_hole_asymmetric,146,private-source://routeA_experiments/data/final_ood_frozen_v1/three_hole_asymmetric/sample_0146.npz,67f3ee8daff2c978cbe4cd399a7f2ad4874665b5c644a341c057c304af1127c1,0.005214299075305462,0.07513043634554839,0.9701952605457052,0.938152939081192,0.3351904321461916,0.7868615731596941
residual_v2,44,three_hole_asymmetric,147,private-source://routeA_experiments/data/final_ood_frozen_v1/three_hole_asymmetric/sample_0147.npz,e85347f74d9b0184043eda85a8b0b42fe6515b3c49ceeec50b7b4d6dfff4a07d,0.004520103335380554,0.04833875345174086,0.5355842672362102,0.7312477827072144,0.23408610001206398,0.5833462417125692
residual_v2,44,three_hole_asymmetric,148,private-source://routeA_experiments/data/final_ood_frozen_v1/three_hole_asymmetric/sample_0148.npz,245fe71d4768340cf55e028f00a51ef269352046fcee78a0376200f4998c9360,0.004863601177930832,0.04139520665813084,0.6336825397148783,0.750873327255249,0.19262583553791046,0.4878574967384322
residual_v2,44,three_hole_asymmetric,149,private-source://routeA_experiments/data/final_ood_frozen_v1/three_hole_asymmetric/sample_0149.npz,e4131c7833d7b32f7f309cc922c788dde6f66644cd7c84c3995c3e66ca6ec058,0.004523854702711105,0.05741468045300053,0.9405775444585579,0.8761225417256355,0.24471345671918243,0.7169596362859003
residual_v2,44,three_hole_asymmetric,150,private-source://routeA_experiments/data/final_ood_frozen_v1/three_hole_asymmetric/sample_0150.npz,14d7c4793f64ce9d612ac24093c5fbe0dae12baa2ebcc0e606416070b0010be4,0.005452686920762062,0.0695176096026745,1.0347150210103562,0.9454665631055832,0.30861798906698823,0.7305124171078201
residual_v2,44,three_hole_asymmetric,151,private-source://routeA_experiments/data/final_ood_frozen_v1/three_hole_asymmetric/sample_0151.npz,3c828906fd7ab01c163402ae535f03a420e0b8d29d63467e8f5e0ac8bb2069f1,0.005399422720074654,0.07646251812555374,0.8300255376288096,0.7784675657749176,0.35054692812263966,0.658115854114294
residual_v2,44,three_hole_asymmetric,152,private-source://routeA_experiments/data/final_ood_frozen_v1/three_hole_asymmetric/sample_0152.npz,2dd677fdf441a2d0d82994893dd167d20bc429686f9d05c84662f972384de6c2,0.00499641802161932,0.06477867180681834,0.9381065264141664,0.8957398235797882,0.27966085402294993,0.7435179121792316
residual_v2,44,three_hole_asymmetric,153,private-source://routeA_experiments/data/final_ood_frozen_v1/three_hole_asymmetric/sample_0153.npz,e09e2ec653206737b870b71f517fcc81353db939fd7d890bfde2a8715648f046,0.0049396539106965065,0.06101183394408919,1.0243911171849014,0.9351677447557449,0.24004874110687524,0.7361315570771694
residual_v2,44,three_hole_asymmetric,154,private-source://routeA_experiments/data/final_ood_frozen_v1/three_hole_asymmetric/sample_0154.npz,354f1ec9c8bb281306006c931744c6710f378713690c48b9dfc924d8e03155dc,0.004858579486608505,0.06153409191521544,0.7163687023088584,0.6603076159954071,0.2745240859221667,0.48800727017223805
residual_v2,44,three_hole_asymmetric,155,private-source://routeA_experiments/data/final_ood_frozen_v1/three_hole_asymmetric/sample_0155.npz,4feb6d42b1ba8f3891917e887c391dac5ab83213398859f8c4d1343a08f81523,0.004880878143012524,0.03473981319807245,0.5863937094853163,0.6399023234844208,0.12127994000911713,0.46340457499027143
residual_v2,44,three_hole_asymmetric,156,private-source://routeA_experiments/data/final_ood_frozen_v1/three_hole_asymmetric/sample_0156.npz,2ed681cf4ebe76dc5ff83597e8f424f37faa8aa01f50048685eb1a9f8504ef64,0.005023793317377567,0.06419159384017414,0.8808179029983507,0.9259469956159592,0.30788504332304,0.6137357015162697
residual_v2,44,three_hole_asymmetric,157,private-source://routeA_experiments/data/final_ood_frozen_v1/three_hole_asymmetric/sample_0157.npz,8f86d834f785485f1110f7ae10b681508b7fb7293834bdeabad4cd9e0ff581e7,0.004497777670621872,0.055226408994060255,0.6802272757303316,0.7703456878662109,0.24851485714316368,0.5346856109797945
residual_v2,44,three_hole_asymmetric,158,private-source://routeA_experiments/data/final_ood_frozen_v1/three_hole_asymmetric/sample_0158.npz,b7838937a002adfbc7581e42e80020a5cc8ff317b9ef609ec1903087a3d31c3e,0.00483928807079792,0.059798611580731374,0.6821611457471614,0.6214240491390228,0.24069681018590927,0.48385057598352393
residual_v2,44,three_hole_asymmetric,159,private-source://routeA_experiments/data/final_ood_frozen_v1/three_hole_asymmetric/sample_0159.npz,7ec05d300291c51dfc519a7d08b75bd3be917f67a3673dfe18849f585f9f709e,0.004918898455798626,0.08419021113103702,0.9627756123574043,0.837473139166832,0.3659273851662874,0.6881757006049154
residual_v2,44,three_hole_asymmetric,160,private-source://routeA_experiments/data/final_ood_frozen_v1/three_hole_asymmetric/sample_0160.npz,406b5d01c559ad3764a887df63a81ab6aeb54deb0e03ab5546863badf9a16f35,0.005006291903555393,0.06205803952193753,1.1574078975444215,0.9716340601444244,0.2554739991319366,0.5931655280292025
residual_v2,44,three_hole_asymmetric,161,private-source://routeA_experiments/data/final_ood_frozen_v1/three_hole_asymmetric/sample_0161.npz,e022a734e6aba3a7301b06bd77c79e73047ff290f57525b8dee053bdfa5b4988,0.004859170876443386,0.042347341442768756,0.6172554532157896,0.6717345714569092,0.22105614840984344,0.5561966747045516
residual_v2,44,three_hole_asymmetric,162,private-source://routeA_experiments/data/final_ood_frozen_v1/three_hole_asymmetric/sample_0162.npz,2b13f73876bba396b8fa67ab174be82ee1a554b9e4c19a3a7412ffc39aba0b13,0.0050416989251971245,0.04405695926826758,0.6595672909696273,0.7922933101654053,0.2630486935377121,0.5535967081785201
residual_v2,44,three_hole_asymmetric,163,private-source://routeA_experiments/data/final_ood_frozen_v1/three_hole_asymmetric/sample_0163.npz,e9b740089bb1f2d4e21a0999405d9bdba3a57bd51c7e58ea5ed47d11ee6595a2,0.004883994348347187,0.05477891179970746,0.8377367101130024,0.8174609541893005,0.25443097040988505,0.6766591966152189
residual_v2,44,three_hole_asymmetric,164,private-source://routeA_experiments/data/final_ood_frozen_v1/three_hole_asymmetric/sample_0164.npz,9f206330bd07c9c4847fddf539ce746ee66390d885f3c33bc1d444adbbd318ac,0.004890286363661289,0.06651684396582565,0.6372382576270976,0.7039833664894104,0.2878122180700302,0.551426679268479
residual_v2,44,three_hole_asymmetric,165,private-source://routeA_experiments/data/final_ood_frozen_v1/three_hole_asymmetric/sample_0165.npz,59ec0f1c680bf9149906ed38b4dd3a4aa7612d7147f9c53c5dcfa06ecca43366,0.0050157178193330765,0.06642420877791229,0.7152949793907046,0.6801140010356903,0.3083880739286542,0.5738494366407393
residual_v2,44,three_hole_asymmetric,166,private-source://routeA_experiments/data/final_ood_frozen_v1/three_hole_asymmetric/sample_0166.npz,acdabcd30120f1b891f11b4fee7490ecf1c73a42827cec6684949a026c1d238b,0.00457940436899662,0.07615841453779909,0.905328482118282,0.8773375302553177,0.3770268987864256,0.7642839394509786
residual_v2,44,three_hole_asymmetric,167,private-source://routeA_experiments/data/final_ood_frozen_v1/three_hole_asymmetric/sample_0167.npz,2d64cbb7ed13e9d5493b3bcffc548a37e43f77cfe686d4bd90f395d9b3dedcd2,0.004597746767103672,0.06666261507181387,0.9889318355694922,0.9484548382461071,0.2774728734511882,0.6828678363002836
residual_v2,44,three_hole_asymmetric,168,private-source://routeA_experiments/data/final_ood_frozen_v1/three_hole_asymmetric/sample_0168.npz,ce1811b3b58e1cf01845e9ffb4fac5caa62f765929be1337c8260c13d9b65d5d,0.004514333792030811,0.07253816544526365,1.185085980333991,0.9719157516956329,0.29388587155699497,0.702379625104367
residual_v2,44,three_hole_asymmetric,169,private-source://routeA_experiments/data/final_ood_frozen_v1/three_hole_asymmetric/sample_0169.npz,c8bdae4b5e47fcfb5a99f1ccde0ca1ecf2011b5c092fc8bd8e61595f8c50518c,0.005017227493226528,0.06729287179511481,0.9994343165719602,0.8884501904249191,0.2642948104767129,0.668261893466114
residual_v2,44,three_hole_asymmetric,170,private-source://routeA_experiments/data/final_ood_frozen_v1/three_hole_asymmetric/sample_0170.npz,33251f1d994ef521e7ed6646d939e7b5f6ae05ade833fce7f91910e3aa7b2d74,0.00465571042150259,0.06732406807930427,0.9622902548760986,0.947507806122303,0.32877849601209164,0.6510034874081598
residual_v2,44,three_hole_asymmetric,171,private-source://routeA_experiments/data/final_ood_frozen_v1/three_hole_asymmetric/sample_0171.npz,3304230b1d8bbdd9fc2dfda78714484a468749cddd223bba1c2dbf29c548831e,0.004537911154329777,0.07230718124577962,0.8450504334362338,1.1186046600341797,0.38530012778937817,0.7161946937441825
residual_v2,44,three_hole_asymmetric,172,private-source://routeA_experiments/data/final_ood_frozen_v1/three_hole_asymmetric/sample_0172.npz,a740cace37940a1e2252703d9381d4b9f3f3b166a52d68121a24aaca6473c237,0.004555428400635719,0.0726869221433916,0.7642753203204689,0.6320685893297195,0.3620110396295786,0.5432356640696523
residual_v2,44,three_hole_asymmetric,173,private-source://routeA_experiments/data/final_ood_frozen_v1/three_hole_asymmetric/sample_0173.npz,7fbe985e9871b0fea23dcd48b5658d0febd6965ccb34e4430a248d8ea7884c13,0.004543148912489414,0.06576328863333102,0.9295134118669115,0.8809786140918732,0.27963270992040634,0.6823554188013065
residual_v2,44,three_hole_asymmetric,174,private-source://routeA_experiments/data/final_ood_frozen_v1/three_hole_asymmetric/sample_0174.npz,71542cbeea7c7322472596a11b9ea2cf6285893af2fd8caaacd78a77cf1d83fd,0.004875054582953453,0.0710134288529103,0.8070985846878718,0.8140526115894318,0.31055738404393196,0.6692409817129371
residual_v2,44,three_hole_asymmetric,175,private-source://routeA_experiments/data/final_ood_frozen_v1/three_hole_asymmetric/sample_0175.npz,0f2191f55e786a9cc0197b9d38b5849150523e7f0e95da026a8b7282892dd7e7,0.004570739343762398,0.07677995819872079,1.037671983364999,0.9715867824852467,0.3073835044633597,0.6965505109168568
residual_v2,44,three_hole_asymmetric,176,private-source://routeA_experiments/data/final_ood_frozen_v1/three_hole_asymmetric/sample_0176.npz,1d5d110e1725a11891d26e004b83d93d33e264f9f0cc612cea71237c93485c91,0.004788766615092754,0.06858615780757807,0.682407977017032,0.6617873311042786,0.3384007094427943,0.5660534195601936
residual_v2,44,three_hole_asymmetric,177,private-source://routeA_experiments/data/final_ood_frozen_v1/three_hole_asymmetric/sample_0177.npz,491128641f9815a0257fe2c5da3e9ef510909b89c7efe14041aaf988dd54d374,0.004937309771776199,0.062133867571998735,0.9084755070321007,0.8659710735082626,0.28124556643888354,0.7004740774631499
residual_v2,44,three_hole_asymmetric,178,private-source://routeA_experiments/data/final_ood_frozen_v1/three_hole_asymmetric/sample_0178.npz,8ad8976324d69fa900282a701c1176bec4bd066428ab6af4d07f98b6226c1440,0.005046243779361248,0.06589580950562783,0.8607846550399402,0.8491836786270142,0.3498587589710951,0.7688861168920988
residual_v2,44,three_hole_asymmetric,179,private-source://routeA_experiments/data/final_ood_frozen_v1/three_hole_asymmetric/sample_0179.npz,ed3c4408215897e333b3a88a790f6b3b965edbc5f729ee1ca00b514638a22db3,0.0045236097648739815,0.06545214288693398,0.5953744639645873,0.7589914426207542,0.29877585638314486,0.5199548136442899
residual_v2,44,three_hole_asymmetric,180,private-source://routeA_experiments/data/final_ood_frozen_v1/three_hole_asymmetric/sample_0180.npz,026ec17f7ba5561155ad7d2d26d4b774202c9e9d3be82846603703294b1c6599,0.0051405904814600945,0.06779573379291672,0.9290708912415576,0.948443241417408,0.3028323473408818,0.7841435141861437
residual_v2,44,three_hole_asymmetric,181,private-source://routeA_experiments/data/final_ood_frozen_v1/three_hole_asymmetric/sample_0181.npz,ae31a16b8c81593e19306a84399bfd2a84ac55c7910ef8823c67abd4642aa2f6,0.004557688720524311,0.07441085556322165,0.873835890130269,0.8416124284267426,0.3183996891602874,0.6019082058221099
residual_v2,44,three_hole_asymmetric,182,private-source://routeA_experiments/data/final_ood_frozen_v1/three_hole_asymmetric/sample_0182.npz,3c898c6349f36f90b3d5a9fe1ea363190f3864ec9904027b2c82073b2f828008,0.004941769875586033,0.05742713110082703,0.7353473296099161,0.7613978981971741,0.2592257782816887,0.606292235851286
residual_v2,44,three_hole_asymmetric,183,private-source://routeA_experiments/data/final_ood_frozen_v1/three_hole_asymmetric/sample_0183.npz,7960bd5136007fe9e53aaf26195ec050cd3f170be4ea0892e9c50801de1e2a57,0.005304558202624321,0.06468688080536733,0.7693453734636345,0.6680265218019485,0.328994981944561,0.5412830486893652
residual_v2,44,three_hole_asymmetric,184,private-source://routeA_experiments/data/final_ood_frozen_v1/three_hole_asymmetric/sample_0184.npz,d0af476fd13dfb1d250ce9a4ca56a9e4e7747143d266e251a2d3bed91fdc35c3,0.004933352582156658,0.06293228065928563,0.6589063909183155,0.6738649159669876,0.28526873886585236,0.5667403496801848
residual_v2,44,three_hole_asymmetric,185,private-source://routeA_experiments/data/final_ood_frozen_v1/three_hole_asymmetric/sample_0185.npz,825925d58976a37ca694d695a027e07bfbaaceb34012d307f2f1821037baf144,0.004843676462769508,0.060859689357907656,0.8117340314997652,0.91617152094841,0.26748793944716454,0.6876373901963232
residual_v2,44,three_hole_asymmetric,186,private-source://routeA_experiments/data/final_ood_frozen_v1/three_hole_asymmetric/sample_0186.npz,77e809def7ac8044a4e55b9ef623158afda39a6477b671e128605d4b47566db6,0.005246535874903202,0.06516319854805076,0.9965018623454729,0.9544180184602737,0.29412267153384164,0.6357350114732973
residual_v2,44,three_hole_asymmetric,187,private-source://routeA_experiments/data/final_ood_frozen_v1/three_hole_asymmetric/sample_0187.npz,d41acb81beffee4db9203e1cf0266797359f026ace1ea8ca9bcd6ccb1e2af128,0.004901723936200142,0.05442897510406875,0.639552556213729,0.5789734125137329,0.26954244868829846,0.45285932719707456
residual_v2,44,three_hole_asymmetric,188,private-source://routeA_experiments/data/final_ood_frozen_v1/three_hole_asymmetric/sample_0188.npz,0ee1d93b5b155a3545c539b9ebd208096d5da786ac320abbe96a9ddff30d88d7,0.004414668306708336,0.061437778664499516,0.8182901879755919,0.7216359227895737,0.28750021755695343,0.5159243762493129
residual_v2,44,three_hole_asymmetric,189,private-source://routeA_experiments/data/final_ood_frozen_v1/three_hole_asymmetric/sample_0189.npz,70be7056cd13692af26bab63a3df9b9a64678831ef39fdb9582375ceecca7edf,0.004672568291425705,0.07415145466498302,1.1915261618054207,0.9761798605322838,0.347245530661894,0.6776107653975474
residual_v2,44,three_hole_asymmetric,190,private-source://routeA_experiments/data/final_ood_frozen_v1/three_hole_asymmetric/sample_0190.npz,a8c424ee2056e12af66d0be34289a252d77172e5cb127ec57c8550e3415ab90b,0.004892746917903423,0.05846874261926409,0.8709247045126669,0.8921003118157387,0.2697095633484423,0.6933866944164034
residual_v2,44,three_hole_asymmetric,191,private-source://routeA_experiments/data/final_ood_frozen_v1/three_hole_asymmetric/sample_0191.npz,26c2bd071beec9742e0a4f1e5466aa608a15434494059de80e606e4679fa8ed3,0.004863599315285683,0.07479316978088388,0.9826678433478677,0.9670906066894531,0.29285862715914845,0.809207191318273
residual_v2,44,three_hole_asymmetric,192,private-source://routeA_experiments/data/final_ood_frozen_v1/three_hole_asymmetric/sample_0192.npz,40d02fa0627c6deec298290103575257705efed18a0e5475ecaa7bf465aa9b99,0.004800264723598957,0.07280737077409029,0.8821582215392397,0.9083685576915741,0.3842308670282364,0.7162688128650185
residual_v2,44,three_hole_asymmetric,193,private-source://routeA_experiments/data/final_ood_frozen_v1/three_hole_asymmetric/sample_0193.npz,e2291d430c4ed65b595a26a1bfd29617e6a29836d02a7642cee85cd276392050,0.004820485599339008,0.06744768388552244,0.8025270937599651,0.8371913135051727,0.29446643800474703,0.6649754114449007
residual_v2,44,three_hole_asymmetric,194,private-source://routeA_experiments/data/final_ood_frozen_v1/three_hole_asymmetric/sample_0194.npz,31e35937f5e42fb742834cdcb1fc165dd1ffc423ac83933409ddf9f346655de1,0.00485443789511919,0.07945523836228387,0.7606460048397851,0.7836721837520599,0.3795628249645233,0.6879291243851182
residual_v2,44,three_hole_asymmetric,195,private-source://routeA_experiments/data/final_ood_frozen_v1/three_hole_asymmetric/sample_0195.npz,40442c552a2016d07c97d9c05bd7232ba672eeab612657250b9c7529d4f8fba5,0.004939396865665913,0.06736916553854196,0.7072469253566457,0.6604170501232147,0.3592948354780674,0.5545293897390362
residual_v2,44,three_hole_asymmetric,196,private-source://routeA_experiments/data/final_ood_frozen_v1/three_hole_asymmetric/sample_0196.npz,dd2106f958610c899c170e0e932d315a715401be9a89fd9bfb0ce4af7422b23f,0.004935471341013908,0.07006599538575696,0.8426333232870783,0.7981315851211548,0.3474334208294749,0.6622260533273207
residual_v2,44,three_hole_asymmetric,197,private-source://routeA_experiments/data/final_ood_frozen_v1/three_hole_asymmetric/sample_0197.npz,aa854427cd50f074116bdad2e4371e42c0402350e5d180482ef4c364d2ad2cf8,0.004853313788771629,0.07019431467821648,0.7173372241154304,0.7590778470039368,0.37310244888067245,0.557490626722574
residual_v2,44,three_hole_asymmetric,198,private-source://routeA_experiments/data/final_ood_frozen_v1/three_hole_asymmetric/sample_0198.npz,f829be15d56c832505226b17681dbe66656bc2100714eb438d609a588f6574fe,0.004810028709471226,0.06092738075666843,0.6743733984987198,0.729252427816391,0.3310632072389126,0.6346245333552357
residual_v2,44,three_hole_asymmetric,199,private-source://routeA_experiments/data/final_ood_frozen_v1/three_hole_asymmetric/sample_0199.npz,52333eb8bbb0f95e069bd2d38db9cab28b55c6f86387da7cd28a27818fe1041a,0.004885141737759113,0.06270607090618184,0.7638572863393834,0.8397688269615173,0.2722431384027004,0.6875382661819457
