model,training_seed,shape,sample_id,sample_file,sample_sha256,inference_seconds,mae,relative_l2,max_abs_error,p95_abs_error,p99_abs_error
fine_control,44,polygonal_holes,0,private-source://routeA_experiments/data/prospective_ood_rd_hddm_alpha001_v2/polygonal_holes/sample_0000.npz,2813ec3127ac6b2d6e5ea2bdec57dc3842288d486f16a3ac630d975e79544104,0.002983575686812401,0.08363993841998753,1.1258456075379326,0.807930588722229,0.434702683915384,0.6308221869170666
fine_control,44,polygonal_holes,1,private-source://routeA_experiments/data/prospective_ood_rd_hddm_alpha001_v2/polygonal_holes/sample_0001.npz,9d77838f7901837e5e6668df3993510bb8ecebaae9c24dafd7c33dd27713ca91,0.002856356091797352,0.07352644095033674,0.6427210181481096,0.5395572781562805,0.3750788852572441,0.453494349271059
fine_control,44,polygonal_holes,2,private-source://routeA_experiments/data/prospective_ood_rd_hddm_alpha001_v2/polygonal_holes/sample_0002.npz,64d684a0c62d3af4e0e79525c5a8144d60264714c3b90c3683941cb3669199db,0.0030958326533436775,0.08712025555167341,0.9543104909169913,0.8986791744828224,0.4628043741919099,0.6902970127761364
fine_control,44,polygonal_holes,3,private-source://routeA_experiments/data/prospective_ood_rd_hddm_alpha001_v2/polygonal_holes/sample_0003.npz,cee6732562ef0f85cfd1d4207fb826b90bc31335f8fdf22bc7991a2b2d3e3818,0.0028877630829811096,0.06325012038358359,0.5775160713299927,0.7081163227558136,0.3521594792604446,0.4713231846690178
fine_control,44,polygonal_holes,4,private-source://routeA_experiments/data/prospective_ood_rd_hddm_alpha001_v2/polygonal_holes/sample_0004.npz,f922f8aa230eb7f988651778a187a8f75ff947a239987aa900cd3c050a887ec0,0.0029543014243245125,0.07381739334253616,0.7822165667942004,0.7123388200998306,0.4061484606936573,0.5406803237646817
fine_control,44,polygonal_holes,5,private-source://routeA_experiments/data/prospective_ood_rd_hddm_alpha001_v2/polygonal_holes/sample_0005.npz,7aa5ae995dda3a749c78e6b8b3aff037f07301dbda012f49af7c1983a95fd554,0.0030472446233034134,0.09860786552512958,1.59298842278684,0.9359253104776144,0.5213022351497782,0.734239802621305
fine_control,44,polygonal_holes,6,private-source://routeA_experiments/data/prospective_ood_rd_hddm_alpha001_v2/polygonal_holes/sample_0006.npz,a2ab3adff33e2b825261f9f156651d6d226b45d7900ef8697f84935c734df80a,0.0029096705839037895,0.07503078962474648,0.712933696918577,0.6563018709421158,0.3882027953863143,0.46704323500394823
fine_control,44,polygonal_holes,7,private-source://routeA_experiments/data/prospective_ood_rd_hddm_alpha001_v2/polygonal_holes/sample_0007.npz,b504795f95e5481635b933ab900699fe66f38076ab5132e6b57a48c641abbf2b,0.0029389243572950363,0.07651982297259405,0.8994408492392822,0.69999098777771,0.4133493050932884,0.5248027422279119
fine_control,44,polygonal_holes,8,private-source://routeA_experiments/data/prospective_ood_rd_hddm_alpha001_v2/polygonal_holes/sample_0008.npz,b93c334e8e48c8fd6d52b05cd3ff40f15d4f5cc62702a435f3e0247d6b59a334,0.002892390824854374,0.044873557121404194,0.4230706328489619,0.5992573797702789,0.2164966683834791,0.30543485522270203
fine_control,44,polygonal_holes,9,private-source://routeA_experiments/data/prospective_ood_rd_hddm_alpha001_v2/polygonal_holes/sample_0009.npz,f2ef70e3326ae2f2447ff2754173f923c307e7972ebbe15dd38aabeb5f047c49,0.0030025532469153404,0.0818162423319585,0.8165257073413155,0.8210677802562714,0.4200249083340168,0.5800954419374466
fine_control,44,polygonal_holes,10,private-source://routeA_experiments/data/prospective_ood_rd_hddm_alpha001_v2/polygonal_holes/sample_0010.npz,0078bb96d0f452027931ba3a5cabdd927aa298f7c3cb3cc2d89e7cb23acaf539,0.003328859806060791,0.07361946836461328,0.7008829631514463,0.7977429032325745,0.4014814004302025,0.5215736828744411
fine_control,44,polygonal_holes,11,private-source://routeA_experiments/data/prospective_ood_rd_hddm_alpha001_v2/polygonal_holes/sample_0011.npz,9ee5588e761180b233891dd5a6f16fa8ca4f4c5906cdb841e4c8020cee441584,0.0029012057930231094,0.059983025572527264,0.48871948758245887,0.5188325196504593,0.2920057095587253,0.39541990190744397
fine_control,44,polygonal_holes,12,private-source://routeA_experiments/data/prospective_ood_rd_hddm_alpha001_v2/polygonal_holes/sample_0012.npz,9cdd74ea7cb7425efc2f3f4d80c0363bd50ea50709fe03b3d060f71ff605dd84,0.0029016947373747826,0.08129760222061248,0.8643773297521608,0.8516276180744171,0.4488422956317661,0.6612221291661262
fine_control,44,polygonal_holes,13,private-source://routeA_experiments/data/prospective_ood_rd_hddm_alpha001_v2/polygonal_holes/sample_0013.npz,7ee1a4ed3ed8a784612d742e8ed75f38441bf2f5701f264e582c39a5158ad1ce,0.0030069956555962563,0.08082326341854001,0.832723782718523,0.8501417189836502,0.4155403539538383,0.516850069463253
fine_control,44,polygonal_holes,14,private-source://routeA_experiments/data/prospective_ood_rd_hddm_alpha001_v2/polygonal_holes/sample_0014.npz,d1818732f452567ad0ecd2f58c757bb8290572b117528bb1e5aaefa970313cc6,0.0028930623084306717,0.08885922927907573,0.845758515299353,0.8903467953205109,0.4442217633128166,0.6588226038217545
fine_control,44,polygonal_holes,15,private-source://routeA_experiments/data/prospective_ood_rd_hddm_alpha001_v2/polygonal_holes/sample_0015.npz,445b87e8c24a47bfb4d118389ef483a360b0d5074dc815ae35513aab4a27864d,0.0029668956995010376,0.08985984800219335,0.9340169136391909,0.7897398397326469,0.4676508964970707,0.6026458823680877
fine_control,44,polygonal_holes,16,private-source://routeA_experiments/data/prospective_ood_rd_hddm_alpha001_v2/polygonal_holes/sample_0016.npz,1a99ec371d63848f62228b959ed0924574356c0cccfdd1260268c8dfa0c9cdb0,0.0029368484392762184,0.10810246106456337,1.8752719873502648,0.9280983665958047,0.5649500814732163,0.7270474790968001
fine_control,44,polygonal_holes,17,private-source://routeA_experiments/data/prospective_ood_rd_hddm_alpha001_v2/polygonal_holes/sample_0017.npz,0cdbf63c17b90ff3b3512ee0966f5d174bfb3232348a9e49b05f2d9ee4d89a26,0.002941344864666462,0.06155370274576828,0.6127888654857578,0.528879314661026,0.3511625073850155,0.45609715931117534
fine_control,44,polygonal_holes,18,private-source://routeA_experiments/data/prospective_ood_rd_hddm_alpha001_v2/polygonal_holes/sample_0018.npz,47317c8f9d3ed8f1a54c8b96ba91af510560b8aa7f805ade7143c1d16ca55e66,0.00300400797277689,0.06534095707204314,0.5799933340406804,0.6109782755374908,0.3361224560067057,0.4531251034140587
fine_control,44,polygonal_holes,19,private-source://routeA_experiments/data/prospective_ood_rd_hddm_alpha001_v2/polygonal_holes/sample_0019.npz,14a537fef9ee78090f18c68c7c2bb65ef6d197ce349231291c03aa4206e7dbef,0.0028801709413528442,0.08661689719348273,0.9573831901648248,0.9013525545597076,0.4527002442628144,0.6483189269900321
fine_control,44,polygonal_holes,20,private-source://routeA_experiments/data/prospective_ood_rd_hddm_alpha001_v2/polygonal_holes/sample_0020.npz,7c814a3de56a037a81fd975f53b5567efeb9d9662b615203546bc0899290fd90,0.0028949379920959473,0.06430903506070712,0.5682051973118778,0.5013674944639206,0.34366781003773206,0.434638582020998
fine_control,44,polygonal_holes,21,private-source://routeA_experiments/data/prospective_ood_rd_hddm_alpha001_v2/polygonal_holes/sample_0021.npz,8ce53160fe69d5b6413cde92d321f24dc4d1d44cc5f0f2a3eca07d60a4da1104,0.0030576493591070175,0.0809795140150431,0.8402937580172447,0.7772277742624283,0.41554797645658237,0.5752504815161228
fine_control,44,polygonal_holes,22,private-source://routeA_experiments/data/prospective_ood_rd_hddm_alpha001_v2/polygonal_holes/sample_0022.npz,ebe02bed5b22de6ec65b6c54aaa34f7a9e9daf45fb56c3455386ee7beeca83bd,0.002963028848171234,0.09111552261252875,1.0472706165467638,0.855541929602623,0.48258959706872695,0.7079533495008945
fine_control,44,polygonal_holes,23,private-source://routeA_experiments/data/prospective_ood_rd_hddm_alpha001_v2/polygonal_holes/sample_0023.npz,d6cabc05bb35909896ec365f876db62334e617b13b08c9e40694e2791b0db121,0.002940673381090164,0.04710011868729352,0.4290935255345759,0.5222684144973755,0.22863258384168145,0.3030983766913413
fine_control,44,polygonal_holes,24,private-source://routeA_experiments/data/prospective_ood_rd_hddm_alpha001_v2/polygonal_holes/sample_0024.npz,cc607c6b4a44a20de7c0d072b11d3585668469f46fe26a9e5a4601a8839b18e3,0.003043878823518753,0.08521751510849501,1.0287437553714902,0.7958722859621048,0.4485236117616296,0.6144967523217201
fine_control,44,polygonal_holes,25,private-source://routeA_experiments/data/prospective_ood_rd_hddm_alpha001_v2/polygonal_holes/sample_0025.npz,6624bf5fe6d196079fb76fb31c85860e096a142c03b130cd1e70002ae755b942,0.002959171310067177,0.07706771907939843,0.7717905015054992,0.7390278875827789,0.40609968304634075,0.5514685598388314
fine_control,44,polygonal_holes,26,private-source://routeA_experiments/data/prospective_ood_rd_hddm_alpha001_v2/polygonal_holes/sample_0026.npz,c98d8e8d3d0a88d1da87415faeb5bf9178e88e1f30adc9ecf7cd6cf0dbd9277f,0.0029884763062000275,0.08556447227065926,0.827704599211947,0.8189039975404739,0.43875964656472194,0.6742504532635212
fine_control,44,polygonal_holes,27,private-source://routeA_experiments/data/prospective_ood_rd_hddm_alpha001_v2/polygonal_holes/sample_0027.npz,a8830b8166a10f61db4814b54f56ca4808e3c93da85d47b565e4eddec6598b7d,0.0028318725526332855,0.06029640101300073,0.5632996898305174,0.5985148251056671,0.3294126011431217,0.41644905246794217
fine_control,44,polygonal_holes,28,private-source://routeA_experiments/data/prospective_ood_rd_hddm_alpha001_v2/polygonal_holes/sample_0028.npz,7a7df2263baaa71cbccf62f82307a4ec9364e586142fc46aecffcb33cae7cae8,0.002943337894976139,0.0602441088753148,0.6207073353480841,0.6291799545288086,0.314629166945815,0.45580166153609747
fine_control,44,polygonal_holes,29,private-source://routeA_experiments/data/prospective_ood_rd_hddm_alpha001_v2/polygonal_holes/sample_0029.npz,1792cfc778015639447d8549da9e8e6ae065b2de6e8a35808550ab1f2eaa6d12,0.0029634516686201096,0.06308419059986489,0.6891914446970345,0.7894328534603119,0.3323405826464295,0.4623772585391998
fine_control,44,polygonal_holes,30,private-source://routeA_experiments/data/prospective_ood_rd_hddm_alpha001_v2/polygonal_holes/sample_0030.npz,0361f263ac7c96ee87583959a04a88d5d85ed0d0bf6e7d378681151774f385f2,0.002961833029985428,0.06300245315874513,0.5970465146288714,0.6808213293552399,0.32947263456881043,0.44478043422102925
fine_control,44,polygonal_holes,31,private-source://routeA_experiments/data/prospective_ood_rd_hddm_alpha001_v2/polygonal_holes/sample_0031.npz,05f616ed447a9ab8e71b77b9398fe7f5bdca3822ed0cb7c0b89a4802fff7e34a,0.002820179797708988,0.08777289852992229,0.878802764764716,0.7800377756357193,0.47520556095987543,0.6439454997330903
fine_control,44,polygonal_holes,32,private-source://routeA_experiments/data/prospective_ood_rd_hddm_alpha001_v2/polygonal_holes/sample_0032.npz,b84ee66df3e51a313acfa70a8d8f17e55d0f28293bfc848be6da74369c6efe7e,0.0028990525752305984,0.06500363562481956,0.5911230177069154,0.5640311241149902,0.3540441535413265,0.471899354159832
fine_control,44,polygonal_holes,33,private-source://routeA_experiments/data/prospective_ood_rd_hddm_alpha001_v2/polygonal_holes/sample_0033.npz,daa13b8f28a70003a1c8a3b22cc6fb6ba7cd514feb1f0dde8861d77cced138db,0.003075316548347473,0.08166277667624029,0.870566595585445,0.8879288882017136,0.43714271700009705,0.5567566584795713
fine_control,44,polygonal_holes,34,private-source://routeA_experiments/data/prospective_ood_rd_hddm_alpha001_v2/polygonal_holes/sample_0034.npz,f1007728ae6fc8cc7b887f70cb682b003162557fe09bc505313c9852da9b0395,0.002980993129312992,0.0777866749617408,0.8489179809383235,0.786051407456398,0.4113817456178367,0.5267804962396622
fine_control,44,polygonal_holes,35,private-source://routeA_experiments/data/prospective_ood_rd_hddm_alpha001_v2/polygonal_holes/sample_0035.npz,74480bc8be2b0c3f792eeafe7931aa43f6eabf7fab66f1f8889ff83f9343aacf,0.003431723453104496,0.07188514362066953,0.6480202047488579,0.5218637585639954,0.38291720263659934,0.4536225220561027
fine_control,44,polygonal_holes,36,private-source://routeA_experiments/data/prospective_ood_rd_hddm_alpha001_v2/polygonal_holes/sample_0036.npz,d380cc325dc38fac34101ad898621f7a706e5ef3145fb50b48cd8a3550e915f6,0.0030032070353627205,0.07868615726505544,0.7073242918933428,0.594669908285141,0.43543496131896975,0.5028407962620258
fine_control,44,polygonal_holes,37,private-source://routeA_experiments/data/prospective_ood_rd_hddm_alpha001_v2/polygonal_holes/sample_0037.npz,562b92269c11eb7a4d6d2b96c70e8334d3b1e90f788bd3d9e801d09a075eee3a,0.002877473831176758,0.10466984825613435,1.6965166676605132,0.8906899848952889,0.5233746650861576,0.7180584175139666
fine_control,44,polygonal_holes,38,private-source://routeA_experiments/data/prospective_ood_rd_hddm_alpha001_v2/polygonal_holes/sample_0038.npz,ad000ee37c0e1a9ba734e4dd9459946f4b3df5f603b980b12d442bca1f8ed9f9,0.002841150388121605,0.07807125207568169,0.7654890967004337,0.7091351449489594,0.4167585453949868,0.5382445535063743
fine_control,44,polygonal_holes,39,private-source://routeA_experiments/data/prospective_ood_rd_hddm_alpha001_v2/polygonal_holes/sample_0039.npz,522d3ecbc2d9edc149dc3f03b6cf36d68fca66badfbb0f6dd3482d5e5f254b68,0.0030259061604738235,0.07461756057926423,0.6891354743935862,0.6903270930051804,0.3948838733136653,0.5625630690157414
fine_control,44,polygonal_holes,40,private-source://routeA_experiments/data/prospective_ood_rd_hddm_alpha001_v2/polygonal_holes/sample_0040.npz,254ab846e9a8b91265cad089e47a668ba206ceeb02e23540aaf1b8dded5c5277,0.0032569197937846184,0.07680626496702164,0.8612467334131605,0.7146876454353333,0.4129449531435965,0.5262418296560645
fine_control,44,polygonal_holes,41,private-source://routeA_experiments/data/prospective_ood_rd_hddm_alpha001_v2/polygonal_holes/sample_0041.npz,8c7f049970c19d0bf9df6a56540e33a405e9b6f637a802fc3a679bd78cbd2f7b,0.0031108343973755836,0.07685865550984093,0.7775799151975848,0.6661109626293182,0.4183130785822866,0.5386232867836952
fine_control,44,polygonal_holes,42,private-source://routeA_experiments/data/prospective_ood_rd_hddm_alpha001_v2/polygonal_holes/sample_0042.npz,6d8ce4ad2a0fbe386141c305df0df82390863da91466b3772de47905aac327ac,0.003224811516702175,0.10050577418779275,1.0623292547750915,0.8644535392522812,0.5509048810228705,0.6985536219179628
fine_control,44,polygonal_holes,43,private-source://routeA_experiments/data/prospective_ood_rd_hddm_alpha001_v2/polygonal_holes/sample_0043.npz,cce44f1d73fbe7f76182aa7fd07a69f90b93524ef2f5d7c4c6a1bb4566cb8ff9,0.003413940779864788,0.10298736231686234,1.2244855015326128,0.8547424525022507,0.5477004347369074,0.7290151751041413
fine_control,44,polygonal_holes,44,private-source://routeA_experiments/data/prospective_ood_rd_hddm_alpha001_v2/polygonal_holes/sample_0044.npz,ae4b89782186c636597bbf28ff74a3d03e0c2dbac42260653f9d140ab9229119,0.0032206960022449493,0.05080899313366192,0.4140689952924771,0.4229115843772888,0.24636883363127707,0.3252658954262733
fine_control,44,polygonal_holes,45,private-source://routeA_experiments/data/prospective_ood_rd_hddm_alpha001_v2/polygonal_holes/sample_0045.npz,1777cf5189ac8f43461ae20e5ef1f4c739e91a493823c36ad21eedc9d1d3abf4,0.0032633990049362183,0.06777194926801308,0.7248442054026236,0.6959713399410248,0.3708028767257928,0.485434942394495
fine_control,44,polygonal_holes,46,private-source://routeA_experiments/data/prospective_ood_rd_hddm_alpha001_v2/polygonal_holes/sample_0046.npz,cc55794e1940c234f9da149d83ee01ead8d8277520e38b89220b19e02e70f238,0.003482963889837265,0.10787138654824734,1.842419618876387,0.9828068418428302,0.567384176258929,0.7754605980589986
fine_control,44,polygonal_holes,47,private-source://routeA_experiments/data/prospective_ood_rd_hddm_alpha001_v2/polygonal_holes/sample_0047.npz,7f42f867baf3b1c126f27ae2157ef3dd2a34a07d8d1a1f5aead8d062722664f9,0.0035226019099354744,0.07494899397938909,0.7551016316067607,0.8256122097373009,0.3994331186637282,0.5495463501662016
fine_control,44,polygonal_holes,48,private-source://routeA_experiments/data/prospective_ood_rd_hddm_alpha001_v2/polygonal_holes/sample_0048.npz,6e05df606b756d9cfd5f6305cc0eac033208a8444ad64ad8e48815757862935e,0.0033848294988274574,0.09499233910850513,1.2307906810016773,0.9690949842333794,0.48650792390108083,0.727358153015375
fine_control,44,polygonal_holes,49,private-source://routeA_experiments/data/prospective_ood_rd_hddm_alpha001_v2/polygonal_holes/sample_0049.npz,8e60acf35c436ea7681e8f6ecb99e7889c6309505da38ab1a1de5fdd50c8d25a,0.0034523187205195427,0.07220121038673341,0.710836028152244,0.5331428647041321,0.3528242394328117,0.4852569183707237
fine_control,44,polygonal_holes,50,private-source://routeA_experiments/data/prospective_ood_rd_hddm_alpha001_v2/polygonal_holes/sample_0050.npz,67ff652aacb37c18501691c8d65846f7fd6786aa6ab39d47d601c53560a81ffb,0.0032297438010573387,0.06814140391737257,0.6202510846040201,0.5219009816646576,0.3469892747700214,0.41850189283490175
fine_control,44,polygonal_holes,51,private-source://routeA_experiments/data/prospective_ood_rd_hddm_alpha001_v2/polygonal_holes/sample_0051.npz,d178ebe9f5d54994c88f44993765bce335075010cff7e29e1ff0070188cd3350,0.003306944854557514,0.11362039212604887,1.8331771722012449,0.9638953085523099,0.5701862141781018,0.8145217024866724
fine_control,44,polygonal_holes,52,private-source://routeA_experiments/data/prospective_ood_rd_hddm_alpha001_v2/polygonal_holes/sample_0052.npz,a3a862fcadf321c577317885abc8e5b33930f4e0f1c7fe81f71f61e570dec552,0.003224669024348259,0.09527685771279341,1.178532088040835,0.8796929270029068,0.4851808953098952,0.6340708386898041
fine_control,44,polygonal_holes,53,private-source://routeA_experiments/data/prospective_ood_rd_hddm_alpha001_v2/polygonal_holes/sample_0053.npz,ab5fddb822d6b9316b54ab76c4527ea073e575a3e421c7d3825dddaa22fc27e5,0.0032681040465831757,0.09930755800519327,1.2741828891696285,0.8732709139585495,0.5234116107225417,0.6836117230728269
fine_control,44,polygonal_holes,54,private-source://routeA_experiments/data/prospective_ood_rd_hddm_alpha001_v2/polygonal_holes/sample_0054.npz,a1022a21b18e6e40b38eb55a0b8587d544f733833a4d7f12d4de108015563cc3,0.0032414738088846207,0.04864049250360381,0.42525647309641496,0.44982779026031494,0.2667184008285403,0.37418104529380797
fine_control,44,polygonal_holes,55,private-source://routeA_experiments/data/prospective_ood_rd_hddm_alpha001_v2/polygonal_holes/sample_0055.npz,4365d7d047747c0c5587594149f7905cf8d0fbc2fc11cdade3a1001f8d10a489,0.0032645519822835922,0.08882094881092473,1.0234755102510082,0.749155230820179,0.454368268046528,0.6336426814645528
fine_control,44,polygonal_holes,56,private-source://routeA_experiments/data/prospective_ood_rd_hddm_alpha001_v2/polygonal_holes/sample_0056.npz,c64e194ceeb73588bea71d967fed493a69e7f31422958700a5a894c51dad8af4,0.003363402560353279,0.08395787551827451,0.9172327628430267,0.8649545237421989,0.43955878280103194,0.6170232446119189
fine_control,44,polygonal_holes,57,private-source://routeA_experiments/data/prospective_ood_rd_hddm_alpha001_v2/polygonal_holes/sample_0057.npz,b7ec701204ebf0f91ed0f653ab9750798681ad55c0be7bccc78661334dd8a05a,0.0033489754423499107,0.10200122758307247,1.5149016082220583,0.9282016307115555,0.5148285042028872,0.759597731642425
fine_control,44,polygonal_holes,58,private-source://routeA_experiments/data/prospective_ood_rd_hddm_alpha001_v2/polygonal_holes/sample_0058.npz,d7d338d7ed7396d7013682fdeda699683e01e2e0a6b355ea8245cd50209f5837,0.0033521484583616257,0.06145031959090779,0.6226158508371331,0.6365390121936798,0.31922656819224354,0.519758248478174
fine_control,44,polygonal_holes,59,private-source://routeA_experiments/data/prospective_ood_rd_hddm_alpha001_v2/polygonal_holes/sample_0059.npz,520dc2e58678e87e5e0b109e52f119bf6f1955d7aa102dba7f2e2aa5f6870b26,0.0032299505546689034,0.0675861123567832,0.7810599464767017,0.7629914581775665,0.36704669836908577,0.4656429676711559
fine_control,44,polygonal_holes,60,private-source://routeA_experiments/data/prospective_ood_rd_hddm_alpha001_v2/polygonal_holes/sample_0060.npz,65f37cdde81f35866d4ad5d443aea651ab7719a2aeaeacecb6c6f004e4a9a519,0.0033593643456697464,0.0934666050829661,1.073919274028609,0.8185497969388962,0.48563149645924564,0.6681669010967015
fine_control,44,polygonal_holes,61,private-source://routeA_experiments/data/prospective_ood_rd_hddm_alpha001_v2/polygonal_holes/sample_0061.npz,7743695b88cdc254e55b4fad952747f08a99a59b47940f19b05996b3aacfdd4f,0.00324428454041481,0.09897877195567345,1.1298919530840887,0.9505443051457405,0.5293318270239978,0.7731359726190566
fine_control,44,polygonal_holes,62,private-source://routeA_experiments/data/prospective_ood_rd_hddm_alpha001_v2/polygonal_holes/sample_0062.npz,277f1102a42eb919881a684fdf02f8fe32f35c413c403026302cd12d4097853a,0.00337399635463953,0.09055685109848179,0.8214528861168592,0.7099687159061432,0.4528896920382976,0.5605697607994079
fine_control,44,polygonal_holes,63,private-source://routeA_experiments/data/prospective_ood_rd_hddm_alpha001_v2/polygonal_holes/sample_0063.npz,6d764776066ab82c5cc65c85d8e8609d9930055835d54417aa78c6b4a6b03531,0.0034048808738589287,0.09041961440771186,1.1223963211801178,0.9391314908862114,0.49905823003500666,0.7683699826151132
fine_control,44,polygonal_holes,64,private-source://routeA_experiments/data/prospective_ood_rd_hddm_alpha001_v2/polygonal_holes/sample_0064.npz,faf90b633e638b9635077cf9b6ad138791b71dcf9f9c87c2643fdaa9321e9469,0.0033906223252415657,0.047076681377440775,0.4356788315713275,0.4536114037036896,0.2217541620135307,0.32010794714093205
fine_control,44,polygonal_holes,65,private-source://routeA_experiments/data/prospective_ood_rd_hddm_alpha001_v2/polygonal_holes/sample_0065.npz,5a1f909a1a33de701ff5e43850c8a0f624f0fe67bb2628856e8b2ff716aa4d8f,0.0034466590732336044,0.07827714315208949,0.8002548140934018,0.801096647977829,0.39901255369186395,0.6224197351932526
fine_control,44,polygonal_holes,66,private-source://routeA_experiments/data/prospective_ood_rd_hddm_alpha001_v2/polygonal_holes/sample_0066.npz,231255ce916639b7963636d7ecd7e8496e2daf50b0681c71f8c26d117d19a6a3,0.0034117260947823524,0.0738474369810102,0.7564718852919409,0.7626677453517914,0.412810709979385,0.6148863738030195
fine_control,44,polygonal_holes,67,private-source://routeA_experiments/data/prospective_ood_rd_hddm_alpha001_v2/polygonal_holes/sample_0067.npz,2ea120f390b13387af7e81bbf689609188cf789c089380be9954a01ab04383ce,0.0032781949266791344,0.08412908137934008,1.1047376353493497,0.8903870433568954,0.4583648113533854,0.5983752635680138
fine_control,44,polygonal_holes,68,private-source://routeA_experiments/data/prospective_ood_rd_hddm_alpha001_v2/polygonal_holes/sample_0068.npz,99dcf586e3c772fa34c409836b87dba473578ad4267323fe4c1021c49bea2156,0.0032202517613768578,0.07640623328828193,0.7119108656001322,0.5266880393028259,0.3828836474567652,0.488693136870861
fine_control,44,polygonal_holes,69,private-source://routeA_experiments/data/prospective_ood_rd_hddm_alpha001_v2/polygonal_holes/sample_0069.npz,371011e0087841ce62fd475615c1487b9008b14cc2c8239b698c21a3f404f4ae,0.0033973176032304764,0.07942241927222957,0.6689796887899921,0.7057004272937775,0.42641021758317943,0.512287941724062
fine_control,44,polygonal_holes,70,private-source://routeA_experiments/data/prospective_ood_rd_hddm_alpha001_v2/polygonal_holes/sample_0070.npz,76a38f00a38c09a4a5e0ce282801ee31b62717ad9405afde4dfaded58ac68adf,0.003230142407119274,0.07817774271947252,0.8252896975223651,0.7690590620040894,0.4300601023249328,0.5365464629977942
fine_control,44,polygonal_holes,71,private-source://routeA_experiments/data/prospective_ood_rd_hddm_alpha001_v2/polygonal_holes/sample_0071.npz,725f819b9cff979f22d3fb2826bbeb093e79eac51bc6aeeece1bf9cca9411e3c,0.002788310870528221,0.07619194393004888,0.7018127036400595,0.6320016980171204,0.4258899472653866,0.5187222394347191
fine_control,44,polygonal_holes,72,private-source://routeA_experiments/data/prospective_ood_rd_hddm_alpha001_v2/polygonal_holes/sample_0072.npz,29b11ddc75faadb72de6975449a2b31a3d5383776b7675881284f27b7dca3cab,0.002774583175778389,0.0718255377999382,0.6802678005356916,0.8128361254930496,0.3812692105770111,0.5441536189615725
fine_control,44,polygonal_holes,73,private-source://routeA_experiments/data/prospective_ood_rd_hddm_alpha001_v2/polygonal_holes/sample_0073.npz,1ab85a6c8ae26e0fbf4793862ad906cb7254045320b5796aeaa896f42f2bacd4,0.0027735810726881027,0.08902848059715021,0.8568818531101569,0.7325867414474487,0.47535602059215304,0.5920331178605557
fine_control,44,polygonal_holes,74,private-source://routeA_experiments/data/prospective_ood_rd_hddm_alpha001_v2/polygonal_holes/sample_0074.npz,bacd1d3e820fbf01f8d4acce5297dc3b9f8dc25652253988c73470e23a9f8ac1,0.002899831160902977,0.0787396519046797,0.9523735856093041,0.830750361084938,0.4218339504674077,0.6364908422157166
fine_control,44,polygonal_holes,75,private-source://routeA_experiments/data/prospective_ood_rd_hddm_alpha001_v2/polygonal_holes/sample_0075.npz,3287c7e51fa026555fd19d375af6e3d4cc8cc42fa1205cc3bfc8cd6cf1579cd3,0.002755478024482727,0.0588464646454506,0.5472889210551459,0.48644304275512695,0.29684426262974734,0.38149539947509764
fine_control,44,polygonal_holes,76,private-source://routeA_experiments/data/prospective_ood_rd_hddm_alpha001_v2/polygonal_holes/sample_0076.npz,574f2300d179a3831f3582318cd7b95acfd3405093d6a47af47ad93d2178f2e1,0.0033480599522590637,0.10512148635934998,1.6511008775219165,0.8352550305426121,0.5284228753531351,0.7188237237837165
fine_control,44,polygonal_holes,77,private-source://routeA_experiments/data/prospective_ood_rd_hddm_alpha001_v2/polygonal_holes/sample_0077.npz,4376fb3c5dd37b190c566754832a3e3ba85331c8e3e4f837d406cdef3bfffa17,0.002733933739364147,0.09719499257370545,1.0494646146623845,0.9419365972280502,0.5073181442916394,0.7329681622982024
fine_control,44,polygonal_holes,78,private-source://routeA_experiments/data/prospective_ood_rd_hddm_alpha001_v2/polygonal_holes/sample_0078.npz,ae2f838a41311b1cab760c47b71bb43be39b91fa594b946c3571522b2c1a813d,0.002901311032474041,0.0751659300719838,0.7030018660901619,0.7086007744073868,0.3906621711328625,0.5641783967614173
fine_control,44,polygonal_holes,79,private-source://routeA_experiments/data/prospective_ood_rd_hddm_alpha001_v2/polygonal_holes/sample_0079.npz,adbb28bf9488acd23de73cd9711ec3b2e05ffc6733eb9f5e5d052cf61e664a70,0.0027468744665384293,0.0906769804173526,1.212626332516197,0.9597770124673843,0.4906755721196532,0.7274584303796291
fine_control,44,polygonal_holes,80,private-source://routeA_experiments/data/prospective_ood_rd_hddm_alpha001_v2/polygonal_holes/sample_0080.npz,4a47f541a2cd868c83938f15092e28469ad5819a5b3e93180979feb578a2ce05,0.0029653552919626236,0.07178471101763863,0.7134586927807376,0.7698121964931488,0.38504492482170455,0.5755077005922793
fine_control,44,polygonal_holes,81,private-source://routeA_experiments/data/prospective_ood_rd_hddm_alpha001_v2/polygonal_holes/sample_0081.npz,4d25b3696b4e9ae0a17a8594fbd72f84735c32ee8f1f0b28d6a67a85a3343360,0.0029052933678030968,0.09308507395793712,1.2117273405568048,0.8506523855030537,0.517597622051835,0.7287555035576223
fine_control,44,polygonal_holes,82,private-source://routeA_experiments/data/prospective_ood_rd_hddm_alpha001_v2/polygonal_holes/sample_0082.npz,a6c4e742890618c770a2aba2764df55ef3584d9cf57866efbbc096b98dec6a48,0.002896709367632866,0.0746534298431306,0.7075272212280225,0.6330421268939972,0.4007169242948293,0.5128200385719537
fine_control,44,polygonal_holes,83,private-source://routeA_experiments/data/prospective_ood_rd_hddm_alpha001_v2/polygonal_holes/sample_0083.npz,b8eeb414ab12e5fe35f84aa19979bdbca0f1a1f75eeb25da9aad6a52d8cbeb30,0.002960403449833393,0.09133604554261439,0.8364760046669937,0.9101085662841797,0.464473308622837,0.6807914745807647
fine_control,44,polygonal_holes,84,private-source://routeA_experiments/data/prospective_ood_rd_hddm_alpha001_v2/polygonal_holes/sample_0084.npz,67deca7af2005178ad0c93d16ab381b5a3df2ac09b8b5738e4fc2773a2546f62,0.002836809493601322,0.06733866292249534,0.5894326680062767,0.5234146118164062,0.3381687611341476,0.4575103199481964
fine_control,44,polygonal_holes,85,private-source://routeA_experiments/data/prospective_ood_rd_hddm_alpha001_v2/polygonal_holes/sample_0085.npz,ddb7b814e040d8c047a4649f33bf151654d032650e5a173001aca20b14905ab3,0.0027534887194633484,0.09276093046037773,1.5986521304939667,1.0525938272476196,0.4701011903584003,0.7081831415370107
fine_control,44,polygonal_holes,86,private-source://routeA_experiments/data/prospective_ood_rd_hddm_alpha001_v2/polygonal_holes/sample_0086.npz,d6433754926d38ddb5772e7cb405f78b5aec43e5ca3eade0ba8b62b103a7dc27,0.0028151068836450577,0.08860183039488953,1.0358283927734406,0.862294215708971,0.42979911286383865,0.6856573165953158
fine_control,44,polygonal_holes,87,private-source://routeA_experiments/data/prospective_ood_rd_hddm_alpha001_v2/polygonal_holes/sample_0087.npz,8d3eec568a4d74c6a51e6da3cc28ade1037e57e722994fd947f5a01f53d41edf,0.002895924262702465,0.1052781256155907,1.8111674081254603,0.8598966365680099,0.5450467950315212,0.719278098216746
fine_control,44,polygonal_holes,88,private-source://routeA_experiments/data/prospective_ood_rd_hddm_alpha001_v2/polygonal_holes/sample_0088.npz,af9662e794a12464829c6fac98a3cb18e6e3e6857c1576994cbe01eedf1f246c,0.002867830917239189,0.0923846012679428,1.2013025594698676,0.8511560261249542,0.4878767497371882,0.6638770928233861
fine_control,44,polygonal_holes,89,private-source://routeA_experiments/data/prospective_ood_rd_hddm_alpha001_v2/polygonal_holes/sample_0089.npz,c5a95474e5636d974aeee3dcde6837bf3c6a3704353407477c81f4240bbdc388,0.0029447125270962715,0.1095378712788636,1.556974842792648,0.9461020627059042,0.567816519876942,0.7884892603848129
fine_control,44,polygonal_holes,90,private-source://routeA_experiments/data/prospective_ood_rd_hddm_alpha001_v2/polygonal_holes/sample_0090.npz,69177a4934a4e7ec9786358ba08b301291e30633bfc8079703a3ad634dbe6555,0.0027604885399341583,0.05640915922809237,0.5500488858657873,0.5719548165798187,0.2637935988605022,0.4097196406126022
fine_control,44,polygonal_holes,91,private-source://routeA_experiments/data/prospective_ood_rd_hddm_alpha001_v2/polygonal_holes/sample_0091.npz,017495cf13436ccb34417f1d078194fbbb1bb9e889c2a05714fdfef6208a7922,0.0028615351766347885,0.09804897990907023,1.820642894134388,0.9350213748402894,0.5148052084259689,0.7310659280885009
fine_control,44,polygonal_holes,92,private-source://routeA_experiments/data/prospective_ood_rd_hddm_alpha001_v2/polygonal_holes/sample_0092.npz,6fb319a462e5729cc33034f1576388ff60d99f8ed26dcf3ed67437d1ea1bca54,0.002879825420677662,0.05500739169030769,0.46067400076545656,0.5294884741306305,0.2581357710063457,0.3868736281245947
fine_control,44,polygonal_holes,93,private-source://routeA_experiments/data/prospective_ood_rd_hddm_alpha001_v2/polygonal_holes/sample_0093.npz,52cbc18f79056f45df5b059b191b91f8510f55d9c2edcd661f81df8375d9e0d1,0.002745465375483036,0.08478191477462398,0.9589515892482533,0.7802124321460724,0.4631168439984321,0.5507346370816231
fine_control,44,polygonal_holes,94,private-source://routeA_experiments/data/prospective_ood_rd_hddm_alpha001_v2/polygonal_holes/sample_0094.npz,164da7452288a5d8a7302027741566652f575e6558c5ce9ce09db0163255c7ab,0.0028250617906451225,0.06767171021450294,0.6779958456583519,0.7084724009037018,0.3717709907330572,0.5449375814199446
fine_control,44,polygonal_holes,95,private-source://routeA_experiments/data/prospective_ood_rd_hddm_alpha001_v2/polygonal_holes/sample_0095.npz,1c76e3d378b35c6a9e36e37471d1c5bcd6e753f69e666218ce23590f33585d3e,0.002798745408654213,0.09684721495081627,1.144222442024169,0.8725429326295853,0.5272707410156726,0.7771089734137058
fine_control,44,polygonal_holes,96,private-source://routeA_experiments/data/prospective_ood_rd_hddm_alpha001_v2/polygonal_holes/sample_0096.npz,49ad587763214bcda7cccaa69cfff09cf001c7b2c7f38d85251e3f2672a35569,0.003239436075091362,0.06238877515087614,0.5745371921498768,0.6472767293453217,0.3332278341054916,0.5008303976804018
fine_control,44,polygonal_holes,97,private-source://routeA_experiments/data/prospective_ood_rd_hddm_alpha001_v2/polygonal_holes/sample_0097.npz,8390688b322ed3b47b14ae6c8deb192bc662ca519072cc4456004520d93634eb,0.0029165931046009064,0.0824957313878829,0.7422024875142125,0.8310364633798599,0.45180476307868944,0.576236916333437
fine_control,44,polygonal_holes,98,private-source://routeA_experiments/data/prospective_ood_rd_hddm_alpha001_v2/polygonal_holes/sample_0098.npz,d664b5cd66446712fa2fc0050a3eea16c06ebbf4a5f3665cb9b62018873ee112,0.0029001086950302124,0.038203822946756595,0.28935958366643816,0.4435330331325531,0.17199389934539794,0.27777773171663284
fine_control,44,polygonal_holes,99,private-source://routeA_experiments/data/prospective_ood_rd_hddm_alpha001_v2/polygonal_holes/sample_0099.npz,ffb0fcbe82635372bfaaf9dfad830078cc7e245cb5df18fc4cf3ee7d7ed08f2c,0.002892009913921356,0.06802599857863884,0.6813924171844781,0.7201089859008789,0.3959081549197435,0.5243458253145218
fine_control,44,polygonal_holes,100,private-source://routeA_experiments/data/prospective_ood_rd_hddm_alpha001_v2/polygonal_holes/sample_0100.npz,83db9e1bf734e4318e7310d414f020dde016065b78e5ec40e0bf63cbdc30cd69,0.002975964918732643,0.08468591442694762,0.914765789166545,0.9265279993414879,0.4234943386167287,0.6675690091401338
fine_control,44,polygonal_holes,101,private-source://routeA_experiments/data/prospective_ood_rd_hddm_alpha001_v2/polygonal_holes/sample_0101.npz,628d4ef4e48f4e11212826ea73354e04acbb5cf5218cf61a5f450ffe072e463a,0.002830417826771736,0.07578463547954319,0.7712866083549017,0.7469510138034821,0.41316596213728185,0.5208004802837967
fine_control,44,polygonal_holes,102,private-source://routeA_experiments/data/prospective_ood_rd_hddm_alpha001_v2/polygonal_holes/sample_0102.npz,53967bde920053230113301d67f3965fb24710c7b37e3b7e2a11053964188c70,0.0028628967702388763,0.09502566329500345,1.0514900564761027,0.8362554907798767,0.4792581014335155,0.6644712591171263
fine_control,44,polygonal_holes,103,private-source://routeA_experiments/data/prospective_ood_rd_hddm_alpha001_v2/polygonal_holes/sample_0103.npz,31c2e4b05f2f012dc480a56d1b1cc60ea8f4b239b39e292c8f0a6dac54ebd19b,0.003427383489906788,0.07841753427908593,0.9344463367071845,0.7930352166295052,0.4206859081983566,0.6347594177536666
fine_control,44,polygonal_holes,104,private-source://routeA_experiments/data/prospective_ood_rd_hddm_alpha001_v2/polygonal_holes/sample_0104.npz,9eb06fccb4a1502bf602c71b5f5036161537259059eb86654e50a1438639f459,0.0026611341163516045,0.04770630905571226,0.4071248202413085,0.5844242572784424,0.22044958174228665,0.33803842186927796
fine_control,44,polygonal_holes,105,private-source://routeA_experiments/data/prospective_ood_rd_hddm_alpha001_v2/polygonal_holes/sample_0105.npz,95cbcc94abd4de91c834c528dda2319a03fb7099f469d400f93c5b03afcbc4a8,0.003479721024632454,0.07952219954906042,0.8132561827112296,0.7530214190483093,0.4248549330979585,0.5582337509840726
fine_control,44,polygonal_holes,106,private-source://routeA_experiments/data/prospective_ood_rd_hddm_alpha001_v2/polygonal_holes/sample_0106.npz,98106d828e41a1c5eb346df2a0b0a1e1e58665b84eceba9935ef6099e5563495,0.0026588905602693558,0.10292319953450013,1.6956579585107172,0.9936754815280437,0.5179192666430026,0.6930093671381471
fine_control,44,polygonal_holes,107,private-source://routeA_experiments/data/prospective_ood_rd_hddm_alpha001_v2/polygonal_holes/sample_0107.npz,9cbd0d60ca7ebba2116f8c16d91b310978edea4d0da468204842b7a23670a89d,0.002675074152648449,0.0865008523342243,1.0268392564026807,0.8830802328884602,0.44919916074723004,0.6549242696538566
fine_control,44,polygonal_holes,108,private-source://routeA_experiments/data/prospective_ood_rd_hddm_alpha001_v2/polygonal_holes/sample_0108.npz,b9853bfdbfac230c0bfabbae3453e3f905065de73973a4e6e03d679b043f8a93,0.0026564840227365494,0.07036830675594198,0.6968064800708292,0.691924124956131,0.3373724315315485,0.43321426570415494
fine_control,44,polygonal_holes,109,private-source://routeA_experiments/data/prospective_ood_rd_hddm_alpha001_v2/polygonal_holes/sample_0109.npz,ad81e157b0fe4b56f9cb232ff544261abab7b40e2fd40998cf5365e8c2ecbf9c,0.0028985850512981415,0.10385185258055887,1.6197835700365988,0.9824866689741611,0.5359992418438195,0.7216318870335817
fine_control,44,polygonal_holes,110,private-source://routeA_experiments/data/prospective_ood_rd_hddm_alpha001_v2/polygonal_holes/sample_0110.npz,2379cde8dfcb4012259c110621bb82cac632e8758fc6470fc5fb50c0d6567705,0.0026584891602396965,0.08041492355614697,0.8855537255478002,0.8005111515522003,0.44081617072224605,0.5832552933692932
fine_control,44,polygonal_holes,111,private-source://routeA_experiments/data/prospective_ood_rd_hddm_alpha001_v2/polygonal_holes/sample_0111.npz,e77470dcfcba1f6bdb33c318c2e6cecb38ae797f62d39e0bb08e7a08dd6e974a,0.002828383818268776,0.07145635530953794,0.8150252768034628,0.7273660898208618,0.3944677481427787,0.6166205278784036
fine_control,44,polygonal_holes,112,private-source://routeA_experiments/data/prospective_ood_rd_hddm_alpha001_v2/polygonal_holes/sample_0112.npz,88df74d2052fa5cb450aa5d9be2814b467df7bbe8db5582a180089122655cee2,0.002657843753695488,0.0595048213733647,0.5446808208479773,0.5093485713005066,0.29954346257436554,0.4051950898766517
fine_control,44,polygonal_holes,113,private-source://routeA_experiments/data/prospective_ood_rd_hddm_alpha001_v2/polygonal_holes/sample_0113.npz,3a1fa1b65775b0275cf639b12a72525a77828d847796be0e003df1bdbad952ec,0.002892274409532547,0.06222803353334383,0.5916221796209519,0.7127183079719543,0.3372806945815682,0.4625473613291979
fine_control,44,polygonal_holes,114,private-source://routeA_experiments/data/prospective_ood_rd_hddm_alpha001_v2/polygonal_holes/sample_0114.npz,ee8527e088d5dac6fcb1c475159e6c302f9ad53ec6da27fe11138620a0ca68fd,0.0026752622798085213,0.09302017657199371,0.9730274454788257,0.8335006460547447,0.4996432794257998,0.673980339244008
fine_control,44,polygonal_holes,115,private-source://routeA_experiments/data/prospective_ood_rd_hddm_alpha001_v2/polygonal_holes/sample_0115.npz,f7ffa5978118fd94c3600a0f477fa283eca44223a4090163c2e4bf5b6bcf3f85,0.0026480015367269516,0.053269913337892126,0.4958947462369685,0.6544894278049469,0.23119078781455754,0.37694218456745143
fine_control,44,polygonal_holes,116,private-source://routeA_experiments/data/prospective_ood_rd_hddm_alpha001_v2/polygonal_holes/sample_0116.npz,40826f4a1aca3233236ea6a2e03d2f7953a031f2a735af2bc36b9a978760b21d,0.0028507718816399574,0.08699024344671885,0.9909031388381564,0.7830728739500046,0.4535405751317739,0.629341884702444
fine_control,44,polygonal_holes,117,private-source://routeA_experiments/data/prospective_ood_rd_hddm_alpha001_v2/polygonal_holes/sample_0117.npz,e1cd5ab17ebc52bc630594c80acdbe1ac1cf83a82b72806653c360f585aa540a,0.0027928510680794716,0.07219724082175648,0.6645189462417923,0.6917917132377625,0.3896650031208992,0.5192445485293865
fine_control,44,polygonal_holes,118,private-source://routeA_experiments/data/prospective_ood_rd_hddm_alpha001_v2/polygonal_holes/sample_0118.npz,e0b81737032bd6118a094dfd0c6797f942b4d7ff21e1c6636fe9e0c0fa7456e2,0.0026608016341924667,0.055003361459738345,0.5398996071071077,0.6415177285671234,0.26608356013894074,0.3645763903856277
fine_control,44,polygonal_holes,119,private-source://routeA_experiments/data/prospective_ood_rd_hddm_alpha001_v2/polygonal_holes/sample_0119.npz,274e7d80ddc1fb4c43974f1671c4b357b5fd97510b63ae2caa29395f57fb9bd2,0.0026534944772720337,0.09838049287825382,1.031958474829334,0.8611375540494919,0.5447065893560648,0.7045262771844863
fine_control,44,polygonal_holes,120,private-source://routeA_experiments/data/prospective_ood_rd_hddm_alpha001_v2/polygonal_holes/sample_0120.npz,a6dd086ec33a9883183e8a146acf4fded479067a6034fee0630258588079fc8d,0.0029234355315566063,0.05462178949695979,0.5402383280319529,0.6356489360332489,0.24538384452462186,0.3922890239953994
fine_control,44,polygonal_holes,121,private-source://routeA_experiments/data/prospective_ood_rd_hddm_alpha001_v2/polygonal_holes/sample_0121.npz,ac81dd72fd79f7e2354039b8d04c60f5f5bbfca723e2447359de622ff26efbb1,0.002664637751877308,0.10018101343289636,1.5108170215909278,1.0041222274303436,0.5250413350760935,0.8367376697808504
fine_control,44,polygonal_holes,122,private-source://routeA_experiments/data/prospective_ood_rd_hddm_alpha001_v2/polygonal_holes/sample_0122.npz,759193356a467c09e2b8edbb533e17359fce60da51877df5de5350a541b599c5,0.0029436275362968445,0.0904953734429546,1.1001624501778076,1.0185375288128853,0.4839328821748495,0.67971421033144
fine_control,44,polygonal_holes,123,private-source://routeA_experiments/data/prospective_ood_rd_hddm_alpha001_v2/polygonal_holes/sample_0123.npz,043378324eecf8d22f90a8b04f7e31a6758753cb437e9e0dfbe72c96271d4ff4,0.0026749176904559135,0.03742045583024164,0.3105709970425186,0.5058109164237976,0.17017967049032448,0.3015431028604507
fine_control,44,polygonal_holes,124,private-source://routeA_experiments/data/prospective_ood_rd_hddm_alpha001_v2/polygonal_holes/sample_0124.npz,cd51fc274b14dfb5fac39f5cfe064e526357b88b7d094e98b25666df1b414ebf,0.002680828794836998,0.08127599628447911,0.7368138848970645,0.7540986686944962,0.4418583944439887,0.6186786240339279
fine_control,44,polygonal_holes,125,private-source://routeA_experiments/data/prospective_ood_rd_hddm_alpha001_v2/polygonal_holes/sample_0125.npz,ed9c8de9705fd444fe459e4bfda13bcb047be60ede95d8334f14a4765b9738c1,0.0026669884100556374,0.08315282998524838,0.8423760822655769,0.7932112216949463,0.443226343486458,0.6057514509558677
fine_control,44,polygonal_holes,126,private-source://routeA_experiments/data/prospective_ood_rd_hddm_alpha001_v2/polygonal_holes/sample_0126.npz,665752506b08a3f3e3fe30b2921a1800be6cc7503caeb2bbb5078b9732f246a1,0.002688801847398281,0.09470717596382555,0.935425688694683,0.8421075940132141,0.49227539813145993,0.6404891969263553
fine_control,44,polygonal_holes,127,private-source://routeA_experiments/data/prospective_ood_rd_hddm_alpha001_v2/polygonal_holes/sample_0127.npz,c816a31178bdc5d064cf91181e9c7932847ba43e355ab3c1d6ccd62738e6e38a,0.002664008177816868,0.08412054762544964,0.9497145676575396,0.8581576198339462,0.4204858494922518,0.6472929053008555
fine_control,44,polygonal_holes,128,private-source://routeA_experiments/data/prospective_ood_rd_hddm_alpha001_v2/polygonal_holes/sample_0128.npz,1ff4fae644b7094e6f782b7b687fd6b1fbd82aac67e72ea7769b3fb09fa6e48f,0.0026688696816563606,0.07296717846073661,0.6808686275960292,0.8110923320055008,0.4094527393579483,0.5641818068176506
fine_control,44,polygonal_holes,129,private-source://routeA_experiments/data/prospective_ood_rd_hddm_alpha001_v2/polygonal_holes/sample_0129.npz,304ae224f67a5af8163de1ab49c40dd4fedca4580b143be96af616abffc6891f,0.0026915892958641052,0.08373499716031928,0.9076183564809563,0.7706171572208405,0.4385550891980528,0.5802652688324451
fine_control,44,polygonal_holes,130,private-source://routeA_experiments/data/prospective_ood_rd_hddm_alpha001_v2/polygonal_holes/sample_0130.npz,e1ce49f7ee7274aa7c46a7774918dbf0b33c86fdbf83110ebf21a577b52b49c2,0.0026616640388965607,0.06682172014539374,0.6380620702977091,0.6302070021629333,0.3158360440284014,0.47933123871684075
fine_control,44,polygonal_holes,131,private-source://routeA_experiments/data/prospective_ood_rd_hddm_alpha001_v2/polygonal_holes/sample_0131.npz,ed41aea98fee101c256811beb8de8b6cd7eaa2613cc541b40b00b980b3f85711,0.002657504752278328,0.04152504152609658,0.3576883051312273,0.48623916506767273,0.20709024444222449,0.2724436205625534
fine_control,44,polygonal_holes,132,private-source://routeA_experiments/data/prospective_ood_rd_hddm_alpha001_v2/polygonal_holes/sample_0132.npz,f6a02e95496e34f2bd023b24cbfad8d8efcd430331804e20e35c1a3a87b3105a,0.002654840238392353,0.09534483664154815,0.957960876448134,0.909519337117672,0.504681921377778,0.7451425075531006
fine_control,44,polygonal_holes,133,private-source://routeA_experiments/data/prospective_ood_rd_hddm_alpha001_v2/polygonal_holes/sample_0133.npz,2d0b9657c30dbaee8ac6254ea143fd42d06b5d9334a9daae61f959b4d768189d,0.0026583364233374596,0.06888971542687816,0.7821011786351426,0.8416390419006348,0.37822176143527025,0.60330281868577
fine_control,44,polygonal_holes,134,private-source://routeA_experiments/data/prospective_ood_rd_hddm_alpha001_v2/polygonal_holes/sample_0134.npz,6fc1d8ad41d98e5533dcb17000bd621df4413b0bc230e17a01f9f1042863dc00,0.0027142465114593506,0.052694872575129795,0.46030741124647584,0.5224896818399429,0.270415361225605,0.36186306148767466
fine_control,44,polygonal_holes,135,private-source://routeA_experiments/data/prospective_ood_rd_hddm_alpha001_v2/polygonal_holes/sample_0135.npz,5f7f06f2a09a51cb1bdbf1f8f76c7dcebd7292b16ad5d06e2bd7e5e2a241a7b4,0.00280812568962574,0.10606194825704114,1.585234389570952,0.9314210414886475,0.5621616588905453,0.7358719200640916
fine_control,44,polygonal_holes,136,private-source://routeA_experiments/data/prospective_ood_rd_hddm_alpha001_v2/polygonal_holes/sample_0136.npz,00531c0b831dc08973faac55a2933c5636dd9ca8276c59ce5b933fd5d249b087,0.0028962232172489166,0.070179683500064,0.5980022728673584,0.577978253364563,0.39133883453905566,0.5101407188177108
fine_control,44,polygonal_holes,137,private-source://routeA_experiments/data/prospective_ood_rd_hddm_alpha001_v2/polygonal_holes/sample_0137.npz,d001d2eb3c3220ffed4f07f5378b2f2433947704e933286823ec2f721961990d,0.0026646601036190987,0.08857563438847693,0.8547489861779786,0.791585236787796,0.4741243387572467,0.603003425374627
fine_control,44,polygonal_holes,138,private-source://routeA_experiments/data/prospective_ood_rd_hddm_alpha001_v2/polygonal_holes/sample_0138.npz,f220ed2d2bb7df025848597f7eaca2bacd1707ff56291afdc47c8afdf6b2c8b5,0.00290124025195837,0.0725348658164046,0.5885632491433475,0.6932514011859894,0.33240658640861503,0.4945447748899459
fine_control,44,polygonal_holes,139,private-source://routeA_experiments/data/prospective_ood_rd_hddm_alpha001_v2/polygonal_holes/sample_0139.npz,17b888ed07f6657c9849c552aad413cfe46048c4c7895f05178724c0fa7f87ca,0.002680269069969654,0.09068353317816269,1.0185978586215445,0.8306250274181366,0.4820982582867144,0.6714398151636124
fine_control,44,polygonal_holes,140,private-source://routeA_experiments/data/prospective_ood_rd_hddm_alpha001_v2/polygonal_holes/sample_0140.npz,e02540d429db3b7126f4bff11bc5fa61a336ec8a85e95e0c1221371ba5a47ef6,0.00279926136136055,0.09616171979032388,1.2941670904288354,0.8805587626993656,0.4836838690098375,0.6976413415372371
fine_control,44,polygonal_holes,141,private-source://routeA_experiments/data/prospective_ood_rd_hddm_alpha001_v2/polygonal_holes/sample_0141.npz,bb22d84f5f6c83f45e1de2d4ab15f3186ec26d2a148f8904619bdd7a66c8171f,0.0026809973642230034,0.0674755602328057,0.7109273752871373,0.7265921086072922,0.3735346520319579,0.5224930849671363
fine_control,44,polygonal_holes,142,private-source://routeA_experiments/data/prospective_ood_rd_hddm_alpha001_v2/polygonal_holes/sample_0142.npz,a1cc8c41b7c1a468be244e07ec2ff48e53d77459c7644d4e6eb2022f904ed782,0.002692008391022682,0.09134564679355157,1.136268093233946,0.797198474407196,0.4569149192422628,0.6512462855875492
fine_control,44,polygonal_holes,143,private-source://routeA_experiments/data/prospective_ood_rd_hddm_alpha001_v2/polygonal_holes/sample_0143.npz,4b97a95ed4fe7c8cb1b5fa7d4ef80edede472fcfc57e6cfa5eadb9c8a4df27a5,0.00264713354408741,0.10848798431198714,1.6975985207235926,0.8815077114850283,0.5492587294429541,0.7507024328410625
fine_control,44,polygonal_holes,144,private-source://routeA_experiments/data/prospective_ood_rd_hddm_alpha001_v2/polygonal_holes/sample_0144.npz,3acfb67f378c2daf8e69098ba9558f45f6fc6a8a6e8672333f2e8c054a6bc2bf,0.0026422766968607903,0.10038527519960458,1.4936857131656993,0.9684396013617516,0.5298896014690399,0.7813358198851347
fine_control,44,polygonal_holes,145,private-source://routeA_experiments/data/prospective_ood_rd_hddm_alpha001_v2/polygonal_holes/sample_0145.npz,b65d0851c245b707a2ac32228f305f7569c9d1859d64e5f4927b75c27e5a7c2b,0.0026796963065862656,0.0905610249301756,0.8503074137256539,0.8790852725505829,0.4805949039757251,0.6025426641106605
fine_control,44,polygonal_holes,146,private-source://routeA_experiments/data/prospective_ood_rd_hddm_alpha001_v2/polygonal_holes/sample_0146.npz,201b532444ea007bfb07628e9165c885156dffac34abbcb9c7006c661f8345f2,0.0026693856343626976,0.07732784330896114,0.8100400143403688,0.7698362916707993,0.40897337459027766,0.5556505343317985
fine_control,44,polygonal_holes,147,private-source://routeA_experiments/data/prospective_ood_rd_hddm_alpha001_v2/polygonal_holes/sample_0147.npz,d9d3e2c0e75e05c8d6a983a93cdbeec7eefce5027ca61ee3fe73ed223cb22f7a,0.0026435349136590958,0.09974521130655187,1.0682640271607895,0.876910887658596,0.5267284086905419,0.7259022116661071
fine_control,44,polygonal_holes,148,private-source://routeA_experiments/data/prospective_ood_rd_hddm_alpha001_v2/polygonal_holes/sample_0148.npz,fed8390888705bfd8ae6d9f074b0386d8310a40128ec7eed3742e6689c9930f5,0.0026757139712572098,0.06640291538126802,0.6493461416612746,0.6484286487102509,0.3706072743982076,0.4965750566869973
fine_control,44,polygonal_holes,149,private-source://routeA_experiments/data/prospective_ood_rd_hddm_alpha001_v2/polygonal_holes/sample_0149.npz,1fc1409b3b58a0ee4fe9462eb8610281be13a9e52d04be45b8155c8b093b6826,0.0026468252763152122,0.05795421570971788,0.49228904284060077,0.5351343154907227,0.28528786003589623,0.3996591889858246
fine_control,44,polygonal_holes,150,private-source://routeA_experiments/data/prospective_ood_rd_hddm_alpha001_v2/polygonal_holes/sample_0150.npz,2757539f9ec46c666cbf7b9c228a40503df7a8a8f2124fac5c87a43bd9ed14dc,0.0027735643088817596,0.09525321142892418,1.4965108389710617,0.8722772300243378,0.4929202371276915,0.6524346734210847
fine_control,44,polygonal_holes,151,private-source://routeA_experiments/data/prospective_ood_rd_hddm_alpha001_v2/polygonal_holes/sample_0151.npz,891875b4effc70758dab8ca57b0d6819863a7b492d90d1bfdb2bd22bc48d0cad,0.0026484355330467224,0.09073138790466145,0.9231946303327455,0.8549069836735725,0.4831692544743419,0.7455062156915664
fine_control,44,polygonal_holes,152,private-source://routeA_experiments/data/prospective_ood_rd_hddm_alpha001_v2/polygonal_holes/sample_0152.npz,56b12d3d13026cd3288b7c1885cbd85b8a1bc4dc3f9807dd8858aa67d50f721d,0.0027145780622959137,0.09024602428198206,0.8863203996387662,0.794684648513794,0.45704605802893616,0.6026925140619276
fine_control,44,polygonal_holes,153,private-source://routeA_experiments/data/prospective_ood_rd_hddm_alpha001_v2/polygonal_holes/sample_0153.npz,af02edfbeda154165dee016399e47068fbe6b8c0e34593331fe7bf97c763c6ed,0.0026661772280931473,0.061435853283847895,0.4858293875523386,0.6217250227928162,0.2804250806570053,0.41210677266120904
fine_control,44,polygonal_holes,154,private-source://routeA_experiments/data/prospective_ood_rd_hddm_alpha001_v2/polygonal_holes/sample_0154.npz,9f4d2ecf074b40c504140d8737b60ab86136700c126bd6eada3ce22b6faeb44d,0.0029034530743956566,0.10450977691710474,1.9622927348469554,0.9405904032755643,0.5606692389701491,0.8052484279609052
fine_control,44,polygonal_holes,155,private-source://routeA_experiments/data/prospective_ood_rd_hddm_alpha001_v2/polygonal_holes/sample_0155.npz,b861e6158554f60e3b28f76ec9b128a9430ba6efcbba4fe54c56e55939f03657,0.0029171928763389587,0.07382016852222838,0.7048714719208344,0.4872838258743286,0.3662149468436835,0.4617272512614727
fine_control,44,polygonal_holes,156,private-source://routeA_experiments/data/prospective_ood_rd_hddm_alpha001_v2/polygonal_holes/sample_0156.npz,14ef70e1036b06a4abd5ecf0c058f87e16a946222fa519b8f637fc45a36d83e7,0.0032136738300323486,0.06275836490068387,0.6047667666321802,0.6159220039844513,0.347218358144164,0.45692086838185786
fine_control,44,polygonal_holes,157,private-source://routeA_experiments/data/prospective_ood_rd_hddm_alpha001_v2/polygonal_holes/sample_0157.npz,43dda95c9977101aa286a63d0342e83b3917f584fe93b176f50bf6a8863ee6ed,0.0028207218274474144,0.058571562989918675,0.5375456930036087,0.6536832451820374,0.31066589057445526,0.48543618261814114
fine_control,44,polygonal_holes,158,private-source://routeA_experiments/data/prospective_ood_rd_hddm_alpha001_v2/polygonal_holes/sample_0158.npz,d857465c10a280a070d862005f23339c491f8fbd2446b9a5938d6bcd7a0b3a1a,0.0026627955958247185,0.06235997485743453,0.6816285694531378,0.6483617722988129,0.28349205479025835,0.4339222468435763
fine_control,44,polygonal_holes,159,private-source://routeA_experiments/data/prospective_ood_rd_hddm_alpha001_v2/polygonal_holes/sample_0159.npz,f59261ba874c415e72210524ff86466ef1835ff128db62c36864a13b554ff470,0.0034304140135645866,0.07681857582952539,0.7876919971467389,0.7029136121273041,0.40237932354211803,0.4881098665297031
fine_control,44,polygonal_holes,160,private-source://routeA_experiments/data/prospective_ood_rd_hddm_alpha001_v2/polygonal_holes/sample_0160.npz,39068f5d74d06b40549535b8f9ac00e3990cbbfd5ed4bbbfc7773dab1ec0dbbe,0.0029514599591493607,0.09357057837214522,1.039107281171068,0.8206644952297211,0.4534110195934771,0.7122783114016056
fine_control,44,polygonal_holes,161,private-source://routeA_experiments/data/prospective_ood_rd_hddm_alpha001_v2/polygonal_holes/sample_0161.npz,e0831b7cf1e199a8bcddde4a7ba63fda2ec5358332f83876dc46e76b7a76fe72,0.0033932654187083244,0.094170193508333,1.229958790491717,0.9499680399894714,0.48033135458827014,0.6762327390909195
fine_control,44,polygonal_holes,162,private-source://routeA_experiments/data/prospective_ood_rd_hddm_alpha001_v2/polygonal_holes/sample_0162.npz,b57aaa46bc4b1f2b322a5c732792b6b0b627be08d494a2d21be8f93f764c1355,0.0028795236721634865,0.0796558860919322,0.7205867076368773,0.7212740778923035,0.4128984531387686,0.5248845261335373
fine_control,44,polygonal_holes,163,private-source://routeA_experiments/data/prospective_ood_rd_hddm_alpha001_v2/polygonal_holes/sample_0163.npz,1a3ca61d865205982770fbfd89f746ec95c9b76d83a2d8a357c31ac000e4dac4,0.0027534300461411476,0.059455809519791326,0.5207747413251362,0.5916137397289276,0.308151052519679,0.4200834259390831
fine_control,44,polygonal_holes,164,private-source://routeA_experiments/data/prospective_ood_rd_hddm_alpha001_v2/polygonal_holes/sample_0164.npz,5d1ee014dbbe40884070a5a39acff629da86c4954a0b4ab2c84a9004a2202fd6,0.002906142733991146,0.09034599763123377,1.4355386506485461,0.9616858810186386,0.5041114366613328,0.726121253054589
fine_control,44,polygonal_holes,165,private-source://routeA_experiments/data/prospective_ood_rd_hddm_alpha001_v2/polygonal_holes/sample_0165.npz,259bca01e7e1d1c29bce2b41b1f1875945b910b6f1079e0f915a7977b1e9f893,0.003404906950891018,0.07361489185046645,0.8053765149187874,0.7816549688577652,0.3968587506562471,0.5451161931455135
fine_control,44,polygonal_holes,166,private-source://routeA_experiments/data/prospective_ood_rd_hddm_alpha001_v2/polygonal_holes/sample_0166.npz,3d0e83e51a41e5c75d0f593269bfee27d32a16acbae58e27343d22ebcff431fa,0.0028980802744627,0.08110993868440876,0.8271625712089924,0.7685873955488205,0.4394934447482227,0.5493674249947071
fine_control,44,polygonal_holes,167,private-source://routeA_experiments/data/prospective_ood_rd_hddm_alpha001_v2/polygonal_holes/sample_0167.npz,5a819bbcff1e88f2e84bade5f00f2f6aa0ce4917add5aa7ae2c972f7f2b2cd18,0.003486527130007744,0.07369352559207666,0.7659776598730018,0.8835737556219101,0.39570530485361816,0.5902711564302444
fine_control,44,polygonal_holes,168,private-source://routeA_experiments/data/prospective_ood_rd_hddm_alpha001_v2/polygonal_holes/sample_0168.npz,a7cfabc5b8b40f9786fdf3721f364f746da39dc5df704ef1420678ea5be4ac01,0.002683986909687519,0.10181973239418937,1.2213947969222174,0.8973299935460091,0.5268169939517975,0.7712501481734216
fine_control,44,polygonal_holes,169,private-source://routeA_experiments/data/prospective_ood_rd_hddm_alpha001_v2/polygonal_holes/sample_0169.npz,f8b53cb3fd333ee1cb8d8489fc281f46ff7543a5218086725429358ac90c93cd,0.0034277895465493202,0.10329858731782444,1.0523119205974198,0.9094578325748444,0.5315943717956543,0.7255500426888464
fine_control,44,polygonal_holes,170,private-source://routeA_experiments/data/prospective_ood_rd_hddm_alpha001_v2/polygonal_holes/sample_0170.npz,531ec76af332ab8ef01be90231b69e059e9a8934f0f93d6913fbf46d169de030,0.0026615867391228676,0.06347533979183734,0.5581077516128762,0.4760121703147888,0.33158874437212943,0.4253010208904743
fine_control,44,polygonal_holes,171,private-source://routeA_experiments/data/prospective_ood_rd_hddm_alpha001_v2/polygonal_holes/sample_0171.npz,947ccbec00e5e3b68cdd69f3e3e633bff7ae1f93b4726f7be992a025d3253c92,0.0032182112336158752,0.09881563230211318,1.03316073856301,0.8699744194746017,0.5322213592007755,0.7466778291761875
fine_control,44,polygonal_holes,172,private-source://routeA_experiments/data/prospective_ood_rd_hddm_alpha001_v2/polygonal_holes/sample_0172.npz,8f15a2b58c17b5976e89c7be705afee763ca28bc4cc10a072fc3068929a6a3fa,0.003246678039431572,0.09668355020304413,1.1127534781197868,0.8778290003538132,0.47857752460986375,0.6836518883705138
fine_control,44,polygonal_holes,173,private-source://routeA_experiments/data/prospective_ood_rd_hddm_alpha001_v2/polygonal_holes/sample_0173.npz,44717b5111981b568d6b881d94fc32b107d2c09e4f89110f752fe8fd098ba1a9,0.0029002949595451355,0.08264535099880647,0.7527643736919093,0.8465556204319,0.4437182214111088,0.6468900531530379
fine_control,44,polygonal_holes,174,private-source://routeA_experiments/data/prospective_ood_rd_hddm_alpha001_v2/polygonal_holes/sample_0174.npz,8b214cc2dccfbd9eeba4a0bbf1cf9592ace0d59fad777f0c1ef1da18aa1c1886,0.0032089976593852043,0.07469691645554045,0.7669398547291574,0.6758092641830444,0.37661196608096353,0.5239102420210838
fine_control,44,polygonal_holes,175,private-source://routeA_experiments/data/prospective_ood_rd_hddm_alpha001_v2/polygonal_holes/sample_0175.npz,0704e3f9778f3aedbd42b0385e81de58d71e4c2be75d9f126126775ca2425f28,0.00267997570335865,0.054231901567183945,0.4853321908150188,0.593224972486496,0.27920278608798976,0.4005926048755645
fine_control,44,polygonal_holes,176,private-source://routeA_experiments/data/prospective_ood_rd_hddm_alpha001_v2/polygonal_holes/sample_0176.npz,a85484a8662f15305a5e709f13d1fa525a418acb00e7250756949427976b2dd8,0.0032692262902855873,0.08757895049285708,1.0975065269130206,0.9459162428975105,0.42245026044547546,0.6197557612508534
fine_control,44,polygonal_holes,177,private-source://routeA_experiments/data/prospective_ood_rd_hddm_alpha001_v2/polygonal_holes/sample_0177.npz,e0a3dc9763664c7fd06c84abf04a136fb5cdfe6c731d8094dd3d83ab720c189f,0.002708025276660919,0.10379957163607714,1.536058245653355,0.9870990440249443,0.52247633645311,0.7487993147969245
fine_control,44,polygonal_holes,178,private-source://routeA_experiments/data/prospective_ood_rd_hddm_alpha001_v2/polygonal_holes/sample_0178.npz,481ca6c6499705706c2f66d7e79f45ecb746cb561d6a77790784658abee41ffe,0.0032512852922081947,0.08950854693946958,1.0397002630161976,0.8817248493432999,0.4737128492444753,0.7340607681870459
fine_control,44,polygonal_holes,179,private-source://routeA_experiments/data/prospective_ood_rd_hddm_alpha001_v2/polygonal_holes/sample_0179.npz,e4bc203a85df9f9977404e82f55cafb59262bc1ce46ea6ffe3b6aa2d04c126dc,0.002677440643310547,0.05687536588295946,0.5499617113876886,0.630705326795578,0.24862982183694834,0.3705908034741878
fine_control,44,polygonal_holes,180,private-source://routeA_experiments/data/prospective_ood_rd_hddm_alpha001_v2/polygonal_holes/sample_0180.npz,81b84fdac3eccbe8d0928bc38881f8a0dd9d9e18b35f8f47b20caa177985fd3b,0.003241295926272869,0.09193698239145466,1.237809988950236,0.8646668195724487,0.515366582525894,0.6962221872806549
fine_control,44,polygonal_holes,181,private-source://routeA_experiments/data/prospective_ood_rd_hddm_alpha001_v2/polygonal_holes/sample_0181.npz,5b6cc5d652fa4a1c887c4b0c1e164cd672bb9f5061ad1afead3751e70b213514,0.0034170495346188545,0.0718891689880133,0.7200777242198575,0.7696707844734192,0.3752416618168354,0.6051473131775854
fine_control,44,polygonal_holes,182,private-source://routeA_experiments/data/prospective_ood_rd_hddm_alpha001_v2/polygonal_holes/sample_0182.npz,30d7eccb6acfa738a9e0d813c59d9fc3e7a337f419dc39e253bd748b1985e200,0.002700667828321457,0.09483812684206719,1.0194011953430258,0.8188781142234802,0.4817321965470909,0.6341252668201923
fine_control,44,polygonal_holes,183,private-source://routeA_experiments/data/prospective_ood_rd_hddm_alpha001_v2/polygonal_holes/sample_0183.npz,1373cf2f076ba6d96d76006b9bac7cafb13fe290e1c8db8eb0a021aa3ea6a877,0.0032403888180851936,0.07517589377772689,0.7223926187374,0.8140057176351547,0.40119175724685174,0.5655646069347858
fine_control,44,polygonal_holes,184,private-source://routeA_experiments/data/prospective_ood_rd_hddm_alpha001_v2/polygonal_holes/sample_0184.npz,ea319e2f477b8255fcaca1a8e04826d40a2c73352b1e4d184424b4c62b2442f5,0.002835775725543499,0.07413936745670607,0.8211925825805909,0.7765261381864548,0.41339157726615666,0.6151003271341323
fine_control,44,polygonal_holes,185,private-source://routeA_experiments/data/prospective_ood_rd_hddm_alpha001_v2/polygonal_holes/sample_0185.npz,d003b9495650cf787afd4d3ddc6d86135228d769f54ad6312a6280421a596e3a,0.0032270150259137154,0.11177582099067278,1.6455817301273536,1.0181190809234977,0.5688020454254001,0.7168745826184749
fine_control,44,polygonal_holes,186,private-source://routeA_experiments/data/prospective_ood_rd_hddm_alpha001_v2/polygonal_holes/sample_0186.npz,842bbbe7603fa9c66898e0d3e41112951c43fa2013c25eff012bda7d90c34fc1,0.0034399228170514107,0.09416946472400516,1.4896442099015643,0.9472948014736176,0.5216153599787503,0.7473952279239893
fine_control,44,polygonal_holes,187,private-source://routeA_experiments/data/prospective_ood_rd_hddm_alpha001_v2/polygonal_holes/sample_0187.npz,cb2d55c7982505cee18ae54c10f3a2561c5ffa076d5725faf703948555a281cd,0.003393178805708885,0.11057008196135254,1.9316117252177196,0.9150498285889626,0.5640558047860396,0.7544673637789673
fine_control,44,polygonal_holes,188,private-source://routeA_experiments/data/prospective_ood_rd_hddm_alpha001_v2/polygonal_holes/sample_0188.npz,f3741286ab69ced697a71881032f01ee4b24b51cbaa12f72c9ef12b3e4744498,0.0032081017270684242,0.04921230654315372,0.39158760652064184,0.64321568608284,0.23567430227994918,0.3568521028757093
fine_control,44,polygonal_holes,189,private-source://routeA_experiments/data/prospective_ood_rd_hddm_alpha001_v2/polygonal_holes/sample_0189.npz,f7b805f25ec992fb94efd23e0f85f979f2cf9c135f8ef20d0de20cb17df22844,0.003435160033404827,0.10844855656341344,1.8464454955381175,0.9632485611364245,0.554355833795853,0.8276326435385272
fine_control,44,polygonal_holes,190,private-source://routeA_experiments/data/prospective_ood_rd_hddm_alpha001_v2/polygonal_holes/sample_0190.npz,dc1bbc2f69c79f99ee4574dff06f98bba6eb04d44fc3565781bf40b6efbb07e5,0.0032157814130187035,0.09440154995698688,0.9262989640871261,0.8298640847206116,0.4853747418150303,0.6750744235515594
fine_control,44,polygonal_holes,191,private-source://routeA_experiments/data/prospective_ood_rd_hddm_alpha001_v2/polygonal_holes/sample_0191.npz,f796f17a8112fa44e52a0f1a214586fb75df4a586120fd92593085ab7070cedd,0.0032373517751693726,0.06918536784251413,0.6098732266588389,0.6555297672748566,0.3465016396716237,0.46649382174015036
fine_control,44,polygonal_holes,192,private-source://routeA_experiments/data/prospective_ood_rd_hddm_alpha001_v2/polygonal_holes/sample_0192.npz,dda32192ec953c5b2b30b9664a031c0b2c32c18898206a837abd68a848dc6560,0.003421766683459282,0.05431765147985996,0.5080234773401381,0.551457867026329,0.26120922531117685,0.344488925114274
fine_control,44,polygonal_holes,193,private-source://routeA_experiments/data/prospective_ood_rd_hddm_alpha001_v2/polygonal_holes/sample_0193.npz,a0ecfb23ec91938da78978e535237a93cd3cdb1418404474f7a4b8e5e18ecb0e,0.0033919382840394974,0.06853415626206698,0.5795557789769042,0.7745715379714966,0.35405763881281016,0.5164583396911621
fine_control,44,polygonal_holes,194,private-source://routeA_experiments/data/prospective_ood_rd_hddm_alpha001_v2/polygonal_holes/sample_0194.npz,41a07014c34cd5ab4b6bf8fb836e352f25011d3d9ee8ab7718601b8708c98a50,0.003409537486732006,0.044413058184216224,0.3638004849372675,0.4531954526901245,0.21045694276690483,0.2993666127324104
fine_control,44,polygonal_holes,195,private-source://routeA_experiments/data/prospective_ood_rd_hddm_alpha001_v2/polygonal_holes/sample_0195.npz,bd513e0febd4c5373d80e2b7dcdd2b9486ed4ac7e6bc9ee5eb9dc273983b9ffe,0.0034178541973233223,0.11064425906393867,1.7735617613399366,1.0139058926142752,0.5679483829764649,0.8192562847188674
fine_control,44,polygonal_holes,196,private-source://routeA_experiments/data/prospective_ood_rd_hddm_alpha001_v2/polygonal_holes/sample_0196.npz,cb48f01e7dd800b18ce7cbe2c18858c2d9a44d38e5be7cf20f5254eafdbd0bf2,0.0033497298136353493,0.08325811058444615,0.8704428595755317,0.849966436624527,0.4452953636646269,0.674083097502589
fine_control,44,polygonal_holes,197,private-source://routeA_experiments/data/prospective_ood_rd_hddm_alpha001_v2/polygonal_holes/sample_0197.npz,d9edb4456fdfb320e3e8eddde4e164e04f26d3682accae421c9cb62372882d05,0.003236333839595318,0.06885948661342278,0.6055418476447241,0.5716358162462711,0.38035390116274354,0.4474235959351063
fine_control,44,polygonal_holes,198,private-source://routeA_experiments/data/prospective_ood_rd_hddm_alpha001_v2/polygonal_holes/sample_0198.npz,2bb222fb19e2658b1507bbec54c6820e146fa9b42297978674b5e3f02f9f1c57,0.003354351967573166,0.06305211724864522,0.6031463933256292,0.5407142639160156,0.3687514543533324,0.4707693052664399
fine_control,44,polygonal_holes,199,private-source://routeA_experiments/data/prospective_ood_rd_hddm_alpha001_v2/polygonal_holes/sample_0199.npz,2eec775368a54d0cff3644f18d86a5d5b2aa3329ce09ee599ee904145cc74303,0.003242073580622673,0.04793589715991175,0.40923519289267035,0.41205495595932007,0.2233687341213226,0.3286188827455044
fine_control,44,star_concave,0,private-source://routeA_experiments/data/prospective_ood_rd_hddm_alpha001_v2/star_concave/sample_0000.npz,009d2bb9aad63b794132f3b8fa2904650b88fb7b6b2d61561be4048deacc458b,0.003021598793566227,0.12332600842495889,0.749087921097021,0.6103923916816711,0.4142967469990253,0.490646971464157
fine_control,44,star_concave,1,private-source://routeA_experiments/data/prospective_ood_rd_hddm_alpha001_v2/star_concave/sample_0001.npz,4e70bd655e98ee3d6e109ea5eb742794f0fa72f85104a738094fee80b6acaf70,0.003086468204855919,0.10535232286473023,0.50501410120347,0.5753316879272461,0.35394799411296846,0.43615285515785235
fine_control,44,star_concave,2,private-source://routeA_experiments/data/prospective_ood_rd_hddm_alpha001_v2/star_concave/sample_0002.npz,fb14453d8d3f30cf873c46a5e14b387674862f03260073cd0d05ebb7cb7f1faa,0.0031035728752613068,0.14000676183540597,0.9334603620821198,0.7307413518428802,0.5022564217448234,0.6198102149367333
fine_control,44,star_concave,3,private-source://routeA_experiments/data/prospective_ood_rd_hddm_alpha001_v2/star_concave/sample_0003.npz,7b84face7333f39614fc62902f773a61730f623c80ef7fa990749cc5c4756204,0.003148620016872883,0.08918843011348662,0.5241692103330003,0.5302310883998871,0.36944797635078425,0.4259031772613526
fine_control,44,star_concave,4,private-source://routeA_experiments/data/prospective_ood_rd_hddm_alpha001_v2/star_concave/sample_0004.npz,51a91eacf8ce921d71c6041d09cfae819f22d841cf2ffd3c2df664040d51186e,0.0031900396570563316,0.10693027955548547,0.5291114525310848,0.6444368362426758,0.4093445062637328,0.5346343743801121
fine_control,44,star_concave,5,private-source://routeA_experiments/data/prospective_ood_rd_hddm_alpha001_v2/star_concave/sample_0005.npz,6e222ada1b7d437bd5643c1ff273ebd5652f1f27b6415d45a1958ab41cdbedf5,0.0030714701861143112,0.07138499312573834,0.3553547144990058,0.3911163881421089,0.3061578810214996,0.3719088092446328
fine_control,44,star_concave,6,private-source://routeA_experiments/data/prospective_ood_rd_hddm_alpha001_v2/star_concave/sample_0006.npz,b575a4b1e23727607195accc5ab1eb6869a2fe6423bab8f28602429896d7ffb8,0.003191409632563591,0.0687515746870088,0.33416449727988556,0.3731769919395447,0.24924150332808495,0.29408807545900345
fine_control,44,star_concave,7,private-source://routeA_experiments/data/prospective_ood_rd_hddm_alpha001_v2/star_concave/sample_0007.npz,f97196e6f221830b1e3373486ee49466c07c1eb5991df8cbb16605589a488f5d,0.0032495157793164253,0.11847621780690097,0.6503045384240101,0.8194703459739685,0.40079501532018186,0.46220972329378124
fine_control,44,star_concave,8,private-source://routeA_experiments/data/prospective_ood_rd_hddm_alpha001_v2/star_concave/sample_0008.npz,244ac733232159a2a5cf34edfc0a50b5a2b69b36712de1f4063f137198172f85,0.0026449784636497498,0.0780483920133946,0.39595534525231096,0.4063561037182808,0.2757232727482915,0.3391891068220144
fine_control,44,star_concave,9,private-source://routeA_experiments/data/prospective_ood_rd_hddm_alpha001_v2/star_concave/sample_0009.npz,865cc26d2e038bce27105da09cc105452f707c4d4a4472925cb326eed10ece20,0.0032131271436810493,0.10104482193010879,0.5617259231175881,0.533873975276947,0.3904771499335766,0.46906752407550806
fine_control,44,star_concave,10,private-source://routeA_experiments/data/prospective_ood_rd_hddm_alpha001_v2/star_concave/sample_0010.npz,1f4c91ba0f07fa9f6a175cb7d943878655d47fdbdb5f2efeac3ac31f77329fcd,0.0027845464646816254,0.08832910956851882,0.45255140561451074,0.3958108723163605,0.3283861577510834,0.3711324632167816
fine_control,44,star_concave,11,private-source://routeA_experiments/data/prospective_ood_rd_hddm_alpha001_v2/star_concave/sample_0011.npz,d05537de94b82a7904e0ead39deb6c54104c0ef42cea8bd4e9988913d494a83b,0.0032516513019800186,0.1123658030029133,0.7258528355125691,0.6597209870815277,0.44544515311717964,0.5849137049913407
fine_control,44,star_concave,12,private-source://routeA_experiments/data/prospective_ood_rd_hddm_alpha001_v2/star_concave/sample_0012.npz,847d2b1c823f4408679f58979310ced7f8afe8a4c3b19a24d4319e73d2076d28,0.0032624313607811928,0.10836855337571126,0.6184609672977476,0.6452291011810303,0.3558317095041274,0.4929093861579886
fine_control,44,star_concave,13,private-source://routeA_experiments/data/prospective_ood_rd_hddm_alpha001_v2/star_concave/sample_0013.npz,3fe68d6905e52aed96d1f6f6f4cbe94d1f51a46ec4751e2c26ac9892e870ac18,0.003138609230518341,0.08961522585065651,0.40671419659732677,0.5387928187847137,0.34265924692153915,0.4163186329603191
fine_control,44,star_concave,14,private-source://routeA_experiments/data/prospective_ood_rd_hddm_alpha001_v2/star_concave/sample_0014.npz,98f86dc2bf4c9917d734d87999b0e333966cb92d96944b9e3a10a574bc3370b9,0.003214542753994465,0.13984441739403575,1.187794024395673,0.8237633258104324,0.5324289269745349,0.664955221414566
fine_control,44,star_concave,15,private-source://routeA_experiments/data/prospective_ood_rd_hddm_alpha001_v2/star_concave/sample_0015.npz,fba340201e6025122f0cb1aa5a625e4ebb7a3504c0f9bf568c4b44c2453eab2f,0.0031870873644948006,0.08484293203119268,0.43588054311283037,0.5272652208805084,0.33991126064211125,0.4101316164433957
fine_control,44,star_concave,16,private-source://routeA_experiments/data/prospective_ood_rd_hddm_alpha001_v2/star_concave/sample_0016.npz,11c4e40719a66e3ebb706e7cb800f94d382019f44e94ec85fe48ea3ec624cc4b,0.0031755883246660233,0.11645652672063254,0.6855545082674871,0.6105643510818481,0.4179961185902356,0.5101305035501714
fine_control,44,star_concave,17,private-source://routeA_experiments/data/prospective_ood_rd_hddm_alpha001_v2/star_concave/sample_0017.npz,534607ed78b318ae68ab40a4d9a3980e1a5c64084762fc4b8475968cab9bb3bd,0.0031683584675192833,0.1453094799180747,0.9797773118728356,0.7712596207857132,0.494272605329752,0.6081442630290984
fine_control,44,star_concave,18,private-source://routeA_experiments/data/prospective_ood_rd_hddm_alpha001_v2/star_concave/sample_0018.npz,7adaa9e1f0617e585e5d168eb48820003ec9fc031681cd26516d363ffd04328d,0.0030577601864933968,0.0912841913857992,0.5012383321531368,0.5761047303676605,0.31208285391330687,0.4196965265274029
fine_control,44,star_concave,19,private-source://routeA_experiments/data/prospective_ood_rd_hddm_alpha001_v2/star_concave/sample_0019.npz,f3759305bef8481b2756c6d9ec9fee197aa11185d2fabb3a2e12ab02723ee5e0,0.003179360181093216,0.06601494906650894,0.29406371402185083,0.4164809435606003,0.23174387775361538,0.3112342208623887
fine_control,44,star_concave,20,private-source://routeA_experiments/data/prospective_ood_rd_hddm_alpha001_v2/star_concave/sample_0020.npz,dfd07f4fdae3c4b6150501a4e95619273fb09daa59e9478d21c8464a21d2ffc6,0.0033291196450591087,0.12101601184930885,0.7204867250363828,0.6328677833080292,0.4242756381630897,0.5161253440380098
fine_control,44,star_concave,21,private-source://routeA_experiments/data/prospective_ood_rd_hddm_alpha001_v2/star_concave/sample_0021.npz,3e932800183b8daa7efd551da65f2ff1400f15f2772817e610796baf64527c9a,0.003252827562391758,0.0995826623064235,0.5051457022047076,0.5800690948963165,0.3402432054281235,0.41798823118209844
fine_control,44,star_concave,22,private-source://routeA_experiments/data/prospective_ood_rd_hddm_alpha001_v2/star_concave/sample_0022.npz,e59220a03ee588f4d0e70933b8159e2126e45953cd84f648928aedb295e2d081,0.00312715582549572,0.11123781124561963,0.544469628115531,0.5318064093589783,0.3670469388365745,0.46077949047088623
fine_control,44,star_concave,23,private-source://routeA_experiments/data/prospective_ood_rd_hddm_alpha001_v2/star_concave/sample_0023.npz,17bae540596796b03e7a95a97ad0cf945587f7ff8e9f44c9cce961c2574b81b0,0.003161519765853882,0.11687464811050682,0.5923771729805712,0.5577218681573868,0.3748983033001423,0.42888987213373214
fine_control,44,star_concave,24,private-source://routeA_experiments/data/prospective_ood_rd_hddm_alpha001_v2/star_concave/sample_0024.npz,9f190b5fe5c1ddecf149bf3831ed66888f1e09a84d81196006c11f5c214d28c6,0.003140132874250412,0.11423068040773653,0.6167038458734795,0.6040269955992699,0.43319112211465804,0.5255182622373105
fine_control,44,star_concave,25,private-source://routeA_experiments/data/prospective_ood_rd_hddm_alpha001_v2/star_concave/sample_0025.npz,2add91952026915ae8ee90b1f1626a327209949a94357811791d4add186f8b6b,0.003303471952676773,0.10559035889331986,0.5536398097868197,0.5603146255016327,0.3769875347614288,0.4362945659458641
fine_control,44,star_concave,26,private-source://routeA_experiments/data/prospective_ood_rd_hddm_alpha001_v2/star_concave/sample_0026.npz,7c60403165ae348c442df8620e166f060722ffe55139cb507fb6b3b0315acd67,0.0032210033386945724,0.10373999242393796,0.6634757895368444,0.6341856122016907,0.43948993310332296,0.5599208265542983
fine_control,44,star_concave,27,private-source://routeA_experiments/data/prospective_ood_rd_hddm_alpha001_v2/star_concave/sample_0027.npz,fcd28480ca1c369f591deb0760e991331bd2cf87de1f1ca707e06c2ffdf85715,0.0032189078629016876,0.1013430401706173,0.560016927706561,0.5819583833217621,0.3913660138845443,0.4991421452164646
fine_control,44,star_concave,28,private-source://routeA_experiments/data/prospective_ood_rd_hddm_alpha001_v2/star_concave/sample_0028.npz,97d115498a24206fd9a94b8e6ea8743ffb7337ed20941efef291ca99b062fb3d,0.0030461465939879417,0.13460456565741144,0.8641316141617893,0.6909637451171875,0.49808191284537245,0.6581322625279427
fine_control,44,star_concave,29,private-source://routeA_experiments/data/prospective_ood_rd_hddm_alpha001_v2/star_concave/sample_0029.npz,b912306c3e4cf84f055f4027c6cbc49c3fe645a5fc0bf485bb647d711e1ff63b,0.003005807287991047,0.10223902308962741,0.49923560751956475,0.519170343875885,0.35030320286750777,0.4319504261016846
fine_control,44,star_concave,30,private-source://routeA_experiments/data/prospective_ood_rd_hddm_alpha001_v2/star_concave/sample_0030.npz,1bd349edcd0fe24a85799a24dcbb53d56be86031ab54fcf679a4c4fde7107b8f,0.003304462879896164,0.1028888462642643,0.5731488217626425,0.6299922615289688,0.3966788090765476,0.5322027236223222
fine_control,44,star_concave,31,private-source://routeA_experiments/data/prospective_ood_rd_hddm_alpha001_v2/star_concave/sample_0031.npz,3daaf895b3c605d8206001223ea51987d492384cfc95cffaef6b71828270eefc,0.00318076740950346,0.10966009280203709,0.6634003019611581,0.6809252500534058,0.45508239492774005,0.5798861764371396
fine_control,44,star_concave,32,private-source://routeA_experiments/data/prospective_ood_rd_hddm_alpha001_v2/star_concave/sample_0032.npz,49be9ff94661381e2571a267aba1a2060d7d7268dd348b9eb212f6af9b9674e3,0.003216647543013096,0.12378333310306051,0.6791211180176195,0.6509888768196106,0.4221829205751419,0.4993261793255803
fine_control,44,star_concave,33,private-source://routeA_experiments/data/prospective_ood_rd_hddm_alpha001_v2/star_concave/sample_0033.npz,e906aed2368936d827726997a5afb6856dea5ac228d3b90f881ec10af09186d9,0.003187348134815693,0.13095384614817207,0.7550185486512837,0.6373244524002075,0.4390422351658344,0.505021726042032
fine_control,44,star_concave,34,private-source://routeA_experiments/data/prospective_ood_rd_hddm_alpha001_v2/star_concave/sample_0034.npz,ae0a839396f99c4485788322b985c85386b92669d4e870cd7a2410af15f5c24d,0.00313540268689394,0.06352291683414263,0.26908751391225183,0.3566115200519562,0.2362862452864647,0.2987104207277298
fine_control,44,star_concave,35,private-source://routeA_experiments/data/prospective_ood_rd_hddm_alpha001_v2/star_concave/sample_0035.npz,fb59f617f0622c77d8fbb2f2fe1967a6c60ff2dc46aaa3b2084991efd399b23f,0.00306705292314291,0.1311628465181994,0.7562612500517071,0.6516030728816986,0.4687608264386653,0.5396845217049122
fine_control,44,star_concave,36,private-source://routeA_experiments/data/prospective_ood_rd_hddm_alpha001_v2/star_concave/sample_0036.npz,528b84c8ea17fb027544a4127081236bfc722f3a0ec2d9cbe46edd1bbc9ae09d,0.003139099106192589,0.13421594615532936,0.807442532857215,0.7149665653705597,0.4579808972775936,0.6320230349898338
fine_control,44,star_concave,37,private-source://routeA_experiments/data/prospective_ood_rd_hddm_alpha001_v2/star_concave/sample_0037.npz,ce4278bd066e42581dd68ea2402f3e7e51495b54c38492e0d6cfe639baedcd5f,0.003015805035829544,0.09039452973466289,0.42680629178817575,0.5246083438396454,0.3503621079027653,0.40631721362471585
fine_control,44,star_concave,38,private-source://routeA_experiments/data/prospective_ood_rd_hddm_alpha001_v2/star_concave/sample_0038.npz,6ba9092a7f68d6d13493fceadb5e908dc631b20b2a917da96f2634c547cb7849,0.00319588091224432,0.07531739074514202,0.3563735293361354,0.41048939526081085,0.29322201758623123,0.34689747154712697
fine_control,44,star_concave,39,private-source://routeA_experiments/data/prospective_ood_rd_hddm_alpha001_v2/star_concave/sample_0039.npz,22652a3d0dc5499ddc059fd0199f955f000a9224a1f5619549bd84fa34b70755,0.0031403861939907074,0.10499807368114751,0.533044248166368,0.5838046073913574,0.35628851801156997,0.40740083754062656
fine_control,44,star_concave,40,private-source://routeA_experiments/data/prospective_ood_rd_hddm_alpha001_v2/star_concave/sample_0040.npz,979af9334c1802b981da270d5875fa0c7b9ece1cdeae2d7ddab565fa7e35c3b0,0.00316495168954134,0.08936577456750698,0.48138843416963917,0.564315915107727,0.31932951956987365,0.3980222524702548
fine_control,44,star_concave,41,private-source://routeA_experiments/data/prospective_ood_rd_hddm_alpha001_v2/star_concave/sample_0041.npz,3e594e2e6d2ad746bc0157e3521e1d1f6090b162a1b92253789085a2dbb47654,0.003130858764052391,0.11856679925299149,0.6312744453482504,0.5814373195171356,0.4489874422550201,0.5174196207523346
fine_control,44,star_concave,42,private-source://routeA_experiments/data/prospective_ood_rd_hddm_alpha001_v2/star_concave/sample_0042.npz,c4c10181a5a8723bab009727251b85f91867206e2a7e7b2f496d7cbd97bde9f3,0.003093200735747814,0.11837442629141967,0.6791523275990428,0.6001866161823273,0.39862179160118094,0.48143613837659405
fine_control,44,star_concave,43,private-source://routeA_experiments/data/prospective_ood_rd_hddm_alpha001_v2/star_concave/sample_0043.npz,60596fdaece0c19a7997da29479b7375b7dab588e93a500a17be8ad6540c5652,0.003310035914182663,0.11146127764485125,0.5722598184593417,0.49115267395973206,0.3829782709479332,0.44938494682312
fine_control,44,star_concave,44,private-source://routeA_experiments/data/prospective_ood_rd_hddm_alpha001_v2/star_concave/sample_0044.npz,1383081fd3815f2104988ac35e4d709121c4e13596804ade49dc4e610ea86679,0.003122902475297451,0.09874795791901858,0.5388217893042061,0.5829381197690964,0.39302903264760963,0.50875068962574
fine_control,44,star_concave,45,private-source://routeA_experiments/data/prospective_ood_rd_hddm_alpha001_v2/star_concave/sample_0045.npz,023263165e13e05a212e40ecd70a27ba52200197231297219582d7e5bba3dbe2,0.0031841984018683434,0.10530677587146524,0.5654928792305327,0.6137988865375519,0.38156838715076413,0.5169110643863678
fine_control,44,star_concave,46,private-source://routeA_experiments/data/prospective_ood_rd_hddm_alpha001_v2/star_concave/sample_0046.npz,b15ee5f6922f4f24ee7033154d443e62434bd3a3733663097faabea670e06fc7,0.003206482157111168,0.06219890357418718,0.2963092568217534,0.38923075795173645,0.2537560820579528,0.30843168258666964
fine_control,44,star_concave,47,private-source://routeA_experiments/data/prospective_ood_rd_hddm_alpha001_v2/star_concave/sample_0047.npz,0dd14136387bff8f2e808a1c1b23f92c0b77dcb3e67f86d25f7d8837c77575de,0.002814698964357376,0.08849243227910293,0.4732213554680226,0.5130622684955597,0.33596773743629454,0.41187216043472286
fine_control,44,star_concave,48,private-source://routeA_experiments/data/prospective_ood_rd_hddm_alpha001_v2/star_concave/sample_0048.npz,170d40f333deaba43a45d4d2ea6cd73468bae603f4b0069e39c6200efecb0bcf,0.003245200030505657,0.07456788123555703,0.35911802150146993,0.41035977005958557,0.27320896089076996,0.3505181401968003
fine_control,44,star_concave,49,private-source://routeA_experiments/data/prospective_ood_rd_hddm_alpha001_v2/star_concave/sample_0049.npz,3baa64b964e40f4d041934f78d820db94115a9f893482d40b5eb2c6868bd541f,0.0033819861710071564,0.11924434544203276,0.6890584274893409,0.6671070456504822,0.45218126475811005,0.5581990242004395
fine_control,44,star_concave,50,private-source://routeA_experiments/data/prospective_ood_rd_hddm_alpha001_v2/star_concave/sample_0050.npz,1736fc66548c7d2e863a00e32a752906c88a567b1201f17522a5ad4de2a710f4,0.0035648737102746964,0.11631266211443406,0.6534899065963026,0.5447043478488922,0.3963130533695221,0.46128602683544156
fine_control,44,star_concave,51,private-source://routeA_experiments/data/prospective_ood_rd_hddm_alpha001_v2/star_concave/sample_0051.npz,bbee14e14361425abba154c6f545f34a6bc8991bef7312742393d461406dd03c,0.0034543341025710106,0.10303673915949019,0.587801649872299,0.589369386434555,0.3555432207882404,0.4518574798107129
fine_control,44,star_concave,52,private-source://routeA_experiments/data/prospective_ood_rd_hddm_alpha001_v2/star_concave/sample_0052.npz,ed45abe2c84a6a7a838830e4de837fa03cd05b8d959f2f8f0ce1a9d1d8665108,0.003624226897954941,0.1189361118708982,0.6769362759499497,0.6837259829044342,0.4552409201860426,0.5196548318862914
fine_control,44,star_concave,53,private-source://routeA_experiments/data/prospective_ood_rd_hddm_alpha001_v2/star_concave/sample_0053.npz,2cde7d03eeb67287459dbeac592a42bb82c4515f561e6dd2b826e65efe9946be,0.003503691405057907,0.07922915765206753,0.3828990528956133,0.5006656646728516,0.28984938412904737,0.39848202399909494
fine_control,44,star_concave,54,private-source://routeA_experiments/data/prospective_ood_rd_hddm_alpha001_v2/star_concave/sample_0054.npz,4cba00e0ed66cb2ac4d45603705ee8ce4570c268262d907c90c92a3a53a03f37,0.0034643905237317085,0.07579861885417793,0.35409888700891334,0.4157823920249939,0.28395018875598904,0.3500886066257954
fine_control,44,star_concave,55,private-source://routeA_experiments/data/prospective_ood_rd_hddm_alpha001_v2/star_concave/sample_0055.npz,dce22efcf9ad447d20a4f5bed0795d0132c8276ec8fd03667f04f5c47805d3f3,0.0027701202780008316,0.0770271585663452,0.3921214748136944,0.44364088773727417,0.33024395406246176,0.3989269518852231
fine_control,44,star_concave,56,private-source://routeA_experiments/data/prospective_ood_rd_hddm_alpha001_v2/star_concave/sample_0056.npz,235646d85b8c07970a3d8b865ffe8b58eda9eb036fb639d49673bb58d73de474,0.00319085456430912,0.07317388524622079,0.3819555422081409,0.5759295523166656,0.2941432897001503,0.3911339405179019
fine_control,44,star_concave,57,private-source://routeA_experiments/data/prospective_ood_rd_hddm_alpha001_v2/star_concave/sample_0057.npz,fba47c2f217c4b06672bfd7c97f817bd5a9470721ee275dd6011e375a632fe55,0.003178372047841549,0.1149177893578283,0.6455758296496723,0.5417599081993103,0.43238061964511876,0.49196529090404506
fine_control,44,star_concave,58,private-source://routeA_experiments/data/prospective_ood_rd_hddm_alpha001_v2/star_concave/sample_0058.npz,18c38148eac2df3c48d00500e74d23a957b100253e58db77dda149b67191d166,0.003465576097369194,0.137291209622758,0.7841954177590611,0.6356242597103119,0.43955525755882263,0.530646362304688
fine_control,44,star_concave,59,private-source://routeA_experiments/data/prospective_ood_rd_hddm_alpha001_v2/star_concave/sample_0059.npz,f9d7dc0bbca24cb8eb66c7b813db7c767b0d3758dcf605d732bbcb3fea82bdc9,0.003543596714735031,0.10382580168836127,0.5949404375589707,0.5354161560535431,0.37902715355157857,0.4465967816114433
fine_control,44,star_concave,60,private-source://routeA_experiments/data/prospective_ood_rd_hddm_alpha001_v2/star_concave/sample_0060.npz,ad8bdeb51e8207d14e6ab8946808203d53cfbcd39ebdfb58ff8542e60a2ce5f7,0.003055245615541935,0.104221287559212,0.5357921798057815,0.5008288323879242,0.38042150139808645,0.4342836974561214
fine_control,44,star_concave,61,private-source://routeA_experiments/data/prospective_ood_rd_hddm_alpha001_v2/star_concave/sample_0061.npz,6a8d098fa3cf0e8607b55e7b07d030a5a0586678285f123530f988ef18a29c9f,0.003144538961350918,0.09546078615878446,0.5417826601826269,0.6115210354328156,0.39392292499542236,0.5205273896455781
fine_control,44,star_concave,62,private-source://routeA_experiments/data/prospective_ood_rd_hddm_alpha001_v2/star_concave/sample_0062.npz,af2aa6263843eda66dc7a1fab1c879ffb7c49c81b11d63bf66e6a1d95823b5c9,0.0032394863665103912,0.09556537121423368,0.4491189597064587,0.4463544934988022,0.35145880281925196,0.39545763254165656
fine_control,44,star_concave,63,private-source://routeA_experiments/data/prospective_ood_rd_hddm_alpha001_v2/star_concave/sample_0063.npz,1d64b549093de73ce0aefc5a37a4f60e6d676c1cd705eb98d536ff5d4bef87a7,0.0033623622730374336,0.1179594715287825,0.6330918847588026,0.6623469293117523,0.4249093413352967,0.5095721651613714
fine_control,44,star_concave,64,private-source://routeA_experiments/data/prospective_ood_rd_hddm_alpha001_v2/star_concave/sample_0064.npz,df2e0d7751b94355ed613e5666bca2fb52173d2dcd42ae84fc71ea01084f44df,0.003125346265733242,0.12434334271277668,0.6853830387587393,0.6324430704116821,0.4679006531834602,0.5717494277656078
fine_control,44,star_concave,65,private-source://routeA_experiments/data/prospective_ood_rd_hddm_alpha001_v2/star_concave/sample_0065.npz,6be62c8bf97c5e0d45b37e969d56e99f2cd1a93cbfa17aff04e3123165f38d67,0.0031697703525424004,0.09137817028022824,0.448272641743587,0.6448532417416573,0.3505062699317927,0.44422690957784655
fine_control,44,star_concave,66,private-source://routeA_experiments/data/prospective_ood_rd_hddm_alpha001_v2/star_concave/sample_0066.npz,0b6d24abc0a7ac7e8c177054dfeb0fe09760ac17f68380edd5064919b3f5a1cb,0.003230239264667034,0.12949280009216613,0.8349729490187142,0.7619290351867676,0.5033398829400539,0.6378561347723011
fine_control,44,star_concave,67,private-source://routeA_experiments/data/prospective_ood_rd_hddm_alpha001_v2/star_concave/sample_0067.npz,0ca774ec08694066988a6ae4ef908c7dfb68e93c52137929de1a67ca05e2995a,0.003466399386525154,0.0706741299776444,0.31835214575090465,0.3682846575975418,0.2528170332312584,0.290735981464386
fine_control,44,star_concave,68,private-source://routeA_experiments/data/prospective_ood_rd_hddm_alpha001_v2/star_concave/sample_0068.npz,e76410fee1405db62c2b1b1129e514e7332ae0d1c54b743f299ee2fd119d95d8,0.003226987086236477,0.12032125897508637,0.735954840934804,0.6627021431922913,0.42716271281242374,0.48878841161727926
fine_control,44,star_concave,69,private-source://routeA_experiments/data/prospective_ood_rd_hddm_alpha001_v2/star_concave/sample_0069.npz,364b7c5d47826d22443658d1cb9c8b05008763aa6dd8a85bfa73678203751c21,0.0031099794432520866,0.10744258181408581,0.6108522216529373,0.6056451499462128,0.4287430852651596,0.5399848584830761
fine_control,44,star_concave,70,private-source://routeA_experiments/data/prospective_ood_rd_hddm_alpha001_v2/star_concave/sample_0070.npz,7ae2d6139034f24d5fa0ecd56cf638c38a469593bfea66160f4a003c37c778af,0.003270230256021023,0.1471084655455765,0.8961865107024983,0.6836386024951935,0.49245351552963257,0.6170795261859894
fine_control,44,star_concave,71,private-source://routeA_experiments/data/prospective_ood_rd_hddm_alpha001_v2/star_concave/sample_0071.npz,387823e996225fc808f345546490c6cfd199eedc7843a0aa5f39fe248acd4320,0.003220713697373867,0.12873790263096294,0.7749899373207503,0.6774232089519501,0.4875510111451149,0.5751589611172676
fine_control,44,star_concave,72,private-source://routeA_experiments/data/prospective_ood_rd_hddm_alpha001_v2/star_concave/sample_0072.npz,35ccb4b6c6fd7f8c488468219502bff16e032bd7df63bc8f74d635a6bc181457,0.002890593372285366,0.06600285812558296,0.3010932388956532,0.4075022339820862,0.2573389694094656,0.3267689502239224
fine_control,44,star_concave,73,private-source://routeA_experiments/data/prospective_ood_rd_hddm_alpha001_v2/star_concave/sample_0073.npz,2738195cdbe5996a364285abc0046a1cb2d15377f53b9fe666c06434481dc2f6,0.003201579675078392,0.13745489006032302,1.1583233054984032,0.8661119490861893,0.5003955289721489,0.7121930966526278
fine_control,44,star_concave,74,private-source://routeA_experiments/data/prospective_ood_rd_hddm_alpha001_v2/star_concave/sample_0074.npz,d0d1391ed00492cecce69dfa827b340324d88adf3a584bf7899bf2ea4cc0314a,0.0032358868047595024,0.1271983353572666,0.8398669903057739,0.6961189806461334,0.4736406052485108,0.601527785360813
fine_control,44,star_concave,75,private-source://routeA_experiments/data/prospective_ood_rd_hddm_alpha001_v2/star_concave/sample_0075.npz,592a563399989b953ca42755b7dcf3082863fbc8512c089d574642d62bfa768f,0.003262062557041645,0.09055693536440355,0.45298573908262224,0.498296320438385,0.34995168447494485,0.4459803199768065
fine_control,44,star_concave,76,private-source://routeA_experiments/data/prospective_ood_rd_hddm_alpha001_v2/star_concave/sample_0076.npz,833a3a6d3d9ddba1bac61edee72bfdfb032a4ad685b0cec46d80805537b407fb,0.003206830471754074,0.06550351868314067,0.29751668119836844,0.4259268343448639,0.2512841373682022,0.33367925882339466
fine_control,44,star_concave,77,private-source://routeA_experiments/data/prospective_ood_rd_hddm_alpha001_v2/star_concave/sample_0077.npz,cfd4cb676fb49608dfc569217160e8783cceaeb7579e08c111f5b81d17f661e2,0.0033649709075689316,0.11486254922560071,0.6507162162711579,0.5908178687095642,0.4468579739332199,0.536356583237648
fine_control,44,star_concave,78,private-source://routeA_experiments/data/prospective_ood_rd_hddm_alpha001_v2/star_concave/sample_0078.npz,7f023420213a2f7e2fd89a7dba911906863dce1e53ef77466750637ab128e623,0.0028996542096138,0.08513255551060145,0.48784499166682116,0.5054184794425964,0.3516921490430831,0.4040626552700994
fine_control,44,star_concave,79,private-source://routeA_experiments/data/prospective_ood_rd_hddm_alpha001_v2/star_concave/sample_0079.npz,af0530854ecbd25049782a6643d0e28babcca47a66f81ffebbdeb2bee3d4add5,0.002867584116756916,0.09531249553560502,0.4640184695068538,0.5216480940580368,0.34599505364894867,0.46058229729533195
fine_control,44,star_concave,80,private-source://routeA_experiments/data/prospective_ood_rd_hddm_alpha001_v2/star_concave/sample_0080.npz,0d8bf642f804cdb4c44ec3c97a7c8aa4aee2892c6e9e3f5615119b6231c98adb,0.0032263975590467453,0.11357738214161903,0.640178393246133,0.646338552236557,0.4293758951127527,0.5354893565177917
fine_control,44,star_concave,81,private-source://routeA_experiments/data/prospective_ood_rd_hddm_alpha001_v2/star_concave/sample_0081.npz,fcf2bf5bfee08e8bfdd64849976df45af7e75bffcb95d99bd5340ec6e971576b,0.0032051177695393562,0.11539840092369881,0.6976795460185425,0.6152134537696838,0.4284677475690841,0.5082813054323193
fine_control,44,star_concave,82,private-source://routeA_experiments/data/prospective_ood_rd_hddm_alpha001_v2/star_concave/sample_0082.npz,eecebee0f558d9151ce9118d6aed764ce2ca8fb51723395fa7340defaa974edd,0.0033330339938402176,0.14276170558389026,1.3701474674111782,0.8350242674350739,0.5267241282388568,0.6933295550942425
fine_control,44,star_concave,83,private-source://routeA_experiments/data/prospective_ood_rd_hddm_alpha001_v2/star_concave/sample_0083.npz,e5abdab9321ee56ed869ed460fa271c06a6390dc7c65469ad1fde0bfbc3f052e,0.003109728917479515,0.12808364909116193,0.8944508274294968,0.7655666470527649,0.4902645543217659,0.576772425174712
fine_control,44,star_concave,84,private-source://routeA_experiments/data/prospective_ood_rd_hddm_alpha001_v2/star_concave/sample_0084.npz,42b2e9080004dd7e87c755cf533ee961aee427788297acc5e783f709e47baeb3,0.003278149291872978,0.11248571626218912,0.6227245209466671,0.6205181777477264,0.4165849305689334,0.4794316804409028
fine_control,44,star_concave,85,private-source://routeA_experiments/data/prospective_ood_rd_hddm_alpha001_v2/star_concave/sample_0085.npz,307c7f1bcc7bff44abcc6a30dc1e3969ede6f73df314300a047b61ccf6c3a378,0.003208930604159832,0.10899705048472352,0.6689960277580372,0.6432619094848633,0.41815832257270813,0.5288840532302858
fine_control,44,star_concave,86,private-source://routeA_experiments/data/prospective_ood_rd_hddm_alpha001_v2/star_concave/sample_0086.npz,b3bb0c62290c26c875c27ae948d6b587087d0569c3f356201eb0f22fdb2a3e09,0.003255200572311878,0.12311236994700586,0.717956451137223,0.6328143775463104,0.4379780352115631,0.5527836415171623
fine_control,44,star_concave,87,private-source://routeA_experiments/data/prospective_ood_rd_hddm_alpha001_v2/star_concave/sample_0087.npz,7dbf43fba15e26840cbf500867302ab7673d25663cd48115751bfd9162ec41f8,0.0030559776350855827,0.08680784313729147,0.3992336739886949,0.4063989222049713,0.3364186465740204,0.37702062547206877
fine_control,44,star_concave,88,private-source://routeA_experiments/data/prospective_ood_rd_hddm_alpha001_v2/star_concave/sample_0088.npz,46b403b9b0883fb6fafe6d706ff132a9019b0523c686f8c32b2cf73973dc110b,0.003479280509054661,0.1263840529926865,0.7016398085632864,0.6025227606296539,0.44526169300079327,0.5335900270938865
fine_control,44,star_concave,89,private-source://routeA_experiments/data/prospective_ood_rd_hddm_alpha001_v2/star_concave/sample_0089.npz,4b05a4955d6129f9c7936385ebb4ab230f3bef639b45cb994afa8092d2aa1480,0.003602437674999237,0.12933777638184732,0.8167028620084943,0.7211315780878067,0.45436772853136004,0.5217706537246704
fine_control,44,star_concave,90,private-source://routeA_experiments/data/prospective_ood_rd_hddm_alpha001_v2/star_concave/sample_0090.npz,562c2f1d56afdd8da2679e39e24f0681dfc71b8a722e546b74aa0f3f574a15bc,0.003462783060967922,0.09599655204155899,0.5608648032748024,0.5317168235778809,0.3751850068569183,0.43323170185089094
fine_control,44,star_concave,91,private-source://routeA_experiments/data/prospective_ood_rd_hddm_alpha001_v2/star_concave/sample_0091.npz,f841635f22b41963248fac05366396a38bf40de493e33e45588fb8fd0d09f968,0.0036878911778330803,0.1305295298889795,0.7495201172221125,0.6231409311294556,0.46088458001613614,0.5648155498504638
fine_control,44,star_concave,92,private-source://routeA_experiments/data/prospective_ood_rd_hddm_alpha001_v2/star_concave/sample_0092.npz,a4d8c9efc38c8dccdb95d6c4299d63e986137338f9a4d90ce862e166f09abfc5,0.002993420697748661,0.10240724277647462,0.5851136673072835,0.5408324897289276,0.40962563306093225,0.4925544565916059
fine_control,44,star_concave,93,private-source://routeA_experiments/data/prospective_ood_rd_hddm_alpha001_v2/star_concave/sample_0093.npz,aaa767ef1eddfd044b5bf6a9fbef6b61dc5de5a86360570f0a77b5f524e97dce,0.003239814192056656,0.13880829716584817,0.8234898320762509,0.6898051500320435,0.49852306991815504,0.6103652249276637
fine_control,44,star_concave,94,private-source://routeA_experiments/data/prospective_ood_rd_hddm_alpha001_v2/star_concave/sample_0094.npz,a154a56ddefca8edbcf263aff519e91ce0f4e58465c7717e79c68dc97d11b9cd,0.0031726108863949776,0.07386570779124627,0.3447029084361659,0.4300496578216553,0.2915639877319336,0.37946582138538343
fine_control,44,star_concave,95,private-source://routeA_experiments/data/prospective_ood_rd_hddm_alpha001_v2/star_concave/sample_0095.npz,610bda6ba90ca73114af1042f6933531fbea7cab4fd66994183455d85a6010af,0.0031836535781621933,0.09637919133515424,0.45547587327599676,0.4833870828151703,0.3480472380295396,0.4297207587957384
fine_control,44,star_concave,96,private-source://routeA_experiments/data/prospective_ood_rd_hddm_alpha001_v2/star_concave/sample_0096.npz,7917e7c1d6f0406fa9182f86bd5be59e3098f4dcff79f5930d3877b0a1e63145,0.003172880969941616,0.11162665055739705,0.6457064468540087,0.6077280044555664,0.4173353731632232,0.5279750996828081
fine_control,44,star_concave,97,private-source://routeA_experiments/data/prospective_ood_rd_hddm_alpha001_v2/star_concave/sample_0097.npz,7d62afce33a59e7363d7fc907585bfe008936306d94881e9a078db26dc18157a,0.0031816428527235985,0.12652666960986061,0.6325179501656107,0.6552329957485199,0.45044204592704773,0.5379128754138947
fine_control,44,star_concave,98,private-source://routeA_experiments/data/prospective_ood_rd_hddm_alpha001_v2/star_concave/sample_0098.npz,82c3fdcc10ce0484d81abe39a21224cfecabe860524345fd21840bdeb8f08905,0.0032350346446037292,0.08029260267117863,0.42810252498170853,0.39751864969730377,0.3086080625653267,0.36106682270765306
fine_control,44,star_concave,99,private-source://routeA_experiments/data/prospective_ood_rd_hddm_alpha001_v2/star_concave/sample_0099.npz,42899fd8a5f5a539afe710561c1d64b294124afd2a7fa4d6bfdc8dbb4cf853ae,0.003108699806034565,0.08829437098537694,0.4153250773364227,0.4913850724697113,0.3449197500944137,0.41882643669843683
fine_control,44,star_concave,100,private-source://routeA_experiments/data/prospective_ood_rd_hddm_alpha001_v2/star_concave/sample_0100.npz,b2799e0a19e65139cf29cb348720c12f52c75ee9aecd3d993b39ffd6d77a7136,0.00305805541574955,0.12027008502834452,0.6016225469726042,0.6389120221138,0.41132959164679045,0.49317533373832706
fine_control,44,star_concave,101,private-source://routeA_experiments/data/prospective_ood_rd_hddm_alpha001_v2/star_concave/sample_0101.npz,77f5771f7fb6794527efaea4da878ab24f6c10142a63483a9d2d7d0cc360d2d1,0.0032144831493496895,0.09692613405177018,0.4579884168785745,0.617561548948288,0.345968060195446,0.4015069708228107
fine_control,44,star_concave,102,private-source://routeA_experiments/data/prospective_ood_rd_hddm_alpha001_v2/star_concave/sample_0102.npz,7809a5edfb14edaf519c2b3af3950525a2e8c8a8afca6a8cd20dad8cca2ff262,0.003188406117260456,0.11843252581604513,0.6526096229223265,0.5763928294181824,0.4117584377527237,0.48490094393491745
fine_control,44,star_concave,103,private-source://routeA_experiments/data/prospective_ood_rd_hddm_alpha001_v2/star_concave/sample_0103.npz,1e622b0f01095983080bae30dd0105f2b63383dbb92566dee14bdc6b21842e3a,0.002867128700017929,0.10571770141031461,0.5946794994325061,0.5730164051055908,0.4150634959340095,0.49246221363544457
fine_control,44,star_concave,104,private-source://routeA_experiments/data/prospective_ood_rd_hddm_alpha001_v2/star_concave/sample_0104.npz,a586ef53200f2a2874d0bec4d38d819164ee1ad51b9a31172756a0acac53eb4f,0.003266656771302223,0.08581759342733745,0.4548993155648605,0.46095409989356995,0.31324927136301994,0.38114069819450347
fine_control,44,star_concave,105,private-source://routeA_experiments/data/prospective_ood_rd_hddm_alpha001_v2/star_concave/sample_0105.npz,fbe036f3ba7e29c58ad15958277e4f0a631d9dbe9c9738a712d0e120979da252,0.0034557096660137177,0.09997880849549577,0.49023417986535367,0.5425155162811279,0.347073673084378,0.40066423058509837
fine_control,44,star_concave,106,private-source://routeA_experiments/data/prospective_ood_rd_hddm_alpha001_v2/star_concave/sample_0106.npz,77ee446c4ec99eb4a4a69271d7442b40755008e0ba89f52f06102e4951fdcc97,0.0036305058747529984,0.11387668079209197,0.6641091389430944,0.6508825123310089,0.43910349495708945,0.534541866481304
fine_control,44,star_concave,107,private-source://routeA_experiments/data/prospective_ood_rd_hddm_alpha001_v2/star_concave/sample_0107.npz,9909df5b2c8cb43975e27322a09dd30924b8b2486f3909f2d4c0263e6a420e1d,0.003154665231704712,0.12165904208139837,0.6789713266130905,0.6058337092399597,0.41617273464798926,0.5109146693348883
fine_control,44,star_concave,108,private-source://routeA_experiments/data/prospective_ood_rd_hddm_alpha001_v2/star_concave/sample_0108.npz,f14296487a120c18b86ed5166d56b76a1092cb2d50d54253bdd3df784730f435,0.0031562522053718567,0.08840495849319983,0.472494097721303,0.4596517086029053,0.32717379927635193,0.3939081430435184
fine_control,44,star_concave,109,private-source://routeA_experiments/data/prospective_ood_rd_hddm_alpha001_v2/star_concave/sample_0109.npz,5efae8b79d62692fd4d6c11d4acd9743008b0f6f1cfb22f8da84314c1ee13027,0.0031890925019979477,0.08822108754463097,0.426434397107611,0.42132001370191574,0.3139541663229465,0.36527641892433166
fine_control,44,star_concave,110,private-source://routeA_experiments/data/prospective_ood_rd_hddm_alpha001_v2/star_concave/sample_0110.npz,6bee368483186df489d00f012aa97037205449bd3f079d246194cff1b1db79de,0.0031600715592503548,0.10940696812292981,0.5923641340104903,0.5803596377372742,0.3953821539878844,0.47920022428035736
fine_control,44,star_concave,111,private-source://routeA_experiments/data/prospective_ood_rd_hddm_alpha001_v2/star_concave/sample_0111.npz,fd36365012b8b08fa6dc5f679418b95a812fb25fcf02da8f8a2d78a1da20b90c,0.0032016243785619736,0.10781406242787721,0.5582740036687609,0.5056174695491791,0.35478662252426146,0.41150984644889843
fine_control,44,star_concave,112,private-source://routeA_experiments/data/prospective_ood_rd_hddm_alpha001_v2/star_concave/sample_0112.npz,b196163e725c5f13e063b03c2f311a38a83498677188bbaf9ac548c04137ff1d,0.0035700341686606407,0.10716536763240476,0.5975830101728046,0.5853072106838226,0.37656898349523515,0.46634355753660184
fine_control,44,star_concave,113,private-source://routeA_experiments/data/prospective_ood_rd_hddm_alpha001_v2/star_concave/sample_0113.npz,7658116c35833629bbbdd3be7ac254197c8b3f70373a5754e1852a1c944adc54,0.0031424593180418015,0.07388374993274728,0.3646671215154163,0.42214347794651985,0.3183215767145156,0.3781142479181289
fine_control,44,star_concave,114,private-source://routeA_experiments/data/prospective_ood_rd_hddm_alpha001_v2/star_concave/sample_0114.npz,8f464174cd05f745a11b44e72ec62293d308f5bfee0b7c4c97ee27afabc9bf12,0.0031679021194577217,0.08805261121899514,0.4694615262576997,0.4552399814128876,0.36552606970071727,0.4283236616849899
fine_control,44,star_concave,115,private-source://routeA_experiments/data/prospective_ood_rd_hddm_alpha001_v2/star_concave/sample_0115.npz,55f49c70429cd725bd076dc190ba781d383feb5f68c35cbb727215adf3ca2cec,0.0033043231815099716,0.12810474150511314,0.7802180204817837,0.6957363486289978,0.4659933976829052,0.5829888117313377
fine_control,44,star_concave,116,private-source://routeA_experiments/data/prospective_ood_rd_hddm_alpha001_v2/star_concave/sample_0116.npz,33ab98c78fdf1aa6324852fc2a61462352f31e540635776c19a0a5cb1b72349f,0.0031155915930867195,0.07865421448091406,0.35935016472673137,0.44098880141973495,0.28850239515304565,0.3423676714301105
fine_control,44,star_concave,117,private-source://routeA_experiments/data/prospective_ood_rd_hddm_alpha001_v2/star_concave/sample_0117.npz,63ca60b899abf7eb56048e8d86ac5f797ba727942040871be466de9220f807c3,0.0036444636061787605,0.12163260637567203,0.7318784030677539,0.6479769349098206,0.42528700828552246,0.5284572720527647
fine_control,44,star_concave,118,private-source://routeA_experiments/data/prospective_ood_rd_hddm_alpha001_v2/star_concave/sample_0118.npz,5e1445f7a185641f6adb0d6871fb8cbda8664f8551f637d8f69b41e8462db0b1,0.002902545966207981,0.10178320811458547,0.5901135227970049,0.6272466480731964,0.4061303660273537,0.528482614457607
fine_control,44,star_concave,119,private-source://routeA_experiments/data/prospective_ood_rd_hddm_alpha001_v2/star_concave/sample_0119.npz,781b03ef3e3e9f67cd090b7ccee86f87669c7a22a2e3aa0b82e4560d2b21820f,0.0031804395839571953,0.12350506205314858,0.7942321020661409,0.7098972797393799,0.4386687729507684,0.5352404704689977
fine_control,44,star_concave,120,private-source://routeA_experiments/data/prospective_ood_rd_hddm_alpha001_v2/star_concave/sample_0120.npz,476685abe2472a157969c1f5a839fe7f1aded68fd5977ece1881cb5d6ed61345,0.0036150887608528137,0.10887826215808208,0.6540196110929866,0.7508261203765869,0.4459574475884437,0.5879507821798323
fine_control,44,star_concave,121,private-source://routeA_experiments/data/prospective_ood_rd_hddm_alpha001_v2/star_concave/sample_0121.npz,d44dd313ef06efdc53842cbcd25e7c94f8002b26269a8d974d6b4e2189c7cf49,0.0036619780585169792,0.09895934604696227,0.538248078444733,0.4690224528312683,0.355246365070343,0.400419682264328
fine_control,44,star_concave,122,private-source://routeA_experiments/data/prospective_ood_rd_hddm_alpha001_v2/star_concave/sample_0122.npz,7c749504b1437233839eacfc2c94c00613d75381374e8f1ac33b9197daf4612f,0.003141920082271099,0.11155318354428373,0.5756135067707664,0.5448699593544006,0.39203697443008406,0.47117400765419004
fine_control,44,star_concave,123,private-source://routeA_experiments/data/prospective_ood_rd_hddm_alpha001_v2/star_concave/sample_0123.npz,2f7b8f1084aa65d36f64bdfd0ad63dba1070e18b385551aaeeed4bd3345d07eb,0.003295621834695339,0.11463245074633603,0.6465454199507957,0.6331272125244141,0.40193507671356193,0.47714518010616297
fine_control,44,star_concave,124,private-source://routeA_experiments/data/prospective_ood_rd_hddm_alpha001_v2/star_concave/sample_0124.npz,ee8cc9c9780afa5d2b0a24922a73005506c2939875b3c50b69bf8b4fb4097be6,0.003163263201713562,0.08580485976457079,0.4441883089682095,0.46581923961639404,0.30603582933545104,0.3922286406159401
fine_control,44,star_concave,125,private-source://routeA_experiments/data/prospective_ood_rd_hddm_alpha001_v2/star_concave/sample_0125.npz,95c3cac8c54fe43f20a59431a44f07cf020825ee735ba75cd2bc048b4c3859ba,0.0035150814801454544,0.12813659568926805,0.7903725845687963,0.690260499715805,0.46187519412487743,0.606587895825505
fine_control,44,star_concave,126,private-source://routeA_experiments/data/prospective_ood_rd_hddm_alpha001_v2/star_concave/sample_0126.npz,92785828d21aa7474cbb2eead5c468fc662d8408973e402dbf64a5491b7aa6d3,0.0033145220950245857,0.0836961281465868,0.391346465175769,0.4091115742921829,0.33556139469146734,0.38627069592475893
fine_control,44,star_concave,127,private-source://routeA_experiments/data/prospective_ood_rd_hddm_alpha001_v2/star_concave/sample_0127.npz,6240432158188c6377d1af044607ddc0d26482f74bd3ca875898f7064546cc93,0.0028756996616721153,0.10554476762719234,0.5876167392729661,0.5655819177627563,0.3628470830619335,0.4719865378737445
fine_control,44,star_concave,128,private-source://routeA_experiments/data/prospective_ood_rd_hddm_alpha001_v2/star_concave/sample_0128.npz,0b59ec75f4c8496864064dfb32ae8a9d4126678dbd85fe5bd0591e5216f96aad,0.003246852196753025,0.09028947401271627,0.44032706926215015,0.5489035546779633,0.3589970998466011,0.4617670845985421
fine_control,44,star_concave,129,private-source://routeA_experiments/data/prospective_ood_rd_hddm_alpha001_v2/star_concave/sample_0129.npz,490cffc887e2ec71d5a39def540ee809507583f309dc44b073e953a6e4be1aae,0.0035041281953454018,0.09393097898752417,0.46527949419784304,0.5581519305706024,0.30459057427942754,0.35805371046066203
fine_control,44,star_concave,130,private-source://routeA_experiments/data/prospective_ood_rd_hddm_alpha001_v2/star_concave/sample_0130.npz,4d1e8d96d7fcb07225ed2c80819afd45bed479d7b0276561f62b212b99b225f9,0.0032082349061965942,0.09152472715274874,0.45113585687964636,0.4330486059188843,0.33551479578018184,0.38893565058708185
fine_control,44,star_concave,131,private-source://routeA_experiments/data/prospective_ood_rd_hddm_alpha001_v2/star_concave/sample_0131.npz,e67f5f3314eb9639b1a29bc2cf34e4154f8c3a4c6aa5b1e046f23015f1913345,0.0032611414790153503,0.1080033704303729,0.5922052254875545,0.6040520966053009,0.3916864097118377,0.47147932946681975
fine_control,44,star_concave,132,private-source://routeA_experiments/data/prospective_ood_rd_hddm_alpha001_v2/star_concave/sample_0132.npz,efbafa19d305c98c4298b184f17160dd263aea854458f681e045011684a4500f,0.0033016642555594444,0.14230777409056683,0.7745252182301477,0.6337403953075409,0.44913754537701606,0.5192159503698348
fine_control,44,star_concave,133,private-source://routeA_experiments/data/prospective_ood_rd_hddm_alpha001_v2/star_concave/sample_0133.npz,ac5b59374058467ba8a0e8d1038c302b291ebfe33dddcefd3485c09e5e9db034,0.0028925156220793724,0.10051594119022005,0.5052343934008674,0.6004910469055176,0.3858376741409302,0.43834729492664365
fine_control,44,star_concave,134,private-source://routeA_experiments/data/prospective_ood_rd_hddm_alpha001_v2/star_concave/sample_0134.npz,698cdfaf758c0ce8534b7887fe5c24d821ec04157ead34e39f7d1688a4d1fee6,0.0036240555346012115,0.1033180423499076,0.5245637000383975,0.6394180655479431,0.39469523951411245,0.490029913187027
fine_control,44,star_concave,135,private-source://routeA_experiments/data/prospective_ood_rd_hddm_alpha001_v2/star_concave/sample_0135.npz,0d0c4a18379290c731fed21f2627bb012972aa932a5c0fa3600440ca617362f5,0.003571920096874237,0.10550787213343957,0.5494191035222553,0.6228818446397781,0.3630209565162659,0.44091793835163123
fine_control,44,star_concave,136,private-source://routeA_experiments/data/prospective_ood_rd_hddm_alpha001_v2/star_concave/sample_0136.npz,a21474628f5ea2e01e6c6c31400fa79e80f00f083e5762d1d2ec8da62832bf51,0.0031970907002687454,0.0947079724082721,0.5115122882611501,0.439118891954422,0.3443410564213991,0.415017604827881
fine_control,44,star_concave,137,private-source://routeA_experiments/data/prospective_ood_rd_hddm_alpha001_v2/star_concave/sample_0137.npz,32270c08d5c4d02df1b251216ac2ec68396e8de703996d34c566047242ecf071,0.0030799126252532005,0.13984042511867048,1.0140240387183959,0.8576073348522186,0.5014822542667389,0.7286292531341312
fine_control,44,star_concave,138,private-source://routeA_experiments/data/prospective_ood_rd_hddm_alpha001_v2/star_concave/sample_0138.npz,56a5ba648e8989fd8e4fc2b097d1cf6bbd55365822d1df293d231a02772f474f,0.00326626468449831,0.09496446754618486,0.527978827997051,0.5513691902160645,0.35252487659454346,0.42869033515453403
fine_control,44,star_concave,139,private-source://routeA_experiments/data/prospective_ood_rd_hddm_alpha001_v2/star_concave/sample_0139.npz,50a825fb9f6a3ca2a14f234f813b84e2393c4954818d874df32d742dd2c44f7b,0.003132135607302189,0.08190849446524454,0.43129833653759947,0.5063929259777069,0.30533223114907726,0.3727901451289654
fine_control,44,star_concave,140,private-source://routeA_experiments/data/prospective_ood_rd_hddm_alpha001_v2/star_concave/sample_0140.npz,6eed5033eeb5de188451d9e26ad8eacf53f167e16caf0c850f271c37e72a7343,0.003270287998020649,0.08131437740254194,0.3987931066558688,0.435681015253067,0.2913508117198944,0.3348399519920349
fine_control,44,star_concave,141,private-source://routeA_experiments/data/prospective_ood_rd_hddm_alpha001_v2/star_concave/sample_0141.npz,a907cd099a64c8511634df9793e5009356b21e455167b82fc179a582273ad2e0,0.002872665412724018,0.0635519842525082,0.29359174546267663,0.35757046937942505,0.2487360417842866,0.32721733093261723
fine_control,44,star_concave,142,private-source://routeA_experiments/data/prospective_ood_rd_hddm_alpha001_v2/star_concave/sample_0142.npz,c351df90c2012fee03b759f7e74a2cc328cbd5e58c5ca8cb337cbb12147212f7,0.0032463576644659042,0.09460195159503618,0.5336318476775773,0.7947835326194763,0.39223046600818634,0.5384812951087953
fine_control,44,star_concave,143,private-source://routeA_experiments/data/prospective_ood_rd_hddm_alpha001_v2/star_concave/sample_0143.npz,098448b2527ae0bc73253fde5c87522c791cf59537cba8edcd6d7caf1b4e6865,0.003188563510775566,0.15224400443910563,1.1793714936296698,0.8531129360198975,0.5418371960520744,0.725064707621932
fine_control,44,star_concave,144,private-source://routeA_experiments/data/prospective_ood_rd_hddm_alpha001_v2/star_concave/sample_0144.npz,36e501d5cd401896953395e689dd63829d255ca199339df9d550472e654739f2,0.003115820698440075,0.08679440420853618,0.4345284719591076,0.5187009871006012,0.33765723779797574,0.47474353879690173
fine_control,44,star_concave,145,private-source://routeA_experiments/data/prospective_ood_rd_hddm_alpha001_v2/star_concave/sample_0145.npz,0ad05974dcc3a0058ef1c0d09bc6dac91b0ff378c5f5b05dd51a53e776b533f1,0.0033047590404748917,0.133143085104069,0.7563846536787383,0.6819415092468262,0.483573904260993,0.5769283026456833
fine_control,44,star_concave,146,private-source://routeA_experiments/data/prospective_ood_rd_hddm_alpha001_v2/star_concave/sample_0146.npz,04fe2315b6738e155a6f486405ee2732ffd869607809f609396295991e3da6ca,0.0032376497983932495,0.11732554408862561,0.7401991612914561,0.6539996564388275,0.4297843523323533,0.5144652056694021
fine_control,44,star_concave,147,private-source://routeA_experiments/data/prospective_ood_rd_hddm_alpha001_v2/star_concave/sample_0147.npz,9bf550380294c2bbc3282540dbb56f5b988b488b234567a6ee8ced872a31ed48,0.0031063733622431755,0.13903824734460757,0.7727456649141703,0.8208707123994827,0.4880394257605076,0.5816279047727586
fine_control,44,star_concave,148,private-source://routeA_experiments/data/prospective_ood_rd_hddm_alpha001_v2/star_concave/sample_0148.npz,a001adad8040c93bc67319afa17cd043927ab409b2e313f15a99d6459047bba9,0.0031470302492380142,0.11270523610816348,0.5392581662210353,0.5121104717254639,0.36661704778671256,0.435483328253031
fine_control,44,star_concave,149,private-source://routeA_experiments/data/prospective_ood_rd_hddm_alpha001_v2/star_concave/sample_0149.npz,b1137e6b1881fb85aa272787edec47cc66bdc286b602033c5c62eca8ca8eb42f,0.003090938553214073,0.10664308692520849,0.647217875656064,0.5587435066699982,0.42260527499020106,0.5164491142332553
fine_control,44,star_concave,150,private-source://routeA_experiments/data/prospective_ood_rd_hddm_alpha001_v2/star_concave/sample_0150.npz,1a1346fbc7a0a6b7a450694616d1bed605f9aea6a06aa42f6b0fc13fc0c1b237,0.0031617963686585426,0.06540301441730209,0.29672184119415845,0.3807160258293152,0.25692329406738285,0.31700181365013214
fine_control,44,star_concave,151,private-source://routeA_experiments/data/prospective_ood_rd_hddm_alpha001_v2/star_concave/sample_0151.npz,0c37adba479d7c1e405d14ee8ca362906b22789dcd73cd0025cea686b9d5868f,0.0033988775685429573,0.10352630595270751,0.5744193252779637,0.49903324246406555,0.38982700034976,0.43895998448133466
fine_control,44,star_concave,152,private-source://routeA_experiments/data/prospective_ood_rd_hddm_alpha001_v2/star_concave/sample_0152.npz,493bd2253a0889cc50e1ea615e373a8197fb7e27b206ad5689e02586553e761d,0.00323370099067688,0.08738693896314392,0.4085507144054051,0.5844333171844482,0.3124445676803589,0.4348601758480098
fine_control,44,star_concave,153,private-source://routeA_experiments/data/prospective_ood_rd_hddm_alpha001_v2/star_concave/sample_0153.npz,ac82ba7a6e4d926236266e27b4eb944cfbb25cd0f65fa764d0c5b34ba6446fbc,0.003182142972946167,0.1168004453757419,0.6003500861190367,0.5822755098342896,0.399857110530138,0.46397881299257315
fine_control,44,star_concave,154,private-source://routeA_experiments/data/prospective_ood_rd_hddm_alpha001_v2/star_concave/sample_0154.npz,5b375d8a82047d688b8f0bc6d7eda5883b59ffd29e73eda4a65465ff28977100,0.003164852038025856,0.09009978570675661,0.48928059483501285,0.5301631093025208,0.33882716596126555,0.4144162985682486
fine_control,44,star_concave,155,private-source://routeA_experiments/data/prospective_ood_rd_hddm_alpha001_v2/star_concave/sample_0155.npz,c227feb4bc838ca459c2cdb6c2fe08d3c97cd3c54cb120325b6eb8829f0427da,0.003146093338727951,0.09216976989633592,0.45555743760070594,0.4537629187107086,0.3339312313124537,0.3934767030179499
fine_control,44,star_concave,156,private-source://routeA_experiments/data/prospective_ood_rd_hddm_alpha001_v2/star_concave/sample_0156.npz,d7923a77a7cd74c3df6621aa963a43fdaad4ae9ab5641757571ff70cccab19c3,0.0034782318398356438,0.11895826176938529,0.6362603185272396,0.6312500536441803,0.41357056498527534,0.5490724116563799
fine_control,44,star_concave,157,private-source://routeA_experiments/data/prospective_ood_rd_hddm_alpha001_v2/star_concave/sample_0157.npz,bf1ed5ee95cebaaeec4337c10cbb37257a3764baccb51eb2db3b192c4b7f0705,0.0034494074061512947,0.11530043864708121,0.6310981269974579,0.6720989346504211,0.4261751674115653,0.5464847204089165
fine_control,44,star_concave,158,private-source://routeA_experiments/data/prospective_ood_rd_hddm_alpha001_v2/star_concave/sample_0158.npz,2d48518d53f1d4302822bc23c36b8e9a725fccad2e348f481c1965dc1fd043e7,0.003158886916935444,0.1024373660229918,0.5292612635534384,0.5300457179546356,0.38451410457491875,0.47250358760356903
fine_control,44,star_concave,159,private-source://routeA_experiments/data/prospective_ood_rd_hddm_alpha001_v2/star_concave/sample_0159.npz,afeaff165894f7669804972e11c2e6e7574a89f195a0fedaba5dcc77e4915143,0.003239588811993599,0.1184043920373181,0.7419525312708275,0.710101306438446,0.4683219470083713,0.5460512375831605
fine_control,44,star_concave,160,private-source://routeA_experiments/data/prospective_ood_rd_hddm_alpha001_v2/star_concave/sample_0160.npz,93d98230e4954693c935e7b6a7af76c2fa25aefb83d1da6027d6e69f2937d6be,0.0035790037363767624,0.09257571180309009,0.4895108207791878,0.4852357506752014,0.3238420575857164,0.39578414618968955
fine_control,44,star_concave,161,private-source://routeA_experiments/data/prospective_ood_rd_hddm_alpha001_v2/star_concave/sample_0161.npz,00e0f59193a483fa4f91a44aba4dc7a7d193df42292ed52da041457e2e87fce9,0.0032840417698025703,0.10387614581877869,0.4944688617335488,0.5238850116729736,0.37178370356559753,0.46984106898307815
fine_control,44,star_concave,162,private-source://routeA_experiments/data/prospective_ood_rd_hddm_alpha001_v2/star_concave/sample_0162.npz,73adab284c949cf7286e1d55e2f7271f8e574888733c538e9bd6c7126210d7dc,0.0032983776181936264,0.10469300878173828,0.5786423201749193,0.5498620569705963,0.40844366252422326,0.5020198380947112
fine_control,44,star_concave,163,private-source://routeA_experiments/data/prospective_ood_rd_hddm_alpha001_v2/star_concave/sample_0163.npz,62f2fdf3ad685d63e6744d4c87f1be77f5f4f173f3ac97973519283437aec8be,0.0031907493248581886,0.08751081826705721,0.3911471324525415,0.41457512974739075,0.31069355607032767,0.3540870887041093
fine_control,44,star_concave,164,private-source://routeA_experiments/data/prospective_ood_rd_hddm_alpha001_v2/star_concave/sample_0164.npz,9d5ca7a47c569f8001da60474a5d5cd6410704b0b88a94c1bbb617a3ff070b6f,0.003180057741701603,0.0774871384568866,0.38180284491178385,0.40195246040821075,0.2838007129728794,0.34178293600678405
fine_control,44,star_concave,165,private-source://routeA_experiments/data/prospective_ood_rd_hddm_alpha001_v2/star_concave/sample_0165.npz,29665dc936a4f0885b352ba542d5b84c26ef8365b7471657a0b18a6199a4ec20,0.003245847299695015,0.13649675515245605,0.9507114244901405,0.7801294922828674,0.5353413127362727,0.6726574562489988
fine_control,44,star_concave,166,private-source://routeA_experiments/data/prospective_ood_rd_hddm_alpha001_v2/star_concave/sample_0166.npz,cc601404792128ea7fb0b9e382daf4044b16752726051d33d189af92b63e9219,0.003069724887609482,0.12773807474954116,0.7310372848065871,0.6845517158508301,0.4406015649437902,0.5487158000469209
fine_control,44,star_concave,167,private-source://routeA_experiments/data/prospective_ood_rd_hddm_alpha001_v2/star_concave/sample_0167.npz,9fee3ab4e68d3386753b768109d90049f0d9ab17092f3bad0ae4e29e01fdff2e,0.003030693158507347,0.11470801776874294,0.5894845710339572,0.6379472017288208,0.41441523283720016,0.49347066953778235
fine_control,44,star_concave,168,private-source://routeA_experiments/data/prospective_ood_rd_hddm_alpha001_v2/star_concave/sample_0168.npz,5b47765a6290b94b7d7ff73de6aabe979deba65e29f667e2494d93f1fe8e4c53,0.002901790663599968,0.12364941774407134,0.7569860539211516,0.7332345545291901,0.43809231370687485,0.5642223417758937
fine_control,44,star_concave,169,private-source://routeA_experiments/data/prospective_ood_rd_hddm_alpha001_v2/star_concave/sample_0169.npz,67bb298709d810bd66de79e3e631cbfe3470c51d81de1358148a67ea69a6734a,0.0031315675005316734,0.11115650704093831,0.5308665460230465,0.5209196209907532,0.3605698823928833,0.43490491509437557
fine_control,44,star_concave,170,private-source://routeA_experiments/data/prospective_ood_rd_hddm_alpha001_v2/star_concave/sample_0170.npz,ea79ed68e7fcbed7d4821fb08f6d31cd221c7d535e9e6e347dbabbc6c225268f,0.003489266149699688,0.07646683846423848,0.3837909975861436,0.39713621139526367,0.3041555374860764,0.3738923697173595
fine_control,44,star_concave,171,private-source://routeA_experiments/data/prospective_ood_rd_hddm_alpha001_v2/star_concave/sample_0171.npz,4dce99e393c3f3aeec70b32543086cd0503997a3c73bb6088a2ea5028ddb609e,0.00348474457859993,0.06738271028010542,0.309645142132265,0.458195298910141,0.2631265465170145,0.35033256486058273
fine_control,44,star_concave,172,private-source://routeA_experiments/data/prospective_ood_rd_hddm_alpha001_v2/star_concave/sample_0172.npz,95062a2be872adfe3d433448a364573f1dcc6d23c46c7283098e1ff3266aa2cb,0.0031740060076117516,0.08470319676698845,0.43115929360798044,0.47762565314769745,0.3348093032836914,0.41257107257843023
fine_control,44,star_concave,173,private-source://routeA_experiments/data/prospective_ood_rd_hddm_alpha001_v2/star_concave/sample_0173.npz,f973c30b18b35d7e13fca880aa62b6d77b406606fa79bcf4e05ea9a183aaf747,0.0030412720516324043,0.12406528045705917,0.7253578030243194,0.5957040786743164,0.4258387126028538,0.49916817992925644
fine_control,44,star_concave,174,private-source://routeA_experiments/data/prospective_ood_rd_hddm_alpha001_v2/star_concave/sample_0174.npz,da423e7fb1017a419fd9e39c9877f0fe4936a8ade7a8744fb4d05f24020d1525,0.0036360006779432297,0.08825965563573203,0.42963563431888424,0.5189806818962097,0.35309759378433225,0.41008096218109125
fine_control,44,star_concave,175,private-source://routeA_experiments/data/prospective_ood_rd_hddm_alpha001_v2/star_concave/sample_0175.npz,be6a60f58fa788e5509f48f70ce14bcccc9e8f4e06b149f5ea02f032e86a0c01,0.0032805847004055977,0.10009337538549574,0.5610571411795581,0.5276403725147247,0.36477168276906013,0.4659332513809204
fine_control,44,star_concave,176,private-source://routeA_experiments/data/prospective_ood_rd_hddm_alpha001_v2/star_concave/sample_0176.npz,8bca2d2f749dcf57abe9c29c0e66817254b5dd336a1895b563295dbe661c1ac8,0.003150608390569687,0.12185464551986244,0.7055874087271561,0.7000827789306641,0.4434048682451248,0.5280495822429657
fine_control,44,star_concave,177,private-source://routeA_experiments/data/prospective_ood_rd_hddm_alpha001_v2/star_concave/sample_0177.npz,c146dae9f67d3f4d0626465827bfbba0af9e30abda534b39cabbf5dc3afd7c2b,0.0031373780220746994,0.1237408099678557,0.7930681555251312,0.5949437320232391,0.46495580673217773,0.5532745540142069
fine_control,44,star_concave,178,private-source://routeA_experiments/data/prospective_ood_rd_hddm_alpha001_v2/star_concave/sample_0178.npz,567152031c4a0bb7383960f1716de7f47aaa09e1c18c4a8edc5894592a36008b,0.0032942909747362137,0.11014584148589669,0.6094705079142041,0.6107297837734222,0.4156761456280947,0.525916018486023
fine_control,44,star_concave,179,private-source://routeA_experiments/data/prospective_ood_rd_hddm_alpha001_v2/star_concave/sample_0179.npz,c19450a9dbc614eb8e816ca15caa11f305314c88880e41a46b7a06a76270e9ef,0.0031397221609950066,0.1255477233041275,0.7638412898684348,0.6991187036037445,0.4603944793343544,0.5933001831173897
fine_control,44,star_concave,180,private-source://routeA_experiments/data/prospective_ood_rd_hddm_alpha001_v2/star_concave/sample_0180.npz,979feb1dc5c9097d8b179d7c9936fa43ca9a7ad06aef8e9ddfd57ec83d56543b,0.002898219972848892,0.0846252913363518,0.42294225439699085,0.4510613977909088,0.3347243070602417,0.40559508167207237
fine_control,44,star_concave,181,private-source://routeA_experiments/data/prospective_ood_rd_hddm_alpha001_v2/star_concave/sample_0181.npz,9c2177662c7e7706987e5b9fc840e754df3531627695145c95cb0168891b0ec3,0.00325898639857769,0.11931661439568077,0.6893484152054705,0.5847513675689697,0.4290355481207371,0.5086985573172567
fine_control,44,star_concave,182,private-source://routeA_experiments/data/prospective_ood_rd_hddm_alpha001_v2/star_concave/sample_0182.npz,8e1f45388232b975857cf0eb5e800633511cd0fdc84fcac39506fd7ab06dd0ea,0.003243383951485157,0.13807082665967457,0.9339197461872388,0.7339493930339813,0.48329698108136654,0.5996556282043456
fine_control,44,star_concave,183,private-source://routeA_experiments/data/prospective_ood_rd_hddm_alpha001_v2/star_concave/sample_0183.npz,f6af694d75d001d3c452801ea94aa82b47a2951f62861ba1a2885df85ec62b14,0.003163655288517475,0.08458242038332617,0.4045210449983611,0.5199083387851715,0.3172825947403908,0.42386481165885925
fine_control,44,star_concave,184,private-source://routeA_experiments/data/prospective_ood_rd_hddm_alpha001_v2/star_concave/sample_0184.npz,80d8e656007fb51095a1c187bc0dabfc69020fb316baf6af22ca45bdd6eedb55,0.00279800221323967,0.12364209207460364,0.6829300531178247,0.6045503914356232,0.4677834380418062,0.5391265869140625
fine_control,44,star_concave,185,private-source://routeA_experiments/data/prospective_ood_rd_hddm_alpha001_v2/star_concave/sample_0185.npz,b5b247991e1e38b65af33f6e252ad30525ed1c2bb81d00bb8d67895a71fe25cc,0.0034227780997753143,0.13330831741904764,0.8334852252225929,0.7332091331481934,0.48996127918362614,0.6319511339068405
fine_control,44,star_concave,186,private-source://routeA_experiments/data/prospective_ood_rd_hddm_alpha001_v2/star_concave/sample_0186.npz,9cb3e8ed6dd35a1f1bd2884d7ccc37720ce91f97c87bb62db2bc7319ed7fa9ce,0.002818000502884388,0.10238148354698536,0.565908286241736,0.571785032749176,0.3873587422072886,0.49530114874243747
fine_control,44,star_concave,187,private-source://routeA_experiments/data/prospective_ood_rd_hddm_alpha001_v2/star_concave/sample_0187.npz,b8a01e68369ac0ae2301cde85ae4523b06b6f852ccb68151c27e7b7a2e264805,0.0032469993457198143,0.06504624227840028,0.3270090966209683,0.3572133257985115,0.24450524151325226,0.3089181527495385
fine_control,44,star_concave,188,private-source://routeA_experiments/data/prospective_ood_rd_hddm_alpha001_v2/star_concave/sample_0188.npz,402356ecf909dc7f80ce7a4fb74b2796d69e54097bc2e4bf1d0affd48a478691,0.003180958330631256,0.07432064198567816,0.3614127846548586,0.42370542883872986,0.2668322794139385,0.3313576984405518
fine_control,44,star_concave,189,private-source://routeA_experiments/data/prospective_ood_rd_hddm_alpha001_v2/star_concave/sample_0189.npz,5d3af4e72fcbfb55abad2633b7b50c6ff1698d6149444cbb224faeb9fb80f7e1,0.003208169713616371,0.10610771745285019,0.5274445372410969,0.5044365525245667,0.37402732670307154,0.42298727273941034
fine_control,44,star_concave,190,private-source://routeA_experiments/data/prospective_ood_rd_hddm_alpha001_v2/star_concave/sample_0190.npz,64ee3e78ef955d620e48dfc0c0575b217089daaeb07f6fd6b698b494d20cdc97,0.0031532887369394302,0.11345995958308187,0.6617710112717093,0.6196752488613129,0.3839429572224617,0.4626291942596435
fine_control,44,star_concave,191,private-source://routeA_experiments/data/prospective_ood_rd_hddm_alpha001_v2/star_concave/sample_0191.npz,6b6e2f1ef2a5225659b22dd222cfdeb623e3a9d34d146460b1201ec2c58ac5f2,0.0030184825882315636,0.12244266178617862,0.6213604613020781,0.5619546175003052,0.4093623608350754,0.4731586575508116
fine_control,44,star_concave,192,private-source://routeA_experiments/data/prospective_ood_rd_hddm_alpha001_v2/star_concave/sample_0192.npz,81e07c354e8b9090deac2dd659d673aa62dcc492675457e68850919289c02ee1,0.0032947231084108353,0.11350315431531387,0.6785555365337301,0.5616279244422913,0.42058870196342485,0.4954707682132721
fine_control,44,star_concave,193,private-source://routeA_experiments/data/prospective_ood_rd_hddm_alpha001_v2/star_concave/sample_0193.npz,2a055578d35dbeaf6f9777c70db61a17e59b21e0e089c4b73fe73fc8f30ee5c9,0.003094501793384552,0.10715275570842565,0.6851829698936073,0.6113806366920471,0.4462625712156296,0.5414886993169784
fine_control,44,star_concave,194,private-source://routeA_experiments/data/prospective_ood_rd_hddm_alpha001_v2/star_concave/sample_0194.npz,015bc47bb4c5ba3f27b05a1792fbb44af4337d85c98d106323f3d69d268d8c7a,0.003229021094739437,0.11007410194364811,0.6527203050578976,0.6109786033630371,0.4107467830181122,0.4805151283740996
fine_control,44,star_concave,195,private-source://routeA_experiments/data/prospective_ood_rd_hddm_alpha001_v2/star_concave/sample_0195.npz,4dc63967e6d5bcb0dad8dc928ac1c21ef324161440414cdd69f8fa0670c5622c,0.003095785155892372,0.1274465352055479,0.8128281954383235,0.7650475949048996,0.5090452626347541,0.6621717244386672
fine_control,44,star_concave,196,private-source://routeA_experiments/data/prospective_ood_rd_hddm_alpha001_v2/star_concave/sample_0196.npz,98c3c846abd7760ff75322a10ea69cbcf64050b1920000f30ac9ddef03a582bf,0.0032010721042752266,0.09851678100225428,0.5538297923950853,0.6362257301807404,0.34864722937345505,0.4400654622167348
fine_control,44,star_concave,197,private-source://routeA_experiments/data/prospective_ood_rd_hddm_alpha001_v2/star_concave/sample_0197.npz,5b762b3e30b125a39b0866174933e4f32d3c35f9dd054ae1cb4d4c37788ff8d7,0.0028001638129353523,0.08973058594229344,0.4163124014496674,0.44682154059410095,0.3428302835673094,0.4029109515249729
fine_control,44,star_concave,198,private-source://routeA_experiments/data/prospective_ood_rd_hddm_alpha001_v2/star_concave/sample_0198.npz,f1d5bb05bec2186640d91bfa3cdc67b166bd2952867a20a2796076984771c3e5,0.0031805280596017838,0.06472742206460397,0.2865741320256497,0.47609639167785645,0.2374227732419968,0.3250229310989385
fine_control,44,star_concave,199,private-source://routeA_experiments/data/prospective_ood_rd_hddm_alpha001_v2/star_concave/sample_0199.npz,24e273c05359ecf1670b3cd5ef34d49ef6c28ef523b55d61e6ff7b4dfcb1f389,0.002871444448828697,0.08811605513132721,0.4483345106336748,0.4808885008096695,0.35357729196548454,0.40991119280457494
