model,training_seed,shape,sample_id,sample_file,sample_sha256,inference_seconds,mae,relative_l2,max_abs_error,p95_abs_error,p99_abs_error
residual_v2,58,polygonal_holes,0,private-source://routeA_experiments/data/prospective_ood_rd_hddm_alpha001_v2/polygonal_holes/sample_0000.npz,2813ec3127ac6b2d6e5ea2bdec57dc3842288d486f16a3ac630d975e79544104,0.007739480992313474,0.06272712213571813,0.9545710313171688,0.9349350929260254,0.2800112387631087,0.7102755637466908
residual_v2,58,polygonal_holes,1,private-source://routeA_experiments/data/prospective_ood_rd_hddm_alpha001_v2/polygonal_holes/sample_0001.npz,9d77838f7901837e5e6668df3993510bb8ecebaae9c24dafd7c33dd27713ca91,0.007333644025493413,0.051994266386953744,0.47093366182396906,0.5860661268234253,0.24115041750483213,0.4229792484641075
residual_v2,58,polygonal_holes,2,private-source://routeA_experiments/data/prospective_ood_rd_hddm_alpha001_v2/polygonal_holes/sample_0002.npz,64d684a0c62d3af4e0e79525c5a8144d60264714c3b90c3683941cb3669199db,0.008357668004464358,0.06709421462936045,0.7528126624359324,0.7767510265111923,0.2677435051649807,0.6749915261566638
residual_v2,58,polygonal_holes,3,private-source://routeA_experiments/data/prospective_ood_rd_hddm_alpha001_v2/polygonal_holes/sample_0003.npz,cee6732562ef0f85cfd1d4207fb826b90bc31335f8fdf22bc7991a2b2d3e3818,0.00789523299317807,0.04409195354044868,0.3773530324612145,0.49340197443962097,0.20986378937959668,0.3125980514287948
residual_v2,58,polygonal_holes,4,private-source://routeA_experiments/data/prospective_ood_rd_hddm_alpha001_v2/polygonal_holes/sample_0004.npz,f922f8aa230eb7f988651778a187a8f75ff947a239987aa900cd3c050a887ec0,0.008284554001875222,0.06606346005789103,0.7421959793536772,0.8376985490322113,0.32424393445253363,0.6325730717182159
residual_v2,58,polygonal_holes,5,private-source://routeA_experiments/data/prospective_ood_rd_hddm_alpha001_v2/polygonal_holes/sample_0005.npz,7aa5ae995dda3a749c78e6b8b3aff037f07301dbda012f49af7c1983a95fd554,0.007911925029475242,0.07087656911358024,1.1611340678867512,0.938634604215622,0.2980393931269646,0.6217423395812509
residual_v2,58,polygonal_holes,6,private-source://routeA_experiments/data/prospective_ood_rd_hddm_alpha001_v2/polygonal_holes/sample_0006.npz,a2ab3adff33e2b825261f9f156651d6d226b45d7900ef8697f84935c734df80a,0.007251635019201785,0.05279324712175695,0.573957226425767,0.7367528676986694,0.23940866589546167,0.5544057267904281
residual_v2,58,polygonal_holes,7,private-source://routeA_experiments/data/prospective_ood_rd_hddm_alpha001_v2/polygonal_holes/sample_0007.npz,b504795f95e5481635b933ab900699fe66f38076ab5132e6b57a48c641abbf2b,0.007760845008306205,0.055055480883579845,0.7055678394926939,0.7836681604385376,0.24488498121500013,0.5867818206548691
residual_v2,58,polygonal_holes,8,private-source://routeA_experiments/data/prospective_ood_rd_hddm_alpha001_v2/polygonal_holes/sample_0008.npz,b93c334e8e48c8fd6d52b05cd3ff40f15d4f5cc62702a435f3e0247d6b59a334,0.007533895957749337,0.04364681477773754,0.4909048564094934,0.5694462060928345,0.23067359477281524,0.5006987738609313
residual_v2,58,polygonal_holes,9,private-source://routeA_experiments/data/prospective_ood_rd_hddm_alpha001_v2/polygonal_holes/sample_0009.npz,f2ef70e3326ae2f2447ff2754173f923c307e7972ebbe15dd38aabeb5f047c49,0.008170465007424355,0.05620371976236798,0.5507628851652433,0.6561436653137207,0.2464896760880946,0.4577569797635078
residual_v2,58,polygonal_holes,10,private-source://routeA_experiments/data/prospective_ood_rd_hddm_alpha001_v2/polygonal_holes/sample_0010.npz,0078bb96d0f452027931ba3a5cabdd927aa298f7c3cb3cc2d89e7cb23acaf539,0.008409120026044548,0.06333755961772033,0.6748133480827705,0.7805834412574768,0.3822077803313732,0.6640530103445053
residual_v2,58,polygonal_holes,11,private-source://routeA_experiments/data/prospective_ood_rd_hddm_alpha001_v2/polygonal_holes/sample_0011.npz,9ee5588e761180b233891dd5a6f16fa8ca4f4c5906cdb841e4c8020cee441584,0.008056568971369416,0.052742213071106665,0.44756868029249985,0.4734949469566345,0.26628534495830514,0.43543912798166273
residual_v2,58,polygonal_holes,12,private-source://routeA_experiments/data/prospective_ood_rd_hddm_alpha001_v2/polygonal_holes/sample_0012.npz,9cdd74ea7cb7425efc2f3f4d80c0363bd50ea50709fe03b3d060f71ff605dd84,0.006999380013439804,0.06583121947795033,0.7673414571114521,0.8571987748146057,0.35013921223580824,0.7335270461440087
residual_v2,58,polygonal_holes,13,private-source://routeA_experiments/data/prospective_ood_rd_hddm_alpha001_v2/polygonal_holes/sample_0013.npz,7ee1a4ed3ed8a784612d742e8ed75f38441bf2f5701f264e582c39a5158ad1ce,0.007494127028621733,0.06294187906818163,0.6880475100272346,0.710338294506073,0.2982796072959899,0.6138851025700569
residual_v2,58,polygonal_holes,14,private-source://routeA_experiments/data/prospective_ood_rd_hddm_alpha001_v2/polygonal_holes/sample_0014.npz,d1818732f452567ad0ecd2f58c757bb8290572b117528bb1e5aaefa970313cc6,0.007658248010557145,0.055541453496975035,0.6667847027584051,0.7668864130973816,0.29888902213424434,0.6925696417689323
residual_v2,58,polygonal_holes,15,private-source://routeA_experiments/data/prospective_ood_rd_hddm_alpha001_v2/polygonal_holes/sample_0015.npz,445b87e8c24a47bfb4d118389ef483a360b0d5074dc815ae35513aab4a27864d,0.008117340970784426,0.06277819137635864,0.7578336104904853,0.8489936590194702,0.3246022049337625,0.6756793135404586
residual_v2,58,polygonal_holes,16,private-source://routeA_experiments/data/prospective_ood_rd_hddm_alpha001_v2/polygonal_holes/sample_0016.npz,1a99ec371d63848f62228b959ed0924574356c0cccfdd1260268c8dfa0c9cdb0,0.007550942013040185,0.06316018713574903,1.145901600867287,0.8730086088180542,0.28631926632951943,0.5968490572273728
residual_v2,58,polygonal_holes,17,private-source://routeA_experiments/data/prospective_ood_rd_hddm_alpha001_v2/polygonal_holes/sample_0017.npz,0cdbf63c17b90ff3b3512ee0966f5d174bfb3232348a9e49b05f2d9ee4d89a26,0.0073956529959104955,0.055699925996682144,0.593175549362859,0.6471364200115204,0.2958592314273119,0.5530756145715713
residual_v2,58,polygonal_holes,18,private-source://routeA_experiments/data/prospective_ood_rd_hddm_alpha001_v2/polygonal_holes/sample_0018.npz,47317c8f9d3ed8f1a54c8b96ba91af510560b8aa7f805ade7143c1d16ca55e66,0.0063150100177153945,0.04244265148206321,0.3760658533630947,0.44429242610931396,0.19361344352364537,0.3566754281520843
residual_v2,58,polygonal_holes,19,private-source://routeA_experiments/data/prospective_ood_rd_hddm_alpha001_v2/polygonal_holes/sample_0019.npz,14a537fef9ee78090f18c68c7c2bb65ef6d197ce349231291c03aa4206e7dbef,0.00666757405269891,0.06036727125861274,0.761149332483496,0.7865379154682159,0.2873702868819237,0.6535394677519797
residual_v2,58,polygonal_holes,20,private-source://routeA_experiments/data/prospective_ood_rd_hddm_alpha001_v2/polygonal_holes/sample_0020.npz,7c814a3de56a037a81fd975f53b5567efeb9d9662b615203546bc0899290fd90,0.007855494972318411,0.03894565924077218,0.3508355868369084,0.44153112173080444,0.15292659628030378,0.37805925637483595
residual_v2,58,polygonal_holes,21,private-source://routeA_experiments/data/prospective_ood_rd_hddm_alpha001_v2/polygonal_holes/sample_0021.npz,8ce53160fe69d5b6413cde92d321f24dc4d1d44cc5f0f2a3eca07d60a4da1104,0.008205813996028155,0.060516232485920224,0.6028657709007617,0.6456805765628815,0.24249327145516872,0.46833634495735166
residual_v2,58,polygonal_holes,22,private-source://routeA_experiments/data/prospective_ood_rd_hddm_alpha001_v2/polygonal_holes/sample_0022.npz,ebe02bed5b22de6ec65b6c54aaa34f7a9e9daf45fb56c3455386ee7beeca83bd,0.006520674971397966,0.06770803782730866,0.859319152682032,0.8867057263851166,0.35551132708787914,0.6993003931641578
residual_v2,58,polygonal_holes,23,private-source://routeA_experiments/data/prospective_ood_rd_hddm_alpha001_v2/polygonal_holes/sample_0023.npz,d6cabc05bb35909896ec365f876db62334e617b13b08c9e40694e2791b0db121,0.008242617012001574,0.04706563488035196,0.4987362243332171,0.6120266914367676,0.2385734885931015,0.48917576074600216
residual_v2,58,polygonal_holes,24,private-source://routeA_experiments/data/prospective_ood_rd_hddm_alpha001_v2/polygonal_holes/sample_0024.npz,cc607c6b4a44a20de7c0d072b11d3585668469f46fe26a9e5a4601a8839b18e3,0.008173534006346017,0.05818270400851513,0.7593670843428264,0.8423753678798676,0.23126405775547015,0.602784523665905
residual_v2,58,polygonal_holes,25,private-source://routeA_experiments/data/prospective_ood_rd_hddm_alpha001_v2/polygonal_holes/sample_0025.npz,6624bf5fe6d196079fb76fb31c85860e096a142c03b130cd1e70002ae755b942,0.008114641008432955,0.08989921880630738,0.8649370975218539,0.8317172229290009,0.397813334316015,0.6744048249721525
residual_v2,58,polygonal_holes,26,private-source://routeA_experiments/data/prospective_ood_rd_hddm_alpha001_v2/polygonal_holes/sample_0026.npz,c98d8e8d3d0a88d1da87415faeb5bf9178e88e1f30adc9ecf7cd6cf0dbd9277f,0.00709821202326566,0.0619684199484621,0.6295399823376184,0.7777076661586761,0.23392671570181836,0.6313125087320803
residual_v2,58,polygonal_holes,27,private-source://routeA_experiments/data/prospective_ood_rd_hddm_alpha001_v2/polygonal_holes/sample_0027.npz,a8830b8166a10f61db4814b54f56ca4808e3c93da85d47b565e4eddec6598b7d,0.007164253969676793,0.04756823569386951,0.5214069329612578,0.7067675888538361,0.25118454843759536,0.5178712281584739
residual_v2,58,polygonal_holes,28,private-source://routeA_experiments/data/prospective_ood_rd_hddm_alpha001_v2/polygonal_holes/sample_0028.npz,7a7df2263baaa71cbccf62f82307a4ec9364e586142fc46aecffcb33cae7cae8,0.008017587999347597,0.05357576520110115,0.6248053231817866,0.6985541880130768,0.28008279055356977,0.5755549556016922
residual_v2,58,polygonal_holes,29,private-source://routeA_experiments/data/prospective_ood_rd_hddm_alpha001_v2/polygonal_holes/sample_0029.npz,1792cfc778015639447d8549da9e8e6ae065b2de6e8a35808550ab1f2eaa6d12,0.007909283973276615,0.04676131058840231,0.6055061429594601,0.724387526512146,0.22631455510854684,0.5591808432340621
residual_v2,58,polygonal_holes,30,private-source://routeA_experiments/data/prospective_ood_rd_hddm_alpha001_v2/polygonal_holes/sample_0030.npz,0361f263ac7c96ee87583959a04a88d5d85ed0d0bf6e7d378681151774f385f2,0.007615421956870705,0.04559452084940833,0.45228265795053435,0.5629758238792419,0.20597484409809097,0.4270942479372024
residual_v2,58,polygonal_holes,31,private-source://routeA_experiments/data/prospective_ood_rd_hddm_alpha001_v2/polygonal_holes/sample_0031.npz,05f616ed447a9ab8e71b77b9398fe7f5bdca3822ed0cb7c0b89a4802fff7e34a,0.007994932995643467,0.06277274036784114,0.6073599016571023,0.7581027895212173,0.27054117470979666,0.46960794448852533
residual_v2,58,polygonal_holes,32,private-source://routeA_experiments/data/prospective_ood_rd_hddm_alpha001_v2/polygonal_holes/sample_0032.npz,b84ee66df3e51a313acfa70a8d8f17e55d0f28293bfc848be6da74369c6efe7e,0.008202642027754337,0.06761225830814813,0.6510116956791695,0.7757408022880554,0.33750722929835314,0.6448763847351074
residual_v2,58,polygonal_holes,33,private-source://routeA_experiments/data/prospective_ood_rd_hddm_alpha001_v2/polygonal_holes/sample_0033.npz,daa13b8f28a70003a1c8a3b22cc6fb6ba7cd514feb1f0dde8861d77cced138db,0.00638847699156031,0.06023363810431688,0.7001933282644269,0.748243123292923,0.2678922057151791,0.6361083635687828
residual_v2,58,polygonal_holes,34,private-source://routeA_experiments/data/prospective_ood_rd_hddm_alpha001_v2/polygonal_holes/sample_0034.npz,f1007728ae6fc8cc7b887f70cb682b003162557fe09bc505313c9852da9b0395,0.007644272001925856,0.06545503785563078,0.7537573990970785,0.826662689447403,0.31411053985357273,0.5920580592751503
residual_v2,58,polygonal_holes,35,private-source://routeA_experiments/data/prospective_ood_rd_hddm_alpha001_v2/polygonal_holes/sample_0035.npz,74480bc8be2b0c3f792eeafe7931aa43f6eabf7fab66f1f8889ff83f9343aacf,0.007575844007078558,0.041305933934828926,0.35372533333377326,0.3890935778617859,0.1716826261952519,0.30921851962804786
residual_v2,58,polygonal_holes,36,private-source://routeA_experiments/data/prospective_ood_rd_hddm_alpha001_v2/polygonal_holes/sample_0036.npz,d380cc325dc38fac34101ad898621f7a706e5ef3145fb50b48cd8a3550e915f6,0.006549076992087066,0.05022975960874292,0.44651330389893995,0.5287172794342041,0.20786688327789304,0.40187015116214747
residual_v2,58,polygonal_holes,37,private-source://routeA_experiments/data/prospective_ood_rd_hddm_alpha001_v2/polygonal_holes/sample_0037.npz,562b92269c11eb7a4d6d2b96c70e8334d3b1e90f788bd3d9e801d09a075eee3a,0.008497600036207587,0.06798017441405366,1.1436987828411702,0.9346811175346375,0.284416221070569,0.623277280330658
residual_v2,58,polygonal_holes,38,private-source://routeA_experiments/data/prospective_ood_rd_hddm_alpha001_v2/polygonal_holes/sample_0038.npz,ad000ee37c0e1a9ba734e4dd9459946f4b3df5f603b980b12d442bca1f8ed9f9,0.007923680997919291,0.051904274850550616,0.5313700094026874,0.6368956863880157,0.23951740795746443,0.46590271741151806
residual_v2,58,polygonal_holes,39,private-source://routeA_experiments/data/prospective_ood_rd_hddm_alpha001_v2/polygonal_holes/sample_0039.npz,522d3ecbc2d9edc149dc3f03b6cf36d68fca66badfbb0f6dd3482d5e5f254b68,0.00840312399668619,0.06675937724227676,0.6059575365526327,0.7120693325996399,0.27895749807357767,0.5583329072594643
residual_v2,58,polygonal_holes,40,private-source://routeA_experiments/data/prospective_ood_rd_hddm_alpha001_v2/polygonal_holes/sample_0040.npz,254ab846e9a8b91265cad089e47a668ba206ceeb02e23540aaf1b8dded5c5277,0.008064633002504706,0.056782980590510054,0.6838968599786983,0.711812287569046,0.25189700126647946,0.5790564569830894
residual_v2,58,polygonal_holes,41,private-source://routeA_experiments/data/prospective_ood_rd_hddm_alpha001_v2/polygonal_holes/sample_0041.npz,8c7f049970c19d0bf9df6a56540e33a405e9b6f637a802fc3a679bd78cbd2f7b,0.00745112297590822,0.06393553588768654,0.6994914639143655,0.7676853537559509,0.3328973211348054,0.6105432924628258
residual_v2,58,polygonal_holes,42,private-source://routeA_experiments/data/prospective_ood_rd_hddm_alpha001_v2/polygonal_holes/sample_0042.npz,6d8ce4ad2a0fbe386141c305df0df82390863da91466b3772de47905aac327ac,0.007867430977057666,0.0687061027470376,0.7716976235755434,0.8552118539810181,0.3069782555103302,0.6349301418662071
residual_v2,58,polygonal_holes,43,private-source://routeA_experiments/data/prospective_ood_rd_hddm_alpha001_v2/polygonal_holes/sample_0043.npz,cce44f1d73fbe7f76182aa7fd07a69f90b93524ef2f5d7c4c6a1bb4566cb8ff9,0.0075827399850822985,0.06967420669746388,0.9255955333943685,0.9262176603078842,0.2768979029729962,0.7819519519805908
residual_v2,58,polygonal_holes,44,private-source://routeA_experiments/data/prospective_ood_rd_hddm_alpha001_v2/polygonal_holes/sample_0044.npz,ae4b89782186c636597bbf28ff74a3d03e0c2dbac42260653f9d140ab9229119,0.007777802005875856,0.044456368532154455,0.4414654251715668,0.5921242833137512,0.22856781035661697,0.49184870392084123
residual_v2,58,polygonal_holes,45,private-source://routeA_experiments/data/prospective_ood_rd_hddm_alpha001_v2/polygonal_holes/sample_0045.npz,1777cf5189ac8f43461ae20e5ef1f4c739e91a493823c36ad21eedc9d1d3abf4,0.007606524974107742,0.054537405233393454,0.6626204948349323,0.7608461678028107,0.26344733834266654,0.5939866656064986
residual_v2,58,polygonal_holes,46,private-source://routeA_experiments/data/prospective_ood_rd_hddm_alpha001_v2/polygonal_holes/sample_0046.npz,cc55794e1940c234f9da149d83ee01ead8d8277520e38b89220b19e02e70f238,0.007913540001027286,0.06889318014370811,1.2007605553549376,0.9157080352306366,0.29774217947851866,0.6490160637348891
residual_v2,58,polygonal_holes,47,private-source://routeA_experiments/data/prospective_ood_rd_hddm_alpha001_v2/polygonal_holes/sample_0047.npz,7f42f867baf3b1c126f27ae2157ef3dd2a34a07d8d1a1f5aead8d062722664f9,0.008153677976224571,0.05402591204778072,0.5814714221380857,0.7090114057064056,0.26351337060332275,0.5081840813159942
residual_v2,58,polygonal_holes,48,private-source://routeA_experiments/data/prospective_ood_rd_hddm_alpha001_v2/polygonal_holes/sample_0048.npz,6e05df606b756d9cfd5f6305cc0eac033208a8444ad64ad8e48815757862935e,0.008321092987898737,0.07482188486839779,0.9554453960858877,0.916909396648407,0.27559412084519863,0.7058543816208839
residual_v2,58,polygonal_holes,49,private-source://routeA_experiments/data/prospective_ood_rd_hddm_alpha001_v2/polygonal_holes/sample_0049.npz,8e60acf35c436ea7681e8f6ecb99e7889c6309505da38ab1a1de5fdd50c8d25a,0.007979243993759155,0.05133257761884507,0.5499878452358733,0.6597356200218201,0.2353783346712588,0.49107610300183296
residual_v2,58,polygonal_holes,50,private-source://routeA_experiments/data/prospective_ood_rd_hddm_alpha001_v2/polygonal_holes/sample_0050.npz,67ff652aacb37c18501691c8d65846f7fd6786aa6ab39d47d601c53560a81ffb,0.007927195983938873,0.041894637593075254,0.4246799007563556,0.5431963205337524,0.20334759950637804,0.40605265632271764
residual_v2,58,polygonal_holes,51,private-source://routeA_experiments/data/prospective_ood_rd_hddm_alpha001_v2/polygonal_holes/sample_0051.npz,d178ebe9f5d54994c88f44993765bce335075010cff7e29e1ff0070188cd3350,0.008386163972318172,0.06604324591544157,1.118802036261773,0.880393847823143,0.2841329311951995,0.6878469061851501
residual_v2,58,polygonal_holes,52,private-source://routeA_experiments/data/prospective_ood_rd_hddm_alpha001_v2/polygonal_holes/sample_0052.npz,a3a862fcadf321c577317885abc8e5b33930f4e0f1c7fe81f71f61e570dec552,0.007866847969125956,0.05773639042697065,0.7740995037492546,0.9003613591194153,0.2384531404823064,0.5951591746509075
residual_v2,58,polygonal_holes,53,private-source://routeA_experiments/data/prospective_ood_rd_hddm_alpha001_v2/polygonal_holes/sample_0053.npz,ab5fddb822d6b9316b54ab76c4527ea073e575a3e421c7d3825dddaa22fc27e5,0.00723873998504132,0.06657376518400938,0.9383542866100055,0.9698165357112885,0.24555247183889145,0.7465259128808974
residual_v2,58,polygonal_holes,54,private-source://routeA_experiments/data/prospective_ood_rd_hddm_alpha001_v2/polygonal_holes/sample_0054.npz,a1022a21b18e6e40b38eb55a0b8587d544f733833a4d7f12d4de108015563cc3,0.008283197006676346,0.04982488275274123,0.39888890985281017,0.4492493271827698,0.2425220668315887,0.3196366447210312
residual_v2,58,polygonal_holes,55,private-source://routeA_experiments/data/prospective_ood_rd_hddm_alpha001_v2/polygonal_holes/sample_0055.npz,4365d7d047747c0c5587594149f7905cf8d0fbc2fc11cdade3a1001f8d10a489,0.007884708989877254,0.06865149027843548,0.9084146594301975,0.9313433170318604,0.30905388593673677,0.7567829844355578
residual_v2,58,polygonal_holes,56,private-source://routeA_experiments/data/prospective_ood_rd_hddm_alpha001_v2/polygonal_holes/sample_0056.npz,c64e194ceeb73588bea71d967fed493a69e7f31422958700a5a894c51dad8af4,0.008158129989169538,0.06320785215708838,0.6841036704596314,0.7068637609481812,0.2639169983565807,0.5462051945924759
residual_v2,58,polygonal_holes,57,private-source://routeA_experiments/data/prospective_ood_rd_hddm_alpha001_v2/polygonal_holes/sample_0057.npz,b7ec701204ebf0f91ed0f653ab9750798681ad55c0be7bccc78661334dd8a05a,0.0069364890223369,0.061293138320637014,0.9762130398670527,0.8488599956035614,0.26401455299928783,0.6304796689748763
residual_v2,58,polygonal_holes,58,private-source://routeA_experiments/data/prospective_ood_rd_hddm_alpha001_v2/polygonal_holes/sample_0058.npz,d7d338d7ed7396d7013682fdeda699683e01e2e0a6b355ea8245cd50209f5837,0.007661179988645017,0.0524772719838802,0.6324766667188876,0.7479514479637146,0.2796525880694389,0.6043624109029769
residual_v2,58,polygonal_holes,59,private-source://routeA_experiments/data/prospective_ood_rd_hddm_alpha001_v2/polygonal_holes/sample_0059.npz,520dc2e58678e87e5e0b109e52f119bf6f1955d7aa102dba7f2e2aa5f6870b26,0.007436266983859241,0.0412590082112451,0.5277153025480342,0.639565497636795,0.17283032536506637,0.45062930196523665
residual_v2,58,polygonal_holes,60,private-source://routeA_experiments/data/prospective_ood_rd_hddm_alpha001_v2/polygonal_holes/sample_0060.npz,65f37cdde81f35866d4ad5d443aea651ab7719a2aeaeacecb6c6f004e4a9a519,0.007456184015609324,0.06613127748462704,0.8415343582668338,0.9151573479175568,0.27053678203374143,0.7248441243171692
residual_v2,58,polygonal_holes,61,private-source://routeA_experiments/data/prospective_ood_rd_hddm_alpha001_v2/polygonal_holes/sample_0061.npz,7743695b88cdc254e55b4fad952747f08a99a59b47940f19b05996b3aacfdd4f,0.0075578910182230175,0.08203920608515135,0.9869190005014343,0.9674365222454071,0.37666947096586206,0.8357364362478256
residual_v2,58,polygonal_holes,62,private-source://routeA_experiments/data/prospective_ood_rd_hddm_alpha001_v2/polygonal_holes/sample_0062.npz,277f1102a42eb919881a684fdf02f8fe32f35c413c403026302cd12d4097853a,0.00800475402502343,0.0619413412743855,0.5441529033789485,0.6895274817943573,0.26273260861635206,0.37564578518271435
residual_v2,58,polygonal_holes,63,private-source://routeA_experiments/data/prospective_ood_rd_hddm_alpha001_v2/polygonal_holes/sample_0063.npz,6d764776066ab82c5cc65c85d8e8609d9930055835d54417aa78c6b4a6b03531,0.007592323992867023,0.06747372515181672,0.9137357940246387,0.8998449146747589,0.3238803371787065,0.7376730439066886
residual_v2,58,polygonal_holes,64,private-source://routeA_experiments/data/prospective_ood_rd_hddm_alpha001_v2/polygonal_holes/sample_0064.npz,faf90b633e638b9635077cf9b6ad138791b71dcf9f9c87c2643fdaa9321e9469,0.008036166022066027,0.03638381155564496,0.391306037638017,0.5313638150691986,0.15749152749776837,0.37439811259508127
residual_v2,58,polygonal_holes,65,private-source://routeA_experiments/data/prospective_ood_rd_hddm_alpha001_v2/polygonal_holes/sample_0065.npz,5a1f909a1a33de701ff5e43850c8a0f624f0fe67bb2628856e8b2ff716aa4d8f,0.008441779995337129,0.051389165815918306,0.589868081263036,0.7729173004627228,0.23653754591941828,0.5275713722407818
residual_v2,58,polygonal_holes,66,private-source://routeA_experiments/data/prospective_ood_rd_hddm_alpha001_v2/polygonal_holes/sample_0066.npz,231255ce916639b7963636d7ecd7e8496e2daf50b0681c71f8c26d117d19a6a3,0.007073695014696568,0.06512243867280681,0.659647325582744,0.6322939395904541,0.36572395423427223,0.5116762685775756
residual_v2,58,polygonal_holes,67,private-source://routeA_experiments/data/prospective_ood_rd_hddm_alpha001_v2/polygonal_holes/sample_0067.npz,2ea120f390b13387af7e81bbf689609188cf789c089380be9954a01ab04383ce,0.007587550033349544,0.0658657940512987,0.8706624597976607,0.9248770773410797,0.2748518506065011,0.5912093177437779
residual_v2,58,polygonal_holes,68,private-source://routeA_experiments/data/prospective_ood_rd_hddm_alpha001_v2/polygonal_holes/sample_0068.npz,99dcf586e3c772fa34c409836b87dba473578ad4267323fe4c1021c49bea2156,0.007554723997600377,0.0789139131165176,0.7199054719683795,0.6232964992523193,0.36116872653365134,0.4867811387777328
residual_v2,58,polygonal_holes,69,private-source://routeA_experiments/data/prospective_ood_rd_hddm_alpha001_v2/polygonal_holes/sample_0069.npz,371011e0087841ce62fd475615c1487b9008b14cc2c8239b698c21a3f404f4ae,0.008080759027507156,0.06003423724153827,0.513713436345858,0.5902443528175354,0.26093910485506044,0.533871679008007
residual_v2,58,polygonal_holes,70,private-source://routeA_experiments/data/prospective_ood_rd_hddm_alpha001_v2/polygonal_holes/sample_0070.npz,76a38f00a38c09a4a5e0ce282801ee31b62717ad9405afde4dfaded58ac68adf,0.008290133031550795,0.06040657473752971,0.6343359722760304,0.6789816915988922,0.24801816642284358,0.5450637823343276
residual_v2,58,polygonal_holes,71,private-source://routeA_experiments/data/prospective_ood_rd_hddm_alpha001_v2/polygonal_holes/sample_0071.npz,725f819b9cff979f22d3fb2826bbeb093e79eac51bc6aeeece1bf9cca9411e3c,0.006814419000875205,0.04637195392845588,0.41878211819618427,0.488541841506958,0.23189299255609505,0.3577520868182182
residual_v2,58,polygonal_holes,72,private-source://routeA_experiments/data/prospective_ood_rd_hddm_alpha001_v2/polygonal_holes/sample_0072.npz,29b11ddc75faadb72de6975449a2b31a3d5383776b7675881284f27b7dca3cab,0.006958608981221914,0.06897868441740987,0.6843105462762963,0.7880955338478088,0.3423938333988189,0.6379782515764236
residual_v2,58,polygonal_holes,73,private-source://routeA_experiments/data/prospective_ood_rd_hddm_alpha001_v2/polygonal_holes/sample_0073.npz,1ab85a6c8ae26e0fbf4793862ad906cb7254045320b5796aeaa896f42f2bacd4,0.00775531999533996,0.05898960387612331,0.5991506306490262,0.6991605460643768,0.2725550711154932,0.5383397975564003
residual_v2,58,polygonal_holes,74,private-source://routeA_experiments/data/prospective_ood_rd_hddm_alpha001_v2/polygonal_holes/sample_0074.npz,bacd1d3e820fbf01f8d4acce5297dc3b9f8dc25652253988c73470e23a9f8ac1,0.00848504196619615,0.06589906545465056,0.8020643641825747,0.8019686937332153,0.2838762894272804,0.6081194424629206
residual_v2,58,polygonal_holes,75,private-source://routeA_experiments/data/prospective_ood_rd_hddm_alpha001_v2/polygonal_holes/sample_0075.npz,3287c7e51fa026555fd19d375af6e3d4cc8cc42fa1205cc3bfc8cd6cf1579cd3,0.008498759008944035,0.05272025364132585,0.5579669912201902,0.6246854066848755,0.2642303705215452,0.5310627096891403
residual_v2,58,polygonal_holes,76,private-source://routeA_experiments/data/prospective_ood_rd_hddm_alpha001_v2/polygonal_holes/sample_0076.npz,574f2300d179a3831f3582318cd7b95acfd3405093d6a47af47ad93d2178f2e1,0.007956757966894656,0.0713433604393805,1.0815116249392134,0.8151514977216721,0.2543608983978629,0.5543905297666786
residual_v2,58,polygonal_holes,77,private-source://routeA_experiments/data/prospective_ood_rd_hddm_alpha001_v2/polygonal_holes/sample_0077.npz,4376fb3c5dd37b190c566754832a3e3ba85331c8e3e4f837d406cdef3bfffa17,0.007168765994720161,0.06519193742526366,0.7278581360926456,0.6577015519142151,0.3380539961159229,0.5797117957472802
residual_v2,58,polygonal_holes,78,private-source://routeA_experiments/data/prospective_ood_rd_hddm_alpha001_v2/polygonal_holes/sample_0078.npz,ae2f838a41311b1cab760c47b71bb43be39b91fa594b946c3571522b2c1a813d,0.008217334980145097,0.06748111045970037,0.6652203171242378,0.779449850320816,0.2952624239027496,0.6847597044706344
residual_v2,58,polygonal_holes,79,private-source://routeA_experiments/data/prospective_ood_rd_hddm_alpha001_v2/polygonal_holes/sample_0079.npz,adbb28bf9488acd23de73cd9711ec3b2e05ffc6733eb9f5e5d052cf61e664a70,0.007685660966672003,0.060741189869106114,0.8529776063372975,0.7674121707677841,0.27440138505771755,0.6244949284195899
residual_v2,58,polygonal_holes,80,private-source://routeA_experiments/data/prospective_ood_rd_hddm_alpha001_v2/polygonal_holes/sample_0080.npz,4a47f541a2cd868c83938f15092e28469ad5819a5b3e93180979feb578a2ce05,0.007902756973635405,0.056486693071288605,0.5629918301132683,0.605293482542038,0.26224497258663165,0.516213019490242
residual_v2,58,polygonal_holes,81,private-source://routeA_experiments/data/prospective_ood_rd_hddm_alpha001_v2/polygonal_holes/sample_0081.npz,4d25b3696b4e9ae0a17a8594fbd72f84735c32ee8f1f0b28d6a67a85a3343360,0.007704709016252309,0.07055186120489582,0.9630452851087801,0.9586099088191986,0.2701707813888788,0.7327080558240413
residual_v2,58,polygonal_holes,82,private-source://routeA_experiments/data/prospective_ood_rd_hddm_alpha001_v2/polygonal_holes/sample_0082.npz,a6c4e742890618c770a2aba2764df55ef3584d9cf57866efbbc096b98dec6a48,0.007983202987816185,0.07454292917102445,0.7310594745867754,0.7543990015983582,0.37621807157993303,0.6353243911266326
residual_v2,58,polygonal_holes,83,private-source://routeA_experiments/data/prospective_ood_rd_hddm_alpha001_v2/polygonal_holes/sample_0083.npz,b8eeb414ab12e5fe35f84aa19979bdbca0f1a1f75eeb25da9aad6a52d8cbeb30,0.006940249004401267,0.05880448469739902,0.5118430170035176,0.6309146881103516,0.2506150323897599,0.4610570883750915
residual_v2,58,polygonal_holes,84,private-source://routeA_experiments/data/prospective_ood_rd_hddm_alpha001_v2/polygonal_holes/sample_0084.npz,67deca7af2005178ad0c93d16ab381b5a3df2ac09b8b5738e4fc2773a2546f62,0.008344380999915302,0.05916632231836148,0.5501265255805283,0.6545434296131134,0.26696274727582925,0.5548449197411536
residual_v2,58,polygonal_holes,85,private-source://routeA_experiments/data/prospective_ood_rd_hddm_alpha001_v2/polygonal_holes/sample_0085.npz,ddb7b814e040d8c047a4649f33bf151654d032650e5a173001aca20b14905ab3,0.007295275980141014,0.050066289600293315,0.8827968779011748,0.7281554639339447,0.21837090328335762,0.4936896657943725
residual_v2,58,polygonal_holes,86,private-source://routeA_experiments/data/prospective_ood_rd_hddm_alpha001_v2/polygonal_holes/sample_0086.npz,d6433754926d38ddb5772e7cb405f78b5aec43e5ca3eade0ba8b62b103a7dc27,0.007442752015776932,0.05388359667679677,0.7166152050844191,0.8404745161533356,0.2597343955188989,0.5906202265620228
residual_v2,58,polygonal_holes,87,private-source://routeA_experiments/data/prospective_ood_rd_hddm_alpha001_v2/polygonal_holes/sample_0087.npz,8d3eec568a4d74c6a51e6da3cc28ade1037e57e722994fd947f5a01f53d41edf,0.006566237949300557,0.07018646491497398,1.2308022120263367,0.8753169625997543,0.3079902442055753,0.6671454760432243
residual_v2,58,polygonal_holes,88,private-source://routeA_experiments/data/prospective_ood_rd_hddm_alpha001_v2/polygonal_holes/sample_0088.npz,af9662e794a12464829c6fac98a3cb18e6e3e6857c1576994cbe01eedf1f246c,0.006709822977427393,0.06968818755896135,0.9591997210352579,0.9240394830703735,0.26503535043448206,0.6893407413363454
residual_v2,58,polygonal_holes,89,private-source://routeA_experiments/data/prospective_ood_rd_hddm_alpha001_v2/polygonal_holes/sample_0089.npz,c5a95474e5636d974aeee3dcde6837bf3c6a3704353407477c81f4240bbdc388,0.007395071967039257,0.06582626036011664,1.0498128303276688,0.937158927321434,0.27927921670489014,0.7549210973456502
residual_v2,58,polygonal_holes,90,private-source://routeA_experiments/data/prospective_ood_rd_hddm_alpha001_v2/polygonal_holes/sample_0090.npz,69177a4934a4e7ec9786358ba08b301291e30633bfc8079703a3ad634dbe6555,0.006876906030811369,0.045146121346148725,0.5430772073577492,0.6863808631896973,0.22132659852504727,0.5215172860026359
residual_v2,58,polygonal_holes,91,private-source://routeA_experiments/data/prospective_ood_rd_hddm_alpha001_v2/polygonal_holes/sample_0091.npz,017495cf13436ccb34417f1d078194fbbb1bb9e889c2a05714fdfef6208a7922,0.008126990986056626,0.058315134181990705,1.1681015641666534,0.9641564041376114,0.24709793068468572,0.6265802663564678
residual_v2,58,polygonal_holes,92,private-source://routeA_experiments/data/prospective_ood_rd_hddm_alpha001_v2/polygonal_holes/sample_0092.npz,6fb319a462e5729cc33034f1576388ff60d99f8ed26dcf3ed67437d1ea1bca54,0.007658347021788359,0.042643041617251985,0.40089808463507753,0.5812123715877533,0.1979611791670321,0.4140610820055008
residual_v2,58,polygonal_holes,93,private-source://routeA_experiments/data/prospective_ood_rd_hddm_alpha001_v2/polygonal_holes/sample_0093.npz,52cbc18f79056f45df5b059b191b91f8510f55d9c2edcd661f81df8375d9e0d1,0.007666998018976301,0.05837096514563743,0.7315013248778968,0.8154388964176178,0.2528323844075201,0.6266967004537582
residual_v2,58,polygonal_holes,94,private-source://routeA_experiments/data/prospective_ood_rd_hddm_alpha001_v2/polygonal_holes/sample_0094.npz,164da7452288a5d8a7302027741566652f575e6558c5ce9ce09db0163255c7ab,0.006533391017001122,0.060415591583955576,0.6109687977379706,0.6690164506435394,0.28056163340806956,0.5899191865324973
residual_v2,58,polygonal_holes,95,private-source://routeA_experiments/data/prospective_ood_rd_hddm_alpha001_v2/polygonal_holes/sample_0095.npz,1c76e3d378b35c6a9e36e37471d1c5bcd6e753f69e666218ce23590f33585d3e,0.007549204048700631,0.0734347912488392,0.9339659768215276,0.9395610690116882,0.3573390349745747,0.7531617695093155
residual_v2,58,polygonal_holes,96,private-source://routeA_experiments/data/prospective_ood_rd_hddm_alpha001_v2/polygonal_holes/sample_0096.npz,49ad587763214bcda7cccaa69cfff09cf001c7b2c7f38d85251e3f2672a35569,0.0066898619988933206,0.06310786818172182,0.5685094293687758,0.6869997978210449,0.2689060911536216,0.5565961676836014
residual_v2,58,polygonal_holes,97,private-source://routeA_experiments/data/prospective_ood_rd_hddm_alpha001_v2/polygonal_holes/sample_0097.npz,8390688b322ed3b47b14ae6c8deb192bc662ca519072cc4456004520d93634eb,0.007877896015997976,0.06631892312905166,0.5913884027249111,0.7072636485099792,0.29388226456940153,0.5502288419008253
residual_v2,58,polygonal_holes,98,private-source://routeA_experiments/data/prospective_ood_rd_hddm_alpha001_v2/polygonal_holes/sample_0098.npz,d664b5cd66446712fa2fc0050a3eea16c06ebbf4a5f3665cb9b62018873ee112,0.007652703963685781,0.04138478241377925,0.3317272750286796,0.42510294914245605,0.18553181886672968,0.34956592321395874
residual_v2,58,polygonal_holes,99,private-source://routeA_experiments/data/prospective_ood_rd_hddm_alpha001_v2/polygonal_holes/sample_0099.npz,ffb0fcbe82635372bfaaf9dfad830078cc7e245cb5df18fc4cf3ee7d7ed08f2c,0.007783451001159847,0.05621761475090722,0.6209125377114283,0.7490135133266449,0.29076122641563407,0.6097212138772009
residual_v2,58,polygonal_holes,100,private-source://routeA_experiments/data/prospective_ood_rd_hddm_alpha001_v2/polygonal_holes/sample_0100.npz,83db9e1bf734e4318e7310d414f020dde016065b78e5ec40e0bf63cbdc30cd69,0.007708621036726981,0.06686251707370704,0.6923040198600828,0.6819323897361755,0.2740298271179199,0.5455485081672667
residual_v2,58,polygonal_holes,101,private-source://routeA_experiments/data/prospective_ood_rd_hddm_alpha001_v2/polygonal_holes/sample_0101.npz,628d4ef4e48f4e11212826ea73354e04acbb5cf5218cf61a5f450ffe072e463a,0.00768070004414767,0.05941813506374274,0.6340142073684704,0.8285620510578156,0.25728294216096387,0.5345216223597526
residual_v2,58,polygonal_holes,102,private-source://routeA_experiments/data/prospective_ood_rd_hddm_alpha001_v2/polygonal_holes/sample_0102.npz,53967bde920053230113301d67f3965fb24710c7b37e3b7e2a11053964188c70,0.006792180996853858,0.08242553860905598,0.9079414441996941,0.7626275271177292,0.3865898231044411,0.666192113161087
residual_v2,58,polygonal_holes,103,private-source://routeA_experiments/data/prospective_ood_rd_hddm_alpha001_v2/polygonal_holes/sample_0103.npz,31c2e4b05f2f012dc480a56d1b1cc60ea8f4b239b39e292c8f0a6dac54ebd19b,0.006594147998839617,0.06920739408752247,0.8974195271721578,0.8983792066574097,0.3047754690051078,0.7422066527605055
residual_v2,58,polygonal_holes,104,private-source://routeA_experiments/data/prospective_ood_rd_hddm_alpha001_v2/polygonal_holes/sample_0104.npz,9eb06fccb4a1502bf602c71b5f5036161537259059eb86654e50a1438639f459,0.00732111802790314,0.043950013661673844,0.37771079880905073,0.4253609925508499,0.21386352777481074,0.31033028639852994
residual_v2,58,polygonal_holes,105,private-source://routeA_experiments/data/prospective_ood_rd_hddm_alpha001_v2/polygonal_holes/sample_0105.npz,95cbcc94abd4de91c834c528dda2319a03fb7099f469d400f93c5b03afcbc4a8,0.007917704002466053,0.06295569158070492,0.7558511894455496,0.8159832060337067,0.33499274775385834,0.7209247621893883
residual_v2,58,polygonal_holes,106,private-source://routeA_experiments/data/prospective_ood_rd_hddm_alpha001_v2/polygonal_holes/sample_0106.npz,98106d828e41a1c5eb346df2a0b0a1e1e58665b84eceba9935ef6099e5563495,0.007072040985804051,0.06504416198695336,1.1302129439314756,0.8590297549962997,0.26856239339103916,0.679548855125904
residual_v2,58,polygonal_holes,107,private-source://routeA_experiments/data/prospective_ood_rd_hddm_alpha001_v2/polygonal_holes/sample_0107.npz,9cbd0d60ca7ebba2116f8c16d91b310978edea4d0da468204842b7a23670a89d,0.008071046962868422,0.06647226587900447,0.7862314856170101,0.7672674059867859,0.2794265624135733,0.5892212733626365
residual_v2,58,polygonal_holes,108,private-source://routeA_experiments/data/prospective_ood_rd_hddm_alpha001_v2/polygonal_holes/sample_0108.npz,b9853bfdbfac230c0bfabbae3453e3f905065de73973a4e6e03d679b043f8a93,0.007934338005725294,0.05749832463140289,0.6126579396051357,0.6839561462402344,0.24059824123978613,0.54665711581707
residual_v2,58,polygonal_holes,109,private-source://routeA_experiments/data/prospective_ood_rd_hddm_alpha001_v2/polygonal_holes/sample_0109.npz,ad81e157b0fe4b56f9cb232ff544261abab7b40e2fd40998cf5365e8c2ecbf9c,0.007807581045199186,0.060954317704841464,1.015936083260529,0.9379637837409973,0.25435304017737503,0.5487766955792902
residual_v2,58,polygonal_holes,110,private-source://routeA_experiments/data/prospective_ood_rd_hddm_alpha001_v2/polygonal_holes/sample_0110.npz,2379cde8dfcb4012259c110621bb82cac632e8758fc6470fc5fb50c0d6567705,0.007683213974814862,0.05310697208452985,0.5771587506714239,0.6357298791408539,0.2179629407823085,0.48505460292100905
residual_v2,58,polygonal_holes,111,private-source://routeA_experiments/data/prospective_ood_rd_hddm_alpha001_v2/polygonal_holes/sample_0111.npz,e77470dcfcba1f6bdb33c318c2e6cecb38ae797f62d39e0bb08e7a08dd6e974a,0.007428819022607058,0.05182090785646753,0.6810456808888264,0.8045937716960907,0.2423660442233084,0.6280763337016104
residual_v2,58,polygonal_holes,112,private-source://routeA_experiments/data/prospective_ood_rd_hddm_alpha001_v2/polygonal_holes/sample_0112.npz,88df74d2052fa5cb450aa5d9be2814b467df7bbe8db5582a180089122655cee2,0.00808006600709632,0.04200506486625424,0.3650795420288326,0.4525762051343918,0.17336178608238692,0.29386454105377197
residual_v2,58,polygonal_holes,113,private-source://routeA_experiments/data/prospective_ood_rd_hddm_alpha001_v2/polygonal_holes/sample_0113.npz,3a1fa1b65775b0275cf639b12a72525a77828d847796be0e003df1bdbad952ec,0.007447119045536965,0.04846501083125354,0.47988009082597305,0.5635676681995392,0.24411784857511518,0.4628969973325729
residual_v2,58,polygonal_holes,114,private-source://routeA_experiments/data/prospective_ood_rd_hddm_alpha001_v2/polygonal_holes/sample_0114.npz,ee8527e088d5dac6fcb1c475159e6c302f9ad53ec6da27fe11138620a0ca68fd,0.008278444991447031,0.06970325804657035,0.7948162278823142,0.8465539216995239,0.3466196075081825,0.7033226320147514
residual_v2,58,polygonal_holes,115,private-source://routeA_experiments/data/prospective_ood_rd_hddm_alpha001_v2/polygonal_holes/sample_0115.npz,f7ffa5978118fd94c3600a0f477fa283eca44223a4090163c2e4bf5b6bcf3f85,0.007852534006815404,0.047237180832696846,0.5420001272202518,0.6648134887218475,0.23431381210684765,0.5574486237764358
residual_v2,58,polygonal_holes,116,private-source://routeA_experiments/data/prospective_ood_rd_hddm_alpha001_v2/polygonal_holes/sample_0116.npz,40826f4a1aca3233236ea6a2e03d2f7953a031f2a735af2bc36b9a978760b21d,0.007421087997499853,0.06443333393925173,0.7618410411454989,0.7811180651187897,0.31778699122369286,0.5882213452458381
residual_v2,58,polygonal_holes,117,private-source://routeA_experiments/data/prospective_ood_rd_hddm_alpha001_v2/polygonal_holes/sample_0117.npz,e1cd5ab17ebc52bc630594c80acdbe1ac1cf83a82b72806653c360f585aa540a,0.007712910010013729,0.05145269150860176,0.416699609159298,0.4923047423362732,0.2194169953465461,0.3211416733264923
residual_v2,58,polygonal_holes,118,private-source://routeA_experiments/data/prospective_ood_rd_hddm_alpha001_v2/polygonal_holes/sample_0118.npz,e0b81737032bd6118a094dfd0c6797f942b4d7ff21e1c6636fe9e0c0fa7456e2,0.006657487014308572,0.040468532002578037,0.4579250670055452,0.6362990736961365,0.17260362207889543,0.45872392445802684
residual_v2,58,polygonal_holes,119,private-source://routeA_experiments/data/prospective_ood_rd_hddm_alpha001_v2/polygonal_holes/sample_0119.npz,274e7d80ddc1fb4c43974f1671c4b357b5fd97510b63ae2caa29395f57fb9bd2,0.007820240978617221,0.07495357683686822,0.8547937898043909,0.8920959532260895,0.39576069265603986,0.7408105042576789
residual_v2,58,polygonal_holes,120,private-source://routeA_experiments/data/prospective_ood_rd_hddm_alpha001_v2/polygonal_holes/sample_0120.npz,a6dd086ec33a9883183e8a146acf4fded479067a6034fee0630258588079fc8d,0.007486260030418634,0.03928175434377888,0.5228549436651003,0.6886677443981171,0.19954771101474753,0.5227040046453476
residual_v2,58,polygonal_holes,121,private-source://routeA_experiments/data/prospective_ood_rd_hddm_alpha001_v2/polygonal_holes/sample_0121.npz,ac81dd72fd79f7e2354039b8d04c60f5f5bbfca723e2447359de622ff26efbb1,0.008129127032589167,0.06304472019990891,1.0017951679333579,0.892736479640007,0.26476736310869453,0.6853712616860865
residual_v2,58,polygonal_holes,122,private-source://routeA_experiments/data/prospective_ood_rd_hddm_alpha001_v2/polygonal_holes/sample_0122.npz,759193356a467c09e2b8edbb533e17359fce60da51877df5de5350a541b599c5,0.007452445046510547,0.0634605005204422,0.7626790535012375,0.7541238963603973,0.26629270724952203,0.573119601458311
residual_v2,58,polygonal_holes,123,private-source://routeA_experiments/data/prospective_ood_rd_hddm_alpha001_v2/polygonal_holes/sample_0123.npz,043378324eecf8d22f90a8b04f7e31a6758753cb437e9e0dfbe72c96271d4ff4,0.008349001000169665,0.046228311851270215,0.3900343071783743,0.48213517665863037,0.24796150177717197,0.35957335263490675
residual_v2,58,polygonal_holes,124,private-source://routeA_experiments/data/prospective_ood_rd_hddm_alpha001_v2/polygonal_holes/sample_0124.npz,cd51fc274b14dfb5fac39f5cfe064e526357b88b7d094e98b25666df1b414ebf,0.007730147975962609,0.06964695031655904,0.5790990842167265,0.5865627825260162,0.29847757518291473,0.4781626561284064
residual_v2,58,polygonal_holes,125,private-source://routeA_experiments/data/prospective_ood_rd_hddm_alpha001_v2/polygonal_holes/sample_0125.npz,ed9c8de9705fd444fe459e4bfda13bcb047be60ede95d8334f14a4765b9738c1,0.008275025989860296,0.07805213204263835,0.8240916254479586,0.8500287532806396,0.3637711592018604,0.7197564142942429
residual_v2,58,polygonal_holes,126,private-source://routeA_experiments/data/prospective_ood_rd_hddm_alpha001_v2/polygonal_holes/sample_0126.npz,665752506b08a3f3e3fe30b2921a1800be6cc7503caeb2bbb5078b9732f246a1,0.007895337010268122,0.06392881695084776,0.6253568842541555,0.673111617565155,0.2528716176748276,0.5467084011435509
residual_v2,58,polygonal_holes,127,private-source://routeA_experiments/data/prospective_ood_rd_hddm_alpha001_v2/polygonal_holes/sample_0127.npz,c816a31178bdc5d064cf91181e9c7932847ba43e355ab3c1d6ccd62738e6e38a,0.007811927003785968,0.0564854409349391,0.7491420949070834,0.8542562127113342,0.2804528748616575,0.6769034546613693
residual_v2,58,polygonal_holes,128,private-source://routeA_experiments/data/prospective_ood_rd_hddm_alpha001_v2/polygonal_holes/sample_0128.npz,1ff4fae644b7094e6f782b7b687fd6b1fbd82aac67e72ea7769b3fb09fa6e48f,0.00768383702961728,0.04650058163447562,0.38773179292757304,0.43052545189857483,0.20366609469056127,0.3176777559518814
residual_v2,58,polygonal_holes,129,private-source://routeA_experiments/data/prospective_ood_rd_hddm_alpha001_v2/polygonal_holes/sample_0129.npz,304ae224f67a5af8163de1ab49c40dd4fedca4580b143be96af616abffc6891f,0.008111523988191038,0.06507983444041504,0.7707241201759452,0.8089440762996674,0.31095339283347123,0.6336914651095867
residual_v2,58,polygonal_holes,130,private-source://routeA_experiments/data/prospective_ood_rd_hddm_alpha001_v2/polygonal_holes/sample_0130.npz,e1ce49f7ee7274aa7c46a7774918dbf0b33c86fdbf83110ebf21a577b52b49c2,0.007897529983893037,0.048738638941379656,0.449822243032937,0.5205703675746918,0.2116922067478299,0.3764265650510787
residual_v2,58,polygonal_holes,131,private-source://routeA_experiments/data/prospective_ood_rd_hddm_alpha001_v2/polygonal_holes/sample_0131.npz,ed41aea98fee101c256811beb8de8b6cd7eaa2613cc541b40b00b980b3f85711,0.0072542569832876325,0.0448614848153314,0.39406028162760387,0.43747031688690186,0.21553851198405022,0.3462677361071109
residual_v2,58,polygonal_holes,132,private-source://routeA_experiments/data/prospective_ood_rd_hddm_alpha001_v2/polygonal_holes/sample_0132.npz,f6a02e95496e34f2bd023b24cbfad8d8efcd430331804e20e35c1a3a87b3105a,0.007676852052100003,0.06698035242561357,0.6782991166645199,0.7240792065858841,0.2780745055526495,0.6348456045985222
residual_v2,58,polygonal_holes,133,private-source://routeA_experiments/data/prospective_ood_rd_hddm_alpha001_v2/polygonal_holes/sample_0133.npz,2d0b9657c30dbaee8ac6254ea143fd42d06b5d9334a9daae61f959b4d768189d,0.00740860600490123,0.05017990625916557,0.6895675751617965,0.8171216249465942,0.2721391476690769,0.6969861492514611
residual_v2,58,polygonal_holes,134,private-source://routeA_experiments/data/prospective_ood_rd_hddm_alpha001_v2/polygonal_holes/sample_0134.npz,6fc1d8ad41d98e5533dcb17000bd621df4413b0bc230e17a01f9f1042863dc00,0.007735591032542288,0.04380743624864749,0.395400451808814,0.5396538376808167,0.20954586267471312,0.3793473821878433
residual_v2,58,polygonal_holes,135,private-source://routeA_experiments/data/prospective_ood_rd_hddm_alpha001_v2/polygonal_holes/sample_0135.npz,5f7f06f2a09a51cb1bdbf1f8f76c7dcebd7292b16ad5d06e2bd7e5e2a241a7b4,0.00781878101406619,0.06164701809359446,0.9659923452111225,0.8210609257221222,0.2504489619284868,0.619085554331541
residual_v2,58,polygonal_holes,136,private-source://routeA_experiments/data/prospective_ood_rd_hddm_alpha001_v2/polygonal_holes/sample_0136.npz,00531c0b831dc08973faac55a2933c5636dd9ca8276c59ce5b933fd5d249b087,0.008307198993861675,0.043873079572235456,0.3409582691913012,0.5082802623510361,0.19566240198910237,0.31550049245357514
residual_v2,58,polygonal_holes,137,private-source://routeA_experiments/data/prospective_ood_rd_hddm_alpha001_v2/polygonal_holes/sample_0137.npz,d001d2eb3c3220ffed4f07f5378b2f2433947704e933286823ec2f721961990d,0.007767903036437929,0.05550991816226441,0.5138250451128579,0.5278538167476654,0.2514819839969277,0.3972856253385543
residual_v2,58,polygonal_holes,138,private-source://routeA_experiments/data/prospective_ood_rd_hddm_alpha001_v2/polygonal_holes/sample_0138.npz,f220ed2d2bb7df025848597f7eaca2bacd1707ff56291afdc47c8afdf6b2c8b5,0.008618107996881008,0.07386515096323708,0.6061733969920844,0.7297382056713104,0.30255116689950223,0.5807201331853865
residual_v2,58,polygonal_holes,139,private-source://routeA_experiments/data/prospective_ood_rd_hddm_alpha001_v2/polygonal_holes/sample_0139.npz,17b888ed07f6657c9849c552aad413cfe46048c4c7895f05178724c0fa7f87ca,0.008044503978453577,0.06559728822580786,0.814384199936305,0.8990224599838257,0.31239815193694054,0.7170335033535956
residual_v2,58,polygonal_holes,140,private-source://routeA_experiments/data/prospective_ood_rd_hddm_alpha001_v2/polygonal_holes/sample_0140.npz,e02540d429db3b7126f4bff11bc5fa61a336ec8a85e95e0c1221371ba5a47ef6,0.008453276008367538,0.06620434141675687,0.9258679608566825,0.9490983188152313,0.2554273376241326,0.5842590016126632
residual_v2,58,polygonal_holes,141,private-source://routeA_experiments/data/prospective_ood_rd_hddm_alpha001_v2/polygonal_holes/sample_0141.npz,bb22d84f5f6c83f45e1de2d4ab15f3186ec26d2a148f8904619bdd7a66c8171f,0.007827817986253649,0.057025217146178114,0.6780741800017496,0.7859091758728027,0.3090058438479898,0.6441375190019607
residual_v2,58,polygonal_holes,142,private-source://routeA_experiments/data/prospective_ood_rd_hddm_alpha001_v2/polygonal_holes/sample_0142.npz,a1cc8c41b7c1a468be244e07ec2ff48e53d77459c7644d4e6eb2022f904ed782,0.006865572009701282,0.0555680182540593,0.7737541843959854,0.8443453311920166,0.2152483820915222,0.6258457234501839
residual_v2,58,polygonal_holes,143,private-source://routeA_experiments/data/prospective_ood_rd_hddm_alpha001_v2/polygonal_holes/sample_0143.npz,4b97a95ed4fe7c8cb1b5fa7d4ef80edede472fcfc57e6cfa5eadb9c8a4df27a5,0.008544404001440853,0.08145367861705696,1.262327268679962,0.9172059297561646,0.3348411147482693,0.6781146492063999
residual_v2,58,polygonal_holes,144,private-source://routeA_experiments/data/prospective_ood_rd_hddm_alpha001_v2/polygonal_holes/sample_0144.npz,3acfb67f378c2daf8e69098ba9558f45f6fc6a8a6e8672333f2e8c054a6bc2bf,0.007853613991755992,0.06851479888840491,1.065404758225247,0.9814646542072296,0.261921521788463,0.6602611765265463
residual_v2,58,polygonal_holes,145,private-source://routeA_experiments/data/prospective_ood_rd_hddm_alpha001_v2/polygonal_holes/sample_0145.npz,b65d0851c245b707a2ac32228f305f7569c9d1859d64e5f4927b75c27e5a7c2b,0.008493222005199641,0.05424146522186195,0.5212598173961043,0.6450279951095581,0.2429003551602362,0.4723211359977722
residual_v2,58,polygonal_holes,146,private-source://routeA_experiments/data/prospective_ood_rd_hddm_alpha001_v2/polygonal_holes/sample_0146.npz,201b532444ea007bfb07628e9165c885156dffac34abbcb9c7006c661f8345f2,0.008514488989021629,0.06382641028450659,0.7044210250509371,0.797089010477066,0.27935951203107834,0.5995004618167875
residual_v2,58,polygonal_holes,147,private-source://routeA_experiments/data/prospective_ood_rd_hddm_alpha001_v2/polygonal_holes/sample_0147.npz,d9d3e2c0e75e05c8d6a983a93cdbeec7eefce5027ca61ee3fe73ed223cb22f7a,0.0064987679943442345,0.07902574911120522,0.8376878586991257,0.7446770519018173,0.35699108466506,0.5973109662532806
residual_v2,58,polygonal_holes,148,private-source://routeA_experiments/data/prospective_ood_rd_hddm_alpha001_v2/polygonal_holes/sample_0148.npz,fed8390888705bfd8ae6d9f074b0386d8310a40128ec7eed3742e6689c9930f5,0.007568290980998427,0.04973834382643064,0.5988299028965074,0.7354986667633057,0.28366893380880354,0.5800588402152062
residual_v2,58,polygonal_holes,149,private-source://routeA_experiments/data/prospective_ood_rd_hddm_alpha001_v2/polygonal_holes/sample_0149.npz,1fc1409b3b58a0ee4fe9462eb8610281be13a9e52d04be45b8155c8b093b6826,0.0076957389828749,0.058439141336948525,0.5792756027395265,0.7109884023666382,0.33896383494138715,0.6007453808188439
residual_v2,58,polygonal_holes,150,private-source://routeA_experiments/data/prospective_ood_rd_hddm_alpha001_v2/polygonal_holes/sample_0150.npz,2757539f9ec46c666cbf7b9c228a40503df7a8a8f2124fac5c87a43bd9ed14dc,0.008599443011917174,0.05619477184357303,0.9185145461179397,0.8203848898410797,0.21266480721533296,0.5546663743257522
residual_v2,58,polygonal_holes,151,private-source://routeA_experiments/data/prospective_ood_rd_hddm_alpha001_v2/polygonal_holes/sample_0151.npz,891875b4effc70758dab8ca57b0d6819863a7b492d90d1bfdb2bd22bc48d0cad,0.00833432300714776,0.07658690777146451,0.8376602852039223,0.9018376171588898,0.3916419121611394,0.7680436950922012
residual_v2,58,polygonal_holes,152,private-source://routeA_experiments/data/prospective_ood_rd_hddm_alpha001_v2/polygonal_holes/sample_0152.npz,56b12d3d13026cd3288b7c1885cbd85b8a1bc4dc3f9807dd8858aa67d50f721d,0.008587380987592041,0.06330933411584706,0.6533556527293735,0.747511476278305,0.26784923747181894,0.567863072156906
residual_v2,58,polygonal_holes,153,private-source://routeA_experiments/data/prospective_ood_rd_hddm_alpha001_v2/polygonal_holes/sample_0153.npz,af02edfbeda154165dee016399e47068fbe6b8c0e34593331fe7bf97c763c6ed,0.007604843995068222,0.042564243738599745,0.33529028933269805,0.4473850727081299,0.18310048580169677,0.30529881060123437
residual_v2,58,polygonal_holes,154,private-source://routeA_experiments/data/prospective_ood_rd_hddm_alpha001_v2/polygonal_holes/sample_0154.npz,9f4d2ecf074b40c504140d8737b60ab86136700c126bd6eada3ce22b6faeb44d,0.008212060027290136,0.06649179816826963,1.2801496567481008,0.9205364659428596,0.3234091192542109,0.5916602124273777
residual_v2,58,polygonal_holes,155,private-source://routeA_experiments/data/prospective_ood_rd_hddm_alpha001_v2/polygonal_holes/sample_0155.npz,b861e6158554f60e3b28f76ec9b128a9430ba6efcbba4fe54c56e55939f03657,0.0060448559815995395,0.058120189352804795,0.6068802167267763,0.6893061697483063,0.28770759180188177,0.5623733347654343
residual_v2,58,polygonal_holes,156,private-source://routeA_experiments/data/prospective_ood_rd_hddm_alpha001_v2/polygonal_holes/sample_0156.npz,14ef70e1036b06a4abd5ecf0c058f87e16a946222fa519b8f637fc45a36d83e7,0.008172802976332605,0.05149533230871788,0.517882378020612,0.6395255923271179,0.2600767564028501,0.459637612402439
residual_v2,58,polygonal_holes,157,private-source://routeA_experiments/data/prospective_ood_rd_hddm_alpha001_v2/polygonal_holes/sample_0157.npz,43dda95c9977101aa286a63d0342e83b3917f584fe93b176f50bf6a8863ee6ed,0.00798521499382332,0.07084889616945171,0.6262632962969548,0.6954315304756165,0.3633490324020386,0.529569306075573
residual_v2,58,polygonal_holes,158,private-source://routeA_experiments/data/prospective_ood_rd_hddm_alpha001_v2/polygonal_holes/sample_0158.npz,d857465c10a280a070d862005f23339c491f8fbd2446b9a5938d6bcd7a0b3a1a,0.007128186000045389,0.03993490864430245,0.5423181350369827,0.6669080257415771,0.17756221741437908,0.48115229010581967
residual_v2,58,polygonal_holes,159,private-source://routeA_experiments/data/prospective_ood_rd_hddm_alpha001_v2/polygonal_holes/sample_0159.npz,f59261ba874c415e72210524ff86466ef1835ff128db62c36864a13b554ff470,0.00821692100726068,0.05592433448711543,0.6738010622810179,0.8305502831935883,0.25232314020395274,0.6800970792770386
residual_v2,58,polygonal_holes,160,private-source://routeA_experiments/data/prospective_ood_rd_hddm_alpha001_v2/polygonal_holes/sample_0160.npz,39068f5d74d06b40549535b8f9ac00e3990cbbfd5ed4bbbfc7773dab1ec0dbbe,0.007559189980383962,0.06761665806478782,0.8011247690446194,0.8454164266586304,0.3063275394961238,0.6378850585967302
residual_v2,58,polygonal_holes,161,private-source://routeA_experiments/data/prospective_ood_rd_hddm_alpha001_v2/polygonal_holes/sample_0161.npz,e0831b7cf1e199a8bcddde4a7ba63fda2ec5358332f83876dc46e76b7a76fe72,0.007686594966799021,0.05926357494153744,0.8596899760462796,0.8242312371730804,0.25877955127507435,0.6384749330580235
residual_v2,58,polygonal_holes,162,private-source://routeA_experiments/data/prospective_ood_rd_hddm_alpha001_v2/polygonal_holes/sample_0162.npz,b57aaa46bc4b1f2b322a5c732792b6b0b627be08d494a2d21be8f93f764c1355,0.008019980974495411,0.0590372380462294,0.5822230209391287,0.7241257727146149,0.29621082767844187,0.5299839550256729
residual_v2,58,polygonal_holes,163,private-source://routeA_experiments/data/prospective_ood_rd_hddm_alpha001_v2/polygonal_holes/sample_0163.npz,1a3ca61d865205982770fbfd89f746ec95c9b76d83a2d8a357c31ac000e4dac4,0.007604678976349533,0.06068747293383644,0.5196718901323906,0.5540387332439423,0.2742852477356789,0.48618591666221617
residual_v2,58,polygonal_holes,164,private-source://routeA_experiments/data/prospective_ood_rd_hddm_alpha001_v2/polygonal_holes/sample_0164.npz,5d1ee014dbbe40884070a5a39acff629da86c4954a0b4ab2c84a9004a2202fd6,0.007577309035696089,0.05945876996147493,1.0007978651265121,0.8513058423995972,0.27096433164551853,0.6236323317885398
residual_v2,58,polygonal_holes,165,private-source://routeA_experiments/data/prospective_ood_rd_hddm_alpha001_v2/polygonal_holes/sample_0165.npz,259bca01e7e1d1c29bce2b41b1f1875945b910b6f1079e0f915a7977b1e9f893,0.007223014021292329,0.05304120098454557,0.5937199310265556,0.6818545758724213,0.21823891289532174,0.5014752051234244
residual_v2,58,polygonal_holes,166,private-source://routeA_experiments/data/prospective_ood_rd_hddm_alpha001_v2/polygonal_holes/sample_0166.npz,3d0e83e51a41e5c75d0f593269bfee27d32a16acbae58e27343d22ebcff431fa,0.007529094000346959,0.05228464177207949,0.5274003630043678,0.5116028189659119,0.24384802123531693,0.4165355253219604
residual_v2,58,polygonal_holes,167,private-source://routeA_experiments/data/prospective_ood_rd_hddm_alpha001_v2/polygonal_holes/sample_0167.npz,5a819bbcff1e88f2e84bade5f00f2f6aa0ce4917add5aa7ae2c972f7f2b2cd18,0.007562299026176333,0.062064335316352984,0.7040698893771319,0.7568452656269073,0.3227196723222731,0.6377322167158127
residual_v2,58,polygonal_holes,168,private-source://routeA_experiments/data/prospective_ood_rd_hddm_alpha001_v2/polygonal_holes/sample_0168.npz,a7cfabc5b8b40f9786fdf3721f364f746da39dc5df704ef1420678ea5be4ac01,0.00789590401109308,0.06623491328501795,0.9267839687259468,0.9469541311264038,0.33219114299863556,0.7435216154158115
residual_v2,58,polygonal_holes,169,private-source://routeA_experiments/data/prospective_ood_rd_hddm_alpha001_v2/polygonal_holes/sample_0169.npz,f8b53cb3fd333ee1cb8d8489fc281f46ff7543a5218086725429358ac90c93cd,0.00826430501183495,0.07578522138129712,0.8688686551108854,0.9453939199447632,0.39367229193448994,0.7545429679751393
residual_v2,58,polygonal_holes,170,private-source://routeA_experiments/data/prospective_ood_rd_hddm_alpha001_v2/polygonal_holes/sample_0170.npz,531ec76af332ab8ef01be90231b69e059e9a8934f0f93d6913fbf46d169de030,0.007563663006294519,0.04614464358888048,0.3619309836390596,0.30187268555164337,0.18957219310104845,0.25039846777915953
residual_v2,58,polygonal_holes,171,private-source://routeA_experiments/data/prospective_ood_rd_hddm_alpha001_v2/polygonal_holes/sample_0171.npz,947ccbec00e5e3b68cdd69f3e3e633bff7ae1f93b4726f7be992a025d3253c92,0.0083627569838427,0.07285345789020643,0.8059304778280585,0.8560399413108826,0.3012290458194911,0.7240434519946575
residual_v2,58,polygonal_holes,172,private-source://routeA_experiments/data/prospective_ood_rd_hddm_alpha001_v2/polygonal_holes/sample_0172.npz,8f15a2b58c17b5976e89c7be705afee763ca28bc4cc10a072fc3068929a6a3fa,0.007836739008780569,0.06572909599266849,0.7960027136467913,0.8492109775543213,0.2763913478702307,0.6026030683517456
residual_v2,58,polygonal_holes,173,private-source://routeA_experiments/data/prospective_ood_rd_hddm_alpha001_v2/polygonal_holes/sample_0173.npz,44717b5111981b568d6b881d94fc32b107d2c09e4f89110f752fe8fd098ba1a9,0.006900161970406771,0.0615257762610533,0.5300477094470362,0.5748589932918549,0.27451727297157047,0.49086650460958475
residual_v2,58,polygonal_holes,174,private-source://routeA_experiments/data/prospective_ood_rd_hddm_alpha001_v2/polygonal_holes/sample_0174.npz,8b214cc2dccfbd9eeba4a0bbf1cf9592ace0d59fad777f0c1ef1da18aa1c1886,0.008145367028191686,0.05294717649954464,0.6439493646518375,0.7374451756477356,0.23270589560270305,0.6383729097247123
residual_v2,58,polygonal_holes,175,private-source://routeA_experiments/data/prospective_ood_rd_hddm_alpha001_v2/polygonal_holes/sample_0175.npz,0704e3f9778f3aedbd42b0385e81de58d71e4c2be75d9f126126775ca2425f28,0.008095691970083863,0.041521603855851734,0.36564385984450737,0.4289184808731079,0.20473115742206568,0.3216121190786362
residual_v2,58,polygonal_holes,176,private-source://routeA_experiments/data/prospective_ood_rd_hddm_alpha001_v2/polygonal_holes/sample_0176.npz,a85484a8662f15305a5e709f13d1fa525a418acb00e7250756949427976b2dd8,0.0075516870128922164,0.06826718945466029,0.8667251277723418,0.913850873708725,0.2693129312247038,0.6196892626583576
residual_v2,58,polygonal_holes,177,private-source://routeA_experiments/data/prospective_ood_rd_hddm_alpha001_v2/polygonal_holes/sample_0177.npz,e0a3dc9763664c7fd06c84abf04a136fb5cdfe6c731d8094dd3d83ab720c189f,0.007950945000629872,0.060133287409989085,0.9324646067145658,0.8294831216335297,0.23857779931277034,0.5632564851641653
residual_v2,58,polygonal_holes,178,private-source://routeA_experiments/data/prospective_ood_rd_hddm_alpha001_v2/polygonal_holes/sample_0178.npz,481ca6c6499705706c2f66d7e79f45ecb746cb561d6a77790784658abee41ffe,0.00752745196223259,0.06716192202890638,0.8648339260351127,0.9093944877386093,0.35070050135254843,0.702503150999546
residual_v2,58,polygonal_holes,179,private-source://routeA_experiments/data/prospective_ood_rd_hddm_alpha001_v2/polygonal_holes/sample_0179.npz,e4bc203a85df9f9977404e82f55cafb59262bc1ce46ea6ffe3b6aa2d04c126dc,0.007943812990561128,0.04569354660558373,0.5298608554137412,0.631544291973114,0.21409970521926874,0.5242620930075645
residual_v2,58,polygonal_holes,180,private-source://routeA_experiments/data/prospective_ood_rd_hddm_alpha001_v2/polygonal_holes/sample_0180.npz,81b84fdac3eccbe8d0928bc38881f8a0dd9d9e18b35f8f47b20caa177985fd3b,0.008123548002913594,0.059521411582873635,0.9246150933252164,0.907277524471283,0.22571760192513465,0.7448499977588654
residual_v2,58,polygonal_holes,181,private-source://routeA_experiments/data/prospective_ood_rd_hddm_alpha001_v2/polygonal_holes/sample_0181.npz,5b6cc5d652fa4a1c887c4b0c1e164cd672bb9f5061ad1afead3751e70b213514,0.00769139698240906,0.06164178678830467,0.6731367948757551,0.7472563982009888,0.32296945750713346,0.6640297037363052
residual_v2,58,polygonal_holes,182,private-source://routeA_experiments/data/prospective_ood_rd_hddm_alpha001_v2/polygonal_holes/sample_0182.npz,30d7eccb6acfa738a9e0d813c59d9fc3e7a337f419dc39e253bd748b1985e200,0.008023608999792486,0.07139032581684684,0.7569842012844882,0.7500816732645035,0.2858320090919732,0.599871076643467
residual_v2,58,polygonal_holes,183,private-source://routeA_experiments/data/prospective_ood_rd_hddm_alpha001_v2/polygonal_holes/sample_0183.npz,1373cf2f076ba6d96d76006b9bac7cafb13fe290e1c8db8eb0a021aa3ea6a877,0.007786868023686111,0.06284502231752892,0.5726082097160969,0.6388134658336639,0.30689409151673314,0.452029182612896
residual_v2,58,polygonal_holes,184,private-source://routeA_experiments/data/prospective_ood_rd_hddm_alpha001_v2/polygonal_holes/sample_0184.npz,ea319e2f477b8255fcaca1a8e04826d40a2c73352b1e4d184424b4c62b2442f5,0.00729836302343756,0.059003358662507645,0.7066416897760142,0.7839131951332092,0.2724264660850165,0.6432777127623558
residual_v2,58,polygonal_holes,185,private-source://routeA_experiments/data/prospective_ood_rd_hddm_alpha001_v2/polygonal_holes/sample_0185.npz,d003b9495650cf787afd4d3ddc6d86135228d769f54ad6312a6280421a596e3a,0.007865175954066217,0.06933450829733483,1.1216096865015746,0.9601807296276093,0.25449409359134734,0.7828308923542499
residual_v2,58,polygonal_holes,186,private-source://routeA_experiments/data/prospective_ood_rd_hddm_alpha001_v2/polygonal_holes/sample_0186.npz,842bbbe7603fa9c66898e0d3e41112951c43fa2013c25eff012bda7d90c34fc1,0.008377545978873968,0.05845607620302262,0.9276976584227564,0.7598983943462372,0.245118972659111,0.5605509560555219
residual_v2,58,polygonal_holes,187,private-source://routeA_experiments/data/prospective_ood_rd_hddm_alpha001_v2/polygonal_holes/sample_0187.npz,cb2d55c7982505cee18ae54c10f3a2561c5ffa076d5725faf703948555a281cd,0.00839188601821661,0.07039221794613723,1.2460603491549964,0.9422061890363693,0.28533535477472466,0.608911772444844
residual_v2,58,polygonal_holes,188,private-source://routeA_experiments/data/prospective_ood_rd_hddm_alpha001_v2/polygonal_holes/sample_0188.npz,f3741286ab69ced697a71881032f01ee4b24b51cbaa12f72c9ef12b3e4744498,0.007783409033436328,0.056382329200954096,0.48278037646438704,0.64891317486763,0.33291292488574964,0.4887608441710472
residual_v2,58,polygonal_holes,189,private-source://routeA_experiments/data/prospective_ood_rd_hddm_alpha001_v2/polygonal_holes/sample_0189.npz,f7b805f25ec992fb94efd23e0f85f979f2cf9c135f8ef20d0de20cb17df22844,0.00792853202437982,0.06117074973764062,1.1058809979301831,0.8901443406939507,0.26080949879251414,0.6602863361686466
residual_v2,58,polygonal_holes,190,private-source://routeA_experiments/data/prospective_ood_rd_hddm_alpha001_v2/polygonal_holes/sample_0190.npz,dc1bbc2f69c79f99ee4574dff06f98bba6eb04d44fc3565781bf40b6efbb07e5,0.008108848996926099,0.07979502113212385,0.7390093449548921,0.7644422054290771,0.33400518149137476,0.5572556659579276
residual_v2,58,polygonal_holes,191,private-source://routeA_experiments/data/prospective_ood_rd_hddm_alpha001_v2/polygonal_holes/sample_0191.npz,f796f17a8112fa44e52a0f1a214586fb75df4a586120fd92593085ab7070cedd,0.008171060995664448,0.05502746885092026,0.5287714007428977,0.6775425374507904,0.2523964315652847,0.5482684752345085
residual_v2,58,polygonal_holes,192,private-source://routeA_experiments/data/prospective_ood_rd_hddm_alpha001_v2/polygonal_holes/sample_0192.npz,dda32192ec953c5b2b30b9664a031c0b2c32c18898206a837abd68a848dc6560,0.007329474028665572,0.0397788686110928,0.46889989536723825,0.6246979832649231,0.16835381418932227,0.5226584419608116
residual_v2,58,polygonal_holes,193,private-source://routeA_experiments/data/prospective_ood_rd_hddm_alpha001_v2/polygonal_holes/sample_0193.npz,a0ecfb23ec91938da78978e535237a93cd3cdb1418404474f7a4b8e5e18ecb0e,0.006631689029745758,0.057179702221332666,0.45998963847783775,0.6161378622055054,0.26827815622091294,0.4177870252728462
residual_v2,58,polygonal_holes,194,private-source://routeA_experiments/data/prospective_ood_rd_hddm_alpha001_v2/polygonal_holes/sample_0194.npz,41a07014c34cd5ab4b6bf8fb836e352f25011d3d9ee8ab7718601b8708c98a50,0.007967823010403663,0.046909576162302576,0.3817045071065605,0.44166088104248047,0.19311020001769058,0.3521959137916565
residual_v2,58,polygonal_holes,195,private-source://routeA_experiments/data/prospective_ood_rd_hddm_alpha001_v2/polygonal_holes/sample_0195.npz,bd513e0febd4c5373d80e2b7dcdd2b9486ed4ac7e6bc9ee5eb9dc273983b9ffe,0.0076247319811955094,0.07058462916876385,1.16734789340963,0.886997364461422,0.3050630323123187,0.677638146057725
residual_v2,58,polygonal_holes,196,private-source://routeA_experiments/data/prospective_ood_rd_hddm_alpha001_v2/polygonal_holes/sample_0196.npz,cb48f01e7dd800b18ce7cbe2c18858c2d9a44d38e5be7cf20f5254eafdbd0bf2,0.008266618999186903,0.06969402965545997,0.6852750879631874,0.656110942363739,0.29898999636061485,0.541849285364151
residual_v2,58,polygonal_holes,197,private-source://routeA_experiments/data/prospective_ood_rd_hddm_alpha001_v2/polygonal_holes/sample_0197.npz,d9edb4456fdfb320e3e8eddde4e164e04f26d3682accae421c9cb62372882d05,0.007436473970301449,0.05348981258714225,0.4595908184790599,0.5117989182472229,0.23002453238877923,0.4235652077198028
residual_v2,58,polygonal_holes,198,private-source://routeA_experiments/data/prospective_ood_rd_hddm_alpha001_v2/polygonal_holes/sample_0198.npz,2bb222fb19e2658b1507bbec54c6820e146fa9b42297978674b5e3f02f9f1c57,0.00761385599616915,0.057414176543975876,0.5858164870021131,0.6804972887039185,0.30365139245986933,0.5606704238057136
residual_v2,58,polygonal_holes,199,private-source://routeA_experiments/data/prospective_ood_rd_hddm_alpha001_v2/polygonal_holes/sample_0199.npz,2eec775368a54d0cff3644f18d86a5d5b2aa3329ce09ee599ee904145cc74303,0.0074931340059265494,0.04723237943583247,0.47509740977135556,0.5625610053539276,0.2708468779921531,0.4858875048160553
residual_v2,58,star_concave,0,private-source://routeA_experiments/data/prospective_ood_rd_hddm_alpha001_v2/star_concave/sample_0000.npz,009d2bb9aad63b794132f3b8fa2904650b88fb7b6b2d61561be4048deacc458b,0.009014031034894288,0.08084554387382133,0.6058580581283635,0.7467836141586304,0.39958554506301874,0.6427516144514082
residual_v2,58,star_concave,1,private-source://routeA_experiments/data/prospective_ood_rd_hddm_alpha001_v2/star_concave/sample_0001.npz,4e70bd655e98ee3d6e109ea5eb742794f0fa72f85104a738094fee80b6acaf70,0.006728163978550583,0.08626034610679374,0.483446182308385,0.6046249568462372,0.4122274175286296,0.5603544458746911
residual_v2,58,star_concave,2,private-source://routeA_experiments/data/prospective_ood_rd_hddm_alpha001_v2/star_concave/sample_0002.npz,fb14453d8d3f30cf873c46a5e14b387674862f03260073cd0d05ebb7cb7f1faa,0.0072103889542631805,0.09042158702983462,0.7200118381225541,0.7897934317588806,0.48369884192943546,0.7365608537197116
residual_v2,58,star_concave,3,private-source://routeA_experiments/data/prospective_ood_rd_hddm_alpha001_v2/star_concave/sample_0003.npz,7b84face7333f39614fc62902f773a61730f623c80ef7fa990749cc5c4756204,0.008731551002711058,0.07736416017093979,0.5212356274287777,0.6451857089996338,0.4011693954467772,0.5586833930015567
residual_v2,58,star_concave,4,private-source://routeA_experiments/data/prospective_ood_rd_hddm_alpha001_v2/star_concave/sample_0004.npz,51a91eacf8ce921d71c6041d09cfae819f22d841cf2ffd3c2df664040d51186e,0.0065288309706375,0.0845172990422541,0.46974669020932014,0.6286270022392273,0.39014486670494064,0.5851961863040929
residual_v2,58,star_concave,5,private-source://routeA_experiments/data/prospective_ood_rd_hddm_alpha001_v2/star_concave/sample_0005.npz,6e222ada1b7d437bd5643c1ff273ebd5652f1f27b6415d45a1958ab41cdbedf5,0.0066814880119636655,0.06896019916781752,0.350751791727776,0.5129562318325043,0.3010195553302764,0.4196947765350351
residual_v2,58,star_concave,6,private-source://routeA_experiments/data/prospective_ood_rd_hddm_alpha001_v2/star_concave/sample_0006.npz,b575a4b1e23727607195accc5ab1eb6869a2fe6423bab8f28602429896d7ffb8,0.00746054999763146,0.0677188073863075,0.33552619454130644,0.4862499237060547,0.22908934652805327,0.3812162935733796
residual_v2,58,star_concave,7,private-source://routeA_experiments/data/prospective_ood_rd_hddm_alpha001_v2/star_concave/sample_0007.npz,f97196e6f221830b1e3373486ee49466c07c1eb5991df8cbb16605589a488f5d,0.007142787973862141,0.09429296830216481,0.6075733817657651,0.7506515979766846,0.45895316898822774,0.6391789174079895
residual_v2,58,star_concave,8,private-source://routeA_experiments/data/prospective_ood_rd_hddm_alpha001_v2/star_concave/sample_0008.npz,244ac733232159a2a5cf34edfc0a50b5a2b69b36712de1f4063f137198172f85,0.008503302000463009,0.06586210567376131,0.39337367134530354,0.5466538369655609,0.31528694629669196,0.4808426210284233
residual_v2,58,star_concave,9,private-source://routeA_experiments/data/prospective_ood_rd_hddm_alpha001_v2/star_concave/sample_0009.npz,865cc26d2e038bce27105da09cc105452f707c4d4a4472925cb326eed10ece20,0.008769306004978716,0.08563888335156716,0.5480729863441984,0.7660495936870575,0.4211686417460437,0.6043072229623793
residual_v2,58,star_concave,10,private-source://routeA_experiments/data/prospective_ood_rd_hddm_alpha001_v2/star_concave/sample_0010.npz,1f4c91ba0f07fa9f6a175cb7d943878655d47fdbdb5f2efeac3ac31f77329fcd,0.0061616679886356,0.06030254741415808,0.3199569684135922,0.46173325181007385,0.2370169758796692,0.38409650325775146
residual_v2,58,star_concave,11,private-source://routeA_experiments/data/prospective_ood_rd_hddm_alpha001_v2/star_concave/sample_0011.npz,d05537de94b82a7904e0ead39deb6c54104c0ef42cea8bd4e9988913d494a83b,0.009292809991165996,0.08146985384815972,0.6346364982870029,0.7915365099906921,0.44835741519927946,0.6780240213871005
residual_v2,58,star_concave,12,private-source://routeA_experiments/data/prospective_ood_rd_hddm_alpha001_v2/star_concave/sample_0012.npz,847d2b1c823f4408679f58979310ced7f8afe8a4c3b19a24d4319e73d2076d28,0.008482636010739952,0.08001874822032379,0.5366587976331094,0.620891809463501,0.3701360762119293,0.5515271449089048
residual_v2,58,star_concave,13,private-source://routeA_experiments/data/prospective_ood_rd_hddm_alpha001_v2/star_concave/sample_0013.npz,3fe68d6905e52aed96d1f6f6f4cbe94d1f51a46ec4751e2c26ac9892e870ac18,0.007059488969389349,0.07151128260197016,0.3355871141355372,0.5384837687015533,0.2865540087223049,0.40627594113349913
residual_v2,58,star_concave,14,private-source://routeA_experiments/data/prospective_ood_rd_hddm_alpha001_v2/star_concave/sample_0014.npz,98f86dc2bf4c9917d734d87999b0e333966cb92d96944b9e3a10a574bc3370b9,0.008470022003166378,0.07888440471697143,0.7788461513369971,0.8891155123710632,0.3230470418930051,0.6917514920234668
residual_v2,58,star_concave,15,private-source://routeA_experiments/data/prospective_ood_rd_hddm_alpha001_v2/star_concave/sample_0015.npz,fba340201e6025122f0cb1aa5a625e4ebb7a3504c0f9bf568c4b44c2453eab2f,0.007648153987247497,0.06694596705102866,0.3765522220638346,0.5063705146312714,0.2939764872193336,0.467651566267014
residual_v2,58,star_concave,16,private-source://routeA_experiments/data/prospective_ood_rd_hddm_alpha001_v2/star_concave/sample_0016.npz,11c4e40719a66e3ebb706e7cb800f94d382019f44e94ec85fe48ea3ec624cc4b,0.007553430972620845,0.07988809576206897,0.5712184468674841,0.6992288827896118,0.4181926488876342,0.6427003222703933
residual_v2,58,star_concave,17,private-source://routeA_experiments/data/prospective_ood_rd_hddm_alpha001_v2/star_concave/sample_0017.npz,534607ed78b318ae68ab40a4d9a3980e1a5c64084762fc4b8475968cab9bb3bd,0.009301654994487762,0.07837111827656731,0.6909121851986176,0.8758072853088379,0.4103348612785335,0.717425875663757
residual_v2,58,star_concave,18,private-source://routeA_experiments/data/prospective_ood_rd_hddm_alpha001_v2/star_concave/sample_0018.npz,7adaa9e1f0617e585e5d168eb48820003ec9fc031681cd26516d363ffd04328d,0.00885886698961258,0.08797444872741605,0.5815911183053524,0.6934086084365845,0.43482345044612875,0.6400409150123595
residual_v2,58,star_concave,19,private-source://routeA_experiments/data/prospective_ood_rd_hddm_alpha001_v2/star_concave/sample_0019.npz,f3759305bef8481b2756c6d9ec9fee197aa11185d2fabb3a2e12ab02723ee5e0,0.00725499598775059,0.07182477881861606,0.3385183467145296,0.4622926414012909,0.30275605618953705,0.39305983632802965
residual_v2,58,star_concave,20,private-source://routeA_experiments/data/prospective_ood_rd_hddm_alpha001_v2/star_concave/sample_0020.npz,dfd07f4fdae3c4b6150501a4e95619273fb09daa59e9478d21c8464a21d2ffc6,0.007404691947158426,0.08472891293874979,0.6308730966196571,0.7743539810180664,0.4447108387947081,0.6806142699718477
residual_v2,58,star_concave,21,private-source://routeA_experiments/data/prospective_ood_rd_hddm_alpha001_v2/star_concave/sample_0021.npz,3e932800183b8daa7efd551da65f2ff1400f15f2772817e610796baf64527c9a,0.008478070027194917,0.0873833608659087,0.511942807023574,0.6621368229389191,0.406426328420639,0.5678396761417391
residual_v2,58,star_concave,22,private-source://routeA_experiments/data/prospective_ood_rd_hddm_alpha001_v2/star_concave/sample_0022.npz,e59220a03ee588f4d0e70933b8159e2126e45953cd84f648928aedb295e2d081,0.00916847598273307,0.10366074956984354,0.5803847108650895,0.7101280093193054,0.4939645648002624,0.6371720409393304
residual_v2,58,star_concave,23,private-source://routeA_experiments/data/prospective_ood_rd_hddm_alpha001_v2/star_concave/sample_0023.npz,17bae540596796b03e7a95a97ad0cf945587f7ff8e9f44c9cce961c2574b81b0,0.007696660002693534,0.0827658603657478,0.515364548110364,0.7005224823951721,0.39418019354343414,0.587594547867775
residual_v2,58,star_concave,24,private-source://routeA_experiments/data/prospective_ood_rd_hddm_alpha001_v2/star_concave/sample_0024.npz,9f190b5fe5c1ddecf149bf3831ed66888f1e09a84d81196006c11f5c214d28c6,0.007843189989216626,0.09403026707880148,0.5800739676018294,0.7371958196163177,0.45237310379743556,0.6512977415323259
residual_v2,58,star_concave,25,private-source://routeA_experiments/data/prospective_ood_rd_hddm_alpha001_v2/star_concave/sample_0025.npz,2add91952026915ae8ee90b1f1626a327209949a94357811791d4add186f8b6b,0.007700129994191229,0.07491969418330076,0.4662804870165162,0.7103775441646576,0.369364333152771,0.5480399703979496
residual_v2,58,star_concave,26,private-source://routeA_experiments/data/prospective_ood_rd_hddm_alpha001_v2/star_concave/sample_0026.npz,7c60403165ae348c442df8620e166f060722ffe55139cb507fb6b3b0315acd67,0.008377571008168161,0.08090798151843866,0.6472959758831068,0.7981745600700378,0.46714279502630135,0.7124776190519331
residual_v2,58,star_concave,27,private-source://routeA_experiments/data/prospective_ood_rd_hddm_alpha001_v2/star_concave/sample_0027.npz,fcd28480ca1c369f591deb0760e991331bd2cf87de1f1ca707e06c2ffdf85715,0.009368225990328938,0.08777274522092157,0.5804557272942535,0.7452824413776398,0.470384240150451,0.653949632048606
residual_v2,58,star_concave,28,private-source://routeA_experiments/data/prospective_ood_rd_hddm_alpha001_v2/star_concave/sample_0028.npz,97d115498a24206fd9a94b8e6ea8743ffb7337ed20941efef291ca99b062fb3d,0.008268390025477856,0.10114319984804229,0.7256389251240599,0.8058944344520569,0.43212747126817674,0.7482738995552063
residual_v2,58,star_concave,29,private-source://routeA_experiments/data/prospective_ood_rd_hddm_alpha001_v2/star_concave/sample_0029.npz,b912306c3e4cf84f055f4027c6cbc49c3fe645a5fc0bf485bb647d711e1ff63b,0.00945957301883027,0.09590516917755874,0.5203759075561708,0.5830247104167938,0.41180294156074504,0.554803815484047
residual_v2,58,star_concave,30,private-source://routeA_experiments/data/prospective_ood_rd_hddm_alpha001_v2/star_concave/sample_0030.npz,1bd349edcd0fe24a85799a24dcbb53d56be86031ab54fcf679a4c4fde7107b8f,0.009867827000562102,0.08536667272783176,0.5596429569311135,0.6992163062095642,0.4618281424045563,0.6360538303852086
residual_v2,58,star_concave,31,private-source://routeA_experiments/data/prospective_ood_rd_hddm_alpha001_v2/star_concave/sample_0031.npz,3daaf895b3c605d8206001223ea51987d492384cfc95cffaef6b71828270eefc,0.009011876943986863,0.0815400790570492,0.5698276886977126,0.773436039686203,0.42407938241958615,0.6414856809377671
residual_v2,58,star_concave,32,private-source://routeA_experiments/data/prospective_ood_rd_hddm_alpha001_v2/star_concave/sample_0032.npz,49be9ff94661381e2571a267aba1a2060d7d7268dd348b9eb212f6af9b9674e3,0.007988920959178358,0.07448193625364578,0.518023720226779,0.6795304715633392,0.3927123576402664,0.5879779684543603
residual_v2,58,star_concave,33,private-source://routeA_experiments/data/prospective_ood_rd_hddm_alpha001_v2/star_concave/sample_0033.npz,e906aed2368936d827726997a5afb6856dea5ac228d3b90f881ec10af09186d9,0.008082111016847193,0.08744552589578923,0.6172810995614478,0.7312077879905701,0.45772325396537783,0.6512284731864928
residual_v2,58,star_concave,34,private-source://routeA_experiments/data/prospective_ood_rd_hddm_alpha001_v2/star_concave/sample_0034.npz,ae0a839396f99c4485788322b985c85386b92669d4e870cd7a2410af15f5c24d,0.008928005991037935,0.08196831256822651,0.32682568215789926,0.34969690442085266,0.2664099335670471,0.31814131885766983
residual_v2,58,star_concave,35,private-source://routeA_experiments/data/prospective_ood_rd_hddm_alpha001_v2/star_concave/sample_0035.npz,fb59f617f0622c77d8fbb2f2fe1967a6c60ff2dc46aaa3b2084991efd399b23f,0.007226265966892242,0.08605578064461814,0.6238273297066314,0.7462197244167328,0.4596667736768721,0.699767137169838
residual_v2,58,star_concave,36,private-source://routeA_experiments/data/prospective_ood_rd_hddm_alpha001_v2/star_concave/sample_0036.npz,528b84c8ea17fb027544a4127081236bfc722f3a0ec2d9cbe46edd1bbc9ae09d,0.006980702979490161,0.07984913422722398,0.5891076805696326,0.7766299843788147,0.41828315556049306,0.6135303157567977
residual_v2,58,star_concave,37,private-source://routeA_experiments/data/prospective_ood_rd_hddm_alpha001_v2/star_concave/sample_0037.npz,ce4278bd066e42581dd68ea2402f3e7e51495b54c38492e0d6cfe639baedcd5f,0.008939102001022547,0.08610902980106154,0.40885607708502414,0.5323545634746552,0.33874854743480687,0.48034246891736987
residual_v2,58,star_concave,38,private-source://routeA_experiments/data/prospective_ood_rd_hddm_alpha001_v2/star_concave/sample_0038.npz,6ba9092a7f68d6d13493fceadb5e908dc631b20b2a917da96f2634c547cb7849,0.00878020899835974,0.08210530472537811,0.40277098111812865,0.5110019445419312,0.3276700079441071,0.47478107810020453
residual_v2,58,star_concave,39,private-source://routeA_experiments/data/prospective_ood_rd_hddm_alpha001_v2/star_concave/sample_0039.npz,22652a3d0dc5499ddc059fd0199f955f000a9224a1f5619549bd84fa34b70755,0.009417170018423349,0.07443867012780091,0.4393889663786092,0.5235291123390198,0.3615727394819258,0.46833021908998507
residual_v2,58,star_concave,40,private-source://routeA_experiments/data/prospective_ood_rd_hddm_alpha001_v2/star_concave/sample_0040.npz,979af9334c1802b981da270d5875fa0c7b9ece1cdeae2d7ddab565fa7e35c3b0,0.00763762800488621,0.07335531036266243,0.508434521514047,0.6445017457008362,0.3934904754161824,0.597914925217628
residual_v2,58,star_concave,41,private-source://routeA_experiments/data/prospective_ood_rd_hddm_alpha001_v2/star_concave/sample_0041.npz,3e594e2e6d2ad746bc0157e3521e1d1f6090b162a1b92253789085a2dbb47654,0.00893104198621586,0.08684517718572339,0.5281841059078877,0.7094517946243286,0.4121577858924858,0.5626649367809293
residual_v2,58,star_concave,42,private-source://routeA_experiments/data/prospective_ood_rd_hddm_alpha001_v2/star_concave/sample_0042.npz,c4c10181a5a8723bab009727251b85f91867206e2a7e7b2f496d7cbd97bde9f3,0.01005573698785156,0.08788298847114298,0.629250478094166,0.7569645047187805,0.45311040431261,0.6819638121128088
residual_v2,58,star_concave,43,private-source://routeA_experiments/data/prospective_ood_rd_hddm_alpha001_v2/star_concave/sample_0043.npz,60596fdaece0c19a7997da29479b7375b7dab588e93a500a17be8ad6540c5652,0.00834626000141725,0.08421000761529165,0.5113034782463698,0.6548941731452942,0.4053029090166094,0.5493193948268887
residual_v2,58,star_concave,44,private-source://routeA_experiments/data/prospective_ood_rd_hddm_alpha001_v2/star_concave/sample_0044.npz,1383081fd3815f2104988ac35e4d709121c4e13596804ade49dc4e610ea86679,0.007104211952537298,0.08545902020902765,0.5606665455005565,0.7069088518619537,0.47884840369224546,0.6476114225387573
residual_v2,58,star_concave,45,private-source://routeA_experiments/data/prospective_ood_rd_hddm_alpha001_v2/star_concave/sample_0045.npz,023263165e13e05a212e40ecd70a27ba52200197231297219582d7e5bba3dbe2,0.007359937997534871,0.07797619957795877,0.5026924014335927,0.650816410779953,0.4117486134171469,0.5870316371321675
residual_v2,58,star_concave,46,private-source://routeA_experiments/data/prospective_ood_rd_hddm_alpha001_v2/star_concave/sample_0046.npz,b15ee5f6922f4f24ee7033154d443e62434bd3a3733663097faabea670e06fc7,0.00868445896776393,0.07316615298401384,0.33285291971053815,0.3982887864112854,0.2554213970899581,0.33386794924736013
residual_v2,58,star_concave,47,private-source://routeA_experiments/data/prospective_ood_rd_hddm_alpha001_v2/star_concave/sample_0047.npz,0dd14136387bff8f2e808a1c1b23f92c0b77dcb3e67f86d25f7d8837c77575de,0.00674420699942857,0.08007417865898243,0.5046649992339962,0.6627494692802429,0.41225565075874326,0.5991914200782762
residual_v2,58,star_concave,48,private-source://routeA_experiments/data/prospective_ood_rd_hddm_alpha001_v2/star_concave/sample_0048.npz,170d40f333deaba43a45d4d2ea6cd73468bae603f4b0069e39c6200efecb0bcf,0.00848067703191191,0.06592936954089754,0.34488331841914216,0.5015598237514496,0.286202996969223,0.4127269864082338
residual_v2,58,star_concave,49,private-source://routeA_experiments/data/prospective_ood_rd_hddm_alpha001_v2/star_concave/sample_0049.npz,3baa64b964e40f4d041934f78d820db94115a9f893482d40b5eb2c6868bd541f,0.009516429039649665,0.09027035037870462,0.6395532696116071,0.7359038889408112,0.4986426830291748,0.7003296673297885
residual_v2,58,star_concave,50,private-source://routeA_experiments/data/prospective_ood_rd_hddm_alpha001_v2/star_concave/sample_0050.npz,1736fc66548c7d2e863a00e32a752906c88a567b1201f17522a5ad4de2a710f4,0.009172330028377473,0.08006439659425811,0.550927732565236,0.7281593084335327,0.42249415218830105,0.5811524200439452
residual_v2,58,star_concave,51,private-source://routeA_experiments/data/prospective_ood_rd_hddm_alpha001_v2/star_concave/sample_0051.npz,bbee14e14361425abba154c6f545f34a6bc8991bef7312742393d461406dd03c,0.007101655995938927,0.0793646928759396,0.5396723378059449,0.7312389612197876,0.3883775264024734,0.592028681039809
residual_v2,58,star_concave,52,private-source://routeA_experiments/data/prospective_ood_rd_hddm_alpha001_v2/star_concave/sample_0052.npz,ed45abe2c84a6a7a838830e4de837fa03cd05b8d959f2f8f0ce1a9d1d8665108,0.008386808971408755,0.09081749592253048,0.6349829116874581,0.774793267250061,0.511198902130127,0.6900541162490831
residual_v2,58,star_concave,53,private-source://routeA_experiments/data/prospective_ood_rd_hddm_alpha001_v2/star_concave/sample_0053.npz,2cde7d03eeb67287459dbeac592a42bb82c4515f561e6dd2b826e65efe9946be,0.006898421968799084,0.0609150957131952,0.31640683835897365,0.5033102035522461,0.24305562824010848,0.43075310170650494
residual_v2,58,star_concave,54,private-source://routeA_experiments/data/prospective_ood_rd_hddm_alpha001_v2/star_concave/sample_0054.npz,4cba00e0ed66cb2ac4d45603705ee8ce4570c268262d907c90c92a3a53a03f37,0.00616083899512887,0.06866119806471205,0.35622706589110914,0.49997812509536743,0.32846508026123045,0.4054437369108204
residual_v2,58,star_concave,55,private-source://routeA_experiments/data/prospective_ood_rd_hddm_alpha001_v2/star_concave/sample_0055.npz,dce22efcf9ad447d20a4f5bed0795d0132c8276ec8fd03667f04f5c47805d3f3,0.007323444006033242,0.07079691975379804,0.39197024585427576,0.5682296454906464,0.3450611293315883,0.518009271025657
residual_v2,58,star_concave,56,private-source://routeA_experiments/data/prospective_ood_rd_hddm_alpha001_v2/star_concave/sample_0056.npz,235646d85b8c07970a3d8b865ffe8b58eda9eb036fb639d49673bb58d73de474,0.00929601804818958,0.0656912359737355,0.3640884425452527,0.5555412471294403,0.2850736305117602,0.4570450237393372
residual_v2,58,star_concave,57,private-source://routeA_experiments/data/prospective_ood_rd_hddm_alpha001_v2/star_concave/sample_0057.npz,fba47c2f217c4b06672bfd7c97f817bd5a9470721ee275dd6011e375a632fe55,0.008133652969263494,0.08538136630288262,0.5631057359138564,0.6720908284187317,0.4370299234986307,0.6236371716856954
residual_v2,58,star_concave,58,private-source://routeA_experiments/data/prospective_ood_rd_hddm_alpha001_v2/star_concave/sample_0058.npz,18c38148eac2df3c48d00500e74d23a957b100253e58db77dda149b67191d166,0.007946793048176914,0.08761301498129724,0.6186806285969777,0.7443189918994904,0.44988549947738626,0.654959491491318
residual_v2,58,star_concave,59,private-source://routeA_experiments/data/prospective_ood_rd_hddm_alpha001_v2/star_concave/sample_0059.npz,f9d7dc0bbca24cb8eb66c7b813db7c767b0d3758dcf605d732bbcb3fea82bdc9,0.007359316980000585,0.07952528360261028,0.5468305140691335,0.6358772218227386,0.3992589831352234,0.5784240686893464
residual_v2,58,star_concave,60,private-source://routeA_experiments/data/prospective_ood_rd_hddm_alpha001_v2/star_concave/sample_0060.npz,ad8bdeb51e8207d14e6ab8946808203d53cfbcd39ebdfb58ff8542e60a2ce5f7,0.008643812034279108,0.09174178140128367,0.5310247190586546,0.6550893187522888,0.42346758246421806,0.5571350616216659
residual_v2,58,star_concave,61,private-source://routeA_experiments/data/prospective_ood_rd_hddm_alpha001_v2/star_concave/sample_0061.npz,6a8d098fa3cf0e8607b55e7b07d030a5a0586678285f123530f988ef18a29c9f,0.009137217013631016,0.08833694170960728,0.542018592467029,0.6172257959842682,0.432208776473999,0.5857269406318668
residual_v2,58,star_concave,62,private-source://routeA_experiments/data/prospective_ood_rd_hddm_alpha001_v2/star_concave/sample_0062.npz,af2aa6263843eda66dc7a1fab1c879ffb7c49c81b11d63bf66e6a1d95823b5c9,0.008769222011324018,0.07566985225027285,0.40484545778877085,0.5069212317466736,0.3817459046840667,0.45978861689567585
residual_v2,58,star_concave,63,private-source://routeA_experiments/data/prospective_ood_rd_hddm_alpha001_v2/star_concave/sample_0063.npz,1d64b549093de73ce0aefc5a37a4f60e6d676c1cd705eb98d536ff5d4bef87a7,0.008513078035321087,0.08725113629873707,0.566161844044596,0.6975382268428802,0.47234398871660244,0.6180139487981796
residual_v2,58,star_concave,64,private-source://routeA_experiments/data/prospective_ood_rd_hddm_alpha001_v2/star_concave/sample_0064.npz,df2e0d7751b94355ed613e5666bca2fb52173d2dcd42ae84fc71ea01084f44df,0.007964169955812395,0.09288667546816003,0.6109632582447265,0.7560803890228271,0.49307482391595764,0.688992710113524
residual_v2,58,star_concave,65,private-source://routeA_experiments/data/prospective_ood_rd_hddm_alpha001_v2/star_concave/sample_0065.npz,6be62c8bf97c5e0d45b37e969d56e99f2cd1a93cbfa17aff04e3123165f38d67,0.007375657034572214,0.071212858314123,0.4016991664342169,0.5657267570495605,0.33835177421569795,0.5200483134388924
residual_v2,58,star_concave,66,private-source://routeA_experiments/data/prospective_ood_rd_hddm_alpha001_v2/star_concave/sample_0066.npz,0b6d24abc0a7ac7e8c177054dfeb0fe09760ac17f68380edd5064919b3f5a1cb,0.0077950170380063355,0.0882509459185268,0.6610484090273709,0.7694134712219238,0.4167260527610779,0.671730995178223
residual_v2,58,star_concave,67,private-source://routeA_experiments/data/prospective_ood_rd_hddm_alpha001_v2/star_concave/sample_0067.npz,0ca774ec08694066988a6ae4ef908c7dfb68e93c52137929de1a67ca05e2995a,0.007262267987243831,0.06981993169130549,0.32744656287318136,0.40331465005874634,0.268881118297577,0.3724147486686705
residual_v2,58,star_concave,68,private-source://routeA_experiments/data/prospective_ood_rd_hddm_alpha001_v2/star_concave/sample_0068.npz,e76410fee1405db62c2b1b1129e514e7332ae0d1c54b743f299ee2fd119d95d8,0.009485147020313889,0.07338755410105861,0.5539008895246289,0.6617414355278015,0.3832520574331287,0.5614271959662439
residual_v2,58,star_concave,69,private-source://routeA_experiments/data/prospective_ood_rd_hddm_alpha001_v2/star_concave/sample_0069.npz,364b7c5d47826d22443658d1cb9c8b05008763aa6dd8a85bfa73678203751c21,0.007448882970493287,0.08138965361740982,0.5168183230970727,0.6991493999958038,0.41046415418386445,0.5346479481458664
residual_v2,58,star_concave,70,private-source://routeA_experiments/data/prospective_ood_rd_hddm_alpha001_v2/star_concave/sample_0070.npz,7ae2d6139034f24d5fa0ecd56cf638c38a469593bfea66160f4a003c37c778af,0.00617343804333359,0.10544552056084038,0.7509792197938909,0.8242718279361725,0.5112254023551941,0.7373689413070679
residual_v2,58,star_concave,71,private-source://routeA_experiments/data/prospective_ood_rd_hddm_alpha001_v2/star_concave/sample_0071.npz,387823e996225fc808f345546490c6cfd199eedc7843a0aa5f39fe248acd4320,0.00760521600022912,0.09701176215459674,0.7291573832604739,0.8380395770072937,0.5207327753305435,0.7821116745471954
residual_v2,58,star_concave,72,private-source://routeA_experiments/data/prospective_ood_rd_hddm_alpha001_v2/star_concave/sample_0072.npz,35ccb4b6c6fd7f8c488468219502bff16e032bd7df63bc8f74d635a6bc181457,0.006838136003352702,0.07387632981455915,0.3437674317657492,0.46252745389938354,0.2927173316478727,0.38848963379859863
residual_v2,58,star_concave,73,private-source://routeA_experiments/data/prospective_ood_rd_hddm_alpha001_v2/star_concave/sample_0073.npz,2738195cdbe5996a364285abc0046a1cb2d15377f53b9fe666c06434481dc2f6,0.009084611025173217,0.0793080733620596,0.7700607642179585,0.8373987674713135,0.3394122421741484,0.6907602918148055
residual_v2,58,star_concave,74,private-source://routeA_experiments/data/prospective_ood_rd_hddm_alpha001_v2/star_concave/sample_0074.npz,d0d1391ed00492cecce69dfa827b340324d88adf3a584bf7899bf2ea4cc0314a,0.00932475202716887,0.08865969821997997,0.6878316585411395,0.7859631180763245,0.4506117612123487,0.7347088304162025
residual_v2,58,star_concave,75,private-source://routeA_experiments/data/prospective_ood_rd_hddm_alpha001_v2/star_concave/sample_0075.npz,592a563399989b953ca42755b7dcf3082863fbc8512c089d574642d62bfa768f,0.008239850983954966,0.06426356938454045,0.3918742330395047,0.6305480003356934,0.2982051670551298,0.5625815021991729
residual_v2,58,star_concave,76,private-source://routeA_experiments/data/prospective_ood_rd_hddm_alpha001_v2/star_concave/sample_0076.npz,833a3a6d3d9ddba1bac61edee72bfdfb032a4ad685b0cec46d80805537b407fb,0.0077455909922719,0.0653506373438369,0.27783294635239075,0.36020663380622864,0.21297308802604675,0.26577909588813753
residual_v2,58,star_concave,77,private-source://routeA_experiments/data/prospective_ood_rd_hddm_alpha001_v2/star_concave/sample_0077.npz,cfd4cb676fb49608dfc569217160e8783cceaeb7579e08c111f5b81d17f661e2,0.007881755998823792,0.10193701541585432,0.6352004719232901,0.7040762305259705,0.509989008307457,0.6587430387735367
residual_v2,58,star_concave,78,private-source://routeA_experiments/data/prospective_ood_rd_hddm_alpha001_v2/star_concave/sample_0078.npz,7f023420213a2f7e2fd89a7dba911906863dce1e53ef77466750637ab128e623,0.008785706013441086,0.07347326844589012,0.5044073441711688,0.6764397323131561,0.39982750117778776,0.5767748332023619
residual_v2,58,star_concave,79,private-source://routeA_experiments/data/prospective_ood_rd_hddm_alpha001_v2/star_concave/sample_0079.npz,af0530854ecbd25049782a6643d0e28babcca47a66f81ffebbdeb2bee3d4add5,0.00854419096140191,0.08181359810522199,0.46401090299995346,0.6175391972064972,0.414055660367012,0.5812630951404572
residual_v2,58,star_concave,80,private-source://routeA_experiments/data/prospective_ood_rd_hddm_alpha001_v2/star_concave/sample_0080.npz,0d8bf642f804cdb4c44ec3c97a7c8aa4aee2892c6e9e3f5615119b6231c98adb,0.008775734982918948,0.08969858173874937,0.5824382260190661,0.7272071540355682,0.46015327870845757,0.6338429537415501
residual_v2,58,star_concave,81,private-source://routeA_experiments/data/prospective_ood_rd_hddm_alpha001_v2/star_concave/sample_0081.npz,fcf2bf5bfee08e8bfdd64849976df45af7e75bffcb95d99bd5340ec6e971576b,0.007100001035723835,0.08130764993123155,0.6233385782335913,0.8668469190597534,0.43152586817741395,0.6752662193775171
residual_v2,58,star_concave,82,private-source://routeA_experiments/data/prospective_ood_rd_hddm_alpha001_v2/star_concave/sample_0082.npz,eecebee0f558d9151ce9118d6aed764ce2ca8fb51723395fa7340defaa974edd,0.009193383972160518,0.09197051601742813,0.9106940806076459,0.9026563763618469,0.33102697525173436,0.6691815003752715
residual_v2,58,star_concave,83,private-source://routeA_experiments/data/prospective_ood_rd_hddm_alpha001_v2/star_concave/sample_0083.npz,e5abdab9321ee56ed869ed460fa271c06a6390dc7c65469ad1fde0bfbc3f052e,0.00849424401530996,0.08334265209656842,0.6911246323661615,0.8380717635154724,0.414968717098236,0.7170862865447989
residual_v2,58,star_concave,84,private-source://routeA_experiments/data/prospective_ood_rd_hddm_alpha001_v2/star_concave/sample_0084.npz,42b2e9080004dd7e87c755cf533ee961aee427788297acc5e783f709e47baeb3,0.00783726101508364,0.0834910458542757,0.5504022088569958,0.7011928856372833,0.4248286366462704,0.5719914513826371
residual_v2,58,star_concave,85,private-source://routeA_experiments/data/prospective_ood_rd_hddm_alpha001_v2/star_concave/sample_0085.npz,307c7f1bcc7bff44abcc6a30dc1e3969ede6f73df314300a047b61ccf6c3a378,0.007684598967898637,0.08081468541886132,0.5703399855044509,0.7261869311332703,0.3641362190246582,0.6144897460937508
residual_v2,58,star_concave,86,private-source://routeA_experiments/data/prospective_ood_rd_hddm_alpha001_v2/star_concave/sample_0086.npz,b3bb0c62290c26c875c27ae948d6b587087d0569c3f356201eb0f22fdb2a3e09,0.007873032009229064,0.09267513802693586,0.6557364081261559,0.8070653080940247,0.5002007603645326,0.7147212672233582
residual_v2,58,star_concave,87,private-source://routeA_experiments/data/prospective_ood_rd_hddm_alpha001_v2/star_concave/sample_0087.npz,7dbf43fba15e26840cbf500867302ab7673d25663cd48115751bfd9162ec41f8,0.009638968971557915,0.08495463918984943,0.3648043444700102,0.3784306049346924,0.28900485038757323,0.35046657383441965
residual_v2,58,star_concave,88,private-source://routeA_experiments/data/prospective_ood_rd_hddm_alpha001_v2/star_concave/sample_0088.npz,46b403b9b0883fb6fafe6d706ff132a9019b0523c686f8c32b2cf73973dc110b,0.00736145896371454,0.09440439168256143,0.6369707370878789,0.7905238270759583,0.5001421689987181,0.6922069191932678
residual_v2,58,star_concave,89,private-source://routeA_experiments/data/prospective_ood_rd_hddm_alpha001_v2/star_concave/sample_0089.npz,4b05a4955d6129f9c7936385ebb4ab230f3bef639b45cb994afa8092d2aa1480,0.008018066000659019,0.08966124466501209,0.6921067110001488,0.7960823178291321,0.44952222108840856,0.6986935853958129
residual_v2,58,star_concave,90,private-source://routeA_experiments/data/prospective_ood_rd_hddm_alpha001_v2/star_concave/sample_0090.npz,562c2f1d56afdd8da2679e39e24f0681dfc71b8a722e546b74aa0f3f574a15bc,0.009553842013701797,0.08517620799550073,0.6031732184301776,0.7268326282501221,0.44943848848342893,0.632593622207641
residual_v2,58,star_concave,91,private-source://routeA_experiments/data/prospective_ood_rd_hddm_alpha001_v2/star_concave/sample_0091.npz,f841635f22b41963248fac05366396a38bf40de493e33e45588fb8fd0d09f968,0.008679315040353686,0.09264299679099466,0.6485307522191703,0.7701586484909058,0.48864446282386775,0.6877058243751526
residual_v2,58,star_concave,92,private-source://routeA_experiments/data/prospective_ood_rd_hddm_alpha001_v2/star_concave/sample_0092.npz,a4d8c9efc38c8dccdb95d6c4299d63e986137338f9a4d90ce862e166f09abfc5,0.009494017984252423,0.0903323451033424,0.616418626473157,0.7801845669746399,0.46358350515365615,0.6696133822202679
residual_v2,58,star_concave,93,private-source://routeA_experiments/data/prospective_ood_rd_hddm_alpha001_v2/star_concave/sample_0093.npz,aaa767ef1eddfd044b5bf6a9fbef6b61dc5de5a86360570f0a77b5f524e97dce,0.007639207993634045,0.08201421345042285,0.6044798095175958,0.7129884660243988,0.4259250149130814,0.6562010118365286
residual_v2,58,star_concave,94,private-source://routeA_experiments/data/prospective_ood_rd_hddm_alpha001_v2/star_concave/sample_0094.npz,a154a56ddefca8edbcf263aff519e91ce0f4e58465c7717e79c68dc97d11b9cd,0.007917112030554563,0.06528425851787566,0.2862280870865091,0.4541463851928711,0.20873093605041504,0.34600919187068935
residual_v2,58,star_concave,95,private-source://routeA_experiments/data/prospective_ood_rd_hddm_alpha001_v2/star_concave/sample_0095.npz,610bda6ba90ca73114af1042f6933531fbea7cab4fd66994183455d85a6010af,0.009627085004467517,0.09689177836939962,0.5372468356829505,0.6298389434814453,0.4777575880289077,0.5902264344692231
residual_v2,58,star_concave,96,private-source://routeA_experiments/data/prospective_ood_rd_hddm_alpha001_v2/star_concave/sample_0096.npz,7917e7c1d6f0406fa9182f86bd5be59e3098f4dcff79f5930d3877b0a1e63145,0.00885275105247274,0.07782459127668992,0.5286902375933025,0.637614518404007,0.39490351676940866,0.5722620767354966
residual_v2,58,star_concave,97,private-source://routeA_experiments/data/prospective_ood_rd_hddm_alpha001_v2/star_concave/sample_0097.npz,7d62afce33a59e7363d7fc907585bfe008936306d94881e9a078db26dc18157a,0.008468865999020636,0.10686768045773831,0.5620018317630371,0.6787235736846924,0.4377257227897644,0.5858761668205261
residual_v2,58,star_concave,98,private-source://routeA_experiments/data/prospective_ood_rd_hddm_alpha001_v2/star_concave/sample_0098.npz,82c3fdcc10ce0484d81abe39a21224cfecabe860524345fd21840bdeb8f08905,0.009069394029211253,0.06479892653041926,0.41244786684595064,0.5152593851089478,0.34032684564590454,0.4879199951887131
residual_v2,58,star_concave,99,private-source://routeA_experiments/data/prospective_ood_rd_hddm_alpha001_v2/star_concave/sample_0099.npz,42899fd8a5f5a539afe710561c1d64b294124afd2a7fa4d6bfdc8dbb4cf853ae,0.008198794035706669,0.06090454037072507,0.28715525332363545,0.4060821533203125,0.2361587733030319,0.3405999585986139
residual_v2,58,star_concave,100,private-source://routeA_experiments/data/prospective_ood_rd_hddm_alpha001_v2/star_concave/sample_0100.npz,b2799e0a19e65139cf29cb348720c12f52c75ee9aecd3d993b39ffd6d77a7136,0.00883120996877551,0.09549893957207127,0.5641456873301531,0.7604521214962006,0.4310632795095437,0.6166448706388475
residual_v2,58,star_concave,101,private-source://routeA_experiments/data/prospective_ood_rd_hddm_alpha001_v2/star_concave/sample_0101.npz,77f5771f7fb6794527efaea4da878ab24f6c10142a63483a9d2d7d0cc360d2d1,0.007136444968637079,0.05222379493542548,0.25996074549529,0.381412148475647,0.21934926509857178,0.30514630377292623
residual_v2,58,star_concave,102,private-source://routeA_experiments/data/prospective_ood_rd_hddm_alpha001_v2/star_concave/sample_0102.npz,7809a5edfb14edaf519c2b3af3950525a2e8c8a8afca6a8cd20dad8cca2ff262,0.008316736028064042,0.09181239365631413,0.615767948687939,0.8024077713489532,0.46458396315574646,0.6522436589002609
residual_v2,58,star_concave,103,private-source://routeA_experiments/data/prospective_ood_rd_hddm_alpha001_v2/star_concave/sample_0103.npz,1e622b0f01095983080bae30dd0105f2b63383dbb92566dee14bdc6b21842e3a,0.007492453965824097,0.08585307064377298,0.5794362170534892,0.7181347012519836,0.4338684022426601,0.6488649439811707
residual_v2,58,star_concave,104,private-source://routeA_experiments/data/prospective_ood_rd_hddm_alpha001_v2/star_concave/sample_0104.npz,a586ef53200f2a2874d0bec4d38d819164ee1ad51b9a31172756a0acac53eb4f,0.009326516010332853,0.08045996240001024,0.5127249839515884,0.6797320246696472,0.43508934080600736,0.5821002861857413
residual_v2,58,star_concave,105,private-source://routeA_experiments/data/prospective_ood_rd_hddm_alpha001_v2/star_concave/sample_0105.npz,fbe036f3ba7e29c58ad15958277e4f0a631d9dbe9c9738a712d0e120979da252,0.009693517989944667,0.07574042215211162,0.42669336004155783,0.6603623330593109,0.375398790836334,0.5112547922134402
residual_v2,58,star_concave,106,private-source://routeA_experiments/data/prospective_ood_rd_hddm_alpha001_v2/star_concave/sample_0106.npz,77ee446c4ec99eb4a4a69271d7442b40755008e0ba89f52f06102e4951fdcc97,0.007425454969052225,0.07510730631672588,0.5202292868386736,0.7003329694271088,0.40028040558099715,0.5742613396048538
residual_v2,58,star_concave,107,private-source://routeA_experiments/data/prospective_ood_rd_hddm_alpha001_v2/star_concave/sample_0107.npz,9909df5b2c8cb43975e27322a09dd30924b8b2486f3909f2d4c0263e6a420e1d,0.00945119297830388,0.07523264942204759,0.535869549095232,0.7063270807266235,0.38986463546752753,0.650855455994606
residual_v2,58,star_concave,108,private-source://routeA_experiments/data/prospective_ood_rd_hddm_alpha001_v2/star_concave/sample_0108.npz,f14296487a120c18b86ed5166d56b76a1092cb2d50d54253bdd3df784730f435,0.00737097003730014,0.08692206991515117,0.5786694064829235,0.7125435471534729,0.4739653468132019,0.6502760410308838
residual_v2,58,star_concave,109,private-source://routeA_experiments/data/prospective_ood_rd_hddm_alpha001_v2/star_concave/sample_0109.npz,5efae8b79d62692fd4d6c11d4acd9743008b0f6f1cfb22f8da84314c1ee13027,0.009705860982649028,0.06451623709480442,0.3376049937225093,0.45469123125076294,0.2894485712051389,0.38069237291812896
residual_v2,58,star_concave,110,private-source://routeA_experiments/data/prospective_ood_rd_hddm_alpha001_v2/star_concave/sample_0110.npz,6bee368483186df489d00f012aa97037205449bd3f079d246194cff1b1db79de,0.00834481796482578,0.07786615951204653,0.5142284574918391,0.670869767665863,0.3903148919343945,0.6058612370491028
residual_v2,58,star_concave,111,private-source://routeA_experiments/data/prospective_ood_rd_hddm_alpha001_v2/star_concave/sample_0111.npz,fd36365012b8b08fa6dc5f679418b95a812fb25fcf02da8f8a2d78a1da20b90c,0.008240221010055393,0.07662941946660483,0.4364666161083768,0.5409584045410156,0.31111041009426116,0.48622032552957545
residual_v2,58,star_concave,112,private-source://routeA_experiments/data/prospective_ood_rd_hddm_alpha001_v2/star_concave/sample_0112.npz,b196163e725c5f13e063b03c2f311a38a83498677188bbaf9ac548c04137ff1d,0.008018645050469786,0.07124236911569401,0.47749519009593744,0.6706730425357819,0.36397156864404623,0.5352977082133276
residual_v2,58,star_concave,113,private-source://routeA_experiments/data/prospective_ood_rd_hddm_alpha001_v2/star_concave/sample_0113.npz,7658116c35833629bbbdd3be7ac254197c8b3f70373a5754e1852a1c944adc54,0.008659324026666582,0.07792808434693907,0.35824692755174103,0.3728509321808815,0.28824265263974636,0.34895456522703167
residual_v2,58,star_concave,114,private-source://routeA_experiments/data/prospective_ood_rd_hddm_alpha001_v2/star_concave/sample_0114.npz,8f464174cd05f745a11b44e72ec62293d308f5bfee0b7c4c97ee27afabc9bf12,0.007840823964215815,0.08264359901791811,0.47676017970791507,0.5501383543014526,0.39313771426677685,0.5111457657814026
residual_v2,58,star_concave,115,private-source://routeA_experiments/data/prospective_ood_rd_hddm_alpha001_v2/star_concave/sample_0115.npz,55f49c70429cd725bd076dc190ba781d383feb5f68c35cbb727215adf3ca2cec,0.009055591013748199,0.0879064658641546,0.6944034315400196,0.8529727458953857,0.5087537556886673,0.7588397932052611
residual_v2,58,star_concave,116,private-source://routeA_experiments/data/prospective_ood_rd_hddm_alpha001_v2/star_concave/sample_0116.npz,33ab98c78fdf1aa6324852fc2a61462352f31e540635776c19a0a5cb1b72349f,0.007437221007421613,0.06099204462334653,0.2853213993112703,0.3940976560115814,0.2468847781419754,0.31695529222488394
residual_v2,58,star_concave,117,private-source://routeA_experiments/data/prospective_ood_rd_hddm_alpha001_v2/star_concave/sample_0117.npz,63ca60b899abf7eb56048e8d86ac5f797ba727942040871be466de9220f807c3,0.008594823011662811,0.08143190768079889,0.5816435349248431,0.689764142036438,0.42599624395370483,0.5994442284107199
residual_v2,58,star_concave,118,private-source://routeA_experiments/data/prospective_ood_rd_hddm_alpha001_v2/star_concave/sample_0118.npz,5e1445f7a185641f6adb0d6871fb8cbda8664f8551f637d8f69b41e8462db0b1,0.009020276018418372,0.08278585445987406,0.5817847784251938,0.6905615031719208,0.46825270801782604,0.6272949945926665
residual_v2,58,star_concave,119,private-source://routeA_experiments/data/prospective_ood_rd_hddm_alpha001_v2/star_concave/sample_0119.npz,781b03ef3e3e9f67cd090b7ccee86f87669c7a22a2e3aa0b82e4560d2b21820f,0.008923024986870587,0.09300262815644739,0.6851142935079885,0.7043459415435791,0.4509330362081511,0.649952528476715
residual_v2,58,star_concave,120,private-source://routeA_experiments/data/prospective_ood_rd_hddm_alpha001_v2/star_concave/sample_0120.npz,476685abe2472a157969c1f5a839fe7f1aded68fd5977ece1881cb5d6ed61345,0.007872446032706648,0.08273562945728358,0.5586240839321375,0.6947062313556671,0.4216213956475255,0.6293919956684112
residual_v2,58,star_concave,121,private-source://routeA_experiments/data/prospective_ood_rd_hddm_alpha001_v2/star_concave/sample_0121.npz,d44dd313ef06efdc53842cbcd25e7c94f8002b26269a8d974d6b4e2189c7cf49,0.007494151999708265,0.06980383652439602,0.44247649302311387,0.567922830581665,0.32614654302597046,0.5163370192050937
residual_v2,58,star_concave,122,private-source://routeA_experiments/data/prospective_ood_rd_hddm_alpha001_v2/star_concave/sample_0122.npz,7c749504b1437233839eacfc2c94c00613d75381374e8f1ac33b9197daf4612f,0.007498557970393449,0.10386546861182051,0.6017387339484361,0.6857879161834717,0.46334846019744846,0.648939757347107
residual_v2,58,star_concave,123,private-source://routeA_experiments/data/prospective_ood_rd_hddm_alpha001_v2/star_concave/sample_0123.npz,2f7b8f1084aa65d36f64bdfd0ad63dba1070e18b385551aaeeed4bd3345d07eb,0.009057527990080416,0.07778732769200207,0.5441702366645425,0.6400241255760193,0.4096940457820892,0.5800978738069534
residual_v2,58,star_concave,124,private-source://routeA_experiments/data/prospective_ood_rd_hddm_alpha001_v2/star_concave/sample_0124.npz,ee8cc9c9780afa5d2b0a24922a73005506c2939875b3c50b69bf8b4fb4097be6,0.008402504958212376,0.08633747575527875,0.5434823411875838,0.6783637404441833,0.46970657408237454,0.6148799264430999
residual_v2,58,star_concave,125,private-source://routeA_experiments/data/prospective_ood_rd_hddm_alpha001_v2/star_concave/sample_0125.npz,95c3cac8c54fe43f20a59431a44f07cf020825ee735ba75cd2bc048b4c3859ba,0.009385564015246928,0.08228734651195395,0.5957518272338735,0.6893388330936432,0.4138613969087603,0.6169518682360641
residual_v2,58,star_concave,126,private-source://routeA_experiments/data/prospective_ood_rd_hddm_alpha001_v2/star_concave/sample_0126.npz,92785828d21aa7474cbb2eead5c468fc662d8408973e402dbf64a5491b7aa6d3,0.009356231021229178,0.06542504043004958,0.2850041124446165,0.33814650774002075,0.22326202094554903,0.2772788786888123
residual_v2,58,star_concave,127,private-source://routeA_experiments/data/prospective_ood_rd_hddm_alpha001_v2/star_concave/sample_0127.npz,6240432158188c6377d1af044607ddc0d26482f74bd3ca875898f7064546cc93,0.0066952999914065,0.07739718576826052,0.51405683327284,0.6424309015274048,0.3813008069992065,0.5796771621704098
residual_v2,58,star_concave,128,private-source://routeA_experiments/data/prospective_ood_rd_hddm_alpha001_v2/star_concave/sample_0128.npz,0b59ec75f4c8496864064dfb32ae8a9d4126678dbd85fe5bd0591e5216f96aad,0.007546003966126591,0.07968718275516917,0.39487479441740825,0.5111614465713501,0.3303064465522766,0.43131240099668594
residual_v2,58,star_concave,129,private-source://routeA_experiments/data/prospective_ood_rd_hddm_alpha001_v2/star_concave/sample_0129.npz,490cffc887e2ec71d5a39def540ee809507583f309dc44b073e953a6e4be1aae,0.008535575005225837,0.08430898631709494,0.4810671492403564,0.5637055933475494,0.3895089164376259,0.5177440568804736
residual_v2,58,star_concave,130,private-source://routeA_experiments/data/prospective_ood_rd_hddm_alpha001_v2/star_concave/sample_0130.npz,4d1e8d96d7fcb07225ed2c80819afd45bed479d7b0276561f62b212b99b225f9,0.009339173033367842,0.07727907944475308,0.4221397353811243,0.5436714589595795,0.3439337983727454,0.47967127859592434
residual_v2,58,star_concave,131,private-source://routeA_experiments/data/prospective_ood_rd_hddm_alpha001_v2/star_concave/sample_0131.npz,e67f5f3314eb9639b1a29bc2cf34e4154f8c3a4c6aa5b1e046f23015f1913345,0.008697716984897852,0.07784492366698402,0.5292011640568951,0.6902866661548615,0.4196263074874876,0.6230406767129899
residual_v2,58,star_concave,132,private-source://routeA_experiments/data/prospective_ood_rd_hddm_alpha001_v2/star_concave/sample_0132.npz,efbafa19d305c98c4298b184f17160dd263aea854458f681e045011684a4500f,0.0091607790091075,0.08306076520134376,0.5474452567294565,0.6893751621246338,0.4244371682405471,0.5607156315445897
residual_v2,58,star_concave,133,private-source://routeA_experiments/data/prospective_ood_rd_hddm_alpha001_v2/star_concave/sample_0133.npz,ac5b59374058467ba8a0e8d1038c302b291ebfe33dddcefd3485c09e5e9db034,0.009241902967914939,0.06738903675676722,0.37590545601561615,0.5510972440242767,0.32411855459213257,0.4363872528076176
residual_v2,58,star_concave,134,private-source://routeA_experiments/data/prospective_ood_rd_hddm_alpha001_v2/star_concave/sample_0134.npz,698cdfaf758c0ce8534b7887fe5c24d821ec04157ead34e39f7d1688a4d1fee6,0.009057868039235473,0.09411399736364828,0.5730734958493648,0.7157045900821686,0.512702353298664,0.6671381196379663
residual_v2,58,star_concave,135,private-source://routeA_experiments/data/prospective_ood_rd_hddm_alpha001_v2/star_concave/sample_0135.npz,0d0c4a18379290c731fed21f2627bb012972aa932a5c0fa3600440ca617362f5,0.009024340019095689,0.08995043659899435,0.5256380140887165,0.6237190663814545,0.4264402627944947,0.530577609539032
residual_v2,58,star_concave,136,private-source://routeA_experiments/data/prospective_ood_rd_hddm_alpha001_v2/star_concave/sample_0136.npz,a21474628f5ea2e01e6c6c31400fa79e80f00f083e5762d1d2ec8da62832bf51,0.009193845966365188,0.0752698714147274,0.4891659436565486,0.6114364862442017,0.39171990752220154,0.5452931180596352
residual_v2,58,star_concave,137,private-source://routeA_experiments/data/prospective_ood_rd_hddm_alpha001_v2/star_concave/sample_0137.npz,32270c08d5c4d02df1b251216ac2ec68396e8de703996d34c566047242ecf071,0.008208839979488403,0.0809457805944786,0.6401099229134056,0.7424613535404205,0.3360497564077375,0.6268767768144606
residual_v2,58,star_concave,138,private-source://routeA_experiments/data/prospective_ood_rd_hddm_alpha001_v2/star_concave/sample_0138.npz,56a5ba648e8989fd8e4fc2b097d1cf6bbd55365822d1df293d231a02772f474f,0.008210672007407993,0.06731379849130421,0.4696062832177477,0.6574883162975311,0.36370813846588135,0.5618254244327547
residual_v2,58,star_concave,139,private-source://routeA_experiments/data/prospective_ood_rd_hddm_alpha001_v2/star_concave/sample_0139.npz,50a825fb9f6a3ca2a14f234f813b84e2393c4954818d874df32d742dd2c44f7b,0.006440657016355544,0.0804897364091289,0.5066604332182804,0.6519289612770081,0.41311953961849185,0.5701569044589997
residual_v2,58,star_concave,140,private-source://routeA_experiments/data/prospective_ood_rd_hddm_alpha001_v2/star_concave/sample_0140.npz,6eed5033eeb5de188451d9e26ad8eacf53f167e16caf0c850f271c37e72a7343,0.0068501540226861835,0.07198125255602326,0.37966235591460135,0.5118611454963684,0.3156856745481491,0.4281149089336395
residual_v2,58,star_concave,141,private-source://routeA_experiments/data/prospective_ood_rd_hddm_alpha001_v2/star_concave/sample_0141.npz,a907cd099a64c8511634df9793e5009356b21e455167b82fc179a582273ad2e0,0.006798474001698196,0.06930376256360797,0.3216896017469968,0.4634443670511246,0.26595050096511846,0.3570927298069001
residual_v2,58,star_concave,142,private-source://routeA_experiments/data/prospective_ood_rd_hddm_alpha001_v2/star_concave/sample_0142.npz,c351df90c2012fee03b759f7e74a2cc328cbd5e58c5ca8cb337cbb12147212f7,0.009114187967497855,0.08119589541076644,0.5241666637767567,0.6940576136112213,0.4528364837169647,0.6134351745247841
residual_v2,58,star_concave,143,private-source://routeA_experiments/data/prospective_ood_rd_hddm_alpha001_v2/star_concave/sample_0143.npz,098448b2527ae0bc73253fde5c87522c791cf59537cba8edcd6d7caf1b4e6865,0.009240776998922229,0.0980721713564446,0.882486193972924,0.937040388584137,0.4624612115323539,0.8025699269771573
residual_v2,58,star_concave,144,private-source://routeA_experiments/data/prospective_ood_rd_hddm_alpha001_v2/star_concave/sample_0144.npz,36e501d5cd401896953395e689dd63829d255ca199339df9d550472e654739f2,0.007226468005683273,0.08438993100782054,0.4146220660927088,0.5941672623157501,0.3209506452083588,0.4786065578460694
residual_v2,58,star_concave,145,private-source://routeA_experiments/data/prospective_ood_rd_hddm_alpha001_v2/star_concave/sample_0145.npz,0ad05974dcc3a0058ef1c0d09bc6dac91b0ff378c5f5b05dd51a53e776b533f1,0.00913710700115189,0.08915671118705984,0.6007032055561353,0.7003475427627563,0.46110086888074875,0.6427697390317917
residual_v2,58,star_concave,146,private-source://routeA_experiments/data/prospective_ood_rd_hddm_alpha001_v2/star_concave/sample_0146.npz,04fe2315b6738e155a6f486405ee2732ffd869607809f609396295991e3da6ca,0.009351824002806097,0.08286366650478705,0.6555632747749746,0.7572793960571289,0.44668682813644406,0.6976115584373473
residual_v2,58,star_concave,147,private-source://routeA_experiments/data/prospective_ood_rd_hddm_alpha001_v2/star_concave/sample_0147.npz,9bf550380294c2bbc3282540dbb56f5b988b488b234567a6ee8ced872a31ed48,0.009170946024823934,0.08170141207129622,0.5467452027790496,0.6718139350414276,0.42295332103967664,0.5786612981557846
residual_v2,58,star_concave,148,private-source://routeA_experiments/data/prospective_ood_rd_hddm_alpha001_v2/star_concave/sample_0148.npz,a001adad8040c93bc67319afa17cd043927ab409b2e313f15a99d6459047bba9,0.007227753987535834,0.07377549161921546,0.40222339715613087,0.5712379515171051,0.3153839319944381,0.42797011733055124
residual_v2,58,star_concave,149,private-source://routeA_experiments/data/prospective_ood_rd_hddm_alpha001_v2/star_concave/sample_0149.npz,b1137e6b1881fb85aa272787edec47cc66bdc286b602033c5c62eca8ca8eb42f,0.006089484959375113,0.08084101756178594,0.5872673556555854,0.7002780437469482,0.4217191308736801,0.6422652059793474
residual_v2,58,star_concave,150,private-source://routeA_experiments/data/prospective_ood_rd_hddm_alpha001_v2/star_concave/sample_0150.npz,1a1346fbc7a0a6b7a450694616d1bed605f9aea6a06aa42f6b0fc13fc0c1b237,0.007326400023885071,0.07188619404619453,0.31764026543760254,0.42420729994773865,0.2657555758953095,0.36179362475872046
residual_v2,58,star_concave,151,private-source://routeA_experiments/data/prospective_ood_rd_hddm_alpha001_v2/star_concave/sample_0151.npz,0c37adba479d7c1e405d14ee8ca362906b22789dcd73cd0025cea686b9d5868f,0.00903605599887669,0.08528933526094917,0.5714935267169923,0.6705752015113831,0.44613689929246886,0.6283739537000653
residual_v2,58,star_concave,152,private-source://routeA_experiments/data/prospective_ood_rd_hddm_alpha001_v2/star_concave/sample_0152.npz,493bd2253a0889cc50e1ea615e373a8197fb7e27b206ad5689e02586553e761d,0.009074996982235461,0.05999174161612511,0.25661188336822904,0.32122015953063965,0.18827012181282043,0.22972209453582773
residual_v2,58,star_concave,153,private-source://routeA_experiments/data/prospective_ood_rd_hddm_alpha001_v2/star_concave/sample_0153.npz,ac82ba7a6e4d926236266e27b4eb944cfbb25cd0f65fa764d0c5b34ba6446fbc,0.009126319026108831,0.09181849705022956,0.5629768146238424,0.7309794425964355,0.4355868026614186,0.6130208310484888
residual_v2,58,star_concave,154,private-source://routeA_experiments/data/prospective_ood_rd_hddm_alpha001_v2/star_concave/sample_0154.npz,5b375d8a82047d688b8f0bc6d7eda5883b59ffd29e73eda4a65465ff28977100,0.009387994010467082,0.07497561299346975,0.4978185786218999,0.591803252696991,0.4119484156370162,0.5545155924558639
residual_v2,58,star_concave,155,private-source://routeA_experiments/data/prospective_ood_rd_hddm_alpha001_v2/star_concave/sample_0155.npz,c227feb4bc838ca459c2cdb6c2fe08d3c97cd3c54cb120325b6eb8829f0427da,0.008788548002485186,0.08749118984716854,0.5107750648852054,0.6864657402038574,0.43315767645835873,0.5717666664719578
residual_v2,58,star_concave,156,private-source://routeA_experiments/data/prospective_ood_rd_hddm_alpha001_v2/star_concave/sample_0156.npz,d7923a77a7cd74c3df6621aa963a43fdaad4ae9ab5641757571ff70cccab19c3,0.009117248002439737,0.09302527426813328,0.5678173212341887,0.711174339056015,0.42975643873214747,0.6455154162645342
residual_v2,58,star_concave,157,private-source://routeA_experiments/data/prospective_ood_rd_hddm_alpha001_v2/star_concave/sample_0157.npz,bf1ed5ee95cebaaeec4337c10cbb37257a3764baccb51eb2db3b192c4b7f0705,0.008539860020391643,0.08820015977831422,0.5948566877135291,0.7148468494415283,0.4532276660203923,0.6889706739783288
residual_v2,58,star_concave,158,private-source://routeA_experiments/data/prospective_ood_rd_hddm_alpha001_v2/star_concave/sample_0158.npz,2d48518d53f1d4302822bc23c36b8e9a725fccad2e348f481c1965dc1fd043e7,0.008984434942249209,0.08639502316750491,0.5209567197492958,0.7237849533557892,0.43624263256788254,0.6044175773859024
residual_v2,58,star_concave,159,private-source://routeA_experiments/data/prospective_ood_rd_hddm_alpha001_v2/star_concave/sample_0159.npz,afeaff165894f7669804972e11c2e6e7574a89f195a0fedaba5dcc77e4915143,0.00936705304775387,0.0848353561918953,0.6340420701634565,0.7703948616981506,0.4447730332612991,0.668217135667801
residual_v2,58,star_concave,160,private-source://routeA_experiments/data/prospective_ood_rd_hddm_alpha001_v2/star_concave/sample_0160.npz,93d98230e4954693c935e7b6a7af76c2fa25aefb83d1da6027d6e69f2937d6be,0.007239091966766864,0.07346097395764649,0.460669641967117,0.5920758247375488,0.35840132236480765,0.5259783005714407
residual_v2,58,star_concave,161,private-source://routeA_experiments/data/prospective_ood_rd_hddm_alpha001_v2/star_concave/sample_0161.npz,00e0f59193a483fa4f91a44aba4dc7a7d193df42292ed52da041457e2e87fce9,0.009458960965275764,0.0845547637794983,0.4292192730963479,0.5529210567474365,0.36330173164606094,0.49641008377075235
residual_v2,58,star_concave,162,private-source://routeA_experiments/data/prospective_ood_rd_hddm_alpha001_v2/star_concave/sample_0162.npz,73adab284c949cf7286e1d55e2f7271f8e574888733c538e9bd6c7126210d7dc,0.008790928986854851,0.08891029507618957,0.5341230696262252,0.6473915874958038,0.39122065752744667,0.5847342270612715
residual_v2,58,star_concave,163,private-source://routeA_experiments/data/prospective_ood_rd_hddm_alpha001_v2/star_concave/sample_0163.npz,62f2fdf3ad685d63e6744d4c87f1be77f5f4f173f3ac97973519283437aec8be,0.009478734980802983,0.06621733083154605,0.3187342273406736,0.47308349609375,0.2639833569526672,0.39181284189224386
residual_v2,58,star_concave,164,private-source://routeA_experiments/data/prospective_ood_rd_hddm_alpha001_v2/star_concave/sample_0164.npz,9d5ca7a47c569f8001da60474a5d5cd6410704b0b88a94c1bbb617a3ff070b6f,0.008558797009754926,0.07457774677689664,0.3987851857752783,0.4881458282470703,0.31309954822063446,0.4399898350238799
residual_v2,58,star_concave,165,private-source://routeA_experiments/data/prospective_ood_rd_hddm_alpha001_v2/star_concave/sample_0165.npz,29665dc936a4f0885b352ba542d5b84c26ef8365b7471657a0b18a6199a4ec20,0.008204707992263138,0.08803674116587076,0.7514389867041933,0.8713629841804504,0.507299844920635,0.7459020373225216
residual_v2,58,star_concave,166,private-source://routeA_experiments/data/prospective_ood_rd_hddm_alpha001_v2/star_concave/sample_0166.npz,cc601404792128ea7fb0b9e382daf4044b16752726051d33d189af92b63e9219,0.007455830986145884,0.0854392612241068,0.6133693512537483,0.773679256439209,0.4717690289020536,0.6517477142810822
residual_v2,58,star_concave,167,private-source://routeA_experiments/data/prospective_ood_rd_hddm_alpha001_v2/star_concave/sample_0167.npz,9fee3ab4e68d3386753b768109d90049f0d9ab17092f3bad0ae4e29e01fdff2e,0.0065971920266747475,0.09627296987566862,0.6087953187288024,0.7658445835113525,0.5251010060310364,0.697296956181526
residual_v2,58,star_concave,168,private-source://routeA_experiments/data/prospective_ood_rd_hddm_alpha001_v2/star_concave/sample_0168.npz,5b47765a6290b94b7d7ff73de6aabe979deba65e29f667e2494d93f1fe8e4c53,0.007203350018244237,0.08920049241227372,0.6595573176211367,0.7999641299247742,0.4556063488125801,0.6975029289722425
residual_v2,58,star_concave,169,private-source://routeA_experiments/data/prospective_ood_rd_hddm_alpha001_v2/star_concave/sample_0169.npz,67bb298709d810bd66de79e3e631cbfe3470c51d81de1358148a67ea69a6734a,0.009101770992856473,0.06458041197057049,0.33045600242362067,0.4859314262866974,0.24960305988788611,0.354340853691101
residual_v2,58,star_concave,170,private-source://routeA_experiments/data/prospective_ood_rd_hddm_alpha001_v2/star_concave/sample_0170.npz,ea79ed68e7fcbed7d4821fb08f6d31cd221c7d535e9e6e347dbabbc6c225268f,0.00870717503130436,0.08085483929725168,0.4546778419501218,0.5990224778652191,0.3983268380165102,0.5388618350028986
residual_v2,58,star_concave,171,private-source://routeA_experiments/data/prospective_ood_rd_hddm_alpha001_v2/star_concave/sample_0171.npz,4dce99e393c3f3aeec70b32543086cd0503997a3c73bb6088a2ea5028ddb609e,0.006542726012412459,0.08571749786784058,0.3777183687565678,0.5201694071292877,0.296783022582531,0.4051443696022039
residual_v2,58,star_concave,172,private-source://routeA_experiments/data/prospective_ood_rd_hddm_alpha001_v2/star_concave/sample_0172.npz,95062a2be872adfe3d433448a364573f1dcc6d23c46c7283098e1ff3266aa2cb,0.00843262899434194,0.08210342881852938,0.4575749013704567,0.5925017595291138,0.3875587284564972,0.4909969866275792
residual_v2,58,star_concave,173,private-source://routeA_experiments/data/prospective_ood_rd_hddm_alpha001_v2/star_concave/sample_0173.npz,f973c30b18b35d7e13fca880aa62b6d77b406606fa79bcf4e05ea9a183aaf747,0.008775956986937672,0.08644350155149959,0.6343585717485782,0.7005336880683899,0.48892098665237427,0.6526343673467636
residual_v2,58,star_concave,174,private-source://routeA_experiments/data/prospective_ood_rd_hddm_alpha001_v2/star_concave/sample_0174.npz,da423e7fb1017a419fd9e39c9877f0fe4936a8ade7a8744fb4d05f24020d1525,0.007171984005253762,0.0780744130483549,0.3680187065881587,0.47579023241996765,0.30076588094234463,0.3559116661548614
residual_v2,58,star_concave,175,private-source://routeA_experiments/data/prospective_ood_rd_hddm_alpha001_v2/star_concave/sample_0175.npz,be6a60f58fa788e5509f48f70ce14bcccc9e8f4e06b149f5ea02f032e86a0c01,0.0062589930021204054,0.07652855908697932,0.5090892901780995,0.6856314539909363,0.37597450613975525,0.5402935951948171
residual_v2,58,star_concave,176,private-source://routeA_experiments/data/prospective_ood_rd_hddm_alpha001_v2/star_concave/sample_0176.npz,8bca2d2f749dcf57abe9c29c0e66817254b5dd336a1895b563295dbe661c1ac8,0.00899324199417606,0.08626525814095522,0.6001069535752659,0.7174006700515747,0.4380307197570801,0.6609521150588992
residual_v2,58,star_concave,177,private-source://routeA_experiments/data/prospective_ood_rd_hddm_alpha001_v2/star_concave/sample_0177.npz,c146dae9f67d3f4d0626465827bfbba0af9e30abda534b39cabbf5dc3afd7c2b,0.007538514968473464,0.08291024700080826,0.6192886534688701,0.7509025931358337,0.3907579183578491,0.6569030046463017
residual_v2,58,star_concave,178,private-source://routeA_experiments/data/prospective_ood_rd_hddm_alpha001_v2/star_concave/sample_0178.npz,567152031c4a0bb7383960f1716de7f47aaa09e1c18c4a8edc5894592a36008b,0.00883299799170345,0.09778741017765254,0.6313179881135667,0.7140827178955078,0.502399815618992,0.6709094065427781
residual_v2,58,star_concave,179,private-source://routeA_experiments/data/prospective_ood_rd_hddm_alpha001_v2/star_concave/sample_0179.npz,c19450a9dbc614eb8e816ca15caa11f305314c88880e41a46b7a06a76270e9ef,0.00759053899673745,0.08800619038325412,0.6537871489819947,0.7575005292892456,0.4649855047464371,0.6950529128313064
residual_v2,58,star_concave,180,private-source://routeA_experiments/data/prospective_ood_rd_hddm_alpha001_v2/star_concave/sample_0180.npz,979feb1dc5c9097d8b179d7c9936fa43ca9a7ad06aef8e9ddfd57ec83d56543b,0.007916375994682312,0.08878601681899863,0.46110146778392164,0.5669866800308228,0.37467195838689804,0.4829091385006904
residual_v2,58,star_concave,181,private-source://routeA_experiments/data/prospective_ood_rd_hddm_alpha001_v2/star_concave/sample_0181.npz,9c2177662c7e7706987e5b9fc840e754df3531627695145c95cb0168891b0ec3,0.008051690005231649,0.0915353430068342,0.6755902699418026,0.779361367225647,0.519738644361496,0.7096037566661832
residual_v2,58,star_concave,182,private-source://routeA_experiments/data/prospective_ood_rd_hddm_alpha001_v2/star_concave/sample_0182.npz,8e1f45388232b975857cf0eb5e800633511cd0fdc84fcac39506fd7ab06dd0ea,0.00821333797648549,0.08937332693281297,0.7033459407786236,0.7591404914855957,0.389790415763855,0.7107833862304687
residual_v2,58,star_concave,183,private-source://routeA_experiments/data/prospective_ood_rd_hddm_alpha001_v2/star_concave/sample_0183.npz,f6af694d75d001d3c452801ea94aa82b47a2951f62861ba1a2885df85ec62b14,0.007431472011376172,0.08165636708612645,0.35259107170034387,0.40225768089294434,0.25500286370515823,0.32251954078674316
residual_v2,58,star_concave,184,private-source://routeA_experiments/data/prospective_ood_rd_hddm_alpha001_v2/star_concave/sample_0184.npz,80d8e656007fb51095a1c187bc0dabfc69020fb316baf6af22ca45bdd6eedb55,0.0072418900090269744,0.0931739684468535,0.6191317359634482,0.7769441306591034,0.4906484931707382,0.689766532182693
residual_v2,58,star_concave,185,private-source://routeA_experiments/data/prospective_ood_rd_hddm_alpha001_v2/star_concave/sample_0185.npz,b5b247991e1e38b65af33f6e252ad30525ed1c2bb81d00bb8d67895a71fe25cc,0.007141009962651879,0.0910521794353401,0.6703387314087448,0.7809679210186005,0.4635816603899001,0.7147726881504054
residual_v2,58,star_concave,186,private-source://routeA_experiments/data/prospective_ood_rd_hddm_alpha001_v2/star_concave/sample_0186.npz,9cb3e8ed6dd35a1f1bd2884d7ccc37720ce91f97c87bb62db2bc7319ed7fa9ce,0.007308639003895223,0.08277141462092644,0.5498148552992568,0.6557459235191345,0.45146502405405037,0.6112855723500252
residual_v2,58,star_concave,187,private-source://routeA_experiments/data/prospective_ood_rd_hddm_alpha001_v2/star_concave/sample_0187.npz,b8a01e68369ac0ae2301cde85ae4523b06b6f852ccb68151c27e7b7a2e264805,0.008550196012947708,0.06775492166708316,0.35596871770737787,0.5409730672836304,0.25965218245983124,0.42750702500343346
residual_v2,58,star_concave,188,private-source://routeA_experiments/data/prospective_ood_rd_hddm_alpha001_v2/star_concave/sample_0188.npz,402356ecf909dc7f80ce7a4fb74b2796d69e54097bc2e4bf1d0affd48a478691,0.007895223970990628,0.07604928422601206,0.37221209808162,0.5431438684463501,0.25708534121513354,0.4570311915874486
residual_v2,58,star_concave,189,private-source://routeA_experiments/data/prospective_ood_rd_hddm_alpha001_v2/star_concave/sample_0189.npz,5d3af4e72fcbfb55abad2633b7b50c6ff1698d6149444cbb224faeb9fb80f7e1,0.010015756008215249,0.08802685526860878,0.49153711046643106,0.6250452101230621,0.39597389101982106,0.5537395793199539
residual_v2,58,star_concave,190,private-source://routeA_experiments/data/prospective_ood_rd_hddm_alpha001_v2/star_concave/sample_0190.npz,64ee3e78ef955d620e48dfc0c0575b217089daaeb07f6fd6b698b494d20cdc97,0.009011393995024264,0.07613808938957499,0.5028980811416738,0.5975318253040314,0.35754286646842964,0.5106657868623729
residual_v2,58,star_concave,191,private-source://routeA_experiments/data/prospective_ood_rd_hddm_alpha001_v2/star_concave/sample_0191.npz,6b6e2f1ef2a5225659b22dd222cfdeb623e3a9d34d146460b1201ec2c58ac5f2,0.007938476977869868,0.092900238733663,0.5779792090558257,0.6974889039993286,0.4697391241788864,0.6341234415769572
residual_v2,58,star_concave,192,private-source://routeA_experiments/data/prospective_ood_rd_hddm_alpha001_v2/star_concave/sample_0192.npz,81e07c354e8b9090deac2dd659d673aa62dcc492675457e68850919289c02ee1,0.008185491024050862,0.0810774689315641,0.5867376939438048,0.6928219199180603,0.42139619588851945,0.6055833268165589
residual_v2,58,star_concave,193,private-source://routeA_experiments/data/prospective_ood_rd_hddm_alpha001_v2/star_concave/sample_0193.npz,2a055578d35dbeaf6f9777c70db61a17e59b21e0e089c4b73fe73fc8f30ee5c9,0.009663904958870262,0.08224919941676344,0.610404230207541,0.7430580258369446,0.4257665216922762,0.6720681607723236
residual_v2,58,star_concave,194,private-source://routeA_experiments/data/prospective_ood_rd_hddm_alpha001_v2/star_concave/sample_0194.npz,015bc47bb4c5ba3f27b05a1792fbb44af4337d85c98d106323f3d69d268d8c7a,0.009814179968088865,0.08193293353482883,0.5893671726393561,0.6906133890151978,0.43792444467544556,0.6258765995502468
residual_v2,58,star_concave,195,private-source://routeA_experiments/data/prospective_ood_rd_hddm_alpha001_v2/star_concave/sample_0195.npz,4dc63967e6d5bcb0dad8dc928ac1c21ef324161440414cdd69f8fa0670c5622c,0.008268790028523654,0.08956281250754987,0.6571303353576504,0.7825296223163605,0.45846833884715976,0.7339665865898127
residual_v2,58,star_concave,196,private-source://routeA_experiments/data/prospective_ood_rd_hddm_alpha001_v2/star_concave/sample_0196.npz,98c3c846abd7760ff75322a10ea69cbcf64050b1920000f30ac9ddef03a582bf,0.006164222955703735,0.07662303415881909,0.5202627501436878,0.644608736038208,0.3873571008443832,0.585071020722389
residual_v2,58,star_concave,197,private-source://routeA_experiments/data/prospective_ood_rd_hddm_alpha001_v2/star_concave/sample_0197.npz,5b762b3e30b125a39b0866174933e4f32d3c35f9dd054ae1cb4d4c37788ff8d7,0.00800657703075558,0.10030354132156039,0.46945742220690145,0.5804697871208191,0.3827207535505295,0.4991978853940964
residual_v2,58,star_concave,198,private-source://routeA_experiments/data/prospective_ood_rd_hddm_alpha001_v2/star_concave/sample_0198.npz,f1d5bb05bec2186640d91bfa3cdc67b166bd2952867a20a2796076984771c3e5,0.007278911012690514,0.056346819076908077,0.2378311143615966,0.34103551506996155,0.1955737575888634,0.2613884377479554
residual_v2,58,star_concave,199,private-source://routeA_experiments/data/prospective_ood_rd_hddm_alpha001_v2/star_concave/sample_0199.npz,24e273c05359ecf1670b3cd5ef34d49ef6c28ef523b55d61e6ff7b4dfcb1f389,0.008394769974984229,0.08811123469081679,0.49522126664752253,0.6287362277507782,0.43765556216239926,0.5669770491123199
