model,training_seed,shape,sample_id,sample_file,sample_sha256,inference_seconds,mae,relative_l2,max_abs_error,p95_abs_error,p99_abs_error
mesh_gnn,44,slit_bridge,0,private-source://routeA_experiments/data/final_ood_frozen_v1/slit_bridge/sample_0000.npz,30d9b3db72b5f04e7aed5aca69b177e736741d71d456678de2c366e94064976a,0.001391037367284298,0.07487118063018551,0.6751727187611057,0.7806161195039749,0.35233306884765625,0.6554893314838405
mesh_gnn,44,slit_bridge,1,private-source://routeA_experiments/data/final_ood_frozen_v1/slit_bridge/sample_0001.npz,35ca7668746e40038fbccaaf4b015e191d09a272260f8b2c67e05158beed58d9,0.001412566751241684,0.04848280783172932,0.31195178786998057,0.3404823765158653,0.18414470553398132,0.2792839586734771
mesh_gnn,44,slit_bridge,2,private-source://routeA_experiments/data/final_ood_frozen_v1/slit_bridge/sample_0002.npz,5aa31e0476a00717a676402ae73bf67f0900790fbaaba0689885a4f4d81b1d01,0.0017582094296813011,0.06177078938885679,0.519212083913699,0.679029107093811,0.3041103258728981,0.5762669026851653
mesh_gnn,44,slit_bridge,3,private-source://routeA_experiments/data/final_ood_frozen_v1/slit_bridge/sample_0003.npz,fa2249a12bd45ebd5bf12289d408b399125153ec7a74d5498b2d06c116f8f405,0.0014236625283956528,0.08013967802523386,0.8089376857684417,0.8757074773311615,0.34888067096471786,0.7211202949285506
mesh_gnn,44,slit_bridge,4,private-source://routeA_experiments/data/final_ood_frozen_v1/slit_bridge/sample_0004.npz,4006cdfdceb8abe632e2df62c467d010fb9761bec6322c363b9f3abbc55829d4,0.0019985903054475784,0.0587018488973921,0.4035474265568885,0.5367209613323212,0.23223475366830826,0.39321791529655437
mesh_gnn,44,slit_bridge,5,private-source://routeA_experiments/data/final_ood_frozen_v1/slit_bridge/sample_0005.npz,1ea410d183d08cc06714b087bb528e626a67090d2f8931f1f61a73ddeff9902a,0.0019003134220838547,0.07568585641097234,1.0731424033379366,0.9624656587839127,0.2591490498452913,0.7702273160219191
mesh_gnn,44,slit_bridge,6,private-source://routeA_experiments/data/final_ood_frozen_v1/slit_bridge/sample_0006.npz,2b2b41c1ab84aefad645e09329749a0c4789e3a60b3931b89e053a383e66541e,0.0017555393278598785,0.06116346419929202,1.179964339318325,0.980892576277256,0.19102825969457626,0.49506000950932444
mesh_gnn,44,slit_bridge,7,private-source://routeA_experiments/data/final_ood_frozen_v1/slit_bridge/sample_0007.npz,e99898145655a5c1ce681d0eb3c7597d5032c10b823f0c114d9a1b16467ea524,0.0016446951776742935,0.046465744724570025,0.3037453261898429,0.40518611669540405,0.18330278992652893,0.3238789886236187
mesh_gnn,44,slit_bridge,8,private-source://routeA_experiments/data/final_ood_frozen_v1/slit_bridge/sample_0008.npz,6e17a3aa2c3547f8d5c7c15a2ba8d09341c289bc2a2f8cc11cd61460dd0a75b4,0.0017746835947036743,0.05113906902670029,0.3333081986573451,0.38963553309440613,0.17799263447523117,0.2633673131465912
mesh_gnn,44,slit_bridge,9,private-source://routeA_experiments/data/final_ood_frozen_v1/slit_bridge/sample_0009.npz,cc5b71a537246355e6aa5eb87b1ec934946edb1d31595b1d37e482e2b73e96e4,0.0020043523982167244,0.054126230112612174,0.457385495810953,0.48784855008125305,0.26852747797966003,0.44375915527343734
mesh_gnn,44,slit_bridge,10,private-source://routeA_experiments/data/final_ood_frozen_v1/slit_bridge/sample_0010.npz,87874a0f11d5ca1214cb1c831735689324f5d265f0ad734b920d4aea56a205a8,0.0018698535859584808,0.07522084881794652,0.7289153990765923,0.9926990121603012,0.3274959623813629,0.6223782971501348
mesh_gnn,44,slit_bridge,11,private-source://routeA_experiments/data/final_ood_frozen_v1/slit_bridge/sample_0011.npz,a23d58d483f0ee7d7d9ad82447d292fdde0c9f6964a6ce9759730ce9671620fc,0.0017928741872310638,0.08806142726304075,0.8642338645399099,0.8889410197734833,0.3706326298415661,0.7360197283327575
mesh_gnn,44,slit_bridge,12,private-source://routeA_experiments/data/final_ood_frozen_v1/slit_bridge/sample_0012.npz,1bf5b6c8a99e6b1af341524d638c181408e613ec93db7fb6986f600e0e3c65a1,0.0019344110041856766,0.054682904140888555,0.5677457232246824,0.6584698557853699,0.3083242326974869,0.5293019175529476
mesh_gnn,44,slit_bridge,13,private-source://routeA_experiments/data/final_ood_frozen_v1/slit_bridge/sample_0013.npz,1adafcde8c3f4e445b1b034d25421d3a48662f83f441bf0eecdee27f12cecbc3,0.001896364614367485,0.0553196965487488,0.427843739584894,0.5729957818984985,0.24317045509815216,0.4120093852281569
mesh_gnn,44,slit_bridge,14,private-source://routeA_experiments/data/final_ood_frozen_v1/slit_bridge/sample_0014.npz,64b0e9dc29123e952cb0d300a00469414c7c7f76a16dd935a75e7624fe912b36,0.0015578316524624825,0.07579274844540229,0.7778497574825587,0.8647183626890182,0.2655724994838238,0.6894561827182755
mesh_gnn,44,slit_bridge,15,private-source://routeA_experiments/data/final_ood_frozen_v1/slit_bridge/sample_0015.npz,b9c330fa4cfc004b6beec69ac0615be8854455f9775205c11364db4615c089be,0.001957210712134838,0.07119314863636396,0.597334374861865,0.7218917459249496,0.29664914309978485,0.6125341400504101
mesh_gnn,44,slit_bridge,16,private-source://routeA_experiments/data/final_ood_frozen_v1/slit_bridge/sample_0016.npz,596996fb6aeff6e88332008eed32b4b95f86de86801a1640f6de12786cd403d3,0.0019490057602524757,0.04331827604814869,0.4180939982949941,0.5524311661720276,0.1975778117775917,0.4019353747367852
mesh_gnn,44,slit_bridge,17,private-source://routeA_experiments/data/final_ood_frozen_v1/slit_bridge/sample_0017.npz,312eedbc05e5128aebccd1eda0cb448659dcf770824e39ef15c6231d604d0095,0.0019062189385294914,0.07282110497068571,0.6694877945726141,0.7649451345205307,0.2867942154407501,0.5731404662132248
mesh_gnn,44,slit_bridge,18,private-source://routeA_experiments/data/final_ood_frozen_v1/slit_bridge/sample_0018.npz,41e1f220b6752fc77a60ab80dca4c8628042e5d54833a97c9832832e8db500e2,0.001774720847606659,0.03826534369960731,0.22792791665618786,0.3803151845932007,0.14621857553720474,0.24433911368250816
mesh_gnn,44,slit_bridge,19,private-source://routeA_experiments/data/final_ood_frozen_v1/slit_bridge/sample_0019.npz,b97fe8016fb4c7d7995df4c42b480dce1072ee7db9abb641c503877913ffce9c,0.0017730379477143288,0.05575377605324948,0.48575685166804555,0.5789709687232971,0.2657959461212158,0.5013850152492522
mesh_gnn,44,slit_bridge,20,private-source://routeA_experiments/data/final_ood_frozen_v1/slit_bridge/sample_0020.npz,994e03c5207e2ae7356bc74d2f380fd7f474af9a82fe4a9bb90585ddb10c1fb7,0.0018637431785464287,0.06797813911444965,0.7125703404118569,0.8359769880771637,0.32998455315828323,0.7266574770212169
mesh_gnn,44,slit_bridge,21,private-source://routeA_experiments/data/final_ood_frozen_v1/slit_bridge/sample_0021.npz,1456683b4642362ec663cedabc21c8bb0ed3f06ae1beb9ca35a8ac02768d7f01,0.001775895245373249,0.06945030061031553,0.5618840747118448,0.6329651176929474,0.3299648091197014,0.5608786076307292
mesh_gnn,44,slit_bridge,22,private-source://routeA_experiments/data/final_ood_frozen_v1/slit_bridge/sample_0022.npz,c36a4db85f26e6cbe9c3036e9cf2ad4c578008898c1405c54c1e0914ccc8ef1c,0.0015476346015930176,0.06577027454690887,0.5059585213357684,0.5146732330322266,0.2927613779902458,0.4112703830003738
mesh_gnn,44,slit_bridge,23,private-source://routeA_experiments/data/final_ood_frozen_v1/slit_bridge/sample_0023.npz,610587d7aa0593f777b96e6fdb4fdcf2ebc68a867c186890c7838e7b2d944c00,0.0019369982182979584,0.07075815320070286,0.6548924166639375,0.7559915482997894,0.28209371492266655,0.6278299570083616
mesh_gnn,44,slit_bridge,24,private-source://routeA_experiments/data/final_ood_frozen_v1/slit_bridge/sample_0024.npz,959eeaf23d4f71a25e7eff4fc4c4640be516df58074ab3dad10126c1ca5ed619,0.0019666263833642006,0.0842969215267167,1.1517776227004464,0.9655880779027939,0.273825341835618,0.6908867940306659
mesh_gnn,44,slit_bridge,25,private-source://routeA_experiments/data/final_ood_frozen_v1/slit_bridge/sample_0025.npz,12244099e66cc796717b1ac4a0197a86db0d3832ae8f92f8b6285b350ded04cd,0.0017043063417077065,0.0427450785563094,0.2934979220115728,0.35650941729545593,0.1593761146068573,0.23729577958583825
mesh_gnn,44,slit_bridge,26,private-source://routeA_experiments/data/final_ood_frozen_v1/slit_bridge/sample_0026.npz,8ec7e62775275cf1cdcb11a3a5070589032551c0222125cc6f2572c5b6100c1e,0.001874048262834549,0.07746686084401257,0.6545672096870948,0.7378644347190857,0.354336142539978,0.6563387483358383
mesh_gnn,44,slit_bridge,27,private-source://routeA_experiments/data/final_ood_frozen_v1/slit_bridge/sample_0027.npz,a57e3c4af7915d4277fe784929f02e1108f70b06739b89cc49e2f31db68759d6,0.00174754299223423,0.0617345720764091,0.5490981621324366,0.6713107228279114,0.3078036680817604,0.5293809443712225
mesh_gnn,44,slit_bridge,28,private-source://routeA_experiments/data/final_ood_frozen_v1/slit_bridge/sample_0028.npz,129f68b38d7e4376d96e492a23bdc037ec06345501698eb53f87dc4c2bdcf26b,0.0019311830401420593,0.04739374422741081,0.3328772323842293,0.41445744037628174,0.20409328350797296,0.3391652584075923
mesh_gnn,44,slit_bridge,29,private-source://routeA_experiments/data/final_ood_frozen_v1/slit_bridge/sample_0029.npz,d7be996266c698efe66a16bcc34de0aff06589c37bb8599f9f62b3c06206baa6,0.001796802505850792,0.05696016390562223,0.49655834118838,0.522166520357132,0.3073445037007332,0.4579203903675073
mesh_gnn,44,slit_bridge,30,private-source://routeA_experiments/data/final_ood_frozen_v1/slit_bridge/sample_0030.npz,b09f05e8c2f7a9d479d786d72d681814f27d08ee89b3d974343fd2b090a1ce6a,0.0020086001604795456,0.060477399959283785,0.47385049456402384,0.664933979511261,0.2562481462955475,0.4899461910128593
mesh_gnn,44,slit_bridge,31,private-source://routeA_experiments/data/final_ood_frozen_v1/slit_bridge/sample_0031.npz,bc00125fdaa393e280c5352531595db001f7ddb3deb151245917cd589e5c31f0,0.001753675751388073,0.04161739070985257,0.2783581087089026,0.3939725160598755,0.17151737213134766,0.2884050548076629
mesh_gnn,44,slit_bridge,32,private-source://routeA_experiments/data/final_ood_frozen_v1/slit_bridge/sample_0032.npz,210304fe0d7d8f0427af5f9a0754f958b13e7ca893e23870daca6089c7494849,0.0017650807276368141,0.05160238581899156,0.43164994865180956,0.4715472459793091,0.28065125644207,0.4215475559234617
mesh_gnn,44,slit_bridge,33,private-source://routeA_experiments/data/final_ood_frozen_v1/slit_bridge/sample_0033.npz,27aec766b6350542fba91a6efe33f57848a74817bca29836eb0daa48b8186c28,0.0018652109429240227,0.07617228224196433,0.7044223177322935,0.7860684394836426,0.30603333190083504,0.7165521129965781
mesh_gnn,44,slit_bridge,34,private-source://routeA_experiments/data/final_ood_frozen_v1/slit_bridge/sample_0034.npz,188e43a83a5baeee871f92676435b8b14ff91c60dfed2c7edaee32a7c3fe7437,0.0018154522404074669,0.05473357735074078,0.4825988813083678,0.6012300848960876,0.25222353637218475,0.4293690830469131
mesh_gnn,44,slit_bridge,35,private-source://routeA_experiments/data/final_ood_frozen_v1/slit_bridge/sample_0035.npz,7b87bcf793f11163ce8025e6ca4bc45abb9b34cf709bd1bb8b9fb68b3a8dabe4,0.0017980718985199928,0.06949833372098707,0.5617297483525601,0.6399054527282715,0.30620115995407104,0.5270742222666737
mesh_gnn,44,slit_bridge,36,private-source://routeA_experiments/data/final_ood_frozen_v1/slit_bridge/sample_0036.npz,4c37861366bb2835c656390a05790cc29a37a467fa5c97e436d4dc5e6180c227,0.0017635589465498924,0.05893181423359986,0.561056821866641,0.7143067717552185,0.2675386294722557,0.5465137839317313
mesh_gnn,44,slit_bridge,37,private-source://routeA_experiments/data/final_ood_frozen_v1/slit_bridge/sample_0037.npz,8fbc3afcf65822fdaf99fdeb4b9caaacaaa2422144e57b088e882fc0dcbcdfe9,0.001754501834511757,0.07232413687713829,0.6496224749235755,0.7722844332456589,0.3787592276930809,0.6780075274407863
mesh_gnn,44,slit_bridge,38,private-source://routeA_experiments/data/final_ood_frozen_v1/slit_bridge/sample_0038.npz,d8aa380b826e09980e586e8dcd26acff520e462dddbb758d989ce305a62e2bd2,0.001809319481253624,0.053010222547162665,0.44834028033673007,0.6141268759965897,0.27352285385131836,0.4976872026920313
mesh_gnn,44,slit_bridge,39,private-source://routeA_experiments/data/final_ood_frozen_v1/slit_bridge/sample_0039.npz,5773aed921a57866510a828614cf323ba3e5c1f662198f68ba30e9cd435e428d,0.0018396927043795586,0.06004254131996868,0.7250692003794996,0.8088281005620956,0.2602095864713192,0.5978731140494342
mesh_gnn,44,slit_bridge,40,private-source://routeA_experiments/data/final_ood_frozen_v1/slit_bridge/sample_0040.npz,10b3fc9be817d0fa28e4f2ad0ce1679a84b2986a85b9c817ff380bc606731884,0.0018016118556261063,0.07984265612542171,0.6920929716826493,0.7520816177129745,0.36680223420262337,0.646443705260753
mesh_gnn,44,slit_bridge,41,private-source://routeA_experiments/data/final_ood_frozen_v1/slit_bridge/sample_0041.npz,cdde49a6f56183448eeefafbf84517c5719d37b8e33b5fb3d5907c79ec0c3d4d,0.0017428183928132057,0.047152996922173514,0.3692864388570418,0.4074029102921486,0.19264701148495078,0.2925954639911651
mesh_gnn,44,slit_bridge,42,private-source://routeA_experiments/data/final_ood_frozen_v1/slit_bridge/sample_0042.npz,bd82adbf113c51db9c8fdb7ae61bdfb4b0de8fd0738107c1b16747edf214ed83,0.0016573667526245117,0.0408803992904737,0.23603242624445941,0.3551486134529114,0.13247284293174744,0.2688472390174864
mesh_gnn,44,slit_bridge,43,private-source://routeA_experiments/data/final_ood_frozen_v1/slit_bridge/sample_0043.npz,1b05a0e90cb92ad13e160cd9d88d3ccd24a5d5042572cbdeb6c780eb7c691723,0.00202038511633873,0.07675029009808353,0.8537855235000563,0.8839525431394577,0.36226429138332605,0.7643864393234252
mesh_gnn,44,slit_bridge,44,private-source://routeA_experiments/data/final_ood_frozen_v1/slit_bridge/sample_0044.npz,9eab1dd2e918e6415c0ac9317c974fb554285878086fbcec4685c90b0a603efd,0.0018105171620845795,0.06401080845354146,0.7001002054653607,0.7746702432632446,0.2184850024059415,0.5809854641556738
mesh_gnn,44,slit_bridge,45,private-source://routeA_experiments/data/final_ood_frozen_v1/slit_bridge/sample_0045.npz,28399d49797881f5a264063c34c2a36369094141bb9cf4c05cbdaee4d1f32c15,0.0016178591176867485,0.074631797441456,0.9114707334156557,0.9131940752267838,0.2852445915341377,0.7133789874613282
mesh_gnn,44,slit_bridge,46,private-source://routeA_experiments/data/final_ood_frozen_v1/slit_bridge/sample_0046.npz,137e9591ce0032a2d71b366e44219ca9b23cbd2f3a421043183f5c5f8e25cd7f,0.0017190901562571526,0.04980578269907208,0.5142854121500372,0.6686695516109467,0.28334152698516846,0.504486083984374
mesh_gnn,44,slit_bridge,47,private-source://routeA_experiments/data/final_ood_frozen_v1/slit_bridge/sample_0047.npz,a34fc43c7eb5b8809b22c7c026452d2278be0d7636bd62dbf7db0e72488bfe93,0.0018661245703697205,0.06923587361167717,0.4799829773102398,0.49625930190086365,0.31271326541900635,0.4202484262175858
mesh_gnn,44,slit_bridge,48,private-source://routeA_experiments/data/final_ood_frozen_v1/slit_bridge/sample_0048.npz,d3dea4d451c780395aeec9e434f3f3426fa5b35717d062d652d0000cb4849ab0,0.0017832936719059944,0.07497965464512597,0.6972089512340772,0.794726550579071,0.3253420367836952,0.6161755681037897
mesh_gnn,44,slit_bridge,49,private-source://routeA_experiments/data/final_ood_frozen_v1/slit_bridge/sample_0049.npz,65ea22db20d21e0adb8290dfc006ce6871e3b0e95cbda2d1b6dc4212521b340d,0.0016234824433922768,0.06071112141979853,0.5815205457847116,0.6952058672904968,0.2717855218797922,0.5601114124059674
mesh_gnn,44,slit_bridge,50,private-source://routeA_experiments/data/final_ood_frozen_v1/slit_bridge/sample_0050.npz,84c0049ab4231171d59431596c6d5ee4a6296eb0688530fec168df065e5f3736,0.0018615610897541046,0.07354914432050468,0.7190093616033872,0.875090129673481,0.34253229200839996,0.6828070856630797
mesh_gnn,44,slit_bridge,51,private-source://routeA_experiments/data/final_ood_frozen_v1/slit_bridge/sample_0051.npz,4a2b9189cfb9e62a2d88e9b4f0538c291df4cf2365fc6101f7bcb0ca5ea19039,0.0018359562382102013,0.07205849165858023,0.8964180801939531,0.9207090735435486,0.28580429777503014,0.7515268772840488
mesh_gnn,44,slit_bridge,52,private-source://routeA_experiments/data/final_ood_frozen_v1/slit_bridge/sample_0052.npz,7a6182ea0d10e503b4488744930d05c12fe0a98749a0f08c0bf9a0ade333130c,0.0018098121508955956,0.07760410311791764,0.6602167746849688,0.7400459349155426,0.3908756598830223,0.6487041153013706
mesh_gnn,44,slit_bridge,53,private-source://routeA_experiments/data/final_ood_frozen_v1/slit_bridge/sample_0053.npz,f38fc50a05bb0fe7cbe4b70cd13485a58e43ff94c9c22822cb929aed2391bc79,0.0017951931804418564,0.05420452213669516,0.5474974348081191,0.6193191707134247,0.24290290474891663,0.4835346430540084
mesh_gnn,44,slit_bridge,54,private-source://routeA_experiments/data/final_ood_frozen_v1/slit_bridge/sample_0054.npz,523ec7f16e149a678ab1eee24891a839649693313f63f9f03417215898e364c2,0.0017481502145528793,0.07369117787784717,0.7493182128461838,0.7904172390699387,0.3624157998710871,0.6722568202763795
mesh_gnn,44,slit_bridge,55,private-source://routeA_experiments/data/final_ood_frozen_v1/slit_bridge/sample_0055.npz,a11a3648b53fa4f131e8a071f27bd07db354d48796864dbb9f50084862cbf7af,0.0016030203551054,0.05793989617841859,0.3259973088905084,0.3364938497543335,0.19427963579073548,0.26835758592933406
mesh_gnn,44,slit_bridge,56,private-source://routeA_experiments/data/final_ood_frozen_v1/slit_bridge/sample_0056.npz,754e5a373c358a5e7e5648b5ee524f7f3caf5be3ad24ca01b4bbaa5930f3722f,0.001759910024702549,0.046327175088347786,0.2834125441327817,0.42882561683654785,0.18685175478458405,0.2834212362766261
mesh_gnn,44,slit_bridge,57,private-source://routeA_experiments/data/final_ood_frozen_v1/slit_bridge/sample_0057.npz,88bdcbb6787810fba1f67ab1e1d706c0a0449080180a5731fe9e830cd5c1781e,0.0017077792435884476,0.0651991325003291,0.5007050705679619,0.5473555028438568,0.2688988000154495,0.45940668284893
mesh_gnn,44,slit_bridge,58,private-source://routeA_experiments/data/final_ood_frozen_v1/slit_bridge/sample_0058.npz,25dc8c7315b0e070c4b3619308cd7da2f67091e9d12652a39dff2c4abf512a48,0.0017040520906448364,0.056213143285513814,0.5283536187970671,0.6151005327701569,0.2200288027524948,0.5002047002315516
mesh_gnn,44,slit_bridge,59,private-source://routeA_experiments/data/final_ood_frozen_v1/slit_bridge/sample_0059.npz,8537f0d12de7433ac2c634794f33eec0a1ef183fb6a9871cd07ec6fe9960e78c,0.0014174897223711014,0.07088051476751497,0.6858297544363074,0.8393385410308838,0.28362466394901276,0.6134191095829
mesh_gnn,44,slit_bridge,60,private-source://routeA_experiments/data/final_ood_frozen_v1/slit_bridge/sample_0060.npz,ccb10d13e92987f9e92f19f57b8c828d1cec71baabf49eeda5b8131c81cffaae,0.0017283009365200996,0.05911217790121287,0.5247170646435751,0.6821508556604385,0.24601645022630692,0.5817793622612949
mesh_gnn,44,slit_bridge,61,private-source://routeA_experiments/data/final_ood_frozen_v1/slit_bridge/sample_0061.npz,617d3d8d6e33e0cd8b2d68db50b259c76f1b572922b1f4eafd14d5c95f7f2927,0.0016478309407830238,0.06479342346261405,0.4668773820423871,0.5556071996688843,0.27085521444678307,0.380951452255249
mesh_gnn,44,slit_bridge,62,private-source://routeA_experiments/data/final_ood_frozen_v1/slit_bridge/sample_0062.npz,4cb6187852b50d7a648cc396d4b92a5199fc15e009d3e6afe856b73e4795fb3c,0.0017693154513835907,0.07586705945554151,0.6695797440113745,0.7551654875278473,0.3817700184881687,0.6774003550410267
mesh_gnn,44,slit_bridge,63,private-source://routeA_experiments/data/final_ood_frozen_v1/slit_bridge/sample_0063.npz,dac27c2cdc3cfd09038c74bf4bee8892e3fbd4242d4ae68cf068121304f4b392,0.001854761503636837,0.07569803331512132,0.8422442275132658,0.9303025081753731,0.31607265304774046,0.8329506687819956
mesh_gnn,44,slit_bridge,64,private-source://routeA_experiments/data/final_ood_frozen_v1/slit_bridge/sample_0064.npz,42bf6e538ce7971d6bb267afcbb5017c74c7ee0a38eeeb22b770afd6da523ffd,0.0014430498704314232,0.05972898011672703,0.44692534260910305,0.6733838617801666,0.22859447449445724,0.45650494843721373
mesh_gnn,44,slit_bridge,65,private-source://routeA_experiments/data/final_ood_frozen_v1/slit_bridge/sample_0065.npz,8ae70c1cc087b2cb14feefb626847c8e54e0ee1ff237949762758fc9fef1ccfe,0.0020463988184928894,0.0658565365310673,0.5307940979361425,0.6579801738262177,0.27090214705094695,0.5383138984441749
mesh_gnn,44,slit_bridge,66,private-source://routeA_experiments/data/final_ood_frozen_v1/slit_bridge/sample_0066.npz,bf5bec0125f3e132a0234c3c65c18310c2a824fe299149a53c91065ba9684ebc,0.0018074531108140945,0.04099178549458447,0.29964617252922177,0.33605074882507324,0.18411846458911896,0.2936031222343444
mesh_gnn,44,slit_bridge,67,private-source://routeA_experiments/data/final_ood_frozen_v1/slit_bridge/sample_0067.npz,c4c4d08eb71d2a88a3573896b8651cdf6ff3433eaf00aef21e8815ee63c8636b,0.0020281746983528137,0.04680826806753394,0.3061449391749876,0.34083694219589233,0.1676175594329834,0.22895950824022288
mesh_gnn,44,slit_bridge,68,private-source://routeA_experiments/data/final_ood_frozen_v1/slit_bridge/sample_0068.npz,9d5bf135c023eb440f5e2fcdbcd3144986ccea4a471e8d876188876d1f874f48,0.0018447544425725937,0.07987998383669073,0.8299225976550497,0.808185949921608,0.33947475999593735,0.5484987132251256
mesh_gnn,44,slit_bridge,69,private-source://routeA_experiments/data/final_ood_frozen_v1/slit_bridge/sample_0069.npz,5c786c1f5b59aea34b782d6d4f11df00e05c430f5d55022b5da71cb4fb8d0930,0.001980018801987171,0.0708418964035816,0.6566670639363282,0.7252764254808426,0.3492427449673414,0.6333334997296327
mesh_gnn,44,slit_bridge,70,private-source://routeA_experiments/data/final_ood_frozen_v1/slit_bridge/sample_0070.npz,ed31a0aa3d983e019a2886acd9e424e492ee60dd9051fcd420f294aa7d65556d,0.0017362842336297035,0.06830020849038726,0.641628971055692,0.7392554879188538,0.31862250715494156,0.5638504549860954
mesh_gnn,44,slit_bridge,71,private-source://routeA_experiments/data/final_ood_frozen_v1/slit_bridge/sample_0071.npz,392690e82cd3c5edc07092ea1286bb31ee5ff623427f4ad994d7d81479d6dab4,0.0014200927689671516,0.060031398007175406,0.6507235390319513,0.7330309450626373,0.3172896131873131,0.5953448176383965
mesh_gnn,44,slit_bridge,72,private-source://routeA_experiments/data/final_ood_frozen_v1/slit_bridge/sample_0072.npz,13d1458cb7f3b3c59870f9253bb955db809110e13c2d3e0b7bd73b1dc03bcc6b,0.0018021594732999802,0.05996369494897517,0.7062895361147747,0.8309237658977509,0.2642339691519737,0.5894878983497619
mesh_gnn,44,slit_bridge,73,private-source://routeA_experiments/data/final_ood_frozen_v1/slit_bridge/sample_0073.npz,abe7b6b76ff8f9f9514fc6c9452f5d49124e62bec9ef2160c3a275b0c13db251,0.001602143980562687,0.07579340741208701,0.6918409661497036,0.7369614094495773,0.32914468739181757,0.5385973334312434
mesh_gnn,44,slit_bridge,74,private-source://routeA_experiments/data/final_ood_frozen_v1/slit_bridge/sample_0074.npz,51ff9c6ba58e09f4038fba26fc78e8d866d805ea092ff9a4834e7d07d5b953c3,0.001789972186088562,0.04385110456779773,0.32248973220007654,0.351774126291275,0.18539908528327942,0.28661002814769715
mesh_gnn,44,slit_bridge,75,private-source://routeA_experiments/data/final_ood_frozen_v1/slit_bridge/sample_0075.npz,295242b0a3c4441b1839c2e51ada10cd8d911b42bc383c1c876668ed7db69aca,0.001603681594133377,0.05884469783951374,0.5382812062190826,0.6523832380771637,0.2493548821657896,0.5361952811479567
mesh_gnn,44,slit_bridge,76,private-source://routeA_experiments/data/final_ood_frozen_v1/slit_bridge/sample_0076.npz,beb19109c76423a493f2dce420b9e7186ae828c5f8afa7330784720dd627942a,0.001857358030974865,0.07215631502350316,0.574399161420586,0.6293676644563675,0.33423231542110443,0.5503986150026321
mesh_gnn,44,slit_bridge,77,private-source://routeA_experiments/data/final_ood_frozen_v1/slit_bridge/sample_0077.npz,2b930b075d3b18dc862520638716d3ca8b214cccc86033c8a5389cf1eee32caf,0.001852446235716343,0.07669838505711746,0.7592248367897723,0.8288200497627258,0.30416601710021496,0.7090898931026446
mesh_gnn,44,slit_bridge,78,private-source://routeA_experiments/data/final_ood_frozen_v1/slit_bridge/sample_0078.npz,81766226a2c457e6280404619b8b2ac47bc63cd5302a18b5988528768c89a906,0.0018048956990242004,0.06845969075465703,0.6916656982905113,0.8246105909347534,0.3143472969532013,0.6585828125476835
mesh_gnn,44,slit_bridge,79,private-source://routeA_experiments/data/final_ood_frozen_v1/slit_bridge/sample_0079.npz,39d04f6918bf1e91b48064494be9aa05bd75bf2d12d1b69e17182fdccc736084,0.001713884063065052,0.0653179738654676,0.4982580173959113,0.640748143196106,0.3183257281780243,0.5221537292003631
mesh_gnn,44,slit_bridge,80,private-source://routeA_experiments/data/final_ood_frozen_v1/slit_bridge/sample_0080.npz,34759e2ce25b3deafb7b86e4a166e29aa7b6ad6312b24ec108b7195308a75605,0.001791222020983696,0.08019468043133188,0.9229096544071264,0.8892914354801178,0.34122736379504204,0.7676664635539051
mesh_gnn,44,slit_bridge,81,private-source://routeA_experiments/data/final_ood_frozen_v1/slit_bridge/sample_0081.npz,c09c71d395b921fd42317ee8257d8e8ca0fefc88548e7044fde1c9427bc01d57,0.0018042558804154396,0.04383524399341025,0.24731797389923169,0.38204583525657654,0.1528616100549698,0.23684770762920374
mesh_gnn,44,slit_bridge,82,private-source://routeA_experiments/data/final_ood_frozen_v1/slit_bridge/sample_0082.npz,76690bbcb43ff947e8588630e8c1f5eaeae09d80c05290dd16299c07f4b07db3,0.0019175708293914795,0.04672639791221236,0.3244687725407091,0.3781883716583252,0.2066786903887987,0.313626804947853
mesh_gnn,44,slit_bridge,83,private-source://routeA_experiments/data/final_ood_frozen_v1/slit_bridge/sample_0083.npz,b13467cf03c2c8574ad8306306835f018286494378025cc13aa4b84ebb20ce43,0.0018223216757178307,0.0722300735730421,1.3274613336162249,0.9731360822916031,0.21514572866908566,0.6202774528414006
mesh_gnn,44,slit_bridge,84,private-source://routeA_experiments/data/final_ood_frozen_v1/slit_bridge/sample_0084.npz,9c49b44f5bee1f5433dbba97fd43f3fbe29009da78b18d356f171b5351154266,0.0016171569004654884,0.04216676767568977,0.3392970784247825,0.43726521730422974,0.20246349833905697,0.3296544469892975
mesh_gnn,44,slit_bridge,85,private-source://routeA_experiments/data/final_ood_frozen_v1/slit_bridge/sample_0085.npz,f99b2ecfc893456f4094ee49f725dacd918863f2c57f06cd9486ed733ef4c220,0.0018724920228123665,0.07729329047005173,0.8039891450896894,0.8517888784408569,0.3091057625133544,0.7016997709870324
mesh_gnn,44,slit_bridge,86,private-source://routeA_experiments/data/final_ood_frozen_v1/slit_bridge/sample_0086.npz,fa0010c85def531807bfac046d520a0e1fcfa53f399129a530872a5ed7c486e8,0.0018044905737042427,0.07787610648057001,0.716292867350932,0.7929330319166183,0.43688490241765976,0.6770790264010428
mesh_gnn,44,slit_bridge,87,private-source://routeA_experiments/data/final_ood_frozen_v1/slit_bridge/sample_0087.npz,c71c435433f07e222a9c7657e14158b1582d4eb606c1feec9a70429635dc0db8,0.0017898697406053543,0.0659072718353801,0.6535719650049402,0.7193259000778198,0.3199804872274399,0.5963775604963295
mesh_gnn,44,slit_bridge,88,private-source://routeA_experiments/data/final_ood_frozen_v1/slit_bridge/sample_0088.npz,356663c8d9f185922d520ff8cab4336c663ae05fa5851257b47fd5a7f2890d38,0.0017178971320390701,0.06879909208091607,0.5519993611685516,0.5783533751964569,0.28710517659783363,0.47554018646478646
mesh_gnn,44,slit_bridge,89,private-source://routeA_experiments/data/final_ood_frozen_v1/slit_bridge/sample_0089.npz,8a9067dfbc0e5c2e206260b72a5ca217d4c4ab8591213e41f21555fef28ede5c,0.0017685620114207268,0.0561687068155765,0.47964325225167487,0.5411936640739441,0.23870864510536194,0.4073531687259673
mesh_gnn,44,slit_bridge,90,private-source://routeA_experiments/data/final_ood_frozen_v1/slit_bridge/sample_0090.npz,e8f22014254e79ac9ea4af542bb6a6578f4d3903902c242153233437a8df0eca,0.001862935721874237,0.07196352180497896,0.6434343842303318,0.7805196046829224,0.30102187395095825,0.6362201198935498
mesh_gnn,44,slit_bridge,91,private-source://routeA_experiments/data/final_ood_frozen_v1/slit_bridge/sample_0091.npz,9ac5d5dae9509b1d341ae8236d8e0bd3b682e73f0fabd2327bc777955fc68672,0.0018322039395570755,0.046079989437625944,0.326373705338606,0.48813050985336304,0.2254565954208374,0.35517556965351044
mesh_gnn,44,slit_bridge,92,private-source://routeA_experiments/data/final_ood_frozen_v1/slit_bridge/sample_0092.npz,fce6d4931689f991567299750cb2e58ba69a69fb8a7ea9ca2b6623d311e269b9,0.00193010363727808,0.057238185208952144,0.43973452122882817,0.4685481786727905,0.21803990006446838,0.3778671383857722
mesh_gnn,44,slit_bridge,93,private-source://routeA_experiments/data/final_ood_frozen_v1/slit_bridge/sample_0093.npz,ba68ade9b7a7667d9de5bbb4e80fd05e409e86460843549762f31a41447162d1,0.001795656979084015,0.0645849016508618,0.6606814926427803,0.7205770462751389,0.29577891156077385,0.5795149981975555
mesh_gnn,44,slit_bridge,94,private-source://routeA_experiments/data/final_ood_frozen_v1/slit_bridge/sample_0094.npz,ccba8ddededbe3b30aeff76d268cff5c811b3ec60c50fc5e9c8ad0ef75b4658f,0.0019095158204436302,0.054395578698057584,0.5449085538275996,0.601057380437851,0.2865320295095444,0.49999374449253026
mesh_gnn,44,slit_bridge,95,private-source://routeA_experiments/data/final_ood_frozen_v1/slit_bridge/sample_0095.npz,d8673dac77deb264dbb605e3b8da123628dc8c82574f2e781ca0ed91d7e7ce88,0.0017537018284201622,0.07530797679872349,0.7525550868145129,0.7816542387008667,0.3383272737264633,0.6306412518024437
mesh_gnn,44,slit_bridge,96,private-source://routeA_experiments/data/final_ood_frozen_v1/slit_bridge/sample_0096.npz,88387af9839890df82ba2388bdcdfa95d6200c6b8848f9cbfc0dda3b8e1f5f31,0.001804322935640812,0.07949889089610258,0.6824989263638663,0.7484862804412842,0.3950486872345209,0.6581493295729158
mesh_gnn,44,slit_bridge,97,private-source://routeA_experiments/data/final_ood_frozen_v1/slit_bridge/sample_0097.npz,042e86e783efa3942e62430f3045cf582a6d959709c938cb225b92bc44bcc64f,0.001791178248822689,0.05775977963028992,0.4141187365930878,0.5204182267189026,0.2112266570329666,0.46455349028110504
mesh_gnn,44,slit_bridge,98,private-source://routeA_experiments/data/final_ood_frozen_v1/slit_bridge/sample_0098.npz,f76accedd1c25ec4c7b700fef8f7e440bff7ca6d234800cb8d3b4cd6f7f7b8e6,0.0016304729506373405,0.06612019597870623,0.60559366198917,0.6786897778511047,0.31849587708711624,0.5346466541290281
mesh_gnn,44,slit_bridge,99,private-source://routeA_experiments/data/final_ood_frozen_v1/slit_bridge/sample_0099.npz,6a4b39b6a971b50d0cd5a3eefaf6a1f3f142b0d9ecee397ce1ff23093f6a46d9,0.002066049724817276,0.054395088987436585,0.4046144722555161,0.48741117119789124,0.2224772498011589,0.4098065197467803
mesh_gnn,44,slit_bridge,100,private-source://routeA_experiments/data/final_ood_frozen_v1/slit_bridge/sample_0100.npz,09c098f8500ef7ae13df30b97fd58bdcffba8843b115a610318dc18f65ef3540,0.001792633906006813,0.07222489295644173,0.7694783883671267,0.8905520252883434,0.30739501118659973,0.6819416336715222
mesh_gnn,44,slit_bridge,101,private-source://routeA_experiments/data/final_ood_frozen_v1/slit_bridge/sample_0101.npz,3671b99524219e4e7f1acd583f0a9f657d15a23a30ed3d575564b8f9d92d770e,0.0016150083392858505,0.05794799597091829,0.41995551494865196,0.56090247631073,0.29103700816631317,0.44050182700157153
mesh_gnn,44,slit_bridge,102,private-source://routeA_experiments/data/final_ood_frozen_v1/slit_bridge/sample_0102.npz,b8b9ab3a97d31d7c91628f73ac4db6371901871d302b30af028ae7297b2b153b,0.0018443400040268898,0.07236661024068045,1.141887131373252,0.9539292901754379,0.2888332491274923,0.713638523966071
mesh_gnn,44,slit_bridge,103,private-source://routeA_experiments/data/final_ood_frozen_v1/slit_bridge/sample_0103.npz,9f972861588cfdfdfbc3d1b3492908230dc44d640058083aa85270fbceb816f9,0.0018333019688725471,0.064646370062645,0.6277535006936446,0.6545133590698242,0.2976671978831291,0.5923968464136123
mesh_gnn,44,slit_bridge,104,private-source://routeA_experiments/data/final_ood_frozen_v1/slit_bridge/sample_0104.npz,762aadec5fa91e8e7a7f85a7683286f4a4fa0192f736680d733b0707b91d4494,0.001697487197816372,0.0767231255584431,0.7595980198062867,0.8797270655632019,0.37606922537088394,0.7164051830768584
mesh_gnn,44,slit_bridge,105,private-source://routeA_experiments/data/final_ood_frozen_v1/slit_bridge/sample_0105.npz,713c1a733e7b6f8c51dfe4d3f144d58d7ee189053361d35b7cb0099d093f55b6,0.001524447463452816,0.07056726864879696,0.6453500405658311,0.7063256204128265,0.3060038983821869,0.6022492989897721
mesh_gnn,44,slit_bridge,106,private-source://routeA_experiments/data/final_ood_frozen_v1/slit_bridge/sample_0106.npz,73c88046498ca7cb948857d6c873d10ec1b1bb70ce8813a259156f5e49c803e0,0.0017948541790246964,0.06374221069198484,0.6748150594881056,0.9178041890263557,0.2553641349077225,0.6290485501289358
mesh_gnn,44,slit_bridge,107,private-source://routeA_experiments/data/final_ood_frozen_v1/slit_bridge/sample_0107.npz,8e962067b4a867a40f8b8f07d19dbcf42eb4d7a6b08ac522bd140e761933b129,0.001808025874197483,0.08284914374250373,0.7537428684053186,0.8425125777721405,0.3630140647292137,0.7084058478474604
mesh_gnn,44,slit_bridge,108,private-source://routeA_experiments/data/final_ood_frozen_v1/slit_bridge/sample_0108.npz,23bb0eb2ffb8522d891e10b78e9f4fcf6ea2c8b5136c119d1353dc41e81126a2,0.0018176380544900894,0.044442685325043585,0.30508004592039156,0.39736634492874146,0.20899832248687744,0.3171142339706417
mesh_gnn,44,slit_bridge,109,private-source://routeA_experiments/data/final_ood_frozen_v1/slit_bridge/sample_0109.npz,ee7d8642727cde846b418e0d6ef6f3d525513d8f7c13d4e21a694399a5887809,0.0014586187899112701,0.08586597885948598,0.8309238175894179,0.873628631234169,0.4041009768843651,0.7346282333135604
mesh_gnn,44,slit_bridge,110,private-source://routeA_experiments/data/final_ood_frozen_v1/slit_bridge/sample_0110.npz,2cb9d93c491c746797690b373d3873b13231a0144087e5c6f98bc1674dcf9aa9,0.0018436601385474205,0.10308200324329389,0.8999812838279725,0.8585773557424545,0.46422610245645046,0.7247044727206227
mesh_gnn,44,slit_bridge,111,private-source://routeA_experiments/data/final_ood_frozen_v1/slit_bridge/sample_0111.npz,20cb4a3d10bd1589b41836354fc8ffcea2f716f9c4d860e668becadedadd9f38,0.0016034170985221863,0.03923450234301766,0.3023743841214374,0.38101494312286377,0.16191272158175707,0.27984683066606497
mesh_gnn,44,slit_bridge,112,private-source://routeA_experiments/data/final_ood_frozen_v1/slit_bridge/sample_0112.npz,37a74f8306ed3c59b31377d7e4a65031205ca4f453cf06b54132466f7b6b4a27,0.0017962763085961342,0.08226233518328407,0.7729551612239023,0.8275358378887177,0.37039241939783096,0.7313776940107337
mesh_gnn,44,slit_bridge,113,private-source://routeA_experiments/data/final_ood_frozen_v1/slit_bridge/sample_0113.npz,ef235deec817e178c9aadff18419bfa34a077733d1176a3329f0534a76dc2a36,0.0019721901044249535,0.07238216739647864,0.772978210941921,0.8240659981966019,0.369968980550766,0.7071399167180058
mesh_gnn,44,slit_bridge,114,private-source://routeA_experiments/data/final_ood_frozen_v1/slit_bridge/sample_0114.npz,fee8722c5da8ec155bbe8e819b2eefa2d11a554066c684e422d739ef76676fdc,0.0018634125590324402,0.05376690886153774,0.4222054180574067,0.5136328637599945,0.2023211047053337,0.3723228856921195
mesh_gnn,44,slit_bridge,115,private-source://routeA_experiments/data/final_ood_frozen_v1/slit_bridge/sample_0115.npz,c0ff037ccc5a055bf9e6049f73b19eb3ef3c759d34e01dde7782629ee5155b1a,0.001865164376795292,0.07990915694017817,0.609247047904691,0.6012290120124817,0.30587764643132687,0.46006231307983314
mesh_gnn,44,slit_bridge,116,private-source://routeA_experiments/data/final_ood_frozen_v1/slit_bridge/sample_0116.npz,89796e3463ade62e6165c2220b9206d7e09c13d435e41116a44b4b2b72d8a7e2,0.0015424862504005432,0.06851070137372152,0.7545348058126211,0.819756418466568,0.34787385165691376,0.6826242104172703
mesh_gnn,44,slit_bridge,117,private-source://routeA_experiments/data/final_ood_frozen_v1/slit_bridge/sample_0117.npz,0b5ddb4fbb4b1abaaecda668cf96d47108c2d0634e698e348798412ad2c8bd5b,0.0015099728479981422,0.05310263609573795,0.3577086626311819,0.42160287499427795,0.2019711583852768,0.3634062588214873
mesh_gnn,44,slit_bridge,118,private-source://routeA_experiments/data/final_ood_frozen_v1/slit_bridge/sample_0118.npz,67c9870824a0cf24261c14ee2ee54260350b87c984724da8b7b3239ef5f4f8f2,0.0018336186185479164,0.07134658085621826,0.6556507755630324,0.765938401222229,0.35165321826934814,0.667163172364235
mesh_gnn,44,slit_bridge,119,private-source://routeA_experiments/data/final_ood_frozen_v1/slit_bridge/sample_0119.npz,3cd3c867da52bc984e6b469d03b48c1d502d3c379c3a09320042c00db34b1f2f,0.0017855474725365639,0.07109114972472196,0.7158743284489699,0.7963167428970337,0.3416846990585327,0.6703172773122785
mesh_gnn,44,slit_bridge,120,private-source://routeA_experiments/data/final_ood_frozen_v1/slit_bridge/sample_0120.npz,321a3cdc9661e8fd1679cfceed9f566fa138dcdcf45b5bb5a1d8fce6ede740f1,0.0018329974263906479,0.06916372763147248,0.7980007813041136,0.8552599549293518,0.2739868238568306,0.6153251662850365
mesh_gnn,44,slit_bridge,121,private-source://routeA_experiments/data/final_ood_frozen_v1/slit_bridge/sample_0121.npz,947ac005aaaab451b701b3285288d12286101f1936826903031becc4a8c82912,0.0018494343385100365,0.07359087203516945,0.6933729465594662,0.7182473242282867,0.2982914261519909,0.5800355881452559
mesh_gnn,44,slit_bridge,122,private-source://routeA_experiments/data/final_ood_frozen_v1/slit_bridge/sample_0122.npz,f86df5b1facc0d81f78a07017d7a1169d59fc90ab287dd52fa7ef79d790e2e91,0.0017100907862186432,0.048179567622670026,0.32175575013605723,0.354305624961853,0.1927541345357895,0.2813834518194198
mesh_gnn,44,slit_bridge,123,private-source://routeA_experiments/data/final_ood_frozen_v1/slit_bridge/sample_0123.npz,dd8d213055c704fdaab30fa56f42a33f2b17cda2608934ee3c8395f1fa3ac372,0.0018504085019230843,0.08683889652952208,0.9624982245577187,0.9591638594865799,0.3666936345398426,0.7790795501321554
mesh_gnn,44,slit_bridge,124,private-source://routeA_experiments/data/final_ood_frozen_v1/slit_bridge/sample_0124.npz,989ca5a6639d386f9ba2fbbe4929a51151c1d1f58f0b02af5979a213ce187952,0.0017773248255252838,0.06773263635114352,0.8516359745842503,0.8580817133188248,0.2898070774972439,0.61904109865427
mesh_gnn,44,slit_bridge,125,private-source://routeA_experiments/data/final_ood_frozen_v1/slit_bridge/sample_0125.npz,a70aa7c2b0ab69e05a1bdac27c118b00080fd91ce4b14294cf3d802c7d9815c3,0.0016583576798439026,0.03328245506432983,0.2622249679869547,0.3339017927646637,0.12395277619361877,0.2481184184551239
mesh_gnn,44,slit_bridge,126,private-source://routeA_experiments/data/final_ood_frozen_v1/slit_bridge/sample_0126.npz,093585a00e910cd41c9a8b1050dbde9900de283da5c8bcf64b0e6657b12ce6c0,0.001750619150698185,0.08180587851444367,0.6494218793243125,0.7588594406843185,0.38561049848794937,0.6537540048360819
mesh_gnn,44,slit_bridge,127,private-source://routeA_experiments/data/final_ood_frozen_v1/slit_bridge/sample_0127.npz,fbaeeb14ed4064772eccd6ad5d7ce8b30fd2cd571f89be44730cad2f429acd53,0.0017892122268676758,0.03756707367830971,0.2934336055576884,0.40033286809921265,0.18127819150686264,0.27429798841476416
mesh_gnn,44,slit_bridge,128,private-source://routeA_experiments/data/final_ood_frozen_v1/slit_bridge/sample_0128.npz,f8dcb1ad9a029b0aaa0eb4226be5e9fb26f98253b2ac2ee759238972e2b35793,0.0018584653735160828,0.061515797735431005,0.4940768883151514,0.5516472160816193,0.2905176728963852,0.44236063361167877
mesh_gnn,44,slit_bridge,129,private-source://routeA_experiments/data/final_ood_frozen_v1/slit_bridge/sample_0129.npz,4fde72568a862f65ab802425b157856bd372d3c84dff9690b725526c7c4caa72,0.0014867568388581276,0.05963792763674037,0.41748156931431263,0.3985237777233124,0.24529428593814373,0.33075578212738
mesh_gnn,44,slit_bridge,130,private-source://routeA_experiments/data/final_ood_frozen_v1/slit_bridge/sample_0130.npz,c5fc37a33ccfde0c5c1bc91a423ff22369761aa4a2358c6bf448d552f93ebe9f,0.0017766375094652176,0.035177694860770325,0.23252150255315893,0.34635359048843384,0.13605345413088799,0.23262079060077648
mesh_gnn,44,slit_bridge,131,private-source://routeA_experiments/data/final_ood_frozen_v1/slit_bridge/sample_0131.npz,816e62f42925e1228f1925aa9a64af845857cc8af393bef8edcc95e0b32ae811,0.001704128459095955,0.05451644321487413,0.3987524428356688,0.46878111362457275,0.19284114241600037,0.3941763050854206
mesh_gnn,44,slit_bridge,132,private-source://routeA_experiments/data/final_ood_frozen_v1/slit_bridge/sample_0132.npz,0fe2c82d437426e3d5e3a8a69a3eaf8444f65273028a83b43642500191be1de2,0.0015009120106697083,0.06910716976577722,0.7736285489917901,0.8098954409360886,0.3002818077802658,0.6704506173729896
mesh_gnn,44,slit_bridge,133,private-source://routeA_experiments/data/final_ood_frozen_v1/slit_bridge/sample_0133.npz,158533d38705bbe83ad1aff888d4d281d11c259abc75e687100337a1169b6b79,0.0017388518899679184,0.04543220840960228,0.3007332486247975,0.4425569176673889,0.1572919636964798,0.2972022742032993
mesh_gnn,44,slit_bridge,134,private-source://routeA_experiments/data/final_ood_frozen_v1/slit_bridge/sample_0134.npz,809d1f61ff74bd28a60a9ee3e93980572061abc432bf497071f850cf295e5a22,0.0016839578747749329,0.07924903095999299,0.6892956511957806,0.7486563920974731,0.3554922789335251,0.6351772427558897
mesh_gnn,44,slit_bridge,135,private-source://routeA_experiments/data/final_ood_frozen_v1/slit_bridge/sample_0135.npz,49a6d2f84ef15ae562f31d7f8186dcf515a22bd150120c9ef7592236bc4da560,0.0019896673038601875,0.06688701900742053,0.6487207884261875,0.6181656122207642,0.3061501085758209,0.47002505511045456
mesh_gnn,44,slit_bridge,136,private-source://routeA_experiments/data/final_ood_frozen_v1/slit_bridge/sample_0136.npz,0aaf02ec1906882bedac48878d8b32168a7bb9aa28e664600efcf7880eeb0a09,0.0018463144078850746,0.029276729898214594,0.18633727363197639,0.34280288219451904,0.1080922782421112,0.2129382610321044
mesh_gnn,44,slit_bridge,137,private-source://routeA_experiments/data/final_ood_frozen_v1/slit_bridge/sample_0137.npz,3060120b449129fec3dadb659d3c9a7989d9e4319138bf42de3acdc3ba915c02,0.0018410850316286087,0.04899387168594784,0.40541970102419733,0.5630948543548584,0.19843809306621552,0.39331817626953114
mesh_gnn,44,slit_bridge,138,private-source://routeA_experiments/data/final_ood_frozen_v1/slit_bridge/sample_0138.npz,6ed13d9162ca3514a314258b8d24016c2bc8875b25b0b38c5cdfa938f2a1eee2,0.0018801502883434296,0.0770278177707283,0.7998335989289276,0.8380344808101654,0.32511590514332056,0.6348694339394565
mesh_gnn,44,slit_bridge,139,private-source://routeA_experiments/data/final_ood_frozen_v1/slit_bridge/sample_0139.npz,658f1ca5a3c9c31ef1d3034e1fa4b0a5769e9c38a410ad1b72996a2aa8abf1a0,0.0019118553027510643,0.050027051081680346,0.43408997958487333,0.5769631862640381,0.25320833921432495,0.45536247193813273
mesh_gnn,44,slit_bridge,140,private-source://routeA_experiments/data/final_ood_frozen_v1/slit_bridge/sample_0140.npz,4cb2e3c95ee8b50b37549ea056e6b5e6349cac539e85f6c167d54902061606d1,0.0018680505454540253,0.07499627531858252,0.6475708378671369,0.7165054082870483,0.30966492742300034,0.5680202141404149
mesh_gnn,44,slit_bridge,141,private-source://routeA_experiments/data/final_ood_frozen_v1/slit_bridge/sample_0141.npz,72511c727388df3bf5af40ee47932e5d0ea12cec9268d07a95eff4200660e42e,0.0018684640526771545,0.06915450722794823,0.6402321783759034,0.7366990149021149,0.3518964648246765,0.5771737486124028
mesh_gnn,44,slit_bridge,142,private-source://routeA_experiments/data/final_ood_frozen_v1/slit_bridge/sample_0142.npz,306a40af48edd29b46f137a9e1015dba90eef9f89a216e9034ab8c4e810088cb,0.001958148553967476,0.07104140807813886,0.8073287543773368,0.8964640647172928,0.3337094262242317,0.6729348376393297
mesh_gnn,44,slit_bridge,143,private-source://routeA_experiments/data/final_ood_frozen_v1/slit_bridge/sample_0143.npz,9143fda697b9d0ca554a018b16f7dcedf9ce17f64344f4de043fd7612877a3d2,0.001790883019566536,0.07233930770633783,0.8236352449257496,0.8610380291938782,0.3093234710395336,0.6937600165605543
mesh_gnn,44,slit_bridge,144,private-source://routeA_experiments/data/final_ood_frozen_v1/slit_bridge/sample_0144.npz,cede0fd6d7f85a69aeaae09213236482ad3047e9130d14dd79693b9e243f783b,0.0018612444400787354,0.07931096254114776,0.8351051546712647,0.836078092455864,0.36178769171237946,0.7432740092277524
mesh_gnn,44,slit_bridge,145,private-source://routeA_experiments/data/final_ood_frozen_v1/slit_bridge/sample_0145.npz,2d9fdb82c8a7275b63a15c4d95ab584a0842ebd21fd6762928d68475fe8cc330,0.001918264664709568,0.08377903704428674,0.7425751685999233,0.8400253355503082,0.43865711987018585,0.7356161132454863
mesh_gnn,44,slit_bridge,146,private-source://routeA_experiments/data/final_ood_frozen_v1/slit_bridge/sample_0146.npz,207f5f551061e628bde8bc221dd64138c07612d4245a97390961be3ea5e16611,0.001934289000928402,0.05067049415153156,0.41588709298728554,0.5828060805797577,0.21745508909225464,0.4309262663125989
mesh_gnn,44,slit_bridge,147,private-source://routeA_experiments/data/final_ood_frozen_v1/slit_bridge/sample_0147.npz,82d0e49e8401c09f0e3e6a3547b29f4d5a1dedbc6b0f06beea92cbeb4866ea11,0.001890544779598713,0.07409384200252092,0.7621926940997219,0.7861238569021225,0.32996567618101835,0.6330781400203704
mesh_gnn,44,slit_bridge,148,private-source://routeA_experiments/data/final_ood_frozen_v1/slit_bridge/sample_0148.npz,e38da3693d172092572c7f2754a94e44ef94b0502f3919d896ce0c2fbe38e009,0.0018437085673213005,0.07185381854118125,0.641348946617632,0.7695236355066299,0.3209138661623001,0.6149845406413076
mesh_gnn,44,slit_bridge,149,private-source://routeA_experiments/data/final_ood_frozen_v1/slit_bridge/sample_0149.npz,afc272ad1c582032ceafc263f98a9500852bcc9f113906a40f63ad64c40aee4c,0.0020906738936901093,0.06615947029320282,1.0963374241078097,0.9837860390543938,0.21627796813845634,0.7592711418867104
mesh_gnn,44,slit_bridge,150,private-source://routeA_experiments/data/final_ood_frozen_v1/slit_bridge/sample_0150.npz,3d18460af3363948da3a01a3d1b31a48effc40aa616a1b5dd39689622a7ec45c,0.0018538543954491615,0.04177319076180351,0.24836196918093653,0.3137286901473999,0.14363255351781845,0.22288740873336788
mesh_gnn,44,slit_bridge,151,private-source://routeA_experiments/data/final_ood_frozen_v1/slit_bridge/sample_0151.npz,d5753da7388ebb54f9cf2699537d139086e01002d7a59190bb63986a17939a32,0.0017886282876133919,0.04768180992975426,0.46257439322031,0.6863119006156921,0.23296146094799042,0.5259694486856459
mesh_gnn,44,slit_bridge,152,private-source://routeA_experiments/data/final_ood_frozen_v1/slit_bridge/sample_0152.npz,9695aa6ea858785b103e16fd61c266f988f64686cfbdc88b2899662da023ea05,0.0018604733049869537,0.06003082842028599,0.5662785030709416,0.6349132657051086,0.28087547421455383,0.47837394773960007
mesh_gnn,44,slit_bridge,153,private-source://routeA_experiments/data/final_ood_frozen_v1/slit_bridge/sample_0153.npz,60ac6a052ff2a92b7086357b74a96c31e33d7255ddf407c4f70bc5fe58806b60,0.0018116263672709465,0.06007185463605026,0.9919480517869269,0.9188063442707062,0.19731678999960423,0.6902342528104771
mesh_gnn,44,slit_bridge,154,private-source://routeA_experiments/data/final_ood_frozen_v1/slit_bridge/sample_0154.npz,02efeff9d6ba6e84c68ab742c168c4ca40609c73d6f82146e8a2f5b10a657897,0.0018642758950591087,0.07145887607947315,1.257502812941006,0.9706881791353226,0.2547359922536998,0.5988622117787594
mesh_gnn,44,slit_bridge,155,private-source://routeA_experiments/data/final_ood_frozen_v1/slit_bridge/sample_0155.npz,ea8bfa01563270f5d6e2ec9dbe473f05772c2e4989b937a57ae2104227258fed,0.0019242800772190094,0.04377573950411149,0.30937830848661396,0.4383585453033447,0.18205982446670532,0.3020329475402827
mesh_gnn,44,slit_bridge,156,private-source://routeA_experiments/data/final_ood_frozen_v1/slit_bridge/sample_0156.npz,5005fb0814bda784608be7da52a32e34a6544ba7bd358a95694b62e213f8f2c2,0.0017164014279842377,0.06896859387998593,0.6189899253938598,0.712708130478859,0.3100098669528961,0.5884258568286892
mesh_gnn,44,slit_bridge,157,private-source://routeA_experiments/data/final_ood_frozen_v1/slit_bridge/sample_0157.npz,ac48ebb841e2622ef6bc4ba966dad1b3b604f8d724d29e6f2fab1b6641ee1921,0.0019001215696334839,0.0830029333914657,0.7980339483321529,0.8569567278027534,0.43615875393152237,0.7293686337769031
mesh_gnn,44,slit_bridge,158,private-source://routeA_experiments/data/final_ood_frozen_v1/slit_bridge/sample_0158.npz,2f49624ea36882b03b9786cab30360722cade76c056bea230f9c9ba4ac764c8b,0.0018956316635012627,0.04277503598972071,0.27326026917673907,0.3999406695365906,0.18484751880168915,0.28613112568855276
mesh_gnn,44,slit_bridge,159,private-source://routeA_experiments/data/final_ood_frozen_v1/slit_bridge/sample_0159.npz,d0b13a51187a418d7efe2e93a19604a3d01c818ea9736b5aa09b4607fad5fa55,0.001961778849363327,0.03947878934228191,0.3342634094603126,0.4373505115509033,0.16828788816928864,0.36295878291130057
mesh_gnn,44,slit_bridge,160,private-source://routeA_experiments/data/final_ood_frozen_v1/slit_bridge/sample_0160.npz,622f4d8070ecdd9d0a824ce72f84fecc0c78f83011ff11259ebc6bb846de281e,0.0018010633066296577,0.050365048657422036,0.3554242948363095,0.3868744373321533,0.19825583510100842,0.3184086740016937
mesh_gnn,44,slit_bridge,161,private-source://routeA_experiments/data/final_ood_frozen_v1/slit_bridge/sample_0161.npz,178f02f0e3b5995f2619dd6bf52ad3a7508f806bd4e13ba9ceeb9a36f1649f16,0.001975981518626213,0.07341558273692346,0.7682198119831333,0.8008411824703217,0.2938586249947548,0.5404251635074615
mesh_gnn,44,slit_bridge,162,private-source://routeA_experiments/data/final_ood_frozen_v1/slit_bridge/sample_0162.npz,7dac1f84d357180521999872dd329573241cb8c42feeb442891197f01199c66b,0.0020136339589953423,0.06470649625538258,0.9627979645381401,0.9186168536543846,0.19575704878661782,0.7152423605322837
mesh_gnn,44,slit_bridge,163,private-source://routeA_experiments/data/final_ood_frozen_v1/slit_bridge/sample_0163.npz,b7a7aa86a9bdc19977f06da4caff68d49a340edbf4f1a1c1187591366b6636d2,0.0018395539373159409,0.07867812890977073,0.6868780340208734,0.7384669631719589,0.4128193035721779,0.6599354028701779
mesh_gnn,44,slit_bridge,164,private-source://routeA_experiments/data/final_ood_frozen_v1/slit_bridge/sample_0164.npz,779949d863880f5d16a879e81f20fad07ea4f966fba7da8ee22f0adaa6fc32af,0.0020053060725331306,0.0764248622724422,0.565251382469565,0.5255502164363861,0.3109179139137268,0.4460891008377075
mesh_gnn,44,slit_bridge,165,private-source://routeA_experiments/data/final_ood_frozen_v1/slit_bridge/sample_0165.npz,dc423b6d998084bf0149349c297bb1babad5e99fb236b7c05dfa975cb5183082,0.001723606139421463,0.0575154404061738,0.5078263930178287,0.714466392993927,0.30104607343673706,0.5609490066766731
mesh_gnn,44,slit_bridge,166,private-source://routeA_experiments/data/final_ood_frozen_v1/slit_bridge/sample_0166.npz,351a161f32941f870662dc54b1d5ae59e25dc38cb8501ca4493dd08e6d42d64a,0.00189899280667305,0.07807395448335558,0.6841841856121839,0.6959468722343445,0.3346880916506052,0.5902192652225492
mesh_gnn,44,slit_bridge,167,private-source://routeA_experiments/data/final_ood_frozen_v1/slit_bridge/sample_0167.npz,aa66574c4716561ec10258da0ac13914768f1d14f665ebf1ec534f148bd0abd7,0.0018971888348460197,0.053610026470988954,0.4868251629065237,0.5666123330593109,0.2341242227703333,0.5022505700588223
mesh_gnn,44,slit_bridge,168,private-source://routeA_experiments/data/final_ood_frozen_v1/slit_bridge/sample_0168.npz,b0b356c11f56258bb6f3db09bd66c6dcd1bcd41614b20e67f8e907402ec13485,0.0020111501216888428,0.07073242646198324,0.5824201077218987,0.5997616648674011,0.29292491637170315,0.46213330030441274
mesh_gnn,44,slit_bridge,169,private-source://routeA_experiments/data/final_ood_frozen_v1/slit_bridge/sample_0169.npz,a469b2c4e556282ed62e13e26cd27398331a9ba05d88ee1913966198103238d6,0.0018503451719880104,0.08247605321496931,0.7391754820359009,0.8106420636177063,0.3480975702404976,0.6270398214459412
mesh_gnn,44,slit_bridge,170,private-source://routeA_experiments/data/final_ood_frozen_v1/slit_bridge/sample_0170.npz,36fbd3c3d23a1204142c49ecd37ef44c2ba54ac4467ddb41d832464267e85212,0.001954173669219017,0.07803900487252027,0.7408698534674011,0.7544936239719391,0.34554675593972206,0.5710609026253223
mesh_gnn,44,slit_bridge,171,private-source://routeA_experiments/data/final_ood_frozen_v1/slit_bridge/sample_0171.npz,d535ac50a902c9794c7c816a49047dfd9c3f701564b69ce35cc24a4b731afa97,0.001909184269607067,0.07317973844411924,1.093206620077817,0.9728157818317413,0.2581047546118498,0.7550973579287524
mesh_gnn,44,slit_bridge,172,private-source://routeA_experiments/data/final_ood_frozen_v1/slit_bridge/sample_0172.npz,4e4eeb0f4d4f14aa76bc67064de00f38d35024c2470cfc77d2414c6da16f99f2,0.002035491168498993,0.04499709779488716,0.2787823030070643,0.3445442318916321,0.16641845926642418,0.24243817925453173
mesh_gnn,44,slit_bridge,173,private-source://routeA_experiments/data/final_ood_frozen_v1/slit_bridge/sample_0173.npz,4c3d97c818e4c1aaa20fd773230ef107c1e90a4328ebbfb020186474b8b391e2,0.0019932258874177933,0.07366089133865629,0.65403537214903,0.7286980301141739,0.32137229293584824,0.5946858912706369
mesh_gnn,44,slit_bridge,174,private-source://routeA_experiments/data/final_ood_frozen_v1/slit_bridge/sample_0174.npz,c764cef11e9744e2347bf095a3ad20fd9c9a40516623d0e6687f000cea70736b,0.002016928978264332,0.07091375475107288,0.7114918964241986,0.7817072570323944,0.2921260669827461,0.6104228913784024
mesh_gnn,44,slit_bridge,175,private-source://routeA_experiments/data/final_ood_frozen_v1/slit_bridge/sample_0175.npz,22afae3ce0b327b65855609e847dcf168cbfa0c3da01d0e00d7ff822a2f93dab,0.0017812009900808334,0.04969889283203431,0.3063508108104749,0.5248602330684662,0.157290224917233,0.3365469604730604
mesh_gnn,44,slit_bridge,176,private-source://routeA_experiments/data/final_ood_frozen_v1/slit_bridge/sample_0176.npz,3615c8f32a0156e435a991da99bea493288394630d64ca1402e46469b4ae4561,0.001963936723768711,0.05995264467865549,0.4249577782597353,0.6018316745758057,0.2580257058143616,0.42343888580799016
mesh_gnn,44,slit_bridge,177,private-source://routeA_experiments/data/final_ood_frozen_v1/slit_bridge/sample_0177.npz,bde9b0878d1f9163cd3460df65d8fbaa6d012659d97271692cd52839664004d8,0.0019812295213341713,0.053089894081636196,0.43564096602229047,0.4755314588546753,0.22659637033939362,0.392293107509613
mesh_gnn,44,slit_bridge,178,private-source://routeA_experiments/data/final_ood_frozen_v1/slit_bridge/sample_0178.npz,dffe6643c77429e0e5ed595fcd8553b626ac374c0226c86babb86bb23700de20,0.0016926368698477745,0.051434723942947014,0.44188181246991126,0.5793984234333038,0.2846021056175232,0.48452022075653056
mesh_gnn,44,slit_bridge,179,private-source://routeA_experiments/data/final_ood_frozen_v1/slit_bridge/sample_0179.npz,fca36c52c6cfb0110fbe78721de423d99487a00561b0c6b6b9f826917f42aede,0.0018895845860242844,0.0411097627929453,0.24947308687501957,0.38430243730545044,0.15364563092589378,0.24091712832450857
mesh_gnn,44,slit_bridge,180,private-source://routeA_experiments/data/final_ood_frozen_v1/slit_bridge/sample_0180.npz,6f19672ce01e21e2c280e4be06a3e54680e018ff4c226cbe757f44ebad3e1910,0.0019080499187111855,0.0398299210226549,0.24931599649600786,0.3983197510242462,0.14555194973945618,0.3006526365876194
mesh_gnn,44,slit_bridge,181,private-source://routeA_experiments/data/final_ood_frozen_v1/slit_bridge/sample_0181.npz,ec877344fcdbfdbdaddf529e85e3cc5c3aab339963def6c7349014d86c8140d4,0.0019624419510364532,0.06844258016745221,0.5905372014955369,0.6697803884744644,0.29171161260455847,0.5752717196941368
mesh_gnn,44,slit_bridge,182,private-source://routeA_experiments/data/final_ood_frozen_v1/slit_bridge/sample_0182.npz,85955e8644eeb0dcc33c4aed80df2c7439e5bab709258a2875ce1a3a61c5ebfb,0.0018233554437756538,0.04365241392898203,0.33566241602989094,0.3956603407859802,0.20229974389076233,0.3155907571315765
mesh_gnn,44,slit_bridge,183,private-source://routeA_experiments/data/final_ood_frozen_v1/slit_bridge/sample_0183.npz,7db60f93fba5ad9147fed2dc7ad510080993a1ba5cacff680d8f7315ac009961,0.0020737135782837868,0.06496028592393846,0.5163409383553366,0.5206424593925476,0.3121471554040909,0.4297177851200101
mesh_gnn,44,slit_bridge,184,private-source://routeA_experiments/data/final_ood_frozen_v1/slit_bridge/sample_0184.npz,8121820fc993132420a3854bde14b0b1742133b65c0a82ff2248b97133f07f34,0.0019584884867072105,0.06852799675434418,0.6164377433035033,0.712943434715271,0.2699011266231537,0.5026884436607358
mesh_gnn,44,slit_bridge,185,private-source://routeA_experiments/data/final_ood_frozen_v1/slit_bridge/sample_0185.npz,6cddc80ef7290697c6e5ddae659d68aa20dcd10104ab9b2cd5f9708afe9f741d,0.0018796157091856003,0.05809145028165042,0.39204754255975444,0.4792112708091736,0.24319371581077576,0.37278693318367
mesh_gnn,44,slit_bridge,186,private-source://routeA_experiments/data/final_ood_frozen_v1/slit_bridge/sample_0186.npz,325ef30f2da8a65dac78a1b06a65f887f2d9947c96e2faee9e6a8ec03323351a,0.0018010213971138,0.0715519283726935,0.5864938288868592,0.7076803594827652,0.3465745896100998,0.6066395342350006
mesh_gnn,44,slit_bridge,187,private-source://routeA_experiments/data/final_ood_frozen_v1/slit_bridge/sample_0187.npz,119b85212c8b4744bf1d62d7dfe261550cb6d3e5d22f4790dbe62e75609d0922,0.001707686111330986,0.053509535384375875,0.44523559951401304,0.5897299349308014,0.28115060925483704,0.5160383313894267
mesh_gnn,44,slit_bridge,188,private-source://routeA_experiments/data/final_ood_frozen_v1/slit_bridge/sample_0188.npz,dcf9852e45123cccfdad55cec5cd89ffd610e5287252fbe34ba1dd1786992a3e,0.001977818086743355,0.07268007508517714,0.644030300281012,0.6950715184211731,0.4219074845314026,0.6208954334259026
mesh_gnn,44,slit_bridge,189,private-source://routeA_experiments/data/final_ood_frozen_v1/slit_bridge/sample_0189.npz,286c7744959bebf561fcf60d6510f810deadc11b4f49e589e2e9473d32de82f7,0.0019121123477816582,0.050156543828260555,0.4308936588362451,0.5034598708152771,0.20861293375492096,0.3804365277290343
mesh_gnn,44,slit_bridge,190,private-source://routeA_experiments/data/final_ood_frozen_v1/slit_bridge/sample_0190.npz,fe702ecba390c3dc04a9733afe0b132a016fcf5c4eaffcad11aaea841c4e382e,0.002112140879034996,0.06998981191059492,0.7086127201687789,0.7528686374425888,0.29295182786881924,0.639734627306461
mesh_gnn,44,slit_bridge,191,private-source://routeA_experiments/data/final_ood_frozen_v1/slit_bridge/sample_0191.npz,cc046fa8afaf7d479712359b932e246ff1ee8e9d4f1365bd79dc2f10196be05c,0.0019225236028432846,0.08168886950500659,0.7706876244772348,0.7990940511226654,0.3225981369614601,0.6347674012184142
mesh_gnn,44,slit_bridge,192,private-source://routeA_experiments/data/final_ood_frozen_v1/slit_bridge/sample_0192.npz,12a887fa1b92770140bbc308300406b9f45be794a2802dc5d4318f9f90964304,0.00191399734467268,0.0805060636134527,0.6388349650918504,0.7184959352016449,0.3231209353543818,0.6301663279533386
mesh_gnn,44,slit_bridge,193,private-source://routeA_experiments/data/final_ood_frozen_v1/slit_bridge/sample_0193.npz,ea535161153d10af3f779e6ce92ab576cb6f01bb2b84270e675cb8a7ca3bff3d,0.0020602336153388023,0.030288472677323694,0.21981497773678707,0.3524869680404663,0.12468358874320984,0.2520988732576367
mesh_gnn,44,slit_bridge,194,private-source://routeA_experiments/data/final_ood_frozen_v1/slit_bridge/sample_0194.npz,8488a62661fcd5432a193ca5c2bdaf1492f33731b7131ad3e367f5731ec70c37,0.0014154370874166489,0.07914695830010242,0.8094768734074548,0.8762113600969315,0.3902265280485153,0.7707840830087661
mesh_gnn,44,slit_bridge,195,private-source://routeA_experiments/data/final_ood_frozen_v1/slit_bridge/sample_0195.npz,7e1d374879fa5f6a96ebc3990a10958313440dc33a9ef060976f12e925232108,0.0019644610583782196,0.04312631637441831,0.301507480022826,0.48492109775543213,0.17165614664554596,0.31921588480472535
mesh_gnn,44,slit_bridge,196,private-source://routeA_experiments/data/final_ood_frozen_v1/slit_bridge/sample_0196.npz,d4848a4e772e741b625e10aec676527f984e3943b470a872754331769f8b94bb,0.0018167998641729355,0.06773376416836942,0.6917392022837957,0.7990025281906128,0.2935933843255043,0.5901950836181635
mesh_gnn,44,slit_bridge,197,private-source://routeA_experiments/data/final_ood_frozen_v1/slit_bridge/sample_0197.npz,2b37447cf0d376d2e2021ecf8d29a5d17437f6bb153943e0f306b31930209b3e,0.0020049167796969414,0.07420822578199797,0.6892457970214563,0.8274195194244385,0.43723247945308685,0.7085973963141439
mesh_gnn,44,slit_bridge,198,private-source://routeA_experiments/data/final_ood_frozen_v1/slit_bridge/sample_0198.npz,8030be12303215e83fab9a6e2360c32b7958cadc693426ae4437ff9ce9a38d91,0.0020253192633390427,0.055586538345872724,0.48099806435380066,0.6065790057182312,0.272537536919117,0.5238394767045974
mesh_gnn,44,slit_bridge,199,private-source://routeA_experiments/data/final_ood_frozen_v1/slit_bridge/sample_0199.npz,cc6a52511cc16e98c96e4753d529c21a8e0ccbe95013bc0584ae491523d2bb83,0.0018199654296040535,0.047640252961318505,0.42917100934141666,0.5708200037479401,0.19347180426120758,0.48169882893562316
mesh_gnn,44,three_hole_asymmetric,0,private-source://routeA_experiments/data/final_ood_frozen_v1/three_hole_asymmetric/sample_0000.npz,76239d9d4cae31805b23350941f6924762ca8e0eb2de53f5e0014a3050004492,0.0017789201810956001,0.06031721195171993,0.5942993998152938,0.664183646440506,0.2665523999603465,0.504328718781471
mesh_gnn,44,three_hole_asymmetric,1,private-source://routeA_experiments/data/final_ood_frozen_v1/three_hole_asymmetric/sample_0001.npz,c8138e48b2b5450756ab6ea06ad8018a0f03fd49507fdf70f7602513883c6d79,0.0017463332042098045,0.0572901788381384,0.8962255313000006,0.9223540723323822,0.24627768667414784,0.6277143228799098
mesh_gnn,44,three_hole_asymmetric,2,private-source://routeA_experiments/data/final_ood_frozen_v1/three_hole_asymmetric/sample_0002.npz,8415d3f4052cfa250de2e615b5f135c4cbc51665e9780ba0c740b7bc68b0b8d0,0.001788928173482418,0.06586811575762927,0.7824545144030116,0.7183310687541962,0.2973294034600258,0.6276866301894183
mesh_gnn,44,three_hole_asymmetric,3,private-source://routeA_experiments/data/final_ood_frozen_v1/three_hole_asymmetric/sample_0003.npz,126883ed7a18270534e81fc020b354d6a09b3d0b37130be0a213f6e3fe3611cf,0.0015421956777572632,0.08364530417746761,0.8099622398103153,0.8734641820192337,0.383818794041872,0.6745291426777835
mesh_gnn,44,three_hole_asymmetric,4,private-source://routeA_experiments/data/final_ood_frozen_v1/three_hole_asymmetric/sample_0004.npz,73fddad29aef7a16eeabb39f9b70e218861d55037c0d2745430816f9076f8b8f,0.001752587966620922,0.059685052998988124,0.8149511508400105,0.8405962884426117,0.2191975590903894,0.5481674302369354
mesh_gnn,44,three_hole_asymmetric,5,private-source://routeA_experiments/data/final_ood_frozen_v1/three_hole_asymmetric/sample_0005.npz,0cce2a32a88505f1a40318561d466c31de7f2eb63e0449cf3df2f644c64a0108,0.0015453528612852097,0.06547279069496147,0.7704861498329997,0.811694011092186,0.33723776787519455,0.674981479346752
mesh_gnn,44,three_hole_asymmetric,6,private-source://routeA_experiments/data/final_ood_frozen_v1/three_hole_asymmetric/sample_0006.npz,05b9798f8cd5b5b832e909e747bb49397a06d4bc8291718bcb52ee39573eb619,0.001737135462462902,0.07949867221408123,0.9535865586793794,0.95039863884449,0.31546601210720837,0.7631407082080831
mesh_gnn,44,three_hole_asymmetric,7,private-source://routeA_experiments/data/final_ood_frozen_v1/three_hole_asymmetric/sample_0007.npz,6ba61082fc82270f3f31ed8952fcbbd145b31d5361d264f2bd66a5366e0bc340,0.0017593437805771828,0.058291583756725364,0.680242598030026,0.6837722361087799,0.24382401630282402,0.5383452452719204
mesh_gnn,44,three_hole_asymmetric,8,private-source://routeA_experiments/data/final_ood_frozen_v1/three_hole_asymmetric/sample_0008.npz,853331caeb1b23865ccb78c9a2f431c6c5268c039e4b02388b3e7b2950cb9a7f,0.0017078323289752007,0.07463947633349657,0.8400331199425719,0.862724244594574,0.3547056093811989,0.7470226190984248
mesh_gnn,44,three_hole_asymmetric,9,private-source://routeA_experiments/data/final_ood_frozen_v1/three_hole_asymmetric/sample_0009.npz,9970adef6a8aee3680702738f4b4535ec99d53fd695e57178ef1d947c3890f8c,0.0016812551766633987,0.05943234132662741,0.6498053207230515,0.6882712244987488,0.253060907125473,0.5637509077787398
mesh_gnn,44,three_hole_asymmetric,10,private-source://routeA_experiments/data/final_ood_frozen_v1/three_hole_asymmetric/sample_0010.npz,ca5bef464b218ce33227b66ed886a6d671ca7ebab5b66b551b37435087ee4d86,0.00136627908796072,0.06399500778815558,0.759365101528618,0.78336600959301,0.3025859072804451,0.6692394092679022
mesh_gnn,44,three_hole_asymmetric,11,private-source://routeA_experiments/data/final_ood_frozen_v1/three_hole_asymmetric/sample_0011.npz,ed6e65591f32cddee3a621d0a802c4d3ce1e222eac7e0ad7a6d66916367e9015,0.001817626878619194,0.06411601340804207,0.8378992974981244,0.7925366312265396,0.24086526749306358,0.6464266665279859
mesh_gnn,44,three_hole_asymmetric,12,private-source://routeA_experiments/data/final_ood_frozen_v1/three_hole_asymmetric/sample_0012.npz,81ff39c1f360e63cd187c00763f0e47af4b7b964b23c0036bbcc2118bcfa7335,0.0015462134033441544,0.06658982083440668,0.7501811045350933,0.7584998607635498,0.2730812318623066,0.6511969991028301
mesh_gnn,44,three_hole_asymmetric,13,private-source://routeA_experiments/data/final_ood_frozen_v1/three_hole_asymmetric/sample_0013.npz,7b336e409d0b1be61aa8152652f7727a997afad669670d5dbedef898f8385d62,0.0015719113871455193,0.05593038373818903,0.7407354337265143,0.7740295231342316,0.23756111413240433,0.5951327450573423
mesh_gnn,44,three_hole_asymmetric,14,private-source://routeA_experiments/data/final_ood_frozen_v1/three_hole_asymmetric/sample_0014.npz,14b2727426b78377e48754867160238048d5c11e6a60c8244c17e2f5d349c674,0.00143381766974926,0.05662324250551864,0.6275405752426372,0.6906275749206543,0.22786835838633124,0.47390727549791334
mesh_gnn,44,three_hole_asymmetric,15,private-source://routeA_experiments/data/final_ood_frozen_v1/three_hole_asymmetric/sample_0015.npz,f1f557f0e4338c64350ec1c2218ae556b5ee258eeeb85ed87e15e06d69e7949f,0.0017366139218211174,0.06498709005090321,0.9145386724735853,0.9069847762584686,0.27292773965746164,0.6455910444259642
mesh_gnn,44,three_hole_asymmetric,16,private-source://routeA_experiments/data/final_ood_frozen_v1/three_hole_asymmetric/sample_0016.npz,e72396fee8a43a2b8ddefe735291ca8705c65690b680b4a18f84ae974e873213,0.0018426347523927689,0.07251720950815725,0.897373218843195,0.9350935518741608,0.3100574128329754,0.6599826343357553
mesh_gnn,44,three_hole_asymmetric,17,private-source://routeA_experiments/data/final_ood_frozen_v1/three_hole_asymmetric/sample_0017.npz,e985edd4b5fd67f0812b23ba168c67faea3aeed38dc497bd3554f7bd6760ce23,0.0013639070093631744,0.06609342164232401,0.8052544796661157,0.7796744108200073,0.25778044387698174,0.582615956664085
mesh_gnn,44,three_hole_asymmetric,18,private-source://routeA_experiments/data/final_ood_frozen_v1/three_hole_asymmetric/sample_0018.npz,822a1ae4756152a1ca58caa1ec6d5f81a08654b749358283fdc1e93ee4e96c05,0.0017705997452139854,0.0640408250327842,0.5888862586273352,0.6088535785675049,0.2851772606372833,0.5281035691499705
mesh_gnn,44,three_hole_asymmetric,19,private-source://routeA_experiments/data/final_ood_frozen_v1/three_hole_asymmetric/sample_0019.npz,930b0ac62993246d762ab2fade330a6323a28dfa631309dcd025ccc1955464d2,0.0018336381763219833,0.06780928976457763,0.8360915647755855,0.8087301105260849,0.34668753296136856,0.6393442898988724
mesh_gnn,44,three_hole_asymmetric,20,private-source://routeA_experiments/data/final_ood_frozen_v1/three_hole_asymmetric/sample_0020.npz,ebe95ab8adce4e5f03a8c032f3f82d5b37362c40745ec8db423913bbcdbc36cc,0.001679527573287487,0.059057291164589784,0.8083327013475053,0.8519963920116425,0.22615606896579266,0.5919184595346445
mesh_gnn,44,three_hole_asymmetric,21,private-source://routeA_experiments/data/final_ood_frozen_v1/three_hole_asymmetric/sample_0021.npz,54558d7be0dcfa75da26d4b23bc274c3c188b6521dea1d6a7af66329fa9f8251,0.001860269345343113,0.06709987879273632,0.6474012668395177,0.7021844834089279,0.327606413513422,0.6019431181251992
mesh_gnn,44,three_hole_asymmetric,22,private-source://routeA_experiments/data/final_ood_frozen_v1/three_hole_asymmetric/sample_0022.npz,6bdc3c8942ace2076e15642c82251ef4fb1abdcb025262d5cbf4bf8159949c89,0.0015504779294133186,0.05353468984600264,0.7406776936583331,0.7954338192939758,0.2047155573964119,0.6183421984314916
mesh_gnn,44,three_hole_asymmetric,23,private-source://routeA_experiments/data/final_ood_frozen_v1/three_hole_asymmetric/sample_0023.npz,fb7b07378547ca5def525e00c556fd80770b515ccf896b8db2c472e26a09e5de,0.0013591637834906578,0.05186116187877107,0.978534035445287,0.8935695737600327,0.18269772520761762,0.5309938643127663
mesh_gnn,44,three_hole_asymmetric,24,private-source://routeA_experiments/data/final_ood_frozen_v1/three_hole_asymmetric/sample_0024.npz,2db1bdfbff80836e6a8d01f12b7e3e3ccb933bc7fa29a6c580e28e0a5d564196,0.0015396634116768837,0.06568449490556222,0.7205350870744223,0.8137632757425308,0.3436555564403534,0.6965649887919422
mesh_gnn,44,three_hole_asymmetric,25,private-source://routeA_experiments/data/final_ood_frozen_v1/three_hole_asymmetric/sample_0025.npz,d3dd37382fca909602f329cf5ca0868fdf4906bc68d239b517c7b63904d4d71e,0.0018322169780731201,0.072382411727302,0.8172838315597455,0.944718986749649,0.3043518364429474,0.7662992767989631
mesh_gnn,44,three_hole_asymmetric,26,private-source://routeA_experiments/data/final_ood_frozen_v1/three_hole_asymmetric/sample_0026.npz,ab2b827142dff4076d7ccc83b71215ae118cd4367f57c2e1f1a596a261244546,0.0017857849597930908,0.07107767765960561,0.7455679516612238,0.8429087549448013,0.31253891496453434,0.7059976950287817
mesh_gnn,44,three_hole_asymmetric,27,private-source://routeA_experiments/data/final_ood_frozen_v1/three_hole_asymmetric/sample_0027.npz,502e0384dcc52c88b8d7686ef96396b3cb52f6aaceef7f024eb2b099d1a4007a,0.0013528130948543549,0.06096717819880966,1.069155881851776,0.9780560433864594,0.18851886221091263,0.7596807971596704
mesh_gnn,44,three_hole_asymmetric,28,private-source://routeA_experiments/data/final_ood_frozen_v1/three_hole_asymmetric/sample_0028.npz,9350fce83bcaffdab0c4c8e8d9620ad9255df6368a78acb778f31f6d4d74c766,0.0015355143696069717,0.06606464905221343,0.9403461702572166,0.920704185962677,0.2953548766672611,0.6818815559148788
mesh_gnn,44,three_hole_asymmetric,29,private-source://routeA_experiments/data/final_ood_frozen_v1/three_hole_asymmetric/sample_0029.npz,f5870c4d60ab26a07f238eaa0997f6136bebb56604eb5c97e4b9a2fda2f9dc4e,0.0013529304414987564,0.06139727028119356,0.4546369389642785,0.4821797013282776,0.2846811830822844,0.38143400893895857
mesh_gnn,44,three_hole_asymmetric,30,private-source://routeA_experiments/data/final_ood_frozen_v1/three_hole_asymmetric/sample_0030.npz,6fd7dea4e1eb48c71994c0c450b08928f5ea2504ed659d879044b9b6c1644f3b,0.0015468662604689598,0.05004487855833581,0.8680398297052302,0.8764428645372391,0.19199257803848013,0.6234630741178989
mesh_gnn,44,three_hole_asymmetric,31,private-source://routeA_experiments/data/final_ood_frozen_v1/three_hole_asymmetric/sample_0031.npz,4ba2ed02c426f61c1986b2240ee86afd7314ebbbe8b539e56f9600ba0cbbc1d6,0.0018263086676597595,0.06253588959636479,0.8369098554905425,0.8469352871179581,0.26102388836443424,0.6236101791262626
mesh_gnn,44,three_hole_asymmetric,32,private-source://routeA_experiments/data/final_ood_frozen_v1/three_hole_asymmetric/sample_0032.npz,19561acd47d971095affbf1d7482c2543969e7efe2e017cce9662594c2409591,0.0015392769128084183,0.06383283452991655,0.7918708219695233,0.7767364084720612,0.2668027912732214,0.5602402940392485
mesh_gnn,44,three_hole_asymmetric,33,private-source://routeA_experiments/data/final_ood_frozen_v1/three_hole_asymmetric/sample_0033.npz,299a816b59d1641a415a05ef717681b17573aad62ca3c0dc9711e90793f0d5b1,0.0013942420482635498,0.076757926751223,0.9612205794345194,0.9130494445562363,0.3292496129870415,0.7205462962388974
mesh_gnn,44,three_hole_asymmetric,34,private-source://routeA_experiments/data/final_ood_frozen_v1/three_hole_asymmetric/sample_0034.npz,d9c1345372b974ce89c979d52478ef6d491162f017535e9466a777f808423d7d,0.0017331233248114586,0.06035262802645518,0.6700760853487111,0.7297743856906891,0.2616386376321316,0.5261183574795723
mesh_gnn,44,three_hole_asymmetric,35,private-source://routeA_experiments/data/final_ood_frozen_v1/three_hole_asymmetric/sample_0035.npz,bbc5468f3342befdbe4e2f23d133af48d348c7ec0465af4103305de397fa0309,0.0016331467777490616,0.058991861746271565,0.6612924848770253,0.7044065296649933,0.31223471462726593,0.5906091377139085
mesh_gnn,44,three_hole_asymmetric,36,private-source://routeA_experiments/data/final_ood_frozen_v1/three_hole_asymmetric/sample_0036.npz,f42f3b5b47bedfb758af7282d3853313d2f8cd91228aa5ad8456fe5f4ab773e7,0.001545327715575695,0.07122865312294312,0.6641435703392367,0.7811147719621658,0.3694174103438854,0.7021974109113215
mesh_gnn,44,three_hole_asymmetric,37,private-source://routeA_experiments/data/final_ood_frozen_v1/three_hole_asymmetric/sample_0037.npz,70b02216f9922d40a0913ae98c1656101a148ee3d0036600db73f132e9e21930,0.0018352922052145004,0.06866939414016038,0.7910554828545404,0.8455188870429993,0.3172593452036381,0.6929712541401385
mesh_gnn,44,three_hole_asymmetric,38,private-source://routeA_experiments/data/final_ood_frozen_v1/three_hole_asymmetric/sample_0038.npz,fa7d466e58601cc7ae42f28b80b74fe105c87c60ec45af33a67b9404e69917f3,0.0015307851135730743,0.06387444522901511,0.6470288657828611,0.6956419944763184,0.3409071190399118,0.6004066169261929
mesh_gnn,44,three_hole_asymmetric,39,private-source://routeA_experiments/data/final_ood_frozen_v1/three_hole_asymmetric/sample_0039.npz,6729ed9a2fcaa8077240d781da78727ef103709fb74147547087f09e654d3eeb,0.001536855474114418,0.058443435110668504,0.649473674556868,0.7175090909004211,0.28609708324074745,0.5431602790951727
mesh_gnn,44,three_hole_asymmetric,40,private-source://routeA_experiments/data/final_ood_frozen_v1/three_hole_asymmetric/sample_0040.npz,4dc1b2b4a3bf9267ac51874c458885168a31fd1142276944c4d12ad9b44e5100,0.0016672350466251373,0.07379864074483794,0.9230273661385435,0.8250344693660736,0.3182344586966792,0.7454822767525909
mesh_gnn,44,three_hole_asymmetric,41,private-source://routeA_experiments/data/final_ood_frozen_v1/three_hole_asymmetric/sample_0041.npz,1b3c5a766f7f80111c7c5b2d1e785760caa4ac76416598c810f62f378e2dbb64,0.0015448443591594696,0.08308538933218297,0.9919432337423381,0.8973310738801956,0.3795349757419899,0.7261614620685576
mesh_gnn,44,three_hole_asymmetric,42,private-source://routeA_experiments/data/final_ood_frozen_v1/three_hole_asymmetric/sample_0042.npz,71baba454d946efdf1ed77d43d057be7b5cb937b31204d3f9a34e5b759e1f944,0.0017180992290377617,0.05663429267762673,0.5607190874302107,0.6212300062179565,0.2790963426232338,0.4973029956221579
mesh_gnn,44,three_hole_asymmetric,43,private-source://routeA_experiments/data/final_ood_frozen_v1/three_hole_asymmetric/sample_0043.npz,2ede2163e09a9b392d4845b6523de16898b67b651acecab632146f022bcfc1f4,0.0015317220240831375,0.06006881803221964,0.6513589782322041,0.6744416058063507,0.23736347816884518,0.514649626612663
mesh_gnn,44,three_hole_asymmetric,44,private-source://routeA_experiments/data/final_ood_frozen_v1/three_hole_asymmetric/sample_0044.npz,752790623dc514ac3a960bd67bd0cc3d73c861a4598060b92da04b2669e579d1,0.0013594264164566994,0.06649585049967209,1.056450987834083,0.9757667854428291,0.2530518148560077,0.6533879523165523
mesh_gnn,44,three_hole_asymmetric,45,private-source://routeA_experiments/data/final_ood_frozen_v1/three_hole_asymmetric/sample_0045.npz,f93c887a4af2aa5861e233d5e8c99ba90ed0d24be1f48007e736b60f2d82baa0,0.001532144844532013,0.050703093349856225,0.8203443814929343,0.850253626704216,0.20183490216732025,0.563861211389303
mesh_gnn,44,three_hole_asymmetric,46,private-source://routeA_experiments/data/final_ood_frozen_v1/three_hole_asymmetric/sample_0046.npz,7d5d9a6e64d8ae8a1e9c7319dfb573f33de06eedee213c902c4b6812faa42d0f,0.0017281314358115196,0.07564332539465687,1.0283705359400859,0.9319517612457275,0.22861079266294837,0.7251166552305214
mesh_gnn,44,three_hole_asymmetric,47,private-source://routeA_experiments/data/final_ood_frozen_v1/three_hole_asymmetric/sample_0047.npz,95e07fc5463827a0ac7d058d0e1aeb9765b781fcc9901e3615d3cde6d0c42f72,0.0015390869230031967,0.06648880720218217,0.5897601373487202,0.6004971861839294,0.3080480694770813,0.49528674036264414
mesh_gnn,44,three_hole_asymmetric,48,private-source://routeA_experiments/data/final_ood_frozen_v1/three_hole_asymmetric/sample_0048.npz,741a820e5ca03d114c8d4ed90e51db19c9ac4733b4f826ec2ddcc36cdcac9b62,0.0018221177160739899,0.0595715014418881,0.5092597557618053,0.6582661122083664,0.27187885344028473,0.4427143052220342
mesh_gnn,44,three_hole_asymmetric,49,private-source://routeA_experiments/data/final_ood_frozen_v1/three_hole_asymmetric/sample_0049.npz,9317a9055bfd4093fea4ae0bf2d7e1d3d9c8669629d159a06ce9f1c11ad7714e,0.0015486562624573708,0.060962741636464764,0.7850681483961033,0.7626334875822067,0.2453913614153862,0.6221514649689195
mesh_gnn,44,three_hole_asymmetric,50,private-source://routeA_experiments/data/final_ood_frozen_v1/three_hole_asymmetric/sample_0050.npz,88a36cb1ba6df1b25c02998dd5f645924a13a886bbdfd8571e6f74a10d39880a,0.0016681449487805367,0.06425426455771159,0.8575490801057453,0.9188927859067917,0.2157868593931198,0.7154482193291184
mesh_gnn,44,three_hole_asymmetric,51,private-source://routeA_experiments/data/final_ood_frozen_v1/three_hole_asymmetric/sample_0051.npz,4d85c5da827c71859348f936a1bae9663c3aa6086f7d0a08035af48235a64ac0,0.0014944737777113914,0.058522365989764735,0.8519412804282407,0.8892544507980347,0.20848087665217463,0.6782717421650881
mesh_gnn,44,three_hole_asymmetric,52,private-source://routeA_experiments/data/final_ood_frozen_v1/three_hole_asymmetric/sample_0052.npz,89347f4a5c2576ca481b684f9f7a77f38b7ae53c4ffdc77eeb307666b58e7af9,0.0018303468823432922,0.06591661523137284,0.8350377843904825,0.8645506948232651,0.29674625024199486,0.6871883787214745
mesh_gnn,44,three_hole_asymmetric,53,private-source://routeA_experiments/data/final_ood_frozen_v1/three_hole_asymmetric/sample_0053.npz,68b58c6932346fa5b469420b06037edb861502f1184f5455c6a69240285d7df0,0.001730145886540413,0.057682231185315666,0.6477534599585795,0.6720145791769028,0.26668266765773296,0.5500409632921218
mesh_gnn,44,three_hole_asymmetric,54,private-source://routeA_experiments/data/final_ood_frozen_v1/three_hole_asymmetric/sample_0054.npz,8a3d74a7607b5928b4762b9ca74c6b9275b177ed92746be0574f4816d05444cd,0.0018720980733633041,0.05833010712923761,0.7030914710893723,0.7037680149078369,0.2229635028525081,0.5698964133858673
mesh_gnn,44,three_hole_asymmetric,55,private-source://routeA_experiments/data/final_ood_frozen_v1/three_hole_asymmetric/sample_0055.npz,35e8e631f17a95d6289143b7bc8633f62ae4fcbfedd60929228f07fdfb4340db,0.0013630259782075882,0.06436063218737412,0.9025372970672632,0.8904438763856888,0.25849102437496185,0.6927430897951126
mesh_gnn,44,three_hole_asymmetric,56,private-source://routeA_experiments/data/final_ood_frozen_v1/three_hole_asymmetric/sample_0056.npz,445a3665a73f0ceaa2ced3d30b7da490d69d77b0d8a04d8eeb849db3eed04dd1,0.0015350906178355217,0.050454488888769335,0.6674835942322425,0.7716272473335266,0.18819523346610367,0.5567284148186444
mesh_gnn,44,three_hole_asymmetric,57,private-source://routeA_experiments/data/final_ood_frozen_v1/three_hole_asymmetric/sample_0057.npz,e6cd4f4e82b85801bd6e1f55cd798f136d06cef8b5699b3b132aae856fc4f8c6,0.0013529052957892418,0.07141202064987562,0.7730392174530318,0.8279041051864624,0.3274620585143566,0.7014725059270842
mesh_gnn,44,three_hole_asymmetric,58,private-source://routeA_experiments/data/final_ood_frozen_v1/three_hole_asymmetric/sample_0058.npz,cd8c02f16d5cb5b76ccf7d1ec24d90c99eadd3a3beb517f14abd993c4185db88,0.001680595800280571,0.06136744680170462,0.5729034262855726,0.6257937550544739,0.2592707196599804,0.47173591703176465
mesh_gnn,44,three_hole_asymmetric,59,private-source://routeA_experiments/data/final_ood_frozen_v1/three_hole_asymmetric/sample_0059.npz,8b2f19de3b7d84f2e94fee0e2534974e7bb4e568d67f3a1c9928750c5d681d54,0.0013604722917079926,0.058131326543941875,0.4476951475821307,0.43035298585891724,0.2218138352036476,0.36318435966968526
mesh_gnn,44,three_hole_asymmetric,60,private-source://routeA_experiments/data/final_ood_frozen_v1/three_hole_asymmetric/sample_0060.npz,9a762eaafc0ad4943d42da4f1c2f1324b21b6ee9e3faaf6bd0e21961c2c74f37,0.0017325393855571747,0.06685305394043294,0.798052947367358,0.8102214634418488,0.26466433296445757,0.6295056723058217
mesh_gnn,44,three_hole_asymmetric,61,private-source://routeA_experiments/data/final_ood_frozen_v1/three_hole_asymmetric/sample_0061.npz,f363192d56ff237222c6af805a0435cdace76f73899372ae7a684b627192c2cf,0.0018138205632567406,0.052818284908207065,0.6859712922870296,0.8061951100826263,0.26008266769349575,0.6303026027977463
mesh_gnn,44,three_hole_asymmetric,62,private-source://routeA_experiments/data/final_ood_frozen_v1/three_hole_asymmetric/sample_0062.npz,2f26a4605d7e2c878f5be76227c29d3c349d949c85a3fd078ad080cee6cfff90,0.0015991050750017166,0.0646307491538586,0.7329479846964464,0.7925980389118195,0.3163529820740223,0.6448288135230523
mesh_gnn,44,three_hole_asymmetric,63,private-source://routeA_experiments/data/final_ood_frozen_v1/three_hole_asymmetric/sample_0063.npz,17c7bdafaf1ee584c9e013fbb7431229a839fea3282cdae21417ce64c07803f3,0.0016732728108763695,0.06143253047325858,0.6315244035160109,0.6884444355964661,0.24702037870883942,0.5592688396573066
mesh_gnn,44,three_hole_asymmetric,64,private-source://routeA_experiments/data/final_ood_frozen_v1/three_hole_asymmetric/sample_0064.npz,793cbf94a8f0ee09dd55e7baf6508b26cc685f59f0c6758686e2412286c50e95,0.0017258450388908386,0.06326800600903039,0.5856176915949091,0.680204451084137,0.3171386532485485,0.568070878088473
mesh_gnn,44,three_hole_asymmetric,65,private-source://routeA_experiments/data/final_ood_frozen_v1/three_hole_asymmetric/sample_0065.npz,1a010370114984ac96012fd00665935431ad026ab4d7339462e9ede18dcde1d9,0.0017222585156559944,0.0636814438693005,0.804460749954181,0.8782387971878052,0.2690186496110982,0.5798747882246971
mesh_gnn,44,three_hole_asymmetric,66,private-source://routeA_experiments/data/final_ood_frozen_v1/three_hole_asymmetric/sample_0066.npz,b4fb5ef8fe25b228082cf73d25bf64834fc6a386885f1003e912cc5461f36d56,0.0015302132815122604,0.07069616399279831,0.9097560568482135,0.8999336063861847,0.3038218728033826,0.7269428655505178
mesh_gnn,44,three_hole_asymmetric,67,private-source://routeA_experiments/data/final_ood_frozen_v1/three_hole_asymmetric/sample_0067.npz,9966203f8926dbc05a509af06ae061895e57e0716bd5f4d7fbf1f94ef0a45954,0.0015468252822756767,0.06046897529507248,0.7465611288894439,0.7242627739906311,0.2688720002770424,0.5455245412886137
mesh_gnn,44,three_hole_asymmetric,68,private-source://routeA_experiments/data/final_ood_frozen_v1/three_hole_asymmetric/sample_0068.npz,3441c1ef60f7fd85c99941996ff1e1187f19859561c6ad1e959ad510a070dfcb,0.0013555381447076797,0.07592894143847595,0.9083644464541283,0.8958663791418076,0.3375588282942772,0.7532102212309834
mesh_gnn,44,three_hole_asymmetric,69,private-source://routeA_experiments/data/final_ood_frozen_v1/three_hole_asymmetric/sample_0069.npz,957b4c4b2aca791503277fca2b6d349af9cb542bc497b1dfb5a2641ef5e16b1e,0.0015438832342624664,0.08152141567069622,0.8901034251046737,0.9591677039861679,0.35296602733433247,0.7392594791948794
mesh_gnn,44,three_hole_asymmetric,70,private-source://routeA_experiments/data/final_ood_frozen_v1/three_hole_asymmetric/sample_0070.npz,bf042f87f987b456925f37ee22c985a855b18b686770e5b97a394d3c0c2acbe6,0.0014211367815732956,0.06846784328721281,0.8379243581761252,0.7990424036979675,0.3432938273108448,0.6394324764609335
mesh_gnn,44,three_hole_asymmetric,71,private-source://routeA_experiments/data/final_ood_frozen_v1/three_hole_asymmetric/sample_0071.npz,d8ecc3806b2dd2950185d128052672533a7ecff47ea474de8708ce8b3e391105,0.0015416406095027924,0.04905569560324297,0.7765497883751401,0.8223154544830322,0.17979252338409424,0.5492756187915786
mesh_gnn,44,three_hole_asymmetric,72,private-source://routeA_experiments/data/final_ood_frozen_v1/three_hole_asymmetric/sample_0072.npz,6fb1d638377a02897f21ad9678d3a93e1ed734ef1ade5a6f69a1c16b0d92646b,0.0018064724281430244,0.056343642519465095,0.8994319855321312,0.9135147631168365,0.2250813376158476,0.672409415990114
mesh_gnn,44,three_hole_asymmetric,73,private-source://routeA_experiments/data/final_ood_frozen_v1/three_hole_asymmetric/sample_0073.npz,aa1f55a954bf5a5a2a0fc55c80c60d0c6c3bcfed40697329e85d1f1150b3beb1,0.0017959503456950188,0.06459193193909098,0.8118185337198285,0.8167592585086823,0.23803943023085594,0.6194924645125862
mesh_gnn,44,three_hole_asymmetric,74,private-source://routeA_experiments/data/final_ood_frozen_v1/three_hole_asymmetric/sample_0074.npz,7efa7bbcf05970d90ea88b07b297960e2591bdf9454367d39202dd0eea0baf1c,0.0017233919352293015,0.05438617410694547,0.8636131832544234,0.8944410383701324,0.22082580758433323,0.7021080356091259
mesh_gnn,44,three_hole_asymmetric,75,private-source://routeA_experiments/data/final_ood_frozen_v1/three_hole_asymmetric/sample_0075.npz,797d1d48df61dcc794ea9c42bd7cbe3fb5904ac3207e4c22d07fd98d6cba6889,0.0013540973886847496,0.07679478991803913,0.7707918372802584,0.8146997392177582,0.32291661389172077,0.6616117008030408
mesh_gnn,44,three_hole_asymmetric,76,private-source://routeA_experiments/data/final_ood_frozen_v1/three_hole_asymmetric/sample_0076.npz,ed8628f781c6e4e0f944c54b129e12897361e0950bc2b545bb2c4111835b1aa3,0.0014658570289611816,0.06465310596340167,0.8908808451473518,0.8234225809574127,0.26652631163597107,0.5970546878874299
mesh_gnn,44,three_hole_asymmetric,77,private-source://routeA_experiments/data/final_ood_frozen_v1/three_hole_asymmetric/sample_0077.npz,e1e3d0aa07a5e03fbc7d7cd2e5822d6d019cc78a74b2a133771301fca0c23ab6,0.0015504807233810425,0.06848481486052736,0.6645289965917142,0.8283526375889778,0.2948357630521059,0.686152008920907
mesh_gnn,44,three_hole_asymmetric,78,private-source://routeA_experiments/data/final_ood_frozen_v1/three_hole_asymmetric/sample_0078.npz,b8c9c9f9a9d7c2106857e098ccf52a7ed33b76dda547cbe28fa76263b27cde39,0.00172401312738657,0.07087109488639742,0.7861813102429017,0.7791738212108612,0.34232040122151375,0.5943923283368341
mesh_gnn,44,three_hole_asymmetric,79,private-source://routeA_experiments/data/final_ood_frozen_v1/three_hole_asymmetric/sample_0079.npz,6600329ca06c105c508bd49db109ca5aa0861398ccd222389fac3dd5f02b058c,0.0015499508008360863,0.06204183840501144,0.9123909010773752,0.7844676524400711,0.21351724152918905,0.6098039418458933
mesh_gnn,44,three_hole_asymmetric,80,private-source://routeA_experiments/data/final_ood_frozen_v1/three_hole_asymmetric/sample_0080.npz,ffbc158abeb51a4eb3928201634706c040d340dabbe33426cdc7b7127fe13543,0.0016454672440886497,0.05966914730102455,0.7276569689053732,0.6344103515148163,0.276153389364481,0.5125786371529097
mesh_gnn,44,three_hole_asymmetric,81,private-source://routeA_experiments/data/final_ood_frozen_v1/three_hole_asymmetric/sample_0081.npz,a87e60b7c7797fddf37237be730cdc9809205a80b44cb6b2262de1a6d7645693,0.0013514002785086632,0.06220293338450742,0.8780760665882538,0.9349545240402222,0.2788778208196163,0.6808424428105344
mesh_gnn,44,three_hole_asymmetric,82,private-source://routeA_experiments/data/final_ood_frozen_v1/three_hole_asymmetric/sample_0082.npz,067daeb253b7553c2df8a4b49429eea3aa5169264dc4c11e08a931320e7ddff4,0.0017444631084799767,0.05424596946644626,0.6667499558718911,0.7182379066944122,0.2595507735386491,0.5603510335087775
mesh_gnn,44,three_hole_asymmetric,83,private-source://routeA_experiments/data/final_ood_frozen_v1/three_hole_asymmetric/sample_0083.npz,f1d60eebc050728f5777b4668048e76d34dee796f6835ce90e1158999fa44fd4,0.0017663603648543358,0.06476344246576848,0.8715547609020922,0.8729575723409653,0.2575749605894089,0.6857670351862896
mesh_gnn,44,three_hole_asymmetric,84,private-source://routeA_experiments/data/final_ood_frozen_v1/three_hole_asymmetric/sample_0084.npz,412d7cf0b8e7473beabae2d73d6f51672f2e2290c5eb4f6594fefd3da8d64992,0.0017276424914598465,0.0676604126595714,0.7641152240882129,0.7701554000377655,0.340795062482357,0.6781418308615681
mesh_gnn,44,three_hole_asymmetric,85,private-source://routeA_experiments/data/final_ood_frozen_v1/three_hole_asymmetric/sample_0085.npz,254ac982dfb840962b732a7f58d26007ad7175788b3d22740ac1a0de93037713,0.001689285971224308,0.06120543112682582,0.6330163031602093,0.6188953518867493,0.32590512186288834,0.5167868398129939
mesh_gnn,44,three_hole_asymmetric,86,private-source://routeA_experiments/data/final_ood_frozen_v1/three_hole_asymmetric/sample_0086.npz,c521fb24ed492b9981db7f659459473625677c7b0d7e4c9095384fc6551b4657,0.0017388183623552322,0.0630937107320315,1.0580401503836145,0.9111310541629791,0.2036710404790938,0.632487599551675
mesh_gnn,44,three_hole_asymmetric,87,private-source://routeA_experiments/data/final_ood_frozen_v1/three_hole_asymmetric/sample_0087.npz,7946973bee1306c79f4c36bb2e32fb4b5c210f4c5eee0944367ba30e9fdd9e31,0.0015467219054698944,0.05841492877550485,0.7117668456282039,0.863781213760376,0.19081162731163204,0.5540001809597014
mesh_gnn,44,three_hole_asymmetric,88,private-source://routeA_experiments/data/final_ood_frozen_v1/three_hole_asymmetric/sample_0088.npz,11f5514ff6bbacbe263aded7875193bf5aad8a00011357f6c74f2f464c5b23a1,0.0018164152279496193,0.0573171179690964,0.49294121302420835,0.4530588984489441,0.24130689352750778,0.3560631752014159
mesh_gnn,44,three_hole_asymmetric,89,private-source://routeA_experiments/data/final_ood_frozen_v1/three_hole_asymmetric/sample_0089.npz,a61b51e0b645bb67e96064efeeb018bd2d7b048c8350145b4efca94cd3cced4a,0.0018771914765238762,0.06626329804395074,0.6894697297913815,0.8300866037607193,0.3282124176621437,0.6891646318137644
mesh_gnn,44,three_hole_asymmetric,90,private-source://routeA_experiments/data/final_ood_frozen_v1/three_hole_asymmetric/sample_0090.npz,f238f1b73bfe633977814f4ee8efd7678f1da09cdadc96667ab86b42fd9c84b8,0.0018377341330051422,0.07779104174737697,0.9644076434931868,0.8925129771232605,0.3354542030574521,0.7070578418672083
mesh_gnn,44,three_hole_asymmetric,91,private-source://routeA_experiments/data/final_ood_frozen_v1/three_hole_asymmetric/sample_0091.npz,908dee8055af09e682db2290282512110ad8b8134b5a3c698b0b1e27d1298733,0.0018235361203551292,0.053909670844826535,0.6016153661466697,0.6400874853134155,0.26843658834695816,0.5526502639055252
mesh_gnn,44,three_hole_asymmetric,92,private-source://routeA_experiments/data/final_ood_frozen_v1/three_hole_asymmetric/sample_0092.npz,235f3d7bb93d6ff69897dc532f9c0175c97fc98f43fc1a6c18061f36b3b6c3ef,0.0014572283253073692,0.07348703378488455,0.6987413370697426,0.7600573003292084,0.35940004140138626,0.5969862267374988
mesh_gnn,44,three_hole_asymmetric,93,private-source://routeA_experiments/data/final_ood_frozen_v1/three_hole_asymmetric/sample_0093.npz,a7d0da11a92287a27a4a6c11ca702f3f2f17ff721a0f0279d690f8abf94252be,0.0018422110006213188,0.05524840431582242,0.7056316448067175,0.7905822545289993,0.2642446830868721,0.6235822238028029
mesh_gnn,44,three_hole_asymmetric,94,private-source://routeA_experiments/data/final_ood_frozen_v1/three_hole_asymmetric/sample_0094.npz,d0aa584876f99691aeeb8026d5ead955e7cc17621019a851ef37a13edaf58971,0.0014428924769163132,0.06507758557319111,0.7676291237032445,0.8230891525745392,0.30475394800305367,0.6350443847477429
mesh_gnn,44,three_hole_asymmetric,95,private-source://routeA_experiments/data/final_ood_frozen_v1/three_hole_asymmetric/sample_0095.npz,d203d6745345a12b29597ac2d26caea89ab17bb23083688666fb462296530e05,0.001977335661649704,0.059091543460530756,0.6836403357338251,0.7113242447376251,0.22715680301189423,0.6002172350883472
mesh_gnn,44,three_hole_asymmetric,96,private-source://routeA_experiments/data/final_ood_frozen_v1/three_hole_asymmetric/sample_0096.npz,78f0808d535501b8d16b5386431081df41fe126d96ffeb5bfc34b71693bd5714,0.0014183847233653069,0.06340746013024157,0.872513773717186,0.8732074052095413,0.25843801349401474,0.6355474747717379
mesh_gnn,44,three_hole_asymmetric,97,private-source://routeA_experiments/data/final_ood_frozen_v1/three_hole_asymmetric/sample_0097.npz,a19b074a2ef168ce2028edf5abd4394ddadac3e42eb7badae29852dcd87b8c01,0.0017825402319431305,0.06772899728501784,0.8751611740924473,0.9383182674646378,0.33442938327789307,0.7879819504916663
mesh_gnn,44,three_hole_asymmetric,98,private-source://routeA_experiments/data/final_ood_frozen_v1/three_hole_asymmetric/sample_0098.npz,e628a052cb301d1ccddc36abc3e756605d05d755311cc580cb8638d0283e8a28,0.0014278814196586609,0.07139611879007272,0.8869137549677931,0.8951848037540913,0.29124984284862876,0.667773251980543
mesh_gnn,44,three_hole_asymmetric,99,private-source://routeA_experiments/data/final_ood_frozen_v1/three_hole_asymmetric/sample_0099.npz,c4c58ccc92851ab150fbcfb7929b45da22b8f4be00f48239dbac5a4033fb8247,0.001885020174086094,0.0598276482780408,0.7887221549098653,0.8656607270240784,0.257674977183342,0.7097497373819345
mesh_gnn,44,three_hole_asymmetric,100,private-source://routeA_experiments/data/final_ood_frozen_v1/three_hole_asymmetric/sample_0100.npz,7735aa807c0bade0596ab7163387935e7d8a6420ea91ac0b71468f037f55c595,0.001424306072294712,0.05436457986545057,0.4658594883630915,0.47880586981773376,0.23901814222335815,0.37532877624034866
mesh_gnn,44,three_hole_asymmetric,101,private-source://routeA_experiments/data/final_ood_frozen_v1/three_hole_asymmetric/sample_0101.npz,50903f9da861e8e4b8d2ee84d0c4eea498c76f1b91f5cc6b26cca7661f51f13b,0.0017729178071022034,0.07360357173691177,0.9159864277726045,0.8695711493492126,0.297395046800375,0.673402170091867
mesh_gnn,44,three_hole_asymmetric,102,private-source://routeA_experiments/data/final_ood_frozen_v1/three_hole_asymmetric/sample_0102.npz,393185e3a3667ce8030757bd68d94410eee1772700c16b445a0af74c993e2d3e,0.0014113066717982292,0.0659562785140171,0.9464166548234517,0.9169293567538261,0.22147585474886,0.6954639106988905
mesh_gnn,44,three_hole_asymmetric,103,private-source://routeA_experiments/data/final_ood_frozen_v1/three_hole_asymmetric/sample_0103.npz,d8e3e01787f23ef6a1dabb9edf23da79e0637aeb7fd538143355fccbedc02bc1,0.0019073477014899254,0.06957855800651774,0.5675433212637264,0.5544645190238953,0.29017048981040716,0.45769710764288896
mesh_gnn,44,three_hole_asymmetric,104,private-source://routeA_experiments/data/final_ood_frozen_v1/three_hole_asymmetric/sample_0104.npz,d6cc18e29b7582dec1b5602f9fa8218e7d40d0e0ed08552c1d6acc779fc36a17,0.0014259777963161469,0.05745192915496009,0.9178643652608863,0.9210334718227386,0.23046569246798754,0.7935308273881666
mesh_gnn,44,three_hole_asymmetric,105,private-source://routeA_experiments/data/final_ood_frozen_v1/three_hole_asymmetric/sample_0105.npz,35bd0c998f7436861f71be50f8aba64a3461c822cf292b3e6694660f55a3b0f1,0.0017749536782503128,0.05876352993659282,0.5398428438033419,0.6998467445373535,0.26673705875873566,0.5371915027499189
mesh_gnn,44,three_hole_asymmetric,106,private-source://routeA_experiments/data/final_ood_frozen_v1/three_hole_asymmetric/sample_0106.npz,6888edd52db8cf29388af634eedf7f9be35793c07c18644b7f86f8a441acc780,0.0014258716255426407,0.054317234414377656,0.5846422371452527,0.6386038362979889,0.24746390245854855,0.4761004582047462
mesh_gnn,44,three_hole_asymmetric,107,private-source://routeA_experiments/data/final_ood_frozen_v1/three_hole_asymmetric/sample_0107.npz,40b2ef1f23b501bfde64a13fe7258035909f0d78e1d54eb6e1443c804305ecf4,0.0018340973183512688,0.06380741044343169,1.1262289948433981,0.9689501896500587,0.20688113395590335,0.5623673844151189
mesh_gnn,44,three_hole_asymmetric,108,private-source://routeA_experiments/data/final_ood_frozen_v1/three_hole_asymmetric/sample_0108.npz,79b8dfa34c2b35a10fea27f09a0f9f798b0367fc5192ed59d1361f1b53799bdd,0.001428903080523014,0.07768221068674018,0.966512926988971,0.8936602920293808,0.3729363921447657,0.6328884847462175
mesh_gnn,44,three_hole_asymmetric,109,private-source://routeA_experiments/data/final_ood_frozen_v1/three_hole_asymmetric/sample_0109.npz,8ce37dd8adb5cefec81dbd0f448aa24fd957fd04fe733656a07aef732c8cc2eb,0.0018551358953118324,0.05143241174723655,0.4840751659063461,0.5379533171653748,0.19419384747743607,0.4038266941905021
mesh_gnn,44,three_hole_asymmetric,110,private-source://routeA_experiments/data/final_ood_frozen_v1/three_hole_asymmetric/sample_0110.npz,4f2615c8cb85f9158644a5c730014c3884dbecc44b41e4c6525efb9d86c8caf8,0.0014173639938235283,0.06700011960884922,0.9175809512124419,0.9039134830236435,0.2642349830130115,0.7697866767644879
mesh_gnn,44,three_hole_asymmetric,111,private-source://routeA_experiments/data/final_ood_frozen_v1/three_hole_asymmetric/sample_0111.npz,0935578871a0f3a49acfc526c2f37c216dd91c68bd2a8bfb1b536326e94f5a44,0.001528443768620491,0.05608446796370071,0.978575998481303,0.9061158820986748,0.19030729782753042,0.5301278017461297
mesh_gnn,44,three_hole_asymmetric,112,private-source://routeA_experiments/data/final_ood_frozen_v1/three_hole_asymmetric/sample_0112.npz,75f3066ea740d92e454646a086e63a485bf69922e759ad6ffeae0e0cb87dfaa8,0.0014140540733933449,0.07454052100587484,0.8485066476783159,0.9154504239559174,0.2862366810441017,0.723486428707837
mesh_gnn,44,three_hole_asymmetric,113,private-source://routeA_experiments/data/final_ood_frozen_v1/three_hole_asymmetric/sample_0113.npz,e697a839e7548feb3a5b14360c3973b92e38a87052d3b7365b32a7cd0a753191,0.0017696302384138107,0.05973118549215703,0.5920814057985615,0.6363232433795929,0.28610076755285263,0.5037399545311925
mesh_gnn,44,three_hole_asymmetric,114,private-source://routeA_experiments/data/final_ood_frozen_v1/three_hole_asymmetric/sample_0114.npz,7afaaf3601e6ed30886241051a0637c969fab4fdc7321968e3389ce030c7486a,0.001850418746471405,0.06280548397697173,0.6095192809924487,0.5991244614124298,0.3195934481918812,0.5191299691796303
mesh_gnn,44,three_hole_asymmetric,115,private-source://routeA_experiments/data/final_ood_frozen_v1/three_hole_asymmetric/sample_0115.npz,c61c1f6680ef22cfbb61c3b59a74537ff91a7a97eefe05a24d1215c5eff14175,0.001429242081940174,0.07000958302249784,0.87309893994839,0.8746614456176758,0.3199673956260085,0.6831461273133753
mesh_gnn,44,three_hole_asymmetric,116,private-source://routeA_experiments/data/final_ood_frozen_v1/three_hole_asymmetric/sample_0116.npz,9630b36b29d980654e8e8af10a050b5b22f9036bbc0eaf53ddfff402e0574e30,0.0018596109002828598,0.07335977163434296,0.8727149668908638,0.8732190579175949,0.2852686855767388,0.6982914902269839
mesh_gnn,44,three_hole_asymmetric,117,private-source://routeA_experiments/data/final_ood_frozen_v1/three_hole_asymmetric/sample_0117.npz,d3d1cc5eb6165ce5dd1eb46f3b7422b7a91b41002dd8e244fb5807270ef54ae0,0.0015331897884607315,0.05714449452204043,0.9551873420266669,0.8781309425830841,0.23129712662193924,0.5896527480334038
mesh_gnn,44,three_hole_asymmetric,118,private-source://routeA_experiments/data/final_ood_frozen_v1/three_hole_asymmetric/sample_0118.npz,8e2be99501a03f3deba60278c03b5af400416cb985c121c2fa7d7d7827ff8328,0.0017823977395892143,0.05595329936533819,0.7126602035498417,0.8295390605926514,0.2816986069083214,0.6052663050591937
mesh_gnn,44,three_hole_asymmetric,119,private-source://routeA_experiments/data/final_ood_frozen_v1/three_hole_asymmetric/sample_0119.npz,a47277e2b3beb0d89ef7b03bc2d99a8b043b3ba5b66636730dd832240fb5bf67,0.0015427041798830032,0.06891063297106667,0.8344818878616419,0.8840465843677521,0.2872532792389393,0.7151152357459057
mesh_gnn,44,three_hole_asymmetric,120,private-source://routeA_experiments/data/final_ood_frozen_v1/three_hole_asymmetric/sample_0120.npz,460897fcccde1db2e8ba9079e66abd4ea55bf6c9fcc14cc7507c17ec7571d07d,0.0015524988994002342,0.04803763637556635,0.6459176922361194,0.7172876298427582,0.25298692658543587,0.5278219208121299
mesh_gnn,44,three_hole_asymmetric,121,private-source://routeA_experiments/data/final_ood_frozen_v1/three_hole_asymmetric/sample_0121.npz,7463cebd5dcf30b0f53bfbcec6ed3cd938cae4ff1c7cb5a51f6b6208a020a4d2,0.0018917908892035484,0.052883594750471274,0.7023411531320297,0.6993414759635925,0.2563081234693527,0.538716858625412
mesh_gnn,44,three_hole_asymmetric,122,private-source://routeA_experiments/data/final_ood_frozen_v1/three_hole_asymmetric/sample_0122.npz,0b1f50e6483c4bd20f2eb7b1a5ad3ca903b7158558b6379b0a1c87cfb444d395,0.0018556537106633186,0.0604867797271999,0.9740873223305754,0.9306444004178047,0.18557989224791527,0.7772260194644325
mesh_gnn,44,three_hole_asymmetric,123,private-source://routeA_experiments/data/final_ood_frozen_v1/three_hole_asymmetric/sample_0123.npz,65e171101675b5cb87eb5555f716856d756743e6d3447dfa2efbde71ac332e67,0.001874355599284172,0.06255222355022197,0.8041117825364076,0.8499311357736588,0.240175801794976,0.6931837074458593
mesh_gnn,44,three_hole_asymmetric,124,private-source://routeA_experiments/data/final_ood_frozen_v1/three_hole_asymmetric/sample_0124.npz,d3c7c52167944c7ed7ee06f79272238419f46b0150fe90a2589d3153747fbf2f,0.0017336886376142502,0.06516020327283185,0.7980983448694499,0.851452112197876,0.2597561925649643,0.6491607233881945
mesh_gnn,44,three_hole_asymmetric,125,private-source://routeA_experiments/data/final_ood_frozen_v1/three_hole_asymmetric/sample_0125.npz,629b8f9d37de5d037c8e33f97e602bf5d06a112e8c988084322626ed3cfa0db4,0.0015468364581465721,0.0813365124326462,0.8753252409866692,0.8324916064739227,0.3491987349552801,0.6950508840382091
mesh_gnn,44,three_hole_asymmetric,126,private-source://routeA_experiments/data/final_ood_frozen_v1/three_hole_asymmetric/sample_0126.npz,d79d0f135637e2841b3453a53add5c4bf624f15ae92f2562acb09afebef0ede1,0.0015628403052687645,0.06441326232081017,0.6861818139267941,0.733018159866333,0.2942456017481163,0.575522331893444
mesh_gnn,44,three_hole_asymmetric,127,private-source://routeA_experiments/data/final_ood_frozen_v1/three_hole_asymmetric/sample_0127.npz,7cee35213e8863690074459c24d7fd282a7630a45f0f4fab56f69cc5187ced3c,0.0018221912905573845,0.06382176651183896,0.678067251892016,0.7333566695451736,0.2568968143314123,0.5641437008976936
mesh_gnn,44,three_hole_asymmetric,128,private-source://routeA_experiments/data/final_ood_frozen_v1/three_hole_asymmetric/sample_0128.npz,66f17e3594dd9beaddc30078e0aea012c36ea89ec3780e24ab5e66ada4aa0aee,0.0016227848827838898,0.05974696107204073,0.4860636612541895,0.4754759669303894,0.2377636916935444,0.3860060036182403
mesh_gnn,44,three_hole_asymmetric,129,private-source://routeA_experiments/data/final_ood_frozen_v1/three_hole_asymmetric/sample_0129.npz,0513a13dc15142aa7035ad92a4d92696cde53f4f938fba0b6258ba43ff994ce4,0.0018834443762898445,0.06577953722326385,0.8557527844102162,0.9524450600147247,0.26089122146368027,0.7367919988930225
mesh_gnn,44,three_hole_asymmetric,130,private-source://routeA_experiments/data/final_ood_frozen_v1/three_hole_asymmetric/sample_0130.npz,0b7e254aff9dacc784e6945d18e32da0372125ff81dc9fb35dcf29f7e12504f6,0.0014105383306741714,0.07969016173950937,0.7438001987676586,0.7921023964881897,0.4223484694957733,0.6440473236143588
mesh_gnn,44,three_hole_asymmetric,131,private-source://routeA_experiments/data/final_ood_frozen_v1/three_hole_asymmetric/sample_0131.npz,b7bf7aa4688f48d7c78174369c23732d337ae6ffd998cf06bb7a4edda3a5063d,0.0017572827637195587,0.058379346846314115,0.6906333461095869,0.7272552847862244,0.27259598895034287,0.5388697080314159
mesh_gnn,44,three_hole_asymmetric,132,private-source://routeA_experiments/data/final_ood_frozen_v1/three_hole_asymmetric/sample_0132.npz,37fe2cf79de29a9b7e04b5fe118372c54173e6f10125f0854cf4d171d4776d59,0.0017463862895965576,0.052510110121930055,0.7912007177274549,0.7404244095087051,0.19975563324987888,0.6109572246670723
mesh_gnn,44,three_hole_asymmetric,133,private-source://routeA_experiments/data/final_ood_frozen_v1/three_hole_asymmetric/sample_0133.npz,3683c8dae119211360b0dbaa1ac9e1693a1728caddc3c1bb3768f981c2091e26,0.0017286911606788635,0.06291181737060436,0.61006901981067,0.7454557865858078,0.3407877907156944,0.5655726119875905
mesh_gnn,44,three_hole_asymmetric,134,private-source://routeA_experiments/data/final_ood_frozen_v1/three_hole_asymmetric/sample_0134.npz,322bc5ec6225e978895e341b9dfdf38fbfa0681b5b329fe286739337905a2e67,0.0015616882592439651,0.06049720373029894,0.8159981293405302,0.8572946935892105,0.27354993717744946,0.6523686952888956
mesh_gnn,44,three_hole_asymmetric,135,private-source://routeA_experiments/data/final_ood_frozen_v1/three_hole_asymmetric/sample_0135.npz,b3bc13b4ad513f7b7c47e8dfedda3871bfe1d969ceb542243518b1f1661a7b7d,0.0014330176636576653,0.06376686899754933,0.8308124300773209,0.7917096316814423,0.2700890079140663,0.6459279216825958
mesh_gnn,44,three_hole_asymmetric,136,private-source://routeA_experiments/data/final_ood_frozen_v1/three_hole_asymmetric/sample_0136.npz,20f73113304cb007ce9ee5b010405b3b08c38b719993477582e1adb17921d82b,0.001539580523967743,0.06069052992049289,0.6368603118321667,0.6823475062847137,0.29120005294680595,0.571970011293888
mesh_gnn,44,three_hole_asymmetric,137,private-source://routeA_experiments/data/final_ood_frozen_v1/three_hole_asymmetric/sample_0137.npz,9c029bad505c34e3cca11e8187bc4fdf7d1417417883641e5c92c0e2b1861711,0.0018313843756914139,0.05721723040256344,0.5849797173506995,0.5560590475797653,0.2285554576665163,0.434777611494064
mesh_gnn,44,three_hole_asymmetric,138,private-source://routeA_experiments/data/final_ood_frozen_v1/three_hole_asymmetric/sample_0138.npz,2a95dd7d60712bbde64ddb2f3b9b174a2da8a71e64f53104448b1fda6898cb87,0.0017643915489315987,0.072135360895182,1.057528447299968,0.9636498987674713,0.23925901143229567,0.6431243102997533
mesh_gnn,44,three_hole_asymmetric,139,private-source://routeA_experiments/data/final_ood_frozen_v1/three_hole_asymmetric/sample_0139.npz,f356651d5f0fbe76d7b23cee9c305931b8e8fe879d3fc560e174e6ff4a4bcbc9,0.0018640561029314995,0.06848582013044147,0.7018393393493344,0.799696683883667,0.3021498564630747,0.647703346610069
mesh_gnn,44,three_hole_asymmetric,140,private-source://routeA_experiments/data/final_ood_frozen_v1/three_hole_asymmetric/sample_0140.npz,c22b26c249410214ce91ba779d94c82c7d58648110a4aac0c4246990ecc43bba,0.0014242306351661682,0.0735331131512771,0.7736673476967635,0.8024300783872604,0.3717959336936474,0.7395473014563321
mesh_gnn,44,three_hole_asymmetric,141,private-source://routeA_experiments/data/final_ood_frozen_v1/three_hole_asymmetric/sample_0141.npz,581b8c08fb25b0697b98b87164ebaafe6cd559b41136643d44f9de35e975d7b9,0.001996430568397045,0.06952049344520517,0.9468797380273087,0.90784652531147,0.28900501504540443,0.7388854794204218
mesh_gnn,44,three_hole_asymmetric,142,private-source://routeA_experiments/data/final_ood_frozen_v1/three_hole_asymmetric/sample_0142.npz,578e8f60d4da9f74071ab8374b88b7be266d5d1e67dec13929a7acf811b163a8,0.0014358507469296455,0.06888076055196406,0.8346450216086878,0.8491938263177872,0.2434338703751564,0.6618621200323105
mesh_gnn,44,three_hole_asymmetric,143,private-source://routeA_experiments/data/final_ood_frozen_v1/three_hole_asymmetric/sample_0143.npz,b6b2551b71fdf3da0d4ca84d9f08c6aa2f3008f1962bd943296cbf9612880efc,0.0015430720522999763,0.06810808277727155,0.9003281352022897,0.8702177703380585,0.2609734278230462,0.7260702334344379
mesh_gnn,44,three_hole_asymmetric,144,private-source://routeA_experiments/data/final_ood_frozen_v1/three_hole_asymmetric/sample_0144.npz,8329648a6f54e17ec6911f4a2a43086a79f241b8ea2247f84b00d977ee02610d,0.001443592831492424,0.06836223040370124,0.9852590743913812,0.9189782440662384,0.22400447482868913,0.7137486673891531
mesh_gnn,44,three_hole_asymmetric,145,private-source://routeA_experiments/data/final_ood_frozen_v1/three_hole_asymmetric/sample_0145.npz,9e07276be4c9a737eae17e3917bc3cdc5d0dfa1bce9663bd981f358519eb110c,0.001540452241897583,0.05780810905841869,0.6361791898821532,0.7524360120296478,0.24915465526282787,0.6105978459119784
mesh_gnn,44,three_hole_asymmetric,146,private-source://routeA_experiments/data/final_ood_frozen_v1/three_hole_asymmetric/sample_0146.npz,67f3ee8daff2c978cbe4cd399a7f2ad4874665b5c644a341c057c304af1127c1,0.0014352574944496155,0.06715534265213949,0.7916232844818638,0.794362410902977,0.2613881789147854,0.6249001845717429
mesh_gnn,44,three_hole_asymmetric,147,private-source://routeA_experiments/data/final_ood_frozen_v1/three_hole_asymmetric/sample_0147.npz,e85347f74d9b0184043eda85a8b0b42fe6515b3c49ceeec50b7b4d6dfff4a07d,0.0015511717647314072,0.05659541240796652,0.5671575823164146,0.6457622051239014,0.29845811799168587,0.47470878064632394
mesh_gnn,44,three_hole_asymmetric,148,private-source://routeA_experiments/data/final_ood_frozen_v1/three_hole_asymmetric/sample_0148.npz,245fe71d4768340cf55e028f00a51ef269352046fcee78a0376200f4998c9360,0.0014084633439779282,0.05124859809090269,0.7395142740765495,0.8627094328403473,0.23227552883327007,0.6140854820609084
mesh_gnn,44,three_hole_asymmetric,149,private-source://routeA_experiments/data/final_ood_frozen_v1/three_hole_asymmetric/sample_0149.npz,e4131c7833d7b32f7f309cc922c788dde6f66644cd7c84c3995c3e66ca6ec058,0.001534678041934967,0.06121741048800987,0.9189572969725803,0.8705996870994568,0.20617012880393304,0.6810473054647436
mesh_gnn,44,three_hole_asymmetric,150,private-source://routeA_experiments/data/final_ood_frozen_v1/three_hole_asymmetric/sample_0150.npz,14d7c4793f64ce9d612ac24093c5fbe0dae12baa2ebcc0e606416070b0010be4,0.0014330102130770683,0.06364918946457822,0.8884915375039566,0.8809698522090912,0.2188688618480228,0.6456833783537144
mesh_gnn,44,three_hole_asymmetric,151,private-source://routeA_experiments/data/final_ood_frozen_v1/three_hole_asymmetric/sample_0151.npz,3c828906fd7ab01c163402ae535f03a420e0b8d29d63467e8f5e0ac8bb2069f1,0.0015559429302811623,0.057251068299586844,0.6167656880393547,0.7343268468976021,0.23991960287094116,0.5446988373994824
mesh_gnn,44,three_hole_asymmetric,152,private-source://routeA_experiments/data/final_ood_frozen_v1/three_hole_asymmetric/sample_0152.npz,2dd677fdf441a2d0d82994893dd167d20bc429686f9d05c84662f972384de6c2,0.001423656940460205,0.06531888441830423,0.8794312609966939,0.8408347368240356,0.2526146743330173,0.671472499892114
mesh_gnn,44,three_hole_asymmetric,153,private-source://routeA_experiments/data/final_ood_frozen_v1/three_hole_asymmetric/sample_0153.npz,e09e2ec653206737b870b71f517fcc81353db939fd7d890bfde2a8715648f046,0.0015480881556868553,0.06086844236973554,0.9801282967094114,0.9059174805879593,0.19978275313405902,0.7252297680824978
mesh_gnn,44,three_hole_asymmetric,154,private-source://routeA_experiments/data/final_ood_frozen_v1/three_hole_asymmetric/sample_0154.npz,354f1ec9c8bb281306006c931744c6710f378713690c48b9dfc924d8e03155dc,0.0014374377205967903,0.054872555351486774,0.6798527391519115,0.7014274597167969,0.23525682464241982,0.5751434534788118
mesh_gnn,44,three_hole_asymmetric,155,private-source://routeA_experiments/data/final_ood_frozen_v1/three_hole_asymmetric/sample_0155.npz,4feb6d42b1ba8f3891917e887c391dac5ab83213398859f8c4d1343a08f81523,0.0015412094071507454,0.053536412313484945,0.8407124546484716,0.8653564453125,0.2167432475835085,0.5611212257295846
mesh_gnn,44,three_hole_asymmetric,156,private-source://routeA_experiments/data/final_ood_frozen_v1/three_hole_asymmetric/sample_0156.npz,2ed681cf4ebe76dc5ff83597e8f424f37faa8aa01f50048685eb1a9f8504ef64,0.0014213873073458672,0.06278412417677433,0.8130048701842899,0.8639731407165527,0.25950885377824306,0.6051023207604876
mesh_gnn,44,three_hole_asymmetric,157,private-source://routeA_experiments/data/final_ood_frozen_v1/three_hole_asymmetric/sample_0157.npz,8f86d834f785485f1110f7ae10b681508b7fb7293834bdeabad4cd9e0ff581e7,0.0015497161075472832,0.069004758912814,0.8016318440588889,0.8394431620836258,0.2937033986672759,0.5754266515374181
mesh_gnn,44,three_hole_asymmetric,158,private-source://routeA_experiments/data/final_ood_frozen_v1/three_hole_asymmetric/sample_0158.npz,b7838937a002adfbc7581e42e80020a5cc8ff317b9ef609ec1903087a3d31c3e,0.001430491916835308,0.06779138861769775,0.7668296856487028,0.699105978012085,0.2450596754788421,0.5605044890195128
mesh_gnn,44,three_hole_asymmetric,159,private-source://routeA_experiments/data/final_ood_frozen_v1/three_hole_asymmetric/sample_0159.npz,7ec05d300291c51dfc519a7d08b75bd3be917f67a3673dfe18849f585f9f709e,0.0015497701242566109,0.0637974596178978,0.7521352908814947,0.7463862746953964,0.2934609515359625,0.5711027912795543
mesh_gnn,44,three_hole_asymmetric,160,private-source://routeA_experiments/data/final_ood_frozen_v1/three_hole_asymmetric/sample_0160.npz,406b5d01c559ad3764a887df63a81ab6aeb54deb0e03ab5546863badf9a16f35,0.0014308039098978043,0.05466315014903305,0.9855303421608808,0.8661911636590958,0.19360219719237648,0.517698299884795
mesh_gnn,44,three_hole_asymmetric,161,private-source://routeA_experiments/data/final_ood_frozen_v1/three_hole_asymmetric/sample_0161.npz,e022a734e6aba3a7301b06bd77c79e73047ff290f57525b8dee053bdfa5b4988,0.0015410929918289185,0.052791131739651706,0.7408227496784765,0.7973224520683289,0.2570888623595238,0.67287492826581
mesh_gnn,44,three_hole_asymmetric,162,private-source://routeA_experiments/data/final_ood_frozen_v1/three_hole_asymmetric/sample_0162.npz,2b13f73876bba396b8fa67ab174be82ee1a554b9e4c19a3a7412ffc39aba0b13,0.0014215772971510887,0.053733071573575195,0.7461923814501132,0.8831548020243645,0.24805448949337006,0.6770718738436697
mesh_gnn,44,three_hole_asymmetric,163,private-source://routeA_experiments/data/final_ood_frozen_v1/three_hole_asymmetric/sample_0163.npz,e9b740089bb1f2d4e21a0999405d9bdba3a57bd51c7e58ea5ed47d11ee6595a2,0.0015589799731969833,0.06542991042882314,0.902526055299781,0.8495505154132843,0.31123481498798355,0.6391970407217735
mesh_gnn,44,three_hole_asymmetric,164,private-source://routeA_experiments/data/final_ood_frozen_v1/three_hole_asymmetric/sample_0164.npz,9f206330bd07c9c4847fddf539ce746ee66390d885f3c33bc1d444adbbd318ac,0.0014191986992955208,0.06850369005370083,0.6947916930216469,0.7952468395233154,0.36691273003816605,0.6385486990213386
mesh_gnn,44,three_hole_asymmetric,165,private-source://routeA_experiments/data/final_ood_frozen_v1/three_hole_asymmetric/sample_0165.npz,59ec0f1c680bf9149906ed38b4dd3a4aa7612d7147f9c53c5dcfa06ecca43366,0.001927196979522705,0.07393049948085344,0.7993515899569409,0.8574812412261963,0.3438755334354937,0.6926269747316829
mesh_gnn,44,three_hole_asymmetric,166,private-source://routeA_experiments/data/final_ood_frozen_v1/three_hole_asymmetric/sample_0166.npz,acdabcd30120f1b891f11b4fee7490ecf1c73a42827cec6684949a026c1d238b,0.0018615946173667908,0.06724900465658179,0.7988314089269983,0.8508723974227905,0.3041728809475899,0.7066074863076208
mesh_gnn,44,three_hole_asymmetric,167,private-source://routeA_experiments/data/final_ood_frozen_v1/three_hole_asymmetric/sample_0167.npz,2d64cbb7ed13e9d5493b3bcffc548a37e43f77cfe686d4bd90f395d9b3dedcd2,0.0014971904456615448,0.06623806915676553,0.9137092101353423,0.9194279611110687,0.20946127692513983,0.6597042776644226
mesh_gnn,44,three_hole_asymmetric,168,private-source://routeA_experiments/data/final_ood_frozen_v1/three_hole_asymmetric/sample_0168.npz,ce1811b3b58e1cf01845e9ffb4fac5caa62f765929be1337c8260c13d9b65d5d,0.0015468159690499306,0.05753998566955606,1.0183790175322371,0.9773169979453087,0.18101723557629157,0.691148775815963
mesh_gnn,44,three_hole_asymmetric,169,private-source://routeA_experiments/data/final_ood_frozen_v1/three_hole_asymmetric/sample_0169.npz,c8bdae4b5e47fcfb5a99f1ccde0ca1ecf2011b5c092fc8bd8e61595f8c50518c,0.0017789117991924286,0.060381323419812206,0.9229041381014286,0.917889267206192,0.20699893293931382,0.6643559761345382
mesh_gnn,44,three_hole_asymmetric,170,private-source://routeA_experiments/data/final_ood_frozen_v1/three_hole_asymmetric/sample_0170.npz,33251f1d994ef521e7ed6646d939e7b5f6ae05ade833fce7f91910e3aa7b2d74,0.0015338370576500893,0.06207641616373106,0.833122858791786,0.883270762860775,0.22182511538267136,0.5911370646208525
mesh_gnn,44,three_hole_asymmetric,171,private-source://routeA_experiments/data/final_ood_frozen_v1/three_hole_asymmetric/sample_0171.npz,3304230b1d8bbdd9fc2dfda78714484a468749cddd223bba1c2dbf29c548831e,0.0014256872236728668,0.0658378552673035,0.7037366555060871,0.7903246879577637,0.28834900446236134,0.6596174672245969
mesh_gnn,44,three_hole_asymmetric,172,private-source://routeA_experiments/data/final_ood_frozen_v1/three_hole_asymmetric/sample_0172.npz,a740cace37940a1e2252703d9381d4b9f3f3b166a52d68121a24aaca6473c237,0.0015461603179574013,0.06415565933682815,0.7485080843636334,0.8601665794849396,0.2982656750828028,0.6882221885025499
mesh_gnn,44,three_hole_asymmetric,173,private-source://routeA_experiments/data/final_ood_frozen_v1/three_hole_asymmetric/sample_0173.npz,7fbe985e9871b0fea23dcd48b5658d0febd6965ccb34e4430a248d8ea7884c13,0.0014135940000414848,0.05671401542138295,0.8233624440176938,0.8541524410247803,0.21695400425232947,0.6152269132435321
mesh_gnn,44,three_hole_asymmetric,174,private-source://routeA_experiments/data/final_ood_frozen_v1/three_hole_asymmetric/sample_0174.npz,71542cbeea7c7322472596a11b9ea2cf6285893af2fd8caaacd78a77cf1d83fd,0.0015353187918663025,0.05693910074139346,0.6855119032444981,0.7398897409439087,0.2933110110461712,0.592739601433277
mesh_gnn,44,three_hole_asymmetric,175,private-source://routeA_experiments/data/final_ood_frozen_v1/three_hole_asymmetric/sample_0175.npz,0f2191f55e786a9cc0197b9d38b5849150523e7f0e95da026a8b7282892dd7e7,0.0018494734540581703,0.06745285397702123,0.9087706644882945,0.9456064701080322,0.20251874065070297,0.6564943090081201
mesh_gnn,44,three_hole_asymmetric,176,private-source://routeA_experiments/data/final_ood_frozen_v1/three_hole_asymmetric/sample_0176.npz,1d5d110e1725a11891d26e004b83d93d33e264f9f0cc612cea71237c93485c91,0.0016428027302026749,0.057710490555073594,0.6030811588353043,0.7049056589603424,0.24030023626983166,0.5722155049443244
mesh_gnn,44,three_hole_asymmetric,177,private-source://routeA_experiments/data/final_ood_frozen_v1/three_hole_asymmetric/sample_0177.npz,491128641f9815a0257fe2c5da3e9ef510909b89c7efe14041aaf988dd54d374,0.0014338670298457146,0.06939581671610015,0.9456871731854131,0.9513372778892517,0.27967356564477086,0.7440273903310285
mesh_gnn,44,three_hole_asymmetric,178,private-source://routeA_experiments/data/final_ood_frozen_v1/three_hole_asymmetric/sample_0178.npz,8ad8976324d69fa900282a701c1176bec4bd066428ab6af4d07f98b6226c1440,0.0018025962635874748,0.07064546321478912,0.8595280029428859,0.8801903277635574,0.34438060969114304,0.760971466451883
mesh_gnn,44,three_hole_asymmetric,179,private-source://routeA_experiments/data/final_ood_frozen_v1/three_hole_asymmetric/sample_0179.npz,ed3c4408215897e333b3a88a790f6b3b965edbc5f729ee1ca00b514638a22db3,0.0018503153696656227,0.05985548508114879,0.5726037658609319,0.6771461069583893,0.2965279147028923,0.5476978629827489
mesh_gnn,44,three_hole_asymmetric,180,private-source://routeA_experiments/data/final_ood_frozen_v1/three_hole_asymmetric/sample_0180.npz,026ec17f7ba5561155ad7d2d26d4b774202c9e9d3be82846603703294b1c6599,0.0018581142649054527,0.059524775069854215,0.7951693484810782,0.886534184217453,0.26144935097545385,0.6964976165443654
mesh_gnn,44,three_hole_asymmetric,181,private-source://routeA_experiments/data/final_ood_frozen_v1/three_hole_asymmetric/sample_0181.npz,ae31a16b8c81593e19306a84399bfd2a84ac55c7910ef8823c67abd4642aa2f6,0.0014247298240661621,0.06958723563987207,0.852224594576402,0.8158233612775803,0.29252371166148805,0.6280492477118965
mesh_gnn,44,three_hole_asymmetric,182,private-source://routeA_experiments/data/final_ood_frozen_v1/three_hole_asymmetric/sample_0182.npz,3c898c6349f36f90b3d5a9fe1ea363190f3864ec9904027b2c82073b2f828008,0.0017253328114748001,0.06876558919662462,0.8071705276265977,0.8401991724967957,0.2683132058009505,0.6311041943728917
mesh_gnn,44,three_hole_asymmetric,183,private-source://routeA_experiments/data/final_ood_frozen_v1/three_hole_asymmetric/sample_0183.npz,7960bd5136007fe9e53aaf26195ec050cd3f170be4ea0892e9c50801de1e2a57,0.0014348821714520454,0.05773475766518627,0.6502624535787762,0.6641511917114258,0.2504887744435109,0.4909805774688708
mesh_gnn,44,three_hole_asymmetric,184,private-source://routeA_experiments/data/final_ood_frozen_v1/three_hole_asymmetric/sample_0184.npz,d0af476fd13dfb1d250ce9a4ca56a9e4e7747143d266e251a2d3bed91fdc35c3,0.0017650965601205826,0.06035249129531397,0.6204885170137378,0.6430688500404358,0.2864716127514839,0.5066972911357877
mesh_gnn,44,three_hole_asymmetric,185,private-source://routeA_experiments/data/final_ood_frozen_v1/three_hole_asymmetric/sample_0185.npz,825925d58976a37ca694d695a027e07bfbaaceb34012d307f2f1821037baf144,0.0017220089212059975,0.06944357977664721,0.8653776708492005,0.8512671589851379,0.275842491799267,0.7109070613980288
mesh_gnn,44,three_hole_asymmetric,186,private-source://routeA_experiments/data/final_ood_frozen_v1/three_hole_asymmetric/sample_0186.npz,77e809def7ac8044a4e55b9ef623158afda39a6477b671e128605d4b47566db6,0.0018336977809667587,0.059647021401475646,0.91743825336446,0.848989263176918,0.20866315998136997,0.6424542367458337
mesh_gnn,44,three_hole_asymmetric,187,private-source://routeA_experiments/data/final_ood_frozen_v1/three_hole_asymmetric/sample_0187.npz,d41acb81beffee4db9203e1cf0266797359f026ace1ea8ca9bcd6ccb1e2af128,0.0017729979008436203,0.055414473681908105,0.6708381219945297,0.7207448780536652,0.2630912382155657,0.5115316987037656
mesh_gnn,44,three_hole_asymmetric,188,private-source://routeA_experiments/data/final_ood_frozen_v1/three_hole_asymmetric/sample_0188.npz,0ee1d93b5b155a3545c539b9ebd208096d5da786ac320abbe96a9ddff30d88d7,0.0018579550087451935,0.05840266358226179,0.7080469687932489,0.6177231073379517,0.20765304286032915,0.4785511098802088
mesh_gnn,44,three_hole_asymmetric,189,private-source://routeA_experiments/data/final_ood_frozen_v1/three_hole_asymmetric/sample_0189.npz,70be7056cd13692af26bab63a3df9b9a64678831ef39fdb9582375ceecca7edf,0.001416006125509739,0.06611287302365328,1.0043255434543794,0.8828783184289932,0.23709833438624628,0.5963710732758043
mesh_gnn,44,three_hole_asymmetric,190,private-source://routeA_experiments/data/final_ood_frozen_v1/three_hole_asymmetric/sample_0190.npz,a8c424ee2056e12af66d0be34289a252d77172e5cb127ec57c8550e3415ab90b,0.001847749575972557,0.0603972485749715,0.7976853781851909,0.8544331565499306,0.23036309704184532,0.6260457325726735
mesh_gnn,44,three_hole_asymmetric,191,private-source://routeA_experiments/data/final_ood_frozen_v1/three_hole_asymmetric/sample_0191.npz,26c2bd071beec9742e0a4f1e5466aa608a15434494059de80e606e4679fa8ed3,0.0014140699058771133,0.07459329951215314,0.913021120138299,0.9100643694400787,0.2855065973853925,0.7432264436036348
mesh_gnn,44,three_hole_asymmetric,192,private-source://routeA_experiments/data/final_ood_frozen_v1/three_hole_asymmetric/sample_0192.npz,40d02fa0627c6deec298290103575257705efed18a0e5475ecaa7bf465aa9b99,0.001547234132885933,0.0667665065533311,0.7120228455983277,0.7907081544399261,0.2905626520514488,0.5937104545533645
mesh_gnn,44,three_hole_asymmetric,193,private-source://routeA_experiments/data/final_ood_frozen_v1/three_hole_asymmetric/sample_0193.npz,e2291d430c4ed65b595a26a1bfd29617e6a29836d02a7642cee85cd276392050,0.0018221037462353706,0.0619284944407917,0.7434835873073872,0.8219428360462189,0.3131566569209099,0.6258834049105643
mesh_gnn,44,three_hole_asymmetric,194,private-source://routeA_experiments/data/final_ood_frozen_v1/three_hole_asymmetric/sample_0194.npz,31e35937f5e42fb742834cdcb1fc165dd1ffc423ac83933409ddf9f346655de1,0.0013438630849123001,0.0704812590703979,0.5928317008952938,0.6481478661298752,0.28966252045938745,0.5345948129892344
mesh_gnn,44,three_hole_asymmetric,195,private-source://routeA_experiments/data/final_ood_frozen_v1/three_hole_asymmetric/sample_0195.npz,40442c552a2016d07c97d9c05bd7232ba672eeab612657250b9c7529d4f8fba5,0.0018121451139450073,0.059303852924825914,0.5624805504666446,0.5907730460166931,0.24585163593292236,0.5027481004595754
mesh_gnn,44,three_hole_asymmetric,196,private-source://routeA_experiments/data/final_ood_frozen_v1/three_hole_asymmetric/sample_0196.npz,dd2106f958610c899c170e0e932d315a715401be9a89fd9bfb0ce4af7422b23f,0.00136464461684227,0.07402209316467855,0.8949212522617455,0.9183771908283234,0.3569030724465847,0.7419314458966246
mesh_gnn,44,three_hole_asymmetric,197,private-source://routeA_experiments/data/final_ood_frozen_v1/three_hole_asymmetric/sample_0197.npz,aa854427cd50f074116bdad2e4371e42c0402350e5d180482ef4c364d2ad2cf8,0.0016272012144327164,0.05734254854141801,0.4880623816141304,0.4734439328312874,0.2333991564810276,0.3681177645921707
mesh_gnn,44,three_hole_asymmetric,198,private-source://routeA_experiments/data/final_ood_frozen_v1/three_hole_asymmetric/sample_0198.npz,f829be15d56c832505226b17681dbe66656bc2100714eb438d609a588f6574fe,0.0015437183901667595,0.05189326787012388,0.6133031187095425,0.7084922194480896,0.2858754023909569,0.5777575373649594
mesh_gnn,44,three_hole_asymmetric,199,private-source://routeA_experiments/data/final_ood_frozen_v1/three_hole_asymmetric/sample_0199.npz,52333eb8bbb0f95e069bd2d38db9cab28b55c6f86387da7cd28a27818fe1041a,0.0017788754776120186,0.06028514718768047,0.6199729215449814,0.6562463641166687,0.23869334813207388,0.5313485071063039
