model,training_seed,shape,sample_id,sample_file,sample_sha256,inference_seconds,mae,relative_l2,max_abs_error,p95_abs_error,p99_abs_error
residual_v2,54,polygonal_holes,0,private-source://routeA_experiments/data/prospective_ood_rd_hddm_alpha001_v2/polygonal_holes/sample_0000.npz,2813ec3127ac6b2d6e5ea2bdec57dc3842288d486f16a3ac630d975e79544104,0.006776007008738816,0.05988146379793701,0.9752481056907669,0.9728730916976929,0.26682323515415163,0.7375467944145202
residual_v2,54,polygonal_holes,1,private-source://routeA_experiments/data/prospective_ood_rd_hddm_alpha001_v2/polygonal_holes/sample_0001.npz,9d77838f7901837e5e6668df3993510bb8ecebaae9c24dafd7c33dd27713ca91,0.006866989016998559,0.0535799495014813,0.6186799826969677,0.8200485706329346,0.3610426262021064,0.6512853300571441
residual_v2,54,polygonal_holes,2,private-source://routeA_experiments/data/prospective_ood_rd_hddm_alpha001_v2/polygonal_holes/sample_0002.npz,64d684a0c62d3af4e0e79525c5a8144d60264714c3b90c3683941cb3669199db,0.006045610993169248,0.06393067002638961,0.799538909118212,0.8405000269412994,0.3160473637282846,0.7406883412599563
residual_v2,54,polygonal_holes,3,private-source://routeA_experiments/data/prospective_ood_rd_hddm_alpha001_v2/polygonal_holes/sample_0003.npz,cee6732562ef0f85cfd1d4207fb826b90bc31335f8fdf22bc7991a2b2d3e3818,0.006108632020186633,0.03670851119164,0.37167996089314836,0.6494505405426025,0.19708706140518165,0.36384059026837345
residual_v2,54,polygonal_holes,4,private-source://routeA_experiments/data/prospective_ood_rd_hddm_alpha001_v2/polygonal_holes/sample_0004.npz,f922f8aa230eb7f988651778a187a8f75ff947a239987aa900cd3c050a887ec0,0.0059886249946430326,0.06308291031275871,0.7933050827600253,0.875763475894928,0.3714634224772451,0.7082726183533667
residual_v2,54,polygonal_holes,5,private-source://routeA_experiments/data/prospective_ood_rd_hddm_alpha001_v2/polygonal_holes/sample_0005.npz,7aa5ae995dda3a749c78e6b8b3aff037f07301dbda012f49af7c1983a95fd554,0.005971067002974451,0.05985431611149802,1.115180821958233,0.9823675453662872,0.280990809481591,0.6820681603252887
residual_v2,54,polygonal_holes,6,private-source://routeA_experiments/data/prospective_ood_rd_hddm_alpha001_v2/polygonal_holes/sample_0006.npz,a2ab3adff33e2b825261f9f156651d6d226b45d7900ef8697f84935c734df80a,0.005971834994852543,0.046921716126757676,0.5590630000542197,0.7195435166358948,0.274050322920084,0.5265998831391334
residual_v2,54,polygonal_holes,7,private-source://routeA_experiments/data/prospective_ood_rd_hddm_alpha001_v2/polygonal_holes/sample_0007.npz,b504795f95e5481635b933ab900699fe66f38076ab5132e6b57a48c641abbf2b,0.006733523041475564,0.052260541790999517,0.7748689334554107,0.8578627109527588,0.2797357007861137,0.6761397099494934
residual_v2,54,polygonal_holes,8,private-source://routeA_experiments/data/prospective_ood_rd_hddm_alpha001_v2/polygonal_holes/sample_0008.npz,b93c334e8e48c8fd6d52b05cd3ff40f15d4f5cc62702a435f3e0247d6b59a334,0.006027586990967393,0.05963407700898036,0.6670612079447574,0.7241145372390747,0.3484989404678343,0.6347078275680542
residual_v2,54,polygonal_holes,9,private-source://routeA_experiments/data/prospective_ood_rd_hddm_alpha001_v2/polygonal_holes/sample_0009.npz,f2ef70e3326ae2f2447ff2754173f923c307e7972ebbe15dd38aabeb5f047c49,0.005964312993455678,0.052372563367784876,0.6140833585090347,0.8010898232460022,0.2728283405303955,0.598740519285202
residual_v2,54,polygonal_holes,10,private-source://routeA_experiments/data/prospective_ood_rd_hddm_alpha001_v2/polygonal_holes/sample_0010.npz,0078bb96d0f452027931ba3a5cabdd927aa298f7c3cb3cc2d89e7cb23acaf539,0.00599506200524047,0.07238604233901669,0.822986766441198,0.9148872494697571,0.4823846161365506,0.8095390272140502
residual_v2,54,polygonal_holes,11,private-source://routeA_experiments/data/prospective_ood_rd_hddm_alpha001_v2/polygonal_holes/sample_0011.npz,9ee5588e761180b233891dd5a6f16fa8ca4f4c5906cdb841e4c8020cee441584,0.005984131013974547,0.047513703795809,0.4699653871120509,0.6134926676750183,0.30362978428602216,0.4602229815721511
residual_v2,54,polygonal_holes,12,private-source://routeA_experiments/data/prospective_ood_rd_hddm_alpha001_v2/polygonal_holes/sample_0012.npz,9cdd74ea7cb7425efc2f3f4d80c0363bd50ea50709fe03b3d060f71ff605dd84,0.005940468981862068,0.06898354762286772,0.8582738120173116,0.94187992811203,0.4148586913943289,0.8256402641534805
residual_v2,54,polygonal_holes,13,private-source://routeA_experiments/data/prospective_ood_rd_hddm_alpha001_v2/polygonal_holes/sample_0013.npz,7ee1a4ed3ed8a784612d742e8ed75f38441bf2f5701f264e582c39a5158ad1ce,0.005975893989671022,0.06535966687779857,0.7954535197866855,0.8214322328567505,0.3928018048405647,0.7087682211399078
residual_v2,54,polygonal_holes,14,private-source://routeA_experiments/data/prospective_ood_rd_hddm_alpha001_v2/polygonal_holes/sample_0014.npz,d1818732f452567ad0ecd2f58c757bb8290572b117528bb1e5aaefa970313cc6,0.006285147974267602,0.06391188851464057,0.7983337302828254,0.9000616371631622,0.40296416878700175,0.7976957005262374
residual_v2,54,polygonal_holes,15,private-source://routeA_experiments/data/prospective_ood_rd_hddm_alpha001_v2/polygonal_holes/sample_0015.npz,445b87e8c24a47bfb4d118389ef483a360b0d5074dc815ae35513aab4a27864d,0.006078132952097803,0.0594340284146569,0.7339893341310288,0.7786127626895905,0.3218710336834192,0.6570215088129042
residual_v2,54,polygonal_holes,16,private-source://routeA_experiments/data/prospective_ood_rd_hddm_alpha001_v2/polygonal_holes/sample_0016.npz,1a99ec371d63848f62228b959ed0924574356c0cccfdd1260268c8dfa0c9cdb0,0.0060487290029414,0.05846237277469781,1.160167891456314,0.9514741152524948,0.2614563518553041,0.69399271056056
residual_v2,54,polygonal_holes,17,private-source://routeA_experiments/data/prospective_ood_rd_hddm_alpha001_v2/polygonal_holes/sample_0017.npz,0cdbf63c17b90ff3b3512ee0966f5d174bfb3232348a9e49b05f2d9ee4d89a26,0.006013122969307005,0.05462435096065469,0.6657244157979382,0.7192143201828003,0.34411156922578784,0.6301781314611433
residual_v2,54,polygonal_holes,18,private-source://routeA_experiments/data/prospective_ood_rd_hddm_alpha001_v2/polygonal_holes/sample_0018.npz,47317c8f9d3ed8f1a54c8b96ba91af510560b8aa7f805ade7143c1d16ca55e66,0.006741472985595465,0.04063708915651205,0.37398418943659967,0.4260128438472748,0.19675354808568954,0.35263735383749006
residual_v2,54,polygonal_holes,19,private-source://routeA_experiments/data/prospective_ood_rd_hddm_alpha001_v2/polygonal_holes/sample_0019.npz,14a537fef9ee78090f18c68c7c2bb65ef6d197ce349231291c03aa4206e7dbef,0.006261667003855109,0.05987462686092373,0.8019063517193452,0.8335691094398499,0.3206589117646216,0.7230704441666602
residual_v2,54,polygonal_holes,20,private-source://routeA_experiments/data/prospective_ood_rd_hddm_alpha001_v2/polygonal_holes/sample_0020.npz,7c814a3de56a037a81fd975f53b5567efeb9d9662b615203546bc0899290fd90,0.006329444993752986,0.03991473796924942,0.46521561944851186,0.6488447189331055,0.2002421688288448,0.5647790929675102
residual_v2,54,polygonal_holes,21,private-source://routeA_experiments/data/prospective_ood_rd_hddm_alpha001_v2/polygonal_holes/sample_0021.npz,8ce53160fe69d5b6413cde92d321f24dc4d1d44cc5f0f2a3eca07d60a4da1104,0.006023534981068224,0.058381494230681404,0.6919378051773722,0.7869789302349091,0.2909689690917728,0.6137513606250286
residual_v2,54,polygonal_holes,22,private-source://routeA_experiments/data/prospective_ood_rd_hddm_alpha001_v2/polygonal_holes/sample_0022.npz,ebe02bed5b22de6ec65b6c54aaa34f7a9e9daf45fb56c3455386ee7beeca83bd,0.005981713009532541,0.06307802102806975,0.8724909440021764,0.9243281781673431,0.35471265912055966,0.7586900958418846
residual_v2,54,polygonal_holes,23,private-source://routeA_experiments/data/prospective_ood_rd_hddm_alpha001_v2/polygonal_holes/sample_0023.npz,d6cabc05bb35909896ec365f876db62334e617b13b08c9e40694e2791b0db121,0.005997940024826676,0.05859208900157885,0.6315077595664432,0.6993370056152344,0.33880875110626213,0.592159075140953
residual_v2,54,polygonal_holes,24,private-source://routeA_experiments/data/prospective_ood_rd_hddm_alpha001_v2/polygonal_holes/sample_0024.npz,cc607c6b4a44a20de7c0d072b11d3585668469f46fe26a9e5a4601a8839b18e3,0.006072440010029823,0.05279934697363539,0.8110182379963852,0.8984050750732422,0.28706663884222505,0.6742062586545943
residual_v2,54,polygonal_holes,25,private-source://routeA_experiments/data/prospective_ood_rd_hddm_alpha001_v2/polygonal_holes/sample_0025.npz,6624bf5fe6d196079fb76fb31c85860e096a142c03b130cd1e70002ae755b942,0.006080913997720927,0.06972991910016332,0.8307852875864719,0.9336962103843689,0.4414942532777786,0.7647188717126846
residual_v2,54,polygonal_holes,26,private-source://routeA_experiments/data/prospective_ood_rd_hddm_alpha001_v2/polygonal_holes/sample_0026.npz,c98d8e8d3d0a88d1da87415faeb5bf9178e88e1f30adc9ecf7cd6cf0dbd9277f,0.005962478986475617,0.05187131664939674,0.5050252332831761,0.6736551225185394,0.22871060408651825,0.45524860501289366
residual_v2,54,polygonal_holes,27,private-source://routeA_experiments/data/prospective_ood_rd_hddm_alpha001_v2/polygonal_holes/sample_0027.npz,a8830b8166a10f61db4814b54f56ca4808e3c93da85d47b565e4eddec6598b7d,0.005992498015984893,0.049723280352743836,0.5960294388067519,0.7122215628623962,0.31355294734239564,0.5901232969760895
residual_v2,54,polygonal_holes,28,private-source://routeA_experiments/data/prospective_ood_rd_hddm_alpha001_v2/polygonal_holes/sample_0028.npz,7a7df2263baaa71cbccf62f82307a4ec9364e586142fc46aecffcb33cae7cae8,0.005969886959064752,0.05176401793119087,0.6730878497993158,0.7128989696502686,0.33105686232447573,0.599862952828407
residual_v2,54,polygonal_holes,29,private-source://routeA_experiments/data/prospective_ood_rd_hddm_alpha001_v2/polygonal_holes/sample_0029.npz,1792cfc778015639447d8549da9e8e6ae065b2de6e8a35808550ab1f2eaa6d12,0.006024990987498313,0.04785052779777592,0.7046626492294553,0.7800899147987366,0.28963820338249185,0.6557813465595245
residual_v2,54,polygonal_holes,30,private-source://routeA_experiments/data/prospective_ood_rd_hddm_alpha001_v2/polygonal_holes/sample_0030.npz,0361f263ac7c96ee87583959a04a88d5d85ed0d0bf6e7d378681151774f385f2,0.005969364021439105,0.049349017371989705,0.5933184018137763,0.7224115133285522,0.30373016148805604,0.5918462345004082
residual_v2,54,polygonal_holes,31,private-source://routeA_experiments/data/prospective_ood_rd_hddm_alpha001_v2/polygonal_holes/sample_0031.npz,05f616ed447a9ab8e71b77b9398fe7f5bdca3822ed0cb7c0b89a4802fff7e34a,0.005961703020147979,0.06081439722233651,0.7138307723188388,0.946033775806427,0.3103005856275556,0.6893132483959198
residual_v2,54,polygonal_holes,32,private-source://routeA_experiments/data/prospective_ood_rd_hddm_alpha001_v2/polygonal_holes/sample_0032.npz,b84ee66df3e51a313acfa70a8d8f17e55d0f28293bfc848be6da74369c6efe7e,0.0061009799828752875,0.06434995757626995,0.7308416180170165,0.8429208397865295,0.422260808199644,0.7332645928859711
residual_v2,54,polygonal_holes,33,private-source://routeA_experiments/data/prospective_ood_rd_hddm_alpha001_v2/polygonal_holes/sample_0033.npz,daa13b8f28a70003a1c8a3b22cc6fb6ba7cd514feb1f0dde8861d77cced138db,0.006006834038998932,0.06194115773633727,0.8050365909720442,0.8705624938011169,0.3511161670088767,0.7423148408532142
residual_v2,54,polygonal_holes,34,private-source://routeA_experiments/data/prospective_ood_rd_hddm_alpha001_v2/polygonal_holes/sample_0034.npz,f1007728ae6fc8cc7b887f70cb682b003162557fe09bc505313c9852da9b0395,0.005966589029412717,0.0642886166765388,0.8259962533948533,0.8848109841346741,0.3688256964087485,0.709577516913414
residual_v2,54,polygonal_holes,35,private-source://routeA_experiments/data/prospective_ood_rd_hddm_alpha001_v2/polygonal_holes/sample_0035.npz,74480bc8be2b0c3f792eeafe7931aa43f6eabf7fab66f1f8889ff83f9343aacf,0.006014264014083892,0.03733195134681864,0.3733171355007187,0.5099461376667023,0.17215759195387348,0.3755169758200645
residual_v2,54,polygonal_holes,36,private-source://routeA_experiments/data/prospective_ood_rd_hddm_alpha001_v2/polygonal_holes/sample_0036.npz,d380cc325dc38fac34101ad898621f7a706e5ef3145fb50b48cd8a3550e915f6,0.005972420971374959,0.051019855452405456,0.5849550055890309,0.821456789970398,0.2564497023820876,0.6695773509144781
residual_v2,54,polygonal_holes,37,private-source://routeA_experiments/data/prospective_ood_rd_hddm_alpha001_v2/polygonal_holes/sample_0037.npz,562b92269c11eb7a4d6d2b96c70e8334d3b1e90f788bd3d9e801d09a075eee3a,0.0060174279497005045,0.06061043693024887,1.1327905251508235,0.9891232252120972,0.28783285608515136,0.6384191523492335
residual_v2,54,polygonal_holes,38,private-source://routeA_experiments/data/prospective_ood_rd_hddm_alpha001_v2/polygonal_holes/sample_0038.npz,ad000ee37c0e1a9ba734e4dd9459946f4b3df5f603b980b12d442bca1f8ed9f9,0.006036781007423997,0.05430169073536149,0.6343927516388257,0.8155754804611206,0.2966260507702827,0.588785565495491
residual_v2,54,polygonal_holes,39,private-source://routeA_experiments/data/prospective_ood_rd_hddm_alpha001_v2/polygonal_holes/sample_0039.npz,522d3ecbc2d9edc149dc3f03b6cf36d68fca66badfbb0f6dd3482d5e5f254b68,0.006029215990565717,0.05088654050295392,0.5584677685442583,0.785320520401001,0.27391774505376787,0.5594285055994987
residual_v2,54,polygonal_holes,40,private-source://routeA_experiments/data/prospective_ood_rd_hddm_alpha001_v2/polygonal_holes/sample_0040.npz,254ab846e9a8b91265cad089e47a668ba206ceeb02e23540aaf1b8dded5c5277,0.0059934460441581905,0.054370654309585056,0.6902061452005395,0.7908343076705933,0.2943871922791004,0.5581952953338623
residual_v2,54,polygonal_holes,41,private-source://routeA_experiments/data/prospective_ood_rd_hddm_alpha001_v2/polygonal_holes/sample_0041.npz,8c7f049970c19d0bf9df6a56540e33a405e9b6f637a802fc3a679bd78cbd2f7b,0.006001901987474412,0.06234673244155705,0.7970317111071951,0.8688440322875977,0.3979113481938838,0.7288196805119515
residual_v2,54,polygonal_holes,42,private-source://routeA_experiments/data/prospective_ood_rd_hddm_alpha001_v2/polygonal_holes/sample_0042.npz,6d8ce4ad2a0fbe386141c305df0df82390863da91466b3772de47905aac327ac,0.005993739003315568,0.06473911917429266,0.8016995821902955,0.8854033648967743,0.36280626915395253,0.6846919746696947
residual_v2,54,polygonal_holes,43,private-source://routeA_experiments/data/prospective_ood_rd_hddm_alpha001_v2/polygonal_holes/sample_0043.npz,cce44f1d73fbe7f76182aa7fd07a69f90b93524ef2f5d7c4c6a1bb4566cb8ff9,0.005982413014862686,0.06935831929611393,0.9721993020733912,0.9603009521961212,0.2888143077492705,0.8253711530566215
residual_v2,54,polygonal_holes,44,private-source://routeA_experiments/data/prospective_ood_rd_hddm_alpha001_v2/polygonal_holes/sample_0044.npz,ae4b89782186c636597bbf28ff74a3d03e0c2dbac42260653f9d140ab9229119,0.006303792004473507,0.0579685658736859,0.6111031570197831,0.7311259508132935,0.3632336109876632,0.6471075350046157
residual_v2,54,polygonal_holes,45,private-source://routeA_experiments/data/prospective_ood_rd_hddm_alpha001_v2/polygonal_holes/sample_0045.npz,1777cf5189ac8f43461ae20e5ef1f4c739e91a493823c36ad21eedc9d1d3abf4,0.006772731023374945,0.056114384147593024,0.7430361572325549,0.8366028666496277,0.3060282498598098,0.6899571847915649
residual_v2,54,polygonal_holes,46,private-source://routeA_experiments/data/prospective_ood_rd_hddm_alpha001_v2/polygonal_holes/sample_0046.npz,cc55794e1940c234f9da149d83ee01ead8d8277520e38b89220b19e02e70f238,0.006206416001077741,0.05927672901479162,1.1622966272867685,0.9502556025981903,0.28623283258639276,0.6909903869032858
residual_v2,54,polygonal_holes,47,private-source://routeA_experiments/data/prospective_ood_rd_hddm_alpha001_v2/polygonal_holes/sample_0047.npz,7f42f867baf3b1c126f27ae2157ef3dd2a34a07d8d1a1f5aead8d062722664f9,0.006744668004103005,0.053244890090280377,0.6079603708319797,0.8270211219787598,0.2759851559996604,0.5295331475138664
residual_v2,54,polygonal_holes,48,private-source://routeA_experiments/data/prospective_ood_rd_hddm_alpha001_v2/polygonal_holes/sample_0048.npz,6e05df606b756d9cfd5f6305cc0eac033208a8444ad64ad8e48815757862935e,0.0060165770119056106,0.0600046840217107,0.9258359293193189,0.9534101188182831,0.2870605975389479,0.762406916320324
residual_v2,54,polygonal_holes,49,private-source://routeA_experiments/data/prospective_ood_rd_hddm_alpha001_v2/polygonal_holes/sample_0049.npz,8e60acf35c436ea7681e8f6ecb99e7889c6309505da38ab1a1de5fdd50c8d25a,0.005987043026834726,0.048709797556749326,0.6105709556650369,0.7970376014709473,0.2883857011795043,0.5539869889616966
residual_v2,54,polygonal_holes,50,private-source://routeA_experiments/data/prospective_ood_rd_hddm_alpha001_v2/polygonal_holes/sample_0050.npz,67ff652aacb37c18501691c8d65846f7fd6786aa6ab39d47d601c53560a81ffb,0.006069459952414036,0.056877297539620286,0.6443041536030872,0.714828372001648,0.36036846041679377,0.607011489868164
residual_v2,54,polygonal_holes,51,private-source://routeA_experiments/data/prospective_ood_rd_hddm_alpha001_v2/polygonal_holes/sample_0051.npz,d178ebe9f5d54994c88f44993765bce335075010cff7e29e1ff0070188cd3350,0.00602121400879696,0.06258275361203881,1.148185812836645,0.9343778938055038,0.2906167703738901,0.7385512593388557
residual_v2,54,polygonal_holes,52,private-source://routeA_experiments/data/prospective_ood_rd_hddm_alpha001_v2/polygonal_holes/sample_0052.npz,a3a862fcadf321c577317885abc8e5b33930f4e0f1c7fe81f71f61e570dec552,0.006056257989257574,0.05364363844340637,0.8567174984322835,0.948389083147049,0.25906024314463105,0.7038943217694759
residual_v2,54,polygonal_holes,53,private-source://routeA_experiments/data/prospective_ood_rd_hddm_alpha001_v2/polygonal_holes/sample_0053.npz,ab5fddb822d6b9316b54ab76c4527ea073e575a3e421c7d3825dddaa22fc27e5,0.0060083469725213945,0.059006514442131675,0.9010540013514642,0.9594334363937378,0.24700735732913015,0.7502743017673491
residual_v2,54,polygonal_holes,54,private-source://routeA_experiments/data/prospective_ood_rd_hddm_alpha001_v2/polygonal_holes/sample_0054.npz,a1022a21b18e6e40b38eb55a0b8587d544f733833a4d7f12d4de108015563cc3,0.0060894310008734465,0.03810853766314558,0.373460610038333,0.6207064390182495,0.20847322642803187,0.3394663201272484
residual_v2,54,polygonal_holes,55,private-source://routeA_experiments/data/prospective_ood_rd_hddm_alpha001_v2/polygonal_holes/sample_0055.npz,4365d7d047747c0c5587594149f7905cf8d0fbc2fc11cdade3a1001f8d10a489,0.0059673220384866,0.06054891784440947,0.8955867229203394,0.9453409314155579,0.3194478631019589,0.7778186556696888
residual_v2,54,polygonal_holes,56,private-source://routeA_experiments/data/prospective_ood_rd_hddm_alpha001_v2/polygonal_holes/sample_0056.npz,c64e194ceeb73588bea71d967fed493a69e7f31422958700a5a894c51dad8af4,0.006017150008119643,0.06307495229740753,0.7711186831781012,0.8046548068523407,0.3374834485352039,0.6401801452040672
residual_v2,54,polygonal_holes,57,private-source://routeA_experiments/data/prospective_ood_rd_hddm_alpha001_v2/polygonal_holes/sample_0057.npz,b7ec701204ebf0f91ed0f653ab9750798681ad55c0be7bccc78661334dd8a05a,0.006004133028909564,0.059515284000166715,1.0305782878417058,0.9402919560670853,0.26777624739333983,0.6896578583121297
residual_v2,54,polygonal_holes,58,private-source://routeA_experiments/data/prospective_ood_rd_hddm_alpha001_v2/polygonal_holes/sample_0058.npz,d7d338d7ed7396d7013682fdeda699683e01e2e0a6b355ea8245cd50209f5837,0.005975599051453173,0.05528513452398607,0.7115412137307078,0.8316758275032043,0.35872887969017025,0.6979742789268494
residual_v2,54,polygonal_holes,59,private-source://routeA_experiments/data/prospective_ood_rd_hddm_alpha001_v2/polygonal_holes/sample_0059.npz,520dc2e58678e87e5e0b109e52f119bf6f1955d7aa102dba7f2e2aa5f6870b26,0.006165679020341486,0.04447853560448746,0.6691097956957971,0.7728907465934753,0.25718094110488876,0.5841643738746642
residual_v2,54,polygonal_holes,60,private-source://routeA_experiments/data/prospective_ood_rd_hddm_alpha001_v2/polygonal_holes/sample_0060.npz,65f37cdde81f35866d4ad5d443aea651ab7719a2aeaeacecb6c6f004e4a9a519,0.005985402036458254,0.060794355770800744,0.8898584378209293,0.9565813541412354,0.3265095055103302,0.7942424662411213
residual_v2,54,polygonal_holes,61,private-source://routeA_experiments/data/prospective_ood_rd_hddm_alpha001_v2/polygonal_holes/sample_0061.npz,7743695b88cdc254e55b4fad952747f08a99a59b47940f19b05996b3aacfdd4f,0.005991814017761499,0.07771932138172304,1.0034258575163701,0.9919968545436859,0.3964341312646862,0.8647351840138435
residual_v2,54,polygonal_holes,62,private-source://routeA_experiments/data/prospective_ood_rd_hddm_alpha001_v2/polygonal_holes/sample_0062.npz,277f1102a42eb919881a684fdf02f8fe32f35c413c403026302cd12d4097853a,0.006011657998897135,0.05030709069849157,0.5485067611842167,0.8466955423355103,0.2458060547709464,0.6086073204874992
residual_v2,54,polygonal_holes,63,private-source://routeA_experiments/data/prospective_ood_rd_hddm_alpha001_v2/polygonal_holes/sample_0063.npz,6d764776066ab82c5cc65c85d8e8609d9930055835d54417aa78c6b4a6b03531,0.006036809005308896,0.06923467175810401,0.988858996881055,0.9490068256855011,0.3843732357025146,0.7931445567309856
residual_v2,54,polygonal_holes,64,private-source://routeA_experiments/data/prospective_ood_rd_hddm_alpha001_v2/polygonal_holes/sample_0064.npz,faf90b633e638b9635077cf9b6ad138791b71dcf9f9c87c2643fdaa9321e9469,0.006032915029209107,0.05702857823627931,0.6172518727634662,0.6727230548858643,0.3316607683897018,0.5485442072153092
residual_v2,54,polygonal_holes,65,private-source://routeA_experiments/data/prospective_ood_rd_hddm_alpha001_v2/polygonal_holes/sample_0065.npz,5a1f909a1a33de701ff5e43850c8a0f624f0fe67bb2628856e8b2ff716aa4d8f,0.006017407984472811,0.06001395793794169,0.743356165376428,0.9101719260215759,0.32033950537443157,0.6790680119395256
residual_v2,54,polygonal_holes,66,private-source://routeA_experiments/data/prospective_ood_rd_hddm_alpha001_v2/polygonal_holes/sample_0066.npz,231255ce916639b7963636d7ecd7e8496e2daf50b0681c71f8c26d117d19a6a3,0.006030935968738049,0.05771126467912887,0.663625974576259,0.7371258735656738,0.35614503175020196,0.6273441904783249
residual_v2,54,polygonal_holes,67,private-source://routeA_experiments/data/prospective_ood_rd_hddm_alpha001_v2/polygonal_holes/sample_0067.npz,2ea120f390b13387af7e81bbf689609188cf789c089380be9954a01ab04383ce,0.006040958047378808,0.05100130153254011,0.837883996530717,0.9754019528627396,0.21093033626675575,0.700146826505661
residual_v2,54,polygonal_holes,68,private-source://routeA_experiments/data/prospective_ood_rd_hddm_alpha001_v2/polygonal_holes/sample_0068.npz,99dcf586e3c772fa34c409836b87dba473578ad4267323fe4c1021c49bea2156,0.006051928969100118,0.05478944657206385,0.6170580614811082,0.6968588829040527,0.3166245326399803,0.6105569031834602
residual_v2,54,polygonal_holes,69,private-source://routeA_experiments/data/prospective_ood_rd_hddm_alpha001_v2/polygonal_holes/sample_0069.npz,371011e0087841ce62fd475615c1487b9008b14cc2c8239b698c21a3f404f4ae,0.006752979999873787,0.046670204555087795,0.4569390623155575,0.5736736059188843,0.2681798458099365,0.48804250836372376
residual_v2,54,polygonal_holes,70,private-source://routeA_experiments/data/prospective_ood_rd_hddm_alpha001_v2/polygonal_holes/sample_0070.npz,76a38f00a38c09a4a5e0ce282801ee31b62717ad9405afde4dfaded58ac68adf,0.006282111979089677,0.05513250621746162,0.6737851686482104,0.7651456594467163,0.29988664835691436,0.6091603919863701
residual_v2,54,polygonal_holes,71,private-source://routeA_experiments/data/prospective_ood_rd_hddm_alpha001_v2/polygonal_holes/sample_0071.npz,725f819b9cff979f22d3fb2826bbeb093e79eac51bc6aeeece1bf9cca9411e3c,0.00602916901698336,0.05373469645038534,0.5666042585417124,0.6757136583328247,0.33488986343145366,0.5076767775416374
residual_v2,54,polygonal_holes,72,private-source://routeA_experiments/data/prospective_ood_rd_hddm_alpha001_v2/polygonal_holes/sample_0072.npz,29b11ddc75faadb72de6975449a2b31a3d5383776b7675881284f27b7dca3cab,0.00673247902886942,0.0721376349404808,0.8213511632221537,0.9174940586090088,0.47902274727821337,0.7823439389467238
residual_v2,54,polygonal_holes,73,private-source://routeA_experiments/data/prospective_ood_rd_hddm_alpha001_v2/polygonal_holes/sample_0073.npz,1ab85a6c8ae26e0fbf4793862ad906cb7254045320b5796aeaa896f42f2bacd4,0.0066999150440096855,0.0590322261137203,0.6990482034940153,0.8146268129348755,0.3495381318032737,0.6700730244815348
residual_v2,54,polygonal_holes,74,private-source://routeA_experiments/data/prospective_ood_rd_hddm_alpha001_v2/polygonal_holes/sample_0074.npz,bacd1d3e820fbf01f8d4acce5297dc3b9f8dc25652253988c73470e23a9f8ac1,0.0068319920101203024,0.05879191803029648,0.8024117352471049,0.8438268899917603,0.30521203055977814,0.6666417056322097
residual_v2,54,polygonal_holes,75,private-source://routeA_experiments/data/prospective_ood_rd_hddm_alpha001_v2/polygonal_holes/sample_0075.npz,3287c7e51fa026555fd19d375af6e3d4cc8cc42fa1205cc3bfc8cd6cf1579cd3,0.006036911974661052,0.04045549087128569,0.5002826887246355,0.614119291305542,0.2363901421427726,0.4808513283729553
residual_v2,54,polygonal_holes,76,private-source://routeA_experiments/data/prospective_ood_rd_hddm_alpha001_v2/polygonal_holes/sample_0076.npz,574f2300d179a3831f3582318cd7b95acfd3405093d6a47af47ad93d2178f2e1,0.006016883009579033,0.058464342633911585,1.0821250668956126,0.9207184910774231,0.26414584349840875,0.6823820959031581
residual_v2,54,polygonal_holes,77,private-source://routeA_experiments/data/prospective_ood_rd_hddm_alpha001_v2/polygonal_holes/sample_0077.npz,4376fb3c5dd37b190c566754832a3e3ba85331c8e3e4f837d406cdef3bfffa17,0.006737452000379562,0.06772163816292201,0.8164635296318318,0.7916117012500763,0.4124558821320533,0.6555563274025917
residual_v2,54,polygonal_holes,78,private-source://routeA_experiments/data/prospective_ood_rd_hddm_alpha001_v2/polygonal_holes/sample_0078.npz,ae2f838a41311b1cab760c47b71bb43be39b91fa594b946c3571522b2c1a813d,0.005995672021526843,0.06106353298527059,0.6791559416043333,0.8069323599338531,0.3484188079833984,0.7056241983175278
residual_v2,54,polygonal_holes,79,private-source://routeA_experiments/data/prospective_ood_rd_hddm_alpha001_v2/polygonal_holes/sample_0079.npz,adbb28bf9488acd23de73cd9711ec3b2e05ffc6733eb9f5e5d052cf61e664a70,0.005996221036184579,0.061314089110693054,0.9394440416708845,0.9123331904411316,0.2593016101047397,0.714890124797821
residual_v2,54,polygonal_holes,80,private-source://routeA_experiments/data/prospective_ood_rd_hddm_alpha001_v2/polygonal_holes/sample_0080.npz,4a47f541a2cd868c83938f15092e28469ad5819a5b3e93180979feb578a2ce05,0.006755392008926719,0.05977373563086303,0.6596027329852219,0.7567971348762512,0.36067211627960205,0.5880407148599623
residual_v2,54,polygonal_holes,81,private-source://routeA_experiments/data/prospective_ood_rd_hddm_alpha001_v2/polygonal_holes/sample_0081.npz,4d25b3696b4e9ae0a17a8594fbd72f84735c32ee8f1f0b28d6a67a85a3343360,0.006025665032211691,0.06238186315887538,0.9308947235066576,0.9902781844139099,0.26129018291831013,0.7324401287734508
residual_v2,54,polygonal_holes,82,private-source://routeA_experiments/data/prospective_ood_rd_hddm_alpha001_v2/polygonal_holes/sample_0082.npz,a6c4e742890618c770a2aba2764df55ef3584d9cf57866efbbc096b98dec6a48,0.0067243819939903915,0.06370509475865094,0.7397483262443376,0.8588075637817383,0.43428895920515054,0.6452749782800672
residual_v2,54,polygonal_holes,83,private-source://routeA_experiments/data/prospective_ood_rd_hddm_alpha001_v2/polygonal_holes/sample_0083.npz,b8eeb414ab12e5fe35f84aa19979bdbca0f1a1f75eeb25da9aad6a52d8cbeb30,0.006033289013430476,0.05781783014754129,0.5557978699589706,0.6936343312263489,0.29754092618823025,0.49839096933603283
residual_v2,54,polygonal_holes,84,private-source://routeA_experiments/data/prospective_ood_rd_hddm_alpha001_v2/polygonal_holes/sample_0084.npz,67deca7af2005178ad0c93d16ab381b5a3df2ac09b8b5738e4fc2773a2546f62,0.006199993018526584,0.059945812826532954,0.6958075990987077,0.8308290243148804,0.4000005885958671,0.7252627152204513
residual_v2,54,polygonal_holes,85,private-source://routeA_experiments/data/prospective_ood_rd_hddm_alpha001_v2/polygonal_holes/sample_0085.npz,ddb7b814e040d8c047a4649f33bf151654d032650e5a173001aca20b14905ab3,0.00600909098284319,0.046761599985665106,0.9867012332875692,0.9370244741439819,0.22579398006200774,0.6111326590925453
residual_v2,54,polygonal_holes,86,private-source://routeA_experiments/data/prospective_ood_rd_hddm_alpha001_v2/polygonal_holes/sample_0086.npz,d6433754926d38ddb5772e7cb405f78b5aec43e5ca3eade0ba8b62b103a7dc27,0.005998497013933957,0.05829271523034271,0.7873324882299633,0.928897812962532,0.28077360838651644,0.6642149119079108
residual_v2,54,polygonal_holes,87,private-source://routeA_experiments/data/prospective_ood_rd_hddm_alpha001_v2/polygonal_holes/sample_0087.npz,8d3eec568a4d74c6a51e6da3cc28ade1037e57e722994fd947f5a01f53d41edf,0.006818987021688372,0.057232444257061324,1.170351379683935,0.9666996896266937,0.28432009781245127,0.6991916197538373
residual_v2,54,polygonal_holes,88,private-source://routeA_experiments/data/prospective_ood_rd_hddm_alpha001_v2/polygonal_holes/sample_0088.npz,af9662e794a12464829c6fac98a3cb18e6e3e6857c1576994cbe01eedf1f246c,0.006771038984879851,0.06445924100068016,0.9884621179612377,0.9502503275871277,0.27006419878453014,0.7527116465568542
residual_v2,54,polygonal_holes,89,private-source://routeA_experiments/data/prospective_ood_rd_hddm_alpha001_v2/polygonal_holes/sample_0089.npz,c5a95474e5636d974aeee3dcde6837bf3c6a3704353407477c81f4240bbdc388,0.006041059968993068,0.06362980275687709,1.0814216585670675,0.9604771733283997,0.2966516124550253,0.7725715136155485
residual_v2,54,polygonal_holes,90,private-source://routeA_experiments/data/prospective_ood_rd_hddm_alpha001_v2/polygonal_holes/sample_0090.npz,69177a4934a4e7ec9786358ba08b301291e30633bfc8079703a3ad634dbe6555,0.006045274960342795,0.0559046160467042,0.6520130063417211,0.7485824227333069,0.3089892894029617,0.6001303821802139
residual_v2,54,polygonal_holes,91,private-source://routeA_experiments/data/prospective_ood_rd_hddm_alpha001_v2/polygonal_holes/sample_0091.npz,017495cf13436ccb34417f1d078194fbbb1bb9e889c2a05714fdfef6208a7922,0.005987187032587826,0.05407767392442818,1.1612911732732012,0.9618818908929825,0.26473800619132815,0.6540264345705507
residual_v2,54,polygonal_holes,92,private-source://routeA_experiments/data/prospective_ood_rd_hddm_alpha001_v2/polygonal_holes/sample_0092.npz,6fb319a462e5729cc33034f1576388ff60d99f8ed26dcf3ed67437d1ea1bca54,0.005955144006293267,0.05326122421067339,0.5082238246463257,0.6264184713363647,0.2972605064511298,0.4845982784032821
residual_v2,54,polygonal_holes,93,private-source://routeA_experiments/data/prospective_ood_rd_hddm_alpha001_v2/polygonal_holes/sample_0093.npz,52cbc18f79056f45df5b059b191b91f8510f55d9c2edcd661f81df8375d9e0d1,0.005995436978992075,0.0560851448545927,0.8040955506066854,0.8496254682540894,0.3280751675367355,0.7102094930410385
residual_v2,54,polygonal_holes,94,private-source://routeA_experiments/data/prospective_ood_rd_hddm_alpha001_v2/polygonal_holes/sample_0094.npz,164da7452288a5d8a7302027741566652f575e6558c5ce9ce09db0163255c7ab,0.005986877018585801,0.045098888444872,0.47707855901362733,0.5375071316957474,0.2517204985022543,0.4349988701939583
residual_v2,54,polygonal_holes,95,private-source://routeA_experiments/data/prospective_ood_rd_hddm_alpha001_v2/polygonal_holes/sample_0095.npz,1c76e3d378b35c6a9e36e37471d1c5bcd6e753f69e666218ce23590f33585d3e,0.0060073829954490066,0.06350381676895646,0.9265560639710939,0.9511991441249847,0.360759262740612,0.765337478816509
residual_v2,54,polygonal_holes,96,private-source://routeA_experiments/data/prospective_ood_rd_hddm_alpha001_v2/polygonal_holes/sample_0096.npz,49ad587763214bcda7cccaa69cfff09cf001c7b2c7f38d85251e3f2672a35569,0.00633368402486667,0.054966184884884535,0.592211262094734,0.7654273509979248,0.31984513252973557,0.6095726624131202
residual_v2,54,polygonal_holes,97,private-source://routeA_experiments/data/prospective_ood_rd_hddm_alpha001_v2/polygonal_holes/sample_0097.npz,8390688b322ed3b47b14ae6c8deb192bc662ca519072cc4456004520d93634eb,0.0060888309963047504,0.05324589386462068,0.5604376458938646,0.7439525872468948,0.3005510255694389,0.5834323418140411
residual_v2,54,polygonal_holes,98,private-source://routeA_experiments/data/prospective_ood_rd_hddm_alpha001_v2/polygonal_holes/sample_0098.npz,d664b5cd66446712fa2fc0050a3eea16c06ebbf4a5f3665cb9b62018873ee112,0.005984068033285439,0.055340213443112386,0.49569151393999805,0.6165775656700134,0.3356755703687666,0.5200924289226532
residual_v2,54,polygonal_holes,99,private-source://routeA_experiments/data/prospective_ood_rd_hddm_alpha001_v2/polygonal_holes/sample_0099.npz,ffb0fcbe82635372bfaaf9dfad830078cc7e245cb5df18fc4cf3ee7d7ed08f2c,0.006015841034241021,0.06365862972824456,0.7495093920657834,0.8233298063278198,0.38240242302417743,0.7152285873889923
residual_v2,54,polygonal_holes,100,private-source://routeA_experiments/data/prospective_ood_rd_hddm_alpha001_v2/polygonal_holes/sample_0100.npz,83db9e1bf734e4318e7310d414f020dde016065b78e5ec40e0bf63cbdc30cd69,0.0061582529451698065,0.05179688941832157,0.5980780386166087,0.6001159250736237,0.26343693770468235,0.4899422547221184
residual_v2,54,polygonal_holes,101,private-source://routeA_experiments/data/prospective_ood_rd_hddm_alpha001_v2/polygonal_holes/sample_0101.npz,628d4ef4e48f4e11212826ea73354e04acbb5cf5218cf61a5f450ffe072e463a,0.006307550007477403,0.05354536889083647,0.637468656474595,0.903127908706665,0.25990540161728826,0.555584670305252
residual_v2,54,polygonal_holes,102,private-source://routeA_experiments/data/prospective_ood_rd_hddm_alpha001_v2/polygonal_holes/sample_0102.npz,53967bde920053230113301d67f3965fb24710c7b37e3b7e2a11053964188c70,0.006778387003578246,0.0544019413158589,0.8315780767041113,0.8781955540180206,0.280593043193221,0.8005759739875793
residual_v2,54,polygonal_holes,103,private-source://routeA_experiments/data/prospective_ood_rd_hddm_alpha001_v2/polygonal_holes/sample_0103.npz,31c2e4b05f2f012dc480a56d1b1cc60ea8f4b239b39e292c8f0a6dac54ebd19b,0.006755122041795403,0.06512495130336725,0.9181605820134355,0.9288341999053955,0.35490068197250363,0.7652971780300137
residual_v2,54,polygonal_holes,104,private-source://routeA_experiments/data/prospective_ood_rd_hddm_alpha001_v2/polygonal_holes/sample_0104.npz,9eb06fccb4a1502bf602c71b5f5036161537259059eb86654e50a1438639f459,0.006045476999133825,0.0547807049347547,0.5662031953487082,0.7172489166259766,0.32064397335052486,0.579874387383461
residual_v2,54,polygonal_holes,105,private-source://routeA_experiments/data/prospective_ood_rd_hddm_alpha001_v2/polygonal_holes/sample_0105.npz,95cbcc94abd4de91c834c528dda2319a03fb7099f469d400f93c5b03afcbc4a8,0.005975348001811653,0.06689499268261617,0.8550988484511359,0.9739826321601868,0.407275429368019,0.8184067222476005
residual_v2,54,polygonal_holes,106,private-source://routeA_experiments/data/prospective_ood_rd_hddm_alpha001_v2/polygonal_holes/sample_0106.npz,98106d828e41a1c5eb346df2a0b0a1e1e58665b84eceba9935ef6099e5563495,0.0059753970126621425,0.06068267820227277,1.1507500831499626,0.9238197207450867,0.2696211448695976,0.7159225748479366
residual_v2,54,polygonal_holes,107,private-source://routeA_experiments/data/prospective_ood_rd_hddm_alpha001_v2/polygonal_holes/sample_0107.npz,9cbd0d60ca7ebba2116f8c16d91b310978edea4d0da468204842b7a23670a89d,0.006093808973673731,0.05990722452081874,0.792527410911117,0.8527229428291321,0.29484524875879287,0.6180609956383705
residual_v2,54,polygonal_holes,108,private-source://routeA_experiments/data/prospective_ood_rd_hddm_alpha001_v2/polygonal_holes/sample_0108.npz,b9853bfdbfac230c0bfabbae3453e3f905065de73973a4e6e03d679b043f8a93,0.006761106022167951,0.053784284061217075,0.6808796627931086,0.75923290848732,0.32296274304389944,0.6264166122674941
residual_v2,54,polygonal_holes,109,private-source://routeA_experiments/data/prospective_ood_rd_hddm_alpha001_v2/polygonal_holes/sample_0109.npz,ad81e157b0fe4b56f9cb232ff544261abab7b40e2fd40998cf5365e8c2ecbf9c,0.006032741977833211,0.055979594998070877,1.0601812937295227,0.9663505554199219,0.26023369142785663,0.6471880367398261
residual_v2,54,polygonal_holes,110,private-source://routeA_experiments/data/prospective_ood_rd_hddm_alpha001_v2/polygonal_holes/sample_0110.npz,2379cde8dfcb4012259c110621bb82cac632e8758fc6470fc5fb50c0d6567705,0.005972874001599848,0.05880562334548166,0.7853032210261558,0.8777729570865631,0.33499020487070075,0.7052203586697579
residual_v2,54,polygonal_holes,111,private-source://routeA_experiments/data/prospective_ood_rd_hddm_alpha001_v2/polygonal_holes/sample_0111.npz,e77470dcfcba1f6bdb33c318c2e6cecb38ae797f62d39e0bb08e7a08dd6e974a,0.006382240972016007,0.06070974842618676,0.8250717918562911,0.9159413576126099,0.34909866452217075,0.7546004122495651
residual_v2,54,polygonal_holes,112,private-source://routeA_experiments/data/prospective_ood_rd_hddm_alpha001_v2/polygonal_holes/sample_0112.npz,88df74d2052fa5cb450aa5d9be2814b467df7bbe8db5582a180089122655cee2,0.006028927979059517,0.032331585266933874,0.33692761619867806,0.4757063686847687,0.16509169712662683,0.3413947919011116
residual_v2,54,polygonal_holes,113,private-source://routeA_experiments/data/prospective_ood_rd_hddm_alpha001_v2/polygonal_holes/sample_0113.npz,3a1fa1b65775b0275cf639b12a72525a77828d847796be0e003df1bdbad952ec,0.006718870019540191,0.04943875947381129,0.5315939312648077,0.6601718068122864,0.3062940299510955,0.5118928891420363
residual_v2,54,polygonal_holes,114,private-source://routeA_experiments/data/prospective_ood_rd_hddm_alpha001_v2/polygonal_holes/sample_0114.npz,ee8527e088d5dac6fcb1c475159e6c302f9ad53ec6da27fe11138620a0ca68fd,0.006013678037561476,0.06653192371528108,0.8523510044571941,0.8917415738105774,0.3763041906058785,0.777825272232294
residual_v2,54,polygonal_holes,115,private-source://routeA_experiments/data/prospective_ood_rd_hddm_alpha001_v2/polygonal_holes/sample_0115.npz,f7ffa5978118fd94c3600a0f477fa283eca44223a4090163c2e4bf5b6bcf3f85,0.006133902992587537,0.05549728012478934,0.6588873029460227,0.7473750710487366,0.3208986725658178,0.6365596574544906
residual_v2,54,polygonal_holes,116,private-source://routeA_experiments/data/prospective_ood_rd_hddm_alpha001_v2/polygonal_holes/sample_0116.npz,40826f4a1aca3233236ea6a2e03d2f7953a031f2a735af2bc36b9a978760b21d,0.006018329004291445,0.057917630040659814,0.8188163128722136,0.8998372554779053,0.32915886491537016,0.7092314207553863
residual_v2,54,polygonal_holes,117,private-source://routeA_experiments/data/prospective_ood_rd_hddm_alpha001_v2/polygonal_holes/sample_0117.npz,e1cd5ab17ebc52bc630594c80acdbe1ac1cf83a82b72806653c360f585aa540a,0.006008740980178118,0.052122960584318194,0.5595413841055249,0.8142836689949036,0.29193443655967694,0.5899192076921463
residual_v2,54,polygonal_holes,118,private-source://routeA_experiments/data/prospective_ood_rd_hddm_alpha001_v2/polygonal_holes/sample_0118.npz,e0b81737032bd6118a094dfd0c6797f942b4d7ff21e1c6636fe9e0c0fa7456e2,0.005982239963486791,0.05024657414108611,0.6548667709140439,0.7652938365936279,0.32061761319637294,0.6042012113332749
residual_v2,54,polygonal_holes,119,private-source://routeA_experiments/data/prospective_ood_rd_hddm_alpha001_v2/polygonal_holes/sample_0119.npz,274e7d80ddc1fb4c43974f1671c4b357b5fd97510b63ae2caa29395f57fb9bd2,0.005984449002426118,0.07123759746332894,0.8785287895580411,0.9189170747995377,0.4138439435511824,0.7680325126647949
residual_v2,54,polygonal_holes,120,private-source://routeA_experiments/data/prospective_ood_rd_hddm_alpha001_v2/polygonal_holes/sample_0120.npz,a6dd086ec33a9883183e8a146acf4fded479067a6034fee0630258588079fc8d,0.006733176007401198,0.04823871196697105,0.6163733239332213,0.7397963404655457,0.2751817882061004,0.5542608380317687
residual_v2,54,polygonal_holes,121,private-source://routeA_experiments/data/prospective_ood_rd_hddm_alpha001_v2/polygonal_holes/sample_0121.npz,ac81dd72fd79f7e2354039b8d04c60f5f5bbfca723e2447359de622ff26efbb1,0.006004002003464848,0.06086256202699979,1.025528523117577,0.9393230378627777,0.2840511924121529,0.7133050262928008
residual_v2,54,polygonal_holes,122,private-source://routeA_experiments/data/prospective_ood_rd_hddm_alpha001_v2/polygonal_holes/sample_0122.npz,759193356a467c09e2b8edbb533e17359fce60da51877df5de5350a541b599c5,0.006113930023275316,0.05969292956433087,0.8574810208116006,0.8988755643367767,0.2947429835796355,0.7198128020763397
residual_v2,54,polygonal_holes,123,private-source://routeA_experiments/data/prospective_ood_rd_hddm_alpha001_v2/polygonal_holes/sample_0123.npz,043378324eecf8d22f90a8b04f7e31a6758753cb437e9e0dfbe72c96271d4ff4,0.0067650750279426575,0.0544023705297655,0.5082612301543276,0.5965885519981384,0.3341930940747261,0.49453202486038206
residual_v2,54,polygonal_holes,124,private-source://routeA_experiments/data/prospective_ood_rd_hddm_alpha001_v2/polygonal_holes/sample_0124.npz,cd51fc274b14dfb5fac39f5cfe064e526357b88b7d094e98b25666df1b414ebf,0.00597193802241236,0.04870796990759383,0.47733335941837346,0.5879849791526794,0.27392582297325124,0.45185593187808987
residual_v2,54,polygonal_holes,125,private-source://routeA_experiments/data/prospective_ood_rd_hddm_alpha001_v2/polygonal_holes/sample_0125.npz,ed9c8de9705fd444fe459e4bfda13bcb047be60ede95d8334f14a4765b9738c1,0.0060005029663443565,0.06551914034322556,0.7680648944640223,0.8519856631755829,0.3581115588545796,0.6908061996102332
residual_v2,54,polygonal_holes,126,private-source://routeA_experiments/data/prospective_ood_rd_hddm_alpha001_v2/polygonal_holes/sample_0126.npz,665752506b08a3f3e3fe30b2921a1800be6cc7503caeb2bbb5078b9732f246a1,0.006274753017351031,0.05491452833628955,0.6246425672833205,0.7182277739048004,0.2607494384050368,0.5869858938455581
residual_v2,54,polygonal_holes,127,private-source://routeA_experiments/data/prospective_ood_rd_hddm_alpha001_v2/polygonal_holes/sample_0127.npz,c816a31178bdc5d064cf91181e9c7932847ba43e355ab3c1d6ccd62738e6e38a,0.006767901999410242,0.06101399416062123,0.8475129127022089,0.9152698218822479,0.3450075179338455,0.7816520145535469
residual_v2,54,polygonal_holes,128,private-source://routeA_experiments/data/prospective_ood_rd_hddm_alpha001_v2/polygonal_holes/sample_0128.npz,1ff4fae644b7094e6f782b7b687fd6b1fbd82aac67e72ea7769b3fb09fa6e48f,0.00601469399407506,0.0490648963023687,0.47081211149560376,0.6525224447250366,0.26260813474655137,0.4304967930912971
residual_v2,54,polygonal_holes,129,private-source://routeA_experiments/data/prospective_ood_rd_hddm_alpha001_v2/polygonal_holes/sample_0129.npz,304ae224f67a5af8163de1ab49c40dd4fedca4580b143be96af616abffc6891f,0.006023446039762348,0.0465553245644196,0.5636419436368705,0.6834476590156555,0.21669259518384923,0.4560207584500312
residual_v2,54,polygonal_holes,130,private-source://routeA_experiments/data/prospective_ood_rd_hddm_alpha001_v2/polygonal_holes/sample_0130.npz,e1ce49f7ee7274aa7c46a7774918dbf0b33c86fdbf83110ebf21a577b52b49c2,0.005986310017760843,0.0452505303176165,0.5253924591441544,0.7442935705184937,0.23182649612426742,0.522081508040428
residual_v2,54,polygonal_holes,131,private-source://routeA_experiments/data/prospective_ood_rd_hddm_alpha001_v2/polygonal_holes/sample_0131.npz,ed41aea98fee101c256811beb8de8b6cd7eaa2613cc541b40b00b980b3f85711,0.006045746966265142,0.04972449141597584,0.5096667992843789,0.6695709824562073,0.29043286889791486,0.49739019513130184
residual_v2,54,polygonal_holes,132,private-source://routeA_experiments/data/prospective_ood_rd_hddm_alpha001_v2/polygonal_holes/sample_0132.npz,f6a02e95496e34f2bd023b24cbfad8d8efcd430331804e20e35c1a3a87b3105a,0.0060361119685694575,0.06030610581835579,0.6435604547372403,0.7331830263137817,0.2790575621649622,0.5392961290478706
residual_v2,54,polygonal_holes,133,private-source://routeA_experiments/data/prospective_ood_rd_hddm_alpha001_v2/polygonal_holes/sample_0133.npz,2d0b9657c30dbaee8ac6254ea143fd42d06b5d9334a9daae61f959b4d768189d,0.00601763796294108,0.05335788389194628,0.7408360039422756,0.8338963389396667,0.3149542056024074,0.7003772988915443
residual_v2,54,polygonal_holes,134,private-source://routeA_experiments/data/prospective_ood_rd_hddm_alpha001_v2/polygonal_holes/sample_0134.npz,6fc1d8ad41d98e5533dcb17000bd621df4413b0bc230e17a01f9f1042863dc00,0.006049282033927739,0.04312936615883536,0.40977710257998207,0.5403700470924377,0.22269440293312068,0.41256881266832346
residual_v2,54,polygonal_holes,135,private-source://routeA_experiments/data/prospective_ood_rd_hddm_alpha001_v2/polygonal_holes/sample_0135.npz,5f7f06f2a09a51cb1bdbf1f8f76c7dcebd7292b16ad5d06e2bd7e5e2a241a7b4,0.006736980983987451,0.05659339864975347,1.0253110029898622,0.938882976770401,0.24906655661761753,0.7101613576710223
residual_v2,54,polygonal_holes,136,private-source://routeA_experiments/data/prospective_ood_rd_hddm_alpha001_v2/polygonal_holes/sample_0136.npz,00531c0b831dc08973faac55a2933c5636dd9ca8276c59ce5b933fd5d249b087,0.006752540997695178,0.03780693936434053,0.3228981144720642,0.46895627677440643,0.18987423852086063,0.3153646160662173
residual_v2,54,polygonal_holes,137,private-source://routeA_experiments/data/prospective_ood_rd_hddm_alpha001_v2/polygonal_holes/sample_0137.npz,d001d2eb3c3220ffed4f07f5378b2f2433947704e933286823ec2f721961990d,0.006816831999458373,0.04548778299895932,0.4685285191238718,0.5882667005062103,0.225909800827503,0.40739727020263666
residual_v2,54,polygonal_holes,138,private-source://routeA_experiments/data/prospective_ood_rd_hddm_alpha001_v2/polygonal_holes/sample_0138.npz,f220ed2d2bb7df025848597f7eaca2bacd1707ff56291afdc47c8afdf6b2c8b5,0.006727354018948972,0.0505701743488861,0.4856701824813114,0.7603248655796051,0.23806869387626636,0.5497654464840888
residual_v2,54,polygonal_holes,139,private-source://routeA_experiments/data/prospective_ood_rd_hddm_alpha001_v2/polygonal_holes/sample_0139.npz,17b888ed07f6657c9849c552aad413cfe46048c4c7895f05178724c0fa7f87ca,0.006829432968515903,0.06553434647099544,0.8862366177373462,0.9397408664226532,0.3627550587058067,0.7919423159956932
residual_v2,54,polygonal_holes,140,private-source://routeA_experiments/data/prospective_ood_rd_hddm_alpha001_v2/polygonal_holes/sample_0140.npz,e02540d429db3b7126f4bff11bc5fa61a336ec8a85e95e0c1221371ba5a47ef6,0.006006797950249165,0.05313658797988031,0.8009163610632506,0.8858195692300797,0.2472781918942928,0.5235706993192433
residual_v2,54,polygonal_holes,141,private-source://routeA_experiments/data/prospective_ood_rd_hddm_alpha001_v2/polygonal_holes/sample_0141.npz,bb22d84f5f6c83f45e1de2d4ab15f3186ec26d2a148f8904619bdd7a66c8171f,0.006063272012397647,0.06314461511067318,0.8123915491508581,0.9005603790283203,0.4110937178134918,0.7671906757354736
residual_v2,54,polygonal_holes,142,private-source://routeA_experiments/data/prospective_ood_rd_hddm_alpha001_v2/polygonal_holes/sample_0142.npz,a1cc8c41b7c1a468be244e07ec2ff48e53d77459c7644d4e6eb2022f904ed782,0.005991365993395448,0.05439010879303522,0.8770196261666398,0.960909903049469,0.26297760121524333,0.7285794435441492
residual_v2,54,polygonal_holes,143,private-source://routeA_experiments/data/prospective_ood_rd_hddm_alpha001_v2/polygonal_holes/sample_0143.npz,4b97a95ed4fe7c8cb1b5fa7d4ef80edede472fcfc57e6cfa5eadb9c8a4df27a5,0.005971890001092106,0.05833836168666102,1.087780431302928,0.9649316370487213,0.25892567439004777,0.7350184397399425
residual_v2,54,polygonal_holes,144,private-source://routeA_experiments/data/prospective_ood_rd_hddm_alpha001_v2/polygonal_holes/sample_0144.npz,3acfb67f378c2daf8e69098ba9558f45f6fc6a8a6e8672333f2e8c054a6bc2bf,0.005990840028971434,0.06190301587756652,1.074655377560163,1.0190774500370026,0.2691820106469094,0.7134197062253952
residual_v2,54,polygonal_holes,145,private-source://routeA_experiments/data/prospective_ood_rd_hddm_alpha001_v2/polygonal_holes/sample_0145.npz,b65d0851c245b707a2ac32228f305f7569c9d1859d64e5f4927b75c27e5a7c2b,0.006746408005710691,0.0488133123094326,0.5098848809124727,0.7100897431373596,0.2394511207938194,0.4439575633406639
residual_v2,54,polygonal_holes,146,private-source://routeA_experiments/data/prospective_ood_rd_hddm_alpha001_v2/polygonal_holes/sample_0146.npz,201b532444ea007bfb07628e9165c885156dffac34abbcb9c7006c661f8345f2,0.006745300954207778,0.06414951241309508,0.8146642877217877,0.9012457728385925,0.3839483439922332,0.735256627202034
residual_v2,54,polygonal_holes,147,private-source://routeA_experiments/data/prospective_ood_rd_hddm_alpha001_v2/polygonal_holes/sample_0147.npz,d9d3e2c0e75e05c8d6a983a93cdbeec7eefce5027ca61ee3fe73ed223cb22f7a,0.006001767993438989,0.06370026441426906,0.8137536319897464,0.852584034204483,0.33414518237113927,0.6852396965026856
residual_v2,54,polygonal_holes,148,private-source://routeA_experiments/data/prospective_ood_rd_hddm_alpha001_v2/polygonal_holes/sample_0148.npz,fed8390888705bfd8ae6d9f074b0386d8310a40128ec7eed3742e6689c9930f5,0.006766228005290031,0.0621641233070285,0.7550530011113686,0.8210135698318481,0.42037116587162,0.6992498469352721
residual_v2,54,polygonal_holes,149,private-source://routeA_experiments/data/prospective_ood_rd_hddm_alpha001_v2/polygonal_holes/sample_0149.npz,1fc1409b3b58a0ee4fe9462eb8610281be13a9e52d04be45b8155c8b093b6826,0.006265728967264295,0.06331194898795325,0.7005305830727456,0.8050578236579895,0.42464773356914504,0.6858555042743681
residual_v2,54,polygonal_holes,150,private-source://routeA_experiments/data/prospective_ood_rd_hddm_alpha001_v2/polygonal_holes/sample_0150.npz,2757539f9ec46c666cbf7b9c228a40503df7a8a8f2124fac5c87a43bd9ed14dc,0.006077998026739806,0.04923110813628543,0.9640947617938364,0.962127149105072,0.2225442533381283,0.6378311306238175
residual_v2,54,polygonal_holes,151,private-source://routeA_experiments/data/prospective_ood_rd_hddm_alpha001_v2/polygonal_holes/sample_0151.npz,891875b4effc70758dab8ca57b0d6819863a7b492d90d1bfdb2bd22bc48d0cad,0.006811726954765618,0.07352233755538085,0.8585368881279781,0.9309425354003906,0.4213412314653389,0.8198383203148841
residual_v2,54,polygonal_holes,152,private-source://routeA_experiments/data/prospective_ood_rd_hddm_alpha001_v2/polygonal_holes/sample_0152.npz,56b12d3d13026cd3288b7c1885cbd85b8a1bc4dc3f9807dd8858aa67d50f721d,0.005981252994388342,0.05657155642577897,0.6521123792747832,0.7739059031009674,0.2874146170914173,0.6220553302764891
residual_v2,54,polygonal_holes,153,private-source://routeA_experiments/data/prospective_ood_rd_hddm_alpha001_v2/polygonal_holes/sample_0153.npz,af02edfbeda154165dee016399e47068fbe6b8c0e34593331fe7bf97c763c6ed,0.006088630005251616,0.041032221721529316,0.35936168884872866,0.45649242401123047,0.2148083075881004,0.3720082741975784
residual_v2,54,polygonal_holes,154,private-source://routeA_experiments/data/prospective_ood_rd_hddm_alpha001_v2/polygonal_holes/sample_0154.npz,9f4d2ecf074b40c504140d8737b60ab86136700c126bd6eada3ce22b6faeb44d,0.0060129479970782995,0.06049982960423238,1.2318965304976106,0.9596315696835518,0.2995961099048145,0.6123873981833458
residual_v2,54,polygonal_holes,155,private-source://routeA_experiments/data/prospective_ood_rd_hddm_alpha001_v2/polygonal_holes/sample_0155.npz,b861e6158554f60e3b28f76ec9b128a9430ba6efcbba4fe54c56e55939f03657,0.006015516992192715,0.059958253325308936,0.742707469552728,0.8322435021400452,0.4169296249747276,0.6819633075594902
residual_v2,54,polygonal_holes,156,private-source://routeA_experiments/data/prospective_ood_rd_hddm_alpha001_v2/polygonal_holes/sample_0156.npz,14ef70e1036b06a4abd5ecf0c058f87e16a946222fa519b8f637fc45a36d83e7,0.006013995967805386,0.054459860943702046,0.6263761957967073,0.7329208850860596,0.3600765854120254,0.5710852634906768
residual_v2,54,polygonal_holes,157,private-source://routeA_experiments/data/prospective_ood_rd_hddm_alpha001_v2/polygonal_holes/sample_0157.npz,43dda95c9977101aa286a63d0342e83b3917f584fe93b176f50bf6a8863ee6ed,0.006025831971783191,0.046632119306064444,0.46775389648987853,0.6236889660358429,0.261865048110485,0.5048984059691428
residual_v2,54,polygonal_holes,158,private-source://routeA_experiments/data/prospective_ood_rd_hddm_alpha001_v2/polygonal_holes/sample_0158.npz,d857465c10a280a070d862005f23339c491f8fbd2446b9a5938d6bcd7a0b3a1a,0.006038644991349429,0.04149518875919062,0.6154940852159636,0.7049106955528259,0.2107452705502508,0.5712660652399063
residual_v2,54,polygonal_holes,159,private-source://routeA_experiments/data/prospective_ood_rd_hddm_alpha001_v2/polygonal_holes/sample_0159.npz,f59261ba874c415e72210524ff86466ef1835ff128db62c36864a13b554ff470,0.00602823996450752,0.05722660118650108,0.7769622296102408,0.8587434589862823,0.34920031577348654,0.7190738481283186
residual_v2,54,polygonal_holes,160,private-source://routeA_experiments/data/prospective_ood_rd_hddm_alpha001_v2/polygonal_holes/sample_0160.npz,39068f5d74d06b40549535b8f9ac00e3990cbbfd5ed4bbbfc7773dab1ec0dbbe,0.006369232025463134,0.06240150998294489,0.8770194778859028,0.9462805092334747,0.36512480676174136,0.7520385590195655
residual_v2,54,polygonal_holes,161,private-source://routeA_experiments/data/prospective_ood_rd_hddm_alpha001_v2/polygonal_holes/sample_0161.npz,e0831b7cf1e199a8bcddde4a7ba63fda2ec5358332f83876dc46e76b7a76fe72,0.005991981015540659,0.060709732267225654,0.9364022181824223,0.9153586626052856,0.24104916751384736,0.7400656893849373
residual_v2,54,polygonal_holes,162,private-source://routeA_experiments/data/prospective_ood_rd_hddm_alpha001_v2/polygonal_holes/sample_0162.npz,b57aaa46bc4b1f2b322a5c732792b6b0b627be08d494a2d21be8f93f764c1355,0.0060566840111278,0.045427927072321635,0.5290599730575615,0.7002643346786499,0.27694482877850485,0.5293415004014969
residual_v2,54,polygonal_holes,163,private-source://routeA_experiments/data/prospective_ood_rd_hddm_alpha001_v2/polygonal_holes/sample_0163.npz,1a3ca61d865205982770fbfd89f746ec95c9b76d83a2d8a357c31ac000e4dac4,0.005990631005261093,0.04821909422388065,0.5162251257004609,0.5864588916301727,0.3068633437156677,0.5236593309044837
residual_v2,54,polygonal_holes,164,private-source://routeA_experiments/data/prospective_ood_rd_hddm_alpha001_v2/polygonal_holes/sample_0164.npz,5d1ee014dbbe40884070a5a39acff629da86c4954a0b4ab2c84a9004a2202fd6,0.006046858034096658,0.057065693908086086,1.0537496662912866,0.9369281530380249,0.2826808091253042,0.702539184615016
residual_v2,54,polygonal_holes,165,private-source://routeA_experiments/data/prospective_ood_rd_hddm_alpha001_v2/polygonal_holes/sample_0165.npz,259bca01e7e1d1c29bce2b41b1f1875945b910b6f1079e0f915a7977b1e9f893,0.006031810014974326,0.06149672346546494,0.7915213770321404,0.8870909810066223,0.3356890678405761,0.7044565024971962
residual_v2,54,polygonal_holes,166,private-source://routeA_experiments/data/prospective_ood_rd_hddm_alpha001_v2/polygonal_holes/sample_0166.npz,3d0e83e51a41e5c75d0f593269bfee27d32a16acbae58e27343d22ebcff431fa,0.006068838003557175,0.04812529914279897,0.5499996014630807,0.5999764204025269,0.25233861505985256,0.48748400881886483
residual_v2,54,polygonal_holes,167,private-source://routeA_experiments/data/prospective_ood_rd_hddm_alpha001_v2/polygonal_holes/sample_0167.npz,5a819bbcff1e88f2e84bade5f00f2f6aa0ce4917add5aa7ae2c972f7f2b2cd18,0.006763149984180927,0.06657574829830373,0.813007765798311,0.8619998693466187,0.40715020895004267,0.7465104302763939
residual_v2,54,polygonal_holes,168,private-source://routeA_experiments/data/prospective_ood_rd_hddm_alpha001_v2/polygonal_holes/sample_0168.npz,a7cfabc5b8b40f9786fdf3721f364f746da39dc5df704ef1420678ea5be4ac01,0.0060290900291875005,0.06658356477317619,0.9538441623232404,0.9781454205513,0.34260588288307164,0.750021631270647
residual_v2,54,polygonal_holes,169,private-source://routeA_experiments/data/prospective_ood_rd_hddm_alpha001_v2/polygonal_holes/sample_0169.npz,f8b53cb3fd333ee1cb8d8489fc281f46ff7543a5218086725429358ac90c93cd,0.0059909389819949865,0.07274676902221175,0.907339716040794,0.9699237942695618,0.450964108109474,0.8004449699819087
residual_v2,54,polygonal_holes,170,private-source://routeA_experiments/data/prospective_ood_rd_hddm_alpha001_v2/polygonal_holes/sample_0170.npz,531ec76af332ab8ef01be90231b69e059e9a8934f0f93d6913fbf46d169de030,0.00606057298136875,0.03145236400833003,0.27361981628805865,0.42157265543937683,0.1424448244273662,0.2357585597038269
residual_v2,54,polygonal_holes,171,private-source://routeA_experiments/data/prospective_ood_rd_hddm_alpha001_v2/polygonal_holes/sample_0171.npz,947ccbec00e5e3b68cdd69f3e3e633bff7ae1f93b4726f7be992a025d3253c92,0.006048621027730405,0.06364556392664279,0.8030967929476223,0.9415943026542664,0.3405634820461272,0.7237710255384441
residual_v2,54,polygonal_holes,172,private-source://routeA_experiments/data/prospective_ood_rd_hddm_alpha001_v2/polygonal_holes/sample_0172.npz,8f15a2b58c17b5976e89c7be705afee763ca28bc4cc10a072fc3068929a6a3fa,0.006024873000569642,0.05556393044687916,0.7550106047239458,0.8236021399497986,0.26844502836465833,0.6022146904468536
residual_v2,54,polygonal_holes,173,private-source://routeA_experiments/data/prospective_ood_rd_hddm_alpha001_v2/polygonal_holes/sample_0173.npz,44717b5111981b568d6b881d94fc32b107d2c09e4f89110f752fe8fd098ba1a9,0.00601612200262025,0.05730878446044539,0.5498140335808034,0.6770979762077332,0.31972975581884366,0.5260835283994675
residual_v2,54,polygonal_holes,174,private-source://routeA_experiments/data/prospective_ood_rd_hddm_alpha001_v2/polygonal_holes/sample_0174.npz,8b214cc2dccfbd9eeba4a0bbf1cf9592ace0d59fad777f0c1ef1da18aa1c1886,0.006020581000484526,0.05343586758762361,0.7171503706351182,0.8075422048568726,0.32562756389379466,0.716159662604332
residual_v2,54,polygonal_holes,175,private-source://routeA_experiments/data/prospective_ood_rd_hddm_alpha001_v2/polygonal_holes/sample_0175.npz,0704e3f9778f3aedbd42b0385e81de58d71e4c2be75d9f126126775ca2425f28,0.006033043027855456,0.04053677637954024,0.3679686919922524,0.46278876066207886,0.21981904953718184,0.3272231775522232
residual_v2,54,polygonal_holes,176,private-source://routeA_experiments/data/prospective_ood_rd_hddm_alpha001_v2/polygonal_holes/sample_0176.npz,a85484a8662f15305a5e709f13d1fa525a418acb00e7250756949427976b2dd8,0.006043987988959998,0.05593403709475903,0.844009243151204,0.9278497248888016,0.2710589423775673,0.6481598262488841
residual_v2,54,polygonal_holes,177,private-source://routeA_experiments/data/prospective_ood_rd_hddm_alpha001_v2/polygonal_holes/sample_0177.npz,e0a3dc9763664c7fd06c84abf04a136fb5cdfe6c731d8094dd3d83ab720c189f,0.0059706479660235345,0.056883341167113265,1.0108969741662905,0.945939302444458,0.2560296146199107,0.6810264536738395
residual_v2,54,polygonal_holes,178,private-source://routeA_experiments/data/prospective_ood_rd_hddm_alpha001_v2/polygonal_holes/sample_0178.npz,481ca6c6499705706c2f66d7e79f45ecb746cb561d6a77790784658abee41ffe,0.006079319049604237,0.06178254457022566,0.8557712143408099,0.9688630402088165,0.3240589305758474,0.7219273391366005
residual_v2,54,polygonal_holes,179,private-source://routeA_experiments/data/prospective_ood_rd_hddm_alpha001_v2/polygonal_holes/sample_0179.npz,e4bc203a85df9f9977404e82f55cafb59262bc1ce46ea6ffe3b6aa2d04c126dc,0.00608520902460441,0.0522483366403963,0.6404607777950875,0.7087065577507019,0.2931043148040767,0.6088335323333739
residual_v2,54,polygonal_holes,180,private-source://routeA_experiments/data/prospective_ood_rd_hddm_alpha001_v2/polygonal_holes/sample_0180.npz,81b84fdac3eccbe8d0928bc38881f8a0dd9d9e18b35f8f47b20caa177985fd3b,0.006009123986586928,0.055493457490450954,0.9600699588025363,0.9510250389575958,0.23547136336565017,0.795791762471199
residual_v2,54,polygonal_holes,181,private-source://routeA_experiments/data/prospective_ood_rd_hddm_alpha001_v2/polygonal_holes/sample_0181.npz,5b6cc5d652fa4a1c887c4b0c1e164cd672bb9f5061ad1afead3751e70b213514,0.006068426999263465,0.06120665017390012,0.7743798494835759,0.8511913418769836,0.40275047421455384,0.7714757257699966
residual_v2,54,polygonal_holes,182,private-source://routeA_experiments/data/prospective_ood_rd_hddm_alpha001_v2/polygonal_holes/sample_0182.npz,30d7eccb6acfa738a9e0d813c59d9fc3e7a337f419dc39e253bd748b1985e200,0.006072119052987546,0.062329834887473984,0.8258486243982561,0.9015223681926727,0.331223203241825,0.7297687688469886
residual_v2,54,polygonal_holes,183,private-source://routeA_experiments/data/prospective_ood_rd_hddm_alpha001_v2/polygonal_holes/sample_0183.npz,1373cf2f076ba6d96d76006b9bac7cafb13fe290e1c8db8eb0a021aa3ea6a877,0.005991980026010424,0.052729113445490285,0.5582974720361186,0.8192532062530518,0.2980850458145141,0.4971830603480339
residual_v2,54,polygonal_holes,184,private-source://routeA_experiments/data/prospective_ood_rd_hddm_alpha001_v2/polygonal_holes/sample_0184.npz,ea319e2f477b8255fcaca1a8e04826d40a2c73352b1e4d184424b4c62b2442f5,0.006042738037649542,0.06115495113269421,0.8177917232144689,0.8734803199768066,0.35176982879638663,0.7474246853590011
residual_v2,54,polygonal_holes,185,private-source://routeA_experiments/data/prospective_ood_rd_hddm_alpha001_v2/polygonal_holes/sample_0185.npz,d003b9495650cf787afd4d3ddc6d86135228d769f54ad6312a6280421a596e3a,0.006022795976605266,0.06393377101864599,1.1201574495287676,0.9897937923669815,0.2755958231631666,0.7922855420410633
residual_v2,54,polygonal_holes,186,private-source://routeA_experiments/data/prospective_ood_rd_hddm_alpha001_v2/polygonal_holes/sample_0186.npz,842bbbe7603fa9c66898e0d3e41112951c43fa2013c25eff012bda7d90c34fc1,0.006034121033735573,0.052841548750673,0.9708266043396593,0.8791249394416809,0.24178923442959777,0.6644512853026389
residual_v2,54,polygonal_holes,187,private-source://routeA_experiments/data/prospective_ood_rd_hddm_alpha001_v2/polygonal_holes/sample_0187.npz,cb2d55c7982505cee18ae54c10f3a2561c5ffa076d5725faf703948555a281cd,0.006051648990251124,0.057862176405589376,1.1617843660440224,0.9608465135097504,0.26169895818457006,0.6308534510433671
residual_v2,54,polygonal_holes,188,private-source://routeA_experiments/data/prospective_ood_rd_hddm_alpha001_v2/polygonal_holes/sample_0188.npz,f3741286ab69ced697a71881032f01ee4b24b51cbaa12f72c9ef12b3e4744498,0.006059667037334293,0.07774862500922104,0.6797731674610843,0.7733253836631775,0.48236788809299463,0.6401388585567473
residual_v2,54,polygonal_holes,189,private-source://routeA_experiments/data/prospective_ood_rd_hddm_alpha001_v2/polygonal_holes/sample_0189.npz,f7b805f25ec992fb94efd23e0f85f979f2cf9c135f8ef20d0de20cb17df22844,0.006038255000021309,0.06002390380653746,1.1438450622605856,0.9461373686790466,0.2732387944823131,0.7174578264541923
residual_v2,54,polygonal_holes,190,private-source://routeA_experiments/data/prospective_ood_rd_hddm_alpha001_v2/polygonal_holes/sample_0190.npz,dc1bbc2f69c79f99ee4574dff06f98bba6eb04d44fc3565781bf40b6efbb07e5,0.006693998002447188,0.06826537457121516,0.7593037467957051,0.8676514625549316,0.39413564801216106,0.6562638348340988
residual_v2,54,polygonal_holes,191,private-source://routeA_experiments/data/prospective_ood_rd_hddm_alpha001_v2/polygonal_holes/sample_0191.npz,f796f17a8112fa44e52a0f1a214586fb75df4a586120fd92593085ab7070cedd,0.00603532197419554,0.05349259416982389,0.5884850731949522,0.7331404983997345,0.3349238544702529,0.6029504439234733
residual_v2,54,polygonal_holes,192,private-source://routeA_experiments/data/prospective_ood_rd_hddm_alpha001_v2/polygonal_holes/sample_0192.npz,dda32192ec953c5b2b30b9664a031c0b2c32c18898206a837abd68a848dc6560,0.006727529980707914,0.05255387714187565,0.6501490604080121,0.7327297329902649,0.3043733537197113,0.6330612617731094
residual_v2,54,polygonal_holes,193,private-source://routeA_experiments/data/prospective_ood_rd_hddm_alpha001_v2/polygonal_holes/sample_0193.npz,a0ecfb23ec91938da78978e535237a93cd3cdb1418404474f7a4b8e5e18ecb0e,0.006712403031997383,0.05695543995190545,0.5321987333921779,0.7347615957260132,0.34283929467201213,0.54489711612463
residual_v2,54,polygonal_holes,194,private-source://routeA_experiments/data/prospective_ood_rd_hddm_alpha001_v2/polygonal_holes/sample_0194.npz,41a07014c34cd5ab4b6bf8fb836e352f25011d3d9ee8ab7718601b8708c98a50,0.006006552022881806,0.06134844964371546,0.6119867153170655,0.6786965131759644,0.37572543323039986,0.6003269642591477
residual_v2,54,polygonal_holes,195,private-source://routeA_experiments/data/prospective_ood_rd_hddm_alpha001_v2/polygonal_holes/sample_0195.npz,bd513e0febd4c5373d80e2b7dcdd2b9486ed4ac7e6bc9ee5eb9dc273983b9ffe,0.0059976300108246505,0.06113953043391078,1.1438393070071806,0.9541362822055817,0.2959104248206131,0.7415482561290264
residual_v2,54,polygonal_holes,196,private-source://routeA_experiments/data/prospective_ood_rd_hddm_alpha001_v2/polygonal_holes/sample_0196.npz,cb48f01e7dd800b18ce7cbe2c18858c2d9a44d38e5be7cf20f5254eafdbd0bf2,0.006111146998591721,0.06473910736584533,0.7654311322482213,0.8577573299407959,0.345864450931549,0.7012628564238548
residual_v2,54,polygonal_holes,197,private-source://routeA_experiments/data/prospective_ood_rd_hddm_alpha001_v2/polygonal_holes/sample_0197.npz,d9edb4456fdfb320e3e8eddde4e164e04f26d3682accae421c9cb62372882d05,0.006050522963050753,0.05998754251010395,0.6521474774759878,0.7764775156974792,0.3775876879692078,0.6613941037654876
residual_v2,54,polygonal_holes,198,private-source://routeA_experiments/data/prospective_ood_rd_hddm_alpha001_v2/polygonal_holes/sample_0198.npz,2bb222fb19e2658b1507bbec54c6820e146fa9b42297978674b5e3f02f9f1c57,0.00608450296567753,0.048962759739829886,0.5391415538682973,0.6861441433429718,0.3008565947413444,0.5118572154641151
residual_v2,54,polygonal_holes,199,private-source://routeA_experiments/data/prospective_ood_rd_hddm_alpha001_v2/polygonal_holes/sample_0199.npz,2eec775368a54d0cff3644f18d86a5d5b2aa3329ce09ee599ee904145cc74303,0.00597716897027567,0.061396143307582,0.6434201474860416,0.6987537741661072,0.395042312145233,0.6205880677700042
residual_v2,54,star_concave,0,private-source://routeA_experiments/data/prospective_ood_rd_hddm_alpha001_v2/star_concave/sample_0000.npz,009d2bb9aad63b794132f3b8fa2904650b88fb7b6b2d61561be4048deacc458b,0.005571878980845213,0.07691599694322246,0.6125913119640988,0.8226233124732971,0.4230513781309126,0.6726939916610717
residual_v2,54,star_concave,1,private-source://routeA_experiments/data/prospective_ood_rd_hddm_alpha001_v2/star_concave/sample_0001.npz,4e70bd655e98ee3d6e109ea5eb742794f0fa72f85104a738094fee80b6acaf70,0.0058883390156552196,0.07757299575173485,0.43131109052603284,0.5575107038021088,0.35685627013444904,0.4813654187321667
residual_v2,54,star_concave,2,private-source://routeA_experiments/data/prospective_ood_rd_hddm_alpha001_v2/star_concave/sample_0002.npz,fb14453d8d3f30cf873c46a5e14b387674862f03260073cd0d05ebb7cb7f1faa,0.005881459976080805,0.08345078320310494,0.7138723221291586,0.826570451259613,0.4728527009487152,0.7600848263502122
residual_v2,54,star_concave,3,private-source://routeA_experiments/data/prospective_ood_rd_hddm_alpha001_v2/star_concave/sample_0003.npz,7b84face7333f39614fc62902f773a61730f623c80ef7fa990749cc5c4756204,0.006902284047100693,0.06965933142670763,0.5085489085441527,0.705077052116394,0.38020181059837316,0.5951681065559389
residual_v2,54,star_concave,4,private-source://routeA_experiments/data/prospective_ood_rd_hddm_alpha001_v2/star_concave/sample_0004.npz,51a91eacf8ce921d71c6041d09cfae819f22d841cf2ffd3c2df664040d51186e,0.0071371509693562984,0.10089334422827323,0.5475408405225531,0.6786545813083649,0.4610447764396666,0.6232700252532962
residual_v2,54,star_concave,5,private-source://routeA_experiments/data/prospective_ood_rd_hddm_alpha001_v2/star_concave/sample_0005.npz,6e222ada1b7d437bd5643c1ff273ebd5652f1f27b6415d45a1958ab41cdbedf5,0.006906085007358342,0.08834480587466371,0.44870228687351305,0.5140907764434814,0.37650597095489496,0.45548182845115687
residual_v2,54,star_concave,6,private-source://routeA_experiments/data/prospective_ood_rd_hddm_alpha001_v2/star_concave/sample_0006.npz,b575a4b1e23727607195accc5ab1eb6869a2fe6423bab8f28602429896d7ffb8,0.006749256979674101,0.058305229610434904,0.31168414321682725,0.4891743063926697,0.2531412661075592,0.34827963113784793
residual_v2,54,star_concave,7,private-source://routeA_experiments/data/prospective_ood_rd_hddm_alpha001_v2/star_concave/sample_0007.npz,f97196e6f221830b1e3373486ee49466c07c1eb5991df8cbb16605589a488f5d,0.006647371978033334,0.09032169218324416,0.6233613545424473,0.7601985335350037,0.5020198628306386,0.6878674930334091
residual_v2,54,star_concave,8,private-source://routeA_experiments/data/prospective_ood_rd_hddm_alpha001_v2/star_concave/sample_0008.npz,244ac733232159a2a5cf34edfc0a50b5a2b69b36712de1f4063f137198172f85,0.005988046003039926,0.07240818191207196,0.423949674852801,0.6261857748031616,0.3145593434572221,0.4756351321935656
residual_v2,54,star_concave,9,private-source://routeA_experiments/data/prospective_ood_rd_hddm_alpha001_v2/star_concave/sample_0009.npz,865cc26d2e038bce27105da09cc105452f707c4d4a4472925cb326eed10ece20,0.006082823034375906,0.08666628752781075,0.602636941547638,0.7755168974399567,0.45473734587430886,0.6705577039718627
residual_v2,54,star_concave,10,private-source://routeA_experiments/data/prospective_ood_rd_hddm_alpha001_v2/star_concave/sample_0010.npz,1f4c91ba0f07fa9f6a175cb7d943878655d47fdbdb5f2efeac3ac31f77329fcd,0.005979855952318758,0.06432398202153608,0.39486280663604406,0.589272677898407,0.32392799854278564,0.4537554383277893
residual_v2,54,star_concave,11,private-source://routeA_experiments/data/prospective_ood_rd_hddm_alpha001_v2/star_concave/sample_0011.npz,d05537de94b82a7904e0ead39deb6c54104c0ef42cea8bd4e9988913d494a83b,0.0067313319887034595,0.08370136946793577,0.6436359948119972,0.7510705590248108,0.46399120092391966,0.6620361685752876
residual_v2,54,star_concave,12,private-source://routeA_experiments/data/prospective_ood_rd_hddm_alpha001_v2/star_concave/sample_0012.npz,847d2b1c823f4408679f58979310ced7f8afe8a4c3b19a24d4319e73d2076d28,0.006591932033188641,0.07349666282348902,0.5442603782141687,0.7154651284217834,0.38492821455001824,0.5982808995246884
residual_v2,54,star_concave,13,private-source://routeA_experiments/data/prospective_ood_rd_hddm_alpha001_v2/star_concave/sample_0013.npz,3fe68d6905e52aed96d1f6f6f4cbe94d1f51a46ec4751e2c26ac9892e870ac18,0.005925937963183969,0.07870764111902738,0.39671864716625643,0.6529432535171509,0.35687069892883255,0.49895262956619224
residual_v2,54,star_concave,14,private-source://routeA_experiments/data/prospective_ood_rd_hddm_alpha001_v2/star_concave/sample_0014.npz,98f86dc2bf4c9917d734d87999b0e333966cb92d96944b9e3a10a574bc3370b9,0.005728913994971663,0.08293673647908838,0.8069325629608581,0.9049533009529114,0.32852668762206966,0.7275151646137229
residual_v2,54,star_concave,15,private-source://routeA_experiments/data/prospective_ood_rd_hddm_alpha001_v2/star_concave/sample_0015.npz,fba340201e6025122f0cb1aa5a625e4ebb7a3504c0f9bf568c4b44c2453eab2f,0.007027403975371271,0.0811085896309571,0.4838157885615381,0.6248772144317627,0.4045722156763077,0.5485139977931976
residual_v2,54,star_concave,16,private-source://routeA_experiments/data/prospective_ood_rd_hddm_alpha001_v2/star_concave/sample_0016.npz,11c4e40719a66e3ebb706e7cb800f94d382019f44e94ec85fe48ea3ec624cc4b,0.005727167997974902,0.08164586092689499,0.6265110742387976,0.7542365193367004,0.4643186897039413,0.6932293754816043
residual_v2,54,star_concave,17,private-source://routeA_experiments/data/prospective_ood_rd_hddm_alpha001_v2/star_concave/sample_0017.npz,534607ed78b318ae68ab40a4d9a3980e1a5c64084762fc4b8475968cab9bb3bd,0.0061332989716902375,0.07774084808263536,0.7174888067195225,0.8675803244113922,0.4486258625984189,0.7731898927688594
residual_v2,54,star_concave,18,private-source://routeA_experiments/data/prospective_ood_rd_hddm_alpha001_v2/star_concave/sample_0018.npz,7adaa9e1f0617e585e5d168eb48820003ec9fc031681cd26516d363ffd04328d,0.00578378897625953,0.08765370015683287,0.5938325683581868,0.6985458731651306,0.4531977504491797,0.6447199332714075
residual_v2,54,star_concave,19,private-source://routeA_experiments/data/prospective_ood_rd_hddm_alpha001_v2/star_concave/sample_0019.npz,f3759305bef8481b2756c6d9ec9fee197aa11185d2fabb3a2e12ab02723ee5e0,0.005810965958517045,0.07507397442540112,0.37877706650143195,0.5721207857131958,0.3369878679513931,0.462978756427765
residual_v2,54,star_concave,20,private-source://routeA_experiments/data/prospective_ood_rd_hddm_alpha001_v2/star_concave/sample_0020.npz,dfd07f4fdae3c4b6150501a4e95619273fb09daa59e9478d21c8464a21d2ffc6,0.006163996004033834,0.08013409053597624,0.6452396086272666,0.7718333005905151,0.4768393158912658,0.7155634617805481
residual_v2,54,star_concave,21,private-source://routeA_experiments/data/prospective_ood_rd_hddm_alpha001_v2/star_concave/sample_0021.npz,3e932800183b8daa7efd551da65f2ff1400f15f2772817e610796baf64527c9a,0.006552263046614826,0.08687546208787875,0.5413159649580407,0.7042036056518555,0.43312201499939,0.604002657532692
residual_v2,54,star_concave,22,private-source://routeA_experiments/data/prospective_ood_rd_hddm_alpha001_v2/star_concave/sample_0022.npz,e59220a03ee588f4d0e70933b8159e2126e45953cd84f648928aedb295e2d081,0.006774370966013521,0.10613687668994655,0.6282996741609164,0.7586337924003601,0.5325653433799743,0.6764486312866209
residual_v2,54,star_concave,23,private-source://routeA_experiments/data/prospective_ood_rd_hddm_alpha001_v2/star_concave/sample_0023.npz,17bae540596796b03e7a95a97ad0cf945587f7ff8e9f44c9cce961c2574b81b0,0.0060811369912698865,0.08483835749425764,0.5656084784206851,0.7590557336807251,0.45651818811893463,0.6372249990701677
residual_v2,54,star_concave,24,private-source://routeA_experiments/data/prospective_ood_rd_hddm_alpha001_v2/star_concave/sample_0024.npz,9f190b5fe5c1ddecf149bf3831ed66888f1e09a84d81196006c11f5c214d28c6,0.00584417098434642,0.10427668089571217,0.6434020844709791,0.7901533246040344,0.5035826966166493,0.6920799785852434
residual_v2,54,star_concave,25,private-source://routeA_experiments/data/prospective_ood_rd_hddm_alpha001_v2/star_concave/sample_0025.npz,2add91952026915ae8ee90b1f1626a327209949a94357811791d4add186f8b6b,0.005662852025125176,0.07288500621603441,0.48629614189681764,0.6839856207370758,0.3853461742401122,0.5521529132127767
residual_v2,54,star_concave,26,private-source://routeA_experiments/data/prospective_ood_rd_hddm_alpha001_v2/star_concave/sample_0026.npz,7c60403165ae348c442df8620e166f060722ffe55139cb507fb6b3b0315acd67,0.006237115012481809,0.08304396846104238,0.6410211581549656,0.7506870627403259,0.4941977649927139,0.6754347717761991
residual_v2,54,star_concave,27,private-source://routeA_experiments/data/prospective_ood_rd_hddm_alpha001_v2/star_concave/sample_0027.npz,fcd28480ca1c369f591deb0760e991331bd2cf87de1f1ca707e06c2ffdf85715,0.006152335030492395,0.09342436652428288,0.6092748363680971,0.7615084648132324,0.4711097240447997,0.6587472325563423
residual_v2,54,star_concave,28,private-source://routeA_experiments/data/prospective_ood_rd_hddm_alpha001_v2/star_concave/sample_0028.npz,97d115498a24206fd9a94b8e6ea8743ffb7337ed20941efef291ca99b062fb3d,0.005684659001417458,0.09793691288284821,0.7351247678871919,0.8432650566101074,0.4852361664175982,0.7725093460083008
residual_v2,54,star_concave,29,private-source://routeA_experiments/data/prospective_ood_rd_hddm_alpha001_v2/star_concave/sample_0029.npz,b912306c3e4cf84f055f4027c6cbc49c3fe645a5fc0bf485bb647d711e1ff63b,0.0059672900242730975,0.07967214550320995,0.4522296871382185,0.5759566426277161,0.3718117892742155,0.4482657635211946
residual_v2,54,star_concave,30,private-source://routeA_experiments/data/prospective_ood_rd_hddm_alpha001_v2/star_concave/sample_0030.npz,1bd349edcd0fe24a85799a24dcbb53d56be86031ab54fcf679a4c4fde7107b8f,0.006121852027717978,0.08580520369109976,0.5388532779595074,0.7082177102565765,0.42923304438591003,0.5861712872982026
residual_v2,54,star_concave,31,private-source://routeA_experiments/data/prospective_ood_rd_hddm_alpha001_v2/star_concave/sample_0031.npz,3daaf895b3c605d8206001223ea51987d492384cfc95cffaef6b71828270eefc,0.00690648501040414,0.08979094593488823,0.6171806173770513,0.7450055480003357,0.4679724037647247,0.6271580767631533
residual_v2,54,star_concave,32,private-source://routeA_experiments/data/prospective_ood_rd_hddm_alpha001_v2/star_concave/sample_0032.npz,49be9ff94661381e2571a267aba1a2060d7d7268dd348b9eb212f6af9b9674e3,0.006727193016558886,0.08379566216212309,0.637092244980856,0.8241022825241089,0.46949963271617884,0.7531718403100967
residual_v2,54,star_concave,33,private-source://routeA_experiments/data/prospective_ood_rd_hddm_alpha001_v2/star_concave/sample_0033.npz,e906aed2368936d827726997a5afb6856dea5ac228d3b90f881ec10af09186d9,0.006413171999156475,0.07927586430194176,0.5954570372888573,0.7513693571090698,0.4661229670047758,0.6111829599738121
residual_v2,54,star_concave,34,private-source://routeA_experiments/data/prospective_ood_rd_hddm_alpha001_v2/star_concave/sample_0034.npz,ae0a839396f99c4485788322b985c85386b92669d4e870cd7a2410af15f5c24d,0.005804581975098699,0.07317013816170881,0.3326482862906164,0.5130873024463654,0.29406558722257614,0.4149835556745529
residual_v2,54,star_concave,35,private-source://routeA_experiments/data/prospective_ood_rd_hddm_alpha001_v2/star_concave/sample_0035.npz,fb59f617f0622c77d8fbb2f2fe1967a6c60ff2dc46aaa3b2084991efd399b23f,0.005770711984951049,0.08852799024018967,0.6453770017793411,0.7733732461929321,0.47433276772499033,0.6937346383929253
residual_v2,54,star_concave,36,private-source://routeA_experiments/data/prospective_ood_rd_hddm_alpha001_v2/star_concave/sample_0036.npz,528b84c8ea17fb027544a4127081236bfc722f3a0ec2d9cbe46edd1bbc9ae09d,0.006237790046725422,0.0875778234939153,0.6871664907312135,0.8256167769432068,0.48651414811610977,0.7427400887012482
residual_v2,54,star_concave,37,private-source://routeA_experiments/data/prospective_ood_rd_hddm_alpha001_v2/star_concave/sample_0037.npz,ce4278bd066e42581dd68ea2402f3e7e51495b54c38492e0d6cfe639baedcd5f,0.005717892025131732,0.08484818716256302,0.41751677058969683,0.5184205174446106,0.36425644010305414,0.45712950676679615
residual_v2,54,star_concave,38,private-source://routeA_experiments/data/prospective_ood_rd_hddm_alpha001_v2/star_concave/sample_0038.npz,6ba9092a7f68d6d13493fceadb5e908dc631b20b2a917da96f2634c547cb7849,0.006602298992220312,0.06983200271469646,0.36822908310502667,0.5386336445808411,0.3150351881980896,0.4566635048389437
residual_v2,54,star_concave,39,private-source://routeA_experiments/data/prospective_ood_rd_hddm_alpha001_v2/star_concave/sample_0039.npz,22652a3d0dc5499ddc059fd0199f955f000a9224a1f5619549bd84fa34b70755,0.0068525510141626,0.07951196053094571,0.5282745088965427,0.7112112641334534,0.4226628750562664,0.6608849412202835
residual_v2,54,star_concave,40,private-source://routeA_experiments/data/prospective_ood_rd_hddm_alpha001_v2/star_concave/sample_0040.npz,979af9334c1802b981da270d5875fa0c7b9ece1cdeae2d7ddab565fa7e35c3b0,0.006336105056107044,0.08193834209788475,0.5545947156240346,0.7021529078483582,0.42991084754466935,0.5951932197809217
residual_v2,54,star_concave,41,private-source://routeA_experiments/data/prospective_ood_rd_hddm_alpha001_v2/star_concave/sample_0041.npz,3e594e2e6d2ad746bc0157e3521e1d1f6090b162a1b92253789085a2dbb47654,0.006632795033510774,0.09401385045397824,0.5771068172219259,0.8020329475402832,0.43760684728622423,0.6383405327796934
residual_v2,54,star_concave,42,private-source://routeA_experiments/data/prospective_ood_rd_hddm_alpha001_v2/star_concave/sample_0042.npz,c4c10181a5a8723bab009727251b85f91867206e2a7e7b2f496d7cbd97bde9f3,0.005869497021194547,0.08538688432193019,0.6553023228094215,0.7952645421028137,0.46885238289833037,0.7283185431361199
residual_v2,54,star_concave,43,private-source://routeA_experiments/data/prospective_ood_rd_hddm_alpha001_v2/star_concave/sample_0043.npz,60596fdaece0c19a7997da29479b7375b7dab588e93a500a17be8ad6540c5652,0.006353873992338777,0.08403239657408942,0.5280615100806212,0.6071522235870361,0.4200248420238496,0.5519091910123824
residual_v2,54,star_concave,44,private-source://routeA_experiments/data/prospective_ood_rd_hddm_alpha001_v2/star_concave/sample_0044.npz,1383081fd3815f2104988ac35e4d709121c4e13596804ade49dc4e610ea86679,0.0058263500104658306,0.09898174151099724,0.6224488501877374,0.766876757144928,0.512949939072132,0.6887916547060011
residual_v2,54,star_concave,45,private-source://routeA_experiments/data/prospective_ood_rd_hddm_alpha001_v2/star_concave/sample_0045.npz,023263165e13e05a212e40ecd70a27ba52200197231297219582d7e5bba3dbe2,0.00668527401285246,0.09558529299367648,0.612528892565971,0.7736923098564148,0.4906618565320969,0.6856317764520625
residual_v2,54,star_concave,46,private-source://routeA_experiments/data/prospective_ood_rd_hddm_alpha001_v2/star_concave/sample_0046.npz,b15ee5f6922f4f24ee7033154d443e62434bd3a3733663097faabea670e06fc7,0.005770068964920938,0.06286153695688224,0.30190422349233803,0.43641138076782227,0.24012746810913085,0.351509628295898
residual_v2,54,star_concave,47,private-source://routeA_experiments/data/prospective_ood_rd_hddm_alpha001_v2/star_concave/sample_0047.npz,0dd14136387bff8f2e808a1c1b23f92c0b77dcb3e67f86d25f7d8837c77575de,0.006503241951577365,0.07689903674703298,0.4899551774986504,0.5714136362075806,0.4208201169967654,0.5134604430198668
residual_v2,54,star_concave,48,private-source://routeA_experiments/data/prospective_ood_rd_hddm_alpha001_v2/star_concave/sample_0048.npz,170d40f333deaba43a45d4d2ea6cd73468bae603f4b0069e39c6200efecb0bcf,0.0065597560023888946,0.05397378474999095,0.2771471318887618,0.4116080403327942,0.2224906086921692,0.32153037786483774
residual_v2,54,star_concave,49,private-source://routeA_experiments/data/prospective_ood_rd_hddm_alpha001_v2/star_concave/sample_0049.npz,3baa64b964e40f4d041934f78d820db94115a9f893482d40b5eb2c6868bd541f,0.006292905018199235,0.09930954389102643,0.7025840905388552,0.8133679032325745,0.5429701805114746,0.7682631969451904
residual_v2,54,star_concave,50,private-source://routeA_experiments/data/prospective_ood_rd_hddm_alpha001_v2/star_concave/sample_0050.npz,1736fc66548c7d2e863a00e32a752906c88a567b1201f17522a5ad4de2a710f4,0.006105578038841486,0.0857281936680548,0.6376586272698698,0.8316211700439453,0.46809583902358975,0.7166901469230652
residual_v2,54,star_concave,51,private-source://routeA_experiments/data/prospective_ood_rd_hddm_alpha001_v2/star_concave/sample_0051.npz,bbee14e14361425abba154c6f545f34a6bc8991bef7312742393d461406dd03c,0.006376388017088175,0.08334376089382514,0.5904903190534979,0.7255076169967651,0.4256819993257519,0.6357662630081167
residual_v2,54,star_concave,52,private-source://routeA_experiments/data/prospective_ood_rd_hddm_alpha001_v2/star_concave/sample_0052.npz,ed45abe2c84a6a7a838830e4de837fa03cd05b8d959f2f8f0ce1a9d1d8665108,0.006170557055156678,0.08717520535716156,0.6194107139857803,0.7457507252693176,0.49110767841339065,0.692586781978607
residual_v2,54,star_concave,53,private-source://routeA_experiments/data/prospective_ood_rd_hddm_alpha001_v2/star_concave/sample_0053.npz,2cde7d03eeb67287459dbeac592a42bb82c4515f561e6dd2b826e65efe9946be,0.00688011001329869,0.060167507175136595,0.31939547335133645,0.4950331449508667,0.24420326352119442,0.39630092442035725
residual_v2,54,star_concave,54,private-source://routeA_experiments/data/prospective_ood_rd_hddm_alpha001_v2/star_concave/sample_0054.npz,4cba00e0ed66cb2ac4d45603705ee8ce4570c268262d907c90c92a3a53a03f37,0.006469868996646255,0.07002552210260755,0.3632791698214254,0.5506879091262817,0.3089855045080184,0.4409636324644094
residual_v2,54,star_concave,55,private-source://routeA_experiments/data/prospective_ood_rd_hddm_alpha001_v2/star_concave/sample_0055.npz,dce22efcf9ad447d20a4f5bed0795d0132c8276ec8fd03667f04f5c47805d3f3,0.0067617890308611095,0.05809440946718291,0.32605254712411313,0.4603121280670166,0.288263565301895,0.41076406180858605
residual_v2,54,star_concave,56,private-source://routeA_experiments/data/prospective_ood_rd_hddm_alpha001_v2/star_concave/sample_0056.npz,235646d85b8c07970a3d8b865ffe8b58eda9eb036fb639d49673bb58d73de474,0.006607066025026143,0.07830152315172129,0.42765263171420764,0.5407711267471313,0.33669335395097666,0.48879927575588217
residual_v2,54,star_concave,57,private-source://routeA_experiments/data/prospective_ood_rd_hddm_alpha001_v2/star_concave/sample_0057.npz,fba47c2f217c4b06672bfd7c97f817bd5a9470721ee275dd6011e375a632fe55,0.006541994051076472,0.08387366284221788,0.5734366298337635,0.7523293495178223,0.4600552842020989,0.6292565575242043
residual_v2,54,star_concave,58,private-source://routeA_experiments/data/prospective_ood_rd_hddm_alpha001_v2/star_concave/sample_0058.npz,18c38148eac2df3c48d00500e74d23a957b100253e58db77dda149b67191d166,0.005806748988106847,0.08324929773355849,0.6085286001886012,0.7978253364562988,0.44819660186767557,0.6404887616634376
residual_v2,54,star_concave,59,private-source://routeA_experiments/data/prospective_ood_rd_hddm_alpha001_v2/star_concave/sample_0059.npz,f9d7dc0bbca24cb8eb66c7b813db7c767b0d3758dcf605d732bbcb3fea82bdc9,0.005750762007664889,0.08049169923393569,0.5732505047995925,0.6676417589187622,0.42513366341590886,0.5934968233108526
residual_v2,54,star_concave,60,private-source://routeA_experiments/data/prospective_ood_rd_hddm_alpha001_v2/star_concave/sample_0060.npz,ad8bdeb51e8207d14e6ab8946808203d53cfbcd39ebdfb58ff8542e60a2ce5f7,0.005880899028852582,0.0894146879291547,0.5543509216660644,0.7181069850921631,0.4483691453933715,0.5920557916164391
residual_v2,54,star_concave,61,private-source://routeA_experiments/data/prospective_ood_rd_hddm_alpha001_v2/star_concave/sample_0061.npz,6a8d098fa3cf0e8607b55e7b07d030a5a0586678285f123530f988ef18a29c9f,0.006377824989613146,0.09221641247617579,0.5828738867318259,0.6492656171321869,0.46339285373687744,0.6142009019851686
residual_v2,54,star_concave,62,private-source://routeA_experiments/data/prospective_ood_rd_hddm_alpha001_v2/star_concave/sample_0062.npz,af2aa6263843eda66dc7a1fab1c879ffb7c49c81b11d63bf66e6a1d95823b5c9,0.005909069033805281,0.06652363151099427,0.33665001794586963,0.40299350023269653,0.2981260538101196,0.3634698128700258
residual_v2,54,star_concave,63,private-source://routeA_experiments/data/prospective_ood_rd_hddm_alpha001_v2/star_concave/sample_0063.npz,1d64b549093de73ce0aefc5a37a4f60e6d676c1cd705eb98d536ff5d4bef87a7,0.006584769987966865,0.08807679672802167,0.5843328062032023,0.6859334409236908,0.4845594137907029,0.6165277588367463
residual_v2,54,star_concave,64,private-source://routeA_experiments/data/prospective_ood_rd_hddm_alpha001_v2/star_concave/sample_0064.npz,df2e0d7751b94355ed613e5666bca2fb52173d2dcd42ae84fc71ea01084f44df,0.005862827005330473,0.10207687314362184,0.6811956324646063,0.8097678422927856,0.5595963835716247,0.7485434347391127
residual_v2,54,star_concave,65,private-source://routeA_experiments/data/prospective_ood_rd_hddm_alpha001_v2/star_concave/sample_0065.npz,6be62c8bf97c5e0d45b37e969d56e99f2cd1a93cbfa17aff04e3123165f38d67,0.006467137020081282,0.09136919189291284,0.49352557799827934,0.6850253343582153,0.4215597853064537,0.6048604118824006
residual_v2,54,star_concave,66,private-source://routeA_experiments/data/prospective_ood_rd_hddm_alpha001_v2/star_concave/sample_0066.npz,0b6d24abc0a7ac7e8c177054dfeb0fe09760ac17f68380edd5064919b3f5a1cb,0.007007625012192875,0.08697557826374823,0.671526034984886,0.8036085367202759,0.42735403776168823,0.7050884008407596
residual_v2,54,star_concave,67,private-source://routeA_experiments/data/prospective_ood_rd_hddm_alpha001_v2/star_concave/sample_0067.npz,0ca774ec08694066988a6ae4ef908c7dfb68e93c52137929de1a67ca05e2995a,0.006727878004312515,0.07311625636097725,0.35839458638364424,0.4445621967315674,0.2867101281881334,0.41379943251609796
residual_v2,54,star_concave,68,private-source://routeA_experiments/data/prospective_ood_rd_hddm_alpha001_v2/star_concave/sample_0068.npz,e76410fee1405db62c2b1b1129e514e7332ae0d1c54b743f299ee2fd119d95d8,0.0060638400027528405,0.06441737862561482,0.5018366604731082,0.6059236824512482,0.3613143101334572,0.5113417196273807
residual_v2,54,star_concave,69,private-source://routeA_experiments/data/prospective_ood_rd_hddm_alpha001_v2/star_concave/sample_0069.npz,364b7c5d47826d22443658d1cb9c8b05008763aa6dd8a85bfa73678203751c21,0.005916100984904915,0.08618765745175971,0.5541364674510048,0.7015697658061981,0.4161791592836377,0.5842521020770073
residual_v2,54,star_concave,70,private-source://routeA_experiments/data/prospective_ood_rd_hddm_alpha001_v2/star_concave/sample_0070.npz,7ae2d6139034f24d5fa0ecd56cf638c38a469593bfea66160f4a003c37c778af,0.006021808017976582,0.09128351497576091,0.7299008289419724,0.8699314296245575,0.5235316157341003,0.7679004669189453
residual_v2,54,star_concave,71,private-source://routeA_experiments/data/prospective_ood_rd_hddm_alpha001_v2/star_concave/sample_0071.npz,387823e996225fc808f345546490c6cfd199eedc7843a0aa5f39fe248acd4320,0.005953254003543407,0.09775732773062525,0.735180240922453,0.8659853935241699,0.5214976668357849,0.8068412244319916
residual_v2,54,star_concave,72,private-source://routeA_experiments/data/prospective_ood_rd_hddm_alpha001_v2/star_concave/sample_0072.npz,35ccb4b6c6fd7f8c488468219502bff16e032bd7df63bc8f74d635a6bc181457,0.0056498710182495415,0.09138471146856872,0.4439814088947644,0.609900951385498,0.3829952776432035,0.5007042908668515
residual_v2,54,star_concave,73,private-source://routeA_experiments/data/prospective_ood_rd_hddm_alpha001_v2/star_concave/sample_0073.npz,2738195cdbe5996a364285abc0046a1cb2d15377f53b9fe666c06434481dc2f6,0.005781104962807149,0.09083740790669186,0.8598554000111502,0.927647590637207,0.3526552423834798,0.742814186215402
residual_v2,54,star_concave,74,private-source://routeA_experiments/data/prospective_ood_rd_hddm_alpha001_v2/star_concave/sample_0074.npz,d0d1391ed00492cecce69dfa827b340324d88adf3a584bf7899bf2ea4cc0314a,0.006054005993064493,0.08813171236747905,0.705260856146465,0.8416903018951416,0.4479604214429851,0.7873144799470901
residual_v2,54,star_concave,75,private-source://routeA_experiments/data/prospective_ood_rd_hddm_alpha001_v2/star_concave/sample_0075.npz,592a563399989b953ca42755b7dcf3082863fbc8512c089d574642d62bfa768f,0.006617722974624485,0.06767070514403356,0.40830968705663145,0.6410045623779297,0.3144175469875327,0.5733144950866697
residual_v2,54,star_concave,76,private-source://routeA_experiments/data/prospective_ood_rd_hddm_alpha001_v2/star_concave/sample_0076.npz,833a3a6d3d9ddba1bac61edee72bfdfb032a4ad685b0cec46d80805537b407fb,0.006949187954887748,0.06300581549122555,0.29993406203769385,0.3824654519557953,0.265402227640152,0.3431696772575377
residual_v2,54,star_concave,77,private-source://routeA_experiments/data/prospective_ood_rd_hddm_alpha001_v2/star_concave/sample_0077.npz,cfd4cb676fb49608dfc569217160e8783cceaeb7579e08c111f5b81d17f661e2,0.006502542004454881,0.09421083405268481,0.6356105737567295,0.7163706421852112,0.5239503979682922,0.6790847182273865
residual_v2,54,star_concave,78,private-source://routeA_experiments/data/prospective_ood_rd_hddm_alpha001_v2/star_concave/sample_0078.npz,7f023420213a2f7e2fd89a7dba911906863dce1e53ef77466750637ab128e623,0.0063570490456186235,0.077146020414431,0.5296112846065407,0.6668278872966766,0.4132618486881253,0.5757074451446532
residual_v2,54,star_concave,79,private-source://routeA_experiments/data/prospective_ood_rd_hddm_alpha001_v2/star_concave/sample_0079.npz,af0530854ecbd25049782a6643d0e28babcca47a66f81ffebbdeb2bee3d4add5,0.005680945003405213,0.09164232384885238,0.5194135530489719,0.7210838794708252,0.46166160702705383,0.6005234867334366
residual_v2,54,star_concave,80,private-source://routeA_experiments/data/prospective_ood_rd_hddm_alpha001_v2/star_concave/sample_0080.npz,0d8bf642f804cdb4c44ec3c97a7c8aa4aee2892c6e9e3f5615119b6231c98adb,0.0061384179862216115,0.10134721617818056,0.6723451507282249,0.8337498903274536,0.5309196516871443,0.7314721179008482
residual_v2,54,star_concave,81,private-source://routeA_experiments/data/prospective_ood_rd_hddm_alpha001_v2/star_concave/sample_0081.npz,fcf2bf5bfee08e8bfdd64849976df45af7e75bffcb95d99bd5340ec6e971576b,0.006683596991933882,0.08237807650454615,0.6244093982447207,0.818381279706955,0.4476744979619976,0.659048408269882
residual_v2,54,star_concave,82,private-source://routeA_experiments/data/prospective_ood_rd_hddm_alpha001_v2/star_concave/sample_0082.npz,eecebee0f558d9151ce9118d6aed764ce2ca8fb51723395fa7340defaa974edd,0.006315337028354406,0.08030583748006073,0.8439206738676615,0.8976348340511322,0.24811803698539744,0.6848465412855171
residual_v2,54,star_concave,83,private-source://routeA_experiments/data/prospective_ood_rd_hddm_alpha001_v2/star_concave/sample_0083.npz,e5abdab9321ee56ed869ed460fa271c06a6390dc7c65469ad1fde0bfbc3f052e,0.006541385024320334,0.08484088148188891,0.7219298536606508,0.8650869727134705,0.44782857596874215,0.7508254909515375
residual_v2,54,star_concave,84,private-source://routeA_experiments/data/prospective_ood_rd_hddm_alpha001_v2/star_concave/sample_0084.npz,42b2e9080004dd7e87c755cf533ee961aee427788297acc5e783f709e47baeb3,0.006049435993190855,0.09788489753905494,0.6613499664747208,0.8026198744773865,0.4991782009601586,0.7313080516457561
residual_v2,54,star_concave,85,private-source://routeA_experiments/data/prospective_ood_rd_hddm_alpha001_v2/star_concave/sample_0085.npz,307c7f1bcc7bff44abcc6a30dc1e3969ede6f73df314300a047b61ccf6c3a378,0.005796625977382064,0.07548554934676457,0.6057887605051979,0.7741601467132568,0.4051954746246338,0.6923597812652589
residual_v2,54,star_concave,86,private-source://routeA_experiments/data/prospective_ood_rd_hddm_alpha001_v2/star_concave/sample_0086.npz,b3bb0c62290c26c875c27ae948d6b587087d0569c3f356201eb0f22fdb2a3e09,0.006628950999584049,0.09415504482613597,0.679391959937792,0.8322784304618835,0.5160136163234713,0.73428018450737
residual_v2,54,star_concave,87,private-source://routeA_experiments/data/prospective_ood_rd_hddm_alpha001_v2/star_concave/sample_0087.npz,7dbf43fba15e26840cbf500867302ab7673d25663cd48115751bfd9162ec41f8,0.006174444977659732,0.0829082220360113,0.38501662154709576,0.4783434271812439,0.323658150434494,0.40676575899124157
residual_v2,54,star_concave,88,private-source://routeA_experiments/data/prospective_ood_rd_hddm_alpha001_v2/star_concave/sample_0088.npz,46b403b9b0883fb6fafe6d706ff132a9019b0523c686f8c32b2cf73973dc110b,0.005731011973693967,0.0870167395755528,0.6486903867421467,0.8457650542259216,0.5189256250858301,0.696179947853088
residual_v2,54,star_concave,89,private-source://routeA_experiments/data/prospective_ood_rd_hddm_alpha001_v2/star_concave/sample_0089.npz,4b05a4955d6129f9c7936385ebb4ab230f3bef639b45cb994afa8092d2aa1480,0.006280056957621127,0.0819072799106487,0.681057122875801,0.796333909034729,0.45434823036193733,0.7329029369354247
residual_v2,54,star_concave,90,private-source://routeA_experiments/data/prospective_ood_rd_hddm_alpha001_v2/star_concave/sample_0090.npz,562c2f1d56afdd8da2679e39e24f0681dfc71b8a722e546b74aa0f3f574a15bc,0.005891464999876916,0.08426564866815543,0.6024026713347215,0.7174645066261292,0.44004321098327637,0.635908432006835
residual_v2,54,star_concave,91,private-source://routeA_experiments/data/prospective_ood_rd_hddm_alpha001_v2/star_concave/sample_0091.npz,f841635f22b41963248fac05366396a38bf40de493e33e45588fb8fd0d09f968,0.006024752045050263,0.08470666565109897,0.6489415235425461,0.8051983118057251,0.5013508796691891,0.7121787023544311
residual_v2,54,star_concave,92,private-source://routeA_experiments/data/prospective_ood_rd_hddm_alpha001_v2/star_concave/sample_0092.npz,a4d8c9efc38c8dccdb95d6c4299d63e986137338f9a4d90ce862e166f09abfc5,0.006173681991640478,0.09486580729303808,0.6384231507534055,0.814371645450592,0.4615096569061281,0.696146084666252
residual_v2,54,star_concave,93,private-source://routeA_experiments/data/prospective_ood_rd_hddm_alpha001_v2/star_concave/sample_0093.npz,aaa767ef1eddfd044b5bf6a9fbef6b61dc5de5a86360570f0a77b5f524e97dce,0.006019992986693978,0.09315348576276054,0.7015119189755424,0.8443120419979095,0.49526361897587745,0.7668929558992384
residual_v2,54,star_concave,94,private-source://routeA_experiments/data/prospective_ood_rd_hddm_alpha001_v2/star_concave/sample_0094.npz,a154a56ddefca8edbcf263aff519e91ce0f4e58465c7717e79c68dc97d11b9cd,0.0059629190363921225,0.05634100737942362,0.2692156202907007,0.3904476761817932,0.23114345967769623,0.31454086005687715
residual_v2,54,star_concave,95,private-source://routeA_experiments/data/prospective_ood_rd_hddm_alpha001_v2/star_concave/sample_0095.npz,610bda6ba90ca73114af1042f6933531fbea7cab4fd66994183455d85a6010af,0.00608319096500054,0.0907385593164463,0.4966786742391782,0.6321858167648315,0.4365113772451876,0.5836370778083804
residual_v2,54,star_concave,96,private-source://routeA_experiments/data/prospective_ood_rd_hddm_alpha001_v2/star_concave/sample_0096.npz,7917e7c1d6f0406fa9182f86bd5be59e3098f4dcff79f5930d3877b0a1e63145,0.006178225041367114,0.07285739690037164,0.5213405944765855,0.6825462579727173,0.40077724754810273,0.5425121021270755
residual_v2,54,star_concave,97,private-source://routeA_experiments/data/prospective_ood_rd_hddm_alpha001_v2/star_concave/sample_0097.npz,7d62afce33a59e7363d7fc907585bfe008936306d94881e9a078db26dc18157a,0.0057926769950427115,0.10878455998216718,0.5747208326858004,0.6259253025054932,0.44159695506095886,0.5533136427402496
residual_v2,54,star_concave,98,private-source://routeA_experiments/data/prospective_ood_rd_hddm_alpha001_v2/star_concave/sample_0098.npz,82c3fdcc10ce0484d81abe39a21224cfecabe860524345fd21840bdeb8f08905,0.006918937026057392,0.06499202846182404,0.4135944176367354,0.46182548999786377,0.35542113333940506,0.44089359045028714
residual_v2,54,star_concave,99,private-source://routeA_experiments/data/prospective_ood_rd_hddm_alpha001_v2/star_concave/sample_0099.npz,42899fd8a5f5a539afe710561c1d64b294124afd2a7fa4d6bfdc8dbb4cf853ae,0.006139847042504698,0.048971345242341126,0.24036359720503175,0.38153010606765747,0.20647852420806842,0.2988868969678879
residual_v2,54,star_concave,100,private-source://routeA_experiments/data/prospective_ood_rd_hddm_alpha001_v2/star_concave/sample_0100.npz,b2799e0a19e65139cf29cb348720c12f52c75ee9aecd3d993b39ffd6d77a7136,0.005981369991786778,0.10356394574232777,0.6535426921282184,0.771683394908905,0.5260323584079738,0.6919438707828522
residual_v2,54,star_concave,101,private-source://routeA_experiments/data/prospective_ood_rd_hddm_alpha001_v2/star_concave/sample_0101.npz,77f5771f7fb6794527efaea4da878ab24f6c10142a63483a9d2d7d0cc360d2d1,0.005716868967283517,0.08479116357515856,0.45517933685230927,0.5703835487365723,0.39185620844364166,0.5029762953519817
residual_v2,54,star_concave,102,private-source://routeA_experiments/data/prospective_ood_rd_hddm_alpha001_v2/star_concave/sample_0102.npz,7809a5edfb14edaf519c2b3af3950525a2e8c8a8afca6a8cd20dad8cca2ff262,0.006276581960264593,0.0899634801736828,0.6220841251440857,0.8012387156486511,0.4778086096048355,0.6453795880079269
residual_v2,54,star_concave,103,private-source://routeA_experiments/data/prospective_ood_rd_hddm_alpha001_v2/star_concave/sample_0103.npz,1e622b0f01095983080bae30dd0105f2b63383dbb92566dee14bdc6b21842e3a,0.005799298000056297,0.08470326993123807,0.5772629685149923,0.6849099397659302,0.45363320112228384,0.6428141701221466
residual_v2,54,star_concave,104,private-source://routeA_experiments/data/prospective_ood_rd_hddm_alpha001_v2/star_concave/sample_0104.npz,a586ef53200f2a2874d0bec4d38d819164ee1ad51b9a31172756a0acac53eb4f,0.006203771976288408,0.08264977678091966,0.5267225982660703,0.6727772951126099,0.42615902125835387,0.5868893611431121
residual_v2,54,star_concave,105,private-source://routeA_experiments/data/prospective_ood_rd_hddm_alpha001_v2/star_concave/sample_0105.npz,fbe036f3ba7e29c58ad15958277e4f0a631d9dbe9c9738a712d0e120979da252,0.005654853011947125,0.08855530807138118,0.523604574097622,0.662241518497467,0.44442017376422843,0.5869909107685091
residual_v2,54,star_concave,106,private-source://routeA_experiments/data/prospective_ood_rd_hddm_alpha001_v2/star_concave/sample_0106.npz,77ee446c4ec99eb4a4a69271d7442b40755008e0ba89f52f06102e4951fdcc97,0.006117721961345524,0.08594626008307839,0.6116248726237545,0.7570706903934479,0.4700078964233395,0.685203585028648
residual_v2,54,star_concave,107,private-source://routeA_experiments/data/prospective_ood_rd_hddm_alpha001_v2/star_concave/sample_0107.npz,9909df5b2c8cb43975e27322a09dd30924b8b2486f3909f2d4c0263e6a420e1d,0.005824475956615061,0.08643245557407894,0.6193309724778656,0.7167723178863525,0.4877480834722516,0.6680776143074034
residual_v2,54,star_concave,108,private-source://routeA_experiments/data/prospective_ood_rd_hddm_alpha001_v2/star_concave/sample_0108.npz,f14296487a120c18b86ed5166d56b76a1092cb2d50d54253bdd3df784730f435,0.005599219002760947,0.08929378494577804,0.5782599932340479,0.6827807426452637,0.46443188190460205,0.6204254269599915
residual_v2,54,star_concave,109,private-source://routeA_experiments/data/prospective_ood_rd_hddm_alpha001_v2/star_concave/sample_0109.npz,5efae8b79d62692fd4d6c11d4acd9743008b0f6f1cfb22f8da84314c1ee13027,0.006070645002182573,0.08663052575652393,0.48638591730816055,0.6217067241668701,0.4024268180131907,0.514171394109726
residual_v2,54,star_concave,110,private-source://routeA_experiments/data/prospective_ood_rd_hddm_alpha001_v2/star_concave/sample_0110.npz,6bee368483186df489d00f012aa97037205449bd3f079d246194cff1b1db79de,0.006231344013940543,0.08337478072602564,0.5537517808087867,0.7378945350646973,0.4020920276641844,0.6520195341110231
residual_v2,54,star_concave,111,private-source://routeA_experiments/data/prospective_ood_rd_hddm_alpha001_v2/star_concave/sample_0111.npz,fd36365012b8b08fa6dc5f679418b95a812fb25fcf02da8f8a2d78a1da20b90c,0.005720584013033658,0.0714774901980172,0.45009968066330563,0.5970238447189331,0.36309957206249244,0.4889979687333108
residual_v2,54,star_concave,112,private-source://routeA_experiments/data/prospective_ood_rd_hddm_alpha001_v2/star_concave/sample_0112.npz,b196163e725c5f13e063b03c2f311a38a83498677188bbaf9ac548c04137ff1d,0.005682675982825458,0.07539209445207919,0.5280859621144378,0.6421099901199341,0.41674647033214524,0.5539745420217511
residual_v2,54,star_concave,113,private-source://routeA_experiments/data/prospective_ood_rd_hddm_alpha001_v2/star_concave/sample_0113.npz,7658116c35833629bbbdd3be7ac254197c8b3f70373a5754e1852a1c944adc54,0.006004630995448679,0.06028869336345664,0.3242292333504717,0.5290861129760742,0.2632581919431684,0.45353874444961534
residual_v2,54,star_concave,114,private-source://routeA_experiments/data/prospective_ood_rd_hddm_alpha001_v2/star_concave/sample_0114.npz,8f464174cd05f745a11b44e72ec62293d308f5bfee0b7c4c97ee27afabc9bf12,0.005802350002340972,0.09304081337347786,0.5455975526470708,0.6201920509338379,0.43729116916656496,0.5380468761920929
residual_v2,54,star_concave,115,private-source://routeA_experiments/data/prospective_ood_rd_hddm_alpha001_v2/star_concave/sample_0115.npz,55f49c70429cd725bd076dc190ba781d383feb5f68c35cbb727215adf3ca2cec,0.005940285045653582,0.08596186118996331,0.6871481898698145,0.8277148604393005,0.5098678112030032,0.731236890554428
residual_v2,54,star_concave,116,private-source://routeA_experiments/data/prospective_ood_rd_hddm_alpha001_v2/star_concave/sample_0116.npz,33ab98c78fdf1aa6324852fc2a61462352f31e540635776c19a0a5cb1b72349f,0.005796581972390413,0.05942170977988718,0.2872630813040646,0.367525577545166,0.2428540587425232,0.3119304239749902
residual_v2,54,star_concave,117,private-source://routeA_experiments/data/prospective_ood_rd_hddm_alpha001_v2/star_concave/sample_0117.npz,63ca60b899abf7eb56048e8d86ac5f797ba727942040871be466de9220f807c3,0.005893848021514714,0.0789837579599155,0.6303562726075596,0.7587704658508301,0.47106146812438965,0.6951786279678338
residual_v2,54,star_concave,118,private-source://routeA_experiments/data/prospective_ood_rd_hddm_alpha001_v2/star_concave/sample_0118.npz,5e1445f7a185641f6adb0d6871fb8cbda8664f8551f637d8f69b41e8462db0b1,0.006586714996956289,0.08853496941521101,0.6168513816985183,0.744207501411438,0.48142917752265874,0.6580208718776698
residual_v2,54,star_concave,119,private-source://routeA_experiments/data/prospective_ood_rd_hddm_alpha001_v2/star_concave/sample_0119.npz,781b03ef3e3e9f67cd090b7ccee86f87669c7a22a2e3aa0b82e4560d2b21820f,0.005871428002137691,0.07688848845292916,0.6184780816148998,0.7407215237617493,0.45164083242416286,0.6379920488595958
residual_v2,54,star_concave,120,private-source://routeA_experiments/data/prospective_ood_rd_hddm_alpha001_v2/star_concave/sample_0120.npz,476685abe2472a157969c1f5a839fe7f1aded68fd5977ece1881cb5d6ed61345,0.006041674001608044,0.07648538483161028,0.5056713392699793,0.622620701789856,0.3938123807311054,0.5132460504770274
residual_v2,54,star_concave,121,private-source://routeA_experiments/data/prospective_ood_rd_hddm_alpha001_v2/star_concave/sample_0121.npz,d44dd313ef06efdc53842cbcd25e7c94f8002b26269a8d974d6b4e2189c7cf49,0.006059013016056269,0.07672740555927539,0.5206375390017596,0.710314929485321,0.4054180383682251,0.562584722042084
residual_v2,54,star_concave,122,private-source://routeA_experiments/data/prospective_ood_rd_hddm_alpha001_v2/star_concave/sample_0122.npz,7c749504b1437233839eacfc2c94c00613d75381374e8f1ac33b9197daf4612f,0.006170395005028695,0.09414804860320358,0.6204684398960886,0.7426034808158875,0.5004065752029419,0.693048369884491
residual_v2,54,star_concave,123,private-source://routeA_experiments/data/prospective_ood_rd_hddm_alpha001_v2/star_concave/sample_0123.npz,2f7b8f1084aa65d36f64bdfd0ad63dba1070e18b385551aaeeed4bd3345d07eb,0.0058664780226536095,0.08037290098318685,0.5977209088923708,0.7596656084060669,0.45697748064994803,0.6799326634407041
residual_v2,54,star_concave,124,private-source://routeA_experiments/data/prospective_ood_rd_hddm_alpha001_v2/star_concave/sample_0124.npz,ee8cc9c9780afa5d2b0a24922a73005506c2939875b3c50b69bf8b4fb4097be6,0.005854943010490388,0.0905703413894954,0.5703419470081332,0.683452844619751,0.46892929971218106,0.6149818235635754
residual_v2,54,star_concave,125,private-source://routeA_experiments/data/prospective_ood_rd_hddm_alpha001_v2/star_concave/sample_0125.npz,95c3cac8c54fe43f20a59431a44f07cf020825ee735ba75cd2bc048b4c3859ba,0.006064341985620558,0.08336254958582821,0.6590204882072314,0.8131678700447083,0.4610411167144777,0.7146766343712789
residual_v2,54,star_concave,126,private-source://routeA_experiments/data/prospective_ood_rd_hddm_alpha001_v2/star_concave/sample_0126.npz,92785828d21aa7474cbb2eead5c468fc662d8408973e402dbf64a5491b7aa6d3,0.006147833017166704,0.05994825494216896,0.2791409862436947,0.3444647789001465,0.23640676736831664,0.2880145835876465
residual_v2,54,star_concave,127,private-source://routeA_experiments/data/prospective_ood_rd_hddm_alpha001_v2/star_concave/sample_0127.npz,6240432158188c6377d1af044607ddc0d26482f74bd3ca875898f7064546cc93,0.0064503109897486866,0.07460079563814141,0.533142067171568,0.6712473630905151,0.4101164638996124,0.5963315045833586
residual_v2,54,star_concave,128,private-source://routeA_experiments/data/prospective_ood_rd_hddm_alpha001_v2/star_concave/sample_0128.npz,0b59ec75f4c8496864064dfb32ae8a9d4126678dbd85fe5bd0591e5216f96aad,0.0065378539729863405,0.06991696639780351,0.37628626749313804,0.5369143784046173,0.33399402499198877,0.4342655751109124
residual_v2,54,star_concave,129,private-source://routeA_experiments/data/prospective_ood_rd_hddm_alpha001_v2/star_concave/sample_0129.npz,490cffc887e2ec71d5a39def540ee809507583f309dc44b073e953a6e4be1aae,0.0055400870041921735,0.08105860020854655,0.4830918576652291,0.5791287124156952,0.40440881550312047,0.519233126938343
residual_v2,54,star_concave,130,private-source://routeA_experiments/data/prospective_ood_rd_hddm_alpha001_v2/star_concave/sample_0130.npz,4d1e8d96d7fcb07225ed2c80819afd45bed479d7b0276561f62b212b99b225f9,0.006165869999676943,0.07167235205392318,0.4131437993658984,0.565512478351593,0.34539395719766613,0.4552356824278831
residual_v2,54,star_concave,131,private-source://routeA_experiments/data/prospective_ood_rd_hddm_alpha001_v2/star_concave/sample_0131.npz,e67f5f3314eb9639b1a29bc2cf34e4154f8c3a4c6aa5b1e046f23015f1913345,0.006404632003977895,0.08689536564966963,0.601421254870891,0.7849124670028687,0.4684468179941177,0.7135054123401643
residual_v2,54,star_concave,132,private-source://routeA_experiments/data/prospective_ood_rd_hddm_alpha001_v2/star_concave/sample_0132.npz,efbafa19d305c98c4298b184f17160dd263aea854458f681e045011684a4500f,0.005825281026773155,0.09817995236784927,0.6980896819148004,0.8250287175178528,0.5576328366994857,0.7564410972595211
residual_v2,54,star_concave,133,private-source://routeA_experiments/data/prospective_ood_rd_hddm_alpha001_v2/star_concave/sample_0133.npz,ac5b59374058467ba8a0e8d1038c302b291ebfe33dddcefd3485c09e5e9db034,0.00580201402772218,0.08363630384867723,0.4842836563510061,0.6057784557342529,0.41573965549468994,0.5122359991073611
residual_v2,54,star_concave,134,private-source://routeA_experiments/data/prospective_ood_rd_hddm_alpha001_v2/star_concave/sample_0134.npz,698cdfaf758c0ce8534b7887fe5c24d821ec04157ead34e39f7d1688a4d1fee6,0.006051929027307779,0.09427230645515705,0.5665980869493892,0.725538045167923,0.5123385727405547,0.6565941548347478
residual_v2,54,star_concave,135,private-source://routeA_experiments/data/prospective_ood_rd_hddm_alpha001_v2/star_concave/sample_0135.npz,0d0c4a18379290c731fed21f2627bb012972aa932a5c0fa3600440ca617362f5,0.0055212610168382525,0.08132576389382185,0.49526090063126327,0.6459965109825134,0.4094287037849426,0.5295435118675232
residual_v2,54,star_concave,136,private-source://routeA_experiments/data/prospective_ood_rd_hddm_alpha001_v2/star_concave/sample_0136.npz,a21474628f5ea2e01e6c6c31400fa79e80f00f083e5762d1d2ec8da62832bf51,0.00609129702206701,0.07972692974846844,0.5064247855445757,0.6047971248626709,0.39579160511493683,0.5194166675209999
residual_v2,54,star_concave,137,private-source://routeA_experiments/data/prospective_ood_rd_hddm_alpha001_v2/star_concave/sample_0137.npz,32270c08d5c4d02df1b251216ac2ec68396e8de703996d34c566047242ecf071,0.0062299660057760775,0.08605117154269659,0.7383748751635303,0.8395210206508636,0.41051478981971723,0.7306483605504036
residual_v2,54,star_concave,138,private-source://routeA_experiments/data/prospective_ood_rd_hddm_alpha001_v2/star_concave/sample_0138.npz,56a5ba648e8989fd8e4fc2b097d1cf6bbd55365822d1df293d231a02772f474f,0.005941348033957183,0.07318583673242106,0.5256212343495402,0.6703864336013794,0.4282763600349426,0.5933959364891067
residual_v2,54,star_concave,139,private-source://routeA_experiments/data/prospective_ood_rd_hddm_alpha001_v2/star_concave/sample_0139.npz,50a825fb9f6a3ca2a14f234f813b84e2393c4954818d874df32d742dd2c44f7b,0.005658525973558426,0.08580539216728766,0.5321029061863848,0.6798123717308044,0.42104566842317576,0.5639684990048408
residual_v2,54,star_concave,140,private-source://routeA_experiments/data/prospective_ood_rd_hddm_alpha001_v2/star_concave/sample_0140.npz,6eed5033eeb5de188451d9e26ad8eacf53f167e16caf0c850f271c37e72a7343,0.00588112702826038,0.06070470753987453,0.34072630072068394,0.6025898456573486,0.2835208773612976,0.37704874575138053
residual_v2,54,star_concave,141,private-source://routeA_experiments/data/prospective_ood_rd_hddm_alpha001_v2/star_concave/sample_0141.npz,a907cd099a64c8511634df9793e5009356b21e455167b82fc179a582273ad2e0,0.00679984298767522,0.060483237490774354,0.2871449641677661,0.41495102643966675,0.2395328462123871,0.3271339988708496
residual_v2,54,star_concave,142,private-source://routeA_experiments/data/prospective_ood_rd_hddm_alpha001_v2/star_concave/sample_0142.npz,c351df90c2012fee03b759f7e74a2cc328cbd5e58c5ca8cb337cbb12147212f7,0.005788311013020575,0.08245603724467719,0.5177532787997308,0.6549192368984222,0.43993615359067917,0.5739348322153092
residual_v2,54,star_concave,143,private-source://routeA_experiments/data/prospective_ood_rd_hddm_alpha001_v2/star_concave/sample_0143.npz,098448b2527ae0bc73253fde5c87522c791cf59537cba8edcd6d7caf1b4e6865,0.006648885027971119,0.08777943186788761,0.8306735937082372,0.8846425414085388,0.4559456299990412,0.7809571242332457
residual_v2,54,star_concave,144,private-source://routeA_experiments/data/prospective_ood_rd_hddm_alpha001_v2/star_concave/sample_0144.npz,36e501d5cd401896953395e689dd63829d255ca199339df9d550472e654739f2,0.006830101017840207,0.10162732246289424,0.5716803499834086,0.6933280229568481,0.4997342929244042,0.6322014939785005
residual_v2,54,star_concave,145,private-source://routeA_experiments/data/prospective_ood_rd_hddm_alpha001_v2/star_concave/sample_0145.npz,0ad05974dcc3a0058ef1c0d09bc6dac91b0ff378c5f5b05dd51a53e776b533f1,0.006903567991685122,0.09794194468115598,0.7023404178280137,0.8315472602844238,0.5464917421340942,0.7792790979146957
residual_v2,54,star_concave,146,private-source://routeA_experiments/data/prospective_ood_rd_hddm_alpha001_v2/star_concave/sample_0146.npz,04fe2315b6738e155a6f486405ee2732ffd869607809f609396295991e3da6ca,0.006764519028365612,0.07821368800784481,0.6536014233732685,0.7652778029441833,0.44011949300765957,0.7020668506622312
residual_v2,54,star_concave,147,private-source://routeA_experiments/data/prospective_ood_rd_hddm_alpha001_v2/star_concave/sample_0147.npz,9bf550380294c2bbc3282540dbb56f5b988b488b234567a6ee8ced872a31ed48,0.005553347000386566,0.08606848470085943,0.5909454300148297,0.745525449514389,0.48278854638338103,0.6203463977575305
residual_v2,54,star_concave,148,private-source://routeA_experiments/data/prospective_ood_rd_hddm_alpha001_v2/star_concave/sample_0148.npz,a001adad8040c93bc67319afa17cd043927ab409b2e313f15a99d6459047bba9,0.006124853040091693,0.08096744011991652,0.4744336986475065,0.6348966658115387,0.3757735073566431,0.5397872000932701
residual_v2,54,star_concave,149,private-source://routeA_experiments/data/prospective_ood_rd_hddm_alpha001_v2/star_concave/sample_0149.npz,b1137e6b1881fb85aa272787edec47cc66bdc286b602033c5c62eca8ca8eb42f,0.005789631977677345,0.08667889644700286,0.6176825754125397,0.6928668022155762,0.4375867247581483,0.645477464795113
residual_v2,54,star_concave,150,private-source://routeA_experiments/data/prospective_ood_rd_hddm_alpha001_v2/star_concave/sample_0150.npz,1a1346fbc7a0a6b7a450694616d1bed605f9aea6a06aa42f6b0fc13fc0c1b237,0.0056546470150351524,0.06763156324944501,0.3338685190393265,0.5041570961475372,0.29907857775688174,0.42734824597835586
residual_v2,54,star_concave,151,private-source://routeA_experiments/data/prospective_ood_rd_hddm_alpha001_v2/star_concave/sample_0151.npz,0c37adba479d7c1e405d14ee8ca362906b22789dcd73cd0025cea686b9d5868f,0.005726324045099318,0.08783131110534396,0.6117465391110998,0.7228325605392456,0.47942821383476253,0.6661136049032206
residual_v2,54,star_concave,152,private-source://routeA_experiments/data/prospective_ood_rd_hddm_alpha001_v2/star_concave/sample_0152.npz,493bd2253a0889cc50e1ea615e373a8197fb7e27b206ad5689e02586553e761d,0.006148184009362012,0.0486114817728842,0.2306425969275309,0.3763357400894165,0.18746274709701538,0.2853356063365938
residual_v2,54,star_concave,153,private-source://routeA_experiments/data/prospective_ood_rd_hddm_alpha001_v2/star_concave/sample_0153.npz,ac82ba7a6e4d926236266e27b4eb944cfbb25cd0f65fa764d0c5b34ba6446fbc,0.005912097985856235,0.08972819628423281,0.5926827033885184,0.7353139519691467,0.4720351964235305,0.6552262938022614
residual_v2,54,star_concave,154,private-source://routeA_experiments/data/prospective_ood_rd_hddm_alpha001_v2/star_concave/sample_0154.npz,5b375d8a82047d688b8f0bc6d7eda5883b59ffd29e73eda4a65465ff28977100,0.005950531980488449,0.08289838021732372,0.5375716131505363,0.6034978032112122,0.4305614411830902,0.5657530069351193
residual_v2,54,star_concave,155,private-source://routeA_experiments/data/prospective_ood_rd_hddm_alpha001_v2/star_concave/sample_0155.npz,c227feb4bc838ca459c2cdb6c2fe08d3c97cd3c54cb120325b6eb8829f0427da,0.005996588966809213,0.08658901293190317,0.5246093403403483,0.7462178468704224,0.4579322889447209,0.5692857432365415
residual_v2,54,star_concave,156,private-source://routeA_experiments/data/prospective_ood_rd_hddm_alpha001_v2/star_concave/sample_0156.npz,d7923a77a7cd74c3df6621aa963a43fdaad4ae9ab5641757571ff70cccab19c3,0.006070984003599733,0.09698157178628575,0.6373478477561021,0.7897881269454956,0.5186566948890688,0.7296588695049286
residual_v2,54,star_concave,157,private-source://routeA_experiments/data/prospective_ood_rd_hddm_alpha001_v2/star_concave/sample_0157.npz,bf1ed5ee95cebaaeec4337c10cbb37257a3764baccb51eb2db3b192c4b7f0705,0.006682830979116261,0.08866229648330885,0.586274917343419,0.6779715418815613,0.46555609554052346,0.6503522390127182
residual_v2,54,star_concave,158,private-source://routeA_experiments/data/prospective_ood_rd_hddm_alpha001_v2/star_concave/sample_0158.npz,2d48518d53f1d4302822bc23c36b8e9a725fccad2e348f481c1965dc1fd043e7,0.00665105995722115,0.10137089812800706,0.6205830735549598,0.7795109152793884,0.5195690542459488,0.6836592555046082
residual_v2,54,star_concave,159,private-source://routeA_experiments/data/prospective_ood_rd_hddm_alpha001_v2/star_concave/sample_0159.npz,afeaff165894f7669804972e11c2e6e7574a89f195a0fedaba5dcc77e4915143,0.007455812010448426,0.08134198379340082,0.6263483083665617,0.7967538237571716,0.43043186068534844,0.6735249412059787
residual_v2,54,star_concave,160,private-source://routeA_experiments/data/prospective_ood_rd_hddm_alpha001_v2/star_concave/sample_0160.npz,93d98230e4954693c935e7b6a7af76c2fa25aefb83d1da6027d6e69f2937d6be,0.006630453979596496,0.08007058847703892,0.496099022740861,0.6530821919441223,0.3714214444160462,0.5079142451286313
residual_v2,54,star_concave,161,private-source://routeA_experiments/data/prospective_ood_rd_hddm_alpha001_v2/star_concave/sample_0161.npz,00e0f59193a483fa4f91a44aba4dc7a7d193df42292ed52da041457e2e87fce9,0.006078995007555932,0.0880098364723416,0.4756464262114991,0.6410523355007172,0.40141119062900543,0.6008495554327965
residual_v2,54,star_concave,162,private-source://routeA_experiments/data/prospective_ood_rd_hddm_alpha001_v2/star_concave/sample_0162.npz,73adab284c949cf7286e1d55e2f7271f8e574888733c538e9bd6c7126210d7dc,0.0059938920312561095,0.09499594112721345,0.6028735440180324,0.7671432495117188,0.4499905511736869,0.6681747233867638
residual_v2,54,star_concave,163,private-source://routeA_experiments/data/prospective_ood_rd_hddm_alpha001_v2/star_concave/sample_0163.npz,62f2fdf3ad685d63e6744d4c87f1be77f5f4f173f3ac97973519283437aec8be,0.00645637494744733,0.07325985355228856,0.38233483818276887,0.48342856764793396,0.3420654773712155,0.4176112341880805
residual_v2,54,star_concave,164,private-source://routeA_experiments/data/prospective_ood_rd_hddm_alpha001_v2/star_concave/sample_0164.npz,9d5ca7a47c569f8001da60474a5d5cd6410704b0b88a94c1bbb617a3ff070b6f,0.005983655981253833,0.06773886549092305,0.36531901040648207,0.4649549126625061,0.2873865544795991,0.39773054122924795
residual_v2,54,star_concave,165,private-source://routeA_experiments/data/prospective_ood_rd_hddm_alpha001_v2/star_concave/sample_0165.npz,29665dc936a4f0885b352ba542d5b84c26ef8365b7471657a0b18a6199a4ec20,0.005919694027397782,0.09341657868359136,0.7951911612188949,0.8948606252670288,0.5340350359678266,0.7904204794764524
residual_v2,54,star_concave,166,private-source://routeA_experiments/data/prospective_ood_rd_hddm_alpha001_v2/star_concave/sample_0166.npz,cc601404792128ea7fb0b9e382daf4044b16752726051d33d189af92b63e9219,0.005649694998282939,0.0814138736199931,0.6093474075561094,0.8059545159339905,0.4706714719533919,0.6470660334825517
residual_v2,54,star_concave,167,private-source://routeA_experiments/data/prospective_ood_rd_hddm_alpha001_v2/star_concave/sample_0167.npz,9fee3ab4e68d3386753b768109d90049f0d9ab17092f3bad0ae4e29e01fdff2e,0.0058958339504897594,0.10875966233642233,0.6785320961858117,0.8130267858505249,0.566023051738739,0.754929721355438
residual_v2,54,star_concave,168,private-source://routeA_experiments/data/prospective_ood_rd_hddm_alpha001_v2/star_concave/sample_0168.npz,5b47765a6290b94b7d7ff73de6aabe979deba65e29f667e2494d93f1fe8e4c53,0.005742669047322124,0.08447260106780738,0.6550440418788471,0.789191722869873,0.45744894444942474,0.6973722934722875
residual_v2,54,star_concave,169,private-source://routeA_experiments/data/prospective_ood_rd_hddm_alpha001_v2/star_concave/sample_0169.npz,67bb298709d810bd66de79e3e631cbfe3470c51d81de1358148a67ea69a6734a,0.006385724002029747,0.06542455912180203,0.3831742291830151,0.5054188966751099,0.3264428734779358,0.4319126152992246
residual_v2,54,star_concave,170,private-source://routeA_experiments/data/prospective_ood_rd_hddm_alpha001_v2/star_concave/sample_0170.npz,ea79ed68e7fcbed7d4821fb08f6d31cd221c7d535e9e6e347dbabbc6c225268f,0.005788217997178435,0.07797761102320112,0.4296878743802667,0.5331672430038452,0.35954883694648765,0.4950816863775243
residual_v2,54,star_concave,171,private-source://routeA_experiments/data/prospective_ood_rd_hddm_alpha001_v2/star_concave/sample_0171.npz,4dce99e393c3f3aeec70b32543086cd0503997a3c73bb6088a2ea5028ddb609e,0.006927713053300977,0.07302578534455868,0.3255569122819566,0.4772849977016449,0.24449652433395386,0.4069655232131483
residual_v2,54,star_concave,172,private-source://routeA_experiments/data/prospective_ood_rd_hddm_alpha001_v2/star_concave/sample_0172.npz,95062a2be872adfe3d433448a364573f1dcc6d23c46c7283098e1ff3266aa2cb,0.006771583983208984,0.09806042808585048,0.5505207917504957,0.6415221095085144,0.4608498811721802,0.5520377278327943
residual_v2,54,star_concave,173,private-source://routeA_experiments/data/prospective_ood_rd_hddm_alpha001_v2/star_concave/sample_0173.npz,f973c30b18b35d7e13fca880aa62b6d77b406606fa79bcf4e05ea9a183aaf747,0.007039732008706778,0.08550820450462192,0.6720647666375993,0.807418167591095,0.5037924349308014,0.7375029623508453
residual_v2,54,star_concave,174,private-source://routeA_experiments/data/prospective_ood_rd_hddm_alpha001_v2/star_concave/sample_0174.npz,da423e7fb1017a419fd9e39c9877f0fe4936a8ade7a8744fb4d05f24020d1525,0.0066142689902335405,0.06386614320199485,0.3183623638372036,0.38607257604599,0.27165358066558815,0.3559460616111755
residual_v2,54,star_concave,175,private-source://routeA_experiments/data/prospective_ood_rd_hddm_alpha001_v2/star_concave/sample_0175.npz,be6a60f58fa788e5509f48f70ce14bcccc9e8f4e06b149f5ea02f032e86a0c01,0.005528540990781039,0.0791904622089886,0.5553339268059942,0.7141087055206299,0.41868989169597626,0.5851023167371753
residual_v2,54,star_concave,176,private-source://routeA_experiments/data/prospective_ood_rd_hddm_alpha001_v2/star_concave/sample_0176.npz,8bca2d2f749dcf57abe9c29c0e66817254b5dd336a1895b563295dbe661c1ac8,0.0059240550035610795,0.08753692384463639,0.6479325762007352,0.8186735510826111,0.49747341871261597,0.716590678691864
residual_v2,54,star_concave,177,private-source://routeA_experiments/data/prospective_ood_rd_hddm_alpha001_v2/star_concave/sample_0177.npz,c146dae9f67d3f4d0626465827bfbba0af9e30abda534b39cabbf5dc3afd7c2b,0.006886326998937875,0.08562309870018384,0.6687221900886661,0.8629165887832642,0.4106965661048889,0.728571689128876
residual_v2,54,star_concave,178,private-source://routeA_experiments/data/prospective_ood_rd_hddm_alpha001_v2/star_concave/sample_0178.npz,567152031c4a0bb7383960f1716de7f47aaa09e1c18c4a8edc5894592a36008b,0.005657659028656781,0.0953042636573196,0.6337761025028574,0.7213490605354309,0.5321595579385757,0.6703593546152116
residual_v2,54,star_concave,179,private-source://routeA_experiments/data/prospective_ood_rd_hddm_alpha001_v2/star_concave/sample_0179.npz,c19450a9dbc614eb8e816ca15caa11f305314c88880e41a46b7a06a76270e9ef,0.006150697008706629,0.08451510261444102,0.653934882886373,0.7921793460845947,0.47574054449796677,0.7249337464571
residual_v2,54,star_concave,180,private-source://routeA_experiments/data/prospective_ood_rd_hddm_alpha001_v2/star_concave/sample_0180.npz,979feb1dc5c9097d8b179d7c9936fa43ca9a7ad06aef8e9ddfd57ec83d56543b,0.006908236013259739,0.07735347048344958,0.42612230489857766,0.6370642185211182,0.3368648439645767,0.495089253783226
residual_v2,54,star_concave,181,private-source://routeA_experiments/data/prospective_ood_rd_hddm_alpha001_v2/star_concave/sample_0181.npz,9c2177662c7e7706987e5b9fc840e754df3531627695145c95cb0168891b0ec3,0.0069501849939115345,0.09492951167261501,0.6816000274745861,0.7974934577941895,0.5092049166560173,0.7179965466260908
residual_v2,54,star_concave,182,private-source://routeA_experiments/data/prospective_ood_rd_hddm_alpha001_v2/star_concave/sample_0182.npz,8e1f45388232b975857cf0eb5e800633511cd0fdc84fcac39506fd7ab06dd0ea,0.0061646439717151225,0.07614302031279802,0.6817356791439972,0.7767934501171112,0.3881777226924896,0.739526629447937
residual_v2,54,star_concave,183,private-source://routeA_experiments/data/prospective_ood_rd_hddm_alpha001_v2/star_concave/sample_0183.npz,f6af694d75d001d3c452801ea94aa82b47a2951f62861ba1a2885df85ec62b14,0.00622258399380371,0.07295318841117157,0.34089747746272026,0.44031625986099243,0.25755566358566284,0.37879666686058044
residual_v2,54,star_concave,184,private-source://routeA_experiments/data/prospective_ood_rd_hddm_alpha001_v2/star_concave/sample_0184.npz,80d8e656007fb51095a1c187bc0dabfc69020fb316baf6af22ca45bdd6eedb55,0.005852873029652983,0.09735919048342107,0.6455708680423767,0.8066787421703339,0.5091782063245773,0.7311048209667199
residual_v2,54,star_concave,185,private-source://routeA_experiments/data/prospective_ood_rd_hddm_alpha001_v2/star_concave/sample_0185.npz,b5b247991e1e38b65af33f6e252ad30525ed1c2bb81d00bb8d67895a71fe25cc,0.006246938020922244,0.09159409758668194,0.6934841346054733,0.8706230521202087,0.47849742919206584,0.7471004921197879
residual_v2,54,star_concave,186,private-source://routeA_experiments/data/prospective_ood_rd_hddm_alpha001_v2/star_concave/sample_0186.npz,9cb3e8ed6dd35a1f1bd2884d7ccc37720ce91f97c87bb62db2bc7319ed7fa9ce,0.006880883011035621,0.09654214197660424,0.6163026757887587,0.6607768535614014,0.4924864917993541,0.6191844433546067
residual_v2,54,star_concave,187,private-source://routeA_experiments/data/prospective_ood_rd_hddm_alpha001_v2/star_concave/sample_0187.npz,b8a01e68369ac0ae2301cde85ae4523b06b6f852ccb68151c27e7b7a2e264805,0.006519910006318241,0.06997477562103631,0.3981167921576352,0.5495128035545349,0.339624285697937,0.4396022766828538
residual_v2,54,star_concave,188,private-source://routeA_experiments/data/prospective_ood_rd_hddm_alpha001_v2/star_concave/sample_0188.npz,402356ecf909dc7f80ce7a4fb74b2796d69e54097bc2e4bf1d0affd48a478691,0.006053816992789507,0.08707386438147159,0.4899751971080422,0.6357621550559998,0.4208230435848229,0.5991915082931524
residual_v2,54,star_concave,189,private-source://routeA_experiments/data/prospective_ood_rd_hddm_alpha001_v2/star_concave/sample_0189.npz,5d3af4e72fcbfb55abad2633b7b50c6ff1698d6149444cbb224faeb9fb80f7e1,0.006286162999458611,0.08598969154832885,0.5048487149529941,0.6365266442298889,0.40363438129425044,0.5225338840484619
residual_v2,54,star_concave,190,private-source://routeA_experiments/data/prospective_ood_rd_hddm_alpha001_v2/star_concave/sample_0190.npz,64ee3e78ef955d620e48dfc0c0575b217089daaeb07f6fd6b698b494d20cdc97,0.006480717973317951,0.073314500190087,0.5634904709060469,0.7227098941802979,0.4129238933324814,0.6330711233615873
residual_v2,54,star_concave,191,private-source://routeA_experiments/data/prospective_ood_rd_hddm_alpha001_v2/star_concave/sample_0191.npz,6b6e2f1ef2a5225659b22dd222cfdeb623e3a9d34d146460b1201ec2c58ac5f2,0.00665315700462088,0.09716281581159522,0.6452753346058473,0.7926093339920044,0.5581586360931396,0.7310066163539874
residual_v2,54,star_concave,192,private-source://routeA_experiments/data/prospective_ood_rd_hddm_alpha001_v2/star_concave/sample_0192.npz,81e07c354e8b9090deac2dd659d673aa62dcc492675457e68850919289c02ee1,0.005884893995244056,0.07830050743522561,0.6194058759204807,0.779777467250824,0.4456841707229617,0.6757287669181824
residual_v2,54,star_concave,193,private-source://routeA_experiments/data/prospective_ood_rd_hddm_alpha001_v2/star_concave/sample_0193.npz,2a055578d35dbeaf6f9777c70db61a17e59b21e0e089c4b73fe73fc8f30ee5c9,0.006400293030310422,0.08906911677247643,0.6769560171915102,0.8239351511001587,0.4912176370620729,0.7298740756511686
residual_v2,54,star_concave,194,private-source://routeA_experiments/data/prospective_ood_rd_hddm_alpha001_v2/star_concave/sample_0194.npz,015bc47bb4c5ba3f27b05a1792fbb44af4337d85c98d106323f3d69d268d8c7a,0.006824563955888152,0.08179350450876183,0.6348049652923562,0.7964152693748474,0.4617140293121338,0.7231893420219405
residual_v2,54,star_concave,195,private-source://routeA_experiments/data/prospective_ood_rd_hddm_alpha001_v2/star_concave/sample_0195.npz,4dc63967e6d5bcb0dad8dc928ac1c21ef324161440414cdd69f8fa0670c5622c,0.006479237985331565,0.09457778187731082,0.7122319610091145,0.8166563510894775,0.5012118041515349,0.7766424715518951
residual_v2,54,star_concave,196,private-source://routeA_experiments/data/prospective_ood_rd_hddm_alpha001_v2/star_concave/sample_0196.npz,98c3c846abd7760ff75322a10ea69cbcf64050b1920000f30ac9ddef03a582bf,0.005817881028633565,0.0766438014583217,0.5597925575555437,0.6993544101715088,0.4331145197153083,0.6277424639463421
residual_v2,54,star_concave,197,private-source://routeA_experiments/data/prospective_ood_rd_hddm_alpha001_v2/star_concave/sample_0197.npz,5b762b3e30b125a39b0866174933e4f32d3c35f9dd054ae1cb4d4c37788ff8d7,0.0070130659732967615,0.08578392187430389,0.43483909743558913,0.6237843036651611,0.37978731095790863,0.5183085203170776
residual_v2,54,star_concave,198,private-source://routeA_experiments/data/prospective_ood_rd_hddm_alpha001_v2/star_concave/sample_0198.npz,f1d5bb05bec2186640d91bfa3cdc67b166bd2952867a20a2796076984771c3e5,0.005848660017363727,0.05675251860454092,0.2581817882014073,0.4089140295982361,0.21958575397729874,0.3200819057226184
residual_v2,54,star_concave,199,private-source://routeA_experiments/data/prospective_ood_rd_hddm_alpha001_v2/star_concave/sample_0199.npz,24e273c05359ecf1670b3cd5ef34d49ef6c28ef523b55d61e6ff7b4dfcb1f389,0.006321043998468667,0.09938353448435634,0.5494709191999144,0.6869061589241028,0.4739962473511694,0.618228907585144
