model,training_seed,shape,sample_id,sample_file,sample_sha256,inference_seconds,mae,relative_l2,max_abs_error,p95_abs_error,p99_abs_error
fine_control,54,slit_bridge,0,private-source://routeA_experiments/data/final_ood_frozen_v1/slit_bridge/sample_0000.npz,30d9b3db72b5f04e7aed5aca69b177e736741d71d456678de2c366e94064976a,0.00217547599459067,0.13005964299259412,1.0366304909263542,0.9277679100632668,0.6020666118711233,0.8139020040631294
fine_control,54,slit_bridge,1,private-source://routeA_experiments/data/final_ood_frozen_v1/slit_bridge/sample_0001.npz,35ca7668746e40038fbccaaf4b015e191d09a272260f8b2c67e05158beed58d9,0.0021659740014001727,0.08663603320492196,0.6105394372036667,0.5980169475078583,0.42018524557352066,0.4889041751623154
fine_control,54,slit_bridge,2,private-source://routeA_experiments/data/final_ood_frozen_v1/slit_bridge/sample_0002.npz,5aa31e0476a00717a676402ae73bf67f0900790fbaaba0689885a4f4d81b1d01,0.0020688410149887204,0.10952314993334815,0.7778263855941155,0.7201751470565796,0.4578574597835541,0.6393087893724436
fine_control,54,slit_bridge,3,private-source://routeA_experiments/data/final_ood_frozen_v1/slit_bridge/sample_0003.npz,fa2249a12bd45ebd5bf12289d408b399125153ec7a74d5498b2d06c116f8f405,0.0019725789898075163,0.12866075368622326,1.1739789063536896,0.8653387129306793,0.571381795220077,0.7423407524824139
fine_control,54,slit_bridge,4,private-source://routeA_experiments/data/final_ood_frozen_v1/slit_bridge/sample_0004.npz,4006cdfdceb8abe632e2df62c467d010fb9761bec6322c363b9f3abbc55829d4,0.0019228440069127828,0.10650868303910041,0.7705711260865952,0.7881393730640411,0.5146670676767826,0.6681123584508895
fine_control,54,slit_bridge,5,private-source://routeA_experiments/data/final_ood_frozen_v1/slit_bridge/sample_0005.npz,1ea410d183d08cc06714b087bb528e626a67090d2f8931f1f61a73ddeff9902a,0.0020027039863634855,0.12323920923530458,1.598352391588431,0.8626165613532066,0.6199940879596397,0.7081351758912202
fine_control,54,slit_bridge,6,private-source://routeA_experiments/data/final_ood_frozen_v1/slit_bridge/sample_0006.npz,2b2b41c1ab84aefad645e09329749a0c4789e3a60b3931b89e053a383e66541e,0.001953974016942084,0.11461151953605143,1.971218375392626,0.954866074025631,0.5185768399387598,0.6873874405398961
fine_control,54,slit_bridge,7,private-source://routeA_experiments/data/final_ood_frozen_v1/slit_bridge/sample_0007.npz,e99898145655a5c1ce681d0eb3c7597d5032c10b823f0c114d9a1b16467ea524,0.0019797510176431388,0.06647307739730533,0.42689194529544133,0.4616714119911194,0.2559989392757416,0.38955592513084386
fine_control,54,slit_bridge,8,private-source://routeA_experiments/data/final_ood_frozen_v1/slit_bridge/sample_0008.npz,6e17a3aa2c3547f8d5c7c15a2ba8d09341c289bc2a2f8cc11cd61460dd0a75b4,0.0019921509956475347,0.11971871833141741,0.8554300682413792,0.7773569449782372,0.5099795125424862,0.6565104566514484
fine_control,54,slit_bridge,9,private-source://routeA_experiments/data/final_ood_frozen_v1/slit_bridge/sample_0009.npz,cc5b71a537246355e6aa5eb87b1ec934946edb1d31595b1d37e482e2b73e96e4,0.0021251579746603966,0.09574839342081302,0.7346540548145172,0.6908999979496002,0.4308570921421051,0.550863646715879
fine_control,54,slit_bridge,10,private-source://routeA_experiments/data/final_ood_frozen_v1/slit_bridge/sample_0010.npz,87874a0f11d5ca1214cb1c831735689324f5d265f0ad734b920d4aea56a205a8,0.001996462990064174,0.10342925358279018,0.919099170399137,0.7781200110912323,0.47102072462439537,0.5648013778030871
fine_control,54,slit_bridge,11,private-source://routeA_experiments/data/final_ood_frozen_v1/slit_bridge/sample_0011.npz,a23d58d483f0ee7d7d9ad82447d292fdde0c9f6964a6ce9759730ce9671620fc,0.001967141986824572,0.1275770910845004,1.1610570466769168,0.8777847215533257,0.56468007247895,0.7011254042386998
fine_control,54,slit_bridge,12,private-source://routeA_experiments/data/final_ood_frozen_v1/slit_bridge/sample_0012.npz,1bf5b6c8a99e6b1af341524d638c181408e613ec93db7fb6986f600e0e3c65a1,0.0021784380078315735,0.06107163372758307,0.5082210741829218,0.4833947718143463,0.25247666239738464,0.3802965413779018
fine_control,54,slit_bridge,13,private-source://routeA_experiments/data/final_ood_frozen_v1/slit_bridge/sample_0013.npz,1adafcde8c3f4e445b1b034d25421d3a48662f83f441bf0eecdee27f12cecbc3,0.0020605320169124752,0.08107305999674197,0.6058587085772248,0.5957812964916229,0.37829409539699554,0.4919666081666943
fine_control,54,slit_bridge,14,private-source://routeA_experiments/data/final_ood_frozen_v1/slit_bridge/sample_0014.npz,64b0e9dc29123e952cb0d300a00469414c7c7f76a16dd935a75e7624fe912b36,0.0020282269979361445,0.11808754343482128,1.182332636689134,0.8941651061177254,0.578639361076057,0.6733942583203297
fine_control,54,slit_bridge,15,private-source://routeA_experiments/data/final_ood_frozen_v1/slit_bridge/sample_0015.npz,b9c330fa4cfc004b6beec69ac0615be8854455f9775205c11364db4615c089be,0.0019587580172810704,0.12059137362335373,0.9322789995670699,0.7988890409469604,0.557951845228672,0.7117195747792718
fine_control,54,slit_bridge,16,private-source://routeA_experiments/data/final_ood_frozen_v1/slit_bridge/sample_0016.npz,596996fb6aeff6e88332008eed32b4b95f86de86801a1640f6de12786cd403d3,0.0020107729942537844,0.07675113526209529,0.6484302990578596,0.5496771112084389,0.3694804310798645,0.48691815510392183
fine_control,54,slit_bridge,17,private-source://routeA_experiments/data/final_ood_frozen_v1/slit_bridge/sample_0017.npz,312eedbc05e5128aebccd1eda0cb448659dcf770824e39ef15c6231d604d0095,0.0020349560072645545,0.11375771535018511,1.0007522096820365,0.8322015479207039,0.5148170590400696,0.654256548732519
fine_control,54,slit_bridge,18,private-source://routeA_experiments/data/final_ood_frozen_v1/slit_bridge/sample_0018.npz,41e1f220b6752fc77a60ab80dca4c8628042e5d54833a97c9832832e8db500e2,0.0020376269822008908,0.06097218099211778,0.3692602625810107,0.4630042314529419,0.26421399787068367,0.34897077679634086
fine_control,54,slit_bridge,19,private-source://routeA_experiments/data/final_ood_frozen_v1/slit_bridge/sample_0019.npz,b97fe8016fb4c7d7995df4c42b480dce1072ee7db9abb641c503877913ffce9c,0.0019681980193126947,0.10798822600621175,0.8401067126438506,0.6949752569198608,0.48406462371349335,0.6060290455818171
fine_control,54,slit_bridge,20,private-source://routeA_experiments/data/final_ood_frozen_v1/slit_bridge/sample_0020.npz,994e03c5207e2ae7356bc74d2f380fd7f474af9a82fe4a9bb90585ddb10c1fb7,0.0020086239965166897,0.11778088882042266,1.062367334252964,0.9015381559729576,0.575251217931509,0.7814386405050748
fine_control,54,slit_bridge,21,private-source://routeA_experiments/data/final_ood_frozen_v1/slit_bridge/sample_0021.npz,1456683b4642362ec663cedabc21c8bb0ed3f06ae1beb9ca35a8ac02768d7f01,0.002056861005257815,0.10051071689488887,0.7582377982022365,0.6587308347225189,0.45858463644981384,0.571219058334827
fine_control,54,slit_bridge,22,private-source://routeA_experiments/data/final_ood_frozen_v1/slit_bridge/sample_0022.npz,c36a4db85f26e6cbe9c3036e9cf2ad4c578008898c1405c54c1e0914ccc8ef1c,0.002062307990854606,0.10598512935920117,0.7933000654056193,0.7249018251895905,0.43180425092577934,0.5674030356109139
fine_control,54,slit_bridge,23,private-source://routeA_experiments/data/final_ood_frozen_v1/slit_bridge/sample_0023.npz,610587d7aa0593f777b96e6fdb4fdcf2ebc68a867c186890c7838e7b2d944c00,0.0021242240036372095,0.11709952053020874,1.0018709121746998,0.7680936753749847,0.5510889329016209,0.6177332632243631
fine_control,54,slit_bridge,24,private-source://routeA_experiments/data/final_ood_frozen_v1/slit_bridge/sample_0024.npz,959eeaf23d4f71a25e7eff4fc4c4640be516df58074ab3dad10126c1ca5ed619,0.002020803018240258,0.13271925384136973,1.7447146077431581,0.9417941942811012,0.5937105873599648,0.6696602435782548
fine_control,54,slit_bridge,25,private-source://routeA_experiments/data/final_ood_frozen_v1/slit_bridge/sample_0025.npz,12244099e66cc796717b1ac4a0197a86db0d3832ae8f92f8b6285b350ded04cd,0.0020622669835574925,0.07521397371933805,0.5493199193800085,0.5398632884025574,0.3210158795118332,0.4325706616044033
fine_control,54,slit_bridge,26,private-source://routeA_experiments/data/final_ood_frozen_v1/slit_bridge/sample_0026.npz,8ec7e62775275cf1cdcb11a3a5070589032551c0222125cc6f2572c5b6100c1e,0.0019614140037447214,0.11877416125058224,0.9017435297778592,0.7856820225715637,0.5010311547666788,0.6614129126071927
fine_control,54,slit_bridge,27,private-source://routeA_experiments/data/final_ood_frozen_v1/slit_bridge/sample_0027.npz,a57e3c4af7915d4277fe784929f02e1108f70b06739b89cc49e2f31db68759d6,0.0019720109994523227,0.08375680462680611,0.6527603602068974,0.7116022706031799,0.3598724976181984,0.465176611021161
fine_control,54,slit_bridge,28,private-source://routeA_experiments/data/final_ood_frozen_v1/slit_bridge/sample_0028.npz,129f68b38d7e4376d96e492a23bdc037ec06345501698eb53f87dc4c2bdcf26b,0.0019731339998543262,0.0898880685941185,0.606355268005007,0.5447384119033813,0.3926304951310158,0.5015607967972753
fine_control,54,slit_bridge,29,private-source://routeA_experiments/data/final_ood_frozen_v1/slit_bridge/sample_0029.npz,d7be996266c698efe66a16bcc34de0aff06589c37bb8599f9f62b3c06206baa6,0.001956559979589656,0.05962819102185542,0.44192005291798653,0.5698922574520111,0.2545085549354553,0.3252170681953429
fine_control,54,slit_bridge,30,private-source://routeA_experiments/data/final_ood_frozen_v1/slit_bridge/sample_0030.npz,b09f05e8c2f7a9d479d786d72d681814f27d08ee89b3d974343fd2b090a1ce6a,0.0019516889879014343,0.10404239986360574,0.7562955787390365,0.7349530160427094,0.4624565504491329,0.5751883476972564
fine_control,54,slit_bridge,31,private-source://routeA_experiments/data/final_ood_frozen_v1/slit_bridge/sample_0031.npz,bc00125fdaa393e280c5352531595db001f7ddb3deb151245917cd589e5c31f0,0.0019881199987139553,0.05137203680084933,0.3396818582017081,0.5418045520782471,0.2216406986117363,0.31479171812534296
fine_control,54,slit_bridge,32,private-source://routeA_experiments/data/final_ood_frozen_v1/slit_bridge/sample_0032.npz,210304fe0d7d8f0427af5f9a0754f958b13e7ca893e23870daca6089c7494849,0.002040721010416746,0.07589685609682484,0.5686532340379278,0.6123439967632294,0.3320770785212517,0.4811675481498241
fine_control,54,slit_bridge,33,private-source://routeA_experiments/data/final_ood_frozen_v1/slit_bridge/sample_0033.npz,27aec766b6350542fba91a6efe33f57848a74817bca29836eb0daa48b8186c28,0.0020128460018895566,0.1153171741058822,0.9935560071076244,0.7936894595623016,0.5647008502855897,0.6922701418399807
fine_control,54,slit_bridge,34,private-source://routeA_experiments/data/final_ood_frozen_v1/slit_bridge/sample_0034.npz,188e43a83a5baeee871f92676435b8b14ff91c60dfed2c7edaee32a7c3fe7437,0.0020176729885861278,0.08798737867357369,0.710335225196978,0.6190854907035828,0.40982405468821526,0.4849087595939636
fine_control,54,slit_bridge,35,private-source://routeA_experiments/data/final_ood_frozen_v1/slit_bridge/sample_0035.npz,7b87bcf793f11163ce8025e6ca4bc45abb9b34cf709bd1bb8b9fb68b3a8dabe4,0.0019898589816875756,0.10724600927674488,0.8290113016695024,0.6767948269844055,0.467394495382905,0.5700452014803883
fine_control,54,slit_bridge,36,private-source://routeA_experiments/data/final_ood_frozen_v1/slit_bridge/sample_0036.npz,4c37861366bb2835c656390a05790cc29a37a467fa5c97e436d4dc5e6180c227,0.0019395360141061246,0.06781066380439187,0.5717911186778106,0.7284227013587952,0.2938776910305023,0.42386448457837095
fine_control,54,slit_bridge,37,private-source://routeA_experiments/data/final_ood_frozen_v1/slit_bridge/sample_0037.npz,8fbc3afcf65822fdaf99fdeb4b9caaacaaa2422144e57b088e882fc0dcbcdfe9,0.0019674950162880123,0.1167321630928536,0.9101586164047779,0.8246060907840729,0.5492529254406691,0.6991099230945105
fine_control,54,slit_bridge,38,private-source://routeA_experiments/data/final_ood_frozen_v1/slit_bridge/sample_0038.npz,d8aa380b826e09980e586e8dcd26acff520e462dddbb758d989ce305a62e2bd2,0.001927534001879394,0.10952368305035205,0.8137004662931944,0.8447732701897621,0.5376801081001759,0.74601376876235
fine_control,54,slit_bridge,39,private-source://routeA_experiments/data/final_ood_frozen_v1/slit_bridge/sample_0039.npz,5773aed921a57866510a828614cf323ba3e5c1f662198f68ba30e9cd435e428d,0.0019552489975467324,0.10630721628079119,1.091566398577469,0.795006662607193,0.5254768468439579,0.6317114140838384
fine_control,54,slit_bridge,40,private-source://routeA_experiments/data/final_ood_frozen_v1/slit_bridge/sample_0040.npz,10b3fc9be817d0fa28e4f2ad0ce1679a84b2986a85b9c817ff380bc606731884,0.002004630019655451,0.11649562041922873,0.9173201065502458,0.8033512532711029,0.5043617337942123,0.6628259539604187
fine_control,54,slit_bridge,41,private-source://routeA_experiments/data/final_ood_frozen_v1/slit_bridge/sample_0041.npz,cdde49a6f56183448eeefafbf84517c5719d37b8e33b5fb3d5907c79ec0c3d4d,0.0020692190155386925,0.09138152393142127,0.7297755265185195,0.5726392455399036,0.44000033661723137,0.5244768150150776
fine_control,54,slit_bridge,42,private-source://routeA_experiments/data/final_ood_frozen_v1/slit_bridge/sample_0042.npz,bd82adbf113c51db9c8fdb7ae61bdfb4b0de8fd0738107c1b16747edf214ed83,0.0020567619940266013,0.057904786693102464,0.3456771357360783,0.36825521290302277,0.2558135688304901,0.3289671003818512
fine_control,54,slit_bridge,43,private-source://routeA_experiments/data/final_ood_frozen_v1/slit_bridge/sample_0043.npz,1b05a0e90cb92ad13e160cd9d88d3ccd24a5d5042572cbdeb6c780eb7c691723,0.0020746460068039596,0.11468149389631592,1.1377046274875984,0.8164561986923218,0.5598984574899077,0.6713249765336513
fine_control,54,slit_bridge,44,private-source://routeA_experiments/data/final_ood_frozen_v1/slit_bridge/sample_0044.npz,9eab1dd2e918e6415c0ac9317c974fb554285878086fbcec4685c90b0a603efd,0.0019720710115507245,0.12044200648106576,1.2148818942244595,0.817486084997654,0.5561852417886257,0.6399657256901264
fine_control,54,slit_bridge,45,private-source://routeA_experiments/data/final_ood_frozen_v1/slit_bridge/sample_0045.npz,28399d49797881f5a264063c34c2a36369094141bb9cf4c05cbdaee4d1f32c15,0.0019878919993061572,0.12724536939936257,1.3908616077966247,0.9458549097180367,0.6095428769476712,0.7234023705124849
fine_control,54,slit_bridge,46,private-source://routeA_experiments/data/final_ood_frozen_v1/slit_bridge/sample_0046.npz,137e9591ce0032a2d71b366e44219ca9b23cbd2f3a421043183f5c5f8e25cd7f,0.0020016089838463813,0.07757248833167785,0.659614402479034,0.5816427171230316,0.39164819568395615,0.4926112174987787
fine_control,54,slit_bridge,47,private-source://routeA_experiments/data/final_ood_frozen_v1/slit_bridge/sample_0047.npz,a34fc43c7eb5b8809b22c7c026452d2278be0d7636bd62dbf7db0e72488bfe93,0.001998198014916852,0.10281146776063947,0.6937663848650512,0.6969878077507019,0.46799770928919315,0.5453282274305817
fine_control,54,slit_bridge,48,private-source://routeA_experiments/data/final_ood_frozen_v1/slit_bridge/sample_0048.npz,d3dea4d451c780395aeec9e434f3f3426fa5b35717d062d652d0000cb4849ab0,0.001947525015566498,0.10726289350569393,0.9144304390660993,0.7968859374523163,0.4643203392624855,0.6281782791018483
fine_control,54,slit_bridge,49,private-source://routeA_experiments/data/final_ood_frozen_v1/slit_bridge/sample_0049.npz,65ea22db20d21e0adb8290dfc006ce6871e3b0e95cbda2d1b6dc4212521b340d,0.001999581989366561,0.08127649985898093,0.7210756876975077,0.6770580410957336,0.3979830853641033,0.510788607597351
fine_control,54,slit_bridge,50,private-source://routeA_experiments/data/final_ood_frozen_v1/slit_bridge/sample_0050.npz,84c0049ab4231171d59431596c6d5ee4a6296eb0688530fec168df065e5f3736,0.001987861003726721,0.10749174480383562,0.9094929770419817,0.8141920864582062,0.51263577491045,0.6536727517843246
fine_control,54,slit_bridge,51,private-source://routeA_experiments/data/final_ood_frozen_v1/slit_bridge/sample_0051.npz,4a2b9189cfb9e62a2d88e9b4f0538c291df4cf2365fc6101f7bcb0ca5ea19039,0.002159122988814488,0.11500720354469209,1.2567841463852072,0.7875769436359406,0.5814154678955674,0.6547095399349927
fine_control,54,slit_bridge,52,private-source://routeA_experiments/data/final_ood_frozen_v1/slit_bridge/sample_0052.npz,7a6182ea0d10e503b4488744930d05c12fe0a98749a0f08c0bf9a0ade333130c,0.002007503993809223,0.1275850708024315,0.9488002769268041,0.7767225503921509,0.5544314347207546,0.7196920603513715
fine_control,54,slit_bridge,53,private-source://routeA_experiments/data/final_ood_frozen_v1/slit_bridge/sample_0053.npz,f38fc50a05bb0fe7cbe4b70cd13485a58e43ff94c9c22822cb929aed2391bc79,0.001974996004719287,0.06539096274256247,0.5611047197441691,0.5368956923484802,0.25941457599401474,0.37688614130020137
fine_control,54,slit_bridge,54,private-source://routeA_experiments/data/final_ood_frozen_v1/slit_bridge/sample_0054.npz,523ec7f16e149a678ab1eee24891a839649693313f63f9f03417215898e364c2,0.002076015982311219,0.10477505657382688,0.9326249842726257,0.7812976837158203,0.4767644628882408,0.5747325658798218
fine_control,54,slit_bridge,55,private-source://routeA_experiments/data/final_ood_frozen_v1/slit_bridge/sample_0055.npz,a11a3648b53fa4f131e8a071f27bd07db354d48796864dbb9f50084862cbf7af,0.0020561720011755824,0.09638343259359655,0.6131244479603738,0.6585772633552551,0.38856346905231476,0.558483582735061
fine_control,54,slit_bridge,56,private-source://routeA_experiments/data/final_ood_frozen_v1/slit_bridge/sample_0056.npz,754e5a373c358a5e7e5648b5ee524f7f3caf5be3ad24ca01b4bbaa5930f3722f,0.0021278749918565154,0.0764704394716782,0.47668360783974245,0.5415040850639343,0.3283960372209549,0.4610714584589004
fine_control,54,slit_bridge,57,private-source://routeA_experiments/data/final_ood_frozen_v1/slit_bridge/sample_0057.npz,88bdcbb6787810fba1f67ab1e1d706c0a0449080180a5731fe9e830cd5c1781e,0.0020567720057442784,0.10612011296839369,0.8022093429490061,0.6989438235759735,0.4601676147431135,0.6043151848018168
fine_control,54,slit_bridge,58,private-source://routeA_experiments/data/final_ood_frozen_v1/slit_bridge/sample_0058.npz,25dc8c7315b0e070c4b3619308cd7da2f67091e9d12652a39dff2c4abf512a48,0.002010191004956141,0.06682469874718959,0.5520398870285679,0.6005209982395172,0.28472745418548584,0.42120712697505913
fine_control,54,slit_bridge,59,private-source://routeA_experiments/data/final_ood_frozen_v1/slit_bridge/sample_0059.npz,8537f0d12de7433ac2c634794f33eec0a1ef183fb6a9871cd07ec6fe9960e78c,0.0020869730215054005,0.10536281312894605,0.9340510157454367,0.7414770722389221,0.4533209949731827,0.5548611909151077
fine_control,54,slit_bridge,60,private-source://routeA_experiments/data/final_ood_frozen_v1/slit_bridge/sample_0060.npz,ccb10d13e92987f9e92f19f57b8c828d1cec71baabf49eeda5b8131c81cffaae,0.0020572060020640492,0.09918078246448045,0.8008116266017589,0.7415441870689392,0.4647476561367512,0.5954785138368601
fine_control,54,slit_bridge,61,private-source://routeA_experiments/data/final_ood_frozen_v1/slit_bridge/sample_0061.npz,617d3d8d6e33e0cd8b2d68db50b259c76f1b572922b1f4eafd14d5c95f7f2927,0.002011122996918857,0.11374670125671434,0.8226793597432478,0.7194969654083252,0.46044604294002056,0.6108780283480879
fine_control,54,slit_bridge,62,private-source://routeA_experiments/data/final_ood_frozen_v1/slit_bridge/sample_0062.npz,4cb6187852b50d7a648cc396d4b92a5199fc15e009d3e6afe856b73e4795fb3c,0.002000843989662826,0.12772197363601526,1.001564581418737,0.8970806375145912,0.5818403461016715,0.8238805577158925
fine_control,54,slit_bridge,63,private-source://routeA_experiments/data/final_ood_frozen_v1/slit_bridge/sample_0063.npz,dac27c2cdc3cfd09038c74bf4bee8892e3fbd4242d4ae68cf068121304f4b392,0.001983607013244182,0.13205390380812906,1.1974589165496017,0.9170444086194038,0.5570999458432198,0.8417437389492985
fine_control,54,slit_bridge,64,private-source://routeA_experiments/data/final_ood_frozen_v1/slit_bridge/sample_0064.npz,42bf6e538ce7971d6bb267afcbb5017c74c7ee0a38eeeb22b770afd6da523ffd,0.002041504980297759,0.08742965452526169,0.6151022352854384,0.7348253130912781,0.3501880168914795,0.4611401349306106
fine_control,54,slit_bridge,65,private-source://routeA_experiments/data/final_ood_frozen_v1/slit_bridge/sample_0065.npz,8ae70c1cc087b2cb14feefb626847c8e54e0ee1ff237949762758fc9fef1ccfe,0.0019463459902908653,0.10980975565017415,0.8414461727418865,0.7401829957962036,0.5453993063420057,0.6617204666137693
fine_control,54,slit_bridge,66,private-source://routeA_experiments/data/final_ood_frozen_v1/slit_bridge/sample_0066.npz,bf5bec0125f3e132a0234c3c65c18310c2a824fe299149a53c91065ba9684ebc,0.0019359149737283587,0.048663656570539726,0.34622746397065485,0.4507317841053009,0.20801688730716705,0.310788396000862
fine_control,54,slit_bridge,67,private-source://routeA_experiments/data/final_ood_frozen_v1/slit_bridge/sample_0067.npz,c4c4d08eb71d2a88a3573896b8651cdf6ff3433eaf00aef21e8815ee63c8636b,0.002050017996225506,0.08329896215968498,0.6439156523606926,0.5970093905925751,0.4126673601567745,0.5314701959490776
fine_control,54,slit_bridge,68,private-source://routeA_experiments/data/final_ood_frozen_v1/slit_bridge/sample_0068.npz,9d5bf135c023eb440f5e2fcdbcd3144986ccea4a471e8d876188876d1f874f48,0.0024287549895234406,0.10921755830189435,1.099033348494229,0.730865091085434,0.478828564286232,0.6254389796406027
fine_control,54,slit_bridge,69,private-source://routeA_experiments/data/final_ood_frozen_v1/slit_bridge/sample_0069.npz,5c786c1f5b59aea34b782d6d4f11df00e05c430f5d55022b5da71cb4fb8d0930,0.002002048975555226,0.1231071629007914,1.0184415742644162,0.8705980852246284,0.5858956715092063,0.7076537124812602
fine_control,54,slit_bridge,70,private-source://routeA_experiments/data/final_ood_frozen_v1/slit_bridge/sample_0070.npz,ed31a0aa3d983e019a2886acd9e424e492ee60dd9051fcd420f294aa7d65556d,0.002026180998655036,0.10270439516241998,0.8722772044813712,0.7492244243621826,0.46723727136850357,0.5929952293634414
fine_control,54,slit_bridge,71,private-source://routeA_experiments/data/final_ood_frozen_v1/slit_bridge/sample_0071.npz,392690e82cd3c5edc07092ea1286bb31ee5ff623427f4ad994d7d81479d6dab4,0.002060241997241974,0.08469906236489749,0.7851873493911713,0.7934151515364647,0.42696360871195793,0.5344235122203826
fine_control,54,slit_bridge,72,private-source://routeA_experiments/data/final_ood_frozen_v1/slit_bridge/sample_0072.npz,13d1458cb7f3b3c59870f9253bb955db809110e13c2d3e0b7bd73b1dc03bcc6b,0.002090698981191963,0.09292249607169449,0.923718114285076,0.6933907866477966,0.43813770078122616,0.5409564048051834
fine_control,54,slit_bridge,73,private-source://routeA_experiments/data/final_ood_frozen_v1/slit_bridge/sample_0073.npz,abe7b6b76ff8f9f9514fc6c9452f5d49124e62bec9ef2160c3a275b0c13db251,0.002064759988570586,0.1260436950235123,1.1200982437767868,0.8676727637648582,0.5762686524540186,0.6399941444396972
fine_control,54,slit_bridge,74,private-source://routeA_experiments/data/final_ood_frozen_v1/slit_bridge/sample_0074.npz,51ff9c6ba58e09f4038fba26fc78e8d866d805ea092ff9a4834e7d07d5b953c3,0.0021220410126261413,0.0513875211239167,0.3689994012151388,0.44625334441661835,0.19403794407844543,0.3128778830170629
fine_control,54,slit_bridge,75,private-source://routeA_experiments/data/final_ood_frozen_v1/slit_bridge/sample_0075.npz,295242b0a3c4441b1839c2e51ada10cd8d911b42bc383c1c876668ed7db69aca,0.001894204004202038,0.07410121879262575,0.620383943243337,0.5841372013092041,0.32906873151659966,0.47158965915441425
fine_control,54,slit_bridge,76,private-source://routeA_experiments/data/final_ood_frozen_v1/slit_bridge/sample_0076.npz,beb19109c76423a493f2dce420b9e7186ae828c5f8afa7330784720dd627942a,0.002111278008669615,0.11353024875329194,0.8679923846213916,0.7550956904888153,0.521936371922493,0.6447787016630172
fine_control,54,slit_bridge,77,private-source://routeA_experiments/data/final_ood_frozen_v1/slit_bridge/sample_0077.npz,2b930b075d3b18dc862520638716d3ca8b214cccc86033c8a5389cf1eee32caf,0.002141899982234463,0.11093268419086877,0.9968532957258123,0.8750301375985146,0.5178156793117523,0.7025454819202422
fine_control,54,slit_bridge,78,private-source://routeA_experiments/data/final_ood_frozen_v1/slit_bridge/sample_0078.npz,81766226a2c457e6280404619b8b2ac47bc63cd5302a18b5988528768c89a906,0.0020808890112675726,0.11589514119219672,0.9907513015034685,0.8394999802112579,0.5330346077680588,0.6822692625224588
fine_control,54,slit_bridge,79,private-source://routeA_experiments/data/final_ood_frozen_v1/slit_bridge/sample_0079.npz,39d04f6918bf1e91b48064494be9aa05bd75bf2d12d1b69e17182fdccc736084,0.0019896480080205947,0.07401148403758709,0.48055750086370297,0.5240398347377777,0.2935832589864731,0.4057294256985187
fine_control,54,slit_bridge,80,private-source://routeA_experiments/data/final_ood_frozen_v1/slit_bridge/sample_0080.npz,34759e2ce25b3deafb7b86e4a166e29aa7b6ad6312b24ec108b7195308a75605,0.0019285749876871705,0.1262773011453575,1.2991987793554867,0.9305321052670479,0.5960570052266121,0.760677473992109
fine_control,54,slit_bridge,81,private-source://routeA_experiments/data/final_ood_frozen_v1/slit_bridge/sample_0081.npz,c09c71d395b921fd42317ee8257d8e8ca0fefc88548e7044fde1c9427bc01d57,0.0019408359949011356,0.06098052071903819,0.37664363889689123,0.4492832124233246,0.24869200587272644,0.363289977610111
fine_control,54,slit_bridge,82,private-source://routeA_experiments/data/final_ood_frozen_v1/slit_bridge/sample_0082.npz,76690bbcb43ff947e8588630e8c1f5eaeae09d80c05290dd16299c07f4b07db3,0.002058913989458233,0.06695101053402126,0.4445526001399686,0.49968504905700684,0.28110335022211075,0.38122691512107826
fine_control,54,slit_bridge,83,private-source://routeA_experiments/data/final_ood_frozen_v1/slit_bridge/sample_0083.npz,b13467cf03c2c8574ad8306306835f018286494378025cc13aa4b84ebb20ce43,0.002051894989563152,0.12930761811120028,2.3453720964602196,0.9093320146203041,0.5839417632960249,0.6805942015489563
fine_control,54,slit_bridge,84,private-source://routeA_experiments/data/final_ood_frozen_v1/slit_bridge/sample_0084.npz,9c49b44f5bee1f5433dbba97fd43f3fbe29009da78b18d356f171b5351154266,0.0020387929980643094,0.05673144648388157,0.42083778428672,0.59654301404953,0.2342696264386177,0.36256014928221647
fine_control,54,slit_bridge,85,private-source://routeA_experiments/data/final_ood_frozen_v1/slit_bridge/sample_0085.npz,f99b2ecfc893456f4094ee49f725dacd918863f2c57f06cd9486ed733ef4c220,0.0019626279827207327,0.11692387632684358,1.104980020978151,0.9391528740525246,0.5242944147903472,0.7549240164458741
fine_control,54,slit_bridge,86,private-source://routeA_experiments/data/final_ood_frozen_v1/slit_bridge/sample_0086.npz,fa0010c85def531807bfac046d520a0e1fcfa53f399129a530872a5ed7c486e8,0.0019889139803126454,0.11829034661438735,0.9520399846515455,0.8338158428668976,0.5797994621098042,0.7235564507544038
fine_control,54,slit_bridge,87,private-source://routeA_experiments/data/final_ood_frozen_v1/slit_bridge/sample_0087.npz,c71c435433f07e222a9c7657e14158b1582d4eb606c1feec9a70429635dc0db8,0.0021039529819972813,0.09892015135295754,0.8797770072662998,0.7284789383411407,0.4672994455322623,0.645632772892713
fine_control,54,slit_bridge,88,private-source://routeA_experiments/data/final_ood_frozen_v1/slit_bridge/sample_0088.npz,356663c8d9f185922d520ff8cab4336c663ae05fa5851257b47fd5a7f2890d38,0.002013823017477989,0.1198080844582537,0.9559777584270315,0.806451715528965,0.5349479261785746,0.6569202184677122
fine_control,54,slit_bridge,89,private-source://routeA_experiments/data/final_ood_frozen_v1/slit_bridge/sample_0089.npz,8a9067dfbc0e5c2e206260b72a5ca217d4c4ab8591213e41f21555fef28ede5c,0.0019724619924090803,0.0827241475415345,0.6904319187147369,0.5671507716178894,0.3785252422094345,0.4908474683761596
fine_control,54,slit_bridge,90,private-source://routeA_experiments/data/final_ood_frozen_v1/slit_bridge/sample_0090.npz,e8f22014254e79ac9ea4af542bb6a6578f4d3903902c242153233437a8df0eca,0.001960047986358404,0.11635741188805516,0.9378099063848306,0.7736319005489349,0.5162807339802384,0.6275719046592713
fine_control,54,slit_bridge,91,private-source://routeA_experiments/data/final_ood_frozen_v1/slit_bridge/sample_0091.npz,9ac5d5dae9509b1d341ae8236d8e0bd3b682e73f0fabd2327bc777955fc68672,0.0019392340036574751,0.07789733231867832,0.5141792862627305,0.5496087670326233,0.36703841388225555,0.45299820303916927
fine_control,54,slit_bridge,92,private-source://routeA_experiments/data/final_ood_frozen_v1/slit_bridge/sample_0092.npz,fce6d4931689f991567299750cb2e58ba69a69fb8a7ea9ca2b6623d311e269b9,0.0020624570024665445,0.07748799961036106,0.6045772988537987,0.5152976512908936,0.3305485900491476,0.4565598681569098
fine_control,54,slit_bridge,93,private-source://routeA_experiments/data/final_ood_frozen_v1/slit_bridge/sample_0093.npz,ba68ade9b7a7667d9de5bbb4e80fd05e409e86460843549762f31a41447162d1,0.00196086399955675,0.11633669199693683,1.077804115099526,0.8516414687037468,0.5860976111143827,0.6453637667000292
fine_control,54,slit_bridge,94,private-source://routeA_experiments/data/final_ood_frozen_v1/slit_bridge/sample_0094.npz,ccba8ddededbe3b30aeff76d268cff5c811b3ec60c50fc5e9c8ad0ef75b4658f,0.00207332699210383,0.08180759090986216,0.6957126299233135,0.625095546245575,0.3744526542723179,0.48083554506301807
fine_control,54,slit_bridge,95,private-source://routeA_experiments/data/final_ood_frozen_v1/slit_bridge/sample_0095.npz,d8673dac77deb264dbb605e3b8da123628dc8c82574f2e781ca0ed91d7e7ce88,0.0020263000042177737,0.10554583825940288,0.9574116495977614,0.7583592608571053,0.4638587683439255,0.619946984201669
fine_control,54,slit_bridge,96,private-source://routeA_experiments/data/final_ood_frozen_v1/slit_bridge/sample_0096.npz,88387af9839890df82ba2388bdcdfa95d6200c6b8848f9cbfc0dda3b8e1f5f31,0.002073817973723635,0.11175853456367044,0.8696332302978174,0.8632849231362343,0.4730556644499302,0.6993571199476714
fine_control,54,slit_bridge,97,private-source://routeA_experiments/data/final_ood_frozen_v1/slit_bridge/sample_0097.npz,042e86e783efa3942e62430f3045cf582a6d959709c938cb225b92bc44bcc64f,0.002069005015073344,0.10975961880513724,0.7736326779834539,0.7664089500904083,0.48599395900964737,0.6748278141021715
fine_control,54,slit_bridge,98,private-source://routeA_experiments/data/final_ood_frozen_v1/slit_bridge/sample_0098.npz,f76accedd1c25ec4c7b700fef8f7e440bff7ca6d234800cb8d3b4cd6f7f7b8e6,0.0019520770001690835,0.08066397626672182,0.6648114952135283,0.625805139541626,0.35846813954412937,0.44389956966042465
fine_control,54,slit_bridge,99,private-source://routeA_experiments/data/final_ood_frozen_v1/slit_bridge/sample_0099.npz,6a4b39b6a971b50d0cd5a3eefaf6a1f3f142b0d9ecee397ce1ff23093f6a46d9,0.002252392005175352,0.0914059835536122,0.6759768213511005,0.6651914417743683,0.4473836272954941,0.5341653257608413
fine_control,54,slit_bridge,100,private-source://routeA_experiments/data/final_ood_frozen_v1/slit_bridge/sample_0100.npz,09c098f8500ef7ae13df30b97fd58bdcffba8843b115a610318dc18f65ef3540,0.001976917003048584,0.11466571379683205,1.0951360864799469,0.8880878612399101,0.5461865179240704,0.6544860489666452
fine_control,54,slit_bridge,101,private-source://routeA_experiments/data/final_ood_frozen_v1/slit_bridge/sample_0101.npz,3671b99524219e4e7f1acd583f0a9f657d15a23a30ed3d575564b8f9d92d770e,0.001975299004698172,0.054242184360432606,0.3554533987509254,0.49785688519477844,0.22780229151248932,0.3245027080178261
fine_control,54,slit_bridge,102,private-source://routeA_experiments/data/final_ood_frozen_v1/slit_bridge/sample_0102.npz,b8b9ab3a97d31d7c91628f73ac4db6371901871d302b30af028ae7297b2b153b,0.002075947995763272,0.12997205858563723,1.8116197191436396,0.94942557066679,0.5804811948910356,0.742265681817661
fine_control,54,slit_bridge,103,private-source://routeA_experiments/data/final_ood_frozen_v1/slit_bridge/sample_0103.npz,9f972861588cfdfdfbc3d1b3492908230dc44d640058083aa85270fbceb816f9,0.002164885983802378,0.07954072522943552,0.6651307822552517,0.6360155642032623,0.3531263843178749,0.4514895051717757
fine_control,54,slit_bridge,104,private-source://routeA_experiments/data/final_ood_frozen_v1/slit_bridge/sample_0104.npz,762aadec5fa91e8e7a7f85a7683286f4a4fa0192f736680d733b0707b91d4494,0.001966492010978982,0.1180929928626953,1.027729462819071,0.7654695808887482,0.5617197211831808,0.680505901575088
fine_control,54,slit_bridge,105,private-source://routeA_experiments/data/final_ood_frozen_v1/slit_bridge/sample_0105.npz,713c1a733e7b6f8c51dfe4d3f144d58d7ee189053361d35b7cb0099d093f55b6,0.0019694999791681767,0.11093627963410954,0.9182780379166797,0.8616166412830353,0.4811487980186939,0.5931380961090323
fine_control,54,slit_bridge,106,private-source://routeA_experiments/data/final_ood_frozen_v1/slit_bridge/sample_0106.npz,73c88046498ca7cb948857d6c873d10ec1b1bb70ce8813a259156f5e49c803e0,0.0021715579787269235,0.096458668117742,0.8738246031522248,0.6085563637316227,0.42191480100154877,0.5652163982391352
fine_control,54,slit_bridge,107,private-source://routeA_experiments/data/final_ood_frozen_v1/slit_bridge/sample_0107.npz,8e962067b4a867a40f8b8f07d19dbcf42eb4d7a6b08ac522bd140e761933b129,0.002056769997579977,0.12544400821715085,1.0464614138525399,0.831407904624939,0.5430011730641127,0.7077882111072534
fine_control,54,slit_bridge,108,private-source://routeA_experiments/data/final_ood_frozen_v1/slit_bridge/sample_0108.npz,23bb0eb2ffb8522d891e10b78e9f4fcf6ea2c8b5136c119d1353dc41e81126a2,0.0019009830139111727,0.08041245885131024,0.5229158843183933,0.5036163926124573,0.34871815890073776,0.4449354141950605
fine_control,54,slit_bridge,109,private-source://routeA_experiments/data/final_ood_frozen_v1/slit_bridge/sample_0109.npz,ee7d8642727cde846b418e0d6ef6f3d525513d8f7c13d4e21a694399a5887809,0.00212127499980852,0.13197594154914852,1.1395698317586258,0.8702822923660278,0.6065052133053541,0.7258209928870194
fine_control,54,slit_bridge,110,private-source://routeA_experiments/data/final_ood_frozen_v1/slit_bridge/sample_0110.npz,2cb9d93c491c746797690b373d3873b13231a0144087e5c6f98bc1674dcf9aa9,0.0020987539901398122,0.134246203741903,1.0907074079892316,0.8252898752689362,0.5751703474670649,0.7066996991634369
fine_control,54,slit_bridge,111,private-source://routeA_experiments/data/final_ood_frozen_v1/slit_bridge/sample_0111.npz,20cb4a3d10bd1589b41836354fc8ffcea2f716f9c4d860e668becadedadd9f38,0.0019833709811791778,0.06643482583322262,0.5108124881719225,0.511367455124855,0.2973062740638852,0.41757123619317993
fine_control,54,slit_bridge,112,private-source://routeA_experiments/data/final_ood_frozen_v1/slit_bridge/sample_0112.npz,37a74f8306ed3c59b31377d7e4a65031205ca4f453cf06b54132466f7b6b4a27,0.0020136260136496276,0.14063206707382098,1.158948933836411,0.9355510398745537,0.6146096438169479,0.8304113373160357
fine_control,54,slit_bridge,113,private-source://routeA_experiments/data/final_ood_frozen_v1/slit_bridge/sample_0113.npz,ef235deec817e178c9aadff18419bfa34a077733d1176a3329f0534a76dc2a36,0.001971608988242224,0.1218675843564656,1.1028070626006288,0.9369330182671547,0.5954291336238384,0.7357783108949661
fine_control,54,slit_bridge,114,private-source://routeA_experiments/data/final_ood_frozen_v1/slit_bridge/sample_0114.npz,fee8722c5da8ec155bbe8e819b2eefa2d11a554066c684e422d739ef76676fdc,0.001971049001440406,0.09395453040578985,0.7491804592434542,0.7282719314098358,0.42403488885611296,0.5827091567218301
fine_control,54,slit_bridge,115,private-source://routeA_experiments/data/final_ood_frozen_v1/slit_bridge/sample_0115.npz,c0ff037ccc5a055bf9e6049f73b19eb3ef3c759d34e01dde7782629ee5155b1a,0.0020250080269761384,0.12498861146261217,0.9805479520064274,0.7811898291110992,0.5602530390024185,0.63507407233119
fine_control,54,slit_bridge,116,private-source://routeA_experiments/data/final_ood_frozen_v1/slit_bridge/sample_0116.npz,89796e3463ade62e6165c2220b9206d7e09c13d435e41116a44b4b2b72d8a7e2,0.001970548997633159,0.11284388697395481,1.048692282766356,0.8216731548309326,0.5523064099252224,0.6716718785464754
fine_control,54,slit_bridge,117,private-source://routeA_experiments/data/final_ood_frozen_v1/slit_bridge/sample_0117.npz,0b5ddb4fbb4b1abaaecda668cf96d47108c2d0634e698e348798412ad2c8bd5b,0.002074274991173297,0.09519920060605377,0.6754077312440793,0.621088832616806,0.48340340703725815,0.5574724391102789
fine_control,54,slit_bridge,118,private-source://routeA_experiments/data/final_ood_frozen_v1/slit_bridge/sample_0118.npz,67c9870824a0cf24261c14ee2ee54260350b87c984724da8b7b3239ef5f4f8f2,0.00202186600654386,0.10689316193422224,0.8898322960851461,0.8800065591931343,0.4817070523276925,0.732956302165985
fine_control,54,slit_bridge,119,private-source://routeA_experiments/data/final_ood_frozen_v1/slit_bridge/sample_0119.npz,3cd3c867da52bc984e6b469d03b48c1d502d3c379c3a09320042c00db34b1f2f,0.001983388006919995,0.12145030136694958,1.0831893193017377,0.8892342820763588,0.563830038998276,0.7267706967890252
fine_control,54,slit_bridge,120,private-source://routeA_experiments/data/final_ood_frozen_v1/slit_bridge/sample_0120.npz,321a3cdc9661e8fd1679cfceed9f566fa138dcdcf45b5bb5a1d8fce6ede740f1,0.001989602984394878,0.10345632468811816,1.0998599901621,0.8080183938145638,0.4726032018661499,0.6021600276231766
fine_control,54,slit_bridge,121,private-source://routeA_experiments/data/final_ood_frozen_v1/slit_bridge/sample_0121.npz,947ac005aaaab451b701b3285288d12286101f1936826903031becc4a8c82912,0.0020789570116903633,0.11606353403380867,1.0506533721223215,0.728522926568985,0.5436942167580128,0.6339163430035113
fine_control,54,slit_bridge,122,private-source://routeA_experiments/data/final_ood_frozen_v1/slit_bridge/sample_0122.npz,f86df5b1facc0d81f78a07017d7a1169d59fc90ab287dd52fa7ef79d790e2e91,0.0020051359897479415,0.09945711694559115,0.6999659597427964,0.6497114896774292,0.44099696166813374,0.5587010830640792
fine_control,54,slit_bridge,123,private-source://routeA_experiments/data/final_ood_frozen_v1/slit_bridge/sample_0123.npz,dd8d213055c704fdaab30fa56f42a33f2b17cda2608934ee3c8395f1fa3ac372,0.0020660459995269775,0.12495617410300822,1.3105666810320435,0.9098499640822411,0.5738264210522175,0.7499681264162062
fine_control,54,slit_bridge,124,private-source://routeA_experiments/data/final_ood_frozen_v1/slit_bridge/sample_0124.npz,989ca5a6639d386f9ba2fbbe4929a51151c1d1f58f0b02af5979a213ce187952,0.001967187999980524,0.11591031279029806,1.2821030842072985,0.8502542078495026,0.5484968535602093,0.6263393349945544
fine_control,54,slit_bridge,125,private-source://routeA_experiments/data/final_ood_frozen_v1/slit_bridge/sample_0125.npz,a70aa7c2b0ab69e05a1bdac27c118b00080fd91ce4b14294cf3d802c7d9815c3,0.0020600080024451017,0.050195230099168486,0.38903986124197165,0.405473530292511,0.20886492310091853,0.32170888930559155
fine_control,54,slit_bridge,126,private-source://routeA_experiments/data/final_ood_frozen_v1/slit_bridge/sample_0126.npz,093585a00e910cd41c9a8b1050dbde9900de283da5c8bcf64b0e6657b12ce6c0,0.0019845020142383873,0.12995229082727622,0.9527815806838764,0.8796402886509895,0.5860088616609573,0.7516092158854005
fine_control,54,slit_bridge,127,private-source://routeA_experiments/data/final_ood_frozen_v1/slit_bridge/sample_0127.npz,fbaeeb14ed4064772eccd6ad5d7ce8b30fd2cd571f89be44730cad2f429acd53,0.00193709199083969,0.08471634635164395,0.6520049068323509,0.6901619136333466,0.4067067615687847,0.5334428995847701
fine_control,54,slit_bridge,128,private-source://routeA_experiments/data/final_ood_frozen_v1/slit_bridge/sample_0128.npz,f8dcb1ad9a029b0aaa0eb4226be5e9fb26f98253b2ac2ee759238972e2b35793,0.002015477017266676,0.10867183609007477,0.8443391853499365,0.781268298625946,0.5160601679235697,0.6813458859920499
fine_control,54,slit_bridge,129,private-source://routeA_experiments/data/final_ood_frozen_v1/slit_bridge/sample_0129.npz,4fde72568a862f65ab802425b157856bd372d3c84dff9690b725526c7c4caa72,0.0019311149953864515,0.10709211216585961,0.7861145380927813,0.7894438207149506,0.47215824387967587,0.592361582070589
fine_control,54,slit_bridge,130,private-source://routeA_experiments/data/final_ood_frozen_v1/slit_bridge/sample_0130.npz,c5fc37a33ccfde0c5c1bc91a423ff22369761aa4a2358c6bf448d552f93ebe9f,0.002076383010717109,0.0456027873486627,0.3053663529900803,0.49272674322128296,0.18285053595900536,0.2761121779680251
fine_control,54,slit_bridge,131,private-source://routeA_experiments/data/final_ood_frozen_v1/slit_bridge/sample_0131.npz,816e62f42925e1228f1925aa9a64af845857cc8af393bef8edcc95e0b32ae811,0.00207787798717618,0.09792645175713056,0.7375601549471106,0.6996558606624603,0.4287301152944565,0.6087045699357986
fine_control,54,slit_bridge,132,private-source://routeA_experiments/data/final_ood_frozen_v1/slit_bridge/sample_0132.npz,0fe2c82d437426e3d5e3a8a69a3eaf8444f65273028a83b43642500191be1de2,0.0020638509886339307,0.11411877110609076,1.1155317979513526,0.8163666725158691,0.5139617696404457,0.6610146895050991
fine_control,54,slit_bridge,133,private-source://routeA_experiments/data/final_ood_frozen_v1/slit_bridge/sample_0133.npz,158533d38705bbe83ad1aff888d4d281d11c259abc75e687100337a1169b6b79,0.0020602660079021007,0.07481490492691459,0.514249433940376,0.5354716442525387,0.3216827064752579,0.40873081907629955
fine_control,54,slit_bridge,134,private-source://routeA_experiments/data/final_ood_frozen_v1/slit_bridge/sample_0134.npz,809d1f61ff74bd28a60a9ee3e93980572061abc432bf497071f850cf295e5a22,0.0020584340090863407,0.11765511789348976,0.9714890185425407,0.8158536851406097,0.5265207588672638,0.6561440885066986
fine_control,54,slit_bridge,135,private-source://routeA_experiments/data/final_ood_frozen_v1/slit_bridge/sample_0135.npz,49a6d2f84ef15ae562f31d7f8186dcf515a22bd150120c9ef7592236bc4da560,0.0021338050137273967,0.11575136613857565,1.0611218227444985,0.7381262183189392,0.5340402498841286,0.6001068290323018
fine_control,54,slit_bridge,136,private-source://routeA_experiments/data/final_ood_frozen_v1/slit_bridge/sample_0136.npz,0aaf02ec1906882bedac48878d8b32168a7bb9aa28e664600efcf7880eeb0a09,0.0019450800027698278,0.04974580332567644,0.31465193759527355,0.5809631645679474,0.21560371667146683,0.3018232405185699
fine_control,54,slit_bridge,137,private-source://routeA_experiments/data/final_ood_frozen_v1/slit_bridge/sample_0137.npz,3060120b449129fec3dadb659d3c9a7989d9e4319138bf42de3acdc3ba915c02,0.0020587329927366227,0.0754310927461884,0.5760992336606264,0.47852835059165955,0.31519605219364166,0.41930326819419855
fine_control,54,slit_bridge,138,private-source://routeA_experiments/data/final_ood_frozen_v1/slit_bridge/sample_0138.npz,6ed13d9162ca3514a314258b8d24016c2bc8875b25b0b38c5cdfa938f2a1eee2,0.0021149399981368333,0.1065299537896685,1.0218985860432672,0.800844132900238,0.4749826304614544,0.6428260598331689
fine_control,54,slit_bridge,139,private-source://routeA_experiments/data/final_ood_frozen_v1/slit_bridge/sample_0139.npz,658f1ca5a3c9c31ef1d3034e1fa4b0a5769e9c38a410ad1b72996a2aa8abf1a0,0.0019849810050800443,0.06626092029181686,0.507038205050331,0.5143217146396637,0.30756643414497375,0.40979233905673024
fine_control,54,slit_bridge,140,private-source://routeA_experiments/data/final_ood_frozen_v1/slit_bridge/sample_0140.npz,4cb2e3c95ee8b50b37549ea056e6b5e6349cac539e85f6c167d54902061606d1,0.0019717009854502976,0.11519113747235242,0.9521633395617561,0.819537490606308,0.5016497820615768,0.6415707282721993
fine_control,54,slit_bridge,141,private-source://routeA_experiments/data/final_ood_frozen_v1/slit_bridge/sample_0141.npz,72511c727388df3bf5af40ee47932e5d0ea12cec9268d07a95eff4200660e42e,0.0021276600018609315,0.10791489175962421,0.8791920680655974,0.7191936671733856,0.507614878937602,0.6167038440704343
fine_control,54,slit_bridge,142,private-source://routeA_experiments/data/final_ood_frozen_v1/slit_bridge/sample_0142.npz,306a40af48edd29b46f137a9e1015dba90eef9f89a216e9034ab8c4e810088cb,0.002120946010109037,0.12216785482004099,1.1890586929587912,0.8278510794043541,0.5577965658158064,0.6447785764932631
fine_control,54,slit_bridge,143,private-source://routeA_experiments/data/final_ood_frozen_v1/slit_bridge/sample_0143.npz,9143fda697b9d0ca554a018b16f7dcedf9ce17f64344f4de043fd7612877a3d2,0.002036148012848571,0.12123534556823932,1.223052249048551,0.8656674697995186,0.5553278084844351,0.6829329341650008
fine_control,54,slit_bridge,144,private-source://routeA_experiments/data/final_ood_frozen_v1/slit_bridge/sample_0144.npz,cede0fd6d7f85a69aeaae09213236482ad3047e9130d14dd79693b9e243f783b,0.0021394290088210255,0.12566632222225954,1.1548316544594386,0.8220168650150299,0.561396349221468,0.6544053323566911
fine_control,54,slit_bridge,145,private-source://routeA_experiments/data/final_ood_frozen_v1/slit_bridge/sample_0145.npz,2d9fdb82c8a7275b63a15c4d95ab584a0842ebd21fd6762928d68475fe8cc330,0.00195564201567322,0.12385705180707395,0.9623795714215184,0.8805049285292625,0.5336274849250913,0.8027902662754058
fine_control,54,slit_bridge,146,private-source://routeA_experiments/data/final_ood_frozen_v1/slit_bridge/sample_0146.npz,207f5f551061e628bde8bc221dd64138c07612d4245a97390961be3ea5e16611,0.0020764939836226404,0.07849387579583043,0.5834491623159023,0.5148932337760925,0.3387317396700382,0.45096760392188967
fine_control,54,slit_bridge,147,private-source://routeA_experiments/data/final_ood_frozen_v1/slit_bridge/sample_0147.npz,82d0e49e8401c09f0e3e6a3547b29f4d5a1dedbc6b0f06beea92cbeb4866ea11,0.0021352159965317696,0.12391784554254617,1.164618125917575,0.8948742523789406,0.5765875279903412,0.6908407196402533
fine_control,54,slit_bridge,148,private-source://routeA_experiments/data/final_ood_frozen_v1/slit_bridge/sample_0148.npz,e38da3693d172092572c7f2754a94e44ef94b0502f3919d896ce0c2fbe38e009,0.0021045790053904057,0.11203082315553609,0.9088784713931638,0.7927878797054291,0.5078830271959305,0.620247865840792
fine_control,54,slit_bridge,149,private-source://routeA_experiments/data/final_ood_frozen_v1/slit_bridge/sample_0149.npz,afc272ad1c582032ceafc263f98a9500852bcc9f113906a40f63ad64c40aee4c,0.002003877016250044,0.12098324502331413,1.7129332849945769,0.905606634914875,0.5757425967603922,0.7328768566250791
fine_control,54,slit_bridge,150,private-source://routeA_experiments/data/final_ood_frozen_v1/slit_bridge/sample_0150.npz,3d18460af3363948da3a01a3d1b31a48effc40aa616a1b5dd39689622a7ec45c,0.0020401939982548356,0.10845312794617032,0.7381297437556926,0.7619949281215668,0.5033496916294098,0.596842174977064
fine_control,54,slit_bridge,151,private-source://routeA_experiments/data/final_ood_frozen_v1/slit_bridge/sample_0151.npz,d5753da7388ebb54f9cf2699537d139086e01002d7a59190bb63986a17939a32,0.0019613880140241235,0.06901468325894297,0.5310706631917087,0.6199789047241211,0.30393896251916885,0.4200992822647092
fine_control,54,slit_bridge,152,private-source://routeA_experiments/data/final_ood_frozen_v1/slit_bridge/sample_0152.npz,9695aa6ea858785b103e16fd61c266f988f64686cfbdc88b2899662da023ea05,0.0020571979985106736,0.06909941757275417,0.6063035777280421,0.6393764615058899,0.2945142611861229,0.4427674487233162
fine_control,54,slit_bridge,153,private-source://routeA_experiments/data/final_ood_frozen_v1/slit_bridge/sample_0153.npz,60ac6a052ff2a92b7086357b74a96c31e33d7255ddf407c4f70bc5fe58806b60,0.0019133529858663678,0.12255088825252596,1.6572409339270593,0.8959253504872322,0.547918421914801,0.695917303673923
fine_control,54,slit_bridge,154,private-source://routeA_experiments/data/final_ood_frozen_v1/slit_bridge/sample_0154.npz,02efeff9d6ba6e84c68ab742c168c4ca40609c73d6f82146e8a2f5b10a657897,0.001975401013623923,0.12926484728415474,2.0998355497751957,0.97040606290102,0.5889632660691859,0.7053000144893301
fine_control,54,slit_bridge,155,private-source://routeA_experiments/data/final_ood_frozen_v1/slit_bridge/sample_0155.npz,ea8bfa01563270f5d6e2ec9dbe473f05772c2e4989b937a57ae2104227258fed,0.002054751996183768,0.07859323870804136,0.5440729458273613,0.6390430629253387,0.33124834671616554,0.5066259361803526
fine_control,54,slit_bridge,156,private-source://routeA_experiments/data/final_ood_frozen_v1/slit_bridge/sample_0156.npz,5005fb0814bda784608be7da52a32e34a6544ba7bd358a95694b62e213f8f2c2,0.002065260021481663,0.11121398313190327,0.9321146602192943,0.8474854752421379,0.49254515394568443,0.6609781995415686
fine_control,54,slit_bridge,157,private-source://routeA_experiments/data/final_ood_frozen_v1/slit_bridge/sample_0157.npz,ac48ebb841e2622ef6bc4ba966dad1b3b604f8d724d29e6f2fab1b6641ee1921,0.0020141429849900305,0.12331506555381766,1.0398212985017348,0.8949552848935127,0.5566190220415592,0.7649143718183032
fine_control,54,slit_bridge,158,private-source://routeA_experiments/data/final_ood_frozen_v1/slit_bridge/sample_0158.npz,2f49624ea36882b03b9786cab30360722cade76c056bea230f9c9ba4ac764c8b,0.0019775830151047558,0.08694248175243552,0.5718557414062945,0.6319946646690369,0.39653592742979527,0.5743561148643491
fine_control,54,slit_bridge,159,private-source://routeA_experiments/data/final_ood_frozen_v1/slit_bridge/sample_0159.npz,d0b13a51187a418d7efe2e93a19604a3d01c818ea9736b5aa09b4607fad5fa55,0.0019685729930642992,0.09396065606900897,0.7401078864084779,0.6843632459640503,0.4303141990676522,0.601421454548835
fine_control,54,slit_bridge,160,private-source://routeA_experiments/data/final_ood_frozen_v1/slit_bridge/sample_0160.npz,622f4d8070ecdd9d0a824ce72f84fecc0c78f83011ff11259ebc6bb846de281e,0.002097838994814083,0.05967051492668747,0.4270756661385161,0.5082915052771568,0.23383595049381256,0.3594814240932464
fine_control,54,slit_bridge,161,private-source://routeA_experiments/data/final_ood_frozen_v1/slit_bridge/sample_0161.npz,178f02f0e3b5995f2619dd6bf52ad3a7508f806bd4e13ba9ceeb9a36f1649f16,0.0020413649908732623,0.11921032226707129,1.1855534299021329,0.7159376740455627,0.5426631774753332,0.6079653058201074
fine_control,54,slit_bridge,162,private-source://routeA_experiments/data/final_ood_frozen_v1/slit_bridge/sample_0162.npz,7dac1f84d357180521999872dd329573241cb8c42feeb442891197f01199c66b,0.0020096669904887676,0.13321281822570866,1.6399838299113654,0.9376270994544029,0.5945584694854915,0.726498648524284
fine_control,54,slit_bridge,163,private-source://routeA_experiments/data/final_ood_frozen_v1/slit_bridge/sample_0163.npz,b7a7aa86a9bdc19977f06da4caff68d49a340edbf4f1a1c1187591366b6636d2,0.0019836139981634915,0.12082970761824459,0.9411355487567661,0.8947109505534172,0.5721115320920944,0.788397809118032
fine_control,54,slit_bridge,164,private-source://routeA_experiments/data/final_ood_frozen_v1/slit_bridge/sample_0164.npz,779949d863880f5d16a879e81f20fad07ea4f966fba7da8ee22f0adaa6fc32af,0.0019602690008468926,0.12489252290961078,0.952143927073442,0.7900972664356232,0.5255979131907225,0.6652973294258114
fine_control,54,slit_bridge,165,private-source://routeA_experiments/data/final_ood_frozen_v1/slit_bridge/sample_0165.npz,dc423b6d998084bf0149349c297bb1babad5e99fb236b7c05dfa975cb5183082,0.002000785985728726,0.05991925983573827,0.45037540298406203,0.6324781477451324,0.2559029310941696,0.41347170174121844
fine_control,54,slit_bridge,166,private-source://routeA_experiments/data/final_ood_frozen_v1/slit_bridge/sample_0166.npz,351a161f32941f870662dc54b1d5ae59e25dc38cb8501ca4493dd08e6d42d64a,0.001949058991158381,0.12428778406051791,1.0158268659899974,0.8380669355392456,0.5573026835918427,0.62051367983222
fine_control,54,slit_bridge,167,private-source://routeA_experiments/data/final_ood_frozen_v1/slit_bridge/sample_0167.npz,aa66574c4716561ec10258da0ac13914768f1d14f665ebf1ec534f148bd0abd7,0.0019573640020098537,0.07682637530532227,0.6219102518754744,0.6264590919017792,0.35792276263237,0.43148581981658896
fine_control,54,slit_bridge,168,private-source://routeA_experiments/data/final_ood_frozen_v1/slit_bridge/sample_0168.npz,b0b356c11f56258bb6f3db09bd66c6dcd1bcd41614b20e67f8e907402ec13485,0.002014147990848869,0.11623068180805221,0.949240469907483,0.7784212231636047,0.5180108323693275,0.6023763317614792
fine_control,54,slit_bridge,169,private-source://routeA_experiments/data/final_ood_frozen_v1/slit_bridge/sample_0169.npz,a469b2c4e556282ed62e13e26cd27398331a9ba05d88ee1913966198103238d6,0.002016193000599742,0.12037519234797538,1.0479615179921302,0.8686266541481018,0.5345047377049923,0.6538780380040407
fine_control,54,slit_bridge,170,private-source://routeA_experiments/data/final_ood_frozen_v1/slit_bridge/sample_0170.npz,36fbd3c3d23a1204142c49ecd37ef44c2ba54ac4467ddb41d832464267e85212,0.001998113002628088,0.12241385114050837,1.1149309697061212,0.7488949298858643,0.555574107915163,0.6230886854231358
fine_control,54,slit_bridge,171,private-source://routeA_experiments/data/final_ood_frozen_v1/slit_bridge/sample_0171.npz,d535ac50a902c9794c7c816a49047dfd9c3f701564b69ce35cc24a4b731afa97,0.001954730018042028,0.12921267122136498,1.686701710473281,0.91168162971735,0.6110498949419707,0.7110721237957477
fine_control,54,slit_bridge,172,private-source://routeA_experiments/data/final_ood_frozen_v1/slit_bridge/sample_0172.npz,4e4eeb0f4d4f14aa76bc67064de00f38d35024c2470cfc77d2414c6da16f99f2,0.0019341759907547385,0.09528704120112155,0.6699474192730277,0.6537430584430695,0.4627353847026825,0.5326073020696637
fine_control,54,slit_bridge,173,private-source://routeA_experiments/data/final_ood_frozen_v1/slit_bridge/sample_0173.npz,4c3d97c818e4c1aaa20fd773230ef107c1e90a4328ebbfb020186474b8b391e2,0.0019498899928294122,0.118391190815988,0.9715742188220595,0.8097750842571259,0.5421344004571438,0.6871887333691117
fine_control,54,slit_bridge,174,private-source://routeA_experiments/data/final_ood_frozen_v1/slit_bridge/sample_0174.npz,c764cef11e9744e2347bf095a3ad20fd9c9a40516623d0e6687f000cea70736b,0.0020764360087923706,0.11123708443532963,1.0322919956721228,0.7969014644622803,0.4932114612311125,0.6100952364504337
fine_control,54,slit_bridge,175,private-source://routeA_experiments/data/final_ood_frozen_v1/slit_bridge/sample_0175.npz,22afae3ce0b327b65855609e847dcf168cbfa0c3da01d0e00d7ff822a2f93dab,0.001969128003111109,0.09114660215858825,0.6032102145830308,0.6284163296222687,0.41140119545161724,0.5079260900616644
fine_control,54,slit_bridge,176,private-source://routeA_experiments/data/final_ood_frozen_v1/slit_bridge/sample_0176.npz,3615c8f32a0156e435a991da99bea493288394630d64ca1402e46469b4ae4561,0.00229920499259606,0.054602333000878266,0.3927648078933848,0.6589527130126953,0.24181754887104034,0.3880581676959988
fine_control,54,slit_bridge,177,private-source://routeA_experiments/data/final_ood_frozen_v1/slit_bridge/sample_0177.npz,bde9b0878d1f9163cd3460df65d8fbaa6d012659d97271692cd52839664004d8,0.002012340002693236,0.08677099053375609,0.6971870905460278,0.5577118992805481,0.40698207169771194,0.5061543829739089
fine_control,54,slit_bridge,178,private-source://routeA_experiments/data/final_ood_frozen_v1/slit_bridge/sample_0178.npz,dffe6643c77429e0e5ed595fcd8553b626ac374c0226c86babb86bb23700de20,0.0019293420191388577,0.09548991870703012,0.7054740131459907,0.6158940196037292,0.45846143923699856,0.5773279502987861
fine_control,54,slit_bridge,179,private-source://routeA_experiments/data/final_ood_frozen_v1/slit_bridge/sample_0179.npz,fca36c52c6cfb0110fbe78721de423d99487a00561b0c6b6b9f826917f42aede,0.0019762800075113773,0.07265929075770017,0.47554516312848694,0.49592238664627075,0.34933690540492535,0.45873143076896644
fine_control,54,slit_bridge,180,private-source://routeA_experiments/data/final_ood_frozen_v1/slit_bridge/sample_0180.npz,6f19672ce01e21e2c280e4be06a3e54680e018ff4c226cbe757f44ebad3e1910,0.0020841030054725707,0.08915359907750482,0.5522689510713383,0.605722188949585,0.36645015329122543,0.520766413211822
fine_control,54,slit_bridge,181,private-source://routeA_experiments/data/final_ood_frozen_v1/slit_bridge/sample_0181.npz,ec877344fcdbfdbdaddf529e85e3cc5c3aab339963def6c7349014d86c8140d4,0.002015985985053703,0.11165270479599067,0.9098261149557695,0.8136979937553406,0.5121245235204697,0.6264642722904679
fine_control,54,slit_bridge,182,private-source://routeA_experiments/data/final_ood_frozen_v1/slit_bridge/sample_0182.npz,85955e8644eeb0dcc33c4aed80df2c7439e5bab709258a2875ce1a3a61c5ebfb,0.002034808014286682,0.09385706827189268,0.7090979290852971,0.7053088247776031,0.42398044653236866,0.5478244587779043
fine_control,54,slit_bridge,183,private-source://routeA_experiments/data/final_ood_frozen_v1/slit_bridge/sample_0183.npz,7db60f93fba5ad9147fed2dc7ad510080993a1ba5cacff680d8f7315ac009961,0.0020544180006254464,0.11795709887827896,0.90404515528042,0.8481112942099571,0.4985759165138006,0.6364420711994171
fine_control,54,slit_bridge,184,private-source://routeA_experiments/data/final_ood_frozen_v1/slit_bridge/sample_0184.npz,8121820fc993132420a3854bde14b0b1742133b65c0a82ff2248b97133f07f34,0.0020554139919113368,0.10405416630600021,0.8968217159673633,0.7018661499023438,0.4611117094755173,0.5639803286641835
fine_control,54,slit_bridge,185,private-source://routeA_experiments/data/final_ood_frozen_v1/slit_bridge/sample_0185.npz,6cddc80ef7290697c6e5ddae659d68aa20dcd10104ab9b2cd5f9708afe9f741d,0.0020817700133193284,0.05408442546114752,0.35396735121342293,0.48451828956604004,0.22919586300849915,0.32594972327351557
fine_control,54,slit_bridge,186,private-source://routeA_experiments/data/final_ood_frozen_v1/slit_bridge/sample_0186.npz,325ef30f2da8a65dac78a1b06a65f887f2d9947c96e2faee9e6a8ec03323351a,0.0019983570091426373,0.10864944812887836,0.7955748437263991,0.6494421362876892,0.47062135860323906,0.586473900079727
fine_control,54,slit_bridge,187,private-source://routeA_experiments/data/final_ood_frozen_v1/slit_bridge/sample_0187.npz,119b85212c8b4744bf1d62d7dfe261550cb6d3e5d22f4790dbe62e75609d0922,0.002010587020777166,0.0825895102307007,0.5885661106711206,0.686444878578186,0.37527891993522644,0.5030506566166876
fine_control,54,slit_bridge,188,private-source://routeA_experiments/data/final_ood_frozen_v1/slit_bridge/sample_0188.npz,dcf9852e45123cccfdad55cec5cd89ffd610e5287252fbe34ba1dd1786992a3e,0.002040703024249524,0.11368019933403935,0.8581010253107562,0.7712578773498535,0.5238951444625854,0.6220909357070922
fine_control,54,slit_bridge,189,private-source://routeA_experiments/data/final_ood_frozen_v1/slit_bridge/sample_0189.npz,286c7744959bebf561fcf60d6510f810deadc11b4f49e589e2e9473d32de82f7,0.001977048988919705,0.08604006241955327,0.7132445841119538,0.5712219253182411,0.3840894401073456,0.5146202899515628
fine_control,54,slit_bridge,190,private-source://routeA_experiments/data/final_ood_frozen_v1/slit_bridge/sample_0190.npz,fe702ecba390c3dc04a9733afe0b132a016fcf5c4eaffcad11aaea841c4e382e,0.002004252019105479,0.11282022142321523,1.026401871742298,0.73618995398283,0.5104007534682751,0.5964887917041779
fine_control,54,slit_bridge,191,private-source://routeA_experiments/data/final_ood_frozen_v1/slit_bridge/sample_0191.npz,cc046fa8afaf7d479712359b932e246ff1ee8e9d4f1365bd79dc2f10196be05c,0.0020782790088560432,0.12587654283090577,1.1031877313032419,0.7704280614852905,0.5304046608507633,0.6209226600825786
fine_control,54,slit_bridge,192,private-source://routeA_experiments/data/final_ood_frozen_v1/slit_bridge/sample_0192.npz,12a887fa1b92770140bbc308300406b9f45be794a2802dc5d4318f9f90964304,0.002084099018247798,0.11292594004113433,0.8492165062150948,0.7594711780548096,0.477813171222806,0.6454657226800917
fine_control,54,slit_bridge,193,private-source://routeA_experiments/data/final_ood_frozen_v1/slit_bridge/sample_0193.npz,ea535161153d10af3f779e6ce92ab576cb6f01bb2b84270e675cb8a7ca3bff3d,0.0019246329902671278,0.062499211139954526,0.4376677752647437,0.5089288949966431,0.272746117785573,0.4349299058318136
fine_control,54,slit_bridge,194,private-source://routeA_experiments/data/final_ood_frozen_v1/slit_bridge/sample_0194.npz,8488a62661fcd5432a193ca5c2bdaf1492f33731b7131ad3e367f5731ec70c37,0.001968658994883299,0.12036655673047617,1.0643186952139738,0.9138633981347084,0.5548938121646643,0.7962573066353797
fine_control,54,slit_bridge,195,private-source://routeA_experiments/data/final_ood_frozen_v1/slit_bridge/sample_0195.npz,7e1d374879fa5f6a96ebc3990a10958313440dc33a9ef060976f12e925232108,0.002030407980782911,0.08723451404163927,0.6078556686355806,0.5953101217746735,0.41740882396698,0.5223405227065082
fine_control,54,slit_bridge,196,private-source://routeA_experiments/data/final_ood_frozen_v1/slit_bridge/sample_0196.npz,d4848a4e772e741b625e10aec676527f984e3943b470a872754331769f8b94bb,0.001955857005668804,0.11062034922363614,1.017853947601543,0.7687819004058838,0.5155138848349452,0.6097943101078268
fine_control,54,slit_bridge,197,private-source://routeA_experiments/data/final_ood_frozen_v1/slit_bridge/sample_0197.npz,2b37447cf0d376d2e2021ecf8d29a5d17437f6bb153943e0f306b31930209b3e,0.0020321549964137375,0.12189188519047153,0.9611643182427566,0.8910771086812019,0.5573808774352074,0.8143125027418133
fine_control,54,slit_bridge,198,private-source://routeA_experiments/data/final_ood_frozen_v1/slit_bridge/sample_0198.npz,8030be12303215e83fab9a6e2360c32b7958cadc693426ae4437ff9ce9a38d91,0.0019593109900597483,0.10266493036970352,0.7836181104436936,0.7900131344795227,0.47334964759647846,0.6446318119764323
fine_control,54,slit_bridge,199,private-source://routeA_experiments/data/final_ood_frozen_v1/slit_bridge/sample_0199.npz,cc6a52511cc16e98c96e4753d529c21a8e0ccbe95013bc0584ae491523d2bb83,0.0019239789980929345,0.06730298261936624,0.531923239715473,0.5715104341506958,0.29844722151756287,0.42410695478320093
fine_control,54,three_hole_asymmetric,0,private-source://routeA_experiments/data/final_ood_frozen_v1/three_hole_asymmetric/sample_0000.npz,76239d9d4cae31805b23350941f6924762ca8e0eb2de53f5e0014a3050004492,0.002047098008915782,0.08930458957288083,0.8663016138449218,0.7511703968048096,0.4283101235050708,0.619653995335102
fine_control,54,three_hole_asymmetric,1,private-source://routeA_experiments/data/final_ood_frozen_v1/three_hole_asymmetric/sample_0001.npz,c8138e48b2b5450756ab6ea06ad8018a0f03fd49507fdf70f7602513883c6d79,0.002016210986766964,0.07993326331723946,1.0234736632372816,0.7621285915374756,0.3549277482088655,0.5736790530383586
fine_control,54,three_hole_asymmetric,2,private-source://routeA_experiments/data/final_ood_frozen_v1/three_hole_asymmetric/sample_0002.npz,8415d3f4052cfa250de2e615b5f135c4cbc51665e9780ba0c740b7bc68b0b8d0,0.002038392995018512,0.09382833545514785,0.9784700765525768,0.6409882232546806,0.3742857766337693,0.5731458794325589
fine_control,54,three_hole_asymmetric,3,private-source://routeA_experiments/data/final_ood_frozen_v1/three_hole_asymmetric/sample_0003.npz,126883ed7a18270534e81fc020b354d6a09b3d0b37130be0a213f6e3fe3611cf,0.0020132390200160444,0.10743803870747394,0.9722147400749592,0.7056485712528229,0.5039032249478623,0.650129329273477
fine_control,54,three_hole_asymmetric,4,private-source://routeA_experiments/data/final_ood_frozen_v1/three_hole_asymmetric/sample_0004.npz,73fddad29aef7a16eeabb39f9b70e218861d55037c0d2745430816f9076f8b8f,0.0020206829940434545,0.08873772836237376,1.137997619365067,0.6961836889386177,0.37255031056702137,0.6414765829220411
fine_control,54,three_hole_asymmetric,5,private-source://routeA_experiments/data/final_ood_frozen_v1/three_hole_asymmetric/sample_0005.npz,0cce2a32a88505f1a40318561d466c31de7f2eb63e0449cf3df2f644c64a0108,0.0021241639915388077,0.08705432744455369,0.902670464846082,0.7434959709644318,0.4341496945708059,0.6427799016237259
fine_control,54,three_hole_asymmetric,6,private-source://routeA_experiments/data/final_ood_frozen_v1/three_hole_asymmetric/sample_0006.npz,05b9798f8cd5b5b832e909e747bb49397a06d4bc8291718bcb52ee39573eb619,0.0020322389900684357,0.11336283941545025,1.235641041473173,0.8749266564846039,0.5456197701860219,0.7367384746670722
fine_control,54,three_hole_asymmetric,7,private-source://routeA_experiments/data/final_ood_frozen_v1/three_hole_asymmetric/sample_0007.npz,6ba61082fc82270f3f31ed8952fcbbd145b31d5361d264f2bd66a5366e0bc340,0.0021331140014808625,0.08496455846290686,0.9177494441584236,0.654375821352005,0.3863145186624024,0.5898942483589052
fine_control,54,three_hole_asymmetric,8,private-source://routeA_experiments/data/final_ood_frozen_v1/three_hole_asymmetric/sample_0008.npz,853331caeb1b23865ccb78c9a2f431c6c5268c039e4b02388b3e7b2950cb9a7f,0.002057478006463498,0.10271047162710649,1.0216917528585547,0.8738091588020325,0.4635971640236676,0.6976775560528035
fine_control,54,three_hole_asymmetric,9,private-source://routeA_experiments/data/final_ood_frozen_v1/three_hole_asymmetric/sample_0009.npz,9970adef6a8aee3680702738f4b4535ec99d53fd695e57178ef1d947c3890f8c,0.00206056801835075,0.09888770695293593,0.9952235793511423,0.7878396213054657,0.4354267104063183,0.6580387909896671
fine_control,54,three_hole_asymmetric,10,private-source://routeA_experiments/data/final_ood_frozen_v1/three_hole_asymmetric/sample_0010.npz,ca5bef464b218ce33227b66ed886a6d671ca7ebab5b66b551b37435087ee4d86,0.0020268220105208457,0.09754514631903712,1.005569939893199,0.8268613815307617,0.47098610279499553,0.6891882956959301
fine_control,54,three_hole_asymmetric,11,private-source://routeA_experiments/data/final_ood_frozen_v1/three_hole_asymmetric/sample_0011.npz,ed6e65591f32cddee3a621d0a802c4d3ce1e222eac7e0ad7a6d66916367e9015,0.0020113860082346946,0.08628855416560106,0.96827617910044,0.7829318344593048,0.3473962096031755,0.5789478519000111
fine_control,54,three_hole_asymmetric,12,private-source://routeA_experiments/data/final_ood_frozen_v1/three_hole_asymmetric/sample_0012.npz,81ff39c1f360e63cd187c00763f0e47af4b7b964b23c0036bbcc2118bcfa7335,0.002042120002442971,0.10108051015203215,1.0156118599770054,0.7857325077056885,0.4619858437217772,0.6436464613303542
fine_control,54,three_hole_asymmetric,13,private-source://routeA_experiments/data/final_ood_frozen_v1/three_hole_asymmetric/sample_0013.npz,7b336e409d0b1be61aa8152652f7727a997afad669670d5dbedef898f8385d62,0.0020165960013400763,0.08428526199052183,0.9777074364787443,0.7900754511356354,0.35826991859357804,0.6545956169720736
fine_control,54,three_hole_asymmetric,14,private-source://routeA_experiments/data/final_ood_frozen_v1/three_hole_asymmetric/sample_0014.npz,14b2727426b78377e48754867160238048d5c11e6a60c8244c17e2f5d349c674,0.0021514789841603488,0.08979744109356648,0.9715144956212974,0.720921516418457,0.41972995758987963,0.6066958716139197
fine_control,54,three_hole_asymmetric,15,private-source://routeA_experiments/data/final_ood_frozen_v1/three_hole_asymmetric/sample_0015.npz,f1f557f0e4338c64350ec1c2218ae556b5ee258eeeb85ed87e15e06d69e7949f,0.002182092983275652,0.10187729737881748,1.281580682370056,0.772392988204956,0.48619121025694767,0.6790480582159942
fine_control,54,three_hole_asymmetric,16,private-source://routeA_experiments/data/final_ood_frozen_v1/three_hole_asymmetric/sample_0016.npz,e72396fee8a43a2b8ddefe735291ca8705c65690b680b4a18f84ae974e873213,0.002158117014914751,0.09774197268093011,1.1079893274024766,0.8898538425564766,0.43721787858521566,0.6533307962119579
fine_control,54,three_hole_asymmetric,17,private-source://routeA_experiments/data/final_ood_frozen_v1/three_hole_asymmetric/sample_0017.npz,e985edd4b5fd67f0812b23ba168c67faea3aeed38dc497bd3554f7bd6760ce23,0.0021116120042279363,0.10842664482577268,1.21507839343092,0.8675075247883797,0.4864468392916024,0.6679695044644172
fine_control,54,three_hole_asymmetric,18,private-source://routeA_experiments/data/final_ood_frozen_v1/three_hole_asymmetric/sample_0018.npz,822a1ae4756152a1ca58caa1ec6d5f81a08654b749358283fdc1e93ee4e96c05,0.002181961986934766,0.09893508659538458,0.8710491769062932,0.7200170755386353,0.4840615978464484,0.6267156276851892
fine_control,54,three_hole_asymmetric,19,private-source://routeA_experiments/data/final_ood_frozen_v1/three_hole_asymmetric/sample_0019.npz,930b0ac62993246d762ab2fade330a6323a28dfa631309dcd025ccc1955464d2,0.002023631997872144,0.10394635434067755,1.0783564205039162,0.724615067243576,0.47161552868783474,0.6049677088856696
fine_control,54,three_hole_asymmetric,20,private-source://routeA_experiments/data/final_ood_frozen_v1/three_hole_asymmetric/sample_0020.npz,ebe95ab8adce4e5f03a8c032f3f82d5b37362c40745ec8db423913bbcdbc36cc,0.0020386649994179606,0.0968372738868133,1.2280518347779883,0.6956343725323677,0.4802134230849333,0.6588172703981399
fine_control,54,three_hole_asymmetric,21,private-source://routeA_experiments/data/final_ood_frozen_v1/three_hole_asymmetric/sample_0021.npz,54558d7be0dcfa75da26d4b23bc274c3c188b6521dea1d6a7af66329fa9f8251,0.002053186995908618,0.0977597035763399,0.868161075347042,0.763830304145813,0.4613267406821251,0.6592972178012131
fine_control,54,three_hole_asymmetric,22,private-source://routeA_experiments/data/final_ood_frozen_v1/three_hole_asymmetric/sample_0022.npz,6bdc3c8942ace2076e15642c82251ef4fb1abdcb025262d5cbf4bf8159949c89,0.002017085993429646,0.09818963625390235,1.1473533378225789,0.8569085523486137,0.4388265890884213,0.6925271896179764
fine_control,54,three_hole_asymmetric,23,private-source://routeA_experiments/data/final_ood_frozen_v1/three_hole_asymmetric/sample_0023.npz,fb7b07378547ca5def525e00c556fd80770b515ccf896b8db2c472e26a09e5de,0.0020073989871889353,0.0977979068022967,1.6165526924827047,0.9220161810517311,0.42083051172085106,0.688438108481932
fine_control,54,three_hole_asymmetric,24,private-source://routeA_experiments/data/final_ood_frozen_v1/three_hole_asymmetric/sample_0024.npz,2db1bdfbff80836e6a8d01f12b7e3e3ccb933bc7fa29a6c580e28e0a5d564196,0.002151760010747239,0.10205373845106035,0.9776583661778596,0.8608444035053253,0.4771045118686743,0.7625329751521346
fine_control,54,three_hole_asymmetric,25,private-source://routeA_experiments/data/final_ood_frozen_v1/three_hole_asymmetric/sample_0025.npz,d3dd37382fca909602f329cf5ca0868fdf4906bc68d239b517c7b63904d4d71e,0.002095028990879655,0.10830757582194815,1.0493881664218947,0.8468232154846191,0.5501983799040318,0.7565469752997157
fine_control,54,three_hole_asymmetric,26,private-source://routeA_experiments/data/final_ood_frozen_v1/three_hole_asymmetric/sample_0026.npz,ab2b827142dff4076d7ccc83b71215ae118cd4367f57c2e1f1a596a261244546,0.00203595997299999,0.09807641161060929,0.9099644459211096,0.8468944057822227,0.4340411892044358,0.6998162895441055
fine_control,54,three_hole_asymmetric,27,private-source://routeA_experiments/data/final_ood_frozen_v1/three_hole_asymmetric/sample_0027.npz,502e0384dcc52c88b8d7686ef96396b3cb52f6aaceef7f024eb2b099d1a4007a,0.001998235995415598,0.10436542184031178,1.5689942046823802,0.9354372546076775,0.5285550095140934,0.7315352819859969
fine_control,54,three_hole_asymmetric,28,private-source://routeA_experiments/data/final_ood_frozen_v1/three_hole_asymmetric/sample_0028.npz,9350fce83bcaffdab0c4c8e8d9620ad9255df6368a78acb778f31f6d4d74c766,0.0020213680109009147,0.09592917853621322,1.1583977806925323,0.9032966867089272,0.4258169531240128,0.6640909418463696
fine_control,54,three_hole_asymmetric,29,private-source://routeA_experiments/data/final_ood_frozen_v1/three_hole_asymmetric/sample_0029.npz,f5870c4d60ab26a07f238eaa0997f6136bebb56604eb5c97e4b9a2fda2f9dc4e,0.002106506988639012,0.08969500717154967,0.6680595254464833,0.6536138355731964,0.3819563314318657,0.5788659900426864
fine_control,54,three_hole_asymmetric,30,private-source://routeA_experiments/data/final_ood_frozen_v1/three_hole_asymmetric/sample_0030.npz,6fd7dea4e1eb48c71994c0c450b08928f5ea2504ed659d879044b9b6c1644f3b,0.0020186779729556292,0.08109151980875123,1.132461347159195,0.8796399310231209,0.37863369821570814,0.5955264864489436
fine_control,54,three_hole_asymmetric,31,private-source://routeA_experiments/data/final_ood_frozen_v1/three_hole_asymmetric/sample_0031.npz,4ba2ed02c426f61c1986b2240ee86afd7314ebbbe8b539e56f9600ba0cbbc1d6,0.0021094510157126933,0.08850612223361366,1.065499764904905,0.8192998170852661,0.3769546752155293,0.6564396598376333
fine_control,54,three_hole_asymmetric,32,private-source://routeA_experiments/data/final_ood_frozen_v1/three_hole_asymmetric/sample_0032.npz,19561acd47d971095affbf1d7482c2543969e7efe2e017cce9662594c2409591,0.0019925789965782315,0.0994924513712126,1.1657156919819098,0.7731041610240936,0.4206280516809784,0.6556308637722396
fine_control,54,three_hole_asymmetric,33,private-source://routeA_experiments/data/final_ood_frozen_v1/three_hole_asymmetric/sample_0033.npz,299a816b59d1641a415a05ef717681b17573aad62ca3c0dc9711e90793f0d5b1,0.002071527997031808,0.10182582381556811,1.1277225865273781,0.8493587002158165,0.45063755637966096,0.6563956886529921
fine_control,54,three_hole_asymmetric,34,private-source://routeA_experiments/data/final_ood_frozen_v1/three_hole_asymmetric/sample_0034.npz,d9c1345372b974ce89c979d52478ef6d491162f017535e9466a777f808423d7d,0.002038169011939317,0.09596856291423463,0.9931163045216447,0.8512655198574066,0.3999374955892563,0.6880341716576367
fine_control,54,three_hole_asymmetric,35,private-source://routeA_experiments/data/final_ood_frozen_v1/three_hole_asymmetric/sample_0035.npz,bbc5468f3342befdbe4e2f23d133af48d348c7ec0465af4103305de397fa0309,0.002054426004178822,0.08021771636320336,0.7688344309128442,0.6785468757152557,0.34469238691963255,0.5690573539584872
fine_control,54,three_hole_asymmetric,36,private-source://routeA_experiments/data/final_ood_frozen_v1/three_hole_asymmetric/sample_0036.npz,f42f3b5b47bedfb758af7282d3853313d2f8cd91228aa5ad8456fe5f4ab773e7,0.0020374519808683544,0.07775999984983747,0.6045390969456335,0.6463826298713684,0.30042966082692146,0.4711700741201639
fine_control,54,three_hole_asymmetric,37,private-source://routeA_experiments/data/final_ood_frozen_v1/three_hole_asymmetric/sample_0037.npz,70b02216f9922d40a0913ae98c1656101a148ee3d0036600db73f132e9e21930,0.0019681119883898646,0.08764904038526836,0.9329361139808751,0.864661194384098,0.4240982932969928,0.6713076316285878
fine_control,54,three_hole_asymmetric,38,private-source://routeA_experiments/data/final_ood_frozen_v1/three_hole_asymmetric/sample_0038.npz,fa7d466e58601cc7ae42f28b80b74fe105c87c60ec45af33a67b9404e69917f3,0.002058345009572804,0.08635204990659279,0.7744316466437199,0.7289717793464661,0.4050252437591553,0.6348576664924616
fine_control,54,three_hole_asymmetric,39,private-source://routeA_experiments/data/final_ood_frozen_v1/three_hole_asymmetric/sample_0039.npz,6729ed9a2fcaa8077240d781da78727ef103709fb74147547087f09e654d3eeb,0.0020042419782839715,0.0699912793220642,0.6551422524204914,0.7454513609409332,0.28943919856101274,0.4344817653298377
fine_control,54,three_hole_asymmetric,40,private-source://routeA_experiments/data/final_ood_frozen_v1/three_hole_asymmetric/sample_0040.npz,4dc1b2b4a3bf9267ac51874c458885168a31fd1142276944c4d12ad9b44e5100,0.001980520988581702,0.10663797479293442,1.188012426535901,0.8764758035540581,0.4700121935456991,0.753279013931751
fine_control,54,three_hole_asymmetric,41,private-source://routeA_experiments/data/final_ood_frozen_v1/three_hole_asymmetric/sample_0041.npz,1b3c5a766f7f80111c7c5b2d1e785760caa4ac76416598c810f62f378e2dbb64,0.002093215996865183,0.11130039822714928,1.1957426885832223,0.8307010009884834,0.5214542155154049,0.6430651634931562
fine_control,54,three_hole_asymmetric,42,private-source://routeA_experiments/data/final_ood_frozen_v1/three_hole_asymmetric/sample_0042.npz,71baba454d946efdf1ed77d43d057be7b5cb937b31204d3f9a34e5b759e1f944,0.0020312650012783706,0.0793583942556161,0.702608083908539,0.6129922568798065,0.34583471482619643,0.49211751520633673
fine_control,54,three_hole_asymmetric,43,private-source://routeA_experiments/data/final_ood_frozen_v1/three_hole_asymmetric/sample_0043.npz,2ede2163e09a9b392d4845b6523de16898b67b651acecab632146f022bcfc1f4,0.0020839329808950424,0.0899584650950325,0.9258352839651853,0.6851920150220394,0.37993000261485577,0.6255565058905631
fine_control,54,three_hole_asymmetric,44,private-source://routeA_experiments/data/final_ood_frozen_v1/three_hole_asymmetric/sample_0044.npz,752790623dc514ac3a960bd67bd0cc3d73c861a4598060b92da04b2669e579d1,0.0021230480051599443,0.11140676453020704,1.606269083090452,0.9453849270939827,0.5280077382922173,0.6775690635200589
fine_control,54,three_hole_asymmetric,45,private-source://routeA_experiments/data/final_ood_frozen_v1/three_hole_asymmetric/sample_0045.npz,f93c887a4af2aa5861e233d5e8c99ba90ed0d24be1f48007e736b60f2d82baa0,0.002162564982427284,0.07261421109358553,0.945930458162838,0.7978599071502686,0.2800233419984579,0.44950637370347934
fine_control,54,three_hole_asymmetric,46,private-source://routeA_experiments/data/final_ood_frozen_v1/three_hole_asymmetric/sample_0046.npz,7d5d9a6e64d8ae8a1e9c7319dfb573f33de06eedee213c902c4b6812faa42d0f,0.0021179229952394962,0.1194813794132541,1.4936300318978437,0.9409520998597145,0.5478424415341578,0.7461120717227444
fine_control,54,three_hole_asymmetric,47,private-source://routeA_experiments/data/final_ood_frozen_v1/three_hole_asymmetric/sample_0047.npz,95e07fc5463827a0ac7d058d0e1aeb9765b781fcc9901e3615d3cde6d0c42f72,0.0020912259933538735,0.10447312595562887,0.9028862129927994,0.7633755803108215,0.467825532425195,0.6465482305735345
fine_control,54,three_hole_asymmetric,48,private-source://routeA_experiments/data/final_ood_frozen_v1/three_hole_asymmetric/sample_0048.npz,741a820e5ca03d114c8d4ed90e51db19c9ac4733b4f826ec2ddcc36cdcac9b62,0.002057948993751779,0.08804628836997193,0.7098431358961866,0.6314413845539093,0.3965294137597084,0.524319976568222
fine_control,54,three_hole_asymmetric,49,private-source://routeA_experiments/data/final_ood_frozen_v1/three_hole_asymmetric/sample_0049.npz,9317a9055bfd4093fea4ae0bf2d7e1d3d9c8669629d159a06ce9f1c11ad7714e,0.0020838030031882226,0.09759349508304926,1.0986446971005648,0.7417140826582909,0.4220152124762535,0.627355354093015
fine_control,54,three_hole_asymmetric,50,private-source://routeA_experiments/data/final_ood_frozen_v1/three_hole_asymmetric/sample_0050.npz,88a36cb1ba6df1b25c02998dd5f645924a13a886bbdfd8571e6f74a10d39880a,0.0021147740189917386,0.09077678048949163,1.0519948295077015,0.8838553056120872,0.3657577937701717,0.6867359545081851
fine_control,54,three_hole_asymmetric,51,private-source://routeA_experiments/data/final_ood_frozen_v1/three_hole_asymmetric/sample_0051.npz,4d85c5da827c71859348f936a1bae9663c3aa6086f7d0a08035af48235a64ac0,0.0020106419979128987,0.09880458103301575,1.1972167203992041,0.8159627318382263,0.46451041102409363,0.6608885723166165
fine_control,54,three_hole_asymmetric,52,private-source://routeA_experiments/data/final_ood_frozen_v1/three_hole_asymmetric/sample_0052.npz,89347f4a5c2576ca481b684f9f7a77f38b7ae53c4ffdc77eeb307666b58e7af9,0.0020529179892037064,0.09434894327176016,1.0444961804210733,0.8097157776355743,0.4802696753758937,0.662772116065025
fine_control,54,three_hole_asymmetric,53,private-source://routeA_experiments/data/final_ood_frozen_v1/three_hole_asymmetric/sample_0053.npz,68b58c6932346fa5b469420b06037edb861502f1184f5455c6a69240285d7df0,0.0020214730175212026,0.06313303574224009,0.5964031888017468,0.7904761135578156,0.2247746861539781,0.4103225808590646
fine_control,54,three_hole_asymmetric,54,private-source://routeA_experiments/data/final_ood_frozen_v1/three_hole_asymmetric/sample_0054.npz,8a3d74a7607b5928b4762b9ca74c6b9275b177ed92746be0574f4816d05444cd,0.002019174018641934,0.09607747519439916,1.0892580152827045,0.8544750809669495,0.4514964128029533,0.7034976371796801
fine_control,54,three_hole_asymmetric,55,private-source://routeA_experiments/data/final_ood_frozen_v1/three_hole_asymmetric/sample_0055.npz,35e8e631f17a95d6289143b7bc8633f62ae4fcbfedd60929228f07fdfb4340db,0.0021248660050332546,0.10577721299719246,1.3003294985935576,0.9005668237805367,0.5248444571334403,0.6938380896113813
fine_control,54,three_hole_asymmetric,56,private-source://routeA_experiments/data/final_ood_frozen_v1/three_hole_asymmetric/sample_0056.npz,445a3665a73f0ceaa2ced3d30b7da490d69d77b0d8a04d8eeb849db3eed04dd1,0.0020899160008411855,0.07498182898539259,0.8392641044214977,0.7330241501331329,0.3320861756801605,0.5182942010462281
fine_control,54,three_hole_asymmetric,57,private-source://routeA_experiments/data/final_ood_frozen_v1/three_hole_asymmetric/sample_0057.npz,e6cd4f4e82b85801bd6e1f55cd798f136d06cef8b5699b3b132aae856fc4f8c6,0.002099773002555594,0.10219711773255918,0.9538477272811755,0.8265249729156494,0.44708564481697977,0.729393598809837
fine_control,54,three_hole_asymmetric,58,private-source://routeA_experiments/data/final_ood_frozen_v1/three_hole_asymmetric/sample_0058.npz,cd8c02f16d5cb5b76ccf7d1ec24d90c99eadd3a3beb517f14abd993c4185db88,0.00209391099633649,0.09006117096316436,0.8412586160511467,0.6609863638877869,0.4148620596388355,0.6088898412883279
fine_control,54,three_hole_asymmetric,59,private-source://routeA_experiments/data/final_ood_frozen_v1/three_hole_asymmetric/sample_0059.npz,8b2f19de3b7d84f2e94fee0e2534974e7bb4e568d67f3a1c9928750c5d681d54,0.0021518070134334266,0.09343339842287762,0.7620202378283206,0.7688745558261871,0.37760390518815257,0.6064347486943005
fine_control,54,three_hole_asymmetric,60,private-source://routeA_experiments/data/final_ood_frozen_v1/three_hole_asymmetric/sample_0060.npz,9a762eaafc0ad4943d42da4f1c2f1324b21b6ee9e3faaf6bd0e21961c2c74f37,0.0021094359981361777,0.09924008663632394,1.1183636187735109,0.8389604985713959,0.46034324466018006,0.686811256688088
fine_control,54,three_hole_asymmetric,61,private-source://routeA_experiments/data/final_ood_frozen_v1/three_hole_asymmetric/sample_0061.npz,f363192d56ff237222c6af805a0435cdace76f73899372ae7a684b627192c2cf,0.0020494589989539236,0.06243625345567741,0.6181487866002728,0.5848139524459839,0.2580149881541729,0.4172925047576422
fine_control,54,three_hole_asymmetric,62,private-source://routeA_experiments/data/final_ood_frozen_v1/three_hole_asymmetric/sample_0062.npz,2f26a4605d7e2c878f5be76227c29d3c349d949c85a3fd078ad080cee6cfff90,0.0020790470007341355,0.09604770547364089,0.963566733436975,0.8667783737182617,0.47633445262908936,0.6809657867997879
fine_control,54,three_hole_asymmetric,63,private-source://routeA_experiments/data/final_ood_frozen_v1/three_hole_asymmetric/sample_0063.npz,17c7bdafaf1ee584c9e013fbb7431229a839fea3282cdae21417ce64c07803f3,0.002075565018458292,0.07839238884411853,0.7155884143200727,0.5488375574350357,0.3496332988142967,0.513178500905633
fine_control,54,three_hole_asymmetric,64,private-source://routeA_experiments/data/final_ood_frozen_v1/three_hole_asymmetric/sample_0064.npz,793cbf94a8f0ee09dd55e7baf6508b26cc685f59f0c6758686e2412286c50e95,0.002031376992817968,0.09542295533647344,0.7971712086720721,0.730020672082901,0.41446157917380333,0.6451886892318723
fine_control,54,three_hole_asymmetric,65,private-source://routeA_experiments/data/final_ood_frozen_v1/three_hole_asymmetric/sample_0065.npz,1a010370114984ac96012fd00665935431ad026ab4d7339462e9ede18dcde1d9,0.002059379010461271,0.0923045804868598,1.0413027723183974,0.8342135548591614,0.3729067537933588,0.636595893464982
fine_control,54,three_hole_asymmetric,66,private-source://routeA_experiments/data/final_ood_frozen_v1/three_hole_asymmetric/sample_0066.npz,b4fb5ef8fe25b228082cf73d25bf64834fc6a386885f1003e912cc5461f36d56,0.0019993919995613396,0.09852205273692084,1.0856134341347419,0.7493289411067963,0.43037543921673205,0.6624791398644446
fine_control,54,three_hole_asymmetric,67,private-source://routeA_experiments/data/final_ood_frozen_v1/three_hole_asymmetric/sample_0067.npz,9966203f8926dbc05a509af06ae061895e57e0716bd5f4d7fbf1f94ef0a45954,0.002024854999035597,0.09033929306809974,1.0402547804746654,0.7204470932483673,0.43025126960128546,0.5642912596464157
fine_control,54,three_hole_asymmetric,68,private-source://routeA_experiments/data/final_ood_frozen_v1/three_hole_asymmetric/sample_0068.npz,3441c1ef60f7fd85c99941996ff1e1187f19859561c6ad1e959ad510a070dfcb,0.002038106002146378,0.10899815720980287,1.1537727329140866,0.9174900725483894,0.51887321844697,0.7742091313004487
fine_control,54,three_hole_asymmetric,69,private-source://routeA_experiments/data/final_ood_frozen_v1/three_hole_asymmetric/sample_0069.npz,957b4c4b2aca791503277fca2b6d349af9cb542bc497b1dfb5a2641ef5e16b1e,0.002114937989972532,0.11115510495378668,1.1034901175317149,0.918541856110096,0.49367775581777096,0.7342295527458174
fine_control,54,three_hole_asymmetric,70,private-source://routeA_experiments/data/final_ood_frozen_v1/three_hole_asymmetric/sample_0070.npz,bf042f87f987b456925f37ee22c985a855b18b686770e5b97a394d3c0c2acbe6,0.0021112170070409775,0.09822429321005804,1.0579586741675289,0.8436197638511658,0.4420582632737933,0.649188749142922
fine_control,54,three_hole_asymmetric,71,private-source://routeA_experiments/data/final_ood_frozen_v1/three_hole_asymmetric/sample_0071.npz,d8ecc3806b2dd2950185d128052672533a7ecff47ea474de8708ce8b3e391105,0.0020265390048734844,0.06887203375535127,0.8554154960317077,0.773115485906601,0.26081796060316265,0.38809864614158834
fine_control,54,three_hole_asymmetric,72,private-source://routeA_experiments/data/final_ood_frozen_v1/three_hole_asymmetric/sample_0072.npz,6fb1d638377a02897f21ad9678d3a93e1ed734ef1ade5a6f69a1c16b0d92646b,0.0020419820211827755,0.09767643911151859,1.2815868435991626,0.8782333210110664,0.47226541535928845,0.657314100023359
fine_control,54,three_hole_asymmetric,73,private-source://routeA_experiments/data/final_ood_frozen_v1/three_hole_asymmetric/sample_0073.npz,aa1f55a954bf5a5a2a0fc55c80c60d0c6c3bcfed40697329e85d1f1150b3beb1,0.002086239983327687,0.0908798037196212,1.050039332655987,0.7688292637467384,0.4312114864587784,0.6129272838123141
fine_control,54,three_hole_asymmetric,74,private-source://routeA_experiments/data/final_ood_frozen_v1/three_hole_asymmetric/sample_0074.npz,7efa7bbcf05970d90ea88b07b297960e2591bdf9454367d39202dd0eea0baf1c,0.0019823850016109645,0.08812108343555536,1.0794687022243443,0.839788943529129,0.39137960597872734,0.5937581278383732
fine_control,54,three_hole_asymmetric,75,private-source://routeA_experiments/data/final_ood_frozen_v1/three_hole_asymmetric/sample_0075.npz,797d1d48df61dcc794ea9c42bd7cbe3fb5904ac3207e4c22d07fd98d6cba6889,0.0020344680233392864,0.09628748643333233,0.9086972918839299,0.7218572497367859,0.4139253571629524,0.6573448121547697
fine_control,54,three_hole_asymmetric,76,private-source://routeA_experiments/data/final_ood_frozen_v1/three_hole_asymmetric/sample_0076.npz,ed8628f781c6e4e0f944c54b129e12897361e0950bc2b545bb2c4111835b1aa3,0.0020853260066360235,0.10226220996726207,1.2454428014783057,0.9085857644677162,0.4483256973326206,0.6649273722432553
fine_control,54,three_hole_asymmetric,77,private-source://routeA_experiments/data/final_ood_frozen_v1/three_hole_asymmetric/sample_0077.npz,e1e3d0aa07a5e03fbc7d7cd2e5822d6d019cc78a74b2a133771301fca0c23ab6,0.002046844980213791,0.10306076050288163,0.8985914433793168,0.8586997985839844,0.49315593019127846,0.7159373197704543
fine_control,54,three_hole_asymmetric,78,private-source://routeA_experiments/data/final_ood_frozen_v1/three_hole_asymmetric/sample_0078.npz,b8c9c9f9a9d7c2106857e098ccf52a7ed33b76dda547cbe28fa76263b27cde39,0.0020585789752658457,0.10009534804899702,1.0317638764673258,0.8668521046638489,0.4832223504781723,0.6607989512849591
fine_control,54,three_hole_asymmetric,79,private-source://routeA_experiments/data/final_ood_frozen_v1/three_hole_asymmetric/sample_0079.npz,6600329ca06c105c508bd49db109ca5aa0861398ccd222389fac3dd5f02b058c,0.002041016996372491,0.10212256829960302,1.3678073010340515,0.7750689685344696,0.4679052240389865,0.6604785375762725
fine_control,54,three_hole_asymmetric,80,private-source://routeA_experiments/data/final_ood_frozen_v1/three_hole_asymmetric/sample_0080.npz,ffbc158abeb51a4eb3928201634706c040d340dabbe33426cdc7b7127fe13543,0.0020914610067848116,0.07928911705691272,0.8688456339319225,0.6763954758644104,0.35232153069227934,0.514440920017659
fine_control,54,three_hole_asymmetric,81,private-source://routeA_experiments/data/final_ood_frozen_v1/three_hole_asymmetric/sample_0081.npz,a87e60b7c7797fddf37237be730cdc9809205a80b44cb6b2262de1a6d7645693,0.0020275290007703006,0.09799177984649358,1.1475915180005298,0.796073317527771,0.4864318441832438,0.6473210342228412
fine_control,54,three_hole_asymmetric,82,private-source://routeA_experiments/data/final_ood_frozen_v1/three_hole_asymmetric/sample_0082.npz,067daeb253b7553c2df8a4b49429eea3aa5169264dc4c11e08a931320e7ddff4,0.0020206279878038913,0.06812634339574891,0.6696067116749843,0.6359582841396332,0.2748155945446342,0.404541544616222
fine_control,54,three_hole_asymmetric,83,private-source://routeA_experiments/data/final_ood_frozen_v1/three_hole_asymmetric/sample_0083.npz,f1d60eebc050728f5777b4668048e76d34dee796f6835ce90e1158999fa44fd4,0.0020676949934568256,0.09739834095504832,1.2107242207139979,0.8367567658424377,0.5135404961620225,0.6844858786324035
fine_control,54,three_hole_asymmetric,84,private-source://routeA_experiments/data/final_ood_frozen_v1/three_hole_asymmetric/sample_0084.npz,412d7cf0b8e7473beabae2d73d6f51672f2e2290c5eb4f6594fefd3da8d64992,0.0021267949778120965,0.09331789683990163,0.9201249353033614,0.7781380712985992,0.42436706041917205,0.6742717385292053
fine_control,54,three_hole_asymmetric,85,private-source://routeA_experiments/data/final_ood_frozen_v1/three_hole_asymmetric/sample_0085.npz,254ac982dfb840962b732a7f58d26007ad7175788b3d22740ac1a0de93037713,0.0020378380140755326,0.05864201197761811,0.5038733219544971,0.5341914296150208,0.2381031420081854,0.32000826895236967
fine_control,54,three_hole_asymmetric,86,private-source://routeA_experiments/data/final_ood_frozen_v1/three_hole_asymmetric/sample_0086.npz,c521fb24ed492b9981db7f659459473625677c7b0d7e4c9095384fc6551b4657,0.0021112140093464404,0.11180967845679675,1.7308447550651673,0.9421961531043053,0.5257202085340396,0.6890361163241322
fine_control,54,three_hole_asymmetric,87,private-source://routeA_experiments/data/final_ood_frozen_v1/three_hole_asymmetric/sample_0087.npz,7946973bee1306c79f4c36bb2e32fb4b5c210f4c5eee0944367ba30e9fdd9e31,0.002025038003921509,0.0597749924039612,0.6153461242764584,0.6730746924877167,0.22513072175206617,0.3502830876037477
fine_control,54,three_hole_asymmetric,88,private-source://routeA_experiments/data/final_ood_frozen_v1/three_hole_asymmetric/sample_0088.npz,11f5514ff6bbacbe263aded7875193bf5aad8a00011357f6c74f2f464c5b23a1,0.0019643499981611967,0.09321900460775664,0.8358513280501247,0.6578139364719391,0.42573191854171455,0.6178253917954862
fine_control,54,three_hole_asymmetric,89,private-source://routeA_experiments/data/final_ood_frozen_v1/three_hole_asymmetric/sample_0089.npz,a61b51e0b645bb67e96064efeeb018bd2d7b048c8350145b4efca94cd3cced4a,0.002044610009761527,0.09788375340715894,0.8649056844248718,0.7434997856616974,0.47340976272244006,0.6701082915067672
fine_control,54,three_hole_asymmetric,90,private-source://routeA_experiments/data/final_ood_frozen_v1/three_hole_asymmetric/sample_0090.npz,f238f1b73bfe633977814f4ee8efd7678f1da09cdadc96667ab86b42fd9c84b8,0.0020478779915720224,0.10969193127626371,1.236576202862205,0.9051089659333229,0.518846221268177,0.7199086982756852
fine_control,54,three_hole_asymmetric,91,private-source://routeA_experiments/data/final_ood_frozen_v1/three_hole_asymmetric/sample_0091.npz,908dee8055af09e682db2290282512110ad8b8134b5a3c698b0b1e27d1298733,0.002041580999502912,0.06734943096454586,0.616915509894491,0.5882280468940735,0.26449019089341164,0.46423625946044855
fine_control,54,three_hole_asymmetric,92,private-source://routeA_experiments/data/final_ood_frozen_v1/three_hole_asymmetric/sample_0092.npz,235f3d7bb93d6ff69897dc532f9c0175c97fc98f43fc1a6c18061f36b3b6c3ef,0.002029135008342564,0.10008274563122127,0.8756556757432911,0.8043217658996582,0.47448940185131505,0.6509025947190821
fine_control,54,three_hole_asymmetric,93,private-source://routeA_experiments/data/final_ood_frozen_v1/three_hole_asymmetric/sample_0093.npz,a7d0da11a92287a27a4a6c11ca702f3f2f17ff721a0f0279d690f8abf94252be,0.002031396987149492,0.05606351467607043,0.5333375740998104,0.5603011846542358,0.2201223485171795,0.3365991320461031
fine_control,54,three_hole_asymmetric,94,private-source://routeA_experiments/data/final_ood_frozen_v1/three_hole_asymmetric/sample_0094.npz,d0aa584876f99691aeeb8026d5ead955e7cc17621019a851ef37a13edaf58971,0.0020273310074117035,0.09274912188510319,0.9710203398481053,0.729317843914032,0.44265980273485184,0.6394526425283398
fine_control,54,three_hole_asymmetric,95,private-source://routeA_experiments/data/final_ood_frozen_v1/three_hole_asymmetric/sample_0095.npz,d203d6745345a12b29597ac2d26caea89ab17bb23083688666fb462296530e05,0.0020103559945710003,0.09258346788271789,0.9749284750830163,0.8266490697860718,0.38973606820218265,0.6350921466946601
fine_control,54,three_hole_asymmetric,96,private-source://routeA_experiments/data/final_ood_frozen_v1/three_hole_asymmetric/sample_0096.npz,78f0808d535501b8d16b5386431081df41fe126d96ffeb5bfc34b71693bd5714,0.0021049600036349148,0.10336759746331592,1.2311840746648326,0.9466361626982689,0.4783005314820912,0.663561108894646
fine_control,54,three_hole_asymmetric,97,private-source://routeA_experiments/data/final_ood_frozen_v1/three_hole_asymmetric/sample_0097.npz,a19b074a2ef168ce2028edf5abd4394ddadac3e42eb7badae29852dcd87b8c01,0.002044676017249003,0.10193769805994128,1.0568002647184336,0.8381670489907265,0.4873245293274522,0.6413904149085282
fine_control,54,three_hole_asymmetric,98,private-source://routeA_experiments/data/final_ood_frozen_v1/three_hole_asymmetric/sample_0098.npz,e628a052cb301d1ccddc36abc3e756605d05d755311cc580cb8638d0283e8a28,0.002204791991971433,0.086372297251653,0.9697914275812785,0.8383431136608124,0.40817650267854333,0.5771892610937356
fine_control,54,three_hole_asymmetric,99,private-source://routeA_experiments/data/final_ood_frozen_v1/three_hole_asymmetric/sample_0099.npz,c4c58ccc92851ab150fbcfb7929b45da22b8f4be00f48239dbac5a4033fb8247,0.00202279697987251,0.08693836226008844,0.9666252664339624,0.7847409248352051,0.40563854575157166,0.638528275489807
fine_control,54,three_hole_asymmetric,100,private-source://routeA_experiments/data/final_ood_frozen_v1/three_hole_asymmetric/sample_0100.npz,7735aa807c0bade0596ab7163387935e7d8a6420ea91ac0b71468f037f55c595,0.002066801011096686,0.08675331340228366,0.7437633875918174,0.6655501425266266,0.3663120176643133,0.5715350534766911
fine_control,54,three_hole_asymmetric,101,private-source://routeA_experiments/data/final_ood_frozen_v1/three_hole_asymmetric/sample_0101.npz,50903f9da861e8e4b8d2ee84d0c4eea498c76f1b91f5cc6b26cca7661f51f13b,0.0020186300098430365,0.10956780571826803,1.2891066150940975,0.8999979570508003,0.5344160196837038,0.686875772872008
fine_control,54,three_hole_asymmetric,102,private-source://routeA_experiments/data/final_ood_frozen_v1/three_hole_asymmetric/sample_0102.npz,393185e3a3667ce8030757bd68d94410eee1772700c16b445a0af74c993e2d3e,0.0020605530007742345,0.1095388892045607,1.391549064992577,0.8878517225384712,0.555750492028892,0.7030638344585894
fine_control,54,three_hole_asymmetric,103,private-source://routeA_experiments/data/final_ood_frozen_v1/three_hole_asymmetric/sample_0103.npz,d8e3e01787f23ef6a1dabb9edf23da79e0637aeb7fd538143355fccbedc02bc1,0.002039213024545461,0.10527234461260648,0.8651060744408116,0.8157863914966583,0.46684772334992886,0.6795872296206651
fine_control,54,three_hole_asymmetric,104,private-source://routeA_experiments/data/final_ood_frozen_v1/three_hole_asymmetric/sample_0104.npz,d6cc18e29b7582dec1b5602f9fa8218e7d40d0e0ed08552c1d6acc779fc36a17,0.0020422450033947825,0.10386294393168925,1.2795761927993827,0.8998809829354286,0.4713247399777174,0.7891227819025508
fine_control,54,three_hole_asymmetric,105,private-source://routeA_experiments/data/final_ood_frozen_v1/three_hole_asymmetric/sample_0105.npz,35bd0c998f7436861f71be50f8aba64a3461c822cf292b3e6694660f55a3b0f1,0.0021339829836506397,0.09422737702551486,0.8023583238177686,0.6896990239620209,0.4693575482815504,0.6118067787960171
fine_control,54,three_hole_asymmetric,106,private-source://routeA_experiments/data/final_ood_frozen_v1/three_hole_asymmetric/sample_0106.npz,6888edd52db8cf29388af634eedf7f9be35793c07c18644b7f86f8a441acc780,0.002118767995852977,0.06797357391668747,0.6529037801332843,0.7510113716125488,0.27058880869299173,0.42605578452348647
fine_control,54,three_hole_asymmetric,107,private-source://routeA_experiments/data/final_ood_frozen_v1/three_hole_asymmetric/sample_0107.npz,40b2ef1f23b501bfde64a13fe7258035909f0d78e1d54eb6e1443c804305ecf4,0.0021126150095369667,0.10575023979768204,1.741060794909302,0.936840333044529,0.5016628478188068,0.6795774027705191
fine_control,54,three_hole_asymmetric,108,private-source://routeA_experiments/data/final_ood_frozen_v1/three_hole_asymmetric/sample_0108.npz,79b8dfa34c2b35a10fea27f09a0f9f798b0367fc5192ed59d1361f1b53799bdd,0.002120305987773463,0.10407652773939932,1.1950324852650804,0.8403427004814148,0.49089210978127085,0.6751289085717871
fine_control,54,three_hole_asymmetric,109,private-source://routeA_experiments/data/final_ood_frozen_v1/three_hole_asymmetric/sample_0109.npz,8ce37dd8adb5cefec81dbd0f448aa24fd957fd04fe733656a07aef732c8cc2eb,0.0021230550191830844,0.08533347120990575,0.7946577270374385,0.6494372189044952,0.4138050084002316,0.5916123732924459
fine_control,54,three_hole_asymmetric,110,private-source://routeA_experiments/data/final_ood_frozen_v1/three_hole_asymmetric/sample_0110.npz,4f2615c8cb85f9158644a5c730014c3884dbecc44b41e4c6525efb9d86c8caf8,0.002073430019663647,0.11283934282170077,1.320148204408155,0.9394681230187416,0.5308765368536115,0.800667375326156
fine_control,54,three_hole_asymmetric,111,private-source://routeA_experiments/data/final_ood_frozen_v1/three_hole_asymmetric/sample_0111.npz,0935578871a0f3a49acfc526c2f37c216dd91c68bd2a8bfb1b536326e94f5a44,0.0021159749885555357,0.10423921783296458,1.6314797875045806,0.9161006435751915,0.47014390446202015,0.6867330757202579
fine_control,54,three_hole_asymmetric,112,private-source://routeA_experiments/data/final_ood_frozen_v1/three_hole_asymmetric/sample_0112.npz,75f3066ea740d92e454646a086e63a485bf69922e759ad6ffeae0e0cb87dfaa8,0.002104073006194085,0.10510077774250476,1.0856189676948482,0.8182743191719055,0.5035515781491995,0.6884283408522601
fine_control,54,three_hole_asymmetric,113,private-source://routeA_experiments/data/final_ood_frozen_v1/three_hole_asymmetric/sample_0113.npz,e697a839e7548feb3a5b14360c3973b92e38a87052d3b7365b32a7cd0a753191,0.002040343009866774,0.07479520496560582,0.6808603105837256,0.6775485575199127,0.31492756865918636,0.5258283853530876
fine_control,54,three_hole_asymmetric,114,private-source://routeA_experiments/data/final_ood_frozen_v1/three_hole_asymmetric/sample_0114.npz,7afaaf3601e6ed30886241051a0637c969fab4fdc7321968e3389ce030c7486a,0.0020949649915564805,0.09153582220086279,0.835079094349041,0.7480300962924957,0.4170716484077275,0.5747216321527958
fine_control,54,three_hole_asymmetric,115,private-source://routeA_experiments/data/final_ood_frozen_v1/three_hole_asymmetric/sample_0115.npz,c61c1f6680ef22cfbb61c3b59a74537ff91a7a97eefe05a24d1215c5eff14175,0.0020217830024193972,0.09786551327344978,1.0334220419697857,0.7582371830940247,0.4598711431026459,0.6026299159973859
fine_control,54,three_hole_asymmetric,116,private-source://routeA_experiments/data/final_ood_frozen_v1/three_hole_asymmetric/sample_0116.npz,9630b36b29d980654e8e8af10a050b5b22f9036bbc0eaf53ddfff402e0574e30,0.0021335410128813237,0.11540479146355334,1.2560000076368636,0.8158428072929382,0.5531888475088635,0.6967927034944293
fine_control,54,three_hole_asymmetric,117,private-source://routeA_experiments/data/final_ood_frozen_v1/three_hole_asymmetric/sample_0117.npz,d3d1cc5eb6165ce5dd1eb46f3b7422b7a91b41002dd8e244fb5807270ef54ae0,0.0019684730214066803,0.1016731808020212,1.4902250971080107,0.9147953316569328,0.49308004045451526,0.7019732618005945
fine_control,54,three_hole_asymmetric,118,private-source://routeA_experiments/data/final_ood_frozen_v1/three_hole_asymmetric/sample_0118.npz,8e2be99501a03f3deba60278c03b5af400416cb985c121c2fa7d7d7827ff8328,0.0021170449908822775,0.08985518111794456,0.9778802684019757,0.8076533675193787,0.4160807114094496,0.6467929976992308
fine_control,54,three_hole_asymmetric,119,private-source://routeA_experiments/data/final_ood_frozen_v1/three_hole_asymmetric/sample_0119.npz,a47277e2b3beb0d89ef7b03bc2d99a8b043b3ba5b66636730dd832240fb5bf67,0.0021142439800314605,0.09702456533980607,1.0502873515466853,0.8799594715237617,0.44636196608189493,0.6985206142067908
fine_control,54,three_hole_asymmetric,120,private-source://routeA_experiments/data/final_ood_frozen_v1/three_hole_asymmetric/sample_0120.npz,460897fcccde1db2e8ba9079e66abd4ea55bf6c9fcc14cc7507c17ec7571d07d,0.0022045930090826005,0.06870105779810129,0.799420144112649,0.7452124953269958,0.3503652662038803,0.5589807833544909
fine_control,54,three_hole_asymmetric,121,private-source://routeA_experiments/data/final_ood_frozen_v1/three_hole_asymmetric/sample_0121.npz,7463cebd5dcf30b0f53bfbcec6ed3cd938cae4ff1c7cb5a51f6b6208a020a4d2,0.0020737370068673044,0.06534910478571948,0.6864205669406818,0.6332076191902161,0.2506578890606761,0.4115829502348787
fine_control,54,three_hole_asymmetric,122,private-source://routeA_experiments/data/final_ood_frozen_v1/three_hole_asymmetric/sample_0122.npz,0b1f50e6483c4bd20f2eb7b1a5ad3ca903b7158558b6379b0a1c87cfb444d395,0.0021072270174045116,0.10426468467553711,1.3826350807135661,0.9158661291003227,0.4418445392511785,0.7643972557038051
fine_control,54,three_hole_asymmetric,123,private-source://routeA_experiments/data/final_ood_frozen_v1/three_hole_asymmetric/sample_0123.npz,65e171101675b5cb87eb5555f716856d756743e6d3447dfa2efbde71ac332e67,0.0021683670056518167,0.10210679106078561,1.1517835367649247,0.7793403267860413,0.47636142739793286,0.6838469173759221
fine_control,54,three_hole_asymmetric,124,private-source://routeA_experiments/data/final_ood_frozen_v1/three_hole_asymmetric/sample_0124.npz,d3c7c52167944c7ed7ee06f79272238419f46b0150fe90a2589d3153747fbf2f,0.002043465996393934,0.09358792158300501,1.0517771043345048,0.7988252341747284,0.42288400104735047,0.6596102592535317
fine_control,54,three_hole_asymmetric,125,private-source://routeA_experiments/data/final_ood_frozen_v1/three_hole_asymmetric/sample_0125.npz,629b8f9d37de5d037c8e33f97e602bf5d06a112e8c988084322626ed3cfa0db4,0.002134198002750054,0.1193056914968522,1.2130137024297971,0.9234514608979225,0.56279557311791,0.7526654906570908
fine_control,54,three_hole_asymmetric,126,private-source://routeA_experiments/data/final_ood_frozen_v1/three_hole_asymmetric/sample_0126.npz,d79d0f135637e2841b3453a53add5c4bf624f15ae92f2562acb09afebef0ede1,0.002109198016114533,0.08093480121837814,0.766850185200806,0.5921328142285347,0.33955489902291447,0.5276550007984042
fine_control,54,three_hole_asymmetric,127,private-source://routeA_experiments/data/final_ood_frozen_v1/three_hole_asymmetric/sample_0127.npz,7cee35213e8863690074459c24d7fd282a7630a45f0f4fab56f69cc5187ced3c,0.0021056910045444965,0.08635609718654229,0.8651721779479358,0.8446266651153564,0.38602732092840597,0.6176879230886697
fine_control,54,three_hole_asymmetric,128,private-source://routeA_experiments/data/final_ood_frozen_v1/three_hole_asymmetric/sample_0128.npz,66f17e3594dd9beaddc30078e0aea012c36ea89ec3780e24ab5e66ada4aa0aee,0.002008395007578656,0.09858392478709042,0.8314123166420888,0.803255170583725,0.4344280407531187,0.6419813437387347
fine_control,54,three_hole_asymmetric,129,private-source://routeA_experiments/data/final_ood_frozen_v1/three_hole_asymmetric/sample_0129.npz,0513a13dc15142aa7035ad92a4d92696cde53f4f938fba0b6258ba43ff994ce4,0.0020614289969671518,0.10245832957871122,1.0946352876940677,0.8695606291294098,0.5021539609879255,0.6493279604241251
fine_control,54,three_hole_asymmetric,130,private-source://routeA_experiments/data/final_ood_frozen_v1/three_hole_asymmetric/sample_0130.npz,0b7e254aff9dacc784e6945d18e32da0372125ff81dc9fb35dcf29f7e12504f6,0.0020160409912932664,0.11883528028075604,1.0292529733848734,0.885405607521534,0.5702364296885207,0.7385519921779629
fine_control,54,three_hole_asymmetric,131,private-source://routeA_experiments/data/final_ood_frozen_v1/three_hole_asymmetric/sample_0131.npz,b7bf7aa4688f48d7c78174369c23732d337ae6ffd998cf06bb7a4edda3a5063d,0.002020457002799958,0.09626316163693642,0.985846999241546,0.7446400821208954,0.4286701288074255,0.6334628526121378
fine_control,54,three_hole_asymmetric,132,private-source://routeA_experiments/data/final_ood_frozen_v1/three_hole_asymmetric/sample_0132.npz,37fe2cf79de29a9b7e04b5fe118372c54173e6f10125f0854cf4d171d4776d59,0.0020233629911672324,0.07193954303176675,0.903384127386098,0.7812618017196655,0.30368549656122923,0.5060883287340402
fine_control,54,three_hole_asymmetric,133,private-source://routeA_experiments/data/final_ood_frozen_v1/three_hole_asymmetric/sample_0133.npz,3683c8dae119211360b0dbaa1ac9e1693a1728caddc3c1bb3768f981c2091e26,0.002044102002400905,0.09694092295079419,0.8482536670254658,0.7420933544635773,0.45426885038614273,0.6675214499235154
fine_control,54,three_hole_asymmetric,134,private-source://routeA_experiments/data/final_ood_frozen_v1/three_hole_asymmetric/sample_0134.npz,322bc5ec6225e978895e341b9dfdf38fbfa0681b5b329fe286739337905a2e67,0.001986593008041382,0.09649544491203621,1.1097838115016856,0.7921470776200294,0.466598389466526,0.6817275784211227
fine_control,54,three_hole_asymmetric,135,private-source://routeA_experiments/data/final_ood_frozen_v1/three_hole_asymmetric/sample_0135.npz,b3bc13b4ad513f7b7c47e8dfedda3871bfe1d969ceb542243518b1f1661a7b7d,0.002006398979574442,0.09628837776880182,1.0614771542229304,0.788508802652359,0.41683603782439604,0.6300819079391656
fine_control,54,three_hole_asymmetric,136,private-source://routeA_experiments/data/final_ood_frozen_v1/three_hole_asymmetric/sample_0136.npz,20f73113304cb007ce9ee5b010405b3b08c38b719993477582e1adb17921d82b,0.002196064975578338,0.06250745399524106,0.5559417902166258,0.6709727346897125,0.22348075173795223,0.3899749711155887
fine_control,54,three_hole_asymmetric,137,private-source://routeA_experiments/data/final_ood_frozen_v1/three_hole_asymmetric/sample_0137.npz,9c029bad505c34e3cca11e8187bc4fdf7d1417417883641e5c92c0e2b1861711,0.0021078849968034774,0.09510360682371292,0.9689946953045006,0.6874160468578339,0.43302944622701034,0.6313929131254553
fine_control,54,three_hole_asymmetric,138,private-source://routeA_experiments/data/final_ood_frozen_v1/three_hole_asymmetric/sample_0138.npz,2a95dd7d60712bbde64ddb2f3b9b174a2da8a71e64f53104448b1fda6898cb87,0.002093844988849014,0.10795476158717979,1.4732385956732745,0.9450521096587181,0.44754182919859886,0.6880840883473864
fine_control,54,three_hole_asymmetric,139,private-source://routeA_experiments/data/final_ood_frozen_v1/three_hole_asymmetric/sample_0139.npz,f356651d5f0fbe76d7b23cee9c305931b8e8fe879d3fc560e174e6ff4a4bcbc9,0.0022058670001570135,0.10323704672619591,0.9636869994080626,0.849249541759491,0.4924085657694377,0.6751999511383473
fine_control,54,three_hole_asymmetric,140,private-source://routeA_experiments/data/final_ood_frozen_v1/three_hole_asymmetric/sample_0140.npz,c22b26c249410214ce91ba779d94c82c7d58648110a4aac0c4246990ecc43bba,0.0021139149903319776,0.09942162324271381,0.9404699062168446,0.8773406222462654,0.5081049366854131,0.7025457024574278
fine_control,54,three_hole_asymmetric,141,private-source://routeA_experiments/data/final_ood_frozen_v1/three_hole_asymmetric/sample_0141.npz,581b8c08fb25b0697b98b87164ebaafe6cd559b41136643d44f9de35e975d7b9,0.0020589939958881587,0.10779979825946781,1.2192728848587582,0.9306941106915474,0.48087403224781156,0.7302532151341438
fine_control,54,three_hole_asymmetric,142,private-source://routeA_experiments/data/final_ood_frozen_v1/three_hole_asymmetric/sample_0142.npz,578e8f60d4da9f74071ab8374b88b7be266d5d1e67dec13929a7acf811b163a8,0.0020308969833422452,0.11069507680611036,1.2155562275725118,0.8982915952801704,0.5485029574483633,0.6792376632802183
fine_control,54,three_hole_asymmetric,143,private-source://routeA_experiments/data/final_ood_frozen_v1/three_hole_asymmetric/sample_0143.npz,b6b2551b71fdf3da0d4ca84d9f08c6aa2f3008f1962bd943296cbf9612880efc,0.002040910010691732,0.10038906030142977,1.1867116830877327,0.8466849625110626,0.47010189064167207,0.7280447185039519
fine_control,54,three_hole_asymmetric,144,private-source://routeA_experiments/data/final_ood_frozen_v1/three_hole_asymmetric/sample_0144.npz,8329648a6f54e17ec6911f4a2a43086a79f241b8ea2247f84b00d977ee02610d,0.002030634001130238,0.11092683906988726,1.474459520029385,0.9527334198355675,0.5280655492097139,0.7425350859761235
fine_control,54,three_hole_asymmetric,145,private-source://routeA_experiments/data/final_ood_frozen_v1/three_hole_asymmetric/sample_0145.npz,9e07276be4c9a737eae17e3917bc3cdc5d0dfa1bce9663bd981f358519eb110c,0.002037658996414393,0.10103805925882414,0.9934209627343273,0.7886024117469788,0.49906038216431625,0.6666610423475502
fine_control,54,three_hole_asymmetric,146,private-source://routeA_experiments/data/final_ood_frozen_v1/three_hole_asymmetric/sample_0146.npz,67f3ee8daff2c978cbe4cd399a7f2ad4874665b5c644a341c057c304af1127c1,0.002057478006463498,0.10199496922909163,1.1084822952363043,0.842229425907135,0.47108089373796247,0.7074238628149032
fine_control,54,three_hole_asymmetric,147,private-source://routeA_experiments/data/final_ood_frozen_v1/three_hole_asymmetric/sample_0147.npz,e85347f74d9b0184043eda85a8b0b42fe6515b3c49ceeec50b7b4d6dfff4a07d,0.0020187280024401844,0.07620896724667552,0.7078109006037197,0.6900013387203217,0.3445079159573652,0.5682368278503416
fine_control,54,three_hole_asymmetric,148,private-source://routeA_experiments/data/final_ood_frozen_v1/three_hole_asymmetric/sample_0148.npz,245fe71d4768340cf55e028f00a51ef269352046fcee78a0376200f4998c9360,0.002143689984222874,0.060427955042357935,0.6384708190717101,0.4428853392601013,0.21838176250457764,0.3487239322625099
fine_control,54,three_hole_asymmetric,149,private-source://routeA_experiments/data/final_ood_frozen_v1/three_hole_asymmetric/sample_0149.npz,e4131c7833d7b32f7f309cc922c788dde6f66644cd7c84c3995c3e66ca6ec058,0.0019945980166085064,0.09766537462948875,1.2610527844979909,0.9243595972657204,0.3979041869752109,0.7059846896212544
fine_control,54,three_hole_asymmetric,150,private-source://routeA_experiments/data/final_ood_frozen_v1/three_hole_asymmetric/sample_0150.npz,14d7c4793f64ce9d612ac24093c5fbe0dae12baa2ebcc0e606416070b0010be4,0.0020036480273120105,0.0996128629381704,1.2652688315163203,0.7924859747290611,0.44587644227431156,0.6838540290249507
fine_control,54,three_hole_asymmetric,151,private-source://routeA_experiments/data/final_ood_frozen_v1/three_hole_asymmetric/sample_0151.npz,3c828906fd7ab01c163402ae535f03a420e0b8d29d63467e8f5e0ac8bb2069f1,0.002034385019214824,0.08849596159599636,0.8953655731664963,0.7577784359455109,0.37854848615825176,0.6415012143552296
fine_control,54,three_hole_asymmetric,152,private-source://routeA_experiments/data/final_ood_frozen_v1/three_hole_asymmetric/sample_0152.npz,2dd677fdf441a2d0d82994893dd167d20bc429686f9d05c84662f972384de6c2,0.0020375369931571186,0.09485329968134198,1.167400736230091,0.7458407282829285,0.44273448272724636,0.6609683323651552
fine_control,54,three_hole_asymmetric,153,private-source://routeA_experiments/data/final_ood_frozen_v1/three_hole_asymmetric/sample_0153.npz,e09e2ec653206737b870b71f517fcc81353db939fd7d890bfde2a8715648f046,0.002013151010032743,0.1011700359929051,1.3705209194910188,0.9032209143042564,0.42513625842912006,0.7209905300289392
fine_control,54,three_hole_asymmetric,154,private-source://routeA_experiments/data/final_ood_frozen_v1/three_hole_asymmetric/sample_0154.npz,354f1ec9c8bb281306006c931744c6710f378713690c48b9dfc924d8e03155dc,0.0020282389887142926,0.0909154797184032,0.9815045589421202,0.7345385551452637,0.4087788838078268,0.6220633447635918
fine_control,54,three_hole_asymmetric,155,private-source://routeA_experiments/data/final_ood_frozen_v1/three_hole_asymmetric/sample_0155.npz,4feb6d42b1ba8f3891917e887c391dac5ab83213398859f8c4d1343a08f81523,0.002046847977908328,0.07014012337587949,0.8735931010258814,0.7390754222869873,0.27065556682646275,0.39078880697488777
fine_control,54,three_hole_asymmetric,156,private-source://routeA_experiments/data/final_ood_frozen_v1/three_hole_asymmetric/sample_0156.npz,2ed681cf4ebe76dc5ff83597e8f424f37faa8aa01f50048685eb1a9f8504ef64,0.0020473259792197496,0.08887481703020932,1.0098488557511152,0.7806729972362518,0.37448047354700975,0.6542219641618431
fine_control,54,three_hole_asymmetric,157,private-source://routeA_experiments/data/final_ood_frozen_v1/three_hole_asymmetric/sample_0157.npz,8f86d834f785485f1110f7ae10b681508b7fb7293834bdeabad4cd9e0ff581e7,0.0021311810123734176,0.07686565205400246,0.7617350849236673,0.5189240574836731,0.3237822446972132,0.4221006900072097
fine_control,54,three_hole_asymmetric,158,private-source://routeA_experiments/data/final_ood_frozen_v1/three_hole_asymmetric/sample_0158.npz,b7838937a002adfbc7581e42e80020a5cc8ff317b9ef609ec1903087a3d31c3e,0.002042127976892516,0.09621540860673639,1.075943719159953,0.7151640951633453,0.44520671805366874,0.6120430737733841
fine_control,54,three_hole_asymmetric,159,private-source://routeA_experiments/data/final_ood_frozen_v1/three_hole_asymmetric/sample_0159.npz,7ec05d300291c51dfc519a7d08b75bd3be917f67a3673dfe18849f585f9f709e,0.002125473984051496,0.10665600649847605,1.1363704525758904,0.806027889251709,0.4941624153871089,0.6680024400819092
fine_control,54,three_hole_asymmetric,160,private-source://routeA_experiments/data/final_ood_frozen_v1/three_hole_asymmetric/sample_0160.npz,406b5d01c559ad3764a887df63a81ab6aeb54deb0e03ab5546863badf9a16f35,0.001980318018468097,0.10067890025358638,1.6323695457522165,0.8720724508166313,0.4773990467074327,0.7034078321070409
fine_control,54,three_hole_asymmetric,161,private-source://routeA_experiments/data/final_ood_frozen_v1/three_hole_asymmetric/sample_0161.npz,e022a734e6aba3a7301b06bd77c79e73047ff290f57525b8dee053bdfa5b4988,0.001971080986550078,0.0644438950582226,0.6418661321340475,0.6548824906349182,0.2405632585287094,0.3796944648958738
fine_control,54,three_hole_asymmetric,162,private-source://routeA_experiments/data/final_ood_frozen_v1/three_hole_asymmetric/sample_0162.npz,2b13f73876bba396b8fa67ab174be82ee1a554b9e4c19a3a7412ffc39aba0b13,0.002030272997217253,0.06324167859464036,0.6339734537537166,0.6033372282981873,0.24980847164988518,0.41235312372446026
fine_control,54,three_hole_asymmetric,163,private-source://routeA_experiments/data/final_ood_frozen_v1/three_hole_asymmetric/sample_0163.npz,e9b740089bb1f2d4e21a0999405d9bdba3a57bd51c7e58ea5ed47d11ee6595a2,0.0020850409928243607,0.06931634774955989,0.7972276934732159,0.6586650013923645,0.27993279695510864,0.42436842508614014
fine_control,54,three_hole_asymmetric,164,private-source://routeA_experiments/data/final_ood_frozen_v1/three_hole_asymmetric/sample_0164.npz,9f206330bd07c9c4847fddf539ce746ee66390d885f3c33bc1d444adbbd318ac,0.0020192849915474653,0.0960641862154995,0.8680089630987272,0.7684418559074402,0.45776393450796604,0.654084208793938
fine_control,54,three_hole_asymmetric,165,private-source://routeA_experiments/data/final_ood_frozen_v1/three_hole_asymmetric/sample_0165.npz,59ec0f1c680bf9149906ed38b4dd3a4aa7612d7147f9c53c5dcfa06ecca43366,0.002028347022132948,0.10572199636644344,1.034297717625758,0.7929849028587341,0.5353316385298967,0.6603071887046092
fine_control,54,three_hole_asymmetric,166,private-source://routeA_experiments/data/final_ood_frozen_v1/three_hole_asymmetric/sample_0166.npz,acdabcd30120f1b891f11b4fee7490ecf1c73a42827cec6684949a026c1d238b,0.0020181440049782395,0.10118733083066156,1.0504012882792522,0.8709690794348717,0.4546898826956749,0.7287562165409321
fine_control,54,three_hole_asymmetric,167,private-source://routeA_experiments/data/final_ood_frozen_v1/three_hole_asymmetric/sample_0167.npz,2d64cbb7ed13e9d5493b3bcffc548a37e43f77cfe686d4bd90f395d9b3dedcd2,0.0020036599889863282,0.10097267224995707,1.2643726635866228,0.8106291070580482,0.46156386262737215,0.6672913111746309
fine_control,54,three_hole_asymmetric,168,private-source://routeA_experiments/data/final_ood_frozen_v1/three_hole_asymmetric/sample_0168.npz,ce1811b3b58e1cf01845e9ffb4fac5caa62f765929be1337c8260c13d9b65d5d,0.0020376130123622715,0.1031635459477028,1.5703765995036356,0.9570326283574104,0.490486299386248,0.696665064489934
fine_control,54,three_hole_asymmetric,169,private-source://routeA_experiments/data/final_ood_frozen_v1/three_hole_asymmetric/sample_0169.npz,c8bdae4b5e47fcfb5a99f1ccde0ca1ecf2011b5c092fc8bd8e61595f8c50518c,0.002133266010787338,0.09858427371951518,1.348460415891135,0.8545296788215637,0.4788450598716736,0.6798902271781117
fine_control,54,three_hole_asymmetric,170,private-source://routeA_experiments/data/final_ood_frozen_v1/three_hole_asymmetric/sample_0170.npz,33251f1d994ef521e7ed6646d939e7b5f6ae05ade833fce7f91910e3aa7b2d74,0.0021077769924886525,0.09686845910211202,1.2147477409553427,0.8386438190937042,0.44298917800188065,0.6580600632354617
fine_control,54,three_hole_asymmetric,171,private-source://routeA_experiments/data/final_ood_frozen_v1/three_hole_asymmetric/sample_0171.npz,3304230b1d8bbdd9fc2dfda78714484a468749cddd223bba1c2dbf29c548831e,0.0021014979865867645,0.09574498251017165,0.9037197254439582,0.8515058234333992,0.40457927249372005,0.6807292331010102
fine_control,54,three_hole_asymmetric,172,private-source://routeA_experiments/data/final_ood_frozen_v1/three_hole_asymmetric/sample_0172.npz,a740cace37940a1e2252703d9381d4b9f3f3b166a52d68121a24aaca6473c237,0.002080941980239004,0.09227404069179033,0.8955964530693119,0.6925066113471985,0.43278631567955017,0.5695411309599874
fine_control,54,three_hole_asymmetric,173,private-source://routeA_experiments/data/final_ood_frozen_v1/three_hole_asymmetric/sample_0173.npz,7fbe985e9871b0fea23dcd48b5658d0febd6965ccb34e4430a248d8ea7884c13,0.002025683003012091,0.08956621038473504,1.1427369935614013,0.7594428360462189,0.43982427672017366,0.6121958262752741
fine_control,54,three_hole_asymmetric,174,private-source://routeA_experiments/data/final_ood_frozen_v1/three_hole_asymmetric/sample_0174.npz,71542cbeea7c7322472596a11b9ea2cf6285893af2fd8caaacd78a77cf1d83fd,0.0021004650043323636,0.08792006809470503,0.9138194898442825,0.7387712597846985,0.4507869693916291,0.600663790013641
fine_control,54,three_hole_asymmetric,175,private-source://routeA_experiments/data/final_ood_frozen_v1/three_hole_asymmetric/sample_0175.npz,0f2191f55e786a9cc0197b9d38b5849150523e7f0e95da026a8b7282892dd7e7,0.0020394450111780316,0.10486035049008732,1.2801124631089522,0.899235375225544,0.5150226661935449,0.6919650653144344
fine_control,54,three_hole_asymmetric,176,private-source://routeA_experiments/data/final_ood_frozen_v1/three_hole_asymmetric/sample_0176.npz,1d5d110e1725a11891d26e004b83d93d33e264f9f0cc612cea71237c93485c91,0.002092243987135589,0.08766400169288152,0.816807216309674,0.7557911276817322,0.4130109022371471,0.6220782116055483
fine_control,54,three_hole_asymmetric,177,private-source://routeA_experiments/data/final_ood_frozen_v1/three_hole_asymmetric/sample_0177.npz,491128641f9815a0257fe2c5da3e9ef510909b89c7efe14041aaf988dd54d374,0.0020155210222583264,0.1090750549728773,1.2943761529000255,0.9366938099265099,0.5511016364907846,0.7409120149910443
fine_control,54,three_hole_asymmetric,178,private-source://routeA_experiments/data/final_ood_frozen_v1/three_hole_asymmetric/sample_0178.npz,8ad8976324d69fa900282a701c1176bec4bd066428ab6af4d07f98b6226c1440,0.001964295021025464,0.09290796221365244,0.9359321554386592,0.8798726424574852,0.3878384791314602,0.6964424718171351
fine_control,54,three_hole_asymmetric,179,private-source://routeA_experiments/data/final_ood_frozen_v1/three_hole_asymmetric/sample_0179.npz,ed3c4408215897e333b3a88a790f6b3b965edbc5f729ee1ca00b514638a22db3,0.002036324003711343,0.09011567267317909,0.7962600800720324,0.7343147695064545,0.43319008871912956,0.6070540189743034
fine_control,54,three_hole_asymmetric,180,private-source://routeA_experiments/data/final_ood_frozen_v1/three_hole_asymmetric/sample_0180.npz,026ec17f7ba5561155ad7d2d26d4b774202c9e9d3be82846603703294b1c6599,0.0021563190093729645,0.09054314067668669,1.008334307623748,0.8715848326683044,0.40876281523378566,0.6712866654153901
fine_control,54,three_hole_asymmetric,181,private-source://routeA_experiments/data/final_ood_frozen_v1/three_hole_asymmetric/sample_0181.npz,ae31a16b8c81593e19306a84399bfd2a84ac55c7910ef8823c67abd4642aa2f6,0.0020473180047702044,0.09499461724280596,1.0562227061327725,0.8065249621868134,0.41654115996789187,0.6513657320290803
fine_control,54,three_hole_asymmetric,182,private-source://routeA_experiments/data/final_ood_frozen_v1/three_hole_asymmetric/sample_0182.npz,3c898c6349f36f90b3d5a9fe1ea363190f3864ec9904027b2c82073b2f828008,0.0020956380176357925,0.08282712558659916,0.8563323295471102,0.6726419925689697,0.342146237147972,0.4822002101689575
fine_control,54,three_hole_asymmetric,183,private-source://routeA_experiments/data/final_ood_frozen_v1/three_hole_asymmetric/sample_0183.npz,7960bd5136007fe9e53aaf26195ec050cd3f170be4ea0892e9c50801de1e2a57,0.002030181000009179,0.09137541853081323,0.9916424868336138,0.6698704771697521,0.4354507434181869,0.6187913783825933
fine_control,54,three_hole_asymmetric,184,private-source://routeA_experiments/data/final_ood_frozen_v1/three_hole_asymmetric/sample_0184.npz,d0af476fd13dfb1d250ce9a4ca56a9e4e7747143d266e251a2d3bed91fdc35c3,0.002035764016909525,0.09363735544255178,0.9101665223656564,0.718911200761795,0.41502878814935684,0.6193103598430753
fine_control,54,three_hole_asymmetric,185,private-source://routeA_experiments/data/final_ood_frozen_v1/three_hole_asymmetric/sample_0185.npz,825925d58976a37ca694d695a027e07bfbaaceb34012d307f2f1821037baf144,0.0021177000016905367,0.0924481167188207,0.9843235964665065,0.7239843010902405,0.39667574199847877,0.5956766486167907
fine_control,54,three_hole_asymmetric,186,private-source://routeA_experiments/data/final_ood_frozen_v1/three_hole_asymmetric/sample_0186.npz,77e809def7ac8044a4e55b9ef623158afda39a6477b671e128605d4b47566db6,0.0021615079895127565,0.09327307933299517,1.2489726787609248,0.7461270987987518,0.4392996516544372,0.6436735291732469
fine_control,54,three_hole_asymmetric,187,private-source://routeA_experiments/data/final_ood_frozen_v1/three_hole_asymmetric/sample_0187.npz,d41acb81beffee4db9203e1cf0266797359f026ace1ea8ca9bcd6ccb1e2af128,0.0021477609989233315,0.08615703757364376,0.9301188907146113,0.737133115530014,0.40820437716320157,0.5674468506127596
fine_control,54,three_hole_asymmetric,188,private-source://routeA_experiments/data/final_ood_frozen_v1/three_hole_asymmetric/sample_0188.npz,0ee1d93b5b155a3545c539b9ebd208096d5da786ac320abbe96a9ddff30d88d7,0.002058935002423823,0.09012131684938783,1.0431567903189656,0.6042655073106289,0.4157296074554324,0.5676306471228599
fine_control,54,three_hole_asymmetric,189,private-source://routeA_experiments/data/final_ood_frozen_v1/three_hole_asymmetric/sample_0189.npz,70be7056cd13692af26bab63a3df9b9a64678831ef39fdb9582375ceecca7edf,0.002173401997424662,0.1034172709351309,1.498027236970952,0.8786047175526619,0.4772589308558963,0.6763423340511507
fine_control,54,three_hole_asymmetric,190,private-source://routeA_experiments/data/final_ood_frozen_v1/three_hole_asymmetric/sample_0190.npz,a8c424ee2056e12af66d0be34289a252d77172e5cb127ec57c8550e3415ab90b,0.0020283960038796067,0.08913207992752345,1.0407803732652907,0.8179451823234558,0.3798878354136832,0.6334399584680791
fine_control,54,three_hole_asymmetric,191,private-source://routeA_experiments/data/final_ood_frozen_v1/three_hole_asymmetric/sample_0191.npz,26c2bd071beec9742e0a4f1e5466aa608a15434494059de80e606e4679fa8ed3,0.002123953017871827,0.09145582932212125,1.0506791087448901,0.8486298024654388,0.38444158143829554,0.6955326444469392
fine_control,54,three_hole_asymmetric,192,private-source://routeA_experiments/data/final_ood_frozen_v1/three_hole_asymmetric/sample_0192.npz,40d02fa0627c6deec298290103575257705efed18a0e5475ecaa7bf465aa9b99,0.0020719240128528327,0.09665406619323479,0.9555191965155474,0.7334503829479218,0.4579257667064667,0.6362620433792467
fine_control,54,three_hole_asymmetric,193,private-source://routeA_experiments/data/final_ood_frozen_v1/three_hole_asymmetric/sample_0193.npz,e2291d430c4ed65b595a26a1bfd29617e6a29836d02a7642cee85cd276392050,0.001953534985659644,0.10556971884706759,1.07944655194434,0.853004015982151,0.46570312191033736,0.6716685727238655
fine_control,54,three_hole_asymmetric,194,private-source://routeA_experiments/data/final_ood_frozen_v1/three_hole_asymmetric/sample_0194.npz,31e35937f5e42fb742834cdcb1fc165dd1ffc423ac83933409ddf9f346655de1,0.0020196730038151145,0.10333417961655579,0.8850131137367652,0.8298061490058899,0.4709034115076065,0.6905019538477063
fine_control,54,three_hole_asymmetric,195,private-source://routeA_experiments/data/final_ood_frozen_v1/three_hole_asymmetric/sample_0195.npz,40442c552a2016d07c97d9c05bd7232ba672eeab612657250b9c7529d4f8fba5,0.002024500980041921,0.08712080031669711,0.7997330308596382,0.7688939869403839,0.3619160099187866,0.5913928404450408
fine_control,54,three_hole_asymmetric,196,private-source://routeA_experiments/data/final_ood_frozen_v1/three_hole_asymmetric/sample_0196.npz,dd2106f958610c899c170e0e932d315a715401be9a89fd9bfb0ce4af7422b23f,0.0021032000076957047,0.11090908860430428,1.1629000572857793,0.9202523455023766,0.5306642381474376,0.7656598635017843
fine_control,54,three_hole_asymmetric,197,private-source://routeA_experiments/data/final_ood_frozen_v1/three_hole_asymmetric/sample_0197.npz,aa854427cd50f074116bdad2e4371e42c0402350e5d180482ef4c364d2ad2cf8,0.0020637299749068916,0.0903316315062183,0.827594607094218,0.7727527916431427,0.3878461793065071,0.6550474383868276
fine_control,54,three_hole_asymmetric,198,private-source://routeA_experiments/data/final_ood_frozen_v1/three_hole_asymmetric/sample_0198.npz,f829be15d56c832505226b17681dbe66656bc2100714eb438d609a588f6574fe,0.0020411549776326865,0.06888525290352601,0.6484942143041106,0.5923398733139038,0.3335946708684787,0.5074077744036912
fine_control,54,three_hole_asymmetric,199,private-source://routeA_experiments/data/final_ood_frozen_v1/three_hole_asymmetric/sample_0199.npz,52333eb8bbb0f95e069bd2d38db9cab28b55c6f86387da7cd28a27818fe1041a,0.0021211770072113723,0.08581837209312905,0.8271870129502286,0.7067738473415375,0.35448402166366577,0.5862144052982324
