model,training_seed,shape,sample_id,sample_file,sample_sha256,inference_seconds,mae,relative_l2,max_abs_error,p95_abs_error,p99_abs_error
residual_v2,47,slit_bridge,0,private-source://routeA_experiments/data/final_ood_frozen_v1/slit_bridge/sample_0000.npz,30d9b3db72b5f04e7aed5aca69b177e736741d71d456678de2c366e94064976a,0.010803470388054848,0.07717115897700849,0.6982316724768375,0.7756390273571014,0.3692202717065811,0.6587969571352005
residual_v2,47,slit_bridge,1,private-source://routeA_experiments/data/final_ood_frozen_v1/slit_bridge/sample_0001.npz,35ca7668746e40038fbccaaf4b015e191d09a272260f8b2c67e05158beed58d9,0.010544254444539547,0.06460839845150947,0.4998487036524836,0.5794646590948105,0.3630709648132324,0.4630606502294537
residual_v2,47,slit_bridge,2,private-source://routeA_experiments/data/final_ood_frozen_v1/slit_bridge/sample_0002.npz,5aa31e0476a00717a676402ae73bf67f0900790fbaaba0689885a4f4d81b1d01,0.010542383417487144,0.07462487076062863,0.6683199236802126,0.8286450505256653,0.3993220701813698,0.7160394489765167
residual_v2,47,slit_bridge,3,private-source://routeA_experiments/data/final_ood_frozen_v1/slit_bridge/sample_0003.npz,fa2249a12bd45ebd5bf12289d408b399125153ec7a74d5498b2d06c116f8f405,0.010588913224637508,0.08632092140457075,0.9048225773468666,0.9346287474036217,0.3535965457558632,0.82544720955193
residual_v2,47,slit_bridge,4,private-source://routeA_experiments/data/final_ood_frozen_v1/slit_bridge/sample_0004.npz,4006cdfdceb8abe632e2df62c467d010fb9761bec6322c363b9f3abbc55829d4,0.01053424272686243,0.07307871089960881,0.5658105163751495,0.6852995306253433,0.3553377091884613,0.5745753735303873
residual_v2,47,slit_bridge,5,private-source://routeA_experiments/data/final_ood_frozen_v1/slit_bridge/sample_0005.npz,1ea410d183d08cc06714b087bb528e626a67090d2f8931f1f61a73ddeff9902a,0.010542416013777256,0.055436944529654635,1.0019847012956422,0.9449816271662712,0.22567328508011997,0.793881329707801
residual_v2,47,slit_bridge,6,private-source://routeA_experiments/data/final_ood_frozen_v1/slit_bridge/sample_0006.npz,2b2b41c1ab84aefad645e09329749a0c4789e3a60b3931b89e053a383e66541e,0.00993597786873579,0.0574167081027955,1.1687894988809755,0.9892447292804718,0.21049102279357612,0.4945344857871528
residual_v2,47,slit_bridge,7,private-source://routeA_experiments/data/final_ood_frozen_v1/slit_bridge/sample_0007.npz,e99898145655a5c1ce681d0eb3c7597d5032c10b823f0c114d9a1b16467ea524,0.0098326550796628,0.062200299927461226,0.5439249478820632,0.7466852068901062,0.35804784297943115,0.6492796957492828
residual_v2,47,slit_bridge,8,private-source://routeA_experiments/data/final_ood_frozen_v1/slit_bridge/sample_0008.npz,6e17a3aa2c3547f8d5c7c15a2ba8d09341c289bc2a2f8cc11cd61460dd0a75b4,0.010015713050961494,0.07593755051997875,0.6444236791193806,0.9022641479969025,0.39877185225486755,0.6483097434043881
residual_v2,47,slit_bridge,9,private-source://routeA_experiments/data/final_ood_frozen_v1/slit_bridge/sample_0009.npz,cc5b71a537246355e6aa5eb87b1ec934946edb1d31595b1d37e482e2b73e96e4,0.009834686294198036,0.06841630945093248,0.5777738932719949,0.6850506961345673,0.3061898797750473,0.5358465075492853
residual_v2,47,slit_bridge,10,private-source://routeA_experiments/data/final_ood_frozen_v1/slit_bridge/sample_0010.npz,87874a0f11d5ca1214cb1c831735689324f5d265f0ad734b920d4aea56a205a8,0.010521230287849903,0.07563040395256802,0.8194533725003738,0.9099569320678711,0.3746815025806427,0.8006198823451995
residual_v2,47,slit_bridge,11,private-source://routeA_experiments/data/final_ood_frozen_v1/slit_bridge/sample_0011.npz,a23d58d483f0ee7d7d9ad82447d292fdde0c9f6964a6ce9759730ce9671620fc,0.01049583125859499,0.07603448601497732,0.8659287242823063,0.9510411843657494,0.38161294162273407,0.7887638509273524
residual_v2,47,slit_bridge,12,private-source://routeA_experiments/data/final_ood_frozen_v1/slit_bridge/sample_0012.npz,1bf5b6c8a99e6b1af341524d638c181408e613ec93db7fb6986f600e0e3c65a1,0.010509788058698177,0.06087649993537829,0.6417868639285809,0.7385198473930359,0.29409998655319214,0.6110111474990845
residual_v2,47,slit_bridge,13,private-source://routeA_experiments/data/final_ood_frozen_v1/slit_bridge/sample_0013.npz,1adafcde8c3f4e445b1b034d25421d3a48662f83f441bf0eecdee27f12cecbc3,0.010517408140003681,0.05929441721609572,0.5697253307685001,0.6134689748287201,0.3858150690793991,0.5788102596998215
residual_v2,47,slit_bridge,14,private-source://routeA_experiments/data/final_ood_frozen_v1/slit_bridge/sample_0014.npz,64b0e9dc29123e952cb0d300a00469414c7c7f76a16dd935a75e7624fe912b36,0.010500623844563961,0.08430082547789833,0.9407869102651523,0.9851856529712677,0.3828273117542267,0.8118272103369228
residual_v2,47,slit_bridge,15,private-source://routeA_experiments/data/final_ood_frozen_v1/slit_bridge/sample_0015.npz,b9c330fa4cfc004b6beec69ac0615be8854455f9775205c11364db4615c089be,0.010497410781681538,0.09189618577425071,0.8353298195866016,0.8867852687835693,0.470168799161911,0.7869251847267148
residual_v2,47,slit_bridge,16,private-source://routeA_experiments/data/final_ood_frozen_v1/slit_bridge/sample_0016.npz,596996fb6aeff6e88332008eed32b4b95f86de86801a1640f6de12786cd403d3,0.010488067753612995,0.07050234662610988,0.6953149202257131,0.7388253808021545,0.3858785778284073,0.6512376099824905
residual_v2,47,slit_bridge,17,private-source://routeA_experiments/data/final_ood_frozen_v1/slit_bridge/sample_0017.npz,312eedbc05e5128aebccd1eda0cb448659dcf770824e39ef15c6231d604d0095,0.010493384674191475,0.08074763530053866,0.8507763729195984,0.887852318584919,0.400126364082098,0.7918023906648152
residual_v2,47,slit_bridge,18,private-source://routeA_experiments/data/final_ood_frozen_v1/slit_bridge/sample_0018.npz,41e1f220b6752fc77a60ab80dca4c8628042e5d54833a97c9832832e8db500e2,0.01042417623102665,0.05027509482235965,0.3227833759515176,0.485274076461792,0.22363179922103882,0.37848542034625987
residual_v2,47,slit_bridge,19,private-source://routeA_experiments/data/final_ood_frozen_v1/slit_bridge/sample_0019.npz,b97fe8016fb4c7d7995df4c42b480dce1072ee7db9abb641c503877913ffce9c,0.010468198917806149,0.05659183944485526,0.5082233933757274,0.6105104386806488,0.29118654131889343,0.49791193604469275
residual_v2,47,slit_bridge,20,private-source://routeA_experiments/data/final_ood_frozen_v1/slit_bridge/sample_0020.npz,994e03c5207e2ae7356bc74d2f380fd7f474af9a82fe4a9bb90585ddb10c1fb7,0.010499030351638794,0.08063222276686043,0.8189061315008668,0.913003146648407,0.3734433241188526,0.7870462462306016
residual_v2,47,slit_bridge,21,private-source://routeA_experiments/data/final_ood_frozen_v1/slit_bridge/sample_0021.npz,1456683b4642362ec663cedabc21c8bb0ed3f06ae1beb9ca35a8ac02768d7f01,0.009795752353966236,0.07912997543062592,0.7259834642228562,0.8123739361763,0.4613257944583893,0.6902307152748107
residual_v2,47,slit_bridge,22,private-source://routeA_experiments/data/final_ood_frozen_v1/slit_bridge/sample_0022.npz,c36a4db85f26e6cbe9c3036e9cf2ad4c578008898c1405c54c1e0914ccc8ef1c,0.01049486268311739,0.08157477700316271,0.7289153437040014,0.7263615727424622,0.43393535166978836,0.6624944314360612
residual_v2,47,slit_bridge,23,private-source://routeA_experiments/data/final_ood_frozen_v1/slit_bridge/sample_0023.npz,610587d7aa0593f777b96e6fdb4fdcf2ebc68a867c186890c7838e7b2d944c00,0.009880616329610348,0.07911644370507045,0.8130524693477384,0.8416027426719666,0.42482489347457886,0.7207937493920326
residual_v2,47,slit_bridge,24,private-source://routeA_experiments/data/final_ood_frozen_v1/slit_bridge/sample_0024.npz,959eeaf23d4f71a25e7eff4fc4c4640be516df58074ab3dad10126c1ca5ed619,0.010003846138715744,0.06466349774244419,1.0680311877765438,0.9058226495981216,0.27811347343958914,0.6545390747487532
residual_v2,47,slit_bridge,25,private-source://routeA_experiments/data/final_ood_frozen_v1/slit_bridge/sample_0025.npz,12244099e66cc796717b1ac4a0197a86db0d3832ae8f92f8b6285b350ded04cd,0.009869646281003952,0.06267535835520102,0.47281763454387826,0.532524585723877,0.2602578029036522,0.43206791877746564
residual_v2,47,slit_bridge,26,private-source://routeA_experiments/data/final_ood_frozen_v1/slit_bridge/sample_0026.npz,8ec7e62775275cf1cdcb11a3a5070589032551c0222125cc6f2572c5b6100c1e,0.009938865900039673,0.08818695815336182,0.7500858800485002,0.8663570582866669,0.390597328543663,0.7076127260923385
residual_v2,47,slit_bridge,27,private-source://routeA_experiments/data/final_ood_frozen_v1/slit_bridge/sample_0027.npz,a57e3c4af7915d4277fe784929f02e1108f70b06739b89cc49e2f31db68759d6,0.009920833632349968,0.07012956891429699,0.6837946193196686,0.7875532805919647,0.3805021271109581,0.6729723840951913
residual_v2,47,slit_bridge,28,private-source://routeA_experiments/data/final_ood_frozen_v1/slit_bridge/sample_0028.npz,129f68b38d7e4376d96e492a23bdc037ec06345501698eb53f87dc4c2bdcf26b,0.009899036027491093,0.06167823888034575,0.4700915110770972,0.5252078771591187,0.30844399333000183,0.4684634774923324
residual_v2,47,slit_bridge,29,private-source://routeA_experiments/data/final_ood_frozen_v1/slit_bridge/sample_0029.npz,d7be996266c698efe66a16bcc34de0aff06589c37bb8599f9f62b3c06206baa6,0.010490448214113712,0.06512498586791307,0.6033866120177147,0.6689310669898987,0.3587500751018524,0.5878810405731196
residual_v2,47,slit_bridge,30,private-source://routeA_experiments/data/final_ood_frozen_v1/slit_bridge/sample_0030.npz,b09f05e8c2f7a9d479d786d72d681814f27d08ee89b3d974343fd2b090a1ce6a,0.009857305325567722,0.0592549495016615,0.4787968918451083,0.5794667303562164,0.2694724202156067,0.5158577799797056
residual_v2,47,slit_bridge,31,private-source://routeA_experiments/data/final_ood_frozen_v1/slit_bridge/sample_0031.npz,bc00125fdaa393e280c5352531595db001f7ddb3deb151245917cd589e5c31f0,0.009909632615745068,0.05109614829468588,0.35003027426155303,0.46484696865081787,0.21167944371700287,0.3697118997573852
residual_v2,47,slit_bridge,32,private-source://routeA_experiments/data/final_ood_frozen_v1/slit_bridge/sample_0032.npz,210304fe0d7d8f0427af5f9a0754f958b13e7ca893e23870daca6089c7494849,0.009871833957731724,0.05940432458186497,0.5127893611232242,0.6255432665348053,0.32992857694625854,0.5340798944234847
residual_v2,47,slit_bridge,33,private-source://routeA_experiments/data/final_ood_frozen_v1/slit_bridge/sample_0033.npz,27aec766b6350542fba91a6efe33f57848a74817bca29836eb0daa48b8186c28,0.009869823232293129,0.083608557197331,0.8784519823347954,0.9474732726812363,0.46980568766593933,0.855218470096588
residual_v2,47,slit_bridge,34,private-source://routeA_experiments/data/final_ood_frozen_v1/slit_bridge/sample_0034.npz,188e43a83a5baeee871f92676435b8b14ff91c60dfed2c7edaee32a7c3fe7437,0.009928923100233078,0.05592122826338151,0.5727865843618385,0.7211886942386627,0.3138829544186592,0.5500440895557402
residual_v2,47,slit_bridge,35,private-source://routeA_experiments/data/final_ood_frozen_v1/slit_bridge/sample_0035.npz,7b87bcf793f11163ce8025e6ca4bc45abb9b34cf709bd1bb8b9fb68b3a8dabe4,0.009893277660012245,0.07288576932627401,0.6991977317799002,0.8422691226005554,0.4247133582830429,0.68638219833374
residual_v2,47,slit_bridge,36,private-source://routeA_experiments/data/final_ood_frozen_v1/slit_bridge/sample_0036.npz,4c37861366bb2835c656390a05790cc29a37a467fa5c97e436d4dc5e6180c227,0.009925334714353085,0.07405927619888752,0.7121601360362008,0.7926290035247803,0.36677658557891846,0.6744741678237913
residual_v2,47,slit_bridge,37,private-source://routeA_experiments/data/final_ood_frozen_v1/slit_bridge/sample_0037.npz,8fbc3afcf65822fdaf99fdeb4b9caaacaaa2422144e57b088e882fc0dcbcdfe9,0.009835724718868732,0.09862259135912683,0.8637558684654132,0.9233106821775436,0.5231164619326591,0.8081737428903574
residual_v2,47,slit_bridge,38,private-source://routeA_experiments/data/final_ood_frozen_v1/slit_bridge/sample_0038.npz,d8aa380b826e09980e586e8dcd26acff520e462dddbb758d989ce305a62e2bd2,0.009921569377183914,0.0887320072915946,0.7801612518477602,0.9557252824306488,0.4848078712821007,0.8577955603599549
residual_v2,47,slit_bridge,39,private-source://routeA_experiments/data/final_ood_frozen_v1/slit_bridge/sample_0039.npz,5773aed921a57866510a828614cf323ba3e5c1f662198f68ba30e9cd435e428d,0.00994855910539627,0.06760751753540256,0.8133620365059296,0.8593077957630157,0.31095581501722336,0.654641155898571
residual_v2,47,slit_bridge,40,private-source://routeA_experiments/data/final_ood_frozen_v1/slit_bridge/sample_0040.npz,10b3fc9be817d0fa28e4f2ad0ce1679a84b2986a85b9c817ff380bc606731884,0.00984198972582817,0.07410761561807791,0.6873703473033801,0.8608568012714386,0.3282343316823244,0.7006321281194685
residual_v2,47,slit_bridge,41,private-source://routeA_experiments/data/final_ood_frozen_v1/slit_bridge/sample_0041.npz,cdde49a6f56183448eeefafbf84517c5719d37b8e33b5fb3d5907c79ec0c3d4d,0.010531445033848286,0.07182858802013907,0.6092552179098808,0.6181353777647018,0.3183206617832184,0.5134708389639852
residual_v2,47,slit_bridge,42,private-source://routeA_experiments/data/final_ood_frozen_v1/slit_bridge/sample_0042.npz,bd82adbf113c51db9c8fdb7ae61bdfb4b0de8fd0738107c1b16747edf214ed83,0.010545488446950912,0.0505355100892605,0.32443297114493386,0.5398847013711929,0.22328487038612366,0.325483167171478
residual_v2,47,slit_bridge,43,private-source://routeA_experiments/data/final_ood_frozen_v1/slit_bridge/sample_0043.npz,1b05a0e90cb92ad13e160cd9d88d3ccd24a5d5042572cbdeb6c780eb7c691723,0.009901624172925949,0.0837891725603792,0.9604714296064121,0.9403893277049065,0.37604258581995964,0.8192003175616263
residual_v2,47,slit_bridge,44,private-source://routeA_experiments/data/final_ood_frozen_v1/slit_bridge/sample_0044.npz,9eab1dd2e918e6415c0ac9317c974fb554285878086fbcec4685c90b0a603efd,0.010562440380454063,0.07777060100741294,0.8771168783287784,0.856298178434372,0.32123755663633347,0.6545099340379237
residual_v2,47,slit_bridge,45,private-source://routeA_experiments/data/final_ood_frozen_v1/slit_bridge/sample_0045.npz,28399d49797881f5a264063c34c2a36369094141bb9cf4c05cbdaee4d1f32c15,0.009924424812197685,0.07257001507522659,0.9877900463059609,0.9800247848033905,0.34313303232192993,0.7703314915299411
residual_v2,47,slit_bridge,46,private-source://routeA_experiments/data/final_ood_frozen_v1/slit_bridge/sample_0046.npz,137e9591ce0032a2d71b366e44219ca9b23cbd2f3a421043183f5c5f8e25cd7f,0.009839451871812344,0.05712908796386105,0.5965338530961243,0.6711686849594116,0.3178643509745598,0.5821275860071182
residual_v2,47,slit_bridge,47,private-source://routeA_experiments/data/final_ood_frozen_v1/slit_bridge/sample_0047.npz,a34fc43c7eb5b8809b22c7c026452d2278be0d7636bd62dbf7db0e72488bfe93,0.010539823211729527,0.06248980163040161,0.5305118445444376,0.6906208992004395,0.35571784153580666,0.5966543734073634
residual_v2,47,slit_bridge,48,private-source://routeA_experiments/data/final_ood_frozen_v1/slit_bridge/sample_0048.npz,d3dea4d451c780395aeec9e434f3f3426fa5b35717d062d652d0000cb4849ab0,0.010612900368869305,0.07551649092224014,0.7685140667780946,0.7962467819452286,0.3912815898656845,0.6775699496269223
residual_v2,47,slit_bridge,49,private-source://routeA_experiments/data/final_ood_frozen_v1/slit_bridge/sample_0049.npz,65ea22db20d21e0adb8290dfc006ce6871e3b0e95cbda2d1b6dc4212521b340d,0.010524727404117584,0.06879325193753594,0.7110309128773078,0.8756563663482666,0.3453146666288376,0.6737358778715126
residual_v2,47,slit_bridge,50,private-source://routeA_experiments/data/final_ood_frozen_v1/slit_bridge/sample_0050.npz,84c0049ab4231171d59431596c6d5ee4a6296eb0688530fec168df065e5f3736,0.009902452118694782,0.0845824906176084,0.8682439143316258,0.9300523102283478,0.478024885058403,0.7962464287877067
residual_v2,47,slit_bridge,51,private-source://routeA_experiments/data/final_ood_frozen_v1/slit_bridge/sample_0051.npz,4a2b9189cfb9e62a2d88e9b4f0538c291df4cf2365fc6101f7bcb0ca5ea19039,0.009931196458637714,0.06708878487386476,0.8894323192793259,0.9106771871447563,0.3168001975864172,0.7316791743040071
residual_v2,47,slit_bridge,52,private-source://routeA_experiments/data/final_ood_frozen_v1/slit_bridge/sample_0052.npz,7a6182ea0d10e503b4488744930d05c12fe0a98749a0f08c0bf9a0ade333130c,0.009853944182395935,0.07163062619017438,0.672507866263004,0.7481591105461121,0.4422639533877373,0.6836760506033897
residual_v2,47,slit_bridge,53,private-source://routeA_experiments/data/final_ood_frozen_v1/slit_bridge/sample_0053.npz,f38fc50a05bb0fe7cbe4b70cd13485a58e43ff94c9c22822cb929aed2391bc79,0.010497912764549255,0.05280994292261519,0.6162792260949288,0.7575711011886597,0.3022436946630478,0.5597003102302549
residual_v2,47,slit_bridge,54,private-source://routeA_experiments/data/final_ood_frozen_v1/slit_bridge/sample_0054.npz,523ec7f16e149a678ab1eee24891a839649693313f63f9f03417215898e364c2,0.010559212416410446,0.0797907346839625,0.8618177903690412,0.9011482298374176,0.41928836703300476,0.7618940830230712
residual_v2,47,slit_bridge,55,private-source://routeA_experiments/data/final_ood_frozen_v1/slit_bridge/sample_0055.npz,a11a3648b53fa4f131e8a071f27bd07db354d48796864dbb9f50084862cbf7af,0.01045357994735241,0.06346373003548839,0.46477450644262736,0.5916386097669601,0.3274197280406952,0.4772013410925865
residual_v2,47,slit_bridge,56,private-source://routeA_experiments/data/final_ood_frozen_v1/slit_bridge/sample_0056.npz,754e5a373c358a5e7e5648b5ee524f7f3caf5be3ad24ca01b4bbaa5930f3722f,0.010481837205588818,0.05602967133822475,0.4050209224598077,0.656193882226944,0.27094361186027527,0.535742005705833
residual_v2,47,slit_bridge,57,private-source://routeA_experiments/data/final_ood_frozen_v1/slit_bridge/sample_0057.npz,88bdcbb6787810fba1f67ab1e1d706c0a0449080180a5731fe9e830cd5c1781e,0.009950264357030392,0.07664070199385392,0.6476417740988103,0.7603502869606018,0.36065688729286194,0.6140843927860256
residual_v2,47,slit_bridge,58,private-source://routeA_experiments/data/final_ood_frozen_v1/slit_bridge/sample_0058.npz,25dc8c7315b0e070c4b3619308cd7da2f67091e9d12652a39dff2c4abf512a48,0.00981372781097889,0.040906478819337344,0.4300408678142819,0.548175185918808,0.16878707706928253,0.4349072962999343
residual_v2,47,slit_bridge,59,private-source://routeA_experiments/data/final_ood_frozen_v1/slit_bridge/sample_0059.npz,8537f0d12de7433ac2c634794f33eec0a1ef183fb6a9871cd07ec6fe9960e78c,0.010473242960870266,0.06985840067824028,0.7705578156118356,0.8233499825000763,0.37508169561624527,0.6982344746589653
residual_v2,47,slit_bridge,60,private-source://routeA_experiments/data/final_ood_frozen_v1/slit_bridge/sample_0060.npz,ccb10d13e92987f9e92f19f57b8c828d1cec71baabf49eeda5b8131c81cffaae,0.009859137237071991,0.06780551957837787,0.6570965647546171,0.7427112311124802,0.3717702738940716,0.6590559944510453
residual_v2,47,slit_bridge,61,private-source://routeA_experiments/data/final_ood_frozen_v1/slit_bridge/sample_0061.npz,617d3d8d6e33e0cd8b2d68db50b259c76f1b572922b1f4eafd14d5c95f7f2927,0.010533581487834454,0.08384467770182437,0.7171442030149332,0.80268394947052,0.43314108438789845,0.6734778508543967
residual_v2,47,slit_bridge,62,private-source://routeA_experiments/data/final_ood_frozen_v1/slit_bridge/sample_0062.npz,4cb6187852b50d7a648cc396d4b92a5199fc15e009d3e6afe856b73e4795fb3c,0.009823141619563103,0.09574388293709377,0.9129293015331433,0.9392337799072266,0.5383360534906387,0.8667612954974174
residual_v2,47,slit_bridge,63,private-source://routeA_experiments/data/final_ood_frozen_v1/slit_bridge/sample_0063.npz,dac27c2cdc3cfd09038c74bf4bee8892e3fbd4242d4ae68cf068121304f4b392,0.009959972463548183,0.08763461066620082,0.9614298135039907,0.9662387892603874,0.436687633395195,0.8789665907621381
residual_v2,47,slit_bridge,64,private-source://routeA_experiments/data/final_ood_frozen_v1/slit_bridge/sample_0064.npz,42bf6e538ce7971d6bb267afcbb5017c74c7ee0a38eeeb22b770afd6da523ffd,0.009888865984976292,0.06683094841273123,0.6275914894611753,0.7374388575553894,0.3871765211224556,0.6755679458379735
residual_v2,47,slit_bridge,65,private-source://routeA_experiments/data/final_ood_frozen_v1/slit_bridge/sample_0065.npz,8ae70c1cc087b2cb14feefb626847c8e54e0ee1ff237949762758fc9fef1ccfe,0.009915776550769806,0.0805122349694062,0.643648747157928,0.806602418422699,0.39165058732032776,0.6007149279117584
residual_v2,47,slit_bridge,66,private-source://routeA_experiments/data/final_ood_frozen_v1/slit_bridge/sample_0066.npz,bf5bec0125f3e132a0234c3c65c18310c2a824fe299149a53c91065ba9684ebc,0.009984026663005352,0.05257529202632474,0.4005312231162218,0.4822705388069153,0.23402178287506104,0.3999380737543104
residual_v2,47,slit_bridge,67,private-source://routeA_experiments/data/final_ood_frozen_v1/slit_bridge/sample_0067.npz,c4c4d08eb71d2a88a3573896b8651cdf6ff3433eaf00aef21e8815ee63c8636b,0.009942647069692612,0.06109497499652525,0.476216965119067,0.6053192019462585,0.24142981320619583,0.4332223594188685
residual_v2,47,slit_bridge,68,private-source://routeA_experiments/data/final_ood_frozen_v1/slit_bridge/sample_0068.npz,9d5bf135c023eb440f5e2fcdbcd3144986ccea4a471e8d876188876d1f874f48,0.00992325134575367,0.0670295011876051,0.7582772314536058,0.8129815459251404,0.29377246275544167,0.5508458837866782
residual_v2,47,slit_bridge,69,private-source://routeA_experiments/data/final_ood_frozen_v1/slit_bridge/sample_0069.npz,5c786c1f5b59aea34b782d6d4f11df00e05c430f5d55022b5da71cb4fb8d0930,0.010436413809657097,0.08472005389360793,0.8519629955732403,0.9544508531689644,0.4645855836570263,0.8456597387790674
residual_v2,47,slit_bridge,70,private-source://routeA_experiments/data/final_ood_frozen_v1/slit_bridge/sample_0070.npz,ed31a0aa3d983e019a2886acd9e424e492ee60dd9051fcd420f294aa7d65556d,0.010471255518496037,0.07660578782643379,0.8068620311800039,0.9127964973449707,0.43384208530187607,0.7621448695659631
residual_v2,47,slit_bridge,71,private-source://routeA_experiments/data/final_ood_frozen_v1/slit_bridge/sample_0071.npz,392690e82cd3c5edc07092ea1286bb31ee5ff623427f4ad994d7d81479d6dab4,0.010528488084673882,0.05860844068729975,0.7119269453326194,0.8866332769393921,0.32923300564289093,0.6622764348983762
residual_v2,47,slit_bridge,72,private-source://routeA_experiments/data/final_ood_frozen_v1/slit_bridge/sample_0072.npz,13d1458cb7f3b3c59870f9253bb955db809110e13c2d3e0b7bd73b1dc03bcc6b,0.009909788146615028,0.06186321229975202,0.7434357826896595,0.9184603095054626,0.3029690459370613,0.6195273160934447
residual_v2,47,slit_bridge,73,private-source://routeA_experiments/data/final_ood_frozen_v1/slit_bridge/sample_0073.npz,abe7b6b76ff8f9f9514fc6c9452f5d49124e62bec9ef2160c3a275b0c13db251,0.009973636828362942,0.06691666542376369,0.7312286109342667,0.7928706407546997,0.3488805592060089,0.6537411689758299
residual_v2,47,slit_bridge,74,private-source://routeA_experiments/data/final_ood_frozen_v1/slit_bridge/sample_0074.npz,51ff9c6ba58e09f4038fba26fc78e8d866d805ea092ff9a4834e7d07d5b953c3,0.010509627871215343,0.0645314932976716,0.5420748231603209,0.6441550850868225,0.32562798261642456,0.5156594693660737
residual_v2,47,slit_bridge,75,private-source://routeA_experiments/data/final_ood_frozen_v1/slit_bridge/sample_0075.npz,295242b0a3c4441b1839c2e51ada10cd8d911b42bc383c1c876668ed7db69aca,0.010542770847678185,0.050689104392540936,0.5131687826807442,0.6169886291027069,0.24226346611976624,0.5102323919534681
residual_v2,47,slit_bridge,76,private-source://routeA_experiments/data/final_ood_frozen_v1/slit_bridge/sample_0076.npz,beb19109c76423a493f2dce420b9e7186ae828c5f8afa7330784720dd627942a,0.010553756728768349,0.07112462638328806,0.6934242053158366,0.778426930308342,0.4436389096081257,0.6943689852952956
residual_v2,47,slit_bridge,77,private-source://routeA_experiments/data/final_ood_frozen_v1/slit_bridge/sample_0077.npz,2b930b075d3b18dc862520638716d3ca8b214cccc86033c8a5389cf1eee32caf,0.010526187717914581,0.07684425344425715,0.8514913564568782,0.8950218260288239,0.39048274978995323,0.8312495425343512
residual_v2,47,slit_bridge,78,private-source://routeA_experiments/data/final_ood_frozen_v1/slit_bridge/sample_0078.npz,81766226a2c457e6280404619b8b2ac47bc63cd5302a18b5988528768c89a906,0.010728242807090282,0.07938548898375805,0.8365112675026197,0.9110607206821442,0.4164346903562546,0.76976129412651
residual_v2,47,slit_bridge,79,private-source://routeA_experiments/data/final_ood_frozen_v1/slit_bridge/sample_0079.npz,39d04f6918bf1e91b48064494be9aa05bd75bf2d12d1b69e17182fdccc736084,0.010607141070067883,0.06770574179192064,0.5316650675569508,0.634009599685669,0.35613080859184265,0.5253786653280257
residual_v2,47,slit_bridge,80,private-source://routeA_experiments/data/final_ood_frozen_v1/slit_bridge/sample_0080.npz,34759e2ce25b3deafb7b86e4a166e29aa7b6ad6312b24ec108b7195308a75605,0.010572395287454128,0.07468288945415337,0.938668068065195,0.9686198979616165,0.3325733281672001,0.8129434555768954
residual_v2,47,slit_bridge,81,private-source://routeA_experiments/data/final_ood_frozen_v1/slit_bridge/sample_0081.npz,c09c71d395b921fd42317ee8257d8e8ca0fefc88548e7044fde1c9427bc01d57,0.009971034713089466,0.06627810219547617,0.46772154959490264,0.6041614711284637,0.31861890852451324,0.5354313135147093
residual_v2,47,slit_bridge,82,private-source://routeA_experiments/data/final_ood_frozen_v1/slit_bridge/sample_0082.npz,76690bbcb43ff947e8588630e8c1f5eaeae09d80c05290dd16299c07f4b07db3,0.009886303916573524,0.042611132749218864,0.3283034858340192,0.44840312004089355,0.20817212760448456,0.3479095935821527
residual_v2,47,slit_bridge,83,private-source://routeA_experiments/data/final_ood_frozen_v1/slit_bridge/sample_0083.npz,b13467cf03c2c8574ad8306306835f018286494378025cc13aa4b84ebb20ce43,0.010607067495584488,0.06434328121696924,1.3362767903874933,0.9791358336806297,0.23327846086613135,0.6316743141040198
residual_v2,47,slit_bridge,84,private-source://routeA_experiments/data/final_ood_frozen_v1/slit_bridge/sample_0084.npz,9c49b44f5bee1f5433dbba97fd43f3fbe29009da78b18d356f171b5351154266,0.009983855299651623,0.046068625302587235,0.3734715372472608,0.5017876029014587,0.2055235207080841,0.36760064065456294
residual_v2,47,slit_bridge,85,private-source://routeA_experiments/data/final_ood_frozen_v1/slit_bridge/sample_0085.npz,f99b2ecfc893456f4094ee49f725dacd918863f2c57f06cd9486ed733ef4c220,0.00991120096296072,0.07724228467146653,0.8487588264796619,0.9168642610311508,0.3455420294776559,0.7675494275987138
residual_v2,47,slit_bridge,86,private-source://routeA_experiments/data/final_ood_frozen_v1/slit_bridge/sample_0086.npz,fa0010c85def531807bfac046d520a0e1fcfa53f399129a530872a5ed7c486e8,0.009846077300608158,0.0824251767253694,0.7676021509130554,0.8673253506422043,0.4584229737520218,0.726890005171299
residual_v2,47,slit_bridge,87,private-source://routeA_experiments/data/final_ood_frozen_v1/slit_bridge/sample_0087.npz,c71c435433f07e222a9c7657e14158b1582d4eb606c1feec9a70429635dc0db8,0.010575092397630215,0.07757346199316646,0.7866342881822771,0.8296571373939514,0.38626061379909515,0.7524514526128768
residual_v2,47,slit_bridge,88,private-source://routeA_experiments/data/final_ood_frozen_v1/slit_bridge/sample_0088.npz,356663c8d9f185922d520ff8cab4336c663ae05fa5851257b47fd5a7f2890d38,0.010600690729916096,0.08733771699972338,0.7665786110109473,0.8049034625291824,0.42587408423423767,0.6632735475897785
residual_v2,47,slit_bridge,89,private-source://routeA_experiments/data/final_ood_frozen_v1/slit_bridge/sample_0089.npz,8a9067dfbc0e5c2e206260b72a5ca217d4c4ab8591213e41f21555fef28ede5c,0.010511591099202633,0.05221509048758276,0.560560218282194,0.750201553106308,0.2807626463472843,0.5656788855791091
residual_v2,47,slit_bridge,90,private-source://routeA_experiments/data/final_ood_frozen_v1/slit_bridge/sample_0090.npz,e8f22014254e79ac9ea4af542bb6a6578f4d3903902c242153233437a8df0eca,0.01054761465638876,0.06713586061321875,0.6308297937221063,0.7447487264871597,0.3045704886317253,0.632116937637329
residual_v2,47,slit_bridge,91,private-source://routeA_experiments/data/final_ood_frozen_v1/slit_bridge/sample_0091.npz,9ac5d5dae9509b1d341ae8236d8e0bd3b682e73f0fabd2327bc777955fc68672,0.009870786219835281,0.07236355764505102,0.5583825938337318,0.6861062049865723,0.40102390944957733,0.6224714308977127
residual_v2,47,slit_bridge,92,private-source://routeA_experiments/data/final_ood_frozen_v1/slit_bridge/sample_0092.npz,fce6d4931689f991567299750cb2e58ba69a69fb8a7ea9ca2b6623d311e269b9,0.009972958825528622,0.07892315962477318,0.674372101301869,0.7087178528308868,0.38075849413871765,0.5885741233825678
residual_v2,47,slit_bridge,93,private-source://routeA_experiments/data/final_ood_frozen_v1/slit_bridge/sample_0093.npz,ba68ade9b7a7667d9de5bbb4e80fd05e409e86460843549762f31a41447162d1,0.00994515884667635,0.07931878118989741,0.8033253205824051,0.8468026518821716,0.3418971002101898,0.6997929856181143
residual_v2,47,slit_bridge,94,private-source://routeA_experiments/data/final_ood_frozen_v1/slit_bridge/sample_0094.npz,ccba8ddededbe3b30aeff76d268cff5c811b3ec60c50fc5e9c8ad0ef75b4658f,0.010491632856428623,0.07807820594806936,0.7834542218445218,0.8196976184844971,0.42646418511867523,0.6705745190382001
residual_v2,47,slit_bridge,95,private-source://routeA_experiments/data/final_ood_frozen_v1/slit_bridge/sample_0095.npz,d8673dac77deb264dbb605e3b8da123628dc8c82574f2e781ca0ed91d7e7ce88,0.010547461919486523,0.07768840014383249,0.8622993531615463,0.9866444766521454,0.3897542282938957,0.797992545366287
residual_v2,47,slit_bridge,96,private-source://routeA_experiments/data/final_ood_frozen_v1/slit_bridge/sample_0096.npz,88387af9839890df82ba2388bdcdfa95d6200c6b8848f9cbfc0dda3b8e1f5f31,0.00993731152266264,0.08121536009269344,0.7853718172940641,0.898091733455658,0.46761081367731094,0.8065904378890988
residual_v2,47,slit_bridge,97,private-source://routeA_experiments/data/final_ood_frozen_v1/slit_bridge/sample_0097.npz,042e86e783efa3942e62430f3045cf582a6d959709c938cb225b92bc44bcc64f,0.010450725443661213,0.0768449349148919,0.5816088025274199,0.6429351568222046,0.3853652775287628,0.5184848606586456
residual_v2,47,slit_bridge,98,private-source://routeA_experiments/data/final_ood_frozen_v1/slit_bridge/sample_0098.npz,f76accedd1c25ec4c7b700fef8f7e440bff7ca6d234800cb8d3b4cd6f7f7b8e6,0.01050306111574173,0.05774147342704666,0.6521055088367244,0.7975494265556335,0.3020714595913887,0.6916740417480464
residual_v2,47,slit_bridge,99,private-source://routeA_experiments/data/final_ood_frozen_v1/slit_bridge/sample_0099.npz,6a4b39b6a971b50d0cd5a3eefaf6a1f3f142b0d9ecee397ce1ff23093f6a46d9,0.009917963296175003,0.08651312288637852,0.7608344788610565,0.821415513753891,0.5365067422389984,0.7210128396749494
residual_v2,47,slit_bridge,100,private-source://routeA_experiments/data/final_ood_frozen_v1/slit_bridge/sample_0100.npz,09c098f8500ef7ae13df30b97fd58bdcffba8843b115a610318dc18f65ef3540,0.010184642858803272,0.08442883361058276,0.8739382107222081,0.9354232102632523,0.34281475841999054,0.7593563318252557
residual_v2,47,slit_bridge,101,private-source://routeA_experiments/data/final_ood_frozen_v1/slit_bridge/sample_0101.npz,3671b99524219e4e7f1acd583f0a9f657d15a23a30ed3d575564b8f9d92d770e,0.009854241274297237,0.06904024067344577,0.5644250701265004,0.6769192218780518,0.4041588753461838,0.5905350774526594
residual_v2,47,slit_bridge,102,private-source://routeA_experiments/data/final_ood_frozen_v1/slit_bridge/sample_0102.npz,b8b9ab3a97d31d7c91628f73ac4db6371901871d302b30af028ae7297b2b153b,0.009890791960060596,0.05544673495023411,1.0091742138346316,0.9231575801968575,0.2165832388564013,0.6962595000863068
residual_v2,47,slit_bridge,103,private-source://routeA_experiments/data/final_ood_frozen_v1/slit_bridge/sample_0103.npz,9f972861588cfdfdfbc3d1b3492908230dc44d640058083aa85270fbceb816f9,0.009955705143511295,0.06256089711841133,0.6187369261622017,0.615350753068924,0.3530893549323082,0.5264786839485166
residual_v2,47,slit_bridge,104,private-source://routeA_experiments/data/final_ood_frozen_v1/slit_bridge/sample_0104.npz,762aadec5fa91e8e7a7f85a7683286f4a4fa0192f736680d733b0707b91d4494,0.011134251020848751,0.07878284748844834,0.8341125887738572,0.8865366727113724,0.41096973046660423,0.7996933609247202
residual_v2,47,slit_bridge,105,private-source://routeA_experiments/data/final_ood_frozen_v1/slit_bridge/sample_0105.npz,713c1a733e7b6f8c51dfe4d3f144d58d7ee189053361d35b7cb0099d093f55b6,0.010527811013162136,0.07106089426673902,0.7951650901718695,0.8828794360160828,0.401775985956192,0.7737691402435299
residual_v2,47,slit_bridge,106,private-source://routeA_experiments/data/final_ood_frozen_v1/slit_bridge/sample_0106.npz,73c88046498ca7cb948857d6c873d10ec1b1bb70ce8813a259156f5e49c803e0,0.0105724036693573,0.08466665575807335,0.8827058665616809,0.9470648467540741,0.4021839611232281,0.7815671026706695
residual_v2,47,slit_bridge,107,private-source://routeA_experiments/data/final_ood_frozen_v1/slit_bridge/sample_0107.npz,8e962067b4a867a40f8b8f07d19dbcf42eb4d7a6b08ac522bd140e761933b129,0.010507343336939812,0.0772486790057267,0.7747775153014386,0.8511148542165756,0.37177008390426636,0.7460139065980906
residual_v2,47,slit_bridge,108,private-source://routeA_experiments/data/final_ood_frozen_v1/slit_bridge/sample_0108.npz,23bb0eb2ffb8522d891e10b78e9f4fcf6ea2c8b5136c119d1353dc41e81126a2,0.010567924939095974,0.0697429242297212,0.5888809804162527,0.7312788665294647,0.4413028955459595,0.6748778194189071
residual_v2,47,slit_bridge,109,private-source://routeA_experiments/data/final_ood_frozen_v1/slit_bridge/sample_0109.npz,ee7d8642727cde846b418e0d6ef6f3d525513d8f7c13d4e21a694399a5887809,0.010564680211246014,0.0867366194995589,0.8472156381568345,0.9142402485013008,0.42743947729468346,0.7446559585630893
residual_v2,47,slit_bridge,110,private-source://routeA_experiments/data/final_ood_frozen_v1/slit_bridge/sample_0110.npz,2cb9d93c491c746797690b373d3873b13231a0144087e5c6f98bc1674dcf9aa9,0.01055489294230938,0.09341086824632268,0.8825500750892239,0.9099962413311005,0.48751498758792877,0.7787317752838125
residual_v2,47,slit_bridge,111,private-source://routeA_experiments/data/final_ood_frozen_v1/slit_bridge/sample_0111.npz,20cb4a3d10bd1589b41836354fc8ffcea2f716f9c4d860e668becadedadd9f38,0.010567320510745049,0.05763424373669834,0.5440956170982325,0.6117823123931885,0.3271842449903488,0.5399601519107818
residual_v2,47,slit_bridge,112,private-source://routeA_experiments/data/final_ood_frozen_v1/slit_bridge/sample_0112.npz,37a74f8306ed3c59b31377d7e4a65031205ca4f453cf06b54132466f7b6b4a27,0.010574006475508213,0.08968371225449273,0.9069745087704315,0.9417973607778549,0.4639582112431526,0.8574467696249484
residual_v2,47,slit_bridge,113,private-source://routeA_experiments/data/final_ood_frozen_v1/slit_bridge/sample_0113.npz,ef235deec817e178c9aadff18419bfa34a077733d1176a3329f0534a76dc2a36,0.0104959886521101,0.07565423939092746,0.7961665727959029,0.8698604851961136,0.33955730497837067,0.7183996871113777
residual_v2,47,slit_bridge,114,private-source://routeA_experiments/data/final_ood_frozen_v1/slit_bridge/sample_0114.npz,fee8722c5da8ec155bbe8e819b2eefa2d11a554066c684e422d739ef76676fdc,0.010506217367947102,0.07796617814458531,0.7462569271699585,0.8454640209674835,0.4557465761899948,0.7141667619347557
residual_v2,47,slit_bridge,115,private-source://routeA_experiments/data/final_ood_frozen_v1/slit_bridge/sample_0115.npz,c0ff037ccc5a055bf9e6049f73b19eb3ef3c759d34e01dde7782629ee5155b1a,0.01057033147662878,0.0893337989156349,0.780608282820437,0.7895198911428452,0.4285128563642502,0.6984271287918089
residual_v2,47,slit_bridge,116,private-source://routeA_experiments/data/final_ood_frozen_v1/slit_bridge/sample_0116.npz,89796e3463ade62e6165c2220b9206d7e09c13d435e41116a44b4b2b72d8a7e2,0.010535419918596745,0.08201848675208294,0.9093605563388919,0.9372069537639618,0.4313613921403885,0.8333263963460917
residual_v2,47,slit_bridge,117,private-source://routeA_experiments/data/final_ood_frozen_v1/slit_bridge/sample_0117.npz,0b5ddb4fbb4b1abaaecda668cf96d47108c2d0634e698e348798412ad2c8bd5b,0.01054209191352129,0.058979270020920134,0.451125808966511,0.5670213401317596,0.2818104773759842,0.44526206254959083
residual_v2,47,slit_bridge,118,private-source://routeA_experiments/data/final_ood_frozen_v1/slit_bridge/sample_0118.npz,67c9870824a0cf24261c14ee2ee54260350b87c984724da8b7b3239ef5f4f8f2,0.010506114922463894,0.0963513309339166,0.9046602752701075,0.948279432952404,0.5104818679392338,0.8458180993795393
residual_v2,47,slit_bridge,119,private-source://routeA_experiments/data/final_ood_frozen_v1/slit_bridge/sample_0119.npz,3cd3c867da52bc984e6b469d03b48c1d502d3c379c3a09320042c00db34b1f2f,0.00990613829344511,0.07952126225665022,0.8810105252617758,0.9273350238800049,0.45472364127635956,0.7995000496506689
residual_v2,47,slit_bridge,120,private-source://routeA_experiments/data/final_ood_frozen_v1/slit_bridge/sample_0120.npz,321a3cdc9661e8fd1679cfceed9f566fa138dcdcf45b5bb5a1d8fce6ede740f1,0.009852307848632336,0.06749685511076643,0.8357669614393719,0.8340821713209152,0.2885866314172745,0.6462714701890937
residual_v2,47,slit_bridge,121,private-source://routeA_experiments/data/final_ood_frozen_v1/slit_bridge/sample_0121.npz,947ac005aaaab451b701b3285288d12286101f1936826903031becc4a8c82912,0.010507313534617424,0.08415388758872837,0.9066569083406285,0.9292085468769073,0.41245779022574425,0.7822907634079453
residual_v2,47,slit_bridge,122,private-source://routeA_experiments/data/final_ood_frozen_v1/slit_bridge/sample_0122.npz,f86df5b1facc0d81f78a07017d7a1169d59fc90ab287dd52fa7ef79d790e2e91,0.01051089446991682,0.0795272715436628,0.6292241206699736,0.6864287555217743,0.39448803663253784,0.5837582170963286
residual_v2,47,slit_bridge,123,private-source://routeA_experiments/data/final_ood_frozen_v1/slit_bridge/sample_0123.npz,dd8d213055c704fdaab30fa56f42a33f2b17cda2608934ee3c8395f1fa3ac372,0.010506792925298214,0.0926851181868405,1.060594381132694,0.9973525255918503,0.3458594083786011,0.860114798694849
residual_v2,47,slit_bridge,124,private-source://routeA_experiments/data/final_ood_frozen_v1/slit_bridge/sample_0124.npz,989ca5a6639d386f9ba2fbbe4929a51151c1d1f58f0b02af5979a213ce187952,0.010571859776973724,0.07176589799127982,0.9143564270816269,0.9283341467380524,0.28878574073314667,0.6576249495148653
residual_v2,47,slit_bridge,125,private-source://routeA_experiments/data/final_ood_frozen_v1/slit_bridge/sample_0125.npz,a70aa7c2b0ab69e05a1bdac27c118b00080fd91ce4b14294cf3d802c7d9815c3,0.009936226531863213,0.054765551331918565,0.5545231911042983,0.732829749584198,0.26852406561374664,0.6308068513870237
residual_v2,47,slit_bridge,126,private-source://routeA_experiments/data/final_ood_frozen_v1/slit_bridge/sample_0126.npz,093585a00e910cd41c9a8b1050dbde9900de283da5c8bcf64b0e6657b12ce6c0,0.009885994717478752,0.07683618494743097,0.6354185601594213,0.8047104030847549,0.3733624964952469,0.6452441796660422
residual_v2,47,slit_bridge,127,private-source://routeA_experiments/data/final_ood_frozen_v1/slit_bridge/sample_0127.npz,fbaeeb14ed4064772eccd6ad5d7ce8b30fd2cd571f89be44730cad2f429acd53,0.009930976666510105,0.06319119181607386,0.5921906213053545,0.6850283741950989,0.3591698855161667,0.5983239755034446
residual_v2,47,slit_bridge,128,private-source://routeA_experiments/data/final_ood_frozen_v1/slit_bridge/sample_0128.npz,f8dcb1ad9a029b0aaa0eb4226be5e9fb26f98253b2ac2ee759238972e2b35793,0.009939853101968765,0.07168782313612582,0.6210566741998479,0.6629267930984497,0.33156757801771164,0.6164599925279615
residual_v2,47,slit_bridge,129,private-source://routeA_experiments/data/final_ood_frozen_v1/slit_bridge/sample_0129.npz,4fde72568a862f65ab802425b157856bd372d3c84dff9690b725526c7c4caa72,0.009835565462708473,0.07396541591356495,0.5789459162729048,0.6411957740783691,0.3539115786552429,0.5592201113700861
residual_v2,47,slit_bridge,130,private-source://routeA_experiments/data/final_ood_frozen_v1/slit_bridge/sample_0130.npz,c5fc37a33ccfde0c5c1bc91a423ff22369761aa4a2358c6bf448d552f93ebe9f,0.010503076948225498,0.03929799227432393,0.27860710901496905,0.45214223861694336,0.16175289452075958,0.29592123925685854
residual_v2,47,slit_bridge,131,private-source://routeA_experiments/data/final_ood_frozen_v1/slit_bridge/sample_0131.npz,816e62f42925e1228f1925aa9a64af845857cc8af393bef8edcc95e0b32ae811,0.010430341586470604,0.0620067475584885,0.46858143605697633,0.6097951531410217,0.25962531566619873,0.4131537973880768
residual_v2,47,slit_bridge,132,private-source://routeA_experiments/data/final_ood_frozen_v1/slit_bridge/sample_0132.npz,0fe2c82d437426e3d5e3a8a69a3eaf8444f65273028a83b43642500191be1de2,0.0099851805716753,0.07643702565984649,0.9212694199126193,0.9407771527767181,0.4095894321799278,0.7708594679832445
residual_v2,47,slit_bridge,133,private-source://routeA_experiments/data/final_ood_frozen_v1/slit_bridge/sample_0133.npz,158533d38705bbe83ad1aff888d4d281d11c259abc75e687100337a1169b6b79,0.009938719682395458,0.07449113622878471,0.6302355936863122,0.6967565417289734,0.4278876334428787,0.6486573576927185
residual_v2,47,slit_bridge,134,private-source://routeA_experiments/data/final_ood_frozen_v1/slit_bridge/sample_0134.npz,809d1f61ff74bd28a60a9ee3e93980572061abc432bf497071f850cf295e5a22,0.009937808848917484,0.0966914764132741,0.9019074440233974,0.9298727214336395,0.4412904158234596,0.8554226011037825
residual_v2,47,slit_bridge,135,private-source://routeA_experiments/data/final_ood_frozen_v1/slit_bridge/sample_0135.npz,49a6d2f84ef15ae562f31d7f8186dcf515a22bd150120c9ef7592236bc4da560,0.009924733079969883,0.05326758571541468,0.5874325037961275,0.7244065403938293,0.2731741666793823,0.5121091634035103
residual_v2,47,slit_bridge,136,private-source://routeA_experiments/data/final_ood_frozen_v1/slit_bridge/sample_0136.npz,0aaf02ec1906882bedac48878d8b32168a7bb9aa28e664600efcf7880eeb0a09,0.009913753718137741,0.05128834691628461,0.3423606003715259,0.4456050246953964,0.241712749004364,0.3336128473281858
residual_v2,47,slit_bridge,137,private-source://routeA_experiments/data/final_ood_frozen_v1/slit_bridge/sample_0137.npz,3060120b449129fec3dadb659d3c9a7989d9e4319138bf42de3acdc3ba915c02,0.009886924177408218,0.05348024204516649,0.4978559707368555,0.5660428404808044,0.28071556985378265,0.48109304904937716
residual_v2,47,slit_bridge,138,private-source://routeA_experiments/data/final_ood_frozen_v1/slit_bridge/sample_0138.npz,6ed13d9162ca3514a314258b8d24016c2bc8875b25b0b38c5cdfa938f2a1eee2,0.010558526031672955,0.08492399578847575,0.9159525058307284,0.9799664467573166,0.3582949750125408,0.7449922248721118
residual_v2,47,slit_bridge,139,private-source://routeA_experiments/data/final_ood_frozen_v1/slit_bridge/sample_0139.npz,658f1ca5a3c9c31ef1d3034e1fa4b0a5769e9c38a410ad1b72996a2aa8abf1a0,0.010539880022406578,0.05797590780447737,0.5038403321373122,0.7416238784790039,0.30370256304740906,0.47888377308845514
residual_v2,47,slit_bridge,140,private-source://routeA_experiments/data/final_ood_frozen_v1/slit_bridge/sample_0140.npz,4cb2e3c95ee8b50b37549ea056e6b5e6349cac539e85f6c167d54902061606d1,0.009914370253682137,0.0852021680115458,0.7984528907903504,0.868767499923706,0.4175015389919281,0.7154128879308695
residual_v2,47,slit_bridge,141,private-source://routeA_experiments/data/final_ood_frozen_v1/slit_bridge/sample_0141.npz,72511c727388df3bf5af40ee47932e5d0ea12cec9268d07a95eff4200660e42e,0.010524120181798935,0.07933192711157086,0.7768443616893603,0.8845547586679459,0.46142534352838993,0.708145936578512
residual_v2,47,slit_bridge,142,private-source://routeA_experiments/data/final_ood_frozen_v1/slit_bridge/sample_0142.npz,306a40af48edd29b46f137a9e1015dba90eef9f89a216e9034ab8c4e810088cb,0.010542957112193108,0.07141777402763742,0.864749244485521,0.9364959597587585,0.318993516266346,0.7538422793149943
residual_v2,47,slit_bridge,143,private-source://routeA_experiments/data/final_ood_frozen_v1/slit_bridge/sample_0143.npz,9143fda697b9d0ca554a018b16f7dcedf9ce17f64344f4de043fd7612877a3d2,0.010560791939496994,0.07888061622994774,0.9613611806066554,0.9671179577708244,0.4071170911192894,0.7665787320584051
residual_v2,47,slit_bridge,144,private-source://routeA_experiments/data/final_ood_frozen_v1/slit_bridge/sample_0144.npz,cede0fd6d7f85a69aeaae09213236482ad3047e9130d14dd79693b9e243f783b,0.00985813234001398,0.08029297534928183,0.9252257395221034,0.9719228744506836,0.4004589915275574,0.8758047491312021
residual_v2,47,slit_bridge,145,private-source://routeA_experiments/data/final_ood_frozen_v1/slit_bridge/sample_0145.npz,2d9fdb82c8a7275b63a15c4d95ab584a0842ebd21fd6762928d68475fe8cc330,0.009913835674524307,0.08895203961126918,0.8293209067965642,0.851335696876049,0.5226881764829159,0.8056745558977126
residual_v2,47,slit_bridge,146,private-source://routeA_experiments/data/final_ood_frozen_v1/slit_bridge/sample_0146.npz,207f5f551061e628bde8bc221dd64138c07612d4245a97390961be3ea5e16611,0.009911030530929565,0.059520473967863294,0.5608110931191123,0.7181344032287598,0.3233925700187683,0.5527705371379852
residual_v2,47,slit_bridge,147,private-source://routeA_experiments/data/final_ood_frozen_v1/slit_bridge/sample_0147.npz,82d0e49e8401c09f0e3e6a3547b29f4d5a1dedbc6b0f06beea92cbeb4866ea11,0.009927602484822273,0.07898423051773683,0.8725021196564261,0.933883860707283,0.3594132140278816,0.7227252438664418
residual_v2,47,slit_bridge,148,private-source://routeA_experiments/data/final_ood_frozen_v1/slit_bridge/sample_0148.npz,e38da3693d172092572c7f2754a94e44ef94b0502f3919d896ce0c2fbe38e009,0.00994216836988926,0.089182560479617,0.8180995020870491,0.9160583019256592,0.4487992972135544,0.7647302880883212
residual_v2,47,slit_bridge,149,private-source://routeA_experiments/data/final_ood_frozen_v1/slit_bridge/sample_0149.npz,afc272ad1c582032ceafc263f98a9500852bcc9f113906a40f63ad64c40aee4c,0.010561739094555378,0.06205780284405192,1.1129557963785361,0.9751914255321026,0.21976489969529212,0.7700467536225912
residual_v2,47,slit_bridge,150,private-source://routeA_experiments/data/final_ood_frozen_v1/slit_bridge/sample_0150.npz,3d18460af3363948da3a01a3d1b31a48effc40aa616a1b5dd39689622a7ec45c,0.009914776310324669,0.06403777876893924,0.4959270267909189,0.7573476433753967,0.2970425486564636,0.598620933294295
residual_v2,47,slit_bridge,151,private-source://routeA_experiments/data/final_ood_frozen_v1/slit_bridge/sample_0151.npz,d5753da7388ebb54f9cf2699537d139086e01002d7a59190bb63986a17939a32,0.009907100349664688,0.05607372154332569,0.5445364024539221,0.6836767792701721,0.3094637840986252,0.6188222646713254
residual_v2,47,slit_bridge,152,private-source://routeA_experiments/data/final_ood_frozen_v1/slit_bridge/sample_0152.npz,9695aa6ea858785b103e16fd61c266f988f64686cfbdc88b2899662da023ea05,0.009907279163599014,0.05705930345580753,0.6277929273616389,0.6969754695892334,0.32671380043029785,0.580232590436935
residual_v2,47,slit_bridge,153,private-source://routeA_experiments/data/final_ood_frozen_v1/slit_bridge/sample_0153.npz,60ac6a052ff2a92b7086357b74a96c31e33d7255ddf407c4f70bc5fe58806b60,0.009894313290715218,0.06244180014374473,1.107812523741525,1.0014303773641586,0.2602301612496376,0.7295041307806954
residual_v2,47,slit_bridge,154,private-source://routeA_experiments/data/final_ood_frozen_v1/slit_bridge/sample_0154.npz,02efeff9d6ba6e84c68ab742c168c4ca40609c73d6f82146e8a2f5b10a657897,0.009859301149845123,0.0644665000607251,1.2156242153284686,0.955844409763813,0.22794271689781453,0.5825185230001798
residual_v2,47,slit_bridge,155,private-source://routeA_experiments/data/final_ood_frozen_v1/slit_bridge/sample_0155.npz,ea8bfa01563270f5d6e2ec9dbe473f05772c2e4989b937a57ae2104227258fed,0.009923718869686127,0.0669207036071751,0.5294790047993663,0.5868408679962158,0.35733430832624435,0.5014325350522993
residual_v2,47,slit_bridge,156,private-source://routeA_experiments/data/final_ood_frozen_v1/slit_bridge/sample_0156.npz,5005fb0814bda784608be7da52a32e34a6544ba7bd358a95694b62e213f8f2c2,0.01069026067852974,0.08745033700782787,0.8248438400575808,0.8547926992177963,0.4418710544705391,0.7526232615113252
residual_v2,47,slit_bridge,157,private-source://routeA_experiments/data/final_ood_frozen_v1/slit_bridge/sample_0157.npz,ac48ebb841e2622ef6bc4ba966dad1b3b604f8d724d29e6f2fab1b6641ee1921,0.010501191020011902,0.09512124971664349,0.9330197084720117,0.9715605154633522,0.5116393808275461,0.8554388627409935
residual_v2,47,slit_bridge,158,private-source://routeA_experiments/data/final_ood_frozen_v1/slit_bridge/sample_0158.npz,2f49624ea36882b03b9786cab30360722cade76c056bea230f9c9ba4ac764c8b,0.01050335168838501,0.052903575241597944,0.3946808711199782,0.7268968224525452,0.2367156594991684,0.4795449435710903
residual_v2,47,slit_bridge,159,private-source://routeA_experiments/data/final_ood_frozen_v1/slit_bridge/sample_0159.npz,d0b13a51187a418d7efe2e93a19604a3d01c818ea9736b5aa09b4607fad5fa55,0.010451143607497215,0.061779095512066645,0.5610583466568522,0.6226488947868347,0.32478079199790955,0.5625351220369335
residual_v2,47,slit_bridge,160,private-source://routeA_experiments/data/final_ood_frozen_v1/slit_bridge/sample_0160.npz,622f4d8070ecdd9d0a824ce72f84fecc0c78f83011ff11259ebc6bb846de281e,0.010539678856730461,0.06423859854702553,0.5365367382337026,0.6350563764572144,0.31783075630664825,0.5353335171937941
residual_v2,47,slit_bridge,161,private-source://routeA_experiments/data/final_ood_frozen_v1/slit_bridge/sample_0161.npz,178f02f0e3b5995f2619dd6bf52ad3a7508f806bd4e13ba9ceeb9a36f1649f16,0.01045525074005127,0.06447744691650803,0.8068322126146977,0.926138162612915,0.29734480008482933,0.647111755609512
residual_v2,47,slit_bridge,162,private-source://routeA_experiments/data/final_ood_frozen_v1/slit_bridge/sample_0162.npz,7dac1f84d357180521999872dd329573241cb8c42feeb442891197f01199c66b,0.01006158348172903,0.07028107674618443,1.0069997241518742,0.9692399725317955,0.25365365482866764,0.6898200154304502
residual_v2,47,slit_bridge,163,private-source://routeA_experiments/data/final_ood_frozen_v1/slit_bridge/sample_0163.npz,b7a7aa86a9bdc19977f06da4caff68d49a340edbf4f1a1c1187591366b6636d2,0.009853176772594452,0.08394903262256714,0.6894905839577895,0.7960842251777649,0.41451460868120193,0.6021433874964703
residual_v2,47,slit_bridge,164,private-source://routeA_experiments/data/final_ood_frozen_v1/slit_bridge/sample_0164.npz,779949d863880f5d16a879e81f20fad07ea4f966fba7da8ee22f0adaa6fc32af,0.010447818785905838,0.09440031305927588,0.8719578767744159,0.8396918773651123,0.5499898046255112,0.7803647518157957
residual_v2,47,slit_bridge,165,private-source://routeA_experiments/data/final_ood_frozen_v1/slit_bridge/sample_0165.npz,dc423b6d998084bf0149349c297bb1babad5e99fb236b7c05dfa975cb5183082,0.010567296296358109,0.06579736807590233,0.5729606604971512,0.6433890461921692,0.38027358055114746,0.5740313947200767
residual_v2,47,slit_bridge,166,private-source://routeA_experiments/data/final_ood_frozen_v1/slit_bridge/sample_0166.npz,351a161f32941f870662dc54b1d5ae59e25dc38cb8501ca4493dd08e6d42d64a,0.01055443286895752,0.0763520024843391,0.6802463501575141,0.7012989223003387,0.3590024411678314,0.5273511737585055
residual_v2,47,slit_bridge,167,private-source://routeA_experiments/data/final_ood_frozen_v1/slit_bridge/sample_0167.npz,aa66574c4716561ec10258da0ac13914768f1d14f665ebf1ec534f148bd0abd7,0.01057681255042553,0.06000796384276211,0.5913545129225135,0.6776463389396667,0.355545237660408,0.5617733955383301
residual_v2,47,slit_bridge,168,private-source://routeA_experiments/data/final_ood_frozen_v1/slit_bridge/sample_0168.npz,b0b356c11f56258bb6f3db09bd66c6dcd1bcd41614b20e67f8e907402ec13485,0.010853884741663933,0.07605292875927885,0.780778556418413,0.8874344825744629,0.39567065238952637,0.7551119819283482
residual_v2,47,slit_bridge,169,private-source://routeA_experiments/data/final_ood_frozen_v1/slit_bridge/sample_0169.npz,a469b2c4e556282ed62e13e26cd27398331a9ba05d88ee1913966198103238d6,0.010527472011744976,0.09407092332778551,0.9560836865415568,0.9824391305446625,0.5022498071193695,0.7704826653003691
residual_v2,47,slit_bridge,170,private-source://routeA_experiments/data/final_ood_frozen_v1/slit_bridge/sample_0170.npz,36fbd3c3d23a1204142c49ecd37ef44c2ba54ac4467ddb41d832464267e85212,0.0105134854093194,0.08228489062605653,0.8748587877869385,0.9129176437854767,0.4181402623653412,0.7125588640570629
residual_v2,47,slit_bridge,171,private-source://routeA_experiments/data/final_ood_frozen_v1/slit_bridge/sample_0171.npz,d535ac50a902c9794c7c816a49047dfd9c3f701564b69ce35cc24a4b731afa97,0.010477107018232346,0.06945377324158232,1.1305252686412484,0.9702596180140972,0.2658277570735663,0.7695617407560345
residual_v2,47,slit_bridge,172,private-source://routeA_experiments/data/final_ood_frozen_v1/slit_bridge/sample_0172.npz,4e4eeb0f4d4f14aa76bc67064de00f38d35024c2470cfc77d2414c6da16f99f2,0.010565409436821938,0.058379866524378404,0.41321297656754774,0.5345380306243896,0.2668022960424423,0.3909999191761016
residual_v2,47,slit_bridge,173,private-source://routeA_experiments/data/final_ood_frozen_v1/slit_bridge/sample_0173.npz,4c3d97c818e4c1aaa20fd773230ef107c1e90a4328ebbfb020186474b8b391e2,0.010548243299126625,0.06764337972300183,0.622030595058131,0.7495922148227692,0.31548866629600525,0.5700333595275877
residual_v2,47,slit_bridge,174,private-source://routeA_experiments/data/final_ood_frozen_v1/slit_bridge/sample_0174.npz,c764cef11e9744e2347bf095a3ad20fd9c9a40516623d0e6687f000cea70736b,0.009892147034406662,0.07822245407601347,0.8919468783824978,0.9586944878101349,0.42019011080265045,0.743639810383319
residual_v2,47,slit_bridge,175,private-source://routeA_experiments/data/final_ood_frozen_v1/slit_bridge/sample_0175.npz,22afae3ce0b327b65855609e847dcf168cbfa0c3da01d0e00d7ff822a2f93dab,0.009866088628768921,0.061837571589615274,0.4779608787384456,0.7581257820129395,0.31682050228118896,0.510745346546173
residual_v2,47,slit_bridge,176,private-source://routeA_experiments/data/final_ood_frozen_v1/slit_bridge/sample_0176.npz,3615c8f32a0156e435a991da99bea493288394630d64ca1402e46469b4ae4561,0.009937533177435398,0.06422748349590095,0.4694020410822046,0.5493546724319458,0.2879519462585449,0.4641904354095457
residual_v2,47,slit_bridge,177,private-source://routeA_experiments/data/final_ood_frozen_v1/slit_bridge/sample_0177.npz,bde9b0878d1f9163cd3460df65d8fbaa6d012659d97271692cd52839664004d8,0.009853850118815899,0.07543897353296315,0.7983389381448259,0.8808942437171936,0.46424080431461334,0.7642403960227964
residual_v2,47,slit_bridge,178,private-source://routeA_experiments/data/final_ood_frozen_v1/slit_bridge/sample_0178.npz,dffe6643c77429e0e5ed595fcd8553b626ac374c0226c86babb86bb23700de20,0.009910570457577705,0.0433250717478209,0.3751923991737911,0.5610946416854858,0.2110837697982788,0.40251833945512755
residual_v2,47,slit_bridge,179,private-source://routeA_experiments/data/final_ood_frozen_v1/slit_bridge/sample_0179.npz,fca36c52c6cfb0110fbe78721de423d99487a00561b0c6b6b9f826917f42aede,0.01055003423243761,0.06859145533266173,0.4381793465113641,0.4993302822113037,0.32190752029418945,0.39128769934177393
residual_v2,47,slit_bridge,180,private-source://routeA_experiments/data/final_ood_frozen_v1/slit_bridge/sample_0180.npz,6f19672ce01e21e2c280e4be06a3e54680e018ff4c226cbe757f44ebad3e1910,0.010593995451927185,0.05909007674375489,0.40669032600347704,0.6657856702804565,0.2555171996355057,0.5104777574539181
residual_v2,47,slit_bridge,181,private-source://routeA_experiments/data/final_ood_frozen_v1/slit_bridge/sample_0181.npz,ec877344fcdbfdbdaddf529e85e3cc5c3aab339963def6c7349014d86c8140d4,0.0099807009100914,0.09339014064407251,0.8645168348689642,0.9153659343719482,0.4988071098923683,0.8250067427754402
residual_v2,47,slit_bridge,182,private-source://routeA_experiments/data/final_ood_frozen_v1/slit_bridge/sample_0182.npz,85955e8644eeb0dcc33c4aed80df2c7439e5bab709258a2875ce1a3a61c5ebfb,0.009939336217939854,0.06250498437948322,0.5439715325922133,0.7119860053062439,0.30839547514915466,0.5379321813583373
residual_v2,47,slit_bridge,183,private-source://routeA_experiments/data/final_ood_frozen_v1/slit_bridge/sample_0183.npz,7db60f93fba5ad9147fed2dc7ad510080993a1ba5cacff680d8f7315ac009961,0.009957198984920979,0.085569610506807,0.7950254555670614,0.9429128468036652,0.4403250701725483,0.8268501490354534
residual_v2,47,slit_bridge,184,private-source://routeA_experiments/data/final_ood_frozen_v1/slit_bridge/sample_0184.npz,8121820fc993132420a3854bde14b0b1742133b65c0a82ff2248b97133f07f34,0.00993347354233265,0.07584578603584963,0.8231626062893509,0.9539211392402649,0.4066072106361389,0.7495199263095841
residual_v2,47,slit_bridge,185,private-source://routeA_experiments/data/final_ood_frozen_v1/slit_bridge/sample_0185.npz,6cddc80ef7290697c6e5ddae659d68aa20dcd10104ab9b2cd5f9708afe9f741d,0.009917953982949257,0.0569758736931006,0.4153712972887279,0.46603602170944214,0.28497032821178436,0.42360998690128315
residual_v2,47,slit_bridge,186,private-source://routeA_experiments/data/final_ood_frozen_v1/slit_bridge/sample_0186.npz,325ef30f2da8a65dac78a1b06a65f887f2d9947c96e2faee9e6a8ec03323351a,0.009897214360535145,0.08671052785381818,0.777270354831179,0.914883628487587,0.4379057362675667,0.8545666620135305
residual_v2,47,slit_bridge,187,private-source://routeA_experiments/data/final_ood_frozen_v1/slit_bridge/sample_0187.npz,119b85212c8b4744bf1d62d7dfe261550cb6d3e5d22f4790dbe62e75609d0922,0.009846252389252186,0.06322262078496685,0.5132743897539264,0.6221524775028229,0.32864513993263245,0.5580162078142166
residual_v2,47,slit_bridge,188,private-source://routeA_experiments/data/final_ood_frozen_v1/slit_bridge/sample_0188.npz,dcf9852e45123cccfdad55cec5cd89ffd610e5287252fbe34ba1dd1786992a3e,0.009875373914837837,0.07584442272156953,0.7135348072044108,0.8379077166318893,0.45986463129520416,0.7534012742340563
residual_v2,47,slit_bridge,189,private-source://routeA_experiments/data/final_ood_frozen_v1/slit_bridge/sample_0189.npz,286c7744959bebf561fcf60d6510f810deadc11b4f49e589e2e9473d32de82f7,0.009873132221400738,0.06012891233594211,0.5978505290837729,0.7244711518287659,0.3214311823248863,0.5655981898307793
residual_v2,47,slit_bridge,190,private-source://routeA_experiments/data/final_ood_frozen_v1/slit_bridge/sample_0190.npz,fe702ecba390c3dc04a9733afe0b132a016fcf5c4eaffcad11aaea841c4e382e,0.009945533238351345,0.08407192626720807,0.8649454039387268,0.8648719191551208,0.3573404401540756,0.7143764793872831
residual_v2,47,slit_bridge,191,private-source://routeA_experiments/data/final_ood_frozen_v1/slit_bridge/sample_0191.npz,cc046fa8afaf7d479712359b932e246ff1ee8e9d4f1365bd79dc2f10196be05c,0.009927873499691486,0.08318923521372283,0.9126109713793256,0.9564288854598999,0.4188707619905472,0.8081425875425338
residual_v2,47,slit_bridge,192,private-source://routeA_experiments/data/final_ood_frozen_v1/slit_bridge/sample_0192.npz,12a887fa1b92770140bbc308300406b9f45be794a2802dc5d4318f9f90964304,0.009903780184686184,0.08100625670387122,0.6632271840117039,0.7700076997280121,0.3416623994708061,0.65748595893383
residual_v2,47,slit_bridge,193,private-source://routeA_experiments/data/final_ood_frozen_v1/slit_bridge/sample_0193.npz,ea535161153d10af3f779e6ce92ab576cb6f01bb2b84270e675cb8a7ca3bff3d,0.009907636791467667,0.05046379373977219,0.3797285853500631,0.4798506796360016,0.2477920800447464,0.3902520775794977
residual_v2,47,slit_bridge,194,private-source://routeA_experiments/data/final_ood_frozen_v1/slit_bridge/sample_0194.npz,8488a62661fcd5432a193ca5c2bdaf1492f33731b7131ad3e367f5731ec70c37,0.009860747493803501,0.08915903535360714,0.944577078659546,0.9442457854747772,0.4679814949631691,0.8384824573993681
residual_v2,47,slit_bridge,195,private-source://routeA_experiments/data/final_ood_frozen_v1/slit_bridge/sample_0195.npz,7e1d374879fa5f6a96ebc3990a10958313440dc33a9ef060976f12e925232108,0.009907901287078857,0.07180379094968263,0.4947674199570027,0.6021445095539093,0.2873699516057968,0.5154574781656263
residual_v2,47,slit_bridge,196,private-source://routeA_experiments/data/final_ood_frozen_v1/slit_bridge/sample_0196.npz,d4848a4e772e741b625e10aec676527f984e3943b470a872754331769f8b94bb,0.01055948343127966,0.07323236010991449,0.8561464103496698,0.9349039644002914,0.3990100845694542,0.7711656183004372
residual_v2,47,slit_bridge,197,private-source://routeA_experiments/data/final_ood_frozen_v1/slit_bridge/sample_0197.npz,2b37447cf0d376d2e2021ecf8d29a5d17437f6bb153943e0f306b31930209b3e,0.010048823431134224,0.09643591075480071,0.8905244779004805,0.9596240222454071,0.5508369170129299,0.8702977523207663
residual_v2,47,slit_bridge,198,private-source://routeA_experiments/data/final_ood_frozen_v1/slit_bridge/sample_0198.npz,8030be12303215e83fab9a6e2360c32b7958cadc693426ae4437ff9ce9a38d91,0.009958828799426556,0.08086919801441346,0.6686935899299045,0.7906872928142548,0.392396941781044,0.6390371680259704
residual_v2,47,slit_bridge,199,private-source://routeA_experiments/data/final_ood_frozen_v1/slit_bridge/sample_0199.npz,cc6a52511cc16e98c96e4753d529c21a8e0ccbe95013bc0584ae491523d2bb83,0.01061343215405941,0.05328317912462564,0.4896785257811947,0.5974413156509399,0.2550613284111023,0.5224898725748061
residual_v2,47,three_hole_asymmetric,0,private-source://routeA_experiments/data/final_ood_frozen_v1/three_hole_asymmetric/sample_0000.npz,76239d9d4cae31805b23350941f6924762ca8e0eb2de53f5e0014a3050004492,0.010606633499264717,0.06776052949512655,0.7689551758867766,0.8397872447967529,0.3009929973632097,0.6898208983242512
residual_v2,47,three_hole_asymmetric,1,private-source://routeA_experiments/data/final_ood_frozen_v1/three_hole_asymmetric/sample_0001.npz,c8138e48b2b5450756ab6ea06ad8018a0f03fd49507fdf70f7602513883c6d79,0.010555746033787727,0.050995117453404376,0.9049374135895433,0.9920607209205627,0.20396184735000134,0.6982326731085775
residual_v2,47,three_hole_asymmetric,2,private-source://routeA_experiments/data/final_ood_frozen_v1/three_hole_asymmetric/sample_0002.npz,8415d3f4052cfa250de2e615b5f135c4cbc51665e9780ba0c740b7bc68b0b8d0,0.010561839677393436,0.06003843647919571,0.8479957334397801,0.8567337691783905,0.2876247614622116,0.7155126288533207
residual_v2,47,three_hole_asymmetric,3,private-source://routeA_experiments/data/final_ood_frozen_v1/three_hole_asymmetric/sample_0003.npz,126883ed7a18270534e81fc020b354d6a09b3d0b37130be0a213f6e3fe3611cf,0.010550654493272305,0.07721323384800229,0.8317156058544655,0.8505698889493942,0.3947032089345157,0.7070759750902652
residual_v2,47,three_hole_asymmetric,4,private-source://routeA_experiments/data/final_ood_frozen_v1/three_hole_asymmetric/sample_0004.npz,73fddad29aef7a16eeabb39f9b70e218861d55037c0d2745430816f9076f8b8f,0.010568284429609776,0.056693905450400435,0.8810551818788553,0.9047340005636215,0.2053936654701829,0.6005948293954123
residual_v2,47,three_hole_asymmetric,5,private-source://routeA_experiments/data/final_ood_frozen_v1/three_hole_asymmetric/sample_0005.npz,0cce2a32a88505f1a40318561d466c31de7f2eb63e0449cf3df2f644c64a0108,0.009920120239257812,0.06211284324233826,0.78760078202068,0.826739102602005,0.31838330440223217,0.7095442607998843
residual_v2,47,three_hole_asymmetric,6,private-source://routeA_experiments/data/final_ood_frozen_v1/three_hole_asymmetric/sample_0006.npz,05b9798f8cd5b5b832e909e747bb49397a06d4bc8291718bcb52ee39573eb619,0.009849526919424534,0.08624947652983098,1.073557609850554,0.9922146797180176,0.3923573289066553,0.8181918963789939
residual_v2,47,three_hole_asymmetric,7,private-source://routeA_experiments/data/final_ood_frozen_v1/three_hole_asymmetric/sample_0007.npz,6ba61082fc82270f3f31ed8952fcbbd145b31d5361d264f2bd66a5366e0bc340,0.010510830208659172,0.06594712869474363,0.8708589294438962,0.9437524378299713,0.30860765650868416,0.7186945021152491
residual_v2,47,three_hole_asymmetric,8,private-source://routeA_experiments/data/final_ood_frozen_v1/three_hole_asymmetric/sample_0008.npz,853331caeb1b23865ccb78c9a2f431c6c5268c039e4b02388b3e7b2950cb9a7f,0.01056241150945425,0.07009256152340851,0.8475843291659048,0.9015427231788635,0.3555957302451134,0.7476780936121922
residual_v2,47,three_hole_asymmetric,9,private-source://routeA_experiments/data/final_ood_frozen_v1/three_hole_asymmetric/sample_0009.npz,9970adef6a8aee3680702738f4b4535ec99d53fd695e57178ef1d947c3890f8c,0.010549966245889664,0.08472573201280141,0.9166730390493006,0.8969725221395493,0.34922904521226883,0.6907887242734418
residual_v2,47,three_hole_asymmetric,10,private-source://routeA_experiments/data/final_ood_frozen_v1/three_hole_asymmetric/sample_0010.npz,ca5bef464b218ce33227b66ed886a6d671ca7ebab5b66b551b37435087ee4d86,0.010526583530008793,0.07195334550401175,0.9094079439263489,0.9295038804411888,0.3832685686647892,0.8049719825386998
residual_v2,47,three_hole_asymmetric,11,private-source://routeA_experiments/data/final_ood_frozen_v1/three_hole_asymmetric/sample_0011.npz,ed6e65591f32cddee3a621d0a802c4d3ce1e222eac7e0ad7a6d66916367e9015,0.010580958798527718,0.06183314365062346,0.9727932787214294,0.9921178817749023,0.27441953867673874,0.7582672908902163
residual_v2,47,three_hole_asymmetric,12,private-source://routeA_experiments/data/final_ood_frozen_v1/three_hole_asymmetric/sample_0012.npz,81ff39c1f360e63cd187c00763f0e47af4b7b964b23c0036bbcc2118bcfa7335,0.010472960770130157,0.06338141882094493,0.7804707819984695,0.8302425742149353,0.28858968522399664,0.6703922092914578
residual_v2,47,three_hole_asymmetric,13,private-source://routeA_experiments/data/final_ood_frozen_v1/three_hole_asymmetric/sample_0013.npz,7b336e409d0b1be61aa8152652f7727a997afad669670d5dbedef898f8385d62,0.010571576654911041,0.0660068483545527,0.9166138543713986,0.8888879418373108,0.3251704089343548,0.675671318173408
residual_v2,47,three_hole_asymmetric,14,private-source://routeA_experiments/data/final_ood_frozen_v1/three_hole_asymmetric/sample_0014.npz,14b2727426b78377e48754867160238048d5c11e6a60c8244c17e2f5d349c674,0.010532097890973091,0.06898813765905185,0.8448004485313839,0.8837965577840805,0.29514552210457623,0.6636525511741638
residual_v2,47,three_hole_asymmetric,15,private-source://routeA_experiments/data/final_ood_frozen_v1/three_hole_asymmetric/sample_0015.npz,f1f557f0e4338c64350ec1c2218ae556b5ee258eeeb85ed87e15e06d69e7949f,0.010477748699486256,0.070405024140724,1.0264203094943036,0.9270911440253258,0.32984068122459576,0.6850798562169073
residual_v2,47,three_hole_asymmetric,16,private-source://routeA_experiments/data/final_ood_frozen_v1/three_hole_asymmetric/sample_0016.npz,e72396fee8a43a2b8ddefe735291ca8705c65690b680b4a18f84ae974e873213,0.010566310957074165,0.07151436054361042,0.9651271075987218,0.9335430413484573,0.3381356382742524,0.7050101915374392
residual_v2,47,three_hole_asymmetric,17,private-source://routeA_experiments/data/final_ood_frozen_v1/three_hole_asymmetric/sample_0017.npz,e985edd4b5fd67f0812b23ba168c67faea3aeed38dc497bd3554f7bd6760ce23,0.010560843162238598,0.06318424900106145,0.8594038566638731,0.7978337109088898,0.2678702659904957,0.6654032856225968
residual_v2,47,three_hole_asymmetric,18,private-source://routeA_experiments/data/final_ood_frozen_v1/three_hole_asymmetric/sample_0018.npz,822a1ae4756152a1ca58caa1ec6d5f81a08654b749358283fdc1e93ee4e96c05,0.01053714007139206,0.06474504253244696,0.6555734286460693,0.785179615020752,0.332615178078413,0.5927952989935875
residual_v2,47,three_hole_asymmetric,19,private-source://routeA_experiments/data/final_ood_frozen_v1/three_hole_asymmetric/sample_0019.npz,930b0ac62993246d762ab2fade330a6323a28dfa631309dcd025ccc1955464d2,0.0104854516685009,0.05603978993695396,0.6727295898414293,0.6672709882259369,0.2774370200932026,0.5165218576788901
residual_v2,47,three_hole_asymmetric,20,private-source://routeA_experiments/data/final_ood_frozen_v1/three_hole_asymmetric/sample_0020.npz,ebe95ab8adce4e5f03a8c032f3f82d5b37362c40745ec8db423913bbcdbc36cc,0.009917626157402992,0.05948224887777298,0.8857509344076775,0.9085820615291595,0.2551695127040148,0.676548693235963
residual_v2,47,three_hole_asymmetric,21,private-source://routeA_experiments/data/final_ood_frozen_v1/three_hole_asymmetric/sample_0021.npz,54558d7be0dcfa75da26d4b23bc274c3c188b6521dea1d6a7af66329fa9f8251,0.010559992864727974,0.06891405207401588,0.7023362354691283,0.7796260416507721,0.3696565628051758,0.6163284093141551
residual_v2,47,three_hole_asymmetric,22,private-source://routeA_experiments/data/final_ood_frozen_v1/three_hole_asymmetric/sample_0022.npz,6bdc3c8942ace2076e15642c82251ef4fb1abdcb025262d5cbf4bf8159949c89,0.010513431392610073,0.06230184029504217,0.8652826926490353,0.8589981943368912,0.23309370130300522,0.717739015817641
residual_v2,47,three_hole_asymmetric,23,private-source://routeA_experiments/data/final_ood_frozen_v1/three_hole_asymmetric/sample_0023.npz,fb7b07378547ca5def525e00c556fd80770b515ccf896b8db2c472e26a09e5de,0.010600028559565544,0.05387911172157903,1.1045438414484365,0.9924939423799515,0.20803265366703272,0.6044549949467177
residual_v2,47,three_hole_asymmetric,24,private-source://routeA_experiments/data/final_ood_frozen_v1/three_hole_asymmetric/sample_0024.npz,2db1bdfbff80836e6a8d01f12b7e3e3ccb933bc7fa29a6c580e28e0a5d564196,0.010491561144590378,0.06958898589353175,0.7626516397358807,0.8673424124717712,0.3477474953979254,0.7176539532840251
residual_v2,47,three_hole_asymmetric,25,private-source://routeA_experiments/data/final_ood_frozen_v1/three_hole_asymmetric/sample_0025.npz,d3dd37382fca909602f329cf5ca0868fdf4906bc68d239b517c7b63904d4d71e,0.010529424995183945,0.07597724535377613,0.8877214831801005,0.9240278154611588,0.3603728376328945,0.8259144827723494
residual_v2,47,three_hole_asymmetric,26,private-source://routeA_experiments/data/final_ood_frozen_v1/three_hole_asymmetric/sample_0026.npz,ab2b827142dff4076d7ccc83b71215ae118cd4367f57c2e1f1a596a261244546,0.009925696067512035,0.07892503692735231,0.8271138303403494,0.8062651753425598,0.4197434075176716,0.6994078263640403
residual_v2,47,three_hole_asymmetric,27,private-source://routeA_experiments/data/final_ood_frozen_v1/three_hole_asymmetric/sample_0027.npz,502e0384dcc52c88b8d7686ef96396b3cb52f6aaceef7f024eb2b099d1a4007a,0.009878842160105705,0.06865271585549725,1.189297219684582,0.97666434943676,0.29623311685645604,0.7773491494357578
residual_v2,47,three_hole_asymmetric,28,private-source://routeA_experiments/data/final_ood_frozen_v1/three_hole_asymmetric/sample_0028.npz,9350fce83bcaffdab0c4c8e8d9620ad9255df6368a78acb778f31f6d4d74c766,0.00991569459438324,0.07008215061655193,1.0256543826170539,0.9551504850387573,0.33159998850896955,0.7267464552074671
residual_v2,47,three_hole_asymmetric,29,private-source://routeA_experiments/data/final_ood_frozen_v1/three_hole_asymmetric/sample_0029.npz,f5870c4d60ab26a07f238eaa0997f6136bebb56604eb5c97e4b9a2fda2f9dc4e,0.01049857959151268,0.06855427108695562,0.5550958837615912,0.6369538903236389,0.3035392388701439,0.5480508491396895
residual_v2,47,three_hole_asymmetric,30,private-source://routeA_experiments/data/final_ood_frozen_v1/three_hole_asymmetric/sample_0030.npz,6fd7dea4e1eb48c71994c0c450b08928f5ea2504ed659d879044b9b6c1644f3b,0.010503370314836502,0.05156807135216696,0.8920378965837648,0.8536686301231384,0.17790593695826828,0.661990094184875
residual_v2,47,three_hole_asymmetric,31,private-source://routeA_experiments/data/final_ood_frozen_v1/three_hole_asymmetric/sample_0031.npz,4ba2ed02c426f61c1986b2240ee86afd7314ebbbe8b539e56f9600ba0cbbc1d6,0.010475575923919678,0.06069817199863205,0.9594112468387853,0.980864480137825,0.3111280221492052,0.7140334762632844
residual_v2,47,three_hole_asymmetric,32,private-source://routeA_experiments/data/final_ood_frozen_v1/three_hole_asymmetric/sample_0032.npz,19561acd47d971095affbf1d7482c2543969e7efe2e017cce9662594c2409591,0.010574360378086567,0.06630842470156768,0.8917496528037561,0.8689787983894348,0.30004619830287993,0.6228580653667449
residual_v2,47,three_hole_asymmetric,33,private-source://routeA_experiments/data/final_ood_frozen_v1/three_hole_asymmetric/sample_0033.npz,299a816b59d1641a415a05ef717681b17573aad62ca3c0dc9711e90793f0d5b1,0.01054060272872448,0.08053834859094945,1.0090773197128358,0.9662322700023651,0.33446135371923447,0.7313141919672472
residual_v2,47,three_hole_asymmetric,34,private-source://routeA_experiments/data/final_ood_frozen_v1/three_hole_asymmetric/sample_0034.npz,d9c1345372b974ce89c979d52478ef6d491162f017535e9466a777f808423d7d,0.01050608977675438,0.07350726981389251,0.8555680517129414,0.8302464485168457,0.3487840376328677,0.669108067452907
residual_v2,47,three_hole_asymmetric,35,private-source://routeA_experiments/data/final_ood_frozen_v1/three_hole_asymmetric/sample_0035.npz,bbc5468f3342befdbe4e2f23d133af48d348c7ec0465af4103305de397fa0309,0.010588431730866432,0.0709744766736427,0.8235788687025117,0.8170705735683441,0.3861793614923954,0.7054754510521881
residual_v2,47,three_hole_asymmetric,36,private-source://routeA_experiments/data/final_ood_frozen_v1/three_hole_asymmetric/sample_0036.npz,f42f3b5b47bedfb758af7282d3853313d2f8cd91228aa5ad8456fe5f4ab773e7,0.010532032698392868,0.07110077267155276,0.6818108955105435,0.7342242002487183,0.3768916130065918,0.6668509066104888
residual_v2,47,three_hole_asymmetric,37,private-source://routeA_experiments/data/final_ood_frozen_v1/three_hole_asymmetric/sample_0037.npz,70b02216f9922d40a0913ae98c1656101a148ee3d0036600db73f132e9e21930,0.010567337274551392,0.07528124962558776,0.9096981387837737,0.9198206216096878,0.35192617028951645,0.7988035555928943
residual_v2,47,three_hole_asymmetric,38,private-source://routeA_experiments/data/final_ood_frozen_v1/three_hole_asymmetric/sample_0038.npz,fa7d466e58601cc7ae42f28b80b74fe105c87c60ec45af33a67b9404e69917f3,0.010560672730207443,0.05438495824871767,0.5810489868938601,0.7235102653503418,0.283234179019928,0.6190565280616277
residual_v2,47,three_hole_asymmetric,39,private-source://routeA_experiments/data/final_ood_frozen_v1/three_hole_asymmetric/sample_0039.npz,6729ed9a2fcaa8077240d781da78727ef103709fb74147547087f09e654d3eeb,0.01057004276663065,0.05605397263388752,0.6754375779693927,0.7203669548034668,0.3030169606208801,0.607562658190727
residual_v2,47,three_hole_asymmetric,40,private-source://routeA_experiments/data/final_ood_frozen_v1/three_hole_asymmetric/sample_0040.npz,4dc1b2b4a3bf9267ac51874c458885168a31fd1142276944c4d12ad9b44e5100,0.01049294974654913,0.07487153935807109,0.9848575435486453,0.9111423939466476,0.352482826448977,0.7953001864254472
residual_v2,47,three_hole_asymmetric,41,private-source://routeA_experiments/data/final_ood_frozen_v1/three_hole_asymmetric/sample_0041.npz,1b3c5a766f7f80111c7c5b2d1e785760caa4ac76416598c810f62f378e2dbb64,0.010756631381809711,0.08161030531273882,1.0248543439135955,0.9808145463466644,0.3417958654463291,0.7761524945497507
residual_v2,47,three_hole_asymmetric,42,private-source://routeA_experiments/data/final_ood_frozen_v1/three_hole_asymmetric/sample_0042.npz,71baba454d946efdf1ed77d43d057be7b5cb937b31204d3f9a34e5b759e1f944,0.01049885805696249,0.0549233036876141,0.6411997038746249,0.6972784399986267,0.3498338647186756,0.5775726512074467
residual_v2,47,three_hole_asymmetric,43,private-source://routeA_experiments/data/final_ood_frozen_v1/three_hole_asymmetric/sample_0043.npz,2ede2163e09a9b392d4845b6523de16898b67b651acecab632146f022bcfc1f4,0.010580320842564106,0.07797959801676108,0.9374263318672261,0.9139828234910965,0.375224219635129,0.7352085024118422
residual_v2,47,three_hole_asymmetric,44,private-source://routeA_experiments/data/final_ood_frozen_v1/three_hole_asymmetric/sample_0044.npz,752790623dc514ac3a960bd67bd0cc3d73c861a4598060b92da04b2669e579d1,0.010511194355785847,0.06757175668570783,1.1578434932278452,0.9961176067590714,0.32659468427300453,0.6722695168107744
residual_v2,47,three_hole_asymmetric,45,private-source://routeA_experiments/data/final_ood_frozen_v1/three_hole_asymmetric/sample_0045.npz,f93c887a4af2aa5861e233d5e8c99ba90ed0d24be1f48007e736b60f2d82baa0,0.010554790496826172,0.042409968844506735,0.7145378740051702,0.7607492208480835,0.17110514477826655,0.47038878798484685
residual_v2,47,three_hole_asymmetric,46,private-source://routeA_experiments/data/final_ood_frozen_v1/three_hole_asymmetric/sample_0046.npz,7d5d9a6e64d8ae8a1e9c7319dfb573f33de06eedee213c902c4b6812faa42d0f,0.010569547303020954,0.067693752141085,1.009703888700899,0.9100490361452103,0.23504754877649248,0.7524079378694278
residual_v2,47,three_hole_asymmetric,47,private-source://routeA_experiments/data/final_ood_frozen_v1/three_hole_asymmetric/sample_0047.npz,95e07fc5463827a0ac7d058d0e1aeb9765b781fcc9901e3615d3cde6d0c42f72,0.010534443892538548,0.08615215741331513,0.8141520507978941,0.889139324426651,0.4343596938997507,0.7116323515772819
residual_v2,47,three_hole_asymmetric,48,private-source://routeA_experiments/data/final_ood_frozen_v1/three_hole_asymmetric/sample_0048.npz,741a820e5ca03d114c8d4ed90e51db19c9ac4733b4f826ec2ddcc36cdcac9b62,0.010517559014260769,0.08134336216824946,0.7711208643938522,0.8417080938816071,0.45939015597105026,0.69398635327816
residual_v2,47,three_hole_asymmetric,49,private-source://routeA_experiments/data/final_ood_frozen_v1/three_hole_asymmetric/sample_0049.npz,9317a9055bfd4093fea4ae0bf2d7e1d3d9c8669629d159a06ce9f1c11ad7714e,0.010550959967076778,0.06752572512098874,0.8426819761771485,0.8545078933238983,0.26924561709165573,0.5753388317301865
residual_v2,47,three_hole_asymmetric,50,private-source://routeA_experiments/data/final_ood_frozen_v1/three_hole_asymmetric/sample_0050.npz,88a36cb1ba6df1b25c02998dd5f645924a13a886bbdfd8571e6f74a10d39880a,0.009904708713293076,0.06484355462711988,0.9378907882491758,0.9443574175238609,0.2683906784513965,0.775147561728954
residual_v2,47,three_hole_asymmetric,51,private-source://routeA_experiments/data/final_ood_frozen_v1/three_hole_asymmetric/sample_0051.npz,4d85c5da827c71859348f936a1bae9663c3aa6086f7d0a08035af48235a64ac0,0.009961577132344246,0.06322640497872724,0.9781719701530316,0.9354185163974762,0.2751220939680934,0.7537099335342641
residual_v2,47,three_hole_asymmetric,52,private-source://routeA_experiments/data/final_ood_frozen_v1/three_hole_asymmetric/sample_0052.npz,89347f4a5c2576ca481b684f9f7a77f38b7ae53c4ffdc77eeb307666b58e7af9,0.010475078597664833,0.07308030271316447,0.9458608741904199,0.9550647437572479,0.35361543111503124,0.774297968298196
residual_v2,47,three_hole_asymmetric,53,private-source://routeA_experiments/data/final_ood_frozen_v1/three_hole_asymmetric/sample_0053.npz,68b58c6932346fa5b469420b06037edb861502f1184f5455c6a69240285d7df0,0.010492456145584583,0.04976958890697724,0.6117563455276255,0.6734942197799683,0.21545223472639918,0.5857064425945279
residual_v2,47,three_hole_asymmetric,54,private-source://routeA_experiments/data/final_ood_frozen_v1/three_hole_asymmetric/sample_0054.npz,8a3d74a7607b5928b4762b9ca74c6b9275b177ed92746be0574f4816d05444cd,0.010532908141613007,0.06914405953961168,0.9470693082237833,0.9332616776227951,0.3058102377690375,0.7596331754699341
residual_v2,47,three_hole_asymmetric,55,private-source://routeA_experiments/data/final_ood_frozen_v1/three_hole_asymmetric/sample_0055.npz,35e8e631f17a95d6289143b7bc8633f62ae4fcbfedd60929228f07fdfb4340db,0.010537737049162388,0.06865231445939106,1.0334284170702464,0.9772151708602905,0.3046897700987756,0.7683215223252767
residual_v2,47,three_hole_asymmetric,56,private-source://routeA_experiments/data/final_ood_frozen_v1/three_hole_asymmetric/sample_0056.npz,445a3665a73f0ceaa2ced3d30b7da490d69d77b0d8a04d8eeb849db3eed04dd1,0.010545025579631329,0.05426281657880456,0.765260252664882,0.838565468788147,0.25860146433115005,0.6151424378156657
residual_v2,47,three_hole_asymmetric,57,private-source://routeA_experiments/data/final_ood_frozen_v1/three_hole_asymmetric/sample_0057.npz,e6cd4f4e82b85801bd6e1f55cd798f136d06cef8b5699b3b132aae856fc4f8c6,0.01055737305432558,0.08044555345991919,0.9087158329868095,0.926140233874321,0.39065350964665413,0.8044532574713222
residual_v2,47,three_hole_asymmetric,58,private-source://routeA_experiments/data/final_ood_frozen_v1/three_hole_asymmetric/sample_0058.npz,cd8c02f16d5cb5b76ccf7d1ec24d90c99eadd3a3beb517f14abd993c4185db88,0.009886988438665867,0.060624648862272826,0.585656508639986,0.6543353050947189,0.2588791437447071,0.47969733923673596
residual_v2,47,three_hole_asymmetric,59,private-source://routeA_experiments/data/final_ood_frozen_v1/three_hole_asymmetric/sample_0059.npz,8b2f19de3b7d84f2e94fee0e2534974e7bb4e568d67f3a1c9928750c5d681d54,0.009913397021591663,0.05797362592805623,0.55441892417937,0.6235450208187103,0.3040180653333664,0.4930545210838315
residual_v2,47,three_hole_asymmetric,60,private-source://routeA_experiments/data/final_ood_frozen_v1/three_hole_asymmetric/sample_0060.npz,9a762eaafc0ad4943d42da4f1c2f1324b21b6ee9e3faaf6bd0e21961c2c74f37,0.010538003407418728,0.07637454406559105,1.028925312184291,1.0086735785007477,0.3591178134083748,0.8177960403263568
residual_v2,47,three_hole_asymmetric,61,private-source://routeA_experiments/data/final_ood_frozen_v1/three_hole_asymmetric/sample_0061.npz,f363192d56ff237222c6af805a0435cdace76f73899372ae7a684b627192c2cf,0.010059590451419353,0.04385532056788613,0.637645463400554,0.7206392288208008,0.23563362658023834,0.5818407386541365
residual_v2,47,three_hole_asymmetric,62,private-source://routeA_experiments/data/final_ood_frozen_v1/three_hole_asymmetric/sample_0062.npz,2f26a4605d7e2c878f5be76227c29d3c349d949c85a3fd078ad080cee6cfff90,0.01056514773517847,0.07803385840532549,0.9213326306577497,0.9530106112360954,0.4046880602836609,0.7901392970234148
residual_v2,47,three_hole_asymmetric,63,private-source://routeA_experiments/data/final_ood_frozen_v1/three_hole_asymmetric/sample_0063.npz,17c7bdafaf1ee584c9e013fbb7431229a839fea3282cdae21417ce64c07803f3,0.010567435063421726,0.06019937040322918,0.6829806650861462,0.7159870862960815,0.27062371745705605,0.6351914942264554
residual_v2,47,three_hole_asymmetric,64,private-source://routeA_experiments/data/final_ood_frozen_v1/three_hole_asymmetric/sample_0064.npz,793cbf94a8f0ee09dd55e7baf6508b26cc685f59f0c6758686e2412286c50e95,0.009954836219549179,0.07144831592261972,0.654674318527718,0.734029695391655,0.3641614243388176,0.5735443979501721
residual_v2,47,three_hole_asymmetric,65,private-source://routeA_experiments/data/final_ood_frozen_v1/three_hole_asymmetric/sample_0065.npz,1a010370114984ac96012fd00665935431ad026ab4d7339462e9ede18dcde1d9,0.010592817328870296,0.07500513715264535,0.947496004171018,0.9557025730609894,0.31148929707705975,0.710015876591205
residual_v2,47,three_hole_asymmetric,66,private-source://routeA_experiments/data/final_ood_frozen_v1/three_hole_asymmetric/sample_0066.npz,b4fb5ef8fe25b228082cf73d25bf64834fc6a386885f1003e912cc5461f36d56,0.010511421598494053,0.07296213324514511,1.0196059766781156,1.0262072682380676,0.32403743267059326,0.8421092644333835
residual_v2,47,three_hole_asymmetric,67,private-source://routeA_experiments/data/final_ood_frozen_v1/three_hole_asymmetric/sample_0067.npz,9966203f8926dbc05a509af06ae061895e57e0716bd5f4d7fbf1f94ef0a45954,0.009966576471924782,0.055056922336156784,0.7125638694264367,0.7335703074932098,0.23186520673334599,0.5238193139433858
residual_v2,47,three_hole_asymmetric,68,private-source://routeA_experiments/data/final_ood_frozen_v1/three_hole_asymmetric/sample_0068.npz,3441c1ef60f7fd85c99941996ff1e1187f19859561c6ad1e959ad510a070dfcb,0.010476917028427124,0.0752746124271656,0.9484654797414154,0.9344245344400406,0.34115540608763695,0.7991354852914802
residual_v2,47,three_hole_asymmetric,69,private-source://routeA_experiments/data/final_ood_frozen_v1/three_hole_asymmetric/sample_0069.npz,957b4c4b2aca791503277fca2b6d349af9cb542bc497b1dfb5a2641ef5e16b1e,0.009861891157925129,0.08521851474303246,0.9624634532241918,0.9682990610599518,0.38251009583473206,0.781280805170536
residual_v2,47,three_hole_asymmetric,70,private-source://routeA_experiments/data/final_ood_frozen_v1/three_hole_asymmetric/sample_0070.npz,bf042f87f987b456925f37ee22c985a855b18b686770e5b97a394d3c0c2acbe6,0.00994538888335228,0.06655325149705238,0.9263520700737956,0.9208652526140213,0.3854981604963541,0.7478687051683661
residual_v2,47,three_hole_asymmetric,71,private-source://routeA_experiments/data/final_ood_frozen_v1/three_hole_asymmetric/sample_0071.npz,d8ecc3806b2dd2950185d128052672533a7ecff47ea474de8708ce8b3e391105,0.009856336750090122,0.040079887021548674,0.7339804495426533,0.7724511027336121,0.1590275950729847,0.5621194928884503
residual_v2,47,three_hole_asymmetric,72,private-source://routeA_experiments/data/final_ood_frozen_v1/three_hole_asymmetric/sample_0072.npz,6fb1d638377a02897f21ad9678d3a93e1ed734ef1ade5a6f69a1c16b0d92646b,0.010654422454535961,0.059173207818193324,1.0119850629191647,1.006325513124466,0.23667443357408047,0.7539850845932955
residual_v2,47,three_hole_asymmetric,73,private-source://routeA_experiments/data/final_ood_frozen_v1/three_hole_asymmetric/sample_0073.npz,aa1f55a954bf5a5a2a0fc55c80c60d0c6c3bcfed40697329e85d1f1150b3beb1,0.010562480427324772,0.06011953531682643,0.8670578542482539,0.87885382771492,0.2764853537082672,0.7027678243815896
residual_v2,47,three_hole_asymmetric,74,private-source://routeA_experiments/data/final_ood_frozen_v1/three_hole_asymmetric/sample_0074.npz,7efa7bbcf05970d90ea88b07b297960e2591bdf9454367d39202dd0eea0baf1c,0.010503625497221947,0.052454485982885796,0.8828425195406758,0.8982914090156555,0.21991675347089767,0.6857036449015131
residual_v2,47,three_hole_asymmetric,75,private-source://routeA_experiments/data/final_ood_frozen_v1/three_hole_asymmetric/sample_0075.npz,797d1d48df61dcc794ea9c42bd7cbe3fb5904ac3207e4c22d07fd98d6cba6889,0.010577383451163769,0.08299880146354718,0.9097368338699857,0.8993445634841919,0.39149632304906845,0.7871775798499576
residual_v2,47,three_hole_asymmetric,76,private-source://routeA_experiments/data/final_ood_frozen_v1/three_hole_asymmetric/sample_0076.npz,ed8628f781c6e4e0f944c54b129e12897361e0950bc2b545bb2c4111835b1aa3,0.010525982826948166,0.06949619033638958,1.016715469604272,0.9551304131746292,0.305912894429639,0.6966467887163154
residual_v2,47,three_hole_asymmetric,77,private-source://routeA_experiments/data/final_ood_frozen_v1/three_hole_asymmetric/sample_0077.npz,e1e3d0aa07a5e03fbc7d7cd2e5822d6d019cc78a74b2a133771301fca0c23ab6,0.010641844011843204,0.09263987814220852,0.8761024795185549,0.8665881603956223,0.4605725761502981,0.7547004766762254
residual_v2,47,three_hole_asymmetric,78,private-source://routeA_experiments/data/final_ood_frozen_v1/three_hole_asymmetric/sample_0078.npz,b8c9c9f9a9d7c2106857e098ccf52a7ed33b76dda547cbe28fa76263b27cde39,0.009911218658089638,0.0824408061322578,0.9570575502969555,0.941166564822197,0.3739647250622511,0.7140709623694411
residual_v2,47,three_hole_asymmetric,79,private-source://routeA_experiments/data/final_ood_frozen_v1/three_hole_asymmetric/sample_0079.npz,6600329ca06c105c508bd49db109ca5aa0861398ccd222389fac3dd5f02b058c,0.009975283406674862,0.0675793205367112,1.0488338414859544,0.9339102059602737,0.2934284904622473,0.674260696023701
residual_v2,47,three_hole_asymmetric,80,private-source://routeA_experiments/data/final_ood_frozen_v1/three_hole_asymmetric/sample_0080.npz,ffbc158abeb51a4eb3928201634706c040d340dabbe33426cdc7b7127fe13543,0.010497583076357841,0.05462994941088141,0.8216893981142714,0.8240005970001221,0.2788981683552265,0.6296787649393075
residual_v2,47,three_hole_asymmetric,81,private-source://routeA_experiments/data/final_ood_frozen_v1/three_hole_asymmetric/sample_0081.npz,a87e60b7c7797fddf37237be730cdc9809205a80b44cb6b2262de1a6d7645693,0.01051921397447586,0.058600098119331055,0.872467653425383,0.8830087184906006,0.27359481900930405,0.6768067285418504
residual_v2,47,three_hole_asymmetric,82,private-source://routeA_experiments/data/final_ood_frozen_v1/three_hole_asymmetric/sample_0082.npz,067daeb253b7553c2df8a4b49429eea3aa5169264dc4c11e08a931320e7ddff4,0.01048359926789999,0.046842124221086155,0.6577498483232971,0.7545040845870972,0.27055978029966354,0.5893903195857998
residual_v2,47,three_hole_asymmetric,83,private-source://routeA_experiments/data/final_ood_frozen_v1/three_hole_asymmetric/sample_0083.npz,f1d60eebc050728f5777b4668048e76d34dee796f6835ce90e1158999fa44fd4,0.010548990219831467,0.06439943462211557,0.9293380406680262,0.9266459941864014,0.23591302335262299,0.734528243169188
residual_v2,47,three_hole_asymmetric,84,private-source://routeA_experiments/data/final_ood_frozen_v1/three_hole_asymmetric/sample_0084.npz,412d7cf0b8e7473beabae2d73d6f51672f2e2290c5eb4f6594fefd3da8d64992,0.010526780970394611,0.06862290461544382,0.7540181142732415,0.7966736406087875,0.30614611506462097,0.685226920992135
residual_v2,47,three_hole_asymmetric,85,private-source://routeA_experiments/data/final_ood_frozen_v1/three_hole_asymmetric/sample_0085.npz,254ac982dfb840962b732a7f58d26007ad7175788b3d22740ac1a0de93037713,0.009884619154036045,0.048929080842064834,0.5960126652270213,0.7489587068557739,0.2676059231162071,0.5343768000602721
residual_v2,47,three_hole_asymmetric,86,private-source://routeA_experiments/data/final_ood_frozen_v1/three_hole_asymmetric/sample_0086.npz,c521fb24ed492b9981db7f659459473625677c7b0d7e4c9095384fc6551b4657,0.009887680411338806,0.0587625863261329,1.080033577944979,0.9475337937474251,0.2188872622209601,0.6695956198498605
residual_v2,47,three_hole_asymmetric,87,private-source://routeA_experiments/data/final_ood_frozen_v1/three_hole_asymmetric/sample_0087.npz,7946973bee1306c79f4c36bb2e32fb4b5c210f4c5eee0944367ba30e9fdd9e31,0.009851385839283466,0.04349322995885422,0.5708633400180151,0.6441423892974854,0.17206942290067673,0.4644935280084604
residual_v2,47,three_hole_asymmetric,88,private-source://routeA_experiments/data/final_ood_frozen_v1/three_hole_asymmetric/sample_0088.npz,11f5514ff6bbacbe263aded7875193bf5aad8a00011357f6c74f2f464c5b23a1,0.010468868538737297,0.07689595941714916,0.7445815147379112,0.6879759728908539,0.3438154086470604,0.5793642841279503
residual_v2,47,three_hole_asymmetric,89,private-source://routeA_experiments/data/final_ood_frozen_v1/three_hole_asymmetric/sample_0089.npz,a61b51e0b645bb67e96064efeeb018bd2d7b048c8350145b4efca94cd3cced4a,0.00992665160447359,0.07377462020923911,0.818072028923401,0.8661525994539261,0.4749373383820057,0.7637999713420865
residual_v2,47,three_hole_asymmetric,90,private-source://routeA_experiments/data/final_ood_frozen_v1/three_hole_asymmetric/sample_0090.npz,f238f1b73bfe633977814f4ee8efd7678f1da09cdadc96667ab86b42fd9c84b8,0.009849322959780693,0.07416894569168027,1.0169431222682086,0.990052342414856,0.3456584243103862,0.8001845151185986
residual_v2,47,three_hole_asymmetric,91,private-source://routeA_experiments/data/final_ood_frozen_v1/three_hole_asymmetric/sample_0091.npz,908dee8055af09e682db2290282512110ad8b8134b5a3c698b0b1e27d1298733,0.009924677200615406,0.05579407028924896,0.6734928491313054,0.7188088297843933,0.2816355973482132,0.6309949606657028
residual_v2,47,three_hole_asymmetric,92,private-source://routeA_experiments/data/final_ood_frozen_v1/three_hole_asymmetric/sample_0092.npz,235f3d7bb93d6ff69897dc532f9c0175c97fc98f43fc1a6c18061f36b3b6c3ef,0.009946302510797977,0.08103542081930515,0.8445294682485102,0.9082690179347992,0.4840595070272684,0.752106038480997
residual_v2,47,three_hole_asymmetric,93,private-source://routeA_experiments/data/final_ood_frozen_v1/three_hole_asymmetric/sample_0093.npz,a7d0da11a92287a27a4a6c11ca702f3f2f17ff721a0f0279d690f8abf94252be,0.010006038472056389,0.04341292120875179,0.6290420335853663,0.7192650437355042,0.239567331969738,0.5650956988334638
residual_v2,47,three_hole_asymmetric,94,private-source://routeA_experiments/data/final_ood_frozen_v1/three_hole_asymmetric/sample_0094.npz,d0aa584876f99691aeeb8026d5ead955e7cc17621019a851ef37a13edaf58971,0.009948660619556904,0.07751419585008011,0.9388406711037496,0.9314349591732025,0.3764096572995186,0.7292639195919036
residual_v2,47,three_hole_asymmetric,95,private-source://routeA_experiments/data/final_ood_frozen_v1/three_hole_asymmetric/sample_0095.npz,d203d6745345a12b29597ac2d26caea89ab17bb23083688666fb462296530e05,0.009954727254807949,0.07393303703389721,0.9301911897764343,0.9196922779083252,0.34081417322158813,0.7872106499969959
residual_v2,47,three_hole_asymmetric,96,private-source://routeA_experiments/data/final_ood_frozen_v1/three_hole_asymmetric/sample_0096.npz,78f0808d535501b8d16b5386431081df41fe126d96ffeb5bfc34b71693bd5714,0.010532236658036709,0.07245743681170502,1.0142815732188502,0.9562747925519943,0.32780090253800154,0.6966002061963079
residual_v2,47,three_hole_asymmetric,97,private-source://routeA_experiments/data/final_ood_frozen_v1/three_hole_asymmetric/sample_0097.npz,a19b074a2ef168ce2028edf5abd4394ddadac3e42eb7badae29852dcd87b8c01,0.009936218149960041,0.06916588057900327,0.9407518331984221,0.9752526581287384,0.34839918464422226,0.8188191317021826
residual_v2,47,three_hole_asymmetric,98,private-source://routeA_experiments/data/final_ood_frozen_v1/three_hole_asymmetric/sample_0098.npz,e628a052cb301d1ccddc36abc3e756605d05d755311cc580cb8638d0283e8a28,0.009912669658660889,0.050396032909769524,0.7493090204826887,0.8611872792243958,0.2366086021065712,0.6242832064628584
residual_v2,47,three_hole_asymmetric,99,private-source://routeA_experiments/data/final_ood_frozen_v1/three_hole_asymmetric/sample_0099.npz,c4c58ccc92851ab150fbcfb7929b45da22b8f4be00f48239dbac5a4033fb8247,0.01059675682336092,0.05544683192966703,0.8099290450896786,0.8495972156524658,0.264197152107954,0.7213359035551535
residual_v2,47,three_hole_asymmetric,100,private-source://routeA_experiments/data/final_ood_frozen_v1/three_hole_asymmetric/sample_0100.npz,7735aa807c0bade0596ab7163387935e7d8a6420ea91ac0b71468f037f55c595,0.010557661764323711,0.05743203756027947,0.5270431382095704,0.6352042555809021,0.2749332897365093,0.40427785739302613
residual_v2,47,three_hole_asymmetric,101,private-source://routeA_experiments/data/final_ood_frozen_v1/three_hole_asymmetric/sample_0101.npz,50903f9da861e8e4b8d2ee84d0c4eea498c76f1b91f5cc6b26cca7661f51f13b,0.011507623828947544,0.07831174910187116,1.0435427935136983,0.9330709502100945,0.3247205703519285,0.77749409303069
residual_v2,47,three_hole_asymmetric,102,private-source://routeA_experiments/data/final_ood_frozen_v1/three_hole_asymmetric/sample_0102.npz,393185e3a3667ce8030757bd68d94410eee1772700c16b445a0af74c993e2d3e,0.010499623604118824,0.07228049788105055,1.055446696067685,0.9895454570651054,0.2837203135713935,0.7606404382735487
residual_v2,47,three_hole_asymmetric,103,private-source://routeA_experiments/data/final_ood_frozen_v1/three_hole_asymmetric/sample_0103.npz,d8e3e01787f23ef6a1dabb9edf23da79e0637aeb7fd538143355fccbedc02bc1,0.010515746660530567,0.07850176976796136,0.6818761246226127,0.7561660557985306,0.3405393213033676,0.5930331274867056
residual_v2,47,three_hole_asymmetric,104,private-source://routeA_experiments/data/final_ood_frozen_v1/three_hole_asymmetric/sample_0104.npz,d6cc18e29b7582dec1b5602f9fa8218e7d40d0e0ed08552c1d6acc779fc36a17,0.010522620752453804,0.06438221906794173,0.9504399416884791,0.8888508528470993,0.2715327553451061,0.7725630573928355
residual_v2,47,three_hole_asymmetric,105,private-source://routeA_experiments/data/final_ood_frozen_v1/three_hole_asymmetric/sample_0105.npz,35bd0c998f7436861f71be50f8aba64a3461c822cf292b3e6694660f55a3b0f1,0.010544998571276665,0.07546154641574793,0.7330452395838554,0.8467475026845932,0.3795987665653229,0.7173465572297573
residual_v2,47,three_hole_asymmetric,106,private-source://routeA_experiments/data/final_ood_frozen_v1/three_hole_asymmetric/sample_0106.npz,6888edd52db8cf29388af634eedf7f9be35793c07c18644b7f86f8a441acc780,0.010526715777814388,0.05484485036790363,0.6082420245360364,0.6535121202468872,0.26280657947063446,0.5129352569580071
residual_v2,47,three_hole_asymmetric,107,private-source://routeA_experiments/data/final_ood_frozen_v1/three_hole_asymmetric/sample_0107.npz,40b2ef1f23b501bfde64a13fe7258035909f0d78e1d54eb6e1443c804305ecf4,0.009882559068500996,0.05167807893334596,1.075898653952516,0.9578890800476074,0.21727534515957814,0.5784669999964533
residual_v2,47,three_hole_asymmetric,108,private-source://routeA_experiments/data/final_ood_frozen_v1/three_hole_asymmetric/sample_0108.npz,79b8dfa34c2b35a10fea27f09a0f9f798b0367fc5192ed59d1361f1b53799bdd,0.009916229173541069,0.06674861479010229,0.8574073012271528,0.8638336434960365,0.2791299670934677,0.6150620058178891
residual_v2,47,three_hole_asymmetric,109,private-source://routeA_experiments/data/final_ood_frozen_v1/three_hole_asymmetric/sample_0109.npz,8ce37dd8adb5cefec81dbd0f448aa24fd957fd04fe733656a07aef732c8cc2eb,0.00994029175490141,0.0745053500583712,0.7813012465964504,1.0798476077616215,0.3329167068004608,0.7015041530132292
residual_v2,47,three_hole_asymmetric,110,private-source://routeA_experiments/data/final_ood_frozen_v1/three_hole_asymmetric/sample_0110.npz,4f2615c8cb85f9158644a5c730014c3884dbecc44b41e4c6525efb9d86c8caf8,0.01048280019313097,0.06855039928618395,1.0207843511749546,0.9680033922195435,0.2695197453722358,0.829667875170707
residual_v2,47,three_hole_asymmetric,111,private-source://routeA_experiments/data/final_ood_frozen_v1/three_hole_asymmetric/sample_0111.npz,0935578871a0f3a49acfc526c2f37c216dd91c68bd2a8bfb1b536326e94f5a44,0.010558875277638435,0.06566407874962542,1.185257171492925,0.9778262004256248,0.28962647980370093,0.6150165371596811
residual_v2,47,three_hole_asymmetric,112,private-source://routeA_experiments/data/final_ood_frozen_v1/three_hole_asymmetric/sample_0112.npz,75f3066ea740d92e454646a086e63a485bf69922e759ad6ffeae0e0cb87dfaa8,0.010623771697282791,0.06974822771532982,0.9191402811622792,0.9419437348842621,0.3637906089425087,0.7943531587719906
residual_v2,47,three_hole_asymmetric,113,private-source://routeA_experiments/data/final_ood_frozen_v1/three_hole_asymmetric/sample_0113.npz,e697a839e7548feb3a5b14360c3973b92e38a87052d3b7365b32a7cd0a753191,0.010555115528404713,0.06098372903966028,0.7539796249853846,0.8755318224430084,0.38259676471352577,0.7120397306978701
residual_v2,47,three_hole_asymmetric,114,private-source://routeA_experiments/data/final_ood_frozen_v1/three_hole_asymmetric/sample_0114.npz,7afaaf3601e6ed30886241051a0637c969fab4fdc7321968e3389ce030c7486a,0.01058244239538908,0.07080174316575565,0.8605605916473199,0.9055275917053223,0.4708807598799467,0.7724563047289846
residual_v2,47,three_hole_asymmetric,115,private-source://routeA_experiments/data/final_ood_frozen_v1/three_hole_asymmetric/sample_0115.npz,c61c1f6680ef22cfbb61c3b59a74537ff91a7a97eefe05a24d1215c5eff14175,0.01058313436806202,0.06780708204835435,0.9151599111262584,0.9284006357192993,0.29042402282357216,0.7510943457484245
residual_v2,47,three_hole_asymmetric,116,private-source://routeA_experiments/data/final_ood_frozen_v1/three_hole_asymmetric/sample_0116.npz,9630b36b29d980654e8e8af10a050b5b22f9036bbc0eaf53ddfff402e0574e30,0.00992640107870102,0.07126273668480834,0.9132414845118376,0.8855755254626274,0.2994194352068007,0.7362073864787817
residual_v2,47,three_hole_asymmetric,117,private-source://routeA_experiments/data/final_ood_frozen_v1/three_hole_asymmetric/sample_0117.npz,d3d1cc5eb6165ce5dd1eb46f3b7422b7a91b41002dd8e244fb5807270ef54ae0,0.009910901077091694,0.0624228004854883,1.0767832664073373,0.985352024435997,0.24064204999012873,0.667092230170965
residual_v2,47,three_hole_asymmetric,118,private-source://routeA_experiments/data/final_ood_frozen_v1/three_hole_asymmetric/sample_0118.npz,8e2be99501a03f3deba60278c03b5af400416cb985c121c2fa7d7d7827ff8328,0.009920566342771053,0.07039971051499029,0.9086691568255507,0.9370647519826889,0.3719106838107109,0.6794155735522498
residual_v2,47,three_hole_asymmetric,119,private-source://routeA_experiments/data/final_ood_frozen_v1/three_hole_asymmetric/sample_0119.npz,a47277e2b3beb0d89ef7b03bc2d99a8b043b3ba5b66636730dd832240fb5bf67,0.009978164918720722,0.08321206606994955,0.9836911950127151,0.9508776292204857,0.3650378570891917,0.7599243167787786
residual_v2,47,three_hole_asymmetric,120,private-source://routeA_experiments/data/final_ood_frozen_v1/three_hole_asymmetric/sample_0120.npz,460897fcccde1db2e8ba9079e66abd4ea55bf6c9fcc14cc7507c17ec7571d07d,0.009961958043277264,0.04950304239444815,0.7218268262279608,0.8205743432044983,0.26992389373481274,0.6178041011095043
residual_v2,47,three_hole_asymmetric,121,private-source://routeA_experiments/data/final_ood_frozen_v1/three_hole_asymmetric/sample_0121.npz,7463cebd5dcf30b0f53bfbcec6ed3cd938cae4ff1c7cb5a51f6b6208a020a4d2,0.009928050450980663,0.04116198457277643,0.6425191306544132,0.7768589854240417,0.20006563141942024,0.5714161932468412
residual_v2,47,three_hole_asymmetric,122,private-source://routeA_experiments/data/final_ood_frozen_v1/three_hole_asymmetric/sample_0122.npz,0b1f50e6483c4bd20f2eb7b1a5ad3ca903b7158558b6379b0a1c87cfb444d395,0.009895294904708862,0.07304900981533045,1.0985875710528228,0.9480299204587936,0.2860862575471401,0.7835938828065984
residual_v2,47,three_hole_asymmetric,123,private-source://routeA_experiments/data/final_ood_frozen_v1/three_hole_asymmetric/sample_0123.npz,65e171101675b5cb87eb5555f716856d756743e6d3447dfa2efbde71ac332e67,0.009957926347851753,0.07014777083454109,0.9319966533577242,0.9114200472831726,0.28981327824294567,0.7848153695464133
residual_v2,47,three_hole_asymmetric,124,private-source://routeA_experiments/data/final_ood_frozen_v1/three_hole_asymmetric/sample_0124.npz,d3c7c52167944c7ed7ee06f79272238419f46b0150fe90a2589d3153747fbf2f,0.009892239235341549,0.060522989782177065,0.7984583076961305,0.8643082082271576,0.26881035044789314,0.6856117643415924
residual_v2,47,three_hole_asymmetric,125,private-source://routeA_experiments/data/final_ood_frozen_v1/three_hole_asymmetric/sample_0125.npz,629b8f9d37de5d037c8e33f97e602bf5d06a112e8c988084322626ed3cfa0db4,0.009944312274456024,0.07379977681020228,0.8095352894464881,0.7930960059165955,0.32831351592903957,0.6346015289425845
residual_v2,47,three_hole_asymmetric,126,private-source://routeA_experiments/data/final_ood_frozen_v1/three_hole_asymmetric/sample_0126.npz,d79d0f135637e2841b3453a53add5c4bf624f15ae92f2562acb09afebef0ede1,0.009960929863154888,0.0737597722686294,0.812608366428561,0.8034937381744385,0.3308979868888855,0.7245773822069166
residual_v2,47,three_hole_asymmetric,127,private-source://routeA_experiments/data/final_ood_frozen_v1/three_hole_asymmetric/sample_0127.npz,7cee35213e8863690074459c24d7fd282a7630a45f0f4fab56f69cc5187ced3c,0.009872033260762691,0.0611014681343757,0.7201724353905627,0.735456570982933,0.29111641459167004,0.6376176968216893
residual_v2,47,three_hole_asymmetric,128,private-source://routeA_experiments/data/final_ood_frozen_v1/three_hole_asymmetric/sample_0128.npz,66f17e3594dd9beaddc30078e0aea012c36ea89ec3780e24ab5e66ada4aa0aee,0.010513518005609512,0.07481162752230369,0.6889454912115948,0.7746497690677643,0.35400906205177307,0.5968033060431478
residual_v2,47,three_hole_asymmetric,129,private-source://routeA_experiments/data/final_ood_frozen_v1/three_hole_asymmetric/sample_0129.npz,0513a13dc15142aa7035ad92a4d92696cde53f4f938fba0b6258ba43ff994ce4,0.01051534153521061,0.06604591823216255,0.8855043903729403,0.9161462932825089,0.30449293926358223,0.7179586842656133
residual_v2,47,three_hole_asymmetric,130,private-source://routeA_experiments/data/final_ood_frozen_v1/three_hole_asymmetric/sample_0130.npz,0b7e254aff9dacc784e6945d18e32da0372125ff81dc9fb35dcf29f7e12504f6,0.010525754652917385,0.07752799450379737,0.7842898011983686,0.879551999270916,0.4521516254171729,0.6927963625639675
residual_v2,47,three_hole_asymmetric,131,private-source://routeA_experiments/data/final_ood_frozen_v1/three_hole_asymmetric/sample_0131.npz,b7bf7aa4688f48d7c78174369c23732d337ae6ffd998cf06bb7a4edda3a5063d,0.010506192222237587,0.05263037105096714,0.673139071311829,0.6298383325338364,0.2902291384525597,0.5271905127912758
residual_v2,47,three_hole_asymmetric,132,private-source://routeA_experiments/data/final_ood_frozen_v1/three_hole_asymmetric/sample_0132.npz,37fe2cf79de29a9b7e04b5fe118372c54173e6f10125f0854cf4d171d4776d59,0.010580594651401043,0.04516374321511185,0.7644840103044996,0.8767849206924438,0.16669388860464096,0.6104502826929084
residual_v2,47,three_hole_asymmetric,133,private-source://routeA_experiments/data/final_ood_frozen_v1/three_hole_asymmetric/sample_0133.npz,3683c8dae119211360b0dbaa1ac9e1693a1728caddc3c1bb3768f981c2091e26,0.010548963211476803,0.0673364339554515,0.647096297078469,0.6018227934837341,0.37485266849398613,0.5364960253238678
residual_v2,47,three_hole_asymmetric,134,private-source://routeA_experiments/data/final_ood_frozen_v1/three_hole_asymmetric/sample_0134.npz,322bc5ec6225e978895e341b9dfdf38fbfa0681b5b329fe286739337905a2e67,0.010591612197458744,0.07036920485902533,0.9824000092013482,0.9496435075998306,0.34199757128953934,0.7298591701313851
residual_v2,47,three_hole_asymmetric,135,private-source://routeA_experiments/data/final_ood_frozen_v1/three_hole_asymmetric/sample_0135.npz,b3bc13b4ad513f7b7c47e8dfedda3871bfe1d969ceb542243518b1f1661a7b7d,0.010562648065388203,0.07012074612394975,1.0264362859606555,1.0315417051315308,0.34119446389377117,0.8179768837988377
residual_v2,47,three_hole_asymmetric,136,private-source://routeA_experiments/data/final_ood_frozen_v1/three_hole_asymmetric/sample_0136.npz,20f73113304cb007ce9ee5b010405b3b08c38b719993477582e1adb17921d82b,0.009969113394618034,0.0485062323426724,0.5551738416078509,0.6548433899879456,0.2350040301680565,0.5251621007919312
residual_v2,47,three_hole_asymmetric,137,private-source://routeA_experiments/data/final_ood_frozen_v1/three_hole_asymmetric/sample_0137.npz,9c029bad505c34e3cca11e8187bc4fdf7d1417417883641e5c92c0e2b1861711,0.009980299510061741,0.07191442545572126,0.8558567152271399,0.8558617532253265,0.3376301508396864,0.6895218364894379
residual_v2,47,three_hole_asymmetric,138,private-source://routeA_experiments/data/final_ood_frozen_v1/three_hole_asymmetric/sample_0138.npz,2a95dd7d60712bbde64ddb2f3b9b174a2da8a71e64f53104448b1fda6898cb87,0.009902620688080788,0.07383901431358006,1.1531936156329377,0.9784305915236473,0.32399850328511093,0.664435752481222
residual_v2,47,three_hole_asymmetric,139,private-source://routeA_experiments/data/final_ood_frozen_v1/three_hole_asymmetric/sample_0139.npz,f356651d5f0fbe76d7b23cee9c305931b8e8fe879d3fc560e174e6ff4a4bcbc9,0.010525869205594063,0.07216151188861682,0.7778074167994976,0.8192419409751892,0.3437216430902481,0.7051448240876198
residual_v2,47,three_hole_asymmetric,140,private-source://routeA_experiments/data/final_ood_frozen_v1/three_hole_asymmetric/sample_0140.npz,c22b26c249410214ce91ba779d94c82c7d58648110a4aac0c4246990ecc43bba,0.010545449331402779,0.08680192001630485,0.8977550376987197,0.867184042930603,0.4537617526948452,0.7887398310005664
residual_v2,47,three_hole_asymmetric,141,private-source://routeA_experiments/data/final_ood_frozen_v1/three_hole_asymmetric/sample_0141.npz,581b8c08fb25b0697b98b87164ebaafe6cd559b41136643d44f9de35e975d7b9,0.010559125803411007,0.07574301122399985,1.0348089771025213,0.998452752828598,0.32497888803482056,0.8012601755559441
residual_v2,47,three_hole_asymmetric,142,private-source://routeA_experiments/data/final_ood_frozen_v1/three_hole_asymmetric/sample_0142.npz,578e8f60d4da9f74071ab8374b88b7be266d5d1e67dec13929a7acf811b163a8,0.010487973690032959,0.07502781449020852,1.0113130269837785,0.9738791435956955,0.3411582112312317,0.8304419450461857
residual_v2,47,three_hole_asymmetric,143,private-source://routeA_experiments/data/final_ood_frozen_v1/three_hole_asymmetric/sample_0143.npz,b6b2551b71fdf3da0d4ca84d9f08c6aa2f3008f1962bd943296cbf9612880efc,0.009937220253050327,0.06366867449562268,0.9620963115386253,0.9507709965109825,0.23446036642417312,0.8265815172344445
residual_v2,47,three_hole_asymmetric,144,private-source://routeA_experiments/data/final_ood_frozen_v1/three_hole_asymmetric/sample_0144.npz,8329648a6f54e17ec6911f4a2a43086a79f241b8ea2247f84b00d977ee02610d,0.009921623393893242,0.056961110696496474,1.0168662685884815,0.9795620888471603,0.23182800313225016,0.7766627728939047
residual_v2,47,three_hole_asymmetric,145,private-source://routeA_experiments/data/final_ood_frozen_v1/three_hole_asymmetric/sample_0145.npz,9e07276be4c9a737eae17e3917bc3cdc5d0dfa1bce9663bd981f358519eb110c,0.010036101564764977,0.07713623567874879,0.8181029260362404,0.8442396223545074,0.36655867099761963,0.6490280769765376
residual_v2,47,three_hole_asymmetric,146,private-source://routeA_experiments/data/final_ood_frozen_v1/three_hole_asymmetric/sample_0146.npz,67f3ee8daff2c978cbe4cd399a7f2ad4874665b5c644a341c057c304af1127c1,0.009915458969771862,0.06785656366647103,0.9174718243845171,0.9275765120983124,0.30592132825404406,0.8016181217506526
residual_v2,47,three_hole_asymmetric,147,private-source://routeA_experiments/data/final_ood_frozen_v1/three_hole_asymmetric/sample_0147.npz,e85347f74d9b0184043eda85a8b0b42fe6515b3c49ceeec50b7b4d6dfff4a07d,0.009931760840117931,0.05673987668204463,0.6774253964960184,0.7929666340351105,0.3433891199529171,0.6481649026274675
residual_v2,47,three_hole_asymmetric,148,private-source://routeA_experiments/data/final_ood_frozen_v1/three_hole_asymmetric/sample_0148.npz,245fe71d4768340cf55e028f00a51ef269352046fcee78a0376200f4998c9360,0.00985761173069477,0.046685387079939245,0.7087458730435552,0.7596282362937927,0.2400110363960266,0.5485307872295354
residual_v2,47,three_hole_asymmetric,149,private-source://routeA_experiments/data/final_ood_frozen_v1/three_hole_asymmetric/sample_0149.npz,e4131c7833d7b32f7f309cc922c788dde6f66644cd7c84c3995c3e66ca6ec058,0.010535680688917637,0.06526260057057405,1.0214912917066843,0.961437463760376,0.250452640815638,0.7396429136395447
residual_v2,47,three_hole_asymmetric,150,private-source://routeA_experiments/data/final_ood_frozen_v1/three_hole_asymmetric/sample_0150.npz,14d7c4793f64ce9d612ac24093c5fbe0dae12baa2ebcc0e606416070b0010be4,0.009967576712369919,0.0730474500577464,1.0576398872428565,0.9418518617749214,0.304361414629966,0.7257479198276992
residual_v2,47,three_hole_asymmetric,151,private-source://routeA_experiments/data/final_ood_frozen_v1/three_hole_asymmetric/sample_0151.npz,3c828906fd7ab01c163402ae535f03a420e0b8d29d63467e8f5e0ac8bb2069f1,0.009892391040921211,0.07666929829058244,0.8740390810030375,0.8823824152350426,0.3356478977948427,0.7379011463373897
residual_v2,47,three_hole_asymmetric,152,private-source://routeA_experiments/data/final_ood_frozen_v1/three_hole_asymmetric/sample_0152.npz,2dd677fdf441a2d0d82994893dd167d20bc429686f9d05c84662f972384de6c2,0.009890224784612656,0.058962908246141595,0.9555321772178934,0.9470703899860382,0.23296443186700344,0.8109646953642355
residual_v2,47,three_hole_asymmetric,153,private-source://routeA_experiments/data/final_ood_frozen_v1/three_hole_asymmetric/sample_0153.npz,e09e2ec653206737b870b71f517fcc81353db939fd7d890bfde2a8715648f046,0.010561222210526466,0.0627107661533981,1.0652522760542087,0.9619559049606323,0.26282955738861347,0.7569434836506843
residual_v2,47,three_hole_asymmetric,154,private-source://routeA_experiments/data/final_ood_frozen_v1/three_hole_asymmetric/sample_0154.npz,354f1ec9c8bb281306006c931744c6710f378713690c48b9dfc924d8e03155dc,0.009870999492704868,0.07026752943205375,0.8827593631981224,0.8769807815551758,0.3038188253995031,0.7341453209519379
residual_v2,47,three_hole_asymmetric,155,private-source://routeA_experiments/data/final_ood_frozen_v1/three_hole_asymmetric/sample_0155.npz,4feb6d42b1ba8f3891917e887c391dac5ab83213398859f8c4d1343a08f81523,0.010518389753997326,0.042983058248723616,0.7211526418833122,0.7657697200775146,0.19655513018369675,0.517308160662649
residual_v2,47,three_hole_asymmetric,156,private-source://routeA_experiments/data/final_ood_frozen_v1/three_hole_asymmetric/sample_0156.npz,2ed681cf4ebe76dc5ff83597e8f424f37faa8aa01f50048685eb1a9f8504ef64,0.010587682947516441,0.06985618408272959,0.9094279414716099,0.9304317981004715,0.3027088991802884,0.6354042280465363
residual_v2,47,three_hole_asymmetric,157,private-source://routeA_experiments/data/final_ood_frozen_v1/three_hole_asymmetric/sample_0157.npz,8f86d834f785485f1110f7ae10b681508b7fb7293834bdeabad4cd9e0ff581e7,0.010583856143057346,0.05229538917665006,0.7188021533049264,0.746304452419281,0.32202813029289246,0.5645055353641506
residual_v2,47,three_hole_asymmetric,158,private-source://routeA_experiments/data/final_ood_frozen_v1/three_hole_asymmetric/sample_0158.npz,b7838937a002adfbc7581e42e80020a5cc8ff317b9ef609ec1903087a3d31c3e,0.010526241734623909,0.07255223036064465,0.9118467723381064,0.8844526410102844,0.30954317282885313,0.6723266951739784
residual_v2,47,three_hole_asymmetric,159,private-source://routeA_experiments/data/final_ood_frozen_v1/three_hole_asymmetric/sample_0159.npz,7ec05d300291c51dfc519a7d08b75bd3be917f67a3673dfe18849f585f9f709e,0.010604774579405785,0.06586442863160717,0.8113315004743714,0.7784071266651154,0.3004917080979794,0.5980562865734097
residual_v2,47,three_hole_asymmetric,160,private-source://routeA_experiments/data/final_ood_frozen_v1/three_hole_asymmetric/sample_0160.npz,406b5d01c559ad3764a887df63a81ab6aeb54deb0e03ab5546863badf9a16f35,0.009976055473089218,0.0594527682391784,1.1082567367459688,0.9457084909081459,0.24169344356050715,0.5729512773454174
residual_v2,47,three_hole_asymmetric,161,private-source://routeA_experiments/data/final_ood_frozen_v1/three_hole_asymmetric/sample_0161.npz,e022a734e6aba3a7301b06bd77c79e73047ff290f57525b8dee053bdfa5b4988,0.010543769225478172,0.040965977646458616,0.6207711556384249,0.7104838490486145,0.19405949115753174,0.5807458430528626
residual_v2,47,three_hole_asymmetric,162,private-source://routeA_experiments/data/final_ood_frozen_v1/three_hole_asymmetric/sample_0162.npz,2b13f73876bba396b8fa67ab174be82ee1a554b9e4c19a3a7412ffc39aba0b13,0.009861864149570465,0.0432264527200762,0.6078794856972178,0.7032440304756165,0.21157850325107574,0.5430577933788299
residual_v2,47,three_hole_asymmetric,163,private-source://routeA_experiments/data/final_ood_frozen_v1/three_hole_asymmetric/sample_0163.npz,e9b740089bb1f2d4e21a0999405d9bdba3a57bd51c7e58ea5ed47d11ee6595a2,0.00998204667121172,0.05010690584586317,0.7808133058583505,0.7995254397392273,0.22178169712424278,0.6421881139278401
residual_v2,47,three_hole_asymmetric,164,private-source://routeA_experiments/data/final_ood_frozen_v1/three_hole_asymmetric/sample_0164.npz,9f206330bd07c9c4847fddf539ce746ee66390d885f3c33bc1d444adbbd318ac,0.010538258589804173,0.06213320026943406,0.6356811029308587,0.7436381131410599,0.3031619065441191,0.5504033327102659
residual_v2,47,three_hole_asymmetric,165,private-source://routeA_experiments/data/final_ood_frozen_v1/three_hole_asymmetric/sample_0165.npz,59ec0f1c680bf9149906ed38b4dd3a4aa7612d7147f9c53c5dcfa06ecca43366,0.010567272081971169,0.07336198202808919,0.8902853522677341,0.9235019087791443,0.3901522867381573,0.7899193935096254
residual_v2,47,three_hole_asymmetric,166,private-source://routeA_experiments/data/final_ood_frozen_v1/three_hole_asymmetric/sample_0166.npz,acdabcd30120f1b891f11b4fee7490ecf1c73a42827cec6684949a026c1d238b,0.010458712466061115,0.07749907917251901,0.9011112851455062,0.8672275543212891,0.380722614005208,0.7421954046934841
residual_v2,47,three_hole_asymmetric,167,private-source://routeA_experiments/data/final_ood_frozen_v1/three_hole_asymmetric/sample_0167.npz,2d64cbb7ed13e9d5493b3bcffc548a37e43f77cfe686d4bd90f395d9b3dedcd2,0.010542934760451317,0.06709725874625337,0.9968840224054231,0.9782692492008209,0.2573062554001808,0.7092087745666495
residual_v2,47,three_hole_asymmetric,168,private-source://routeA_experiments/data/final_ood_frozen_v1/three_hole_asymmetric/sample_0168.npz,ce1811b3b58e1cf01845e9ffb4fac5caa62f765929be1337c8260c13d9b65d5d,0.010515844449400902,0.060385479861748186,1.1076308336818725,0.9710573107004166,0.2680143229663372,0.6950524808838956
residual_v2,47,three_hole_asymmetric,169,private-source://routeA_experiments/data/final_ood_frozen_v1/three_hole_asymmetric/sample_0169.npz,c8bdae4b5e47fcfb5a99f1ccde0ca1ecf2011b5c092fc8bd8e61595f8c50518c,0.009918229654431343,0.054895301201930195,0.9793859892134413,0.9539182707667351,0.23247969325166196,0.7297960460185992
residual_v2,47,three_hole_asymmetric,170,private-source://routeA_experiments/data/final_ood_frozen_v1/three_hole_asymmetric/sample_0170.npz,33251f1d994ef521e7ed6646d939e7b5f6ae05ade833fce7f91910e3aa7b2d74,0.01011263020336628,0.07444582213707243,1.0683033216321658,0.9794569611549377,0.3193748854100704,0.766605116426944
residual_v2,47,three_hole_asymmetric,171,private-source://routeA_experiments/data/final_ood_frozen_v1/three_hole_asymmetric/sample_0171.npz,3304230b1d8bbdd9fc2dfda78714484a468749cddd223bba1c2dbf29c548831e,0.009909226559102535,0.0726879418658762,0.7700278356162454,0.7478549480438232,0.3516487330198288,0.6426782369613635
residual_v2,47,three_hole_asymmetric,172,private-source://routeA_experiments/data/final_ood_frozen_v1/three_hole_asymmetric/sample_0172.npz,a740cace37940a1e2252703d9381d4b9f3f3b166a52d68121a24aaca6473c237,0.00984666496515274,0.07167750102598532,0.883476681765386,0.8818322718143463,0.34823112934827805,0.7828743323683738
residual_v2,47,three_hole_asymmetric,173,private-source://routeA_experiments/data/final_ood_frozen_v1/three_hole_asymmetric/sample_0173.npz,7fbe985e9871b0fea23dcd48b5658d0febd6965ccb34e4430a248d8ea7884c13,0.010509399697184563,0.05435115664354953,0.8128153515255594,0.8220500499010086,0.215989557094872,0.6131775923073277
residual_v2,47,three_hole_asymmetric,174,private-source://routeA_experiments/data/final_ood_frozen_v1/three_hole_asymmetric/sample_0174.npz,71542cbeea7c7322472596a11b9ea2cf6285893af2fd8caaacd78a77cf1d83fd,0.010538654401898384,0.05474745034954926,0.6763554334149209,0.7111934721469879,0.270428366959095,0.5710421539843079
residual_v2,47,three_hole_asymmetric,175,private-source://routeA_experiments/data/final_ood_frozen_v1/three_hole_asymmetric/sample_0175.npz,0f2191f55e786a9cc0197b9d38b5849150523e7f0e95da026a8b7282892dd7e7,0.010643130168318748,0.07344735858427312,1.0608618930095866,1.0014054477214813,0.3208133488660678,0.7498421847820259
residual_v2,47,three_hole_asymmetric,176,private-source://routeA_experiments/data/final_ood_frozen_v1/three_hole_asymmetric/sample_0176.npz,1d5d110e1725a11891d26e004b83d93d33e264f9f0cc612cea71237c93485c91,0.009856987744569778,0.06317168349105362,0.7048431507707141,0.7846655249595642,0.33777191303670406,0.6386304534971711
residual_v2,47,three_hole_asymmetric,177,private-source://routeA_experiments/data/final_ood_frozen_v1/three_hole_asymmetric/sample_0177.npz,491128641f9815a0257fe2c5da3e9ef510909b89c7efe14041aaf988dd54d374,0.009965679608285427,0.07056884949143172,1.0092916379743915,0.9900226294994354,0.30052224081009626,0.7507224706932901
residual_v2,47,three_hole_asymmetric,178,private-source://routeA_experiments/data/final_ood_frozen_v1/three_hole_asymmetric/sample_0178.npz,8ad8976324d69fa900282a701c1176bec4bd066428ab6af4d07f98b6226c1440,0.010559717193245888,0.07644879779398044,0.9457608152973075,0.92038793861866,0.39928193017840385,0.8225993275642393
residual_v2,47,three_hole_asymmetric,179,private-source://routeA_experiments/data/final_ood_frozen_v1/three_hole_asymmetric/sample_0179.npz,ed3c4408215897e333b3a88a790f6b3b965edbc5f729ee1ca00b514638a22db3,0.009882815182209015,0.06655648485728437,0.5898657320962906,0.5990240573883057,0.2897651204839349,0.49356966912746414
residual_v2,47,three_hole_asymmetric,180,private-source://routeA_experiments/data/final_ood_frozen_v1/three_hole_asymmetric/sample_0180.npz,026ec17f7ba5561155ad7d2d26d4b774202c9e9d3be82846603703294b1c6599,0.010556030087172985,0.07111099339803437,0.9716553272796039,0.9727824479341507,0.32542084343731403,0.8047824621200559
residual_v2,47,three_hole_asymmetric,181,private-source://routeA_experiments/data/final_ood_frozen_v1/three_hole_asymmetric/sample_0181.npz,ae31a16b8c81593e19306a84399bfd2a84ac55c7910ef8823c67abd4642aa2f6,0.010061957873404026,0.06631490595137612,0.8830428266756408,0.8859635144472122,0.3172999517992139,0.6595043022185562
residual_v2,47,three_hole_asymmetric,182,private-source://routeA_experiments/data/final_ood_frozen_v1/three_hole_asymmetric/sample_0182.npz,3c898c6349f36f90b3d5a9fe1ea363190f3864ec9904027b2c82073b2f828008,0.00990381371229887,0.06273734325303001,0.8243441158139653,0.9011392593383789,0.2640403136610985,0.7240867733955373
residual_v2,47,three_hole_asymmetric,183,private-source://routeA_experiments/data/final_ood_frozen_v1/three_hole_asymmetric/sample_0183.npz,7960bd5136007fe9e53aaf26195ec050cd3f170be4ea0892e9c50801de1e2a57,0.00997318048030138,0.06610663844454032,0.8933910585567661,0.9230559766292572,0.328062541782856,0.7834681726992105
residual_v2,47,three_hole_asymmetric,184,private-source://routeA_experiments/data/final_ood_frozen_v1/three_hole_asymmetric/sample_0184.npz,d0af476fd13dfb1d250ce9a4ca56a9e4e7747143d266e251a2d3bed91fdc35c3,0.009947285056114197,0.06967981553073324,0.7326472435282247,0.7240661606192589,0.35748597979545593,0.5705216042697427
residual_v2,47,three_hole_asymmetric,185,private-source://routeA_experiments/data/final_ood_frozen_v1/three_hole_asymmetric/sample_0185.npz,825925d58976a37ca694d695a027e07bfbaaceb34012d307f2f1821037baf144,0.009910264983773232,0.07212005567919091,0.9730827010899452,0.9427893757820129,0.343109430745244,0.7945059984922407
residual_v2,47,three_hole_asymmetric,186,private-source://routeA_experiments/data/final_ood_frozen_v1/three_hole_asymmetric/sample_0186.npz,77e809def7ac8044a4e55b9ef623158afda39a6477b671e128605d4b47566db6,0.009911931119859219,0.06937313015485824,1.027251710941123,0.9459128826856613,0.2900788531987928,0.6483767064288256
residual_v2,47,three_hole_asymmetric,187,private-source://routeA_experiments/data/final_ood_frozen_v1/three_hole_asymmetric/sample_0187.npz,d41acb81beffee4db9203e1cf0266797359f026ace1ea8ca9bcd6ccb1e2af128,0.010769069194793701,0.0660314673742261,0.8682305515358083,0.8386654555797577,0.3431072309613228,0.6665145099163055
residual_v2,47,three_hole_asymmetric,188,private-source://routeA_experiments/data/final_ood_frozen_v1/three_hole_asymmetric/sample_0188.npz,0ee1d93b5b155a3545c539b9ebd208096d5da786ac320abbe96a9ddff30d88d7,0.009861721657216549,0.06315448302745472,0.8828541927243074,0.9159349799156189,0.27993114944547415,0.6388053640723226
residual_v2,47,three_hole_asymmetric,189,private-source://routeA_experiments/data/final_ood_frozen_v1/three_hole_asymmetric/sample_0189.npz,70be7056cd13692af26bab63a3df9b9a64678831ef39fdb9582375ceecca7edf,0.010574729181826115,0.06529925821472382,1.1133854035791597,0.9782462269067764,0.30837651749607176,0.6760570645332322
residual_v2,47,three_hole_asymmetric,190,private-source://routeA_experiments/data/final_ood_frozen_v1/three_hole_asymmetric/sample_0190.npz,a8c424ee2056e12af66d0be34289a252d77172e5cb127ec57c8550e3415ab90b,0.010549063794314861,0.07026303564458307,0.9609470130974416,0.9545789211988449,0.28378631733357906,0.7332838345319028
residual_v2,47,three_hole_asymmetric,191,private-source://routeA_experiments/data/final_ood_frozen_v1/three_hole_asymmetric/sample_0191.npz,26c2bd071beec9742e0a4f1e5466aa608a15434494059de80e606e4679fa8ed3,0.01063547097146511,0.06672483170252853,0.9462185129924175,0.9530592411756516,0.28779806196689606,0.7905911237001416
residual_v2,47,three_hole_asymmetric,192,private-source://routeA_experiments/data/final_ood_frozen_v1/three_hole_asymmetric/sample_0192.npz,40d02fa0627c6deec298290103575257705efed18a0e5475ecaa7bf465aa9b99,0.010555352084338665,0.07173218704249545,0.8426248430361831,0.8702529072761536,0.35220544040203094,0.6962989300489424
residual_v2,47,three_hole_asymmetric,193,private-source://routeA_experiments/data/final_ood_frozen_v1/three_hole_asymmetric/sample_0193.npz,e2291d430c4ed65b595a26a1bfd29617e6a29836d02a7642cee85cd276392050,0.010620581917464733,0.08189401107851181,0.9244182119724486,0.8605228811502457,0.3538131071254611,0.7359496153891084
residual_v2,47,three_hole_asymmetric,194,private-source://routeA_experiments/data/final_ood_frozen_v1/three_hole_asymmetric/sample_0194.npz,31e35937f5e42fb742834cdcb1fc165dd1ffc423ac83933409ddf9f346655de1,0.010558807291090488,0.08279174687331066,0.7490436079651773,0.8593406081199646,0.36995408684015274,0.671994550526142
residual_v2,47,three_hole_asymmetric,195,private-source://routeA_experiments/data/final_ood_frozen_v1/three_hole_asymmetric/sample_0195.npz,40442c552a2016d07c97d9c05bd7232ba672eeab612657250b9c7529d4f8fba5,0.0105288689956069,0.0734006771508304,0.7734433800681093,0.7348175197839737,0.3600082993507385,0.633481568098068
residual_v2,47,three_hole_asymmetric,196,private-source://routeA_experiments/data/final_ood_frozen_v1/three_hole_asymmetric/sample_0196.npz,dd2106f958610c899c170e0e932d315a715401be9a89fd9bfb0ce4af7422b23f,0.010512048378586769,0.07874036321106206,0.9935152105592697,0.9474669098854065,0.4025992564857006,0.8070401459932315
residual_v2,47,three_hole_asymmetric,197,private-source://routeA_experiments/data/final_ood_frozen_v1/three_hole_asymmetric/sample_0197.npz,aa854427cd50f074116bdad2e4371e42c0402350e5d180482ef4c364d2ad2cf8,0.010590626858174801,0.06655401042861271,0.66711190590187,0.783375047147274,0.2993418127298355,0.5413421630859375
residual_v2,47,three_hole_asymmetric,198,private-source://routeA_experiments/data/final_ood_frozen_v1/three_hole_asymmetric/sample_0198.npz,f829be15d56c832505226b17681dbe66656bc2100714eb438d609a588f6574fe,0.010507241822779179,0.05462429858441396,0.6647165188693918,0.6950443089008331,0.3518103137612343,0.6170390829443926
residual_v2,47,three_hole_asymmetric,199,private-source://routeA_experiments/data/final_ood_frozen_v1/three_hole_asymmetric/sample_0199.npz,52333eb8bbb0f95e069bd2d38db9cab28b55c6f86387da7cd28a27818fe1041a,0.010509838350117207,0.07135533327706867,0.8792511802872466,0.941497266292572,0.34654551930725574,0.7976582437753676
