model,training_seed,shape,sample_id,sample_file,sample_sha256,inference_seconds,mae,relative_l2,max_abs_error,p95_abs_error,p99_abs_error
fine_control,53,slit_bridge,0,private-source://routeA_experiments/data/final_ood_frozen_v1/slit_bridge/sample_0000.npz,30d9b3db72b5f04e7aed5aca69b177e736741d71d456678de2c366e94064976a,0.05816629101173021,0.12725438595754848,1.0137224005269647,0.9154122099280357,0.5712394053116441,0.8001164421439168
fine_control,53,slit_bridge,1,private-source://routeA_experiments/data/final_ood_frozen_v1/slit_bridge/sample_0001.npz,35ca7668746e40038fbccaaf4b015e191d09a272260f8b2c67e05158beed58d9,0.0021292669989634305,0.08670810434760111,0.6028897146960952,0.6014283895492554,0.40070176497101784,0.5207030974328517
fine_control,53,slit_bridge,2,private-source://routeA_experiments/data/final_ood_frozen_v1/slit_bridge/sample_0002.npz,5aa31e0476a00717a676402ae73bf67f0900790fbaaba0689885a4f4d81b1d01,0.0021416249801404774,0.10878379079079632,0.7867545739283782,0.7874248251318932,0.4945533499121666,0.6586222179234026
fine_control,53,slit_bridge,3,private-source://routeA_experiments/data/final_ood_frozen_v1/slit_bridge/sample_0003.npz,fa2249a12bd45ebd5bf12289d408b399125153ec7a74d5498b2d06c116f8f405,0.0021251199941616505,0.12538861545538232,1.146751738517839,0.8655692338943481,0.5434591695666313,0.7426058687269687
fine_control,53,slit_bridge,4,private-source://routeA_experiments/data/final_ood_frozen_v1/slit_bridge/sample_0004.npz,4006cdfdceb8abe632e2df62c467d010fb9761bec6322c363b9f3abbc55829d4,0.002179517992772162,0.10570512698460115,0.7625314243626405,0.8140029311180115,0.4876464270055294,0.7010907948017095
fine_control,53,slit_bridge,5,private-source://routeA_experiments/data/final_ood_frozen_v1/slit_bridge/sample_0005.npz,1ea410d183d08cc06714b087bb528e626a67090d2f8931f1f61a73ddeff9902a,0.0022743719746358693,0.12307298989766367,1.59068707979005,0.8922160193324089,0.5889466202352196,0.7544679604470722
fine_control,53,slit_bridge,6,private-source://routeA_experiments/data/final_ood_frozen_v1/slit_bridge/sample_0006.npz,2b2b41c1ab84aefad645e09329749a0c4789e3a60b3931b89e053a383e66541e,0.002114881994202733,0.1150968933212417,1.9646309377483187,0.9480097815394402,0.5398579250322655,0.6443989115417934
fine_control,53,slit_bridge,7,private-source://routeA_experiments/data/final_ood_frozen_v1/slit_bridge/sample_0007.npz,e99898145655a5c1ce681d0eb3c7597d5032c10b823f0c114d9a1b16467ea524,0.002129195025190711,0.06561667825410071,0.42132227205418776,0.44434405118227005,0.2634375989437103,0.3616382002830505
fine_control,53,slit_bridge,8,private-source://routeA_experiments/data/final_ood_frozen_v1/slit_bridge/sample_0008.npz,6e17a3aa2c3547f8d5c7c15a2ba8d09341c289bc2a2f8cc11cd61460dd0a75b4,0.0022346730111166835,0.11837128409044588,0.8395480708899781,0.7684521451592445,0.5043708346784115,0.6564703263342379
fine_control,53,slit_bridge,9,private-source://routeA_experiments/data/final_ood_frozen_v1/slit_bridge/sample_0009.npz,cc5b71a537246355e6aa5eb87b1ec934946edb1d31595b1d37e482e2b73e96e4,0.0022745869937352836,0.096372643015708,0.7338809986850859,0.7226705849170685,0.4317352771759033,0.5513608239591121
fine_control,53,slit_bridge,10,private-source://routeA_experiments/data/final_ood_frozen_v1/slit_bridge/sample_0010.npz,87874a0f11d5ca1214cb1c831735689324f5d265f0ad734b920d4aea56a205a8,0.002106652013026178,0.10160912954729524,0.9075270447190652,0.6601250898092985,0.47351444885134697,0.5394455201923845
fine_control,53,slit_bridge,11,private-source://routeA_experiments/data/final_ood_frozen_v1/slit_bridge/sample_0011.npz,a23d58d483f0ee7d7d9ad82447d292fdde0c9f6964a6ce9759730ce9671620fc,0.002191503008361906,0.12916836488865918,1.1694473248374244,0.8839999809861183,0.5567432306706905,0.7091745533049105
fine_control,53,slit_bridge,12,private-source://routeA_experiments/data/final_ood_frozen_v1/slit_bridge/sample_0012.npz,1bf5b6c8a99e6b1af341524d638c181408e613ec93db7fb6986f600e0e3c65a1,0.0022071590065024793,0.06590400484503942,0.5263905879003824,0.5039983987808228,0.2554839625954628,0.3536153748631474
fine_control,53,slit_bridge,13,private-source://routeA_experiments/data/final_ood_frozen_v1/slit_bridge/sample_0013.npz,1adafcde8c3f4e445b1b034d25421d3a48662f83f441bf0eecdee27f12cecbc3,0.002155430003767833,0.08029798348962551,0.6081241144717786,0.5741678476333618,0.38214679062366486,0.495745874941349
fine_control,53,slit_bridge,14,private-source://routeA_experiments/data/final_ood_frozen_v1/slit_bridge/sample_0014.npz,64b0e9dc29123e952cb0d300a00469414c7c7f76a16dd935a75e7624fe912b36,0.002064339001663029,0.11734512895855059,1.1571617161666738,0.9114693328738213,0.543346987105906,0.7164201550185676
fine_control,53,slit_bridge,15,private-source://routeA_experiments/data/final_ood_frozen_v1/slit_bridge/sample_0015.npz,b9c330fa4cfc004b6beec69ac0615be8854455f9775205c11364db4615c089be,0.0021648419788107276,0.1191783461923121,0.9310557340772766,0.8086594641208649,0.5602798499166965,0.7186030030250546
fine_control,53,slit_bridge,16,private-source://routeA_experiments/data/final_ood_frozen_v1/slit_bridge/sample_0016.npz,596996fb6aeff6e88332008eed32b4b95f86de86801a1640f6de12786cd403d3,0.002104148006765172,0.07277063640831698,0.6298823344533154,0.8019302748143673,0.3563191592693329,0.4665189173072575
fine_control,53,slit_bridge,17,private-source://routeA_experiments/data/final_ood_frozen_v1/slit_bridge/sample_0017.npz,312eedbc05e5128aebccd1eda0cb448659dcf770824e39ef15c6231d604d0095,0.00211047098855488,0.11178250719354824,0.9765485841349075,0.8329085037112236,0.4973875768482685,0.6219258975237607
fine_control,53,slit_bridge,18,private-source://routeA_experiments/data/final_ood_frozen_v1/slit_bridge/sample_0018.npz,41e1f220b6752fc77a60ab80dca4c8628042e5d54833a97c9832832e8db500e2,0.0023736169969197363,0.0618824076777272,0.3725063309024172,0.5659454241394997,0.24624687060713768,0.3662892863154411
fine_control,53,slit_bridge,19,private-source://routeA_experiments/data/final_ood_frozen_v1/slit_bridge/sample_0019.npz,b97fe8016fb4c7d7995df4c42b480dce1072ee7db9abb641c503877913ffce9c,0.002361841994570568,0.10356821242265314,0.812098651715184,0.7269764244556427,0.47058687917888165,0.6135013431310639
fine_control,53,slit_bridge,20,private-source://routeA_experiments/data/final_ood_frozen_v1/slit_bridge/sample_0020.npz,994e03c5207e2ae7356bc74d2f380fd7f474af9a82fe4a9bb90585ddb10c1fb7,0.0021286729897838086,0.11586982954719689,1.0426183690791482,0.8906132355332375,0.5641799867153168,0.7631081931293002
fine_control,53,slit_bridge,21,private-source://routeA_experiments/data/final_ood_frozen_v1/slit_bridge/sample_0021.npz,1456683b4642362ec663cedabc21c8bb0ed3f06ae1beb9ca35a8ac02768d7f01,0.002105084015056491,0.0983256287656637,0.7461817531264997,0.668660581111908,0.45384974032640457,0.5731675505638121
fine_control,53,slit_bridge,22,private-source://routeA_experiments/data/final_ood_frozen_v1/slit_bridge/sample_0022.npz,c36a4db85f26e6cbe9c3036e9cf2ad4c578008898c1405c54c1e0914ccc8ef1c,0.002114745002472773,0.10000393218237534,0.7585568316276999,0.7581801414489746,0.4265339598059654,0.5757506251335144
fine_control,53,slit_bridge,23,private-source://routeA_experiments/data/final_ood_frozen_v1/slit_bridge/sample_0023.npz,610587d7aa0593f777b96e6fdb4fdcf2ebc68a867c186890c7838e7b2d944c00,0.0021108970104251057,0.1158946170114703,0.9986189248388571,0.7780093252658844,0.5387834124267101,0.6316624909639349
fine_control,53,slit_bridge,24,private-source://routeA_experiments/data/final_ood_frozen_v1/slit_bridge/sample_0024.npz,959eeaf23d4f71a25e7eff4fc4c4640be516df58074ab3dad10126c1ca5ed619,0.002179949020501226,0.13556143387293723,1.779614660203294,0.9416785016655922,0.5895418459549546,0.6767248198390003
fine_control,53,slit_bridge,25,private-source://routeA_experiments/data/final_ood_frozen_v1/slit_bridge/sample_0025.npz,12244099e66cc796717b1ac4a0197a86db0d3832ae8f92f8b6285b350ded04cd,0.0021040629944764078,0.07388068535354402,0.5377091599368937,0.560346357524395,0.32565663382411003,0.43879700899124136
fine_control,53,slit_bridge,26,private-source://routeA_experiments/data/final_ood_frozen_v1/slit_bridge/sample_0026.npz,8ec7e62775275cf1cdcb11a3a5070589032551c0222125cc6f2572c5b6100c1e,0.0021668880071956664,0.11414024807772515,0.8791973457203673,0.793989509344101,0.49614524748176336,0.6584016203880307
fine_control,53,slit_bridge,27,private-source://routeA_experiments/data/final_ood_frozen_v1/slit_bridge/sample_0027.npz,a57e3c4af7915d4277fe784929f02e1108f70b06739b89cc49e2f31db68759d6,0.0021156099974177778,0.08139493665523034,0.617497917944316,0.6248167157173157,0.3338749185204506,0.42346323728561364
fine_control,53,slit_bridge,28,private-source://routeA_experiments/data/final_ood_frozen_v1/slit_bridge/sample_0028.npz,129f68b38d7e4376d96e492a23bdc037ec06345501698eb53f87dc4c2bdcf26b,0.0020412299782037735,0.08958698021395682,0.6078531245883843,0.5245211720466614,0.40077200531959534,0.49715496003627774
fine_control,53,slit_bridge,29,private-source://routeA_experiments/data/final_ood_frozen_v1/slit_bridge/sample_0029.npz,d7be996266c698efe66a16bcc34de0aff06589c37bb8599f9f62b3c06206baa6,0.0021239589841570705,0.06015340545158636,0.4301308089662609,0.5761096477508545,0.2197880558669567,0.3276174038648601
fine_control,53,slit_bridge,30,private-source://routeA_experiments/data/final_ood_frozen_v1/slit_bridge/sample_0030.npz,b09f05e8c2f7a9d479d786d72d681814f27d08ee89b3d974343fd2b090a1ce6a,0.0022853609989397228,0.10230220868070643,0.7531789403298816,0.6848121583461761,0.46430020965635777,0.5527835480868815
fine_control,53,slit_bridge,31,private-source://routeA_experiments/data/final_ood_frozen_v1/slit_bridge/sample_0031.npz,bc00125fdaa393e280c5352531595db001f7ddb3deb151245917cd589e5c31f0,0.002163602999644354,0.05219614322324279,0.3287841012500003,0.565263569355011,0.19260422885417938,0.3053162097930908
fine_control,53,slit_bridge,32,private-source://routeA_experiments/data/final_ood_frozen_v1/slit_bridge/sample_0032.npz,210304fe0d7d8f0427af5f9a0754f958b13e7ca893e23870daca6089c7494849,0.002174132998334244,0.07588353857676357,0.5451778729142872,0.58453369140625,0.3209247887134552,0.4437892138957976
fine_control,53,slit_bridge,33,private-source://routeA_experiments/data/final_ood_frozen_v1/slit_bridge/sample_0033.npz,27aec766b6350542fba91a6efe33f57848a74817bca29836eb0daa48b8186c28,0.0021056609984952956,0.1137568951374766,0.9735550733951474,0.7957336008548737,0.5320269837975502,0.6901424854993816
fine_control,53,slit_bridge,34,private-source://routeA_experiments/data/final_ood_frozen_v1/slit_bridge/sample_0034.npz,188e43a83a5baeee871f92676435b8b14ff91c60dfed2c7edaee32a7c3fe7437,0.0020934389904141426,0.08791333288759022,0.710336512523252,0.5950601994991302,0.4077099785208702,0.49872736707329746
fine_control,53,slit_bridge,35,private-source://routeA_experiments/data/final_ood_frozen_v1/slit_bridge/sample_0035.npz,7b87bcf793f11163ce8025e6ca4bc45abb9b34cf709bd1bb8b9fb68b3a8dabe4,0.0021044430031906813,0.10055035955791156,0.8095270364938688,0.7325591444969177,0.47993532195687294,0.5660892985761166
fine_control,53,slit_bridge,36,private-source://routeA_experiments/data/final_ood_frozen_v1/slit_bridge/sample_0036.npz,4c37861366bb2835c656390a05790cc29a37a467fa5c97e436d4dc5e6180c227,0.0021804479765705764,0.06858701242837141,0.5660538344440131,0.7737254202365875,0.2629487216472626,0.4378317303955554
fine_control,53,slit_bridge,37,private-source://routeA_experiments/data/final_ood_frozen_v1/slit_bridge/sample_0037.npz,8fbc3afcf65822fdaf99fdeb4b9caaacaaa2422144e57b088e882fc0dcbcdfe9,0.002227541001047939,0.1153778404729275,0.8992515464244474,0.9388218601234257,0.540869202464819,0.6901660591363904
fine_control,53,slit_bridge,38,private-source://routeA_experiments/data/final_ood_frozen_v1/slit_bridge/sample_0038.npz,d8aa380b826e09980e586e8dcd26acff520e462dddbb758d989ce305a62e2bd2,0.0021020919957663864,0.10996249987414747,0.805146317959184,0.8288998007774353,0.5262153642252088,0.7312380783259868
fine_control,53,slit_bridge,39,private-source://routeA_experiments/data/final_ood_frozen_v1/slit_bridge/sample_0039.npz,5773aed921a57866510a828614cf323ba3e5c1f662198f68ba30e9cd435e428d,0.002216318011051044,0.10019736834286018,1.0283257076542272,0.7604742348194122,0.4730524607002735,0.6222707662731409
fine_control,53,slit_bridge,40,private-source://routeA_experiments/data/final_ood_frozen_v1/slit_bridge/sample_0040.npz,10b3fc9be817d0fa28e4f2ad0ce1679a84b2986a85b9c817ff380bc606731884,0.002146462007658556,0.11841749363673913,0.9323118633572084,0.7930128574371338,0.5087420754134655,0.652709960937499
fine_control,53,slit_bridge,41,private-source://routeA_experiments/data/final_ood_frozen_v1/slit_bridge/sample_0041.npz,cdde49a6f56183448eeefafbf84517c5719d37b8e33b5fb3d5907c79ec0c3d4d,0.002258167980471626,0.08971569194724353,0.7190413967001983,0.5568560063838959,0.41714926064014435,0.5351670376956462
fine_control,53,slit_bridge,42,private-source://routeA_experiments/data/final_ood_frozen_v1/slit_bridge/sample_0042.npz,bd82adbf113c51db9c8fdb7ae61bdfb4b0de8fd0738107c1b16747edf214ed83,0.002129975997377187,0.05799667565353755,0.33645569466640046,0.4565731296315789,0.22067074477672577,0.34064605459570874
fine_control,53,slit_bridge,43,private-source://routeA_experiments/data/final_ood_frozen_v1/slit_bridge/sample_0043.npz,1b05a0e90cb92ad13e160cd9d88d3ccd24a5d5042572cbdeb6c780eb7c691723,0.002157581999199465,0.11558364967948388,1.1236751531298073,0.8345796167850494,0.5391031838953495,0.6630866847932333
fine_control,53,slit_bridge,44,private-source://routeA_experiments/data/final_ood_frozen_v1/slit_bridge/sample_0044.npz,9eab1dd2e918e6415c0ac9317c974fb554285878086fbcec4685c90b0a603efd,0.0022090520069468766,0.11860545789688987,1.1868010109592373,0.8004172816872597,0.527265565469861,0.6425210177898407
fine_control,53,slit_bridge,45,private-source://routeA_experiments/data/final_ood_frozen_v1/slit_bridge/sample_0045.npz,28399d49797881f5a264063c34c2a36369094141bb9cf4c05cbdaee4d1f32c15,0.002207634999649599,0.12390912780548913,1.3603686308887917,0.9339006021618843,0.5800566663965583,0.7173305422067641
fine_control,53,slit_bridge,46,private-source://routeA_experiments/data/final_ood_frozen_v1/slit_bridge/sample_0046.npz,137e9591ce0032a2d71b366e44219ca9b23cbd2f3a421043183f5c5f8e25cd7f,0.0021672259899787605,0.07723006397185654,0.6577277319935547,0.561461478471756,0.3994342125952244,0.4716212585568426
fine_control,53,slit_bridge,47,private-source://routeA_experiments/data/final_ood_frozen_v1/slit_bridge/sample_0047.npz,a34fc43c7eb5b8809b22c7c026452d2278be0d7636bd62dbf7db0e72488bfe93,0.0021904039895161986,0.10018293687321889,0.6814007821862486,0.685420036315918,0.4579080045223236,0.5390776127576827
fine_control,53,slit_bridge,48,private-source://routeA_experiments/data/final_ood_frozen_v1/slit_bridge/sample_0048.npz,d3dea4d451c780395aeec9e434f3f3426fa5b35717d062d652d0000cb4849ab0,0.0021872000070288777,0.1089769295245093,0.9307189878328606,0.794876903295517,0.47305087745189667,0.6540660202503198
fine_control,53,slit_bridge,49,private-source://routeA_experiments/data/final_ood_frozen_v1/slit_bridge/sample_0049.npz,65ea22db20d21e0adb8290dfc006ce6871e3b0e95cbda2d1b6dc4212521b340d,0.0021395440271589905,0.0824716463912413,0.7138070460157511,0.713798500597477,0.39770204201340675,0.5099449828267097
fine_control,53,slit_bridge,50,private-source://routeA_experiments/data/final_ood_frozen_v1/slit_bridge/sample_0050.npz,84c0049ab4231171d59431596c6d5ee4a6296eb0688530fec168df065e5f3736,0.002226891985628754,0.10588924767585962,0.8791358740057722,0.7693305015563965,0.49068328738212585,0.6374948203563684
fine_control,53,slit_bridge,51,private-source://routeA_experiments/data/final_ood_frozen_v1/slit_bridge/sample_0051.npz,4a2b9189cfb9e62a2d88e9b4f0538c291df4cf2365fc6101f7bcb0ca5ea19039,0.0021701459772884846,0.11513933744308781,1.2554981386331168,0.8263393938541412,0.5487547256052494,0.6521472781896583
fine_control,53,slit_bridge,52,private-source://routeA_experiments/data/final_ood_frozen_v1/slit_bridge/sample_0052.npz,7a6182ea0d10e503b4488744930d05c12fe0a98749a0f08c0bf9a0ade333130c,0.0021530660160351545,0.1276929459788602,0.9573573770048752,0.7982640862464905,0.5501405857503414,0.7373321264982219
fine_control,53,slit_bridge,53,private-source://routeA_experiments/data/final_ood_frozen_v1/slit_bridge/sample_0053.npz,f38fc50a05bb0fe7cbe4b70cd13485a58e43ff94c9c22822cb929aed2391bc79,0.0021600989857688546,0.07037808492993716,0.5920377255983013,0.5538597106933594,0.26959629356861115,0.3938110113143918
fine_control,53,slit_bridge,54,private-source://routeA_experiments/data/final_ood_frozen_v1/slit_bridge/sample_0054.npz,523ec7f16e149a678ab1eee24891a839649693313f63f9f03417215898e364c2,0.002128672000253573,0.10651853906157409,0.9335722918019898,0.9725690213963389,0.4611426070332527,0.5693335592746733
fine_control,53,slit_bridge,55,private-source://routeA_experiments/data/final_ood_frozen_v1/slit_bridge/sample_0055.npz,a11a3648b53fa4f131e8a071f27bd07db354d48796864dbb9f50084862cbf7af,0.002123409998603165,0.09726447100264705,0.614994435578445,0.7093103155493736,0.38499782979488373,0.5963543418794865
fine_control,53,slit_bridge,56,private-source://routeA_experiments/data/final_ood_frozen_v1/slit_bridge/sample_0056.npz,754e5a373c358a5e7e5648b5ee524f7f3caf5be3ad24ca01b4bbaa5930f3722f,0.0021650750131811947,0.07681133617427108,0.4745089644246187,0.5626935064792633,0.3119450956583023,0.48688891977071763
fine_control,53,slit_bridge,57,private-source://routeA_experiments/data/final_ood_frozen_v1/slit_bridge/sample_0057.npz,88bdcbb6787810fba1f67ab1e1d706c0a0449080180a5731fe9e830cd5c1781e,0.0021529599907808006,0.10914222449508346,0.8261080057021472,0.8025329411029816,0.46812174282968044,0.6162894219160079
fine_control,53,slit_bridge,58,private-source://routeA_experiments/data/final_ood_frozen_v1/slit_bridge/sample_0058.npz,25dc8c7315b0e070c4b3619308cd7da2f67091e9d12652a39dff2c4abf512a48,0.002119597018463537,0.06851322593141719,0.5455456980046239,0.5508295297622681,0.2450605072081089,0.43292785435914943
fine_control,53,slit_bridge,59,private-source://routeA_experiments/data/final_ood_frozen_v1/slit_bridge/sample_0059.npz,8537f0d12de7433ac2c634794f33eec0a1ef183fb6a9871cd07ec6fe9960e78c,0.002307683986146003,0.10182342256839787,0.9213580590267433,0.7269411981105804,0.45318275690078735,0.5856481954455374
fine_control,53,slit_bridge,60,private-source://routeA_experiments/data/final_ood_frozen_v1/slit_bridge/sample_0060.npz,ccb10d13e92987f9e92f19f57b8c828d1cec71baabf49eeda5b8131c81cffaae,0.002184949000366032,0.09559336425928669,0.7743329418844013,0.7278563380241394,0.4599863067269325,0.5866654515266418
fine_control,53,slit_bridge,61,private-source://routeA_experiments/data/final_ood_frozen_v1/slit_bridge/sample_0061.npz,617d3d8d6e33e0cd8b2d68db50b259c76f1b572922b1f4eafd14d5c95f7f2927,0.002081394981360063,0.11474989048910685,0.8348374816735494,0.7867868542671204,0.4696974568068981,0.6148954004049295
fine_control,53,slit_bridge,62,private-source://routeA_experiments/data/final_ood_frozen_v1/slit_bridge/sample_0062.npz,4cb6187852b50d7a648cc396d4b92a5199fc15e009d3e6afe856b73e4795fb3c,0.0021172399865463376,0.123956829532739,0.976529629444008,0.8796935304999352,0.5677975229918957,0.8074997901916502
fine_control,53,slit_bridge,63,private-source://routeA_experiments/data/final_ood_frozen_v1/slit_bridge/sample_0063.npz,dac27c2cdc3cfd09038c74bf4bee8892e3fbd4242d4ae68cf068121304f4b392,0.002124550985172391,0.1300949930190704,1.1841415048370216,0.9195790812373161,0.5479113031178713,0.7967912882566449
fine_control,53,slit_bridge,64,private-source://routeA_experiments/data/final_ood_frozen_v1/slit_bridge/sample_0064.npz,42bf6e538ce7971d6bb267afcbb5017c74c7ee0a38eeeb22b770afd6da523ffd,0.002186091005569324,0.08780592731505837,0.6114641800857372,0.6666833162307739,0.3460632711648941,0.5133384376764296
fine_control,53,slit_bridge,65,private-source://routeA_experiments/data/final_ood_frozen_v1/slit_bridge/sample_0065.npz,8ae70c1cc087b2cb14feefb626847c8e54e0ee1ff237949762758fc9fef1ccfe,0.0021879299893043935,0.11205238372648844,0.8656934278048753,0.7718116343021393,0.5464699566364288,0.6711267858743666
fine_control,53,slit_bridge,66,private-source://routeA_experiments/data/final_ood_frozen_v1/slit_bridge/sample_0066.npz,bf5bec0125f3e132a0234c3c65c18310c2a824fe299149a53c91065ba9684ebc,0.0021736419876106083,0.05434801834607035,0.37660458405400943,0.7686919569969177,0.21355740074068308,0.3286765992641448
fine_control,53,slit_bridge,67,private-source://routeA_experiments/data/final_ood_frozen_v1/slit_bridge/sample_0067.npz,c4c4d08eb71d2a88a3573896b8651cdf6ff3433eaf00aef21e8815ee63c8636b,0.002138622017810121,0.08002413384613458,0.594344144432404,0.6092553734779358,0.37149690464138985,0.470484275370836
fine_control,53,slit_bridge,68,private-source://routeA_experiments/data/final_ood_frozen_v1/slit_bridge/sample_0068.npz,9d5bf135c023eb440f5e2fcdbcd3144986ccea4a471e8d876188876d1f874f48,0.0021273469901643693,0.11408939911159456,1.1202701624653937,1.1211459231562912,0.4805216006934643,0.5937278024852275
fine_control,53,slit_bridge,69,private-source://routeA_experiments/data/final_ood_frozen_v1/slit_bridge/sample_0069.npz,5c786c1f5b59aea34b782d6d4f11df00e05c430f5d55022b5da71cb4fb8d0930,0.0021263230009935796,0.1191890825738773,0.9826005589818402,0.8411571979522705,0.5385018829256296,0.6872061289846894
fine_control,53,slit_bridge,70,private-source://routeA_experiments/data/final_ood_frozen_v1/slit_bridge/sample_0070.npz,ed31a0aa3d983e019a2886acd9e424e492ee60dd9051fcd420f294aa7d65556d,0.002117006020853296,0.09874338724623925,0.8348448687180854,0.7784912511706352,0.44077807664871216,0.5640739262104034
fine_control,53,slit_bridge,71,private-source://routeA_experiments/data/final_ood_frozen_v1/slit_bridge/sample_0071.npz,392690e82cd3c5edc07092ea1286bb31ee5ff623427f4ad994d7d81479d6dab4,0.0023112559865694493,0.0813647747622976,0.7561573745006512,0.8025519922375679,0.3922508433461189,0.5181105300784111
fine_control,53,slit_bridge,72,private-source://routeA_experiments/data/final_ood_frozen_v1/slit_bridge/sample_0072.npz,13d1458cb7f3b3c59870f9253bb955db809110e13c2d3e0b7bd73b1dc03bcc6b,0.0020410330034792423,0.09302657875248901,0.9152824270319314,0.7190749943256378,0.43968890607357025,0.5492052182555198
fine_control,53,slit_bridge,73,private-source://routeA_experiments/data/final_ood_frozen_v1/slit_bridge/sample_0073.npz,abe7b6b76ff8f9f9514fc6c9452f5d49124e62bec9ef2160c3a275b0c13db251,0.002155046007828787,0.12449079654609953,1.106643862668967,0.8570945784449577,0.5484459139406681,0.6396743915975085
fine_control,53,slit_bridge,74,private-source://routeA_experiments/data/final_ood_frozen_v1/slit_bridge/sample_0074.npz,51ff9c6ba58e09f4038fba26fc78e8d866d805ea092ff9a4834e7d07d5b953c3,0.0021284609974827617,0.05423183617439199,0.3710554956674477,0.41567397117614746,0.20401308685541153,0.30209050700068446
fine_control,53,slit_bridge,75,private-source://routeA_experiments/data/final_ood_frozen_v1/slit_bridge/sample_0075.npz,295242b0a3c4441b1839c2e51ada10cd8d911b42bc383c1c876668ed7db69aca,0.002094277006108314,0.07219240344792782,0.5862143643888535,0.5390304625034332,0.3033337667584419,0.46443465799093225
fine_control,53,slit_bridge,76,private-source://routeA_experiments/data/final_ood_frozen_v1/slit_bridge/sample_0076.npz,beb19109c76423a493f2dce420b9e7186ae828c5f8afa7330784720dd627942a,0.00225153099745512,0.11356751724972852,0.88180092149465,0.777502179145813,0.5222662501037121,0.6577138096094132
fine_control,53,slit_bridge,77,private-source://routeA_experiments/data/final_ood_frozen_v1/slit_bridge/sample_0077.npz,2b930b075d3b18dc862520638716d3ca8b214cccc86033c8a5389cf1eee32caf,0.0021042659936938435,0.10934713198225095,0.9832778281492247,0.9151369258761406,0.5222796574234962,0.6736004441976546
fine_control,53,slit_bridge,78,private-source://routeA_experiments/data/final_ood_frozen_v1/slit_bridge/sample_0078.npz,81766226a2c457e6280404619b8b2ac47bc63cd5302a18b5988528768c89a906,0.0022550450230482966,0.11539043583357558,0.9675704960223231,0.8365328386425972,0.504601227119565,0.6731660254299638
fine_control,53,slit_bridge,79,private-source://routeA_experiments/data/final_ood_frozen_v1/slit_bridge/sample_0079.npz,39d04f6918bf1e91b48064494be9aa05bd75bf2d12d1b69e17182fdccc736084,0.0022878340096212924,0.07841270068127201,0.5094631684069072,0.5318187475204468,0.3151090368628502,0.4261595368385312
fine_control,53,slit_bridge,80,private-source://routeA_experiments/data/final_ood_frozen_v1/slit_bridge/sample_0080.npz,34759e2ce25b3deafb7b86e4a166e29aa7b6ad6312b24ec108b7195308a75605,0.002111842011800036,0.12299540961685707,1.26665714496903,0.9141533598303795,0.5669643664732575,0.737823911011219
fine_control,53,slit_bridge,81,private-source://routeA_experiments/data/final_ood_frozen_v1/slit_bridge/sample_0081.npz,c09c71d395b921fd42317ee8257d8e8ca0fefc88548e7044fde1c9427bc01d57,0.002269088989123702,0.059859861331970195,0.3639657304333219,0.5552596971392632,0.23182719945907593,0.3444608047604559
fine_control,53,slit_bridge,82,private-source://routeA_experiments/data/final_ood_frozen_v1/slit_bridge/sample_0082.npz,76690bbcb43ff947e8588630e8c1f5eaeae09d80c05290dd16299c07f4b07db3,0.0020984250004403293,0.06440276284453518,0.4330447614768392,0.46318745613098145,0.27389463409781456,0.403846335411071
fine_control,53,slit_bridge,83,private-source://routeA_experiments/data/final_ood_frozen_v1/slit_bridge/sample_0083.npz,b13467cf03c2c8574ad8306306835f018286494378025cc13aa4b84ebb20ce43,0.0021994550188537687,0.1322617656800084,2.3877261893328163,0.9562536850571632,0.5842764838889707,0.6612294915947131
fine_control,53,slit_bridge,84,private-source://routeA_experiments/data/final_ood_frozen_v1/slit_bridge/sample_0084.npz,9c49b44f5bee1f5433dbba97fd43f3fbe29009da78b18d356f171b5351154266,0.002196161018218845,0.05711342101494504,0.3998792592910869,0.5415469408035278,0.21862098574638367,0.34707423672079996
fine_control,53,slit_bridge,85,private-source://routeA_experiments/data/final_ood_frozen_v1/slit_bridge/sample_0085.npz,f99b2ecfc893456f4094ee49f725dacd918863f2c57f06cd9486ed733ef4c220,0.0021994349954184145,0.11691044821299416,1.097119121772405,0.9272558316588402,0.5338412337005138,0.7307787805795666
fine_control,53,slit_bridge,86,private-source://routeA_experiments/data/final_ood_frozen_v1/slit_bridge/sample_0086.npz,fa0010c85def531807bfac046d520a0e1fcfa53f399129a530872a5ed7c486e8,0.002094392984872684,0.11473412007721781,0.9477847028362185,0.8425528705120087,0.5682384027168155,0.7157761819660658
fine_control,53,slit_bridge,87,private-source://routeA_experiments/data/final_ood_frozen_v1/slit_bridge/sample_0087.npz,c71c435433f07e222a9c7657e14158b1582d4eb606c1feec9a70429635dc0db8,0.002119192009558901,0.10104752400512673,0.8892689657584377,0.6912981271743774,0.489700086414814,0.6172246485948562
fine_control,53,slit_bridge,88,private-source://routeA_experiments/data/final_ood_frozen_v1/slit_bridge/sample_0088.npz,356663c8d9f185922d520ff8cab4336c663ae05fa5851257b47fd5a7f2890d38,0.0022508389956783503,0.12063791023513146,0.962140897537123,0.8256224915385246,0.5326923970133066,0.6908162675797939
fine_control,53,slit_bridge,89,private-source://routeA_experiments/data/final_ood_frozen_v1/slit_bridge/sample_0089.npz,8a9067dfbc0e5c2e206260b72a5ca217d4c4ab8591213e41f21555fef28ede5c,0.0021785869903396815,0.08235301912384947,0.6836033326398496,0.5941757559776306,0.38109640404582024,0.4728232167661189
fine_control,53,slit_bridge,90,private-source://routeA_experiments/data/final_ood_frozen_v1/slit_bridge/sample_0090.npz,e8f22014254e79ac9ea4af542bb6a6578f4d3903902c242153233437a8df0eca,0.0021844660222996026,0.11682603211127937,0.9417294455934297,0.7745080888271332,0.5273999869823456,0.6504136025905606
fine_control,53,slit_bridge,91,private-source://routeA_experiments/data/final_ood_frozen_v1/slit_bridge/sample_0091.npz,9ac5d5dae9509b1d341ae8236d8e0bd3b682e73f0fabd2327bc777955fc68672,0.002208816003985703,0.0801011162154005,0.5230409515769835,0.6659927070140839,0.34550102055072784,0.5293028801679607
fine_control,53,slit_bridge,92,private-source://routeA_experiments/data/final_ood_frozen_v1/slit_bridge/sample_0092.npz,fce6d4931689f991567299750cb2e58ba69a69fb8a7ea9ca2b6623d311e269b9,0.0021726529812440276,0.07615937729872642,0.6011015763419165,0.5933628492057323,0.33674492686986923,0.4762255065143104
fine_control,53,slit_bridge,93,private-source://routeA_experiments/data/final_ood_frozen_v1/slit_bridge/sample_0093.npz,ba68ade9b7a7667d9de5bbb4e80fd05e409e86460843549762f31a41447162d1,0.0021767999860458076,0.11505533241420976,1.062624238828847,0.8379151448607445,0.5656907223165035,0.6249578230082987
fine_control,53,slit_bridge,94,private-source://routeA_experiments/data/final_ood_frozen_v1/slit_bridge/sample_0094.npz,ccba8ddededbe3b30aeff76d268cff5c811b3ec60c50fc5e9c8ad0ef75b4658f,0.002101486985338852,0.08144476508024276,0.699078013443824,0.6244344636797905,0.36879225447773933,0.5312711946666241
fine_control,53,slit_bridge,95,private-source://routeA_experiments/data/final_ood_frozen_v1/slit_bridge/sample_0095.npz,d8673dac77deb264dbb605e3b8da123628dc8c82574f2e781ca0ed91d7e7ce88,0.0022348490019794554,0.10371880585153226,0.9387535237785523,0.7935285791754723,0.4585258737206459,0.630646651983261
fine_control,53,slit_bridge,96,private-source://routeA_experiments/data/final_ood_frozen_v1/slit_bridge/sample_0096.npz,88387af9839890df82ba2388bdcdfa95d6200c6b8848f9cbfc0dda3b8e1f5f31,0.0022099079797044396,0.1088388546911259,0.8678597383007658,0.9246271476149559,0.47353762947022915,0.6981113910675047
fine_control,53,slit_bridge,97,private-source://routeA_experiments/data/final_ood_frozen_v1/slit_bridge/sample_0097.npz,042e86e783efa3942e62430f3045cf582a6d959709c938cb225b92bc44bcc64f,0.002244661998702213,0.10503809187598821,0.727128556638951,0.735729306936264,0.4528582841157913,0.6088940560817716
fine_control,53,slit_bridge,98,private-source://routeA_experiments/data/final_ood_frozen_v1/slit_bridge/sample_0098.npz,f76accedd1c25ec4c7b700fef8f7e440bff7ca6d234800cb8d3b4cd6f7f7b8e6,0.0021852710051462054,0.0764055356680317,0.6443728724776709,0.6288971900939941,0.3532129116356373,0.4715947620570658
fine_control,53,slit_bridge,99,private-source://routeA_experiments/data/final_ood_frozen_v1/slit_bridge/sample_0099.npz,6a4b39b6a971b50d0cd5a3eefaf6a1f3f142b0d9ecee397ce1ff23093f6a46d9,0.002180608018534258,0.08583966667904315,0.6424209134908943,0.6633976697921753,0.40416119992733,0.549675804749131
fine_control,53,slit_bridge,100,private-source://routeA_experiments/data/final_ood_frozen_v1/slit_bridge/sample_0100.npz,09c098f8500ef7ae13df30b97fd58bdcffba8843b115a610318dc18f65ef3540,0.0021839120017830282,0.10879912230436924,1.0237932130487954,0.7886353731155396,0.5077337138354778,0.6059788025915621
fine_control,53,slit_bridge,101,private-source://routeA_experiments/data/final_ood_frozen_v1/slit_bridge/sample_0101.npz,3671b99524219e4e7f1acd583f0a9f657d15a23a30ed3d575564b8f9d92d770e,0.0022175880149006844,0.05865271678907087,0.3729289157918868,0.5477766692638397,0.22311194241046906,0.3493460722267628
fine_control,53,slit_bridge,102,private-source://routeA_experiments/data/final_ood_frozen_v1/slit_bridge/sample_0102.npz,b8b9ab3a97d31d7c91628f73ac4db6371901871d302b30af028ae7297b2b153b,0.0020638419955503196,0.12739417311230342,1.7930015949554359,0.9414068683981895,0.5748333553783596,0.6821835629642008
fine_control,53,slit_bridge,103,private-source://routeA_experiments/data/final_ood_frozen_v1/slit_bridge/sample_0103.npz,9f972861588cfdfdfbc3d1b3492908230dc44d640058083aa85270fbceb816f9,0.00220400802209042,0.07890218719158762,0.6525346734013168,0.58726567029953,0.343750536441803,0.4784286886453627
fine_control,53,slit_bridge,104,private-source://routeA_experiments/data/final_ood_frozen_v1/slit_bridge/sample_0104.npz,762aadec5fa91e8e7a7f85a7683286f4a4fa0192f736680d733b0707b91d4494,0.002112820977345109,0.1174189768569227,1.0173560199259115,0.7732409238815308,0.5426103882491589,0.6728826761245726
fine_control,53,slit_bridge,105,private-source://routeA_experiments/data/final_ood_frozen_v1/slit_bridge/sample_0105.npz,713c1a733e7b6f8c51dfe4d3f144d58d7ee189053361d35b7cb0099d093f55b6,0.0022246539883781224,0.10713667852120849,0.9151045876104259,0.9398079141974449,0.4764992408454418,0.6645018883049478
fine_control,53,slit_bridge,106,private-source://routeA_experiments/data/final_ood_frozen_v1/slit_bridge/sample_0106.npz,73c88046498ca7cb948857d6c873d10ec1b1bb70ce8813a259156f5e49c803e0,0.002139332005754113,0.10045917900564655,0.9030394395253518,0.683091240003705,0.4435863997787237,0.5596857167780397
fine_control,53,slit_bridge,107,private-source://routeA_experiments/data/final_ood_frozen_v1/slit_bridge/sample_0107.npz,8e962067b4a867a40f8b8f07d19dbcf42eb4d7a6b08ac522bd140e761933b129,0.0022165669943206012,0.12108687110745094,0.9919997916598674,0.7424463331699371,0.5217764060944319,0.616621547937393
fine_control,53,slit_bridge,108,private-source://routeA_experiments/data/final_ood_frozen_v1/slit_bridge/sample_0108.npz,23bb0eb2ffb8522d891e10b78e9f4fcf6ea2c8b5136c119d1353dc41e81126a2,0.002246206015115604,0.07873018579174047,0.5177733442977109,0.5043401122093201,0.34085168316960335,0.46112879514694205
fine_control,53,slit_bridge,109,private-source://routeA_experiments/data/final_ood_frozen_v1/slit_bridge/sample_0109.npz,ee7d8642727cde846b418e0d6ef6f3d525513d8f7c13d4e21a694399a5887809,0.002200880990130827,0.12925168973943355,1.1027525084578382,0.8279905617237091,0.5555767565965652,0.6986584335565562
fine_control,53,slit_bridge,110,private-source://routeA_experiments/data/final_ood_frozen_v1/slit_bridge/sample_0110.npz,2cb9d93c491c746797690b373d3873b13231a0144087e5c6f98bc1674dcf9aa9,0.0020264359773136675,0.13582991999692226,1.0963067233417403,0.8275146484375,0.5654796566814184,0.7087052822113035
fine_control,53,slit_bridge,111,private-source://routeA_experiments/data/final_ood_frozen_v1/slit_bridge/sample_0111.npz,20cb4a3d10bd1589b41836354fc8ffcea2f716f9c4d860e668becadedadd9f38,0.0022017549781594425,0.06630709192798426,0.5057890838361807,0.4790313392877579,0.30019162967801094,0.41122546941041943
fine_control,53,slit_bridge,112,private-source://routeA_experiments/data/final_ood_frozen_v1/slit_bridge/sample_0112.npz,37a74f8306ed3c59b31377d7e4a65031205ca4f453cf06b54132466f7b6b4a27,0.0022110269928816706,0.13776865737184169,1.1434793750975196,0.9228012636303902,0.6145474333316088,0.8047386214137076
fine_control,53,slit_bridge,113,private-source://routeA_experiments/data/final_ood_frozen_v1/slit_bridge/sample_0113.npz,ef235deec817e178c9aadff18419bfa34a077733d1176a3329f0534a76dc2a36,0.002104476996464655,0.11762347181383237,1.0721112567921824,0.9255128726363182,0.5590067524462938,0.7197789557278151
fine_control,53,slit_bridge,114,private-source://routeA_experiments/data/final_ood_frozen_v1/slit_bridge/sample_0114.npz,fee8722c5da8ec155bbe8e819b2eefa2d11a554066c684e422d739ef76676fdc,0.0021513559913728386,0.09111243565914078,0.7190682459986704,0.7181117534637451,0.3888949602842331,0.5443907871842382
fine_control,53,slit_bridge,115,private-source://routeA_experiments/data/final_ood_frozen_v1/slit_bridge/sample_0115.npz,c0ff037ccc5a055bf9e6049f73b19eb3ef3c759d34e01dde7782629ee5155b1a,0.0021204299991950393,0.12543994453696444,0.9828430658335372,0.7896899878978729,0.5471845529973507,0.6425237327814101
fine_control,53,slit_bridge,116,private-source://routeA_experiments/data/final_ood_frozen_v1/slit_bridge/sample_0116.npz,89796e3463ade62e6165c2220b9206d7e09c13d435e41116a44b4b2b72d8a7e2,0.0021084950130898505,0.1145100037246736,1.0451244754212972,0.8755235150456429,0.536837637424469,0.6933578953146932
fine_control,53,slit_bridge,117,private-source://routeA_experiments/data/final_ood_frozen_v1/slit_bridge/sample_0117.npz,0b5ddb4fbb4b1abaaecda668cf96d47108c2d0634e698e348798412ad2c8bd5b,0.0022083770018070936,0.09181456493327733,0.6369867989238148,0.6483024060726166,0.4464808665215969,0.5175584215670824
fine_control,53,slit_bridge,118,private-source://routeA_experiments/data/final_ood_frozen_v1/slit_bridge/sample_0118.npz,67c9870824a0cf24261c14ee2ee54260350b87c984724da8b7b3239ef5f4f8f2,0.0021063630119897425,0.11008600154389371,0.924948724451486,0.9017156437039375,0.5102538876235485,0.7472574770450571
fine_control,53,slit_bridge,119,private-source://routeA_experiments/data/final_ood_frozen_v1/slit_bridge/sample_0119.npz,3cd3c867da52bc984e6b469d03b48c1d502d3c379c3a09320042c00db34b1f2f,0.0020991439814679325,0.1214509592041442,1.053278360454963,0.8655619919300079,0.529405003413558,0.6939599186182022
fine_control,53,slit_bridge,120,private-source://routeA_experiments/data/final_ood_frozen_v1/slit_bridge/sample_0120.npz,321a3cdc9661e8fd1679cfceed9f566fa138dcdcf45b5bb5a1d8fce6ede740f1,0.0021645950037054718,0.10799357302879929,1.1220942285280169,0.7487426400184631,0.48657701909542084,0.569625361263751
fine_control,53,slit_bridge,121,private-source://routeA_experiments/data/final_ood_frozen_v1/slit_bridge/sample_0121.npz,947ac005aaaab451b701b3285288d12286101f1936826903031becc4a8c82912,0.0020953110069967806,0.11879981751185666,1.0681479574786814,0.7668979838490486,0.5361874736845493,0.6657173186540604
fine_control,53,slit_bridge,122,private-source://routeA_experiments/data/final_ood_frozen_v1/slit_bridge/sample_0122.npz,f86df5b1facc0d81f78a07017d7a1169d59fc90ab287dd52fa7ef79d790e2e91,0.0021037870028521866,0.0997270494388572,0.7068488822189126,0.67878657579422,0.45833732187747955,0.5568972051143646
fine_control,53,slit_bridge,123,private-source://routeA_experiments/data/final_ood_frozen_v1/slit_bridge/sample_0123.npz,dd8d213055c704fdaab30fa56f42a33f2b17cda2608934ee3c8395f1fa3ac372,0.0021653939911630005,0.12940820743736786,1.3304731292772238,1.0148958913050592,0.5614046715199947,0.7796647116541856
fine_control,53,slit_bridge,124,private-source://routeA_experiments/data/final_ood_frozen_v1/slit_bridge/sample_0124.npz,989ca5a6639d386f9ba2fbbe4929a51151c1d1f58f0b02af5979a213ce187952,0.0022795760014560074,0.11470674607533149,1.2520954575691607,0.8034746050834656,0.5082645397633314,0.6283485377207398
fine_control,53,slit_bridge,125,private-source://routeA_experiments/data/final_ood_frozen_v1/slit_bridge/sample_0125.npz,a70aa7c2b0ab69e05a1bdac27c118b00080fd91ce4b14294cf3d802c7d9815c3,0.0022108289995230734,0.05458490807899956,0.4063731614177317,0.5034598559141159,0.19430434703826904,0.3280101493000979
fine_control,53,slit_bridge,126,private-source://routeA_experiments/data/final_ood_frozen_v1/slit_bridge/sample_0126.npz,093585a00e910cd41c9a8b1050dbde9900de283da5c8bcf64b0e6657b12ce6c0,0.002142766024917364,0.13046029658824723,0.9401061023269488,0.8702085092663765,0.5558869298547506,0.7424586303532124
fine_control,53,slit_bridge,127,private-source://routeA_experiments/data/final_ood_frozen_v1/slit_bridge/sample_0127.npz,fbaeeb14ed4064772eccd6ad5d7ce8b30fd2cd571f89be44730cad2f429acd53,0.0021182240161579102,0.08341178459266264,0.6502568104602677,0.6740063428878784,0.42369959503412247,0.5339612990617743
fine_control,53,slit_bridge,128,private-source://routeA_experiments/data/final_ood_frozen_v1/slit_bridge/sample_0128.npz,f8dcb1ad9a029b0aaa0eb4226be5e9fb26f98253b2ac2ee759238972e2b35793,0.0020378640037961304,0.11192051288036006,0.8638010421177482,0.7431270480155945,0.5121920332312584,0.6476927906274786
fine_control,53,slit_bridge,129,private-source://routeA_experiments/data/final_ood_frozen_v1/slit_bridge/sample_0129.npz,4fde72568a862f65ab802425b157856bd372d3c84dff9690b725526c7c4caa72,0.002280100976349786,0.10475235202819086,0.7835368198877671,0.8155201375484467,0.475280174985528,0.6350444674491874
fine_control,53,slit_bridge,130,private-source://routeA_experiments/data/final_ood_frozen_v1/slit_bridge/sample_0130.npz,c5fc37a33ccfde0c5c1bc91a423ff22369761aa4a2358c6bf448d552f93ebe9f,0.002215233980678022,0.04772873986957918,0.3037820106659396,0.5325629487633705,0.17187653481960297,0.28978643119335157
fine_control,53,slit_bridge,131,private-source://routeA_experiments/data/final_ood_frozen_v1/slit_bridge/sample_0131.npz,816e62f42925e1228f1925aa9a64af845857cc8af393bef8edcc95e0b32ae811,0.002209252998000011,0.09199197179075112,0.6922829810916359,0.7183592319488525,0.3999927341938019,0.5704437255859373
fine_control,53,slit_bridge,132,private-source://routeA_experiments/data/final_ood_frozen_v1/slit_bridge/sample_0132.npz,0fe2c82d437426e3d5e3a8a69a3eaf8444f65273028a83b43642500191be1de2,0.002152978995582089,0.11519070466202984,1.1136111279098786,0.8219970837235451,0.5118200220167637,0.6399203278124321
fine_control,53,slit_bridge,133,private-source://routeA_experiments/data/final_ood_frozen_v1/slit_bridge/sample_0133.npz,158533d38705bbe83ad1aff888d4d281d11c259abc75e687100337a1169b6b79,0.002040010003838688,0.07285695174776921,0.48911937495255364,0.4818744361400604,0.30604973807930946,0.37454673051834103
fine_control,53,slit_bridge,134,private-source://routeA_experiments/data/final_ood_frozen_v1/slit_bridge/sample_0134.npz,809d1f61ff74bd28a60a9ee3e93980572061abc432bf497071f850cf295e5a22,0.0021012540091760457,0.11737822263395621,0.9534206212049194,0.8271361589431763,0.5073964521288872,0.6125006146728981
fine_control,53,slit_bridge,135,private-source://routeA_experiments/data/final_ood_frozen_v1/slit_bridge/sample_0135.npz,49a6d2f84ef15ae562f31d7f8186dcf515a22bd150120c9ef7592236bc4da560,0.002139041986083612,0.11632652606553957,1.0541912630896446,0.7249208986759186,0.5247888080775738,0.6115154474973679
fine_control,53,slit_bridge,136,private-source://routeA_experiments/data/final_ood_frozen_v1/slit_bridge/sample_0136.npz,0aaf02ec1906882bedac48878d8b32168a7bb9aa28e664600efcf7880eeb0a09,0.002293363999342546,0.05190686150022057,0.330836173270132,0.4409772679209709,0.20519018545746803,0.3471897661685943
fine_control,53,slit_bridge,137,private-source://routeA_experiments/data/final_ood_frozen_v1/slit_bridge/sample_0137.npz,3060120b449129fec3dadb659d3c9a7989d9e4319138bf42de3acdc3ba915c02,0.0021163290075492114,0.08106580790586905,0.6109049394930856,0.4680430144071579,0.3410847932100296,0.4374655216932295
fine_control,53,slit_bridge,138,private-source://routeA_experiments/data/final_ood_frozen_v1/slit_bridge/sample_0138.npz,6ed13d9162ca3514a314258b8d24016c2bc8875b25b0b38c5cdfa938f2a1eee2,0.0021608230017591268,0.10428091035736656,0.989044137271467,0.8004073798656464,0.45188884623348713,0.6041975073516367
fine_control,53,slit_bridge,139,private-source://routeA_experiments/data/final_ood_frozen_v1/slit_bridge/sample_0139.npz,658f1ca5a3c9c31ef1d3034e1fa4b0a5769e9c38a410ad1b72996a2aa8abf1a0,0.002188506012316793,0.06723547167461574,0.5094627669221065,0.7119745910167694,0.2985280305147171,0.4117169622331856
fine_control,53,slit_bridge,140,private-source://routeA_experiments/data/final_ood_frozen_v1/slit_bridge/sample_0140.npz,4cb2e3c95ee8b50b37549ea056e6b5e6349cac539e85f6c167d54902061606d1,0.002216091990703717,0.1106192209934569,0.9151201029139376,0.7394889891147614,0.507049297913909,0.601250886172056
fine_control,53,slit_bridge,141,private-source://routeA_experiments/data/final_ood_frozen_v1/slit_bridge/sample_0141.npz,72511c727388df3bf5af40ee47932e5d0ea12cec9268d07a95eff4200660e42e,0.002105004998156801,0.10718417601539292,0.8744906664660411,0.7187009453773499,0.4940803498029709,0.5976723879575729
fine_control,53,slit_bridge,142,private-source://routeA_experiments/data/final_ood_frozen_v1/slit_bridge/sample_0142.npz,306a40af48edd29b46f137a9e1015dba90eef9f89a216e9034ab8c4e810088cb,0.0022576370101887733,0.123251176920192,1.2075194597560246,0.8276848196983337,0.5597714707255363,0.6501738220453258
fine_control,53,slit_bridge,143,private-source://routeA_experiments/data/final_ood_frozen_v1/slit_bridge/sample_0143.npz,9143fda697b9d0ca554a018b16f7dcedf9ce17f64344f4de043fd7612877a3d2,0.002117713011102751,0.12157777848511757,1.2221463829730994,1.0628674956969917,0.553891709074378,0.6679961919784542
fine_control,53,slit_bridge,144,private-source://routeA_experiments/data/final_ood_frozen_v1/slit_bridge/sample_0144.npz,cede0fd6d7f85a69aeaae09213236482ad3047e9130d14dd79693b9e243f783b,0.0022552529990207404,0.12748700886860234,1.1543554756423615,0.8115688860416412,0.5424672579392791,0.7029535859823223
fine_control,53,slit_bridge,145,private-source://routeA_experiments/data/final_ood_frozen_v1/slit_bridge/sample_0145.npz,2d9fdb82c8a7275b63a15c4d95ab584a0842ebd21fd6762928d68475fe8cc330,0.002125130995409563,0.1260978667638154,0.974308970475404,0.8900335058569908,0.5430086944252253,0.7611008383333675
fine_control,53,slit_bridge,146,private-source://routeA_experiments/data/final_ood_frozen_v1/slit_bridge/sample_0146.npz,207f5f551061e628bde8bc221dd64138c07612d4245a97390961be3ea5e16611,0.002116827992722392,0.08186745825739067,0.6061640944039038,0.49250125885009766,0.3614692874252796,0.469697692990303
fine_control,53,slit_bridge,147,private-source://routeA_experiments/data/final_ood_frozen_v1/slit_bridge/sample_0147.npz,82d0e49e8401c09f0e3e6a3547b29f4d5a1dedbc6b0f06beea92cbeb4866ea11,0.0022735309903509915,0.12074577351561006,1.1261301745270709,0.86464723944664,0.5491577880457044,0.6758916169404965
fine_control,53,slit_bridge,148,private-source://routeA_experiments/data/final_ood_frozen_v1/slit_bridge/sample_0148.npz,e38da3693d172092572c7f2754a94e44ef94b0502f3919d896ce0c2fbe38e009,0.002111565991071984,0.10596725358313146,0.8564955628782853,0.7340748310089111,0.46642420440912247,0.5734812907874584
fine_control,53,slit_bridge,149,private-source://routeA_experiments/data/final_ood_frozen_v1/slit_bridge/sample_0149.npz,afc272ad1c582032ceafc263f98a9500852bcc9f113906a40f63ad64c40aee4c,0.0022379600268322974,0.12318262543010387,1.7404444183775538,0.9291606470942497,0.5663759367307648,0.7412948809564097
fine_control,53,slit_bridge,150,private-source://routeA_experiments/data/final_ood_frozen_v1/slit_bridge/sample_0150.npz,3d18460af3363948da3a01a3d1b31a48effc40aa616a1b5dd39689622a7ec45c,0.0021393600036390126,0.10528515928227977,0.7213827469957808,0.7834019660949707,0.48826994840055704,0.5900290943682193
fine_control,53,slit_bridge,151,private-source://routeA_experiments/data/final_ood_frozen_v1/slit_bridge/sample_0151.npz,d5753da7388ebb54f9cf2699537d139086e01002d7a59190bb63986a17939a32,0.0022027509985491633,0.0721373310906923,0.5437671088041507,0.5577919185161591,0.3245730549097061,0.4242351919412613
fine_control,53,slit_bridge,152,private-source://routeA_experiments/data/final_ood_frozen_v1/slit_bridge/sample_0152.npz,9695aa6ea858785b103e16fd61c266f988f64686cfbdc88b2899662da023ea05,0.0021337659854907542,0.06973639768135484,0.5785008113227292,0.6318561732769012,0.26273487508296967,0.3920217782258985
fine_control,53,slit_bridge,153,private-source://routeA_experiments/data/final_ood_frozen_v1/slit_bridge/sample_0153.npz,60ac6a052ff2a92b7086357b74a96c31e33d7255ddf407c4f70bc5fe58806b60,0.002174864988774061,0.12357235023475723,1.676477165594438,0.857937254011631,0.544470489025116,0.7016611021012061
fine_control,53,slit_bridge,154,private-source://routeA_experiments/data/final_ood_frozen_v1/slit_bridge/sample_0154.npz,02efeff9d6ba6e84c68ab742c168c4ca40609c73d6f82146e8a2f5b10a657897,0.0021259639761410654,0.12726575676563617,2.080192618269865,0.9539171233773232,0.5917429515393451,0.6795027050597127
fine_control,53,slit_bridge,155,private-source://routeA_experiments/data/final_ood_frozen_v1/slit_bridge/sample_0155.npz,ea8bfa01563270f5d6e2ec9dbe473f05772c2e4989b937a57ae2104227258fed,0.0021326850110199302,0.07800840003662693,0.533154308893191,0.5948915779590607,0.3283773511648178,0.47631380856037137
fine_control,53,slit_bridge,156,private-source://routeA_experiments/data/final_ood_frozen_v1/slit_bridge/sample_0156.npz,5005fb0814bda784608be7da52a32e34a6544ba7bd358a95694b62e213f8f2c2,0.0021036629914306104,0.11065610083625997,0.9209348017836466,0.8657744899392128,0.5057370848953724,0.6582923449575899
fine_control,53,slit_bridge,157,private-source://routeA_experiments/data/final_ood_frozen_v1/slit_bridge/sample_0157.npz,ac48ebb841e2622ef6bc4ba966dad1b3b604f8d724d29e6f2fab1b6641ee1921,0.0021650549897458404,0.12242042778056211,1.0316647943336363,0.9068973138928413,0.5325307655148208,0.7602968901395791
fine_control,53,slit_bridge,158,private-source://routeA_experiments/data/final_ood_frozen_v1/slit_bridge/sample_0158.npz,2f49624ea36882b03b9786cab30360722cade76c056bea230f9c9ba4ac764c8b,0.0022743069857824594,0.08256130313842239,0.5490245884436686,0.6444875448942184,0.3547513522207737,0.6009429514408109
fine_control,53,slit_bridge,159,private-source://routeA_experiments/data/final_ood_frozen_v1/slit_bridge/sample_0159.npz,d0b13a51187a418d7efe2e93a19604a3d01c818ea9736b5aa09b4607fad5fa55,0.002153205015929416,0.0925675617173576,0.7284499580520764,0.7268448770046234,0.4107433082535863,0.5799975991249074
fine_control,53,slit_bridge,160,private-source://routeA_experiments/data/final_ood_frozen_v1/slit_bridge/sample_0160.npz,622f4d8070ecdd9d0a824ce72f84fecc0c78f83011ff11259ebc6bb846de281e,0.002311279997229576,0.061397348520784,0.411442586452009,0.4296499416232109,0.209409661591053,0.34160093069076525
fine_control,53,slit_bridge,161,private-source://routeA_experiments/data/final_ood_frozen_v1/slit_bridge/sample_0161.npz,178f02f0e3b5995f2619dd6bf52ad3a7508f806bd4e13ba9ceeb9a36f1649f16,0.002225608011940494,0.1153071437553372,1.1635210444253226,0.7592812478542328,0.5325647164136171,0.6145594954490661
fine_control,53,slit_bridge,162,private-source://routeA_experiments/data/final_ood_frozen_v1/slit_bridge/sample_0162.npz,7dac1f84d357180521999872dd329573241cb8c42feeb442891197f01199c66b,0.002124106016708538,0.13133615487911332,1.6139946562731464,0.933751218020916,0.5662399344146252,0.6921380229294285
fine_control,53,slit_bridge,163,private-source://routeA_experiments/data/final_ood_frozen_v1/slit_bridge/sample_0163.npz,b7a7aa86a9bdc19977f06da4caff68d49a340edbf4f1a1c1187591366b6636d2,0.0022072489955462515,0.11656168274448174,0.9140357896871197,0.8782143071293831,0.5620679222047329,0.7678816601634024
fine_control,53,slit_bridge,164,private-source://routeA_experiments/data/final_ood_frozen_v1/slit_bridge/sample_0164.npz,779949d863880f5d16a879e81f20fad07ea4f966fba7da8ee22f0adaa6fc32af,0.0020382929942570627,0.12787646560657423,0.9683871383364042,0.8377461954951286,0.5166471600532532,0.7092569194734085
fine_control,53,slit_bridge,165,private-source://routeA_experiments/data/final_ood_frozen_v1/slit_bridge/sample_0165.npz,dc423b6d998084bf0149349c297bb1babad5e99fb236b7c05dfa975cb5183082,0.0021649280097335577,0.05850259623386136,0.4342718342155797,0.6207014918327332,0.24037498235702515,0.40191251039504955
fine_control,53,slit_bridge,166,private-source://routeA_experiments/data/final_ood_frozen_v1/slit_bridge/sample_0166.npz,351a161f32941f870662dc54b1d5ae59e25dc38cb8501ca4493dd08e6d42d64a,0.002094174997182563,0.12096892129169097,0.9988856499900732,0.8389130234718323,0.5343408416956663,0.6503743976354599
fine_control,53,slit_bridge,167,private-source://routeA_experiments/data/final_ood_frozen_v1/slit_bridge/sample_0167.npz,aa66574c4716561ec10258da0ac13914768f1d14f665ebf1ec534f148bd0abd7,0.002200386021286249,0.07733874160126507,0.6187980573300047,0.6716340482234955,0.3472563289105892,0.4561031557619571
fine_control,53,slit_bridge,168,private-source://routeA_experiments/data/final_ood_frozen_v1/slit_bridge/sample_0168.npz,b0b356c11f56258bb6f3db09bd66c6dcd1bcd41614b20e67f8e907402ec13485,0.002101666002999991,0.11611476303212079,0.9487839333605568,0.76273512840271,0.5238989572972059,0.6074428029358386
fine_control,53,slit_bridge,169,private-source://routeA_experiments/data/final_ood_frozen_v1/slit_bridge/sample_0169.npz,a469b2c4e556282ed62e13e26cd27398331a9ba05d88ee1913966198103238d6,0.002032943011727184,0.12097581480601556,1.035535887598995,1.0138508435338736,0.5286814048886299,0.6313557134941219
fine_control,53,slit_bridge,170,private-source://routeA_experiments/data/final_ood_frozen_v1/slit_bridge/sample_0170.npz,36fbd3c3d23a1204142c49ecd37ef44c2ba54ac4467ddb41d832464267e85212,0.002094536990625784,0.1233981097283514,1.1076199322946834,0.7408811748027802,0.5530810263007879,0.626357302442193
fine_control,53,slit_bridge,171,private-source://routeA_experiments/data/final_ood_frozen_v1/slit_bridge/sample_0171.npz,d535ac50a902c9794c7c816a49047dfd9c3f701564b69ce35cc24a4b731afa97,0.002201124996645376,0.13280286389844365,1.714438560090438,0.91993498057127,0.6069318156223744,0.745476415753364
fine_control,53,slit_bridge,172,private-source://routeA_experiments/data/final_ood_frozen_v1/slit_bridge/sample_0172.npz,4e4eeb0f4d4f14aa76bc67064de00f38d35024c2470cfc77d2414c6da16f99f2,0.0021618109894916415,0.09079277418134443,0.6317149417858203,0.6429619789123535,0.42805829271674156,0.5255643278360366
fine_control,53,slit_bridge,173,private-source://routeA_experiments/data/final_ood_frozen_v1/slit_bridge/sample_0173.npz,4c3d97c818e4c1aaa20fd773230ef107c1e90a4328ebbfb020186474b8b391e2,0.002177435002522543,0.11499894275640503,0.9507388583114122,0.8108385801315308,0.529593750834465,0.6937948793172831
fine_control,53,slit_bridge,174,private-source://routeA_experiments/data/final_ood_frozen_v1/slit_bridge/sample_0174.npz,c764cef11e9744e2347bf095a3ad20fd9c9a40516623d0e6687f000cea70736b,0.002359043020987883,0.10750464367771612,1.001251484967545,0.757686585187912,0.4816105868667364,0.6027835655957458
fine_control,53,slit_bridge,175,private-source://routeA_experiments/data/final_ood_frozen_v1/slit_bridge/sample_0175.npz,22afae3ce0b327b65855609e847dcf168cbfa0c3da01d0e00d7ff822a2f93dab,0.0021669850102625787,0.09305596535039456,0.6079663575222694,0.6883601546287537,0.4041159451007843,0.544264436513185
fine_control,53,slit_bridge,176,private-source://routeA_experiments/data/final_ood_frozen_v1/slit_bridge/sample_0176.npz,3615c8f32a0156e435a991da99bea493288394630d64ca1402e46469b4ae4561,0.0021103759936522692,0.05708580364174217,0.3959012555544504,0.7096402943134308,0.21832922101020813,0.38278154134750314
fine_control,53,slit_bridge,177,private-source://routeA_experiments/data/final_ood_frozen_v1/slit_bridge/sample_0177.npz,bde9b0878d1f9163cd3460df65d8fbaa6d012659d97271692cd52839664004d8,0.0020729550160467625,0.08453475839744565,0.7021474671914626,0.6565480157732964,0.4159952141344547,0.5466442108154297
fine_control,53,slit_bridge,178,private-source://routeA_experiments/data/final_ood_frozen_v1/slit_bridge/sample_0178.npz,dffe6643c77429e0e5ed595fcd8553b626ac374c0226c86babb86bb23700de20,0.0022080980124883354,0.09500073927958659,0.7111707103096024,0.6280290186405182,0.4842468127608299,0.5795124292373657
fine_control,53,slit_bridge,179,private-source://routeA_experiments/data/final_ood_frozen_v1/slit_bridge/sample_0179.npz,fca36c52c6cfb0110fbe78721de423d99487a00561b0c6b6b9f826917f42aede,0.00206581101519987,0.07525824689445361,0.4958188945047872,0.6487258076667786,0.3413042053580284,0.5336558870971198
fine_control,53,slit_bridge,180,private-source://routeA_experiments/data/final_ood_frozen_v1/slit_bridge/sample_0180.npz,6f19672ce01e21e2c280e4be06a3e54680e018ff4c226cbe757f44ebad3e1910,0.00210825601243414,0.08627688390073104,0.5308778559768957,0.5832821130752563,0.3617516756057739,0.5098909020423885
fine_control,53,slit_bridge,181,private-source://routeA_experiments/data/final_ood_frozen_v1/slit_bridge/sample_0181.npz,ec877344fcdbfdbdaddf529e85e3cc5c3aab339963def6c7349014d86c8140d4,0.002161388023523614,0.1143955635866794,0.9201703259649376,1.0822781827300787,0.5088123567402363,0.6301508933305737
fine_control,53,slit_bridge,182,private-source://routeA_experiments/data/final_ood_frozen_v1/slit_bridge/sample_0182.npz,85955e8644eeb0dcc33c4aed80df2c7439e5bab709258a2875ce1a3a61c5ebfb,0.0021250379795674235,0.09240930578696785,0.7145946740106256,0.687035471200943,0.4475078135728836,0.5423152104020118
fine_control,53,slit_bridge,183,private-source://routeA_experiments/data/final_ood_frozen_v1/slit_bridge/sample_0183.npz,7db60f93fba5ad9147fed2dc7ad510080993a1ba5cacff680d8f7315ac009961,0.0021361820108722895,0.12055917494456816,0.9128382046749967,0.8053733706474304,0.49511966295540333,0.628817076981067
fine_control,53,slit_bridge,184,private-source://routeA_experiments/data/final_ood_frozen_v1/slit_bridge/sample_0184.npz,8121820fc993132420a3854bde14b0b1742133b65c0a82ff2248b97133f07f34,0.002158933988539502,0.10045323128254585,0.8814489776008136,0.7111369967460632,0.47406429797410965,0.5721381433308124
fine_control,53,slit_bridge,185,private-source://routeA_experiments/data/final_ood_frozen_v1/slit_bridge/sample_0185.npz,6cddc80ef7290697c6e5ddae659d68aa20dcd10104ab9b2cd5f9708afe9f741d,0.0021411560010164976,0.06115554740117938,0.40156851722475395,0.6237496137619019,0.24478283524513245,0.37259021997451774
fine_control,53,slit_bridge,186,private-source://routeA_experiments/data/final_ood_frozen_v1/slit_bridge/sample_0186.npz,325ef30f2da8a65dac78a1b06a65f887f2d9947c96e2faee9e6a8ec03323351a,0.002171050990000367,0.10714815223684018,0.7864010035191296,0.7265467643737793,0.44567210227251053,0.6067491859197617
fine_control,53,slit_bridge,187,private-source://routeA_experiments/data/final_ood_frozen_v1/slit_bridge/sample_0187.npz,119b85212c8b4744bf1d62d7dfe261550cb6d3e5d22f4790dbe62e75609d0922,0.00202524199266918,0.08460096887291683,0.6013780178119839,0.8038820549845695,0.38224152475595474,0.5054510593414305
fine_control,53,slit_bridge,188,private-source://routeA_experiments/data/final_ood_frozen_v1/slit_bridge/sample_0188.npz,dcf9852e45123cccfdad55cec5cd89ffd610e5287252fbe34ba1dd1786992a3e,0.0021055410034023225,0.11167476791054563,0.8551983889669263,0.7462091743946075,0.5356923593208194,0.6429406791925429
fine_control,53,slit_bridge,189,private-source://routeA_experiments/data/final_ood_frozen_v1/slit_bridge/sample_0189.npz,286c7744959bebf561fcf60d6510f810deadc11b4f49e589e2e9473d32de82f7,0.0020994280057493597,0.08157275373241243,0.6878852405061215,0.5695828795433044,0.3924489766359329,0.4919888749718662
fine_control,53,slit_bridge,190,private-source://routeA_experiments/data/final_ood_frozen_v1/slit_bridge/sample_0190.npz,fe702ecba390c3dc04a9733afe0b132a016fcf5c4eaffcad11aaea841c4e382e,0.002176604000851512,0.11339885127571836,1.0293034302137885,0.720348410308361,0.5150040034204721,0.6193210948258633
fine_control,53,slit_bridge,191,private-source://routeA_experiments/data/final_ood_frozen_v1/slit_bridge/sample_0191.npz,cc046fa8afaf7d479712359b932e246ff1ee8e9d4f1365bd79dc2f10196be05c,0.0021140330063644797,0.11799086514695123,1.0433190174155282,0.6840238273143768,0.5038812328130007,0.5986602749675511
fine_control,53,slit_bridge,192,private-source://routeA_experiments/data/final_ood_frozen_v1/slit_bridge/sample_0192.npz,12a887fa1b92770140bbc308300406b9f45be794a2802dc5d4318f9f90964304,0.0020965900039300323,0.11155699053579224,0.8473303613296838,0.7680776342749596,0.49294526502490044,0.6321383595466611
fine_control,53,slit_bridge,193,private-source://routeA_experiments/data/final_ood_frozen_v1/slit_bridge/sample_0193.npz,ea535161153d10af3f779e6ce92ab576cb6f01bb2b84270e675cb8a7ca3bff3d,0.0020726280054077506,0.06355115687699306,0.44469634846905626,0.4783035218715668,0.28637368977069855,0.4034322537481782
fine_control,53,slit_bridge,194,private-source://routeA_experiments/data/final_ood_frozen_v1/slit_bridge/sample_0194.npz,8488a62661fcd5432a193ca5c2bdaf1492f33731b7131ad3e367f5731ec70c37,0.0021113740222062916,0.12006835355700914,1.0516722152465208,0.8975780978798866,0.5310072558932006,0.7838446319103238
fine_control,53,slit_bridge,195,private-source://routeA_experiments/data/final_ood_frozen_v1/slit_bridge/sample_0195.npz,7e1d374879fa5f6a96ebc3990a10958313440dc33a9ef060976f12e925232108,0.0021235430031083524,0.08318496060923478,0.5780821305356822,0.6039576232433319,0.3945564925670624,0.5031628437340253
fine_control,53,slit_bridge,196,private-source://routeA_experiments/data/final_ood_frozen_v1/slit_bridge/sample_0196.npz,d4848a4e772e741b625e10aec676527f984e3943b470a872754331769f8b94bb,0.00216522000846453,0.10981257168834872,1.0130491365330283,0.7658409476280212,0.5041084215044975,0.6169102739542722
fine_control,53,slit_bridge,197,private-source://routeA_experiments/data/final_ood_frozen_v1/slit_bridge/sample_0197.npz,2b37447cf0d376d2e2021ecf8d29a5d17437f6bb153943e0f306b31930209b3e,0.00211835399386473,0.12428582116434457,0.9680216383368083,0.8824130818247795,0.5553362928330898,0.8059055380523203
fine_control,53,slit_bridge,198,private-source://routeA_experiments/data/final_ood_frozen_v1/slit_bridge/sample_0198.npz,8030be12303215e83fab9a6e2360c32b7958cadc693426ae4437ff9ce9a38d91,0.002160648989956826,0.09906660095200918,0.7454747491729062,0.7559410035610199,0.4313340336084366,0.6297075778245925
fine_control,53,slit_bridge,199,private-source://routeA_experiments/data/final_ood_frozen_v1/slit_bridge/sample_0199.npz,cc6a52511cc16e98c96e4753d529c21a8e0ccbe95013bc0584ae491523d2bb83,0.002137671981472522,0.0683191138070232,0.5264025682917165,0.5575539469718933,0.2948478665202856,0.4046289272606372
fine_control,53,three_hole_asymmetric,0,private-source://routeA_experiments/data/final_ood_frozen_v1/three_hole_asymmetric/sample_0000.npz,76239d9d4cae31805b23350941f6924762ca8e0eb2de53f5e0014a3050004492,0.002345323999179527,0.0910811843598693,0.8795981139602475,0.7605480849742889,0.44751519040437415,0.6061755239963531
fine_control,53,three_hole_asymmetric,1,private-source://routeA_experiments/data/final_ood_frozen_v1/three_hole_asymmetric/sample_0001.npz,c8138e48b2b5450756ab6ea06ad8018a0f03fd49507fdf70f7602513883c6d79,0.002177094022044912,0.08111463579295437,1.0711435354004792,0.9224358722567558,0.3894190201535821,0.5853091940283776
fine_control,53,three_hole_asymmetric,2,private-source://routeA_experiments/data/final_ood_frozen_v1/three_hole_asymmetric/sample_0002.npz,8415d3f4052cfa250de2e615b5f135c4cbc51665e9780ba0c740b7bc68b0b8d0,0.002113986003678292,0.0846600410796391,0.9145541248607395,0.8108352795243263,0.35961111111100763,0.5840998053550719
fine_control,53,three_hole_asymmetric,3,private-source://routeA_experiments/data/final_ood_frozen_v1/three_hole_asymmetric/sample_0003.npz,126883ed7a18270534e81fc020b354d6a09b3d0b37130be0a213f6e3fe3611cf,0.002176540991058573,0.10812779383469057,0.9763826870720732,0.7823740243911743,0.5139906611293554,0.677367443963885
fine_control,53,three_hole_asymmetric,4,private-source://routeA_experiments/data/final_ood_frozen_v1/three_hole_asymmetric/sample_0004.npz,73fddad29aef7a16eeabb39f9b70e218861d55037c0d2745430816f9076f8b8f,0.0022938420006539673,0.08575826202564603,1.1105892143522391,0.7951509356498718,0.3605275237641763,0.5915030437055975
fine_control,53,three_hole_asymmetric,5,private-source://routeA_experiments/data/final_ood_frozen_v1/three_hole_asymmetric/sample_0005.npz,0cce2a32a88505f1a40318561d466c31de7f2eb63e0449cf3df2f644c64a0108,0.002236993022961542,0.0856753464417779,0.8701475907181329,0.702279657125473,0.4290817787696142,0.6018994301557538
fine_control,53,three_hole_asymmetric,6,private-source://routeA_experiments/data/final_ood_frozen_v1/three_hole_asymmetric/sample_0006.npz,05b9798f8cd5b5b832e909e747bb49397a06d4bc8291718bcb52ee39573eb619,0.0021854640217497945,0.10878692057412191,1.187376490790199,0.8050199747085571,0.5227993782609701,0.7222196903079748
fine_control,53,three_hole_asymmetric,7,private-source://routeA_experiments/data/final_ood_frozen_v1/three_hole_asymmetric/sample_0007.npz,6ba61082fc82270f3f31ed8952fcbbd145b31d5361d264f2bd66a5366e0bc340,0.0021733790053986013,0.08006963903128687,0.8682462475047515,0.6727368533611298,0.3571584038436413,0.5545531649142502
fine_control,53,three_hole_asymmetric,8,private-source://routeA_experiments/data/final_ood_frozen_v1/three_hole_asymmetric/sample_0008.npz,853331caeb1b23865ccb78c9a2f431c6c5268c039e4b02388b3e7b2950cb9a7f,0.002347558009205386,0.09488414434994419,0.9602818723699175,0.8768931403756142,0.45598650723695755,0.6688766553997991
fine_control,53,three_hole_asymmetric,9,private-source://routeA_experiments/data/final_ood_frozen_v1/three_hole_asymmetric/sample_0009.npz,9970adef6a8aee3680702738f4b4535ec99d53fd695e57178ef1d947c3890f8c,0.002300071995705366,0.09260782813657711,0.9358498113543363,0.7739175856113434,0.42613965773489326,0.5900688420981168
fine_control,53,three_hole_asymmetric,10,private-source://routeA_experiments/data/final_ood_frozen_v1/three_hole_asymmetric/sample_0010.npz,ca5bef464b218ce33227b66ed886a6d671ca7ebab5b66b551b37435087ee4d86,0.0021834929939359426,0.09832020881773075,1.0366458249686061,0.8557681143283844,0.5448431530676316,0.7339449148625136
fine_control,53,three_hole_asymmetric,11,private-source://routeA_experiments/data/final_ood_frozen_v1/three_hole_asymmetric/sample_0011.npz,ed6e65591f32cddee3a621d0a802c4d3ce1e222eac7e0ad7a6d66916367e9015,0.0022623690019827336,0.08603957330318564,0.9968041319533048,0.9020800068974495,0.37708363868296146,0.6298409475944929
fine_control,53,three_hole_asymmetric,12,private-source://routeA_experiments/data/final_ood_frozen_v1/three_hole_asymmetric/sample_0012.npz,81ff39c1f360e63cd187c00763f0e47af4b7b964b23c0036bbcc2118bcfa7335,0.0022462710039690137,0.09635339820547566,0.9831467480305452,0.7969125211238861,0.46687607653439045,0.6420546178705985
fine_control,53,three_hole_asymmetric,13,private-source://routeA_experiments/data/final_ood_frozen_v1/three_hole_asymmetric/sample_0013.npz,7b336e409d0b1be61aa8152652f7727a997afad669670d5dbedef898f8385d62,0.002171038999222219,0.08782371601291948,1.027557168874168,0.8074260950088501,0.42254803655669093,0.6475556026678532
fine_control,53,three_hole_asymmetric,14,private-source://routeA_experiments/data/final_ood_frozen_v1/three_hole_asymmetric/sample_0014.npz,14b2727426b78377e48754867160238048d5c11e6a60c8244c17e2f5d349c674,0.0021733560133725405,0.08847328692908131,0.9516528056276946,0.6950423419475555,0.4234396293759346,0.6017341847997156
fine_control,53,three_hole_asymmetric,15,private-source://routeA_experiments/data/final_ood_frozen_v1/three_hole_asymmetric/sample_0015.npz,f1f557f0e4338c64350ec1c2218ae556b5ee258eeeb85ed87e15e06d69e7949f,0.0021427799947559834,0.10260062712795676,1.29093813286247,0.8310558795928955,0.5367394176428206,0.6518133962061256
fine_control,53,three_hole_asymmetric,16,private-source://routeA_experiments/data/final_ood_frozen_v1/three_hole_asymmetric/sample_0016.npz,e72396fee8a43a2b8ddefe735291ca8705c65690b680b4a18f84ae974e873213,0.002185664023272693,0.1005447059045208,1.1249937256927132,0.8854319527745247,0.46396157890558243,0.6640216257423152
fine_control,53,three_hole_asymmetric,17,private-source://routeA_experiments/data/final_ood_frozen_v1/three_hole_asymmetric/sample_0017.npz,e985edd4b5fd67f0812b23ba168c67faea3aeed38dc497bd3554f7bd6760ce23,0.0021860029955860227,0.10856332408422649,1.2410564449132153,0.8555055037140846,0.5291183687222656,0.7119160622358323
fine_control,53,three_hole_asymmetric,18,private-source://routeA_experiments/data/final_ood_frozen_v1/three_hole_asymmetric/sample_0018.npz,822a1ae4756152a1ca58caa1ec6d5f81a08654b749358283fdc1e93ee4e96c05,0.0021689490240532905,0.09280434153205457,0.8166904422773523,0.7907484285533428,0.4412302952259779,0.60437938272953
fine_control,53,three_hole_asymmetric,19,private-source://routeA_experiments/data/final_ood_frozen_v1/three_hole_asymmetric/sample_0019.npz,930b0ac62993246d762ab2fade330a6323a28dfa631309dcd025ccc1955464d2,0.0022349949867930263,0.10289684299712369,1.0888398305775322,0.8356784954667091,0.4693301673978567,0.6039977687411009
fine_control,53,three_hole_asymmetric,20,private-source://routeA_experiments/data/final_ood_frozen_v1/three_hole_asymmetric/sample_0020.npz,ebe95ab8adce4e5f03a8c032f3f82d5b37362c40745ec8db423913bbcdbc36cc,0.0022192239994183183,0.09310201639017995,1.2176574258739987,0.8203259147703648,0.5137062803842127,0.6409126054379154
fine_control,53,three_hole_asymmetric,21,private-source://routeA_experiments/data/final_ood_frozen_v1/three_hole_asymmetric/sample_0021.npz,54558d7be0dcfa75da26d4b23bc274c3c188b6521dea1d6a7af66329fa9f8251,0.002191503008361906,0.09625179759436134,0.8617987834532591,1.0744347631698474,0.47046708315610886,0.6574479430913924
fine_control,53,three_hole_asymmetric,22,private-source://routeA_experiments/data/final_ood_frozen_v1/three_hole_asymmetric/sample_0022.npz,6bdc3c8942ace2076e15642c82251ef4fb1abdcb025262d5cbf4bf8159949c89,0.0021456000104080886,0.0964926867680777,1.127926686237369,0.8412812426686287,0.46033514507871587,0.6770141795277593
fine_control,53,three_hole_asymmetric,23,private-source://routeA_experiments/data/final_ood_frozen_v1/three_hole_asymmetric/sample_0023.npz,fb7b07378547ca5def525e00c556fd80770b515ccf896b8db2c472e26a09e5de,0.0021739599760621786,0.09497080223222969,1.5782428029430726,0.8651599837467074,0.41060482477769256,0.636093154584523
fine_control,53,three_hole_asymmetric,24,private-source://routeA_experiments/data/final_ood_frozen_v1/three_hole_asymmetric/sample_0024.npz,2db1bdfbff80836e6a8d01f12b7e3e3ccb933bc7fa29a6c580e28e0a5d564196,0.0021884040033910424,0.09881977437626,0.9565175976020432,0.8397572040557861,0.48630291037261486,0.6927623655647037
fine_control,53,three_hole_asymmetric,25,private-source://routeA_experiments/data/final_ood_frozen_v1/three_hole_asymmetric/sample_0025.npz,d3dd37382fca909602f329cf5ca0868fdf4906bc68d239b517c7b63904d4d71e,0.002178360999096185,0.10082832939401293,0.9795085560353627,0.789761446416378,0.516354950144887,0.6862821996212004
fine_control,53,three_hole_asymmetric,26,private-source://routeA_experiments/data/final_ood_frozen_v1/three_hole_asymmetric/sample_0026.npz,ab2b827142dff4076d7ccc83b71215ae118cd4367f57c2e1f1a596a261244546,0.0021679310011677444,0.09936302160197755,0.9216960999912296,0.8601452186703682,0.4367252513766289,0.7405997082591056
fine_control,53,three_hole_asymmetric,27,private-source://routeA_experiments/data/final_ood_frozen_v1/three_hole_asymmetric/sample_0027.npz,502e0384dcc52c88b8d7686ef96396b3cb52f6aaceef7f024eb2b099d1a4007a,0.0021750699961557984,0.09820967519545437,1.4923890983078578,0.9142011627554893,0.521755443616712,0.72281926125288
fine_control,53,three_hole_asymmetric,28,private-source://routeA_experiments/data/final_ood_frozen_v1/three_hole_asymmetric/sample_0028.npz,9350fce83bcaffdab0c4c8e8d9620ad9255df6368a78acb778f31f6d4d74c766,0.002173085988033563,0.09131710985849505,1.1304977561128506,0.8262565732002258,0.43221490050200373,0.6671109098941082
fine_control,53,three_hole_asymmetric,29,private-source://routeA_experiments/data/final_ood_frozen_v1/three_hole_asymmetric/sample_0029.npz,f5870c4d60ab26a07f238eaa0997f6136bebb56604eb5c97e4b9a2fda2f9dc4e,0.0022873130219522864,0.08686971017319853,0.6542791128220852,0.9380929968319833,0.3771696137264371,0.5921990539878602
fine_control,53,three_hole_asymmetric,30,private-source://routeA_experiments/data/final_ood_frozen_v1/three_hole_asymmetric/sample_0030.npz,6fd7dea4e1eb48c71994c0c450b08928f5ea2504ed659d879044b9b6c1644f3b,0.002168765990063548,0.08247394174028773,1.1762018246918369,0.8824563547968864,0.38686969806440175,0.6298472429625688
fine_control,53,three_hole_asymmetric,31,private-source://routeA_experiments/data/final_ood_frozen_v1/three_hole_asymmetric/sample_0031.npz,4ba2ed02c426f61c1986b2240ee86afd7314ebbbe8b539e56f9600ba0cbbc1d6,0.0021679580095224082,0.09001235325878784,1.078986812930928,0.8213841319084167,0.41855710913660005,0.6356732816901056
fine_control,53,three_hole_asymmetric,32,private-source://routeA_experiments/data/final_ood_frozen_v1/three_hole_asymmetric/sample_0032.npz,19561acd47d971095affbf1d7482c2543969e7efe2e017cce9662594c2409591,0.0021213349828030914,0.10409247802602171,1.2041551536129664,0.7911359965801239,0.4887252136832103,0.6370539073832332
fine_control,53,three_hole_asymmetric,33,private-source://routeA_experiments/data/final_ood_frozen_v1/three_hole_asymmetric/sample_0033.npz,299a816b59d1641a415a05ef717681b17573aad62ca3c0dc9711e90793f0d5b1,0.002174335008021444,0.10285758100694724,1.157463740276489,0.9027475789189339,0.49188936967402697,0.667696863040328
fine_control,53,three_hole_asymmetric,34,private-source://routeA_experiments/data/final_ood_frozen_v1/three_hole_asymmetric/sample_0034.npz,d9c1345372b974ce89c979d52478ef6d491162f017535e9466a777f808423d7d,0.002315191988600418,0.09640621688623707,0.9950730807975139,0.8839396461844444,0.41431265384017024,0.6627817239612338
fine_control,53,three_hole_asymmetric,35,private-source://routeA_experiments/data/final_ood_frozen_v1/three_hole_asymmetric/sample_0035.npz,bbc5468f3342befdbe4e2f23d133af48d348c7ec0465af4103305de397fa0309,0.0022759959974791855,0.07829256929917026,0.7641416146933776,0.8130130842328072,0.33205456438008696,0.5373150371015071
fine_control,53,three_hole_asymmetric,36,private-source://routeA_experiments/data/final_ood_frozen_v1/three_hole_asymmetric/sample_0036.npz,f42f3b5b47bedfb758af7282d3853313d2f8cd91228aa5ad8456fe5f4ab773e7,0.0021948600187897682,0.07128889325952988,0.5905250818499438,0.7885249480605125,0.2999211251735687,0.5455855704843993
fine_control,53,three_hole_asymmetric,37,private-source://routeA_experiments/data/final_ood_frozen_v1/three_hole_asymmetric/sample_0037.npz,70b02216f9922d40a0913ae98c1656101a148ee3d0036600db73f132e9e21930,0.002170285995816812,0.0945852749630288,0.9854033335733103,0.8527033925056458,0.4862065860070288,0.6799578838050364
fine_control,53,three_hole_asymmetric,38,private-source://routeA_experiments/data/final_ood_frozen_v1/three_hole_asymmetric/sample_0038.npz,fa7d466e58601cc7ae42f28b80b74fe105c87c60ec45af33a67b9404e69917f3,0.0021713110036216676,0.08599556226952398,0.7666246484183534,0.7822208106517792,0.4008785223122686,0.6269297435879707
fine_control,53,three_hole_asymmetric,39,private-source://routeA_experiments/data/final_ood_frozen_v1/three_hole_asymmetric/sample_0039.npz,6729ed9a2fcaa8077240d781da78727ef103709fb74147547087f09e654d3eeb,0.0021314870100468397,0.07723609463121216,0.7269269319474011,0.720606304705143,0.30950605124235153,0.4967045169323681
fine_control,53,three_hole_asymmetric,40,private-source://routeA_experiments/data/final_ood_frozen_v1/three_hole_asymmetric/sample_0040.npz,4dc1b2b4a3bf9267ac51874c458885168a31fd1142276944c4d12ad9b44e5100,0.0022212369949556887,0.10156748268911676,1.138021896258641,0.8645212724804878,0.48099219612777233,0.7284838080406187
fine_control,53,three_hole_asymmetric,41,private-source://routeA_experiments/data/final_ood_frozen_v1/three_hole_asymmetric/sample_0041.npz,1b3c5a766f7f80111c7c5b2d1e785760caa4ac76416598c810f62f378e2dbb64,0.00215171099989675,0.10822858385934073,1.1947032555744446,0.8867956176400185,0.534439651761204,0.648760619759559
fine_control,53,three_hole_asymmetric,42,private-source://routeA_experiments/data/final_ood_frozen_v1/three_hole_asymmetric/sample_0042.npz,71baba454d946efdf1ed77d43d057be7b5cb937b31204d3f9a34e5b759e1f944,0.002102600992657244,0.07769282524333246,0.7067643238894511,0.6457430422306061,0.34827759116888046,0.5192008435726165
fine_control,53,three_hole_asymmetric,43,private-source://routeA_experiments/data/final_ood_frozen_v1/three_hole_asymmetric/sample_0043.npz,2ede2163e09a9b392d4845b6523de16898b67b651acecab632146f022bcfc1f4,0.002311621996341273,0.09713284958592831,1.010558657457802,0.9331059418036602,0.45807976461946964,0.6181642507668582
fine_control,53,three_hole_asymmetric,44,private-source://routeA_experiments/data/final_ood_frozen_v1/three_hole_asymmetric/sample_0044.npz,752790623dc514ac3a960bd67bd0cc3d73c861a4598060b92da04b2669e579d1,0.0023068409936968237,0.10323952893416068,1.543123563927754,0.9605626091361046,0.5476077436469495,0.6545737937092779
fine_control,53,three_hole_asymmetric,45,private-source://routeA_experiments/data/final_ood_frozen_v1/three_hole_asymmetric/sample_0045.npz,f93c887a4af2aa5861e233d5e8c99ba90ed0d24be1f48007e736b60f2d82baa0,0.0022944929951336235,0.07222047023615462,0.9454223653386301,0.8427547216415405,0.2711511254310608,0.4666900951415293
fine_control,53,three_hole_asymmetric,46,private-source://routeA_experiments/data/final_ood_frozen_v1/three_hole_asymmetric/sample_0046.npz,7d5d9a6e64d8ae8a1e9c7319dfb573f33de06eedee213c902c4b6812faa42d0f,0.002167981001548469,0.11084590020139806,1.4143153252017657,0.8852044567465782,0.5454997986089438,0.7381839297711815
fine_control,53,three_hole_asymmetric,47,private-source://routeA_experiments/data/final_ood_frozen_v1/three_hole_asymmetric/sample_0047.npz,95e07fc5463827a0ac7d058d0e1aeb9765b781fcc9901e3615d3cde6d0c42f72,0.002152096014469862,0.10298288294698957,0.8849644387788758,0.9318638900876977,0.4809152763336897,0.6122864231467247
fine_control,53,three_hole_asymmetric,48,private-source://routeA_experiments/data/final_ood_frozen_v1/three_hole_asymmetric/sample_0048.npz,741a820e5ca03d114c8d4ed90e51db19c9ac4733b4f826ec2ddcc36cdcac9b62,0.0021888419869355857,0.08481416789062293,0.6796629420466089,0.688371054828167,0.3773861099034548,0.489992356672883
fine_control,53,three_hole_asymmetric,49,private-source://routeA_experiments/data/final_ood_frozen_v1/three_hole_asymmetric/sample_0049.npz,9317a9055bfd4093fea4ae0bf2d7e1d3d9c8669629d159a06ce9f1c11ad7714e,0.0021711360022891313,0.09540194113371411,1.0914461618951772,1.020030630286783,0.4456686321645975,0.6369044668972489
fine_control,53,three_hole_asymmetric,50,private-source://routeA_experiments/data/final_ood_frozen_v1/three_hole_asymmetric/sample_0050.npz,88a36cb1ba6df1b25c02998dd5f645924a13a886bbdfd8571e6f74a10d39880a,0.002167385013308376,0.08908205906463601,1.029069470110422,1.0487119658500887,0.3243881830421742,0.6868945535272358
fine_control,53,three_hole_asymmetric,51,private-source://routeA_experiments/data/final_ood_frozen_v1/three_hole_asymmetric/sample_0051.npz,4d85c5da827c71859348f936a1bae9663c3aa6086f7d0a08035af48235a64ac0,0.0022251310001593083,0.09674965649848204,1.2027933154259565,0.8944070674479008,0.4988429776276462,0.6688624974340196
fine_control,53,three_hole_asymmetric,52,private-source://routeA_experiments/data/final_ood_frozen_v1/three_hole_asymmetric/sample_0052.npz,89347f4a5c2576ca481b684f9f7a77f38b7ae53c4ffdc77eeb307666b58e7af9,0.0021576099970843643,0.08894836644958712,0.9734437751069093,0.733769565820694,0.4489803910255432,0.6008901625871655
fine_control,53,three_hole_asymmetric,53,private-source://routeA_experiments/data/final_ood_frozen_v1/three_hole_asymmetric/sample_0053.npz,68b58c6932346fa5b469420b06037edb861502f1184f5455c6a69240285d7df0,0.002248768985737115,0.06524649977576265,0.6007087274312938,0.775225818157196,0.2285578390583396,0.4279436498880385
fine_control,53,three_hole_asymmetric,54,private-source://routeA_experiments/data/final_ood_frozen_v1/three_hole_asymmetric/sample_0054.npz,8a3d74a7607b5928b4762b9ca74c6b9275b177ed92746be0574f4816d05444cd,0.0022719870030414313,0.10088731155075382,1.1326026255279662,0.9602648243308067,0.4545539100654423,0.7413467004895209
fine_control,53,three_hole_asymmetric,55,private-source://routeA_experiments/data/final_ood_frozen_v1/three_hole_asymmetric/sample_0055.npz,35e8e631f17a95d6289143b7bc8633f62ae4fcbfedd60929228f07fdfb4340db,0.0022265470179263502,0.10292512358688158,1.2640327014016972,0.9184993132948875,0.5330895832521492,0.7030074749141929
fine_control,53,three_hole_asymmetric,56,private-source://routeA_experiments/data/final_ood_frozen_v1/three_hole_asymmetric/sample_0056.npz,445a3665a73f0ceaa2ced3d30b7da490d69d77b0d8a04d8eeb849db3eed04dd1,0.0023030109878163785,0.07229466141194567,0.8367236082250884,0.8627031147480011,0.29898542445153,0.5922329876571892
fine_control,53,three_hole_asymmetric,57,private-source://routeA_experiments/data/final_ood_frozen_v1/three_hole_asymmetric/sample_0057.npz,e6cd4f4e82b85801bd6e1f55cd798f136d06cef8b5699b3b132aae856fc4f8c6,0.0021844200091436505,0.09533914118954788,0.8906082185894153,0.8228485956788063,0.43026280403137207,0.6462109401822087
fine_control,53,three_hole_asymmetric,58,private-source://routeA_experiments/data/final_ood_frozen_v1/three_hole_asymmetric/sample_0058.npz,cd8c02f16d5cb5b76ccf7d1ec24d90c99eadd3a3beb517f14abd993c4185db88,0.002214631997048855,0.09197806331929045,0.8550076285246265,0.6728808879852295,0.4065821251133457,0.608785106241703
fine_control,53,three_hole_asymmetric,59,private-source://routeA_experiments/data/final_ood_frozen_v1/three_hole_asymmetric/sample_0059.npz,8b2f19de3b7d84f2e94fee0e2534974e7bb4e568d67f3a1c9928750c5d681d54,0.0022798660211265087,0.09179974220468268,0.7523873957828966,0.8976201403420419,0.38705154694616795,0.549103441089391
fine_control,53,three_hole_asymmetric,60,private-source://routeA_experiments/data/final_ood_frozen_v1/three_hole_asymmetric/sample_0060.npz,9a762eaafc0ad4943d42da4f1c2f1324b21b6ee9e3faaf6bd0e21961c2c74f37,0.0021979190059937537,0.09352881833615624,1.0376705533714392,0.7252059280872345,0.46037571132183075,0.6108807062497362
fine_control,53,three_hole_asymmetric,61,private-source://routeA_experiments/data/final_ood_frozen_v1/three_hole_asymmetric/sample_0061.npz,f363192d56ff237222c6af805a0435cdace76f73899372ae7a684b627192c2cf,0.002148422005120665,0.06463611664448263,0.6525008609783908,0.6863977313041687,0.2859513759613037,0.4509678877890108
fine_control,53,three_hole_asymmetric,62,private-source://routeA_experiments/data/final_ood_frozen_v1/three_hole_asymmetric/sample_0062.npz,2f26a4605d7e2c878f5be76227c29d3c349d949c85a3fd078ad080cee6cfff90,0.0022564289974980056,0.0951654505935412,0.9545893746554949,0.8510299324989319,0.47214147783233784,0.7032080500386643
fine_control,53,three_hole_asymmetric,63,private-source://routeA_experiments/data/final_ood_frozen_v1/three_hole_asymmetric/sample_0063.npz,17c7bdafaf1ee584c9e013fbb7431229a839fea3282cdae21417ce64c07803f3,0.0021671389986295253,0.07277631109779657,0.6705506251842845,0.5962449726648629,0.31494907289743423,0.4742719512432813
fine_control,53,three_hole_asymmetric,64,private-source://routeA_experiments/data/final_ood_frozen_v1/three_hole_asymmetric/sample_0064.npz,793cbf94a8f0ee09dd55e7baf6508b26cc685f59f0c6758686e2412286c50e95,0.0021581379987765104,0.09906123547907379,0.8255167044330615,0.856356792151928,0.4573139026761055,0.6797294538468122
fine_control,53,three_hole_asymmetric,65,private-source://routeA_experiments/data/final_ood_frozen_v1/three_hole_asymmetric/sample_0065.npz,1a010370114984ac96012fd00665935431ad026ab4d7339462e9ede18dcde1d9,0.0021655989985447377,0.08866089677177132,1.0142007431407527,0.9043723773211241,0.3618843201547861,0.6057054445147514
fine_control,53,three_hole_asymmetric,66,private-source://routeA_experiments/data/final_ood_frozen_v1/three_hole_asymmetric/sample_0066.npz,b4fb5ef8fe25b228082cf73d25bf64834fc6a386885f1003e912cc5461f36d56,0.0021950689842924476,0.09855751395281392,1.0960208992564935,0.8494586572051048,0.4917210885323584,0.6769438624381997
fine_control,53,three_hole_asymmetric,67,private-source://routeA_experiments/data/final_ood_frozen_v1/three_hole_asymmetric/sample_0067.npz,9966203f8926dbc05a509af06ae061895e57e0716bd5f4d7fbf1f94ef0a45954,0.0021934159740339965,0.08425312099173243,0.9893965921973435,0.7105987966060638,0.43337104469537735,0.5831194853410123
fine_control,53,three_hole_asymmetric,68,private-source://routeA_experiments/data/final_ood_frozen_v1/three_hole_asymmetric/sample_0068.npz,3441c1ef60f7fd85c99941996ff1e1187f19859561c6ad1e959ad510a070dfcb,0.0022037669841665775,0.10600255676942306,1.1394564519831551,0.9051824733614922,0.529957702383399,0.7560798123478883
fine_control,53,three_hole_asymmetric,69,private-source://routeA_experiments/data/final_ood_frozen_v1/three_hole_asymmetric/sample_0069.npz,957b4c4b2aca791503277fca2b6d349af9cb542bc497b1dfb5a2641ef5e16b1e,0.0022194159973878413,0.10327061128591754,1.0459705072157925,0.9374183899781201,0.4863608132582158,0.6999151501804589
fine_control,53,three_hole_asymmetric,70,private-source://routeA_experiments/data/final_ood_frozen_v1/three_hole_asymmetric/sample_0070.npz,bf042f87f987b456925f37ee22c985a855b18b686770e5b97a394d3c0c2acbe6,0.0021010549971833825,0.1019120258083559,1.0973294078735993,0.9115880448371172,0.4805070584407076,0.6864527106285093
fine_control,53,three_hole_asymmetric,71,private-source://routeA_experiments/data/final_ood_frozen_v1/three_hole_asymmetric/sample_0071.npz,d8ecc3806b2dd2950185d128052672533a7ecff47ea474de8708ce8b3e391105,0.0021205840166658163,0.06693504873420524,0.8332964376137968,0.7370949983596802,0.2289095399901271,0.46273711696267117
fine_control,53,three_hole_asymmetric,72,private-source://routeA_experiments/data/final_ood_frozen_v1/three_hole_asymmetric/sample_0072.npz,6fb1d638377a02897f21ad9678d3a93e1ed734ef1ade5a6f69a1c16b0d92646b,0.002168434002669528,0.0966164977197193,1.28019337752189,0.9250720217823982,0.4666459842119366,0.6868560514412818
fine_control,53,three_hole_asymmetric,73,private-source://routeA_experiments/data/final_ood_frozen_v1/three_hole_asymmetric/sample_0073.npz,aa1f55a954bf5a5a2a0fc55c80c60d0c6c3bcfed40697329e85d1f1150b3beb1,0.00216829901910387,0.0899186047678971,1.0469383447559988,0.8151459619402885,0.42015165090560913,0.6186164848972111
fine_control,53,three_hole_asymmetric,74,private-source://routeA_experiments/data/final_ood_frozen_v1/three_hole_asymmetric/sample_0074.npz,7efa7bbcf05970d90ea88b07b297960e2591bdf9454367d39202dd0eea0baf1c,0.002164957986678928,0.08480930536979252,1.0639467757327719,0.845119833946228,0.4209381702821702,0.587383774574846
fine_control,53,three_hole_asymmetric,75,private-source://routeA_experiments/data/final_ood_frozen_v1/three_hole_asymmetric/sample_0075.npz,797d1d48df61dcc794ea9c42bd7cbe3fb5904ac3207e4c22d07fd98d6cba6889,0.002132850990165025,0.09579301414217821,0.9263064847533017,0.8307765424251556,0.45205097272992134,0.7063831746578212
fine_control,53,three_hole_asymmetric,76,private-source://routeA_experiments/data/final_ood_frozen_v1/three_hole_asymmetric/sample_0076.npz,ed8628f781c6e4e0f944c54b129e12897361e0950bc2b545bb2c4111835b1aa3,0.002174066990846768,0.0995150579087739,1.2149173889703342,0.9608002230525017,0.441533325240016,0.6129997574724257
fine_control,53,three_hole_asymmetric,77,private-source://routeA_experiments/data/final_ood_frozen_v1/three_hole_asymmetric/sample_0077.npz,e1e3d0aa07a5e03fbc7d7cd2e5822d6d019cc78a74b2a133771301fca0c23ab6,0.0021244520030450076,0.10076716714354182,0.8706703443297144,0.8023274838924408,0.4987001963891089,0.6903124164789908
fine_control,53,three_hole_asymmetric,78,private-source://routeA_experiments/data/final_ood_frozen_v1/three_hole_asymmetric/sample_0078.npz,b8c9c9f9a9d7c2106857e098ccf52a7ed33b76dda547cbe28fa76263b27cde39,0.002197057008743286,0.10148329625619557,1.0446791422005577,0.8964446559548378,0.5022811871021986,0.6810982372611757
fine_control,53,three_hole_asymmetric,79,private-source://routeA_experiments/data/final_ood_frozen_v1/three_hole_asymmetric/sample_0079.npz,6600329ca06c105c508bd49db109ca5aa0861398ccd222389fac3dd5f02b058c,0.0022718050167895854,0.09997466168234999,1.3292530692146847,0.7763634324073792,0.47633872856386006,0.6121543779503552
fine_control,53,three_hole_asymmetric,80,private-source://routeA_experiments/data/final_ood_frozen_v1/three_hole_asymmetric/sample_0080.npz,ffbc158abeb51a4eb3928201634706c040d340dabbe33426cdc7b7127fe13543,0.002190770988818258,0.08351297098321803,0.9335899514211875,0.8975141467526555,0.3683781549334526,0.5666912108659738
fine_control,53,three_hole_asymmetric,81,private-source://routeA_experiments/data/final_ood_frozen_v1/three_hole_asymmetric/sample_0081.npz,a87e60b7c7797fddf37237be730cdc9809205a80b44cb6b2262de1a6d7645693,0.0021877300168853253,0.09692228062412561,1.1364622420706765,0.7994371354579926,0.5094797472702339,0.637760806502774
fine_control,53,three_hole_asymmetric,82,private-source://routeA_experiments/data/final_ood_frozen_v1/three_hole_asymmetric/sample_0082.npz,067daeb253b7553c2df8a4b49429eea3aa5169264dc4c11e08a931320e7ddff4,0.0021693849994335324,0.0660614268774156,0.651186384128241,0.6703214347362518,0.2489997569937259,0.4083053149282931
fine_control,53,three_hole_asymmetric,83,private-source://routeA_experiments/data/final_ood_frozen_v1/three_hole_asymmetric/sample_0083.npz,f1d60eebc050728f5777b4668048e76d34dee796f6835ce90e1158999fa44fd4,0.002126205014064908,0.099040849853487,1.219441161251581,0.8616972640156746,0.5452105114236474,0.6743326917290682
fine_control,53,three_hole_asymmetric,84,private-source://routeA_experiments/data/final_ood_frozen_v1/three_hole_asymmetric/sample_0084.npz,412d7cf0b8e7473beabae2d73d6f51672f2e2290c5eb4f6594fefd3da8d64992,0.002179297007387504,0.0953106714594841,0.9264777191030494,0.758808821439743,0.4683378580957651,0.6650630638003348
fine_control,53,three_hole_asymmetric,85,private-source://routeA_experiments/data/final_ood_frozen_v1/three_hole_asymmetric/sample_0085.npz,254ac982dfb840962b732a7f58d26007ad7175788b3d22740ac1a0de93037713,0.002245359995868057,0.06448005641371622,0.5615339137218411,0.5665836930274963,0.245318204164505,0.41554730534553513
fine_control,53,three_hole_asymmetric,86,private-source://routeA_experiments/data/final_ood_frozen_v1/three_hole_asymmetric/sample_0086.npz,c521fb24ed492b9981db7f659459473625677c7b0d7e4c9095384fc6551b4657,0.002166740014217794,0.10535188228041582,1.6665920023695946,0.9217798337340355,0.5397844758990686,0.650643602659693
fine_control,53,three_hole_asymmetric,87,private-source://routeA_experiments/data/final_ood_frozen_v1/three_hole_asymmetric/sample_0087.npz,7946973bee1306c79f4c36bb2e32fb4b5c210f4c5eee0944367ba30e9fdd9e31,0.0021668350091204047,0.06346732795269178,0.6591810264961946,0.7282177209854126,0.21829487080685794,0.39342637881636616
fine_control,53,three_hole_asymmetric,88,private-source://routeA_experiments/data/final_ood_frozen_v1/three_hole_asymmetric/sample_0088.npz,11f5514ff6bbacbe263aded7875193bf5aad8a00011357f6c74f2f464c5b23a1,0.002223588991910219,0.09213584584501204,0.8296251110750669,0.7990079782903194,0.42563592828810215,0.5964413167908788
fine_control,53,three_hole_asymmetric,89,private-source://routeA_experiments/data/final_ood_frozen_v1/three_hole_asymmetric/sample_0089.npz,a61b51e0b645bb67e96064efeeb018bd2d7b048c8350145b4efca94cd3cced4a,0.002206962992204353,0.09495909379710084,0.851627777015678,0.7498325034976006,0.4590713996440172,0.6743864491581916
fine_control,53,three_hole_asymmetric,90,private-source://routeA_experiments/data/final_ood_frozen_v1/three_hole_asymmetric/sample_0090.npz,f238f1b73bfe633977814f4ee8efd7678f1da09cdadc96667ab86b42fd9c84b8,0.0021782600088045,0.11240667604229057,1.2550236443481069,0.8874649181962013,0.544979512837017,0.7077927805483339
fine_control,53,three_hole_asymmetric,91,private-source://routeA_experiments/data/final_ood_frozen_v1/three_hole_asymmetric/sample_0091.npz,908dee8055af09e682db2290282512110ad8b8134b5a3c698b0b1e27d1298733,0.0024958029971458018,0.06586942937945742,0.6094109118368697,0.602172315120697,0.2362713641487062,0.49692474901676137
fine_control,53,three_hole_asymmetric,92,private-source://routeA_experiments/data/final_ood_frozen_v1/three_hole_asymmetric/sample_0092.npz,235f3d7bb93d6ff69897dc532f9c0175c97fc98f43fc1a6c18061f36b3b6c3ef,0.0022523580119013786,0.09321581426946221,0.8175744662739725,0.9409738326212391,0.4643248519860208,0.5986391484737396
fine_control,53,three_hole_asymmetric,93,private-source://routeA_experiments/data/final_ood_frozen_v1/three_hole_asymmetric/sample_0093.npz,a7d0da11a92287a27a4a6c11ca702f3f2f17ff721a0f0279d690f8abf94252be,0.0021638069883920252,0.060990764880061304,0.5930609218929914,0.5699439942836761,0.23752201441675425,0.4065288513898848
fine_control,53,three_hole_asymmetric,94,private-source://routeA_experiments/data/final_ood_frozen_v1/three_hole_asymmetric/sample_0094.npz,d0aa584876f99691aeeb8026d5ead955e7cc17621019a851ef37a13edaf58971,0.002178782015107572,0.09480458805446847,0.9912062809612979,0.7958250343799591,0.45631416141986847,0.6331114728935062
fine_control,53,three_hole_asymmetric,95,private-source://routeA_experiments/data/final_ood_frozen_v1/three_hole_asymmetric/sample_0095.npz,d203d6745345a12b29597ac2d26caea89ab17bb23083688666fb462296530e05,0.0021020979911554605,0.08810858882303892,0.9366482524578104,0.7217980027198792,0.39862611767603084,0.604346816241741
fine_control,53,three_hole_asymmetric,96,private-source://routeA_experiments/data/final_ood_frozen_v1/three_hole_asymmetric/sample_0096.npz,78f0808d535501b8d16b5386431081df41fe126d96ffeb5bfc34b71693bd5714,0.002240837988210842,0.10173795825982626,1.2226023090269131,0.9584684148430824,0.4962713366840035,0.672911181312519
fine_control,53,three_hole_asymmetric,97,private-source://routeA_experiments/data/final_ood_frozen_v1/three_hole_asymmetric/sample_0097.npz,a19b074a2ef168ce2028edf5abd4394ddadac3e42eb7badae29852dcd87b8c01,0.002184812998166308,0.09760741721799772,1.0248637069396027,0.7989677786827087,0.47522770054638386,0.6373270526528357
fine_control,53,three_hole_asymmetric,98,private-source://routeA_experiments/data/final_ood_frozen_v1/three_hole_asymmetric/sample_0098.npz,e628a052cb301d1ccddc36abc3e756605d05d755311cc580cb8638d0283e8a28,0.002213889005361125,0.08326280584667965,0.9628958872093817,0.8308219015598297,0.38999331183731556,0.5941114618442952
fine_control,53,three_hole_asymmetric,99,private-source://routeA_experiments/data/final_ood_frozen_v1/three_hole_asymmetric/sample_0099.npz,c4c58ccc92851ab150fbcfb7929b45da22b8f4be00f48239dbac5a4033fb8247,0.0021357429795898497,0.08620547736801863,0.94027595970062,0.761902391910553,0.38906968012452126,0.6184052035212513
fine_control,53,three_hole_asymmetric,100,private-source://routeA_experiments/data/final_ood_frozen_v1/three_hole_asymmetric/sample_0100.npz,7735aa807c0bade0596ab7163387935e7d8a6420ea91ac0b71468f037f55c595,0.002127872023265809,0.08271244409783886,0.7057097986627855,0.7310301661491394,0.34518976882100105,0.5210906222462652
fine_control,53,three_hole_asymmetric,101,private-source://routeA_experiments/data/final_ood_frozen_v1/three_hole_asymmetric/sample_0101.npz,50903f9da861e8e4b8d2ee84d0c4eea498c76f1b91f5cc6b26cca7661f51f13b,0.0023063629923854023,0.11353715515719097,1.3180353131097458,0.8725628927350044,0.5615029536420479,0.6987771004438398
fine_control,53,three_hole_asymmetric,102,private-source://routeA_experiments/data/final_ood_frozen_v1/three_hole_asymmetric/sample_0102.npz,393185e3a3667ce8030757bd68d94410eee1772700c16b445a0af74c993e2d3e,0.0021498580172192305,0.10675570088324718,1.3837845429616742,0.9233273193240166,0.5617575766518712,0.7083641499280929
fine_control,53,three_hole_asymmetric,103,private-source://routeA_experiments/data/final_ood_frozen_v1/three_hole_asymmetric/sample_0103.npz,d8e3e01787f23ef6a1dabb9edf23da79e0637aeb7fd538143355fccbedc02bc1,0.002238999994006008,0.09987526043037885,0.8197368266710884,0.803349643945694,0.4610559791326523,0.6325448725372547
fine_control,53,three_hole_asymmetric,104,private-source://routeA_experiments/data/final_ood_frozen_v1/three_hole_asymmetric/sample_0104.npz,d6cc18e29b7582dec1b5602f9fa8218e7d40d0e0ed08552c1d6acc779fc36a17,0.002204149990575388,0.09290929293379736,1.1840163140525466,0.9092677012085915,0.4720868207514286,0.7794341448694467
fine_control,53,three_hole_asymmetric,105,private-source://routeA_experiments/data/final_ood_frozen_v1/three_hole_asymmetric/sample_0105.npz,35bd0c998f7436861f71be50f8aba64a3461c822cf292b3e6694660f55a3b0f1,0.002216369000962004,0.09038917082083346,0.7716172986548366,0.7798072099685669,0.4281899034976959,0.6446965292096137
fine_control,53,three_hole_asymmetric,106,private-source://routeA_experiments/data/final_ood_frozen_v1/three_hole_asymmetric/sample_0106.npz,6888edd52db8cf29388af634eedf7f9be35793c07c18644b7f86f8a441acc780,0.0022556569892913103,0.0658959206175624,0.6307301902996727,0.6686918064951897,0.24751104600727558,0.4468573946505782
fine_control,53,three_hole_asymmetric,107,private-source://routeA_experiments/data/final_ood_frozen_v1/three_hole_asymmetric/sample_0107.npz,40b2ef1f23b501bfde64a13fe7258035909f0d78e1d54eb6e1443c804305ecf4,0.0021982769831083715,0.10286079341645596,1.7297173032922628,0.9338057562708855,0.5422974794055335,0.6383975576609373
fine_control,53,three_hole_asymmetric,108,private-source://routeA_experiments/data/final_ood_frozen_v1/three_hole_asymmetric/sample_0108.npz,79b8dfa34c2b35a10fea27f09a0f9f798b0367fc5192ed59d1361f1b53799bdd,0.002255232975585386,0.10930917812354622,1.2517008327904635,0.8926689908839762,0.5572522738366388,0.6634409110993146
fine_control,53,three_hole_asymmetric,109,private-source://routeA_experiments/data/final_ood_frozen_v1/three_hole_asymmetric/sample_0109.npz,8ce37dd8adb5cefec81dbd0f448aa24fd957fd04fe733656a07aef732c8cc2eb,0.0024899010022636503,0.08647292280431074,0.8131498533238857,0.7641437612473965,0.4388507306575775,0.5760679294588044
fine_control,53,three_hole_asymmetric,110,private-source://routeA_experiments/data/final_ood_frozen_v1/three_hole_asymmetric/sample_0110.npz,4f2615c8cb85f9158644a5c730014c3884dbecc44b41e4c6525efb9d86c8caf8,0.0021192579879425466,0.10691883009017639,1.265140988886275,0.9242177531123161,0.5261129209538922,0.783171517401933
fine_control,53,three_hole_asymmetric,111,private-source://routeA_experiments/data/final_ood_frozen_v1/three_hole_asymmetric/sample_0111.npz,0935578871a0f3a49acfc526c2f37c216dd91c68bd2a8bfb1b536326e94f5a44,0.0021161749900784343,0.0979572886832944,1.5545560867416883,0.9008796885609627,0.5109626282428508,0.62572567423922
fine_control,53,three_hole_asymmetric,112,private-source://routeA_experiments/data/final_ood_frozen_v1/three_hole_asymmetric/sample_0112.npz,75f3066ea740d92e454646a086e63a485bf69922e759ad6ffeae0e0cb87dfaa8,0.00216880498919636,0.1031285672241604,1.0750548073010007,0.8264092206954956,0.5117491763085127,0.6870256885886186
fine_control,53,three_hole_asymmetric,113,private-source://routeA_experiments/data/final_ood_frozen_v1/three_hole_asymmetric/sample_0113.npz,e697a839e7548feb3a5b14360c3973b92e38a87052d3b7365b32a7cd0a753191,0.0021064120228402317,0.0746675189967664,0.6833783554786923,0.7016118466854095,0.2980231542605907,0.5269322131760403
fine_control,53,three_hole_asymmetric,114,private-source://routeA_experiments/data/final_ood_frozen_v1/three_hole_asymmetric/sample_0114.npz,7afaaf3601e6ed30886241051a0637c969fab4fdc7321968e3389ce030c7486a,0.0021746169950347394,0.09039359893871404,0.8343831945208533,0.722660630941391,0.42838199622929096,0.5982872387394303
fine_control,53,three_hole_asymmetric,115,private-source://routeA_experiments/data/final_ood_frozen_v1/three_hole_asymmetric/sample_0115.npz,c61c1f6680ef22cfbb61c3b59a74537ff91a7a97eefe05a24d1215c5eff14175,0.0021832399943377823,0.09572077741207216,1.0239743959649836,0.7238698825240135,0.4855860802344978,0.6150299888104198
fine_control,53,three_hole_asymmetric,116,private-source://routeA_experiments/data/final_ood_frozen_v1/three_hole_asymmetric/sample_0116.npz,9630b36b29d980654e8e8af10a050b5b22f9036bbc0eaf53ddfff402e0574e30,0.0021970300003886223,0.11532592855074038,1.2706919965316459,0.8760234490036964,0.5702359557617456,0.7392078592907637
fine_control,53,three_hole_asymmetric,117,private-source://routeA_experiments/data/final_ood_frozen_v1/three_hole_asymmetric/sample_0117.npz,d3d1cc5eb6165ce5dd1eb46f3b7422b7a91b41002dd8e244fb5807270ef54ae0,0.0021830209880135953,0.09574333122464013,1.4417475793809436,0.8976607248187065,0.5250068224268034,0.6548055376973928
fine_control,53,three_hole_asymmetric,118,private-source://routeA_experiments/data/final_ood_frozen_v1/three_hole_asymmetric/sample_0118.npz,8e2be99501a03f3deba60278c03b5af400416cb985c121c2fa7d7d7827ff8328,0.00221499300096184,0.0909190428414095,0.9626179901317967,0.7702586054801941,0.4393665080424398,0.5907326430082318
fine_control,53,three_hole_asymmetric,119,private-source://routeA_experiments/data/final_ood_frozen_v1/three_hole_asymmetric/sample_0119.npz,a47277e2b3beb0d89ef7b03bc2d99a8b043b3ba5b66636730dd832240fb5bf67,0.002203028998337686,0.10013671567154034,1.0715724635502193,0.8764414265751839,0.48321603052318096,0.6891677945852271
fine_control,53,three_hole_asymmetric,120,private-source://routeA_experiments/data/final_ood_frozen_v1/three_hole_asymmetric/sample_0120.npz,460897fcccde1db2e8ba9079e66abd4ea55bf6c9fcc14cc7507c17ec7571d07d,0.002361687016673386,0.06873852052577391,0.7858165385449692,0.6866940855979919,0.31377580016851425,0.5891026645898818
fine_control,53,three_hole_asymmetric,121,private-source://routeA_experiments/data/final_ood_frozen_v1/three_hole_asymmetric/sample_0121.npz,7463cebd5dcf30b0f53bfbcec6ed3cd938cae4ff1c7cb5a51f6b6208a020a4d2,0.0021864080044906586,0.0687520442273546,0.7308442914638889,0.6378638446331024,0.2602309843059629,0.4588780596852299
fine_control,53,three_hole_asymmetric,122,private-source://routeA_experiments/data/final_ood_frozen_v1/three_hole_asymmetric/sample_0122.npz,0b1f50e6483c4bd20f2eb7b1a5ad3ca903b7158558b6379b0a1c87cfb444d395,0.002217439003288746,0.09607104468581196,1.297647409394569,0.9330557510256767,0.40259677303401986,0.7449274882674213
fine_control,53,three_hole_asymmetric,123,private-source://routeA_experiments/data/final_ood_frozen_v1/three_hole_asymmetric/sample_0123.npz,65e171101675b5cb87eb5555f716856d756743e6d3447dfa2efbde71ac332e67,0.0021998669835738838,0.09598650125693259,1.1184510637832308,0.84578753169626,0.5051313050789759,0.7173391176387651
fine_control,53,three_hole_asymmetric,124,private-source://routeA_experiments/data/final_ood_frozen_v1/three_hole_asymmetric/sample_0124.npz,d3c7c52167944c7ed7ee06f79272238419f46b0150fe90a2589d3153747fbf2f,0.002174647990614176,0.09155851248558224,1.0416470968162663,0.817228227853775,0.4174876920878887,0.643885326699819
fine_control,53,three_hole_asymmetric,125,private-source://routeA_experiments/data/final_ood_frozen_v1/three_hole_asymmetric/sample_0125.npz,629b8f9d37de5d037c8e33f97e602bf5d06a112e8c988084322626ed3cfa0db4,0.002208699006587267,0.1150847339470309,1.1762357025440062,0.9069043919444084,0.5605695503763855,0.7574658319354046
fine_control,53,three_hole_asymmetric,126,private-source://routeA_experiments/data/final_ood_frozen_v1/three_hole_asymmetric/sample_0126.npz,d79d0f135637e2841b3453a53add5c4bf624f15ae92f2562acb09afebef0ede1,0.0021618529863189906,0.07797505384770707,0.7300745816608785,0.6176649704575539,0.32972990721464157,0.4882278293371193
fine_control,53,three_hole_asymmetric,127,private-source://routeA_experiments/data/final_ood_frozen_v1/three_hole_asymmetric/sample_0127.npz,7cee35213e8863690074459c24d7fd282a7630a45f0f4fab56f69cc5187ced3c,0.002186441997764632,0.08249569128139675,0.8364400927559011,0.9519863650202751,0.31834451854228973,0.6002983421087263
fine_control,53,three_hole_asymmetric,128,private-source://routeA_experiments/data/final_ood_frozen_v1/three_hole_asymmetric/sample_0128.npz,66f17e3594dd9beaddc30078e0aea012c36ea89ec3780e24ab5e66ada4aa0aee,0.0021838500106241554,0.09654302106464954,0.8263479049224466,0.8064377903938293,0.4556711856275797,0.6617812860757107
fine_control,53,three_hole_asymmetric,129,private-source://routeA_experiments/data/final_ood_frozen_v1/three_hole_asymmetric/sample_0129.npz,0513a13dc15142aa7035ad92a4d92696cde53f4f938fba0b6258ba43ff994ce4,0.00215177601785399,0.10272767314513137,1.1147669800990052,0.8253450989723206,0.5175040252506733,0.7058717744424937
fine_control,53,three_hole_asymmetric,130,private-source://routeA_experiments/data/final_ood_frozen_v1/three_hole_asymmetric/sample_0130.npz,0b7e254aff9dacc784e6945d18e32da0372125ff81dc9fb35dcf29f7e12504f6,0.0021466749894898385,0.11025384753304132,0.9712410099425339,0.8789393976330757,0.5502790324389935,0.7176129471510647
fine_control,53,three_hole_asymmetric,131,private-source://routeA_experiments/data/final_ood_frozen_v1/three_hole_asymmetric/sample_0131.npz,b7bf7aa4688f48d7c78174369c23732d337ae6ffd998cf06bb7a4edda3a5063d,0.0021843260037712753,0.0903789351037973,0.9588742289131498,0.7557605803012848,0.4484643621253781,0.601713396492414
fine_control,53,three_hole_asymmetric,132,private-source://routeA_experiments/data/final_ood_frozen_v1/three_hole_asymmetric/sample_0132.npz,37fe2cf79de29a9b7e04b5fe118372c54173e6f10125f0854cf4d171d4776d59,0.0022931529965717345,0.07028190528829288,0.8888426050740772,0.7957224249839783,0.2578824511729181,0.52088417224586
fine_control,53,three_hole_asymmetric,133,private-source://routeA_experiments/data/final_ood_frozen_v1/three_hole_asymmetric/sample_0133.npz,3683c8dae119211360b0dbaa1ac9e1693a1728caddc3c1bb3768f981c2091e26,0.0022903059725649655,0.09217791901419464,0.8311366441163315,0.8127200901508331,0.44933166773989797,0.7260268345475196
fine_control,53,three_hole_asymmetric,134,private-source://routeA_experiments/data/final_ood_frozen_v1/three_hole_asymmetric/sample_0134.npz,322bc5ec6225e978895e341b9dfdf38fbfa0681b5b329fe286739337905a2e67,0.002176323003368452,0.10026428474486794,1.1488945350626147,0.8308030962944031,0.5211007923353463,0.6654433973133562
fine_control,53,three_hole_asymmetric,135,private-source://routeA_experiments/data/final_ood_frozen_v1/three_hole_asymmetric/sample_0135.npz,b3bc13b4ad513f7b7c47e8dfedda3871bfe1d969ceb542243518b1f1661a7b7d,0.002313479984877631,0.09383987980495466,1.0454334293387513,0.7623181641101837,0.4291123878210783,0.6126575229805891
fine_control,53,three_hole_asymmetric,136,private-source://routeA_experiments/data/final_ood_frozen_v1/three_hole_asymmetric/sample_0136.npz,20f73113304cb007ce9ee5b010405b3b08c38b719993477582e1adb17921d82b,0.0022230730101000518,0.06421018212503736,0.5696578225988104,0.6938979923725128,0.2270681131631136,0.4286543607711783
fine_control,53,three_hole_asymmetric,137,private-source://routeA_experiments/data/final_ood_frozen_v1/three_hole_asymmetric/sample_0137.npz,9c029bad505c34e3cca11e8187bc4fdf7d1417417883641e5c92c0e2b1861711,0.002160714997444302,0.09020966437418294,0.9236880247479974,0.6670159995555878,0.44140329118818045,0.5774903270415959
fine_control,53,three_hole_asymmetric,138,private-source://routeA_experiments/data/final_ood_frozen_v1/three_hole_asymmetric/sample_0138.npz,2a95dd7d60712bbde64ddb2f3b9b174a2da8a71e64f53104448b1fda6898cb87,0.0021911149960942566,0.10191099927595773,1.4124531273404504,0.9435403272509575,0.4488815269724,0.6722911156888578
fine_control,53,three_hole_asymmetric,139,private-source://routeA_experiments/data/final_ood_frozen_v1/three_hole_asymmetric/sample_0139.npz,f356651d5f0fbe76d7b23cee9c305931b8e8fe879d3fc560e174e6ff4a4bcbc9,0.0021618859900627285,0.10065835795871284,0.9156265519181457,0.9987114432733506,0.47681390307843685,0.626089258305728
fine_control,53,three_hole_asymmetric,140,private-source://routeA_experiments/data/final_ood_frozen_v1/three_hole_asymmetric/sample_0140.npz,c22b26c249410214ce91ba779d94c82c7d58648110a4aac0c4246990ecc43bba,0.002193585009081289,0.10329187307157273,0.9585614969380224,0.7915221452713013,0.5311731123365462,0.7433166522532701
fine_control,53,three_hole_asymmetric,141,private-source://routeA_experiments/data/final_ood_frozen_v1/three_hole_asymmetric/sample_0141.npz,581b8c08fb25b0697b98b87164ebaafe6cd559b41136643d44f9de35e975d7b9,0.002097607997711748,0.1021309391925285,1.180948165880519,0.9307897910475731,0.4589952379465103,0.7367217548191541
fine_control,53,three_hole_asymmetric,142,private-source://routeA_experiments/data/final_ood_frozen_v1/three_hole_asymmetric/sample_0142.npz,578e8f60d4da9f74071ab8374b88b7be266d5d1e67dec13929a7acf811b163a8,0.0023110210022423416,0.10862800826742283,1.2029668704576397,0.9540760442614555,0.562880483455956,0.689861940196715
fine_control,53,three_hole_asymmetric,143,private-source://routeA_experiments/data/final_ood_frozen_v1/three_hole_asymmetric/sample_0143.npz,b6b2551b71fdf3da0d4ca84d9f08c6aa2f3008f1962bd943296cbf9612880efc,0.002271438017487526,0.10238630801540793,1.2217109218744386,0.9065321460366249,0.5093822866183473,0.7786651197820894
fine_control,53,three_hole_asymmetric,144,private-source://routeA_experiments/data/final_ood_frozen_v1/three_hole_asymmetric/sample_0144.npz,8329648a6f54e17ec6911f4a2a43086a79f241b8ea2247f84b00d977ee02610d,0.0022792659874539822,0.10294867344201702,1.3928209133396223,0.9637319818139076,0.5252620751853101,0.7288501501083373
fine_control,53,three_hole_asymmetric,145,private-source://routeA_experiments/data/final_ood_frozen_v1/three_hole_asymmetric/sample_0145.npz,9e07276be4c9a737eae17e3917bc3cdc5d0dfa1bce9663bd981f358519eb110c,0.0022457089798990637,0.09604959012313743,0.9350014376835055,0.7548375818878412,0.4846395128406584,0.6169606372714042
fine_control,53,three_hole_asymmetric,146,private-source://routeA_experiments/data/final_ood_frozen_v1/three_hole_asymmetric/sample_0146.npz,67f3ee8daff2c978cbe4cd399a7f2ad4874665b5c644a341c057c304af1127c1,0.0022771799995098263,0.10548469042048358,1.1524137461739783,0.9004043266177177,0.5192225001519546,0.7715538546442986
fine_control,53,three_hole_asymmetric,147,private-source://routeA_experiments/data/final_ood_frozen_v1/three_hole_asymmetric/sample_0147.npz,e85347f74d9b0184043eda85a8b0b42fe6515b3c49ceeec50b7b4d6dfff4a07d,0.002295173006132245,0.07684063315920318,0.7226425837819335,0.6774329245090485,0.3661837987601757,0.5706974431872367
fine_control,53,three_hole_asymmetric,148,private-source://routeA_experiments/data/final_ood_frozen_v1/three_hole_asymmetric/sample_0148.npz,245fe71d4768340cf55e028f00a51ef269352046fcee78a0376200f4998c9360,0.0022742059954907745,0.06192833984012282,0.6876287981406884,0.6719694118946791,0.23014896921813488,0.4024311691522592
fine_control,53,three_hole_asymmetric,149,private-source://routeA_experiments/data/final_ood_frozen_v1/three_hole_asymmetric/sample_0149.npz,e4131c7833d7b32f7f309cc922c788dde6f66644cd7c84c3995c3e66ca6ec058,0.002215032000094652,0.09674447482061792,1.253275622200406,0.91114392131567,0.417689953930676,0.7401256462791922
fine_control,53,three_hole_asymmetric,150,private-source://routeA_experiments/data/final_ood_frozen_v1/three_hole_asymmetric/sample_0150.npz,14d7c4793f64ce9d612ac24093c5fbe0dae12baa2ebcc0e606416070b0010be4,0.0022543570084962994,0.1019418902330645,1.2847889796332583,0.8446436524391174,0.5070902291918173,0.6463610546663402
fine_control,53,three_hole_asymmetric,151,private-source://routeA_experiments/data/final_ood_frozen_v1/three_hole_asymmetric/sample_0151.npz,3c828906fd7ab01c163402ae535f03a420e0b8d29d63467e8f5e0ac8bb2069f1,0.0022131240111775696,0.08958401484090649,0.902316294264064,0.8761300947226118,0.39399198442697525,0.6266865860670798
fine_control,53,three_hole_asymmetric,152,private-source://routeA_experiments/data/final_ood_frozen_v1/three_hole_asymmetric/sample_0152.npz,2dd677fdf441a2d0d82994893dd167d20bc429686f9d05c84662f972384de6c2,0.002175346977310255,0.08920473419212939,1.137573928022431,0.9940085430862382,0.4686122201383114,0.6652298469096406
fine_control,53,three_hole_asymmetric,153,private-source://routeA_experiments/data/final_ood_frozen_v1/three_hole_asymmetric/sample_0153.npz,e09e2ec653206737b870b71f517fcc81353db939fd7d890bfde2a8715648f046,0.002140448021236807,0.09390746552456126,1.3140689923494233,0.8384149000048637,0.4699892739299685,0.7075516622513528
fine_control,53,three_hole_asymmetric,154,private-source://routeA_experiments/data/final_ood_frozen_v1/three_hole_asymmetric/sample_0154.npz,354f1ec9c8bb281306006c931744c6710f378713690c48b9dfc924d8e03155dc,0.0022064049844630063,0.09110559763704454,1.0018538218510653,0.7874379456043243,0.4185187015682459,0.6268071452155708
fine_control,53,three_hole_asymmetric,155,private-source://routeA_experiments/data/final_ood_frozen_v1/three_hole_asymmetric/sample_0155.npz,4feb6d42b1ba8f3891917e887c391dac5ab83213398859f8c4d1343a08f81523,0.002313113975105807,0.0687706407365468,0.869110738520699,0.8941112169995904,0.26183067075908184,0.4004252299666403
fine_control,53,three_hole_asymmetric,156,private-source://routeA_experiments/data/final_ood_frozen_v1/three_hole_asymmetric/sample_0156.npz,2ed681cf4ebe76dc5ff83597e8f424f37faa8aa01f50048685eb1a9f8504ef64,0.0022725580201949924,0.09057012220752451,1.0346991316969425,0.8484712839126587,0.4106800276786089,0.6055065172491592
fine_control,53,three_hole_asymmetric,157,private-source://routeA_experiments/data/final_ood_frozen_v1/three_hole_asymmetric/sample_0157.npz,8f86d834f785485f1110f7ae10b681508b7fb7293834bdeabad4cd9e0ff581e7,0.0021568429947365075,0.08139249579624766,0.8375039599187012,0.7331548929214478,0.31628414802253246,0.5296088933944691
fine_control,53,three_hole_asymmetric,158,private-source://routeA_experiments/data/final_ood_frozen_v1/three_hole_asymmetric/sample_0158.npz,b7838937a002adfbc7581e42e80020a5cc8ff317b9ef609ec1903087a3d31c3e,0.0021538659930229187,0.09277540481350278,1.0453245061192205,0.7141073644161224,0.43644024059176445,0.6117951197549697
fine_control,53,three_hole_asymmetric,159,private-source://routeA_experiments/data/final_ood_frozen_v1/three_hole_asymmetric/sample_0159.npz,7ec05d300291c51dfc519a7d08b75bd3be917f67a3673dfe18849f585f9f709e,0.0021796530054416507,0.10574040696653003,1.1146140251307028,0.8036699891090393,0.5097398915677331,0.6338174508418887
fine_control,53,three_hole_asymmetric,160,private-source://routeA_experiments/data/final_ood_frozen_v1/three_hole_asymmetric/sample_0160.npz,406b5d01c559ad3764a887df63a81ab6aeb54deb0e03ab5546863badf9a16f35,0.002267825009766966,0.0945006453523109,1.5786137308411492,0.8907839017920196,0.4893272084882483,0.6393926673568785
fine_control,53,three_hole_asymmetric,161,private-source://routeA_experiments/data/final_ood_frozen_v1/three_hole_asymmetric/sample_0161.npz,e022a734e6aba3a7301b06bd77c79e73047ff290f57525b8dee053bdfa5b4988,0.0022190169838722795,0.06491100784588041,0.6275740427907899,0.5928974449634552,0.23007398657500744,0.37516396343708036
fine_control,53,three_hole_asymmetric,162,private-source://routeA_experiments/data/final_ood_frozen_v1/three_hole_asymmetric/sample_0162.npz,2b13f73876bba396b8fa67ab174be82ee1a554b9e4c19a3a7412ffc39aba0b13,0.0021671339927706867,0.06901952005137801,0.7143737511652488,0.7955677807331085,0.2598057985305786,0.47403555810451503
fine_control,53,three_hole_asymmetric,163,private-source://routeA_experiments/data/final_ood_frozen_v1/three_hole_asymmetric/sample_0163.npz,e9b740089bb1f2d4e21a0999405d9bdba3a57bd51c7e58ea5ed47d11ee6595a2,0.002293212019139901,0.07219144528493042,0.8575482211951055,0.7894804924726486,0.2685059264767915,0.5034501619637011
fine_control,53,three_hole_asymmetric,164,private-source://routeA_experiments/data/final_ood_frozen_v1/three_hole_asymmetric/sample_0164.npz,9f206330bd07c9c4847fddf539ce746ee66390d885f3c33bc1d444adbbd318ac,0.002099849982187152,0.09782991659100468,0.8881306753588556,0.7647808492183685,0.4790199249982834,0.6519823830574742
fine_control,53,three_hole_asymmetric,165,private-source://routeA_experiments/data/final_ood_frozen_v1/three_hole_asymmetric/sample_0165.npz,59ec0f1c680bf9149906ed38b4dd3a4aa7612d7147f9c53c5dcfa06ecca43366,0.0022061869967728853,0.1026216168563523,1.003245696240726,0.8106743693351746,0.5052760988473892,0.6815458027645939
fine_control,53,three_hole_asymmetric,166,private-source://routeA_experiments/data/final_ood_frozen_v1/three_hole_asymmetric/sample_0166.npz,acdabcd30120f1b891f11b4fee7490ecf1c73a42827cec6684949a026c1d238b,0.002167800994357094,0.09939895105105438,1.0457803037798157,0.8804981335997581,0.5039724558591843,0.7524785767309367
fine_control,53,three_hole_asymmetric,167,private-source://routeA_experiments/data/final_ood_frozen_v1/three_hole_asymmetric/sample_0167.npz,2d64cbb7ed13e9d5493b3bcffc548a37e43f77cfe686d4bd90f395d9b3dedcd2,0.002107842010445893,0.09581255255360561,1.1911817839631893,0.8194400668144226,0.4641060959547758,0.5920310769695785
fine_control,53,three_hole_asymmetric,168,private-source://routeA_experiments/data/final_ood_frozen_v1/three_hole_asymmetric/sample_0168.npz,ce1811b3b58e1cf01845e9ffb4fac5caa62f765929be1337c8260c13d9b65d5d,0.0021780630049761385,0.09751160073098993,1.5186407438975331,0.9410841092467308,0.4752416029514279,0.6889722439344041
fine_control,53,three_hole_asymmetric,169,private-source://routeA_experiments/data/final_ood_frozen_v1/three_hole_asymmetric/sample_0169.npz,c8bdae4b5e47fcfb5a99f1ccde0ca1ecf2011b5c092fc8bd8e61595f8c50518c,0.002206734992796555,0.10073045676375408,1.370619361153121,0.8933962807059288,0.5093630236224271,0.6919722691178318
fine_control,53,three_hole_asymmetric,170,private-source://routeA_experiments/data/final_ood_frozen_v1/three_hole_asymmetric/sample_0170.npz,33251f1d994ef521e7ed6646d939e7b5f6ae05ade833fce7f91910e3aa7b2d74,0.002088438981445506,0.09147900551817259,1.1553878128284123,0.8925334066152573,0.45177627640077844,0.6136633228044956
fine_control,53,three_hole_asymmetric,171,private-source://routeA_experiments/data/final_ood_frozen_v1/three_hole_asymmetric/sample_0171.npz,3304230b1d8bbdd9fc2dfda78714484a468749cddd223bba1c2dbf29c548831e,0.002212788996985182,0.09546012639270605,0.9172713232197443,0.8677165284752846,0.4139697849750519,0.7094094682484864
fine_control,53,three_hole_asymmetric,172,private-source://routeA_experiments/data/final_ood_frozen_v1/three_hole_asymmetric/sample_0172.npz,a740cace37940a1e2252703d9381d4b9f3f3b166a52d68121a24aaca6473c237,0.002177799993660301,0.09356525285582806,0.9327357665264574,0.814041830599308,0.45486617274582386,0.6405314013361929
fine_control,53,three_hole_asymmetric,173,private-source://routeA_experiments/data/final_ood_frozen_v1/three_hole_asymmetric/sample_0173.npz,7fbe985e9871b0fea23dcd48b5658d0febd6965ccb34e4430a248d8ea7884c13,0.0022143189853522927,0.08657905324668703,1.139891208292181,0.7509273588657379,0.48481120727956295,0.6220472133252768
fine_control,53,three_hole_asymmetric,174,private-source://routeA_experiments/data/final_ood_frozen_v1/three_hole_asymmetric/sample_0174.npz,71542cbeea7c7322472596a11b9ea2cf6285893af2fd8caaacd78a77cf1d83fd,0.0022312400105874985,0.08770199840307179,0.9057967068377545,0.7523849904537201,0.43378491658950225,0.6075404235394668
fine_control,53,three_hole_asymmetric,175,private-source://routeA_experiments/data/final_ood_frozen_v1/three_hole_asymmetric/sample_0175.npz,0f2191f55e786a9cc0197b9d38b5849150523e7f0e95da026a8b7282892dd7e7,0.0021765510027762502,0.10090757732168178,1.22831709834193,0.9175870344042778,0.5183393263723701,0.6645637766690913
fine_control,53,three_hole_asymmetric,176,private-source://routeA_experiments/data/final_ood_frozen_v1/three_hole_asymmetric/sample_0176.npz,1d5d110e1725a11891d26e004b83d93d33e264f9f0cc612cea71237c93485c91,0.0021167569793760777,0.08389748741226406,0.7740752032735881,0.733962744474411,0.3886823933571577,0.5850092232227323
fine_control,53,three_hole_asymmetric,177,private-source://routeA_experiments/data/final_ood_frozen_v1/three_hole_asymmetric/sample_0177.npz,491128641f9815a0257fe2c5da3e9ef510909b89c7efe14041aaf988dd54d374,0.002181633986765519,0.10027905181638938,1.2026033616127898,0.9271029457449913,0.5080359764397144,0.735245860368012
fine_control,53,three_hole_asymmetric,178,private-source://routeA_experiments/data/final_ood_frozen_v1/three_hole_asymmetric/sample_0178.npz,8ad8976324d69fa900282a701c1176bec4bd066428ab6af4d07f98b6226c1440,0.0023104269930627197,0.09243596275188115,0.9449401233833499,0.9316451027989388,0.4007061121519655,0.7166263952851294
fine_control,53,three_hole_asymmetric,179,private-source://routeA_experiments/data/final_ood_frozen_v1/three_hole_asymmetric/sample_0179.npz,ed3c4408215897e333b3a88a790f6b3b965edbc5f729ee1ca00b514638a22db3,0.0022655829961877316,0.09200762511587517,0.805650159177118,0.7072237730026245,0.42721865698695183,0.6148437000345438
fine_control,53,three_hole_asymmetric,180,private-source://routeA_experiments/data/final_ood_frozen_v1/three_hole_asymmetric/sample_0180.npz,026ec17f7ba5561155ad7d2d26d4b774202c9e9d3be82846603703294b1c6599,0.002440354001009837,0.08983376327470234,0.9909582405586537,0.8439455470070243,0.40124140679836273,0.6746603278676028
fine_control,53,three_hole_asymmetric,181,private-source://routeA_experiments/data/final_ood_frozen_v1/three_hole_asymmetric/sample_0181.npz,ae31a16b8c81593e19306a84399bfd2a84ac55c7910ef8823c67abd4642aa2f6,0.0022547139960806817,0.09273982568952589,1.0291664253466033,0.727196455001831,0.4247652366757393,0.6190002886112776
fine_control,53,three_hole_asymmetric,182,private-source://routeA_experiments/data/final_ood_frozen_v1/three_hole_asymmetric/sample_0182.npz,3c898c6349f36f90b3d5a9fe1ea363190f3864ec9904027b2c82073b2f828008,0.0021592679840978235,0.07675704036174542,0.810559343873139,0.7907717302441597,0.3145290343090892,0.4714163091033697
fine_control,53,three_hole_asymmetric,183,private-source://routeA_experiments/data/final_ood_frozen_v1/three_hole_asymmetric/sample_0183.npz,7960bd5136007fe9e53aaf26195ec050cd3f170be4ea0892e9c50801de1e2a57,0.002185910998377949,0.09513433900163196,1.0321078294780626,0.9366237744688988,0.4632842317223549,0.6036729841027405
fine_control,53,three_hole_asymmetric,184,private-source://routeA_experiments/data/final_ood_frozen_v1/three_hole_asymmetric/sample_0184.npz,d0af476fd13dfb1d250ce9a4ca56a9e4e7747143d266e251a2d3bed91fdc35c3,0.0022737499966751784,0.09031306413611527,0.8860066480095709,0.6954046785831451,0.42900845408439636,0.5951918018516152
fine_control,53,three_hole_asymmetric,185,private-source://routeA_experiments/data/final_ood_frozen_v1/three_hole_asymmetric/sample_0185.npz,825925d58976a37ca694d695a027e07bfbaaceb34012d307f2f1821037baf144,0.0022563480015378445,0.08766908360799744,0.9645358841391871,0.7882930412888527,0.37256750650703907,0.6565791472792623
fine_control,53,three_hole_asymmetric,186,private-source://routeA_experiments/data/final_ood_frozen_v1/three_hole_asymmetric/sample_0186.npz,77e809def7ac8044a4e55b9ef623158afda39a6477b671e128605d4b47566db6,0.0021091050002723932,0.09728369137882296,1.2752831462507417,0.7773605585098267,0.4627948189736344,0.6418469884665683
fine_control,53,three_hole_asymmetric,187,private-source://routeA_experiments/data/final_ood_frozen_v1/three_hole_asymmetric/sample_0187.npz,d41acb81beffee4db9203e1cf0266797359f026ace1ea8ca9bcd6ccb1e2af128,0.0021618090104311705,0.0785424815453468,0.8410897319554735,0.6628924980759621,0.3616408258676529,0.5342760493978858
fine_control,53,three_hole_asymmetric,188,private-source://routeA_experiments/data/final_ood_frozen_v1/three_hole_asymmetric/sample_0188.npz,0ee1d93b5b155a3545c539b9ebd208096d5da786ac320abbe96a9ddff30d88d7,0.002103862992953509,0.09016673150811613,1.051211654705039,0.6174708381295204,0.4181067328900099,0.5709315434098243
fine_control,53,three_hole_asymmetric,189,private-source://routeA_experiments/data/final_ood_frozen_v1/three_hole_asymmetric/sample_0189.npz,70be7056cd13692af26bab63a3df9b9a64678831ef39fdb9582375ceecca7edf,0.002327871014131233,0.10177395468346058,1.4782585261752612,0.931465245783329,0.528335202136077,0.6382945032484713
fine_control,53,three_hole_asymmetric,190,private-source://routeA_experiments/data/final_ood_frozen_v1/three_hole_asymmetric/sample_0190.npz,a8c424ee2056e12af66d0be34289a252d77172e5cb127ec57c8550e3415ab90b,0.0022989640128798783,0.08277865743714562,0.9672970935258478,0.7290030419826508,0.34963821806013584,0.5696305953897535
fine_control,53,three_hole_asymmetric,191,private-source://routeA_experiments/data/final_ood_frozen_v1/three_hole_asymmetric/sample_0191.npz,26c2bd071beec9742e0a4f1e5466aa608a15434494059de80e606e4679fa8ed3,0.0022590669977944344,0.08521417373315188,0.967252231361849,0.7379254400730133,0.36442358104977757,0.6204082733951507
fine_control,53,three_hole_asymmetric,192,private-source://routeA_experiments/data/final_ood_frozen_v1/three_hole_asymmetric/sample_0192.npz,40d02fa0627c6deec298290103575257705efed18a0e5475ecaa7bf465aa9b99,0.00217786300345324,0.09482021739739739,0.9561081295138634,0.814587377011776,0.4828949626535177,0.6624499425292011
fine_control,53,three_hole_asymmetric,193,private-source://routeA_experiments/data/final_ood_frozen_v1/three_hole_asymmetric/sample_0193.npz,e2291d430c4ed65b595a26a1bfd29617e6a29836d02a7642cee85cd276392050,0.0021660909987986088,0.10349265906907518,1.0791569850486138,0.8784632245078683,0.5297496989369392,0.6934033324941989
fine_control,53,three_hole_asymmetric,194,private-source://routeA_experiments/data/final_ood_frozen_v1/three_hole_asymmetric/sample_0194.npz,31e35937f5e42fb742834cdcb1fc165dd1ffc423ac83933409ddf9f346655de1,0.0021358130034059286,0.10122504123997547,0.8622373950896572,0.8233466148376465,0.47213205113075674,0.639334646752104
fine_control,53,three_hole_asymmetric,195,private-source://routeA_experiments/data/final_ood_frozen_v1/three_hole_asymmetric/sample_0195.npz,40442c552a2016d07c97d9c05bd7232ba672eeab612657250b9c7529d4f8fba5,0.0022989549906924367,0.08797631495039071,0.8156127956504537,0.8388605043292046,0.375223807990551,0.5677411695942278
fine_control,53,three_hole_asymmetric,196,private-source://routeA_experiments/data/final_ood_frozen_v1/three_hole_asymmetric/sample_0196.npz,dd2106f958610c899c170e0e932d315a715401be9a89fd9bfb0ce4af7422b23f,0.002294937992701307,0.10654123901429001,1.1299575593108249,0.9059114828705788,0.523466887883842,0.7481853004544949
fine_control,53,three_hole_asymmetric,197,private-source://routeA_experiments/data/final_ood_frozen_v1/three_hole_asymmetric/sample_0197.npz,aa854427cd50f074116bdad2e4371e42c0402350e5d180482ef4c364d2ad2cf8,0.0022585300030186772,0.08711467568475692,0.8064262068587723,0.7700538039207458,0.38166838651522994,0.6228494824841618
fine_control,53,three_hole_asymmetric,198,private-source://routeA_experiments/data/final_ood_frozen_v1/three_hole_asymmetric/sample_0198.npz,f829be15d56c832505226b17681dbe66656bc2100714eb438d609a588f6574fe,0.00224902099580504,0.06552934505342627,0.627923729505613,0.6186341643333435,0.3005857393145561,0.5015235494822263
fine_control,53,three_hole_asymmetric,199,private-source://routeA_experiments/data/final_ood_frozen_v1/three_hole_asymmetric/sample_0199.npz,52333eb8bbb0f95e069bd2d38db9cab28b55c6f86387da7cd28a27818fe1041a,0.0022861479956191033,0.08195781693152714,0.7824863410107156,0.6921180486679077,0.32790430588647723,0.5168848067522049
