model,training_seed,shape,sample_id,sample_file,sample_sha256,inference_seconds,mae,relative_l2,max_abs_error,p95_abs_error,p99_abs_error
fine_control,52,polygonal_holes,0,private-source://routeA_experiments/data/prospective_ood_rd_hddm_alpha001_v2/polygonal_holes/sample_0000.npz,2813ec3127ac6b2d6e5ea2bdec57dc3842288d486f16a3ac630d975e79544104,0.004212225030642003,0.08510605516478831,1.1945056063721229,0.8887488059699535,0.4659588847775012,0.6730512651801109
fine_control,52,polygonal_holes,1,private-source://routeA_experiments/data/prospective_ood_rd_hddm_alpha001_v2/polygonal_holes/sample_0001.npz,9d77838f7901837e5e6668df3993510bb8ecebaae9c24dafd7c33dd27713ca91,0.0039999959990382195,0.06564260414831917,0.5913310582118442,0.6027656197547913,0.35129348039627073,0.45436480961740017
fine_control,52,polygonal_holes,2,private-source://routeA_experiments/data/prospective_ood_rd_hddm_alpha001_v2/polygonal_holes/sample_0002.npz,64d684a0c62d3af4e0e79525c5a8144d60264714c3b90c3683941cb3669199db,0.004057078040204942,0.08940123760736204,0.9862718482956898,0.7809586226940155,0.5045585813932115,0.6755027747154235
fine_control,52,polygonal_holes,3,private-source://routeA_experiments/data/prospective_ood_rd_hddm_alpha001_v2/polygonal_holes/sample_0003.npz,cee6732562ef0f85cfd1d4207fb826b90bc31335f8fdf22bc7991a2b2d3e3818,0.00422780797816813,0.06490413787010589,0.5954262708726209,0.7663123905658722,0.37557174861431103,0.462942760437727
fine_control,52,polygonal_holes,4,private-source://routeA_experiments/data/prospective_ood_rd_hddm_alpha001_v2/polygonal_holes/sample_0004.npz,f922f8aa230eb7f988651778a187a8f75ff947a239987aa900cd3c050a887ec0,0.0043829980422742665,0.07536932091767275,0.8070626181974427,0.7311441041529179,0.4203219443559646,0.5687997878342866
fine_control,52,polygonal_holes,5,private-source://routeA_experiments/data/prospective_ood_rd_hddm_alpha001_v2/polygonal_holes/sample_0005.npz,7aa5ae995dda3a749c78e6b8b3aff037f07301dbda012f49af7c1983a95fd554,0.004231226979754865,0.09485409080529374,1.5767833653969947,0.815728560090065,0.5702084305696189,0.6690485255792737
fine_control,52,polygonal_holes,6,private-source://routeA_experiments/data/prospective_ood_rd_hddm_alpha001_v2/polygonal_holes/sample_0006.npz,a2ab3adff33e2b825261f9f156651d6d226b45d7900ef8697f84935c734df80a,0.00421043299138546,0.07046788791280784,0.6882563365027681,0.8553944975137711,0.3681092858314514,0.4914759363234043
fine_control,52,polygonal_holes,7,private-source://routeA_experiments/data/prospective_ood_rd_hddm_alpha001_v2/polygonal_holes/sample_0007.npz,b504795f95e5481635b933ab900699fe66f38076ab5132e6b57a48c641abbf2b,0.004216653003823012,0.07255590798009284,0.8815886553888989,0.7697252333164215,0.39163131080567826,0.5322484892606735
fine_control,52,polygonal_holes,8,private-source://routeA_experiments/data/prospective_ood_rd_hddm_alpha001_v2/polygonal_holes/sample_0008.npz,b93c334e8e48c8fd6d52b05cd3ff40f15d4f5cc62702a435f3e0247d6b59a334,0.004206484998576343,0.044687878284268866,0.42136312540439014,0.6993006020784378,0.2281692028045654,0.31217020615935326
fine_control,52,polygonal_holes,9,private-source://routeA_experiments/data/prospective_ood_rd_hddm_alpha001_v2/polygonal_holes/sample_0009.npz,f2ef70e3326ae2f2447ff2754173f923c307e7972ebbe15dd38aabeb5f047c49,0.004210841027088463,0.07684255779800941,0.7682409019983806,0.8747240900993347,0.4103252917528152,0.549772515296936
fine_control,52,polygonal_holes,10,private-source://routeA_experiments/data/prospective_ood_rd_hddm_alpha001_v2/polygonal_holes/sample_0010.npz,0078bb96d0f452027931ba3a5cabdd927aa298f7c3cb3cc2d89e7cb23acaf539,0.004209225007798523,0.07201236033001221,0.6848727934000614,0.63894023001194,0.40643673576414585,0.5028664284944532
fine_control,52,polygonal_holes,11,private-source://routeA_experiments/data/prospective_ood_rd_hddm_alpha001_v2/polygonal_holes/sample_0011.npz,9ee5588e761180b233891dd5a6f16fa8ca4f4c5906cdb841e4c8020cee441584,0.004392272036056966,0.06229025990918166,0.5033683909811467,0.5214266777038574,0.3038833156228065,0.40113806948065756
fine_control,52,polygonal_holes,12,private-source://routeA_experiments/data/prospective_ood_rd_hddm_alpha001_v2/polygonal_holes/sample_0012.npz,9cdd74ea7cb7425efc2f3f4d80c0363bd50ea50709fe03b3d060f71ff605dd84,0.004215366032440215,0.08073828785036337,0.8513209207715023,0.7240016758441925,0.4948976553045213,0.5722953781485557
fine_control,52,polygonal_holes,13,private-source://routeA_experiments/data/prospective_ood_rd_hddm_alpha001_v2/polygonal_holes/sample_0013.npz,7ee1a4ed3ed8a784612d742e8ed75f38441bf2f5701f264e582c39a5158ad1ce,0.0042007999727502465,0.08149456976593468,0.8619453009670882,0.9223197847604752,0.4684097312390804,0.5356998839229345
fine_control,52,polygonal_holes,14,private-source://routeA_experiments/data/prospective_ood_rd_hddm_alpha001_v2/polygonal_holes/sample_0014.npz,d1818732f452567ad0ecd2f58c757bb8290572b117528bb1e5aaefa970313cc6,0.003810493042692542,0.08506749444476214,0.8441242299216525,0.9066323786973953,0.4571559343487024,0.7045767651498317
fine_control,52,polygonal_holes,15,private-source://routeA_experiments/data/prospective_ood_rd_hddm_alpha001_v2/polygonal_holes/sample_0015.npz,445b87e8c24a47bfb4d118389ef483a360b0d5074dc815ae35513aab4a27864d,0.0040254900231957436,0.09065036982596211,0.9584039204876701,0.6849860548973083,0.5151250481605528,0.5917107194662093
fine_control,52,polygonal_holes,16,private-source://routeA_experiments/data/prospective_ood_rd_hddm_alpha001_v2/polygonal_holes/sample_0016.npz,1a99ec371d63848f62228b959ed0924574356c0cccfdd1260268c8dfa0c9cdb0,0.004326708032749593,0.10721551401559813,1.902613667544159,1.005738403648138,0.5973433700215537,0.7021406005718743
fine_control,52,polygonal_holes,17,private-source://routeA_experiments/data/prospective_ood_rd_hddm_alpha001_v2/polygonal_holes/sample_0017.npz,0cdbf63c17b90ff3b3512ee0966f5d174bfb3232348a9e49b05f2d9ee4d89a26,0.00401121296454221,0.05898925198240831,0.5808524875150332,0.520100861787796,0.30288192853331564,0.45646847777068617
fine_control,52,polygonal_holes,18,private-source://routeA_experiments/data/prospective_ood_rd_hddm_alpha001_v2/polygonal_holes/sample_0018.npz,47317c8f9d3ed8f1a54c8b96ba91af510560b8aa7f805ade7143c1d16ca55e66,0.003985435992944986,0.061056448369801425,0.5528904800100931,0.7491710484027863,0.3404212301596999,0.44769278973340987
fine_control,52,polygonal_holes,19,private-source://routeA_experiments/data/prospective_ood_rd_hddm_alpha001_v2/polygonal_holes/sample_0019.npz,14a537fef9ee78090f18c68c7c2bb65ef6d197ce349231291c03aa4206e7dbef,0.003999247041065246,0.08576953243937711,0.9601025299222471,0.7553174495697021,0.5058168366551399,0.5909809354320168
fine_control,52,polygonal_holes,20,private-source://routeA_experiments/data/prospective_ood_rd_hddm_alpha001_v2/polygonal_holes/sample_0020.npz,7c814a3de56a037a81fd975f53b5567efeb9d9662b615203546bc0899290fd90,0.003980959998443723,0.05754581409005242,0.5325496121760732,0.5224900841712952,0.3249844476580619,0.4429097856581211
fine_control,52,polygonal_holes,21,private-source://routeA_experiments/data/prospective_ood_rd_hddm_alpha001_v2/polygonal_holes/sample_0021.npz,8ce53160fe69d5b6413cde92d321f24dc4d1d44cc5f0f2a3eca07d60a4da1104,0.003920820017810911,0.08183443396535596,0.8530748022168004,1.0441843532025814,0.45085282688960426,0.5486250302195549
fine_control,52,polygonal_holes,22,private-source://routeA_experiments/data/prospective_ood_rd_hddm_alpha001_v2/polygonal_holes/sample_0022.npz,ebe02bed5b22de6ec65b6c54aaa34f7a9e9daf45fb56c3455386ee7beeca83bd,0.003994395025074482,0.0888776507758648,1.0265234222776556,0.8655047826468945,0.49211846059188225,0.6492714644968509
fine_control,52,polygonal_holes,23,private-source://routeA_experiments/data/prospective_ood_rd_hddm_alpha001_v2/polygonal_holes/sample_0023.npz,d6cabc05bb35909896ec365f876db62334e617b13b08c9e40694e2791b0db121,0.003808804030995816,0.04692384347414797,0.4283261894533763,0.5876064300537109,0.21460851281881327,0.31330840498208995
fine_control,52,polygonal_holes,24,private-source://routeA_experiments/data/prospective_ood_rd_hddm_alpha001_v2/polygonal_holes/sample_0024.npz,cc607c6b4a44a20de7c0d072b11d3585668469f46fe26a9e5a4601a8839b18e3,0.00399856100557372,0.08116950028097614,0.9943925739484931,0.7690790742635727,0.43837547153234463,0.5846532858908176
fine_control,52,polygonal_holes,25,private-source://routeA_experiments/data/prospective_ood_rd_hddm_alpha001_v2/polygonal_holes/sample_0025.npz,6624bf5fe6d196079fb76fb31c85860e096a142c03b130cd1e70002ae755b942,0.0037959350156597793,0.07844382853583783,0.8007653222635244,0.6842490136623383,0.4198295446112751,0.5841136100888252
fine_control,52,polygonal_holes,26,private-source://routeA_experiments/data/prospective_ood_rd_hddm_alpha001_v2/polygonal_holes/sample_0026.npz,c98d8e8d3d0a88d1da87415faeb5bf9178e88e1f30adc9ecf7cd6cf0dbd9277f,0.0037901210016570985,0.08541434972622208,0.8353442007981293,0.777411699295044,0.49611708242446184,0.6258321641385555
fine_control,52,polygonal_holes,27,private-source://routeA_experiments/data/prospective_ood_rd_hddm_alpha001_v2/polygonal_holes/sample_0027.npz,a8830b8166a10f61db4814b54f56ca4808e3c93da85d47b565e4eddec6598b7d,0.0037983160000294447,0.06180316570751226,0.591493817718984,0.8249551728367805,0.32788024134933924,0.43856222622096536
fine_control,52,polygonal_holes,28,private-source://routeA_experiments/data/prospective_ood_rd_hddm_alpha001_v2/polygonal_holes/sample_0028.npz,7a7df2263baaa71cbccf62f82307a4ec9364e586142fc46aecffcb33cae7cae8,0.003808951994869858,0.060831765563447486,0.6329931381363152,0.702073723077774,0.3029064416885376,0.45793453402817247
fine_control,52,polygonal_holes,29,private-source://routeA_experiments/data/prospective_ood_rd_hddm_alpha001_v2/polygonal_holes/sample_0029.npz,1792cfc778015639447d8549da9e8e6ae065b2de6e8a35808550ab1f2eaa6d12,0.0037965239607729018,0.06049466795178281,0.6807148569171538,0.7987629622220993,0.33712278828024855,0.4624321363866329
fine_control,52,polygonal_holes,30,private-source://routeA_experiments/data/prospective_ood_rd_hddm_alpha001_v2/polygonal_holes/sample_0030.npz,0361f263ac7c96ee87583959a04a88d5d85ed0d0bf6e7d378681151774f385f2,0.0038044939865358174,0.060302235703759886,0.5694708056020751,0.7714431509375572,0.29964684583246703,0.4251441764831543
fine_control,52,polygonal_holes,31,private-source://routeA_experiments/data/prospective_ood_rd_hddm_alpha001_v2/polygonal_holes/sample_0031.npz,05f616ed447a9ab8e71b77b9398fe7f5bdca3822ed0cb7c0b89a4802fff7e34a,0.0037806579493917525,0.08926423936914207,0.8989804007046106,0.8435841500759125,0.4854915928095576,0.630523763820529
fine_control,52,polygonal_holes,32,private-source://routeA_experiments/data/prospective_ood_rd_hddm_alpha001_v2/polygonal_holes/sample_0032.npz,b84ee66df3e51a313acfa70a8d8f17e55d0f28293bfc848be6da74369c6efe7e,0.004435479000676423,0.06511455283266918,0.5997667022168458,0.6830388307571411,0.37482868097722527,0.4654888215661049
fine_control,52,polygonal_holes,33,private-source://routeA_experiments/data/prospective_ood_rd_hddm_alpha001_v2/polygonal_holes/sample_0033.npz,daa13b8f28a70003a1c8a3b22cc6fb6ba7cd514feb1f0dde8861d77cced138db,0.004193825006950647,0.08121447577875002,0.8873761995204995,1.070291742682457,0.46041522622108455,0.5716747276857495
fine_control,52,polygonal_holes,34,private-source://routeA_experiments/data/prospective_ood_rd_hddm_alpha001_v2/polygonal_holes/sample_0034.npz,f1007728ae6fc8cc7b887f70cb682b003162557fe09bc505313c9852da9b0395,0.004348905989900231,0.07638677273058382,0.846094570572444,0.6995536908507347,0.43536554276943207,0.5345028371736407
fine_control,52,polygonal_holes,35,private-source://routeA_experiments/data/prospective_ood_rd_hddm_alpha001_v2/polygonal_holes/sample_0035.npz,74480bc8be2b0c3f792eeafe7931aa43f6eabf7fab66f1f8889ff83f9343aacf,0.0044091870076954365,0.06651063655993261,0.6287749880919025,0.5835697799921036,0.3782163679599761,0.4659752757847309
fine_control,52,polygonal_holes,36,private-source://routeA_experiments/data/prospective_ood_rd_hddm_alpha001_v2/polygonal_holes/sample_0036.npz,d380cc325dc38fac34101ad898621f7a706e5ef3145fb50b48cd8a3550e915f6,0.003975580038968474,0.06782130819051872,0.6224249014312808,0.6110585182905197,0.36750966869294643,0.4952700984477997
fine_control,52,polygonal_holes,37,private-source://routeA_experiments/data/prospective_ood_rd_hddm_alpha001_v2/polygonal_holes/sample_0037.npz,562b92269c11eb7a4d6d2b96c70e8334d3b1e90f788bd3d9e801d09a075eee3a,0.004450607055332512,0.10098278570111013,1.6828309729333626,0.8336496041156352,0.5588101458270102,0.6750197153678164
fine_control,52,polygonal_holes,38,private-source://routeA_experiments/data/prospective_ood_rd_hddm_alpha001_v2/polygonal_holes/sample_0038.npz,ad000ee37c0e1a9ba734e4dd9459946f4b3df5f603b980b12d442bca1f8ed9f9,0.003925767028704286,0.07493688239441768,0.7530342384695347,1.060930348932743,0.4173741027712822,0.5313484554737806
fine_control,52,polygonal_holes,39,private-source://routeA_experiments/data/prospective_ood_rd_hddm_alpha001_v2/polygonal_holes/sample_0039.npz,522d3ecbc2d9edc149dc3f03b6cf36d68fca66badfbb0f6dd3482d5e5f254b68,0.004347755049820989,0.07685915269532315,0.7149039070762808,0.604459598660469,0.42751136533915984,0.5423605528473854
fine_control,52,polygonal_holes,40,private-source://routeA_experiments/data/prospective_ood_rd_hddm_alpha001_v2/polygonal_holes/sample_0040.npz,254ab846e9a8b91265cad089e47a668ba206ceeb02e23540aaf1b8dded5c5277,0.004310043004807085,0.07743742876625144,0.8723077123007332,0.769950196146965,0.4206467672251164,0.5361774757504463
fine_control,52,polygonal_holes,41,private-source://routeA_experiments/data/prospective_ood_rd_hddm_alpha001_v2/polygonal_holes/sample_0041.npz,8c7f049970c19d0bf9df6a56540e33a405e9b6f637a802fc3a679bd78cbd2f7b,0.0038146839942783117,0.07125879191105212,0.736099735001327,0.675686314702034,0.38237994275987147,0.5350353231281042
fine_control,52,polygonal_holes,42,private-source://routeA_experiments/data/prospective_ood_rd_hddm_alpha001_v2/polygonal_holes/sample_0042.npz,6d8ce4ad2a0fbe386141c305df0df82390863da91466b3772de47905aac327ac,0.004226888006087393,0.09618531704160015,1.0269215094139952,0.8580236434936523,0.5483433944173156,0.6422692002356052
fine_control,52,polygonal_holes,43,private-source://routeA_experiments/data/prospective_ood_rd_hddm_alpha001_v2/polygonal_holes/sample_0043.npz,cce44f1d73fbe7f76182aa7fd07a69f90b93524ef2f5d7c4c6a1bb4566cb8ff9,0.0038347229710780084,0.1019959975898554,1.2381461092840593,0.867384621873498,0.5708533303812146,0.7322503727674484
fine_control,52,polygonal_holes,44,private-source://routeA_experiments/data/prospective_ood_rd_hddm_alpha001_v2/polygonal_holes/sample_0044.npz,ae4b89782186c636597bbf28ff74a3d03e0c2dbac42260653f9d140ab9229119,0.004221946990583092,0.049257598666662385,0.40219937948630713,0.5244695544242859,0.23707594620063902,0.3181728088855743
fine_control,52,polygonal_holes,45,private-source://routeA_experiments/data/prospective_ood_rd_hddm_alpha001_v2/polygonal_holes/sample_0045.npz,1777cf5189ac8f43461ae20e5ef1f4c739e91a493823c36ad21eedc9d1d3abf4,0.0038151729968376458,0.06585745221083421,0.7161513479732441,0.7027641087770462,0.3847285162657497,0.47464401222765445
fine_control,52,polygonal_holes,46,private-source://routeA_experiments/data/prospective_ood_rd_hddm_alpha001_v2/polygonal_holes/sample_0046.npz,cc55794e1940c234f9da149d83ee01ead8d8277520e38b89220b19e02e70f238,0.004368973022792488,0.10349348962669698,1.801356027109192,0.8450891077518463,0.6089934481773526,0.6949240379594266
fine_control,52,polygonal_holes,47,private-source://routeA_experiments/data/prospective_ood_rd_hddm_alpha001_v2/polygonal_holes/sample_0047.npz,7f42f867baf3b1c126f27ae2157ef3dd2a34a07d8d1a1f5aead8d062722664f9,0.003794048971030861,0.07572023901535284,0.7851179643966412,0.9408385306596756,0.4321759834885597,0.581920369118452
fine_control,52,polygonal_holes,48,private-source://routeA_experiments/data/prospective_ood_rd_hddm_alpha001_v2/polygonal_holes/sample_0048.npz,6e05df606b756d9cfd5f6305cc0eac033208a8444ad64ad8e48815757862935e,0.0042129019857384264,0.09242369836394779,1.1988855919471628,0.850483788177371,0.5033712761476635,0.6512469486147164
fine_control,52,polygonal_holes,49,private-source://routeA_experiments/data/prospective_ood_rd_hddm_alpha001_v2/polygonal_holes/sample_0049.npz,8e60acf35c436ea7681e8f6ecb99e7889c6309505da38ab1a1de5fdd50c8d25a,0.0038165629957802594,0.06731390729923604,0.6777907852877142,0.5520587265491486,0.3555404924787581,0.48302442952990526
fine_control,52,polygonal_holes,50,private-source://routeA_experiments/data/prospective_ood_rd_hddm_alpha001_v2/polygonal_holes/sample_0050.npz,67ff652aacb37c18501691c8d65846f7fd6786aa6ab39d47d601c53560a81ffb,0.0043902019970119,0.06144211211779293,0.5719171675090018,0.6294810324907303,0.31175504028797146,0.4224322721362114
fine_control,52,polygonal_holes,51,private-source://routeA_experiments/data/prospective_ood_rd_hddm_alpha001_v2/polygonal_holes/sample_0051.npz,d178ebe9f5d54994c88f44993765bce335075010cff7e29e1ff0070188cd3350,0.00378945202101022,0.10861362873472764,1.7787825571397222,0.9029296636581421,0.6086480371712241,0.6956513464159797
fine_control,52,polygonal_holes,52,private-source://routeA_experiments/data/prospective_ood_rd_hddm_alpha001_v2/polygonal_holes/sample_0052.npz,a3a862fcadf321c577317885abc8e5b33930f4e0f1c7fe81f71f61e570dec552,0.004222494026180357,0.0923864421806646,1.1632962550770907,0.8961566686630249,0.48422162011265746,0.6242037478089333
fine_control,52,polygonal_holes,53,private-source://routeA_experiments/data/prospective_ood_rd_hddm_alpha001_v2/polygonal_holes/sample_0053.npz,ab5fddb822d6b9316b54ab76c4527ea073e575a3e421c7d3825dddaa22fc27e5,0.003999867010861635,0.09610728336951536,1.2697094053543985,1.066720113158226,0.5358583371154962,0.6867226015031337
fine_control,52,polygonal_holes,54,private-source://routeA_experiments/data/prospective_ood_rd_hddm_alpha001_v2/polygonal_holes/sample_0054.npz,a1022a21b18e6e40b38eb55a0b8587d544f733833a4d7f12d4de108015563cc3,0.004331555974204093,0.049800404083165405,0.42261603290912264,0.5156338214874268,0.2594945520162582,0.3605283519625664
fine_control,52,polygonal_holes,55,private-source://routeA_experiments/data/prospective_ood_rd_hddm_alpha001_v2/polygonal_holes/sample_0055.npz,4365d7d047747c0c5587594149f7905cf8d0fbc2fc11cdade3a1001f8d10a489,0.0038179929833859205,0.08476154206969189,0.9974341091463489,0.7796354740858078,0.45480115115642533,0.6308359520509838
fine_control,52,polygonal_holes,56,private-source://routeA_experiments/data/prospective_ood_rd_hddm_alpha001_v2/polygonal_holes/sample_0056.npz,c64e194ceeb73588bea71d967fed493a69e7f31422958700a5a894c51dad8af4,0.00401164498180151,0.08215910669709502,0.9126810891636334,0.7655408531427383,0.4510307021439072,0.6183455301076174
fine_control,52,polygonal_holes,57,private-source://routeA_experiments/data/prospective_ood_rd_hddm_alpha001_v2/polygonal_holes/sample_0057.npz,b7ec701204ebf0f91ed0f653ab9750798681ad55c0be7bccc78661334dd8a05a,0.00445967196719721,0.0978586426305394,1.491552914934056,0.8344893753528595,0.5620708343572914,0.677689787633717
fine_control,52,polygonal_holes,58,private-source://routeA_experiments/data/prospective_ood_rd_hddm_alpha001_v2/polygonal_holes/sample_0058.npz,d7d338d7ed7396d7013682fdeda699683e01e2e0a6b355ea8245cd50209f5837,0.003905138000845909,0.060480754724323765,0.6335129552047927,0.782991498708725,0.31712542548775663,0.5587551053985953
fine_control,52,polygonal_holes,59,private-source://routeA_experiments/data/prospective_ood_rd_hddm_alpha001_v2/polygonal_holes/sample_0059.npz,520dc2e58678e87e5e0b109e52f119bf6f1955d7aa102dba7f2e2aa5f6870b26,0.004474228015169501,0.06465110290266492,0.7713719045501987,0.7652588933706284,0.35595660340040913,0.5011629238724709
fine_control,52,polygonal_holes,60,private-source://routeA_experiments/data/prospective_ood_rd_hddm_alpha001_v2/polygonal_holes/sample_0060.npz,65f37cdde81f35866d4ad5d443aea651ab7719a2aeaeacecb6c6f004e4a9a519,0.004417348012793809,0.09120767535354161,1.0708196935854593,0.9392707012593746,0.5001864787191153,0.6785158868134019
fine_control,52,polygonal_holes,61,private-source://routeA_experiments/data/prospective_ood_rd_hddm_alpha001_v2/polygonal_holes/sample_0061.npz,7743695b88cdc254e55b4fad952747f08a99a59b47940f19b05996b3aacfdd4f,0.003953011997509748,0.09997593388508089,1.1611533048167175,0.8957284539937973,0.5817168581299483,0.7426395393908023
fine_control,52,polygonal_holes,62,private-source://routeA_experiments/data/prospective_ood_rd_hddm_alpha001_v2/polygonal_holes/sample_0062.npz,277f1102a42eb919881a684fdf02f8fe32f35c413c403026302cd12d4097853a,0.003995592996943742,0.08585764788410971,0.8010801711628597,0.7483423054218292,0.4471498012542724,0.5871393575519324
fine_control,52,polygonal_holes,63,private-source://routeA_experiments/data/prospective_ood_rd_hddm_alpha001_v2/polygonal_holes/sample_0063.npz,6d764776066ab82c5cc65c85d8e8609d9930055835d54417aa78c6b4a6b03531,0.003953000996261835,0.08915146909198686,1.123451467056094,0.8946159482002258,0.5515271956101059,0.7009488845616578
fine_control,52,polygonal_holes,64,private-source://routeA_experiments/data/prospective_ood_rd_hddm_alpha001_v2/polygonal_holes/sample_0064.npz,faf90b633e638b9635077cf9b6ad138791b71dcf9f9c87c2643fdaa9321e9469,0.0040156159666366875,0.045909514323666564,0.42800916885744106,0.6168807148933411,0.20662105232477182,0.3306905962526798
fine_control,52,polygonal_holes,65,private-source://routeA_experiments/data/prospective_ood_rd_hddm_alpha001_v2/polygonal_holes/sample_0065.npz,5a1f909a1a33de701ff5e43850c8a0f624f0fe67bb2628856e8b2ff716aa4d8f,0.004301692999433726,0.07645047844013284,0.7782429947670114,0.8021579161286354,0.43432872593402855,0.5649581886827946
fine_control,52,polygonal_holes,66,private-source://routeA_experiments/data/prospective_ood_rd_hddm_alpha001_v2/polygonal_holes/sample_0066.npz,231255ce916639b7963636d7ecd7e8496e2daf50b0681c71f8c26d117d19a6a3,0.003930022998247296,0.07556302080481904,0.7640955394917428,0.7008021995425224,0.44073622645810245,0.5749488544464111
fine_control,52,polygonal_holes,67,private-source://routeA_experiments/data/prospective_ood_rd_hddm_alpha001_v2/polygonal_holes/sample_0067.npz,2ea120f390b13387af7e81bbf689609188cf789c089380be9954a01ab04383ce,0.004198651004116982,0.08103073663334928,1.09148983215285,0.9245406240224838,0.4551513642072677,0.5676747154444456
fine_control,52,polygonal_holes,68,private-source://routeA_experiments/data/prospective_ood_rd_hddm_alpha001_v2/polygonal_holes/sample_0068.npz,99dcf586e3c772fa34c409836b87dba473578ad4267323fe4c1021c49bea2156,0.003992422018200159,0.07902119046642282,0.7507276700446778,0.722341775894165,0.42432367689907546,0.5034665498137474
fine_control,52,polygonal_holes,69,private-source://routeA_experiments/data/prospective_ood_rd_hddm_alpha001_v2/polygonal_holes/sample_0069.npz,371011e0087841ce62fd475615c1487b9008b14cc2c8239b698c21a3f404f4ae,0.0038109379820525646,0.07392034656946773,0.629215134136974,0.5912485718727112,0.4051841884851455,0.48561839357018466
fine_control,52,polygonal_holes,70,private-source://routeA_experiments/data/prospective_ood_rd_hddm_alpha001_v2/polygonal_holes/sample_0070.npz,76a38f00a38c09a4a5e0ce282801ee31b62717ad9405afde4dfaded58ac68adf,0.004049308015964925,0.08145214748839509,0.8591163466862587,0.8329583406448364,0.4674360841512679,0.5459582560509443
fine_control,52,polygonal_holes,71,private-source://routeA_experiments/data/prospective_ood_rd_hddm_alpha001_v2/polygonal_holes/sample_0071.npz,725f819b9cff979f22d3fb2826bbeb093e79eac51bc6aeeece1bf9cca9411e3c,0.003798917052336037,0.0713985051267963,0.6670878526068506,0.5819937214255333,0.3844525754451747,0.5120275238901377
fine_control,52,polygonal_holes,72,private-source://routeA_experiments/data/prospective_ood_rd_hddm_alpha001_v2/polygonal_holes/sample_0072.npz,29b11ddc75faadb72de6975449a2b31a3d5383776b7675881284f27b7dca3cab,0.00420220399973914,0.07544715483827935,0.7213517127671873,0.6648940443992615,0.4252810351550578,0.5380738476663828
fine_control,52,polygonal_holes,73,private-source://routeA_experiments/data/prospective_ood_rd_hddm_alpha001_v2/polygonal_holes/sample_0073.npz,1ab85a6c8ae26e0fbf4793862ad906cb7254045320b5796aeaa896f42f2bacd4,0.003796266042627394,0.08449278312664117,0.8419906063218259,0.7736183106899261,0.48302827626466743,0.5860637653619051
fine_control,52,polygonal_holes,74,private-source://routeA_experiments/data/prospective_ood_rd_hddm_alpha001_v2/polygonal_holes/sample_0074.npz,bacd1d3e820fbf01f8d4acce5297dc3b9f8dc25652253988c73470e23a9f8ac1,0.004202868032734841,0.07840877424315901,0.9519927468150817,0.8702859608456492,0.46572013674303875,0.6129349372163415
fine_control,52,polygonal_holes,75,private-source://routeA_experiments/data/prospective_ood_rd_hddm_alpha001_v2/polygonal_holes/sample_0075.npz,3287c7e51fa026555fd19d375af6e3d4cc8cc42fa1205cc3bfc8cd6cf1579cd3,0.003795861965045333,0.05478577201848869,0.5173531058935416,0.4528709650039673,0.26938300170004353,0.38877714663743973
fine_control,52,polygonal_holes,76,private-source://routeA_experiments/data/prospective_ood_rd_hddm_alpha001_v2/polygonal_holes/sample_0076.npz,574f2300d179a3831f3582318cd7b95acfd3405093d6a47af47ad93d2178f2e1,0.003786351007875055,0.10123951847464274,1.6536800588597877,0.9538873136043549,0.5728668974712489,0.6680004992615431
fine_control,52,polygonal_holes,77,private-source://routeA_experiments/data/prospective_ood_rd_hddm_alpha001_v2/polygonal_holes/sample_0077.npz,4376fb3c5dd37b190c566754832a3e3ba85331c8e3e4f837d406cdef3bfffa17,0.004343189008068293,0.09806734600659638,1.0473888114863836,0.8165280222892761,0.5414954880252479,0.6554109135270118
fine_control,52,polygonal_holes,78,private-source://routeA_experiments/data/prospective_ood_rd_hddm_alpha001_v2/polygonal_holes/sample_0078.npz,ae2f838a41311b1cab760c47b71bb43be39b91fa594b946c3571522b2c1a813d,0.004208019992802292,0.07668766465328038,0.7270399831352139,0.6791316270828247,0.4402555447071789,0.5540730118751526
fine_control,52,polygonal_holes,79,private-source://routeA_experiments/data/prospective_ood_rd_hddm_alpha001_v2/polygonal_holes/sample_0079.npz,adbb28bf9488acd23de73cd9711ec3b2e05ffc6733eb9f5e5d052cf61e664a70,0.004483845958020538,0.08710350911048383,1.1841622717762899,1.211261335760355,0.5285592459142208,0.6462660098448396
fine_control,52,polygonal_holes,80,private-source://routeA_experiments/data/prospective_ood_rd_hddm_alpha001_v2/polygonal_holes/sample_0080.npz,4a47f541a2cd868c83938f15092e28469ad5819a5b3e93180979feb578a2ce05,0.0042089070193469524,0.07170679391130383,0.7212798348583278,1.0179691091179848,0.404144102334976,0.5483124107122421
fine_control,52,polygonal_holes,81,private-source://routeA_experiments/data/prospective_ood_rd_hddm_alpha001_v2/polygonal_holes/sample_0081.npz,4d25b3696b4e9ae0a17a8594fbd72f84735c32ee8f1f0b28d6a67a85a3343360,0.004349680035375059,0.09341100115233963,1.2471156050243377,0.9046800658106804,0.5653717815876007,0.6907275725901126
fine_control,52,polygonal_holes,82,private-source://routeA_experiments/data/prospective_ood_rd_hddm_alpha001_v2/polygonal_holes/sample_0082.npz,a6c4e742890618c770a2aba2764df55ef3584d9cf57866efbbc096b98dec6a48,0.004223493975587189,0.07711493418264354,0.7511887042958021,0.7038729786872864,0.4299573501572011,0.5425868275761603
fine_control,52,polygonal_holes,83,private-source://routeA_experiments/data/prospective_ood_rd_hddm_alpha001_v2/polygonal_holes/sample_0083.npz,b8eeb414ab12e5fe35f84aa19979bdbca0f1a1f75eeb25da9aad6a52d8cbeb30,0.004351657000370324,0.09615069739610232,0.8766981259246768,0.8042554557323456,0.5222464572638273,0.6833727744221687
fine_control,52,polygonal_holes,84,private-source://routeA_experiments/data/prospective_ood_rd_hddm_alpha001_v2/polygonal_holes/sample_0084.npz,67deca7af2005178ad0c93d16ab381b5a3df2ac09b8b5738e4fc2773a2546f62,0.0042024269932881,0.06874059815810546,0.6163425241887827,0.6179258227348328,0.3668847657740116,0.5000934445858002
fine_control,52,polygonal_holes,85,private-source://routeA_experiments/data/prospective_ood_rd_hddm_alpha001_v2/polygonal_holes/sample_0085.npz,ddb7b814e040d8c047a4649f33bf151654d032650e5a173001aca20b14905ab3,0.003804548003245145,0.08658022642370838,1.5300957713469676,0.8130683749914169,0.5107973719015717,0.6506611340492964
fine_control,52,polygonal_holes,86,private-source://routeA_experiments/data/prospective_ood_rd_hddm_alpha001_v2/polygonal_holes/sample_0086.npz,d6433754926d38ddb5772e7cb405f78b5aec43e5ca3eade0ba8b62b103a7dc27,0.004200958996079862,0.08833452057550681,1.0246138523064945,0.8650305643677711,0.43010602518916125,0.6688813247159121
fine_control,52,polygonal_holes,87,private-source://routeA_experiments/data/prospective_ood_rd_hddm_alpha001_v2/polygonal_holes/sample_0087.npz,8d3eec568a4d74c6a51e6da3cc28ade1037e57e722994fd947f5a01f53d41edf,0.0038072970346547663,0.10174833655981687,1.8220633190887239,1.1927474671974778,0.5917102575418538,0.6917769434675574
fine_control,52,polygonal_holes,88,private-source://routeA_experiments/data/prospective_ood_rd_hddm_alpha001_v2/polygonal_holes/sample_0088.npz,af9662e794a12464829c6fac98a3cb18e6e3e6857c1576994cbe01eedf1f246c,0.004194408014882356,0.09171805978461509,1.238873548044559,0.85555399954319,0.5654653333127498,0.6439004187472165
fine_control,52,polygonal_holes,89,private-source://routeA_experiments/data/prospective_ood_rd_hddm_alpha001_v2/polygonal_holes/sample_0089.npz,c5a95474e5636d974aeee3dcde6837bf3c6a3704353407477c81f4240bbdc388,0.00441723398398608,0.10492137074376695,1.5278054324353714,0.8890342861413956,0.5999652464175597,0.7219276364147662
fine_control,52,polygonal_holes,90,private-source://routeA_experiments/data/prospective_ood_rd_hddm_alpha001_v2/polygonal_holes/sample_0090.npz,69177a4934a4e7ec9786358ba08b301291e30633bfc8079703a3ad634dbe6555,0.004058158025145531,0.05432846104763927,0.5259898629366668,0.5384650230407715,0.2596364818513393,0.37031798183917997
fine_control,52,polygonal_holes,91,private-source://routeA_experiments/data/prospective_ood_rd_hddm_alpha001_v2/polygonal_holes/sample_0091.npz,017495cf13436ccb34417f1d078194fbbb1bb9e889c2a05714fdfef6208a7922,0.004362666979432106,0.09300850445778173,1.7707318677330268,0.8821413516998291,0.5480226787272839,0.681886232625693
fine_control,52,polygonal_holes,92,private-source://routeA_experiments/data/prospective_ood_rd_hddm_alpha001_v2/polygonal_holes/sample_0092.npz,6fb319a462e5729cc33034f1576388ff60d99f8ed26dcf3ed67437d1ea1bca54,0.0038048860151320696,0.057552638164959515,0.5039603875108672,0.8806309700012207,0.26489336714148515,0.4367332892119884
fine_control,52,polygonal_holes,93,private-source://routeA_experiments/data/prospective_ood_rd_hddm_alpha001_v2/polygonal_holes/sample_0093.npz,52cbc18f79056f45df5b059b191b91f8510f55d9c2edcd661f81df8375d9e0d1,0.004475442983675748,0.0809033059921175,0.9377178325626688,0.7490675821900368,0.45214988924562927,0.5786472840607166
fine_control,52,polygonal_holes,94,private-source://routeA_experiments/data/prospective_ood_rd_hddm_alpha001_v2/polygonal_holes/sample_0094.npz,164da7452288a5d8a7302027741566652f575e6558c5ce9ce09db0163255c7ab,0.004351944022346288,0.06757887026615461,0.6785366311850163,0.8254281505942345,0.37018284276127794,0.5466248992085456
fine_control,52,polygonal_holes,95,private-source://routeA_experiments/data/prospective_ood_rd_hddm_alpha001_v2/polygonal_holes/sample_0095.npz,1c76e3d378b35c6a9e36e37471d1c5bcd6e753f69e666218ce23590f33585d3e,0.0037935280124656856,0.0930007155280911,1.1064533411535913,0.868236780166626,0.517068913206458,0.6689399605989456
fine_control,52,polygonal_holes,96,private-source://routeA_experiments/data/prospective_ood_rd_hddm_alpha001_v2/polygonal_holes/sample_0096.npz,49ad587763214bcda7cccaa69cfff09cf001c7b2c7f38d85251e3f2672a35569,0.004440076008904725,0.06258888486858709,0.5787594755605353,0.6669490821659565,0.3448932498693466,0.4636462673544884
fine_control,52,polygonal_holes,97,private-source://routeA_experiments/data/prospective_ood_rd_hddm_alpha001_v2/polygonal_holes/sample_0097.npz,8390688b322ed3b47b14ae6c8deb192bc662ca519072cc4456004520d93634eb,0.003788201021961868,0.08098635771172819,0.7350142090852317,0.7365973740816116,0.4737576708197593,0.5847580134868622
fine_control,52,polygonal_holes,98,private-source://routeA_experiments/data/prospective_ood_rd_hddm_alpha001_v2/polygonal_holes/sample_0098.npz,d664b5cd66446712fa2fc0050a3eea16c06ebbf4a5f3665cb9b62018873ee112,0.004221296985633671,0.03910630013406363,0.30379542189608805,0.8466334789991379,0.18759612329304218,0.2873127902299165
fine_control,52,polygonal_holes,99,private-source://routeA_experiments/data/prospective_ood_rd_hddm_alpha001_v2/polygonal_holes/sample_0099.npz,ffb0fcbe82635372bfaaf9dfad830078cc7e245cb5df18fc4cf3ee7d7ed08f2c,0.0037939850008115172,0.06754580503982213,0.6675415344827316,0.5585259646177292,0.38612502068281146,0.504267066270113
fine_control,52,polygonal_holes,100,private-source://routeA_experiments/data/prospective_ood_rd_hddm_alpha001_v2/polygonal_holes/sample_0100.npz,83db9e1bf734e4318e7310d414f020dde016065b78e5ec40e0bf63cbdc30cd69,0.004352498042862862,0.08410444524207177,0.915890264551736,0.829325795173645,0.4655544009059667,0.5887488475441932
fine_control,52,polygonal_holes,101,private-source://routeA_experiments/data/prospective_ood_rd_hddm_alpha001_v2/polygonal_holes/sample_0101.npz,628d4ef4e48f4e11212826ea73354e04acbb5cf5218cf61a5f450ffe072e463a,0.003810956026427448,0.07649686465554724,0.7874480923748544,0.64955273270607,0.4435020792298019,0.5369317729771137
fine_control,52,polygonal_holes,102,private-source://routeA_experiments/data/prospective_ood_rd_hddm_alpha001_v2/polygonal_holes/sample_0102.npz,53967bde920053230113301d67f3965fb24710c7b37e3b7e2a11053964188c70,0.004218743008095771,0.0965605613307879,1.0977747066480932,0.9615534767508507,0.4995279761031267,0.6899073226749893
fine_control,52,polygonal_holes,103,private-source://routeA_experiments/data/prospective_ood_rd_hddm_alpha001_v2/polygonal_holes/sample_0103.npz,31c2e4b05f2f012dc480a56d1b1cc60ea8f4b239b39e292c8f0a6dac54ebd19b,0.0042280699708499014,0.07964291541106351,0.9652097881865747,0.7619364410638809,0.43590833693742753,0.6375295850634575
fine_control,52,polygonal_holes,104,private-source://routeA_experiments/data/prospective_ood_rd_hddm_alpha001_v2/polygonal_holes/sample_0104.npz,9eb06fccb4a1502bf602c71b5f5036161537259059eb86654e50a1438639f459,0.003976677020546049,0.047858235831032894,0.42012224766203005,0.6626570150256157,0.22338845487684011,0.36567493200302115
fine_control,52,polygonal_holes,105,private-source://routeA_experiments/data/prospective_ood_rd_hddm_alpha001_v2/polygonal_holes/sample_0105.npz,95cbcc94abd4de91c834c528dda2319a03fb7099f469d400f93c5b03afcbc4a8,0.004205278004519641,0.08166817797953857,0.8594653102853045,0.9032311141490936,0.45450864275917396,0.6086903103068471
fine_control,52,polygonal_holes,106,private-source://routeA_experiments/data/prospective_ood_rd_hddm_alpha001_v2/polygonal_holes/sample_0106.npz,98106d828e41a1c5eb346df2a0b0a1e1e58665b84eceba9935ef6099e5563495,0.003983627015259117,0.09695323480771151,1.6389917734121815,0.8301256150007248,0.5238855897099709,0.6863102554157376
fine_control,52,polygonal_holes,107,private-source://routeA_experiments/data/prospective_ood_rd_hddm_alpha001_v2/polygonal_holes/sample_0107.npz,9cbd0d60ca7ebba2116f8c16d91b310978edea4d0da468204842b7a23670a89d,0.003825390012934804,0.08567585657963611,1.0408045214658557,0.8568335771560669,0.49213659837841983,0.6380610575154423
fine_control,52,polygonal_holes,108,private-source://routeA_experiments/data/prospective_ood_rd_hddm_alpha001_v2/polygonal_holes/sample_0108.npz,b9853bfdbfac230c0bfabbae3453e3f905065de73973a4e6e03d679b043f8a93,0.004046415037009865,0.06671835063995483,0.6745688817579416,0.8448798805475235,0.32871794011443844,0.47003278627991674
fine_control,52,polygonal_holes,109,private-source://routeA_experiments/data/prospective_ood_rd_hddm_alpha001_v2/polygonal_holes/sample_0109.npz,ad81e157b0fe4b56f9cb232ff544261abab7b40e2fd40998cf5365e8c2ecbf9c,0.004224060976412147,0.09952926543365126,1.5956716265815691,0.9247596226632595,0.5631177022587506,0.6605320018902421
fine_control,52,polygonal_holes,110,private-source://routeA_experiments/data/prospective_ood_rd_hddm_alpha001_v2/polygonal_holes/sample_0110.npz,2379cde8dfcb4012259c110621bb82cac632e8758fc6470fc5fb50c0d6567705,0.004020270018372685,0.07783348826884684,0.8780435025652045,0.7912196815013885,0.44232744220644227,0.5722805947065354
fine_control,52,polygonal_holes,111,private-source://routeA_experiments/data/prospective_ood_rd_hddm_alpha001_v2/polygonal_holes/sample_0111.npz,e77470dcfcba1f6bdb33c318c2e6cecb38ae797f62d39e0bb08e7a08dd6e974a,0.00422288803383708,0.06881594552380117,0.7943650401400454,0.76546311378479,0.4104170072823761,0.5391786853969095
fine_control,52,polygonal_holes,112,private-source://routeA_experiments/data/prospective_ood_rd_hddm_alpha001_v2/polygonal_holes/sample_0112.npz,88df74d2052fa5cb450aa5d9be2814b467df7bbe8db5582a180089122655cee2,0.003811896953266114,0.05426687832155494,0.49092086126136925,0.4826902374625206,0.26655905172228805,0.38521011590957643
fine_control,52,polygonal_holes,113,private-source://routeA_experiments/data/prospective_ood_rd_hddm_alpha001_v2/polygonal_holes/sample_0113.npz,3a1fa1b65775b0275cf639b12a72525a77828d847796be0e003df1bdbad952ec,0.0039045109879225492,0.060814147684457115,0.5746910398483126,0.4977443218231201,0.34234758913516977,0.4591825877875089
fine_control,52,polygonal_holes,114,private-source://routeA_experiments/data/prospective_ood_rd_hddm_alpha001_v2/polygonal_holes/sample_0114.npz,ee8527e088d5dac6fcb1c475159e6c302f9ad53ec6da27fe11138620a0ca68fd,0.00381851801648736,0.09039967146228732,0.9410731224121439,0.7577345967292786,0.48211523722857214,0.6293413715809584
fine_control,52,polygonal_holes,115,private-source://routeA_experiments/data/prospective_ood_rd_hddm_alpha001_v2/polygonal_holes/sample_0115.npz,f7ffa5978118fd94c3600a0f477fa283eca44223a4090163c2e4bf5b6bcf3f85,0.004028005991131067,0.0546501312644826,0.5219142623236519,0.5725526213645935,0.2614587791264057,0.3940003710985183
fine_control,52,polygonal_holes,116,private-source://routeA_experiments/data/prospective_ood_rd_hddm_alpha001_v2/polygonal_holes/sample_0116.npz,40826f4a1aca3233236ea6a2e03d2f7953a031f2a735af2bc36b9a978760b21d,0.004417904012370855,0.08525738978493602,0.9879557797993865,0.8130988627672195,0.45550990179181094,0.5904264020919799
fine_control,52,polygonal_holes,117,private-source://routeA_experiments/data/prospective_ood_rd_hddm_alpha001_v2/polygonal_holes/sample_0117.npz,e1cd5ab17ebc52bc630594c80acdbe1ac1cf83a82b72806653c360f585aa540a,0.004004806047305465,0.0738225065040258,0.6815033844684225,0.699824370443821,0.40823199879378075,0.5372095064073801
fine_control,52,polygonal_holes,118,private-source://routeA_experiments/data/prospective_ood_rd_hddm_alpha001_v2/polygonal_holes/sample_0118.npz,e0b81737032bd6118a094dfd0c6797f942b4d7ff21e1c6636fe9e0c0fa7456e2,0.0038320220191963017,0.05264443517578684,0.5276799969638539,0.6253308355808258,0.27318476801738145,0.369866414219141
fine_control,52,polygonal_holes,119,private-source://routeA_experiments/data/prospective_ood_rd_hddm_alpha001_v2/polygonal_holes/sample_0119.npz,274e7d80ddc1fb4c43974f1671c4b357b5fd97510b63ae2caa29395f57fb9bd2,0.0040836239932104945,0.09292364953908835,0.9824566581482407,0.8430235981941223,0.5213928543031215,0.6390544478595257
fine_control,52,polygonal_holes,120,private-source://routeA_experiments/data/prospective_ood_rd_hddm_alpha001_v2/polygonal_holes/sample_0120.npz,a6dd086ec33a9883183e8a146acf4fded479067a6034fee0630258588079fc8d,0.0040416999836452305,0.053456949175541064,0.5427631708733178,0.6219817996025085,0.25329890358261764,0.41459709532558914
fine_control,52,polygonal_holes,121,private-source://routeA_experiments/data/prospective_ood_rd_hddm_alpha001_v2/polygonal_holes/sample_0121.npz,ac81dd72fd79f7e2354039b8d04c60f5f5bbfca723e2447359de622ff26efbb1,0.004033024015370756,0.09281871113121762,1.4142045680128121,0.8924672454595566,0.5510140020400286,0.682806881731376
fine_control,52,polygonal_holes,122,private-source://routeA_experiments/data/prospective_ood_rd_hddm_alpha001_v2/polygonal_holes/sample_0122.npz,759193356a467c09e2b8edbb533e17359fce60da51877df5de5350a541b599c5,0.004030445998068899,0.0883622016533041,1.0687513223702452,0.7334335744380951,0.4771529436111449,0.6197520170360803
fine_control,52,polygonal_holes,123,private-source://routeA_experiments/data/prospective_ood_rd_hddm_alpha001_v2/polygonal_holes/sample_0123.npz,043378324eecf8d22f90a8b04f7e31a6758753cb437e9e0dfbe72c96271d4ff4,0.003902563010342419,0.040576999679892145,0.3363481263445414,0.6415133848786354,0.18710086941719054,0.32372404038906094
fine_control,52,polygonal_holes,124,private-source://routeA_experiments/data/prospective_ood_rd_hddm_alpha001_v2/polygonal_holes/sample_0124.npz,cd51fc274b14dfb5fac39f5cfe064e526357b88b7d094e98b25666df1b414ebf,0.003996913961600512,0.07426752538770857,0.679875481920818,0.645413339138031,0.4196785390377044,0.572449473515153
fine_control,52,polygonal_holes,125,private-source://routeA_experiments/data/prospective_ood_rd_hddm_alpha001_v2/polygonal_holes/sample_0125.npz,ed9c8de9705fd444fe459e4bfda13bcb047be60ede95d8334f14a4765b9738c1,0.003934554988518357,0.08431789136262292,0.8850138077072737,0.8754907585680485,0.48201263612136236,0.6534593389555812
fine_control,52,polygonal_holes,126,private-source://routeA_experiments/data/prospective_ood_rd_hddm_alpha001_v2/polygonal_holes/sample_0126.npz,665752506b08a3f3e3fe30b2921a1800be6cc7503caeb2bbb5078b9732f246a1,0.003981012036092579,0.08902451343369598,0.9001309980646456,0.9218549951910973,0.4805703423917293,0.6101054697483778
fine_control,52,polygonal_holes,127,private-source://routeA_experiments/data/prospective_ood_rd_hddm_alpha001_v2/polygonal_holes/sample_0127.npz,c816a31178bdc5d064cf91181e9c7932847ba43e355ab3c1d6ccd62738e6e38a,0.003924066026229411,0.08303962856162697,0.9396791872116063,0.74546217918396,0.46672473922371854,0.5927876135706901
fine_control,52,polygonal_holes,128,private-source://routeA_experiments/data/prospective_ood_rd_hddm_alpha001_v2/polygonal_holes/sample_0128.npz,1ff4fae644b7094e6f782b7b687fd6b1fbd82aac67e72ea7769b3fb09fa6e48f,0.003997830033767968,0.07188722929699629,0.6662596684101719,0.6572726964950562,0.41404560562223197,0.5436561021208763
fine_control,52,polygonal_holes,129,private-source://routeA_experiments/data/prospective_ood_rd_hddm_alpha001_v2/polygonal_holes/sample_0129.npz,304ae224f67a5af8163de1ab49c40dd4fedca4580b143be96af616abffc6891f,0.0037608800339512527,0.07698424528442376,0.8408725850658119,0.8195617469027638,0.40406254716217505,0.5510618735104799
fine_control,52,polygonal_holes,130,private-source://routeA_experiments/data/prospective_ood_rd_hddm_alpha001_v2/polygonal_holes/sample_0130.npz,e1ce49f7ee7274aa7c46a7774918dbf0b33c86fdbf83110ebf21a577b52b49c2,0.004105714033357799,0.05896984805819939,0.5622779676202957,0.5450848042964935,0.29120953679084777,0.4473100098967552
fine_control,52,polygonal_holes,131,private-source://routeA_experiments/data/prospective_ood_rd_hddm_alpha001_v2/polygonal_holes/sample_0131.npz,ed41aea98fee101c256811beb8de8b6cd7eaa2613cc541b40b00b980b3f85711,0.003803161031100899,0.041776096509915484,0.3655478176261786,0.6979688704013824,0.21077415794134138,0.29252059519290924
fine_control,52,polygonal_holes,132,private-source://routeA_experiments/data/prospective_ood_rd_hddm_alpha001_v2/polygonal_holes/sample_0132.npz,f6a02e95496e34f2bd023b24cbfad8d8efcd430331804e20e35c1a3a87b3105a,0.0038202469586394727,0.08605036785588241,0.8616463977942245,0.7312673339620233,0.4799319237470625,0.6187437929213047
fine_control,52,polygonal_holes,133,private-source://routeA_experiments/data/prospective_ood_rd_hddm_alpha001_v2/polygonal_holes/sample_0133.npz,2d0b9657c30dbaee8ac6254ea143fd42d06b5d9334a9daae61f959b4d768189d,0.0037863340112380683,0.06796603762901011,0.7736255248027809,0.7325707972049713,0.42495315223932256,0.5437371970713138
fine_control,52,polygonal_holes,134,private-source://routeA_experiments/data/prospective_ood_rd_hddm_alpha001_v2/polygonal_holes/sample_0134.npz,6fc1d8ad41d98e5533dcb17000bd621df4413b0bc230e17a01f9f1042863dc00,0.003813213959801942,0.05351008533984327,0.46986011029056635,0.621912032365799,0.26808298826217647,0.38293891191482543
fine_control,52,polygonal_holes,135,private-source://routeA_experiments/data/prospective_ood_rd_hddm_alpha001_v2/polygonal_holes/sample_0135.npz,5f7f06f2a09a51cb1bdbf1f8f76c7dcebd7292b16ad5d06e2bd7e5e2a241a7b4,0.0037943089846521616,0.10128983566971013,1.5466822205622655,0.8847364634275436,0.5726440571248531,0.6369096693024039
fine_control,52,polygonal_holes,136,private-source://routeA_experiments/data/prospective_ood_rd_hddm_alpha001_v2/polygonal_holes/sample_0136.npz,00531c0b831dc08973faac55a2933c5636dd9ca8276c59ce5b933fd5d249b087,0.003977874002885073,0.06338820883713589,0.5427770208978187,0.5956911370158195,0.36386519186198707,0.46251460552215573
fine_control,52,polygonal_holes,137,private-source://routeA_experiments/data/prospective_ood_rd_hddm_alpha001_v2/polygonal_holes/sample_0137.npz,d001d2eb3c3220ffed4f07f5378b2f2433947704e933286823ec2f721961990d,0.004010870005004108,0.08162330692123608,0.8036290624970714,0.7319953143596649,0.46122131273150435,0.5848701051622629
fine_control,52,polygonal_holes,138,private-source://routeA_experiments/data/prospective_ood_rd_hddm_alpha001_v2/polygonal_holes/sample_0138.npz,f220ed2d2bb7df025848597f7eaca2bacd1707ff56291afdc47c8afdf6b2c8b5,0.003942250972613692,0.06710310591891759,0.5586897586767454,0.5874345973134041,0.34967875480651855,0.4605179804563522
fine_control,52,polygonal_holes,139,private-source://routeA_experiments/data/prospective_ood_rd_hddm_alpha001_v2/polygonal_holes/sample_0139.npz,17b888ed07f6657c9849c552aad413cfe46048c4c7895f05178724c0fa7f87ca,0.0040128499967977405,0.08951213444201989,1.018123572916664,0.8068319261074066,0.5201252285391093,0.6235348296910525
fine_control,52,polygonal_holes,140,private-source://routeA_experiments/data/prospective_ood_rd_hddm_alpha001_v2/polygonal_holes/sample_0140.npz,e02540d429db3b7126f4bff11bc5fa61a336ec8a85e95e0c1221371ba5a47ef6,0.00411238003289327,0.09154257261569279,1.2542887195251144,0.8036080896854401,0.504297361569479,0.6411727886274456
fine_control,52,polygonal_holes,141,private-source://routeA_experiments/data/prospective_ood_rd_hddm_alpha001_v2/polygonal_holes/sample_0141.npz,bb22d84f5f6c83f45e1de2d4ab15f3186ec26d2a148f8904619bdd7a66c8171f,0.0039182789623737335,0.06551813035180581,0.701570155120496,0.6896401643753052,0.3841930326074357,0.5075986068695784
fine_control,52,polygonal_holes,142,private-source://routeA_experiments/data/prospective_ood_rd_hddm_alpha001_v2/polygonal_holes/sample_0142.npz,a1cc8c41b7c1a468be244e07ec2ff48e53d77459c7644d4e6eb2022f904ed782,0.003818571974989027,0.08858334997209517,1.126815840375931,0.8614489436149597,0.4753230385482311,0.6135544316470622
fine_control,52,polygonal_holes,143,private-source://routeA_experiments/data/prospective_ood_rd_hddm_alpha001_v2/polygonal_holes/sample_0143.npz,4b97a95ed4fe7c8cb1b5fa7d4ef80edede472fcfc57e6cfa5eadb9c8a4df27a5,0.0038323840126395226,0.105788824710863,1.6982541359114944,0.8550214171409607,0.5796180634293705,0.6533019213937222
fine_control,52,polygonal_holes,144,private-source://routeA_experiments/data/prospective_ood_rd_hddm_alpha001_v2/polygonal_holes/sample_0144.npz,3acfb67f378c2daf8e69098ba9558f45f6fc6a8a6e8672333f2e8c054a6bc2bf,0.003985820978414267,0.09713285814971648,1.4647736467196466,0.9302927330136299,0.559716294799,0.6688125567324459
fine_control,52,polygonal_holes,145,private-source://routeA_experiments/data/prospective_ood_rd_hddm_alpha001_v2/polygonal_holes/sample_0145.npz,b65d0851c245b707a2ac32228f305f7569c9d1859d64e5f4927b75c27e5a7c2b,0.004039135994389653,0.088083620145133,0.8388832549373851,0.9887273460626602,0.4835078001953661,0.6027170570939779
fine_control,52,polygonal_holes,146,private-source://routeA_experiments/data/prospective_ood_rd_hddm_alpha001_v2/polygonal_holes/sample_0146.npz,201b532444ea007bfb07628e9165c885156dffac34abbcb9c7006c661f8345f2,0.003980177047196776,0.07599961360329063,0.809218249489339,0.6193826496601105,0.4292342983186245,0.5263014212250708
fine_control,52,polygonal_holes,147,private-source://routeA_experiments/data/prospective_ood_rd_hddm_alpha001_v2/polygonal_holes/sample_0147.npz,d9d3e2c0e75e05c8d6a983a93cdbeec7eefce5027ca61ee3fe73ed223cb22f7a,0.003966597025282681,0.09453067665787393,1.0343841292163605,0.8784711360931396,0.5207795031368732,0.698149980381131
fine_control,52,polygonal_holes,148,private-source://routeA_experiments/data/prospective_ood_rd_hddm_alpha001_v2/polygonal_holes/sample_0148.npz,fed8390888705bfd8ae6d9f074b0386d8310a40128ec7eed3742e6689c9930f5,0.003979377041105181,0.06461496071684754,0.6267932194772798,0.555626779794693,0.36513469107449054,0.47403730332851407
fine_control,52,polygonal_holes,149,private-source://routeA_experiments/data/prospective_ood_rd_hddm_alpha001_v2/polygonal_holes/sample_0149.npz,1fc1409b3b58a0ee4fe9462eb8610281be13a9e52d04be45b8155c8b093b6826,0.0039318439667113125,0.06075727175766992,0.5168290203088941,0.5442661643028259,0.3113055117428302,0.40254146695137016
fine_control,52,polygonal_holes,150,private-source://routeA_experiments/data/prospective_ood_rd_hddm_alpha001_v2/polygonal_holes/sample_0150.npz,2757539f9ec46c666cbf7b9c228a40503df7a8a8f2124fac5c87a43bd9ed14dc,0.00403639703290537,0.09229273527119011,1.50572352219855,0.8692289888858795,0.5338866326957941,0.6335064080357552
fine_control,52,polygonal_holes,151,private-source://routeA_experiments/data/prospective_ood_rd_hddm_alpha001_v2/polygonal_holes/sample_0151.npz,891875b4effc70758dab8ca57b0d6819863a7b492d90d1bfdb2bd22bc48d0cad,0.0038116820505820215,0.08905628556456374,0.9240923766949959,0.8648272007703781,0.5176546365022657,0.7363158835470676
fine_control,52,polygonal_holes,152,private-source://routeA_experiments/data/prospective_ood_rd_hddm_alpha001_v2/polygonal_holes/sample_0152.npz,56b12d3d13026cd3288b7c1885cbd85b8a1bc4dc3f9807dd8858aa67d50f721d,0.0038169259787537158,0.08548939384556263,0.849772039721482,0.945978470146656,0.43952304068952797,0.6032870235294103
fine_control,52,polygonal_holes,153,private-source://routeA_experiments/data/prospective_ood_rd_hddm_alpha001_v2/polygonal_holes/sample_0153.npz,af02edfbeda154165dee016399e47068fbe6b8c0e34593331fe7bf97c763c6ed,0.0038143839919939637,0.05820242287807964,0.4609102714710083,0.8752976320683956,0.27104189246892924,0.36322255134582515
fine_control,52,polygonal_holes,154,private-source://routeA_experiments/data/prospective_ood_rd_hddm_alpha001_v2/polygonal_holes/sample_0154.npz,9f4d2ecf074b40c504140d8737b60ab86136700c126bd6eada3ce22b6faeb44d,0.003822515020146966,0.10128960798511126,1.91760491782888,0.9191579557955265,0.5904091151431201,0.6920349336351501
fine_control,52,polygonal_holes,155,private-source://routeA_experiments/data/prospective_ood_rd_hddm_alpha001_v2/polygonal_holes/sample_0155.npz,b861e6158554f60e3b28f76ec9b128a9430ba6efcbba4fe54c56e55939f03657,0.003840619989205152,0.07038833156418511,0.6876781370211417,0.8113812580704689,0.34889270961284635,0.4955979786068201
fine_control,52,polygonal_holes,156,private-source://routeA_experiments/data/prospective_ood_rd_hddm_alpha001_v2/polygonal_holes/sample_0156.npz,14ef70e1036b06a4abd5ecf0c058f87e16a946222fa519b8f637fc45a36d83e7,0.0038131540059112012,0.06651259819820754,0.6363911917321053,0.5395875573158264,0.3596687987446785,0.4679505220800638
fine_control,52,polygonal_holes,157,private-source://routeA_experiments/data/prospective_ood_rd_hddm_alpha001_v2/polygonal_holes/sample_0157.npz,43dda95c9977101aa286a63d0342e83b3917f584fe93b176f50bf6a8863ee6ed,0.003795897006057203,0.0610235829755503,0.5640622185482255,0.7357271257787943,0.323491758853197,0.5073412749171256
fine_control,52,polygonal_holes,158,private-source://routeA_experiments/data/prospective_ood_rd_hddm_alpha001_v2/polygonal_holes/sample_0158.npz,d857465c10a280a070d862005f23339c491f8fbd2446b9a5938d6bcd7a0b3a1a,0.003936755994800478,0.0607382978982175,0.6740556659991204,0.6904279589653015,0.2970160402357578,0.44621716916561127
fine_control,52,polygonal_holes,159,private-source://routeA_experiments/data/prospective_ood_rd_hddm_alpha001_v2/polygonal_holes/sample_0159.npz,f59261ba874c415e72210524ff86466ef1835ff128db62c36864a13b554ff470,0.004282440000679344,0.07328797586222814,0.7683594948591593,0.6495599746704102,0.39510774239897717,0.5296837793290615
fine_control,52,polygonal_holes,160,private-source://routeA_experiments/data/prospective_ood_rd_hddm_alpha001_v2/polygonal_holes/sample_0160.npz,39068f5d74d06b40549535b8f9ac00e3990cbbfd5ed4bbbfc7773dab1ec0dbbe,0.003956100030336529,0.093510381442673,1.0430472828216464,1.0345924980938435,0.49191296212375146,0.6462215765565633
fine_control,52,polygonal_holes,161,private-source://routeA_experiments/data/prospective_ood_rd_hddm_alpha001_v2/polygonal_holes/sample_0161.npz,e0831b7cf1e199a8bcddde4a7ba63fda2ec5358332f83876dc46e76b7a76fe72,0.004289780976250768,0.09225610471798285,1.2146584001993015,0.7624808847904205,0.5423547841608525,0.6185321399569511
fine_control,52,polygonal_holes,162,private-source://routeA_experiments/data/prospective_ood_rd_hddm_alpha001_v2/polygonal_holes/sample_0162.npz,b57aaa46bc4b1f2b322a5c732792b6b0b627be08d494a2d21be8f93f764c1355,0.004051669966429472,0.07717966142653798,0.715135009598181,0.8690401054918766,0.40027304943650943,0.5181779560446739
fine_control,52,polygonal_holes,163,private-source://routeA_experiments/data/prospective_ood_rd_hddm_alpha001_v2/polygonal_holes/sample_0163.npz,1a3ca61d865205982770fbfd89f746ec95c9b76d83a2d8a357c31ac000e4dac4,0.00430629902984947,0.06146577170257842,0.5281385970221504,0.4541164040565491,0.30123291611671443,0.42249265700578686
fine_control,52,polygonal_holes,164,private-source://routeA_experiments/data/prospective_ood_rd_hddm_alpha001_v2/polygonal_holes/sample_0164.npz,5d1ee014dbbe40884070a5a39acff629da86c4954a0b4ab2c84a9004a2202fd6,0.003926437988411635,0.0857202396654662,1.3875992028063702,0.7899040579795837,0.5319353753933682,0.6563164669275283
fine_control,52,polygonal_holes,165,private-source://routeA_experiments/data/prospective_ood_rd_hddm_alpha001_v2/polygonal_holes/sample_0165.npz,259bca01e7e1d1c29bce2b41b1f1875945b910b6f1079e0f915a7977b1e9f893,0.004412231035530567,0.07302445371138422,0.8021652899129649,0.7124508172273636,0.4295568533241748,0.544221475943923
fine_control,52,polygonal_holes,166,private-source://routeA_experiments/data/prospective_ood_rd_hddm_alpha001_v2/polygonal_holes/sample_0166.npz,3d0e83e51a41e5c75d0f593269bfee27d32a16acbae58e27343d22ebcff431fa,0.003914253960829228,0.07553584552063537,0.7720628695319474,0.6088718175888062,0.4135040163993835,0.5537194673717022
fine_control,52,polygonal_holes,167,private-source://routeA_experiments/data/prospective_ood_rd_hddm_alpha001_v2/polygonal_holes/sample_0167.npz,5a819bbcff1e88f2e84bade5f00f2f6aa0ce4917add5aa7ae2c972f7f2b2cd18,0.004422530997544527,0.07361919209409898,0.7787548529286558,0.7794976606965065,0.4502714648842811,0.563241490125656
fine_control,52,polygonal_holes,168,private-source://routeA_experiments/data/prospective_ood_rd_hddm_alpha001_v2/polygonal_holes/sample_0168.npz,a7cfabc5b8b40f9786fdf3721f364f746da39dc5df704ef1420678ea5be4ac01,0.004216625005938113,0.10155498528419665,1.2408800012869095,0.8878686502575874,0.5654066141694785,0.7118144323676824
fine_control,52,polygonal_holes,169,private-source://routeA_experiments/data/prospective_ood_rd_hddm_alpha001_v2/polygonal_holes/sample_0169.npz,f8b53cb3fd333ee1cb8d8489fc281f46ff7543a5218086725429358ac90c93cd,0.004232273960951716,0.09905596896730376,1.032278128212265,0.8666759580373764,0.5454882532358168,0.6595172421634194
fine_control,52,polygonal_holes,170,private-source://routeA_experiments/data/prospective_ood_rd_hddm_alpha001_v2/polygonal_holes/sample_0170.npz,531ec76af332ab8ef01be90231b69e059e9a8934f0f93d6913fbf46d169de030,0.004443269979674369,0.05816518863684703,0.52475687963986,0.47520142793655396,0.3184423010796308,0.434079797565937
fine_control,52,polygonal_holes,171,private-source://routeA_experiments/data/prospective_ood_rd_hddm_alpha001_v2/polygonal_holes/sample_0171.npz,947ccbec00e5e3b68cdd69f3e3e633bff7ae1f93b4726f7be992a025d3253c92,0.00404011202044785,0.09498914959758221,1.009917695561974,0.9135681316256523,0.540150571707636,0.7215788662433623
fine_control,52,polygonal_holes,172,private-source://routeA_experiments/data/prospective_ood_rd_hddm_alpha001_v2/polygonal_holes/sample_0172.npz,8f15a2b58c17b5976e89c7be705afee763ca28bc4cc10a072fc3068929a6a3fa,0.0037942430353723466,0.0876401529968881,1.0323126737116728,0.8326188325881958,0.47777706589549773,0.602297255732119
fine_control,52,polygonal_holes,173,private-source://routeA_experiments/data/prospective_ood_rd_hddm_alpha001_v2/polygonal_holes/sample_0173.npz,44717b5111981b568d6b881d94fc32b107d2c09e4f89110f752fe8fd098ba1a9,0.003922036965377629,0.08247123500519332,0.763344880905393,0.7645204216241837,0.4829117339104414,0.6291156912595033
fine_control,52,polygonal_holes,174,private-source://routeA_experiments/data/prospective_ood_rd_hddm_alpha001_v2/polygonal_holes/sample_0174.npz,8b214cc2dccfbd9eeba4a0bbf1cf9592ace0d59fad777f0c1ef1da18aa1c1886,0.0038330749957822263,0.068375549057151,0.7233939246736844,0.5806517004966736,0.3788741842843592,0.5248216917365789
fine_control,52,polygonal_holes,175,private-source://routeA_experiments/data/prospective_ood_rd_hddm_alpha001_v2/polygonal_holes/sample_0175.npz,0704e3f9778f3aedbd42b0385e81de58d71e4c2be75d9f126126775ca2425f28,0.003997138992417604,0.054897177319316044,0.48082733910284225,0.6536815501749516,0.2804770853370428,0.37905347540974615
fine_control,52,polygonal_holes,176,private-source://routeA_experiments/data/prospective_ood_rd_hddm_alpha001_v2/polygonal_holes/sample_0176.npz,a85484a8662f15305a5e709f13d1fa525a418acb00e7250756949427976b2dd8,0.003823434002697468,0.08342885376131208,1.064131073199244,0.7879787534475327,0.44527661222964526,0.6135756131075323
fine_control,52,polygonal_holes,177,private-source://routeA_experiments/data/prospective_ood_rd_hddm_alpha001_v2/polygonal_holes/sample_0177.npz,e0a3dc9763664c7fd06c84abf04a136fb5cdfe6c731d8094dd3d83ab720c189f,0.004006563976872712,0.09747461104860852,1.4603135683000132,0.7929319217801094,0.5559217730537056,0.6321070264279842
fine_control,52,polygonal_holes,178,private-source://routeA_experiments/data/prospective_ood_rd_hddm_alpha001_v2/polygonal_holes/sample_0178.npz,481ca6c6499705706c2f66d7e79f45ecb746cb561d6a77790784658abee41ffe,0.0038108400185592473,0.08774439639249762,1.0259040738139895,0.8830678835511208,0.5074576546438038,0.6375121802464128
fine_control,52,polygonal_holes,179,private-source://routeA_experiments/data/prospective_ood_rd_hddm_alpha001_v2/polygonal_holes/sample_0179.npz,e4bc203a85df9f9977404e82f55cafb59262bc1ce46ea6ffe3b6aa2d04c126dc,0.004053585988003761,0.055399387717301476,0.5589491167798892,0.7506290078163147,0.2532187826931476,0.39175290860235684
fine_control,52,polygonal_holes,180,private-source://routeA_experiments/data/prospective_ood_rd_hddm_alpha001_v2/polygonal_holes/sample_0180.npz,81b84fdac3eccbe8d0928bc38881f8a0dd9d9e18b35f8f47b20caa177985fd3b,0.0038169220206327736,0.0888789185764589,1.2238535481036399,0.7634249180555344,0.5294236222747712,0.6662655955553055
fine_control,52,polygonal_holes,181,private-source://routeA_experiments/data/prospective_ood_rd_hddm_alpha001_v2/polygonal_holes/sample_0181.npz,5b6cc5d652fa4a1c887c4b0c1e164cd672bb9f5061ad1afead3751e70b213514,0.004083435982465744,0.06829273936982948,0.681898654939595,0.7687048465013504,0.39142470024526094,0.5051180110126734
fine_control,52,polygonal_holes,182,private-source://routeA_experiments/data/prospective_ood_rd_hddm_alpha001_v2/polygonal_holes/sample_0182.npz,30d7eccb6acfa738a9e0d813c59d9fc3e7a337f419dc39e253bd748b1985e200,0.003814541967585683,0.08906829833770366,0.9829171669831445,0.9433635249733925,0.4816142044961452,0.6227025181800127
fine_control,52,polygonal_holes,183,private-source://routeA_experiments/data/prospective_ood_rd_hddm_alpha001_v2/polygonal_holes/sample_0183.npz,1373cf2f076ba6d96d76006b9bac7cafb13fe290e1c8db8eb0a021aa3ea6a877,0.004013345984276384,0.0765184092416209,0.7203521992220503,0.6451609693467617,0.40795333646237847,0.5312974029779434
fine_control,52,polygonal_holes,184,private-source://routeA_experiments/data/prospective_ood_rd_hddm_alpha001_v2/polygonal_holes/sample_0184.npz,ea319e2f477b8255fcaca1a8e04826d40a2c73352b1e4d184424b4c62b2442f5,0.004079323960468173,0.07411499604325027,0.8308807636235106,0.7039164751768112,0.4520173540338872,0.5572900550812483
fine_control,52,polygonal_holes,185,private-source://routeA_experiments/data/prospective_ood_rd_hddm_alpha001_v2/polygonal_holes/sample_0185.npz,d003b9495650cf787afd4d3ddc6d86135228d769f54ad6312a6280421a596e3a,0.004015963990241289,0.10963191127499153,1.66339617609053,0.8548401780426502,0.6123574442230164,0.6734383633267135
fine_control,52,polygonal_holes,186,private-source://routeA_experiments/data/prospective_ood_rd_hddm_alpha001_v2/polygonal_holes/sample_0186.npz,842bbbe7603fa9c66898e0d3e41112951c43fa2013c25eff012bda7d90c34fc1,0.003993513993918896,0.09149382336244745,1.4674350639365126,0.9852267280220985,0.5377366126514971,0.6524788270890712
fine_control,52,polygonal_holes,187,private-source://routeA_experiments/data/prospective_ood_rd_hddm_alpha001_v2/polygonal_holes/sample_0187.npz,cb2d55c7982505cee18ae54c10f3a2561c5ffa076d5725faf703948555a281cd,0.004013381025288254,0.10847520994122126,1.9339671585684584,0.9900861593778245,0.5915321052307263,0.6869518141448497
fine_control,52,polygonal_holes,188,private-source://routeA_experiments/data/prospective_ood_rd_hddm_alpha001_v2/polygonal_holes/sample_0188.npz,f3741286ab69ced697a71881032f01ee4b24b51cbaa12f72c9ef12b3e4744498,0.0038318359875120223,0.049278324600518314,0.38928475017090525,0.6270499676465988,0.2302717052400112,0.3641191211342809
fine_control,52,polygonal_holes,189,private-source://routeA_experiments/data/prospective_ood_rd_hddm_alpha001_v2/polygonal_holes/sample_0189.npz,f7b805f25ec992fb94efd23e0f85f979f2cf9c135f8ef20d0de20cb17df22844,0.004012833989690989,0.1032506134109134,1.805001132233885,0.8965694308280945,0.6057711319997906,0.7196474162116646
fine_control,52,polygonal_holes,190,private-source://routeA_experiments/data/prospective_ood_rd_hddm_alpha001_v2/polygonal_holes/sample_0190.npz,dc1bbc2f69c79f99ee4574dff06f98bba6eb04d44fc3565781bf40b6efbb07e5,0.004100518999621272,0.09457975556418066,0.9303492739832393,0.76409512758255,0.5209865152835845,0.6293452901020646
fine_control,52,polygonal_holes,191,private-source://routeA_experiments/data/prospective_ood_rd_hddm_alpha001_v2/polygonal_holes/sample_0191.npz,f796f17a8112fa44e52a0f1a214586fb75df4a586120fd92593085ab7070cedd,0.0040434590191580355,0.06343064760354171,0.5764211649589132,0.6040209233760834,0.34171350970864284,0.49020098246634003
fine_control,52,polygonal_holes,192,private-source://routeA_experiments/data/prospective_ood_rd_hddm_alpha001_v2/polygonal_holes/sample_0192.npz,dda32192ec953c5b2b30b9664a031c0b2c32c18898206a837abd68a848dc6560,0.003817098040599376,0.050689522057428146,0.4849337211423194,0.8264436423778534,0.25236904025077816,0.3353155419230461
fine_control,52,polygonal_holes,193,private-source://routeA_experiments/data/prospective_ood_rd_hddm_alpha001_v2/polygonal_holes/sample_0193.npz,a0ecfb23ec91938da78978e535237a93cd3cdb1418404474f7a4b8e5e18ecb0e,0.00393890799023211,0.07176533531150603,0.6130421835948202,0.7695874124765396,0.37546189725399004,0.5660791100561618
fine_control,52,polygonal_holes,194,private-source://routeA_experiments/data/prospective_ood_rd_hddm_alpha001_v2/polygonal_holes/sample_0194.npz,41a07014c34cd5ab4b6bf8fb836e352f25011d3d9ee8ab7718601b8708c98a50,0.003829557972494513,0.04221324011080166,0.3521199772227917,0.6949747055768967,0.19795610262081026,0.2801524113118648
fine_control,52,polygonal_holes,195,private-source://routeA_experiments/data/prospective_ood_rd_hddm_alpha001_v2/polygonal_holes/sample_0195.npz,bd513e0febd4c5373d80e2b7dcdd2b9486ed4ac7e6bc9ee5eb9dc273983b9ffe,0.0039564300095662475,0.107130498279187,1.738785849372954,0.9108017602702603,0.6024815425276755,0.7122221745899878
fine_control,52,polygonal_holes,196,private-source://routeA_experiments/data/prospective_ood_rd_hddm_alpha001_v2/polygonal_holes/sample_0196.npz,cb48f01e7dd800b18ce7cbe2c18858c2d9a44d38e5be7cf20f5254eafdbd0bf2,0.003821943944785744,0.08288307777580156,0.8715111571153491,0.7315042018890381,0.4881979373283683,0.6274603577703237
fine_control,52,polygonal_holes,197,private-source://routeA_experiments/data/prospective_ood_rd_hddm_alpha001_v2/polygonal_holes/sample_0197.npz,d9edb4456fdfb320e3e8eddde4e164e04f26d3682accae421c9cb62372882d05,0.003928776015527546,0.06374739529063113,0.5771951323815929,0.7881483808159828,0.3619881430640816,0.4526197271049023
fine_control,52,polygonal_holes,198,private-source://routeA_experiments/data/prospective_ood_rd_hddm_alpha001_v2/polygonal_holes/sample_0198.npz,2bb222fb19e2658b1507bbec54c6820e146fa9b42297978674b5e3f02f9f1c57,0.003851377055980265,0.06608369644214589,0.6528087538670718,0.643580436706543,0.3963125946000211,0.5174550372362137
fine_control,52,polygonal_holes,199,private-source://routeA_experiments/data/prospective_ood_rd_hddm_alpha001_v2/polygonal_holes/sample_0199.npz,2eec775368a54d0cff3644f18d86a5d5b2aa3329ce09ee599ee904145cc74303,0.003915397042874247,0.04421565127074523,0.3809832058226632,0.4221341609954834,0.22000180780887596,0.2941684356331825
fine_control,52,star_concave,0,private-source://routeA_experiments/data/prospective_ood_rd_hddm_alpha001_v2/star_concave/sample_0000.npz,009d2bb9aad63b794132f3b8fa2904650b88fb7b6b2d61561be4048deacc458b,0.0033548339852131903,0.12453815891917815,0.7734405320667374,0.6406024694442749,0.4469863668084144,0.525037587583065
fine_control,52,star_concave,1,private-source://routeA_experiments/data/prospective_ood_rd_hddm_alpha001_v2/star_concave/sample_0001.npz,4e70bd655e98ee3d6e109ea5eb742794f0fa72f85104a738094fee80b6acaf70,0.003362589981406927,0.09781928078479504,0.49036726389807944,0.6300570219755173,0.3629060834646226,0.4649940940737728
fine_control,52,star_concave,2,private-source://routeA_experiments/data/prospective_ood_rd_hddm_alpha001_v2/star_concave/sample_0002.npz,fb14453d8d3f30cf873c46a5e14b387674862f03260073cd0d05ebb7cb7f1faa,0.0038781330222263932,0.13524643540661418,0.9223742994301186,0.7765330374240875,0.5197604104876518,0.6300991840660572
fine_control,52,star_concave,3,private-source://routeA_experiments/data/prospective_ood_rd_hddm_alpha001_v2/star_concave/sample_0003.npz,7b84face7333f39614fc62902f773a61730f623c80ef7fa990749cc5c4756204,0.003779398975893855,0.09153168637672589,0.5437178783666486,0.5831024050712585,0.37375198900699613,0.45657920777797706
fine_control,52,star_concave,4,private-source://routeA_experiments/data/prospective_ood_rd_hddm_alpha001_v2/star_concave/sample_0004.npz,51a91eacf8ce921d71c6041d09cfae819f22d841cf2ffd3c2df664040d51186e,0.0033908660407178104,0.10742862215359625,0.5297834713248512,0.6663873642683029,0.4175485372543334,0.5291292107105259
fine_control,52,star_concave,5,private-source://routeA_experiments/data/prospective_ood_rd_hddm_alpha001_v2/star_concave/sample_0005.npz,6e222ada1b7d437bd5643c1ff273ebd5652f1f27b6415d45a1958ab41cdbedf5,0.00398804503493011,0.07666284881713327,0.3909414352121993,0.5002581775188446,0.34499522447586045,0.44909316241741193
fine_control,52,star_concave,6,private-source://routeA_experiments/data/prospective_ood_rd_hddm_alpha001_v2/star_concave/sample_0006.npz,b575a4b1e23727607195accc5ab1eb6869a2fe6423bab8f28602429896d7ffb8,0.004019070009235293,0.07468148383569473,0.37326224684742293,0.42836031317710876,0.2793346166610717,0.35182097226381304
fine_control,52,star_concave,7,private-source://routeA_experiments/data/prospective_ood_rd_hddm_alpha001_v2/star_concave/sample_0007.npz,f97196e6f221830b1e3373486ee49466c07c1eb5991df8cbb16605589a488f5d,0.004090284986887127,0.11207455131020688,0.6405313121720134,0.8435676097869873,0.4144484654068946,0.482588710784912
fine_control,52,star_concave,8,private-source://routeA_experiments/data/prospective_ood_rd_hddm_alpha001_v2/star_concave/sample_0008.npz,244ac733232159a2a5cf34edfc0a50b5a2b69b36712de1f4063f137198172f85,0.004220667004119605,0.08275791944781548,0.42538816786155015,0.4327385425567627,0.3006365701556206,0.3832704621553421
fine_control,52,star_concave,9,private-source://routeA_experiments/data/prospective_ood_rd_hddm_alpha001_v2/star_concave/sample_0009.npz,865cc26d2e038bce27105da09cc105452f707c4d4a4472925cb326eed10ece20,0.003411285055335611,0.10202033539476182,0.575109990055467,0.5359013676643372,0.38460341691970823,0.47201983809471104
fine_control,52,star_concave,10,private-source://routeA_experiments/data/prospective_ood_rd_hddm_alpha001_v2/star_concave/sample_0010.npz,1f4c91ba0f07fa9f6a175cb7d943878655d47fdbdb5f2efeac3ac31f77329fcd,0.004090029979124665,0.09285587132020033,0.4920704818600119,0.4675798714160919,0.3824212849140167,0.44181569293141365
fine_control,52,star_concave,11,private-source://routeA_experiments/data/prospective_ood_rd_hddm_alpha001_v2/star_concave/sample_0011.npz,d05537de94b82a7904e0ead39deb6c54104c0ef42cea8bd4e9988913d494a83b,0.0037227629800327122,0.11397295442081014,0.7445140883629958,0.6570613384246826,0.4810406826436519,0.5532132275402547
fine_control,52,star_concave,12,private-source://routeA_experiments/data/prospective_ood_rd_hddm_alpha001_v2/star_concave/sample_0012.npz,847d2b1c823f4408679f58979310ced7f8afe8a4c3b19a24d4319e73d2076d28,0.0038998150266706944,0.10809985375347325,0.639779766522731,0.669308602809906,0.39361635446548454,0.5296013879775998
fine_control,52,star_concave,13,private-source://routeA_experiments/data/prospective_ood_rd_hddm_alpha001_v2/star_concave/sample_0013.npz,3fe68d6905e52aed96d1f6f6f4cbe94d1f51a46ec4751e2c26ac9892e870ac18,0.0037435009726323187,0.09187745515220476,0.43273771967241675,0.5403422936797142,0.3656675815582275,0.5064465221762655
fine_control,52,star_concave,14,private-source://routeA_experiments/data/prospective_ood_rd_hddm_alpha001_v2/star_concave/sample_0014.npz,98f86dc2bf4c9917d734d87999b0e333966cb92d96944b9e3a10a574bc3370b9,0.004036254016682506,0.1408600314326406,1.2314536934561322,0.8268942683935165,0.5427169322967527,0.6095447158813476
fine_control,52,star_concave,15,private-source://routeA_experiments/data/prospective_ood_rd_hddm_alpha001_v2/star_concave/sample_0015.npz,fba340201e6025122f0cb1aa5a625e4ebb7a3504c0f9bf568c4b44c2453eab2f,0.0038519459776580334,0.09017701423458299,0.4748654665892368,0.5257828831672668,0.35768249034881583,0.49731660410761835
fine_control,52,star_concave,16,private-source://routeA_experiments/data/prospective_ood_rd_hddm_alpha001_v2/star_concave/sample_0016.npz,11c4e40719a66e3ebb706e7cb800f94d382019f44e94ec85fe48ea3ec624cc4b,0.0037482649786397815,0.12018776578064012,0.721585696357637,0.6445081830024719,0.4374194987118244,0.5501604631543147
fine_control,52,star_concave,17,private-source://routeA_experiments/data/prospective_ood_rd_hddm_alpha001_v2/star_concave/sample_0017.npz,534607ed78b318ae68ab40a4d9a3980e1a5c64084762fc4b8475968cab9bb3bd,0.003997649997472763,0.14091209038568664,0.9808773019247304,0.7955547049641609,0.4768592581152915,0.5982566046714782
fine_control,52,star_concave,18,private-source://routeA_experiments/data/prospective_ood_rd_hddm_alpha001_v2/star_concave/sample_0018.npz,7adaa9e1f0617e585e5d168eb48820003ec9fc031681cd26516d363ffd04328d,0.0037778709665872157,0.09770649257136454,0.5431197496685741,0.5869776606559753,0.34421679675579037,0.4457661175727837
fine_control,52,star_concave,19,private-source://routeA_experiments/data/prospective_ood_rd_hddm_alpha001_v2/star_concave/sample_0019.npz,f3759305bef8481b2756c6d9ec9fee197aa11185d2fabb3a2e12ab02723ee5e0,0.003722643945366144,0.07215552606650855,0.33317536385910457,0.42918165028095245,0.2783937640488148,0.34977856725454337
fine_control,52,star_concave,20,private-source://routeA_experiments/data/prospective_ood_rd_hddm_alpha001_v2/star_concave/sample_0020.npz,dfd07f4fdae3c4b6150501a4e95619273fb09daa59e9478d21c8464a21d2ffc6,0.0037757710088044405,0.1198745668696772,0.7396100583364199,0.6743655800819397,0.42380265593528743,0.5449977457523346
fine_control,52,star_concave,21,private-source://routeA_experiments/data/prospective_ood_rd_hddm_alpha001_v2/star_concave/sample_0021.npz,3e932800183b8daa7efd551da65f2ff1400f15f2772817e610796baf64527c9a,0.0037611789884977043,0.09587786022972435,0.5000305234249242,0.58614581823349,0.34674644321203235,0.4060746893286713
fine_control,52,star_concave,22,private-source://routeA_experiments/data/prospective_ood_rd_hddm_alpha001_v2/star_concave/sample_0022.npz,e59220a03ee588f4d0e70933b8159e2126e45953cd84f648928aedb295e2d081,0.003813932999037206,0.11666331140951644,0.5776914636518444,0.5581963658332825,0.4152517765760422,0.48106441736221306
fine_control,52,star_concave,23,private-source://routeA_experiments/data/prospective_ood_rd_hddm_alpha001_v2/star_concave/sample_0023.npz,17bae540596796b03e7a95a97ad0cf945587f7ff8e9f44c9cce961c2574b81b0,0.0036462030257098377,0.11158107917714737,0.5973079185799095,0.5532562211155891,0.4035537727177143,0.47889840304851555
fine_control,52,star_concave,24,private-source://routeA_experiments/data/prospective_ood_rd_hddm_alpha001_v2/star_concave/sample_0024.npz,9f190b5fe5c1ddecf149bf3831ed66888f1e09a84d81196006c11f5c214d28c6,0.003717778017744422,0.1186024264960549,0.6447484873414517,0.5903288125991821,0.46124201882630544,0.5661012069135906
fine_control,52,star_concave,25,private-source://routeA_experiments/data/prospective_ood_rd_hddm_alpha001_v2/star_concave/sample_0025.npz,2add91952026915ae8ee90b1f1626a327209949a94357811791d4add186f8b6b,0.0036923830048181117,0.09517344553501375,0.5245720726806007,0.5935657024383545,0.384468300640583,0.4538653168082238
fine_control,52,star_concave,26,private-source://routeA_experiments/data/prospective_ood_rd_hddm_alpha001_v2/star_concave/sample_0026.npz,7c60403165ae348c442df8620e166f060722ffe55139cb507fb6b3b0315acd67,0.004006987961474806,0.10525538082873578,0.673259775203922,0.64170902967453,0.452612370252609,0.567534820921719
fine_control,52,star_concave,27,private-source://routeA_experiments/data/prospective_ood_rd_hddm_alpha001_v2/star_concave/sample_0027.npz,fcd28480ca1c369f591deb0760e991331bd2cf87de1f1ca707e06c2ffdf85715,0.003401896043214947,0.10468916301096728,0.5766038587709079,0.5658306777477264,0.40395856946706765,0.5369169880449769
fine_control,52,star_concave,28,private-source://routeA_experiments/data/prospective_ood_rd_hddm_alpha001_v2/star_concave/sample_0028.npz,97d115498a24206fd9a94b8e6ea8743ffb7337ed20941efef291ca99b062fb3d,0.003922291041817516,0.1368360372318099,0.8875278129350695,0.727868378162384,0.5266104400157927,0.596892105564475
fine_control,52,star_concave,29,private-source://routeA_experiments/data/prospective_ood_rd_hddm_alpha001_v2/star_concave/sample_0029.npz,b912306c3e4cf84f055f4027c6cbc49c3fe645a5fc0bf485bb647d711e1ff63b,0.003926683042664081,0.10447766838071107,0.5231625948868611,0.6243844926357269,0.36448407173156727,0.43957447141408934
fine_control,52,star_concave,30,private-source://routeA_experiments/data/prospective_ood_rd_hddm_alpha001_v2/star_concave/sample_0030.npz,1bd349edcd0fe24a85799a24dcbb53d56be86031ab54fcf679a4c4fde7107b8f,0.003377954999450594,0.10806486011831813,0.6023459094956416,0.7401506751775742,0.4455961734056473,0.5337395757436755
fine_control,52,star_concave,31,private-source://routeA_experiments/data/prospective_ood_rd_hddm_alpha001_v2/star_concave/sample_0031.npz,3daaf895b3c605d8206001223ea51987d492384cfc95cffaef6b71828270eefc,0.0037289619795046747,0.10846217451011649,0.6572721563482706,0.5975279211997986,0.46473665572702877,0.5566902224719527
fine_control,52,star_concave,32,private-source://routeA_experiments/data/prospective_ood_rd_hddm_alpha001_v2/star_concave/sample_0032.npz,49be9ff94661381e2571a267aba1a2060d7d7268dd348b9eb212f6af9b9674e3,0.003961168986279517,0.11850241948940174,0.6794749191395294,0.6589760184288025,0.4377249617129564,0.5071749699115752
fine_control,52,star_concave,33,private-source://routeA_experiments/data/prospective_ood_rd_hddm_alpha001_v2/star_concave/sample_0033.npz,e906aed2368936d827726997a5afb6856dea5ac228d3b90f881ec10af09186d9,0.0033864759607240558,0.1313627452951509,0.780359323286468,0.6879992783069611,0.4517948530614376,0.5291486953198908
fine_control,52,star_concave,34,private-source://routeA_experiments/data/prospective_ood_rd_hddm_alpha001_v2/star_concave/sample_0034.npz,ae0a839396f99c4485788322b985c85386b92669d4e870cd7a2410af15f5c24d,0.0040811060462147,0.06905775315983033,0.30748058090354413,0.4107113927602768,0.2719239443540573,0.35159071534872055
fine_control,52,star_concave,35,private-source://routeA_experiments/data/prospective_ood_rd_hddm_alpha001_v2/star_concave/sample_0035.npz,fb59f617f0622c77d8fbb2f2fe1967a6c60ff2dc46aaa3b2084991efd399b23f,0.003403651004191488,0.13439661673859876,0.7916849590773917,0.6070644557476044,0.526498181372881,0.5855162508040666
fine_control,52,star_concave,36,private-source://routeA_experiments/data/prospective_ood_rd_hddm_alpha001_v2/star_concave/sample_0036.npz,528b84c8ea17fb027544a4127081236bfc722f3a0ec2d9cbe46edd1bbc9ae09d,0.004091682028956711,0.12920473131573362,0.809829447853811,0.7586169391870499,0.481183310970664,0.6671331936120986
fine_control,52,star_concave,37,private-source://routeA_experiments/data/prospective_ood_rd_hddm_alpha001_v2/star_concave/sample_0037.npz,ce4278bd066e42581dd68ea2402f3e7e51495b54c38492e0d6cfe639baedcd5f,0.003755151992663741,0.0962340974728153,0.45815239387976237,0.5709337145090103,0.4098529152572155,0.4530270040035248
fine_control,52,star_concave,38,private-source://routeA_experiments/data/prospective_ood_rd_hddm_alpha001_v2/star_concave/sample_0038.npz,6ba9092a7f68d6d13493fceadb5e908dc631b20b2a917da96f2634c547cb7849,0.00377924699569121,0.07884045587867962,0.3785344494415783,0.41487570106983185,0.3139619331806898,0.3802058407664301
fine_control,52,star_concave,39,private-source://routeA_experiments/data/prospective_ood_rd_hddm_alpha001_v2/star_concave/sample_0039.npz,22652a3d0dc5499ddc059fd0199f955f000a9224a1f5619549bd84fa34b70755,0.003939680987969041,0.10140383249387551,0.5403420409401704,0.60379558801651,0.38566111922264096,0.4278426618874073
fine_control,52,star_concave,40,private-source://routeA_experiments/data/prospective_ood_rd_hddm_alpha001_v2/star_concave/sample_0040.npz,979af9334c1802b981da270d5875fa0c7b9ece1cdeae2d7ddab565fa7e35c3b0,0.0037005829508416355,0.09622149841787105,0.5302934435799201,0.5375635623931885,0.34178311824798574,0.45517934292554674
fine_control,52,star_concave,41,private-source://routeA_experiments/data/prospective_ood_rd_hddm_alpha001_v2/star_concave/sample_0041.npz,3e594e2e6d2ad746bc0157e3521e1d1f6090b162a1b92253789085a2dbb47654,0.003358263988047838,0.12077973760788592,0.6552888346602943,0.6002631559967995,0.4721353620290755,0.5751971599459648
fine_control,52,star_concave,42,private-source://routeA_experiments/data/prospective_ood_rd_hddm_alpha001_v2/star_concave/sample_0042.npz,c4c10181a5a8723bab009727251b85f91867206e2a7e7b2f496d7cbd97bde9f3,0.0033641980262473226,0.11232945421418711,0.6765210082478482,0.6089720726013184,0.4154399514198302,0.4940234000235803
fine_control,52,star_concave,43,private-source://routeA_experiments/data/prospective_ood_rd_hddm_alpha001_v2/star_concave/sample_0043.npz,60596fdaece0c19a7997da29479b7375b7dab588e93a500a17be8ad6540c5652,0.0032897169585339725,0.10803263818990042,0.572974501436397,0.5500556230545044,0.4053778246045114,0.4757709866762161
fine_control,52,star_concave,44,private-source://routeA_experiments/data/prospective_ood_rd_hddm_alpha001_v2/star_concave/sample_0044.npz,1383081fd3815f2104988ac35e4d709121c4e13596804ade49dc4e610ea86679,0.0033532039960846305,0.10123985720065393,0.5590280062076312,0.5885515064001083,0.42306991815567013,0.544246438294649
fine_control,52,star_concave,45,private-source://routeA_experiments/data/prospective_ood_rd_hddm_alpha001_v2/star_concave/sample_0045.npz,023263165e13e05a212e40ecd70a27ba52200197231297219582d7e5bba3dbe2,0.004009364987723529,0.1025163279089262,0.5479169157847507,0.5583339929580688,0.38245392292737945,0.5045290133357047
fine_control,52,star_concave,46,private-source://routeA_experiments/data/prospective_ood_rd_hddm_alpha001_v2/star_concave/sample_0046.npz,b15ee5f6922f4f24ee7033154d443e62434bd3a3733663097faabea670e06fc7,0.003359545022249222,0.06832233355419769,0.32700674701931326,0.42075471580028534,0.26502606123685835,0.36257562756538364
fine_control,52,star_concave,47,private-source://routeA_experiments/data/prospective_ood_rd_hddm_alpha001_v2/star_concave/sample_0047.npz,0dd14136387bff8f2e808a1c1b23f92c0b77dcb3e67f86d25f7d8837c77575de,0.004121126024983823,0.09264182184194418,0.5046281714285809,0.5504040718078613,0.364598485827446,0.481123764514923
fine_control,52,star_concave,48,private-source://routeA_experiments/data/prospective_ood_rd_hddm_alpha001_v2/star_concave/sample_0048.npz,170d40f333deaba43a45d4d2ea6cd73468bae603f4b0069e39c6200efecb0bcf,0.003378386958502233,0.07589803933624949,0.3754930871160865,0.4486198425292969,0.30503490567207336,0.35773500502109534
fine_control,52,star_concave,49,private-source://routeA_experiments/data/prospective_ood_rd_hddm_alpha001_v2/star_concave/sample_0049.npz,3baa64b964e40f4d041934f78d820db94115a9f893482d40b5eb2c6868bd541f,0.004043888999149203,0.12116708749200228,0.706548825989615,0.6009757816791534,0.47603875398635864,0.5579514205455781
fine_control,52,star_concave,50,private-source://routeA_experiments/data/prospective_ood_rd_hddm_alpha001_v2/star_concave/sample_0050.npz,1736fc66548c7d2e863a00e32a752906c88a567b1201f17522a5ad4de2a710f4,0.0033366300049237907,0.11401783122855393,0.6764064293609575,0.587384045124054,0.4602611243724822,0.518327938914299
fine_control,52,star_concave,51,private-source://routeA_experiments/data/prospective_ood_rd_hddm_alpha001_v2/star_concave/sample_0051.npz,bbee14e14361425abba154c6f545f34a6bc8991bef7312742393d461406dd03c,0.0038558670203201473,0.10807190314723579,0.6312063347924612,0.6180854439735413,0.3872187100350857,0.48289104640483826
fine_control,52,star_concave,52,private-source://routeA_experiments/data/prospective_ood_rd_hddm_alpha001_v2/star_concave/sample_0052.npz,ed45abe2c84a6a7a838830e4de837fa03cd05b8d959f2f8f0ce1a9d1d8665108,0.003792475035879761,0.11534633232753555,0.6739114660533337,0.6494632512331009,0.4614310264587399,0.5632140004634857
fine_control,52,star_concave,53,private-source://routeA_experiments/data/prospective_ood_rd_hddm_alpha001_v2/star_concave/sample_0053.npz,2cde7d03eeb67287459dbeac592a42bb82c4515f561e6dd2b826e65efe9946be,0.0038306580390781164,0.0820138703279973,0.4089851717849756,0.48053115606307983,0.3190923884510994,0.4054709643125536
fine_control,52,star_concave,54,private-source://routeA_experiments/data/prospective_ood_rd_hddm_alpha001_v2/star_concave/sample_0054.npz,4cba00e0ed66cb2ac4d45603705ee8ce4570c268262d907c90c92a3a53a03f37,0.003945654956623912,0.07815088929095368,0.3648984976932932,0.5541988760232925,0.303810605406761,0.34402155727148054
fine_control,52,star_concave,55,private-source://routeA_experiments/data/prospective_ood_rd_hddm_alpha001_v2/star_concave/sample_0055.npz,dce22efcf9ad447d20a4f5bed0795d0132c8276ec8fd03667f04f5c47805d3f3,0.003286473045591265,0.08255800119122716,0.42208918766785075,0.48593245446681976,0.3536586470901954,0.4674356347322462
fine_control,52,star_concave,56,private-source://routeA_experiments/data/prospective_ood_rd_hddm_alpha001_v2/star_concave/sample_0056.npz,235646d85b8c07970a3d8b865ffe8b58eda9eb036fb639d49673bb58d73de474,0.00368392001837492,0.0719163908439177,0.3744509982453209,0.49817579984664917,0.2881122142076492,0.3899799041450016
fine_control,52,star_concave,57,private-source://routeA_experiments/data/prospective_ood_rd_hddm_alpha001_v2/star_concave/sample_0057.npz,fba47c2f217c4b06672bfd7c97f817bd5a9470721ee275dd6011e375a632fe55,0.0036565320333465934,0.11927806710396828,0.680958432019976,0.5994769930839539,0.4662164323031903,0.5094517946243287
fine_control,52,star_concave,58,private-source://routeA_experiments/data/prospective_ood_rd_hddm_alpha001_v2/star_concave/sample_0058.npz,18c38148eac2df3c48d00500e74d23a957b100253e58db77dda149b67191d166,0.003640275972429663,0.13430415537569326,0.793673545548251,0.6993527412414551,0.46375373601913444,0.5719906711578383
fine_control,52,star_concave,59,private-source://routeA_experiments/data/prospective_ood_rd_hddm_alpha001_v2/star_concave/sample_0059.npz,f9d7dc0bbca24cb8eb66c7b813db7c767b0d3758dcf605d732bbcb3fea82bdc9,0.003354738000780344,0.1052161386887676,0.6303959053124851,0.5673291087150574,0.4280330382287503,0.4796504855155946
fine_control,52,star_concave,60,private-source://routeA_experiments/data/prospective_ood_rd_hddm_alpha001_v2/star_concave/sample_0060.npz,ad8bdeb51e8207d14e6ab8946808203d53cfbcd39ebdfb58ff8542e60a2ce5f7,0.0033711600117385387,0.10632900417363564,0.5545366141694201,0.5809528604149818,0.38263716027140615,0.44579574808478295
fine_control,52,star_concave,61,private-source://routeA_experiments/data/prospective_ood_rd_hddm_alpha001_v2/star_concave/sample_0061.npz,6a8d098fa3cf0e8607b55e7b07d030a5a0586678285f123530f988ef18a29c9f,0.0033290520077571273,0.09978114638263061,0.5671478520925778,0.5767514407634735,0.41608792543411255,0.5448120817542078
fine_control,52,star_concave,62,private-source://routeA_experiments/data/prospective_ood_rd_hddm_alpha001_v2/star_concave/sample_0062.npz,af2aa6263843eda66dc7a1fab1c879ffb7c49c81b11d63bf66e6a1d95823b5c9,0.003869861946441233,0.0964331900276713,0.4575935991234382,0.47864314913749695,0.3469833672046661,0.43030427038669594
fine_control,52,star_concave,63,private-source://routeA_experiments/data/prospective_ood_rd_hddm_alpha001_v2/star_concave/sample_0063.npz,1d64b549093de73ce0aefc5a37a4f60e6d676c1cd705eb98d536ff5d4bef87a7,0.004009073018096387,0.1193305290526176,0.6488339360046708,0.5837244093418121,0.4244709298014641,0.568892078846693
fine_control,52,star_concave,64,private-source://routeA_experiments/data/prospective_ood_rd_hddm_alpha001_v2/star_concave/sample_0064.npz,df2e0d7751b94355ed613e5666bca2fb52173d2dcd42ae84fc71ea01084f44df,0.004098729987163097,0.12751983378840342,0.7122593609956686,0.7164834812283516,0.499835080653429,0.581467132270336
fine_control,52,star_concave,65,private-source://routeA_experiments/data/prospective_ood_rd_hddm_alpha001_v2/star_concave/sample_0065.npz,6be62c8bf97c5e0d45b37e969d56e99f2cd1a93cbfa17aff04e3123165f38d67,0.00333837402286008,0.09575399737897813,0.47880243978915804,0.5501680821180344,0.38147730603814106,0.5368556451797486
fine_control,52,star_concave,66,private-source://routeA_experiments/data/prospective_ood_rd_hddm_alpha001_v2/star_concave/sample_0066.npz,0b6d24abc0a7ac7e8c177054dfeb0fe09760ac17f68380edd5064919b3f5a1cb,0.004107247979845852,0.12883981121385402,0.8495520028453837,0.8008609935641289,0.5258577466011047,0.601058501005173
fine_control,52,star_concave,67,private-source://routeA_experiments/data/prospective_ood_rd_hddm_alpha001_v2/star_concave/sample_0067.npz,0ca774ec08694066988a6ae4ef908c7dfb68e93c52137929de1a67ca05e2995a,0.004027927992865443,0.0753598358040202,0.3470593661412326,0.41169317811727524,0.2826572418212891,0.31403298914432515
fine_control,52,star_concave,68,private-source://routeA_experiments/data/prospective_ood_rd_hddm_alpha001_v2/star_concave/sample_0068.npz,e76410fee1405db62c2b1b1129e514e7332ae0d1c54b743f299ee2fd119d95d8,0.003947333956602961,0.11648373375340997,0.7392193240145094,0.6605328619480133,0.434584678709507,0.5003794133663182
fine_control,52,star_concave,69,private-source://routeA_experiments/data/prospective_ood_rd_hddm_alpha001_v2/star_concave/sample_0069.npz,364b7c5d47826d22443658d1cb9c8b05008763aa6dd8a85bfa73678203751c21,0.003906306985300034,0.10654598638870363,0.613737214255773,0.5784250572323799,0.4593824505805969,0.5339982153102756
fine_control,52,star_concave,70,private-source://routeA_experiments/data/prospective_ood_rd_hddm_alpha001_v2/star_concave/sample_0070.npz,7ae2d6139034f24d5fa0ecd56cf638c38a469593bfea66160f4a003c37c778af,0.0037859640433453023,0.15161352673857142,0.9367072246321119,0.7245398759841919,0.5049438029527664,0.5871558785438538
fine_control,52,star_concave,71,private-source://routeA_experiments/data/prospective_ood_rd_hddm_alpha001_v2/star_concave/sample_0071.npz,387823e996225fc808f345546490c6cfd199eedc7843a0aa5f39fe248acd4320,0.0033476839889772236,0.1313458906465042,0.8087326268057871,0.7032583355903625,0.49693859182298183,0.6245027780532837
fine_control,52,star_concave,72,private-source://routeA_experiments/data/prospective_ood_rd_hddm_alpha001_v2/star_concave/sample_0072.npz,35ccb4b6c6fd7f8c488468219502bff16e032bd7df63bc8f74d635a6bc181457,0.003738300991244614,0.06992232658579521,0.3243417379347381,0.4841323047876358,0.28722407817840573,0.3556998407840722
fine_control,52,star_concave,73,private-source://routeA_experiments/data/prospective_ood_rd_hddm_alpha001_v2/star_concave/sample_0073.npz,2738195cdbe5996a364285abc0046a1cb2d15377f53b9fe666c06434481dc2f6,0.0033844229765236378,0.13779243416385126,1.1957017345993963,0.7880122363567352,0.5476077757775782,0.6411771521717313
fine_control,52,star_concave,74,private-source://routeA_experiments/data/prospective_ood_rd_hddm_alpha001_v2/star_concave/sample_0074.npz,d0d1391ed00492cecce69dfa827b340324d88adf3a584bf7899bf2ea4cc0314a,0.00393960700603202,0.13181236050334189,0.8754058371977335,0.7384243309497833,0.5040708247572183,0.5770199166238307
fine_control,52,star_concave,75,private-source://routeA_experiments/data/prospective_ood_rd_hddm_alpha001_v2/star_concave/sample_0075.npz,592a563399989b953ca42755b7dcf3082863fbc8512c089d574642d62bfa768f,0.003365158976521343,0.09585294561902757,0.48443883529197307,0.5490739047527313,0.3773755997419357,0.5211681711673736
fine_control,52,star_concave,76,private-source://routeA_experiments/data/prospective_ood_rd_hddm_alpha001_v2/star_concave/sample_0076.npz,833a3a6d3d9ddba1bac61edee72bfdfb032a4ad685b0cec46d80805537b407fb,0.0037421989836730063,0.07272533467866098,0.33385135934499427,0.4486011117696762,0.26951678842306137,0.3713485531508921
fine_control,52,star_concave,77,private-source://routeA_experiments/data/prospective_ood_rd_hddm_alpha001_v2/star_concave/sample_0077.npz,cfd4cb676fb49608dfc569217160e8783cceaeb7579e08c111f5b81d17f661e2,0.0036869520554319024,0.12077340117848522,0.683730800458008,0.6332040652632713,0.4711817279458046,0.5421574115753174
fine_control,52,star_concave,78,private-source://routeA_experiments/data/prospective_ood_rd_hddm_alpha001_v2/star_concave/sample_0078.npz,7f023420213a2f7e2fd89a7dba911906863dce1e53ef77466750637ab128e623,0.0037198910140432417,0.08843807926011753,0.5145727195742734,0.5456510186195374,0.3717184633016586,0.47433119326829887
fine_control,52,star_concave,79,private-source://routeA_experiments/data/prospective_ood_rd_hddm_alpha001_v2/star_concave/sample_0079.npz,af0530854ecbd25049782a6643d0e28babcca47a66f81ffebbdeb2bee3d4add5,0.0039338620263151824,0.10431379525513296,0.5124400510400777,0.5768659561872482,0.38855818286538124,0.5352415703237057
fine_control,52,star_concave,80,private-source://routeA_experiments/data/prospective_ood_rd_hddm_alpha001_v2/star_concave/sample_0080.npz,0d8bf642f804cdb4c44ec3c97a7c8aa4aee2892c6e9e3f5615119b6231c98adb,0.0034630050067789853,0.11342828456052148,0.65460883371215,0.6105412244796753,0.45641364920884364,0.5597098539769648
fine_control,52,star_concave,81,private-source://routeA_experiments/data/prospective_ood_rd_hddm_alpha001_v2/star_concave/sample_0081.npz,fcf2bf5bfee08e8bfdd64849976df45af7e75bffcb95d99bd5340ec6e971576b,0.0038973159971646965,0.10879973710133965,0.6951314615150199,0.6162968277931213,0.4670034334063529,0.5645612005889414
fine_control,52,star_concave,82,private-source://routeA_experiments/data/prospective_ood_rd_hddm_alpha001_v2/star_concave/sample_0082.npz,eecebee0f558d9151ce9118d6aed764ce2ca8fb51723395fa7340defaa974edd,0.003351460036356002,0.14167507703969426,1.3932687280136236,0.8590632379055023,0.5318857949227095,0.5959869334101688
fine_control,52,star_concave,83,private-source://routeA_experiments/data/prospective_ood_rd_hddm_alpha001_v2/star_concave/sample_0083.npz,e5abdab9321ee56ed869ed460fa271c06a6390dc7c65469ad1fde0bfbc3f052e,0.0033274100278504193,0.12514919278226322,0.8938598154220262,0.7123029232025146,0.5135444909334183,0.5827583473920804
fine_control,52,star_concave,84,private-source://routeA_experiments/data/prospective_ood_rd_hddm_alpha001_v2/star_concave/sample_0084.npz,42b2e9080004dd7e87c755cf533ee961aee427788297acc5e783f709e47baeb3,0.0033071490470319986,0.10955917460348552,0.6238414376874017,0.5868017077445984,0.4272689931094643,0.5355123824626208
fine_control,52,star_concave,85,private-source://routeA_experiments/data/prospective_ood_rd_hddm_alpha001_v2/star_concave/sample_0085.npz,307c7f1bcc7bff44abcc6a30dc1e3969ede6f73df314300a047b61ccf6c3a378,0.00340480002341792,0.11291372493079528,0.696885861040913,0.6803418695926666,0.40957534313201904,0.5438403964042667
fine_control,52,star_concave,86,private-source://routeA_experiments/data/prospective_ood_rd_hddm_alpha001_v2/star_concave/sample_0086.npz,b3bb0c62290c26c875c27ae948d6b587087d0569c3f356201eb0f22fdb2a3e09,0.004006626957561821,0.12472568366661364,0.7360238069560502,0.6123450994491577,0.47101578637957575,0.566460482403636
fine_control,52,star_concave,87,private-source://routeA_experiments/data/prospective_ood_rd_hddm_alpha001_v2/star_concave/sample_0087.npz,7dbf43fba15e26840cbf500867302ab7673d25663cd48115751bfd9162ec41f8,0.003359711030498147,0.09139972980460151,0.4191305720111521,0.4883592426776886,0.3574948489665985,0.43584524810314185
fine_control,52,star_concave,88,private-source://routeA_experiments/data/prospective_ood_rd_hddm_alpha001_v2/star_concave/sample_0088.npz,46b403b9b0883fb6fafe6d706ff132a9019b0523c686f8c32b2cf73973dc110b,0.0038147970335558057,0.1249646579490613,0.7135189602502956,0.6530286222696304,0.43105909824371336,0.5462084269523618
fine_control,52,star_concave,89,private-source://routeA_experiments/data/prospective_ood_rd_hddm_alpha001_v2/star_concave/sample_0089.npz,4b05a4955d6129f9c7936385ebb4ab230f3bef639b45cb994afa8092d2aa1480,0.003342771960888058,0.12321844794195545,0.8105053599451204,0.6960699111223221,0.45699288696050644,0.5134970715641975
fine_control,52,star_concave,90,private-source://routeA_experiments/data/prospective_ood_rd_hddm_alpha001_v2/star_concave/sample_0090.npz,562c2f1d56afdd8da2679e39e24f0681dfc71b8a722e546b74aa0f3f574a15bc,0.003730589000042528,0.10106227239322957,0.6123123946970858,0.532997615635395,0.41424725353717795,0.49939631283283215
fine_control,52,star_concave,91,private-source://routeA_experiments/data/prospective_ood_rd_hddm_alpha001_v2/star_concave/sample_0091.npz,f841635f22b41963248fac05366396a38bf40de493e33e45588fb8fd0d09f968,0.004058201040606946,0.12755627309121234,0.757299440574525,0.6485258936882019,0.4462075047194958,0.5856215631961822
fine_control,52,star_concave,92,private-source://routeA_experiments/data/prospective_ood_rd_hddm_alpha001_v2/star_concave/sample_0092.npz,a4d8c9efc38c8dccdb95d6c4299d63e986137338f9a4d90ce862e166f09abfc5,0.003773970005568117,0.1049572527172976,0.6142526584815695,0.5741217061877251,0.4402301646769048,0.5466199560463426
fine_control,52,star_concave,93,private-source://routeA_experiments/data/prospective_ood_rd_hddm_alpha001_v2/star_concave/sample_0093.npz,aaa767ef1eddfd044b5bf6a9fbef6b61dc5de5a86360570f0a77b5f524e97dce,0.0036834499915130436,0.13855079008467816,0.8355153554637414,0.7537757605314255,0.5205629888921973,0.5906645919382572
fine_control,52,star_concave,94,private-source://routeA_experiments/data/prospective_ood_rd_hddm_alpha001_v2/star_concave/sample_0094.npz,a154a56ddefca8edbcf263aff519e91ce0f4e58465c7717e79c68dc97d11b9cd,0.0037575599853880703,0.07407531734983568,0.36024833792533895,0.5049215853214264,0.3142823278903961,0.4252079039812085
fine_control,52,star_concave,95,private-source://routeA_experiments/data/prospective_ood_rd_hddm_alpha001_v2/star_concave/sample_0095.npz,610bda6ba90ca73114af1042f6933531fbea7cab4fd66994183455d85a6010af,0.0033938640262931585,0.0993885875059732,0.4775280352947766,0.5815788805484772,0.3683226786553859,0.4612446622923017
fine_control,52,star_concave,96,private-source://routeA_experiments/data/prospective_ood_rd_hddm_alpha001_v2/star_concave/sample_0096.npz,7917e7c1d6f0406fa9182f86bd5be59e3098f4dcff79f5930d3877b0a1e63145,0.003791272989474237,0.11126011293636423,0.6620414514507224,0.7046268582344055,0.4132244139909744,0.5493584477901461
fine_control,52,star_concave,97,private-source://routeA_experiments/data/prospective_ood_rd_hddm_alpha001_v2/star_concave/sample_0097.npz,7d62afce33a59e7363d7fc907585bfe008936306d94881e9a078db26dc18157a,0.004028747032862157,0.12687429366982972,0.6466557391380061,0.5698716416954994,0.46743448078632355,0.5452941209077835
fine_control,52,star_concave,98,private-source://routeA_experiments/data/prospective_ood_rd_hddm_alpha001_v2/star_concave/sample_0098.npz,82c3fdcc10ce0484d81abe39a21224cfecabe860524345fd21840bdeb8f08905,0.003669807978440076,0.08085514767219114,0.44083605108603013,0.4379109889268875,0.32167774066329,0.36472395956516296
fine_control,52,star_concave,99,private-source://routeA_experiments/data/prospective_ood_rd_hddm_alpha001_v2/star_concave/sample_0099.npz,42899fd8a5f5a539afe710561c1d64b294124afd2a7fa4d6bfdc8dbb4cf853ae,0.003822401980869472,0.09070496996558948,0.4326767702546426,0.5184821635484695,0.37624466568231574,0.4462972447276116
fine_control,52,star_concave,100,private-source://routeA_experiments/data/prospective_ood_rd_hddm_alpha001_v2/star_concave/sample_0100.npz,b2799e0a19e65139cf29cb348720c12f52c75ee9aecd3d993b39ffd6d77a7136,0.004062680003698915,0.116868926757947,0.608969676146084,0.6828561425209045,0.4059716496616601,0.4982400655001402
fine_control,52,star_concave,101,private-source://routeA_experiments/data/prospective_ood_rd_hddm_alpha001_v2/star_concave/sample_0101.npz,77f5771f7fb6794527efaea4da878ab24f6c10142a63483a9d2d7d0cc360d2d1,0.0033207350061275065,0.09884354990937835,0.4841983433149156,0.7015645653009415,0.3963438868522644,0.48123549371957763
fine_control,52,star_concave,102,private-source://routeA_experiments/data/prospective_ood_rd_hddm_alpha001_v2/star_concave/sample_0102.npz,7809a5edfb14edaf519c2b3af3950525a2e8c8a8afca6a8cd20dad8cca2ff262,0.003831378009635955,0.11497327577941387,0.66265778343171,0.5608910098671913,0.44275134429335594,0.5250885523855686
fine_control,52,star_concave,103,private-source://routeA_experiments/data/prospective_ood_rd_hddm_alpha001_v2/star_concave/sample_0103.npz,1e622b0f01095983080bae30dd0105f2b63383dbb92566dee14bdc6b21842e3a,0.004531107028014958,0.10867049634203403,0.632954202429772,0.5917763710021973,0.4568917371332644,0.5216203884780407
fine_control,52,star_concave,104,private-source://routeA_experiments/data/prospective_ood_rd_hddm_alpha001_v2/star_concave/sample_0104.npz,a586ef53200f2a2874d0bec4d38d819164ee1ad51b9a31172756a0acac53eb4f,0.00373207003576681,0.09150165247428901,0.4791592511800924,0.5080553293228149,0.32570931911468504,0.3789972968399525
fine_control,52,star_concave,105,private-source://routeA_experiments/data/prospective_ood_rd_hddm_alpha001_v2/star_concave/sample_0105.npz,fbe036f3ba7e29c58ad15958277e4f0a631d9dbe9c9738a712d0e120979da252,0.00335341296158731,0.09784141518057056,0.4951593615347442,0.5254772529006004,0.37441116906702504,0.44716929934918903
fine_control,52,star_concave,106,private-source://routeA_experiments/data/prospective_ood_rd_hddm_alpha001_v2/star_concave/sample_0106.npz,77ee446c4ec99eb4a4a69271d7442b40755008e0ba89f52f06102e4951fdcc97,0.0037913870182819664,0.11575138066402123,0.6890446911608571,0.6047350540757179,0.465284964442253,0.5699186956137418
fine_control,52,star_concave,107,private-source://routeA_experiments/data/prospective_ood_rd_hddm_alpha001_v2/star_concave/sample_0107.npz,9909df5b2c8cb43975e27322a09dd30924b8b2486f3909f2d4c0263e6a420e1d,0.004152362991590053,0.11778125220508222,0.6950528118574303,0.6290192604064941,0.47094548642635337,0.5430229140818119
fine_control,52,star_concave,108,private-source://routeA_experiments/data/prospective_ood_rd_hddm_alpha001_v2/star_concave/sample_0108.npz,f14296487a120c18b86ed5166d56b76a1092cb2d50d54253bdd3df784730f435,0.0037845970364287496,0.0938812092143757,0.5153523381845786,0.4921113848686218,0.37562476098537445,0.43868075907230397
fine_control,52,star_concave,109,private-source://routeA_experiments/data/prospective_ood_rd_hddm_alpha001_v2/star_concave/sample_0109.npz,5efae8b79d62692fd4d6c11d4acd9743008b0f6f1cfb22f8da84314c1ee13027,0.004052288015373051,0.08740028744344248,0.4350317417502819,0.5539697557687759,0.33313639014959334,0.3827331633120775
fine_control,52,star_concave,110,private-source://routeA_experiments/data/prospective_ood_rd_hddm_alpha001_v2/star_concave/sample_0110.npz,6bee368483186df489d00f012aa97037205449bd3f079d246194cff1b1db79de,0.0037679059896618128,0.10857438193644427,0.610388562400657,0.6145204305648804,0.43922100886702536,0.504202486127615
fine_control,52,star_concave,111,private-source://routeA_experiments/data/prospective_ood_rd_hddm_alpha001_v2/star_concave/sample_0111.npz,fd36365012b8b08fa6dc5f679418b95a812fb25fcf02da8f8a2d78a1da20b90c,0.003716624982189387,0.0991413252316949,0.5410372000887974,0.515209786593914,0.37347302958369266,0.4346850301325325
fine_control,52,star_concave,112,private-source://routeA_experiments/data/prospective_ood_rd_hddm_alpha001_v2/star_concave/sample_0112.npz,b196163e725c5f13e063b03c2f311a38a83498677188bbaf9ac548c04137ff1d,0.003302775032352656,0.10479486310588933,0.6076971357214918,0.7022074311971664,0.3840131934732197,0.49710749745368943
fine_control,52,star_concave,113,private-source://routeA_experiments/data/prospective_ood_rd_hddm_alpha001_v2/star_concave/sample_0113.npz,7658116c35833629bbbdd3be7ac254197c8b3f70373a5754e1852a1c944adc54,0.004164626006968319,0.07985661260281875,0.40049906506176935,0.4920450747013092,0.34469583481550214,0.4429433572292328
fine_control,52,star_concave,114,private-source://routeA_experiments/data/prospective_ood_rd_hddm_alpha001_v2/star_concave/sample_0114.npz,8f464174cd05f745a11b44e72ec62293d308f5bfee0b7c4c97ee27afabc9bf12,0.0034059930476360023,0.09215162662476555,0.49564616761392716,0.5277992933988571,0.39156549349427205,0.49223791867494593
fine_control,52,star_concave,115,private-source://routeA_experiments/data/prospective_ood_rd_hddm_alpha001_v2/star_concave/sample_0115.npz,55f49c70429cd725bd076dc190ba781d383feb5f68c35cbb727215adf3ca2cec,0.004053046053741127,0.1272211890121099,0.7985202202366403,0.7016010880470276,0.4594808459281922,0.6072534924745557
fine_control,52,star_concave,116,private-source://routeA_experiments/data/prospective_ood_rd_hddm_alpha001_v2/star_concave/sample_0116.npz,33ab98c78fdf1aa6324852fc2a61462352f31e540635776c19a0a5cb1b72349f,0.004175245005171746,0.08245555077046814,0.3888107160943568,0.44788601249456406,0.3166331835091114,0.3756507627665991
fine_control,52,star_concave,117,private-source://routeA_experiments/data/prospective_ood_rd_hddm_alpha001_v2/star_concave/sample_0117.npz,63ca60b899abf7eb56048e8d86ac5f797ba727942040871be466de9220f807c3,0.003943626012187451,0.13153626195450085,0.802236316834848,0.7130310237407684,0.45271777361631393,0.5698942303657505
fine_control,52,star_concave,118,private-source://routeA_experiments/data/prospective_ood_rd_hddm_alpha001_v2/star_concave/sample_0118.npz,5e1445f7a185641f6adb0d6871fb8cbda8664f8551f637d8f69b41e8462db0b1,0.0037159950006753206,0.10163576936986195,0.592210973688363,0.5904130861163139,0.39544206820428357,0.5064052188396453
fine_control,52,star_concave,119,private-source://routeA_experiments/data/prospective_ood_rd_hddm_alpha001_v2/star_concave/sample_0119.npz,781b03ef3e3e9f67cd090b7ccee86f87669c7a22a2e3aa0b82e4560d2b21820f,0.0037338670226745307,0.11840026242010031,0.7881408721721628,0.6991380304098129,0.43677547350525847,0.5330325780808921
fine_control,52,star_concave,120,private-source://routeA_experiments/data/prospective_ood_rd_hddm_alpha001_v2/star_concave/sample_0120.npz,476685abe2472a157969c1f5a839fe7f1aded68fd5977ece1881cb5d6ed61345,0.0038072860334068537,0.11156205378969739,0.6718691972172673,0.7277516275644302,0.45733488202095024,0.579145460575819
fine_control,52,star_concave,121,private-source://routeA_experiments/data/prospective_ood_rd_hddm_alpha001_v2/star_concave/sample_0121.npz,d44dd313ef06efdc53842cbcd25e7c94f8002b26269a8d974d6b4e2189c7cf49,0.003724804031662643,0.10417748192108671,0.5669039562906565,0.5090218782424927,0.3652709648013115,0.4028809428215027
fine_control,52,star_concave,122,private-source://routeA_experiments/data/prospective_ood_rd_hddm_alpha001_v2/star_concave/sample_0122.npz,7c749504b1437233839eacfc2c94c00613d75381374e8f1ac33b9197daf4612f,0.0037812759983353317,0.11103753066386858,0.5926387902231779,0.5803945660591125,0.4188797950744629,0.47290222942829163
fine_control,52,star_concave,123,private-source://routeA_experiments/data/prospective_ood_rd_hddm_alpha001_v2/star_concave/sample_0123.npz,2f7b8f1084aa65d36f64bdfd0ad63dba1070e18b385551aaeeed4bd3345d07eb,0.00337380199925974,0.11417629959497316,0.6611620230439983,0.6875434517860413,0.40572560727596285,0.49191853344440456
fine_control,52,star_concave,124,private-source://routeA_experiments/data/prospective_ood_rd_hddm_alpha001_v2/star_concave/sample_0124.npz,ee8cc9c9780afa5d2b0a24922a73005506c2939875b3c50b69bf8b4fb4097be6,0.0037430489901453257,0.09282549288228459,0.49056841230777903,0.516820453107357,0.33174725770950314,0.47072705559432493
fine_control,52,star_concave,125,private-source://routeA_experiments/data/prospective_ood_rd_hddm_alpha001_v2/star_concave/sample_0125.npz,95c3cac8c54fe43f20a59431a44f07cf020825ee735ba75cd2bc048b4c3859ba,0.0040829869685694575,0.12751359727910705,0.8011703907909542,0.7505976259708405,0.5004049420356752,0.5902543634921311
fine_control,52,star_concave,126,private-source://routeA_experiments/data/prospective_ood_rd_hddm_alpha001_v2/star_concave/sample_0126.npz,92785828d21aa7474cbb2eead5c468fc662d8408973e402dbf64a5491b7aa6d3,0.0037681839894503355,0.08945295168076631,0.42075746926547336,0.47147586941719055,0.36464263498783117,0.45188084542751317
fine_control,52,star_concave,127,private-source://routeA_experiments/data/prospective_ood_rd_hddm_alpha001_v2/star_concave/sample_0127.npz,6240432158188c6377d1af044607ddc0d26482f74bd3ca875898f7064546cc93,0.004028563969768584,0.11129965833204515,0.6313558170477859,0.5740901827812195,0.38180349394679053,0.4815096643939611
fine_control,52,star_concave,128,private-source://routeA_experiments/data/prospective_ood_rd_hddm_alpha001_v2/star_concave/sample_0128.npz,0b59ec75f4c8496864064dfb32ae8a9d4126678dbd85fe5bd0591e5216f96aad,0.003935960994567722,0.090025685664953,0.43542314206500127,0.5773000344634056,0.32792931497097,0.4883564460277567
fine_control,52,star_concave,129,private-source://routeA_experiments/data/prospective_ood_rd_hddm_alpha001_v2/star_concave/sample_0129.npz,490cffc887e2ec71d5a39def540ee809507583f309dc44b073e953a6e4be1aae,0.003958624030929059,0.10041913486532425,0.5062758418367392,0.7299657315015793,0.33355772793293,0.4216822107881301
fine_control,52,star_concave,130,private-source://routeA_experiments/data/prospective_ood_rd_hddm_alpha001_v2/star_concave/sample_0130.npz,4d1e8d96d7fcb07225ed2c80819afd45bed479d7b0276561f62b212b99b225f9,0.004205005010589957,0.09493342723626749,0.47584843487183065,0.5394994914531708,0.34591327980160713,0.39231178164482106
fine_control,52,star_concave,131,private-source://routeA_experiments/data/prospective_ood_rd_hddm_alpha001_v2/star_concave/sample_0131.npz,e67f5f3314eb9639b1a29bc2cf34e4154f8c3a4c6aa5b1e046f23015f1913345,0.00372027704725042,0.10673439881558654,0.5992604319432714,0.5745799541473389,0.4007817462086677,0.510153057128191
fine_control,52,star_concave,132,private-source://routeA_experiments/data/prospective_ood_rd_hddm_alpha001_v2/star_concave/sample_0132.npz,efbafa19d305c98c4298b184f17160dd263aea854458f681e045011684a4500f,0.003976328996941447,0.13624783059388457,0.7696140248576318,0.6808556914329529,0.4721973598003387,0.5366732978820794
fine_control,52,star_concave,133,private-source://routeA_experiments/data/prospective_ood_rd_hddm_alpha001_v2/star_concave/sample_0133.npz,ac5b59374058467ba8a0e8d1038c302b291ebfe33dddcefd3485c09e5e9db034,0.0037385080358944833,0.10148003788659826,0.5159867693564337,0.5410458073019981,0.3925047516822815,0.4979070544242859
fine_control,52,star_concave,134,private-source://routeA_experiments/data/prospective_ood_rd_hddm_alpha001_v2/star_concave/sample_0134.npz,698cdfaf758c0ce8534b7887fe5c24d821ec04157ead34e39f7d1688a4d1fee6,0.0037727270391769707,0.10242206166229949,0.5240031696614071,0.577233299612999,0.3798487737774847,0.527236082777381
fine_control,52,star_concave,135,private-source://routeA_experiments/data/prospective_ood_rd_hddm_alpha001_v2/star_concave/sample_0135.npz,0d0c4a18379290c731fed21f2627bb012972aa932a5c0fa3600440ca617362f5,0.004044559027533978,0.11070827350569028,0.5855235235757035,0.6487854421138763,0.40723934173583987,0.4670348799228669
fine_control,52,star_concave,136,private-source://routeA_experiments/data/prospective_ood_rd_hddm_alpha001_v2/star_concave/sample_0136.npz,a21474628f5ea2e01e6c6c31400fa79e80f00f083e5762d1d2ec8da62832bf51,0.0032899660291150212,0.0997391277653501,0.5482457408179862,0.4833783060312271,0.3865009993314743,0.4374333150684834
fine_control,52,star_concave,137,private-source://routeA_experiments/data/prospective_ood_rd_hddm_alpha001_v2/star_concave/sample_0137.npz,32270c08d5c4d02df1b251216ac2ec68396e8de703996d34c566047242ecf071,0.0042273239814676344,0.1385296680781025,1.0200961939521629,0.7465406507253647,0.5570979103446007,0.6278977194800973
fine_control,52,star_concave,138,private-source://routeA_experiments/data/prospective_ood_rd_hddm_alpha001_v2/star_concave/sample_0138.npz,56a5ba648e8989fd8e4fc2b097d1cf6bbd55365822d1df293d231a02772f474f,0.003715903963893652,0.09288316660059348,0.5354609979105744,0.5330596566200256,0.37082670629024506,0.4376559138298036
fine_control,52,star_concave,139,private-source://routeA_experiments/data/prospective_ood_rd_hddm_alpha001_v2/star_concave/sample_0139.npz,50a825fb9f6a3ca2a14f234f813b84e2393c4954818d874df32d742dd2c44f7b,0.003458524006418884,0.08906023288478764,0.46806878984135636,0.5557764172554016,0.3310420349240303,0.38698782011866595
fine_control,52,star_concave,140,private-source://routeA_experiments/data/prospective_ood_rd_hddm_alpha001_v2/star_concave/sample_0140.npz,6eed5033eeb5de188451d9e26ad8eacf53f167e16caf0c850f271c37e72a7343,0.003975158964749426,0.08118451573916423,0.40635239657213745,0.5679937452077866,0.2966790087521076,0.3627925246953963
fine_control,52,star_concave,141,private-source://routeA_experiments/data/prospective_ood_rd_hddm_alpha001_v2/star_concave/sample_0141.npz,a907cd099a64c8511634df9793e5009356b21e455167b82fc179a582273ad2e0,0.003772646014112979,0.06912096386390826,0.3233197097001765,0.46455416083335876,0.2723420113325119,0.31865203619003296
fine_control,52,star_concave,142,private-source://routeA_experiments/data/prospective_ood_rd_hddm_alpha001_v2/star_concave/sample_0142.npz,c351df90c2012fee03b759f7e74a2cc328cbd5e58c5ca8cb337cbb12147212f7,0.004133629961870611,0.09999844865125654,0.5579229198537874,0.8216823041439056,0.4003840982913971,0.551861008256674
fine_control,52,star_concave,143,private-source://routeA_experiments/data/prospective_ood_rd_hddm_alpha001_v2/star_concave/sample_0143.npz,098448b2527ae0bc73253fde5c87522c791cf59537cba8edcd6d7caf1b4e6865,0.003679453977383673,0.1469372266563674,1.1667087476954674,0.8063040673732758,0.5341898385435343,0.6576746212691067
fine_control,52,star_concave,144,private-source://routeA_experiments/data/prospective_ood_rd_hddm_alpha001_v2/star_concave/sample_0144.npz,36e501d5cd401896953395e689dd63829d255ca199339df9d550472e654739f2,0.0041530849994160235,0.0883380675839089,0.4416850908613095,0.5610147267580032,0.3653087347745896,0.47349822998046875
fine_control,52,star_concave,145,private-source://routeA_experiments/data/prospective_ood_rd_hddm_alpha001_v2/star_concave/sample_0145.npz,0ad05974dcc3a0058ef1c0d09bc6dac91b0ff378c5f5b05dd51a53e776b533f1,0.0038873429875820875,0.1357107138942767,0.7870244844420797,0.6714997887611389,0.5107119865715504,0.5938399583101273
fine_control,52,star_concave,146,private-source://routeA_experiments/data/prospective_ood_rd_hddm_alpha001_v2/star_concave/sample_0146.npz,04fe2315b6738e155a6f486405ee2732ffd869607809f609396295991e3da6ca,0.004064907960128039,0.11145284518421275,0.7354169425737265,0.6914728283882141,0.4352867364883422,0.530149547457694
fine_control,52,star_concave,147,private-source://routeA_experiments/data/prospective_ood_rd_hddm_alpha001_v2/star_concave/sample_0147.npz,9bf550380294c2bbc3282540dbb56f5b988b488b234567a6ee8ced872a31ed48,0.0034356360556557775,0.140420778439875,0.7923793248466126,0.6172383278608322,0.5088605463504792,0.5944309913367034
fine_control,52,star_concave,148,private-source://routeA_experiments/data/prospective_ood_rd_hddm_alpha001_v2/star_concave/sample_0148.npz,a001adad8040c93bc67319afa17cd043927ab409b2e313f15a99d6459047bba9,0.004051916010212153,0.10474353527223842,0.5184676465921075,0.5956407934427261,0.35839824080467225,0.43544958874583267
fine_control,52,star_concave,149,private-source://routeA_experiments/data/prospective_ood_rd_hddm_alpha001_v2/star_concave/sample_0149.npz,b1137e6b1881fb85aa272787edec47cc66bdc286b602033c5c62eca8ca8eb42f,0.004286649986170232,0.10924508391199964,0.6773641209957703,0.574098527431488,0.4596536852419376,0.5531328006088734
fine_control,52,star_concave,150,private-source://routeA_experiments/data/prospective_ood_rd_hddm_alpha001_v2/star_concave/sample_0150.npz,1a1346fbc7a0a6b7a450694616d1bed605f9aea6a06aa42f6b0fc13fc0c1b237,0.0037884960183873773,0.07310105666461043,0.33017122710960256,0.3908850699663162,0.2777367278933526,0.34844813913106976
fine_control,52,star_concave,151,private-source://routeA_experiments/data/prospective_ood_rd_hddm_alpha001_v2/star_concave/sample_0151.npz,0c37adba479d7c1e405d14ee8ca362906b22789dcd73cd0025cea686b9d5868f,0.003876267990563065,0.10835797998333015,0.6251218385237279,0.5784597992897034,0.4342319935560226,0.5341509544849394
fine_control,52,star_concave,152,private-source://routeA_experiments/data/prospective_ood_rd_hddm_alpha001_v2/star_concave/sample_0152.npz,493bd2253a0889cc50e1ea615e373a8197fb7e27b206ad5689e02586553e761d,0.003792517993133515,0.08437420953978048,0.3969468566867398,0.45426832139492035,0.3201504871249199,0.38727511018514654
fine_control,52,star_concave,153,private-source://routeA_experiments/data/prospective_ood_rd_hddm_alpha001_v2/star_concave/sample_0153.npz,ac82ba7a6e4d926236266e27b4eb944cfbb25cd0f65fa764d0c5b34ba6446fbc,0.0037259149830788374,0.11555664611591396,0.6180693315217254,0.6203916966915131,0.39836368560791013,0.47129794627428073
fine_control,52,star_concave,154,private-source://routeA_experiments/data/prospective_ood_rd_hddm_alpha001_v2/star_concave/sample_0154.npz,5b375d8a82047d688b8f0bc6d7eda5883b59ffd29e73eda4a65465ff28977100,0.003701960959006101,0.09110329217840907,0.513338188928252,0.5357746481895447,0.37314423322677603,0.44662967145442933
fine_control,52,star_concave,155,private-source://routeA_experiments/data/prospective_ood_rd_hddm_alpha001_v2/star_concave/sample_0155.npz,c227feb4bc838ca459c2cdb6c2fe08d3c97cd3c54cb120325b6eb8829f0427da,0.003889269952196628,0.0912066152108409,0.45550422908587956,0.5291817970573902,0.3211812123656272,0.3841079157590866
fine_control,52,star_concave,156,private-source://routeA_experiments/data/prospective_ood_rd_hddm_alpha001_v2/star_concave/sample_0156.npz,d7923a77a7cd74c3df6621aa963a43fdaad4ae9ab5641757571ff70cccab19c3,0.003803170984610915,0.11982440430634843,0.6530995629675085,0.6096226014196873,0.4407582812011243,0.5333391168713569
fine_control,52,star_concave,157,private-source://routeA_experiments/data/prospective_ood_rd_hddm_alpha001_v2/star_concave/sample_0157.npz,bf1ed5ee95cebaaeec4337c10cbb37257a3764baccb51eb2db3b192c4b7f0705,0.0033363900147378445,0.11227108209824747,0.6235808127088524,0.6368999928236008,0.4315683901309965,0.5404703716933728
fine_control,52,star_concave,158,private-source://routeA_experiments/data/prospective_ood_rd_hddm_alpha001_v2/star_concave/sample_0158.npz,2d48518d53f1d4302822bc23c36b8e9a725fccad2e348f481c1965dc1fd043e7,0.003583559999242425,0.10285738898955955,0.5360460044441242,0.5668244808912277,0.37836702913045883,0.52018653601408
fine_control,52,star_concave,159,private-source://routeA_experiments/data/prospective_ood_rd_hddm_alpha001_v2/star_concave/sample_0159.npz,afeaff165894f7669804972e11c2e6e7574a89f195a0fedaba5dcc77e4915143,0.003872085944749415,0.12136021597220371,0.7810468474233573,0.7159175872802734,0.5063878696411847,0.5915616668760777
fine_control,52,star_concave,160,private-source://routeA_experiments/data/prospective_ood_rd_hddm_alpha001_v2/star_concave/sample_0160.npz,93d98230e4954693c935e7b6a7af76c2fa25aefb83d1da6027d6e69f2937d6be,0.004154520982410759,0.09290701157435483,0.4939633666055243,0.49155300855636597,0.3286597132682802,0.39677338063716866
fine_control,52,star_concave,161,private-source://routeA_experiments/data/prospective_ood_rd_hddm_alpha001_v2/star_concave/sample_0161.npz,00e0f59193a483fa4f91a44aba4dc7a7d193df42292ed52da041457e2e87fce9,0.003774461045395583,0.10736241060912181,0.5157199904621377,0.5503575578331947,0.40608905255794525,0.46497148387134085
fine_control,52,star_concave,162,private-source://routeA_experiments/data/prospective_ood_rd_hddm_alpha001_v2/star_concave/sample_0162.npz,73adab284c949cf7286e1d55e2f7271f8e574888733c538e9bd6c7126210d7dc,0.004098246979992837,0.1043712126139991,0.5812819372433023,0.5516547858715057,0.42491443455219263,0.512557686567306
fine_control,52,star_concave,163,private-source://routeA_experiments/data/prospective_ood_rd_hddm_alpha001_v2/star_concave/sample_0163.npz,62f2fdf3ad685d63e6744d4c87f1be77f5f4f173f3ac97973519283437aec8be,0.00406235596165061,0.08396211693089198,0.3960076120303895,0.4756356328725815,0.3225248858332634,0.4049262124300005
fine_control,52,star_concave,164,private-source://routeA_experiments/data/prospective_ood_rd_hddm_alpha001_v2/star_concave/sample_0164.npz,9d5ca7a47c569f8001da60474a5d5cd6410704b0b88a94c1bbb617a3ff070b6f,0.003945562988519669,0.07885818604396247,0.3955066546969595,0.4286295175552368,0.29451438039541245,0.361797543615102
fine_control,52,star_concave,165,private-source://routeA_experiments/data/prospective_ood_rd_hddm_alpha001_v2/star_concave/sample_0165.npz,29665dc936a4f0885b352ba542d5b84c26ef8365b7471657a0b18a6199a4ec20,0.00370480096898973,0.1354221939367591,0.9606329193996971,0.7430807948112488,0.5403123682364821,0.6365632481873038
fine_control,52,star_concave,166,private-source://routeA_experiments/data/prospective_ood_rd_hddm_alpha001_v2/star_concave/sample_0166.npz,cc601404792128ea7fb0b9e382daf4044b16752726051d33d189af92b63e9219,0.0041712080128490925,0.12387851599123888,0.7422714277492654,0.7519815266132355,0.49387130141258195,0.5736029054224491
fine_control,52,star_concave,167,private-source://routeA_experiments/data/prospective_ood_rd_hddm_alpha001_v2/star_concave/sample_0167.npz,9fee3ab4e68d3386753b768109d90049f0d9ab17092f3bad0ae4e29e01fdff2e,0.0037269960157573223,0.11650817811326235,0.6092191201165106,0.6080114468932152,0.43095272313803434,0.543657000362873
fine_control,52,star_concave,168,private-source://routeA_experiments/data/prospective_ood_rd_hddm_alpha001_v2/star_concave/sample_0168.npz,5b47765a6290b94b7d7ff73de6aabe979deba65e29f667e2494d93f1fe8e4c53,0.004026881011668593,0.11942663742082808,0.7653816633984193,0.7416201829910278,0.4798223152756691,0.5756319850683189
fine_control,52,star_concave,169,private-source://routeA_experiments/data/prospective_ood_rd_hddm_alpha001_v2/star_concave/sample_0169.npz,67bb298709d810bd66de79e3e631cbfe3470c51d81de1358148a67ea69a6734a,0.0037460699677467346,0.10629924307331658,0.5286551311319864,0.5224572420120239,0.38568642139434817,0.4609230786561966
fine_control,52,star_concave,170,private-source://routeA_experiments/data/prospective_ood_rd_hddm_alpha001_v2/star_concave/sample_0170.npz,ea79ed68e7fcbed7d4821fb08f6d31cd221c7d535e9e6e347dbabbc6c225268f,0.0037215290358290076,0.08071152890325177,0.4042589743733887,0.4289332777261734,0.3231800312176347,0.3867614534497259
fine_control,52,star_concave,171,private-source://routeA_experiments/data/prospective_ood_rd_hddm_alpha001_v2/star_concave/sample_0171.npz,4dce99e393c3f3aeec70b32543086cd0503997a3c73bb6088a2ea5028ddb609e,0.0038901600055396557,0.0716421179786436,0.3422124731540079,0.47781887650489807,0.2978377752006054,0.43871183767914773
fine_control,52,star_concave,172,private-source://routeA_experiments/data/prospective_ood_rd_hddm_alpha001_v2/star_concave/sample_0172.npz,95062a2be872adfe3d433448a364573f1dcc6d23c46c7283098e1ff3266aa2cb,0.003691858029924333,0.09125413507306494,0.472239629784286,0.5532993972301483,0.3619921803474426,0.5134579107165345
fine_control,52,star_concave,173,private-source://routeA_experiments/data/prospective_ood_rd_hddm_alpha001_v2/star_concave/sample_0173.npz,f973c30b18b35d7e13fca880aa62b6d77b406606fa79bcf4e05ea9a183aaf747,0.003676627005916089,0.11748757153978498,0.7170143074069261,0.6148465871810913,0.4545786827802658,0.5195622369647026
fine_control,52,star_concave,174,private-source://routeA_experiments/data/prospective_ood_rd_hddm_alpha001_v2/star_concave/sample_0174.npz,da423e7fb1017a419fd9e39c9877f0fe4936a8ade7a8744fb4d05f24020d1525,0.0037571570137515664,0.09014590144495825,0.43640093557186715,0.50975501537323,0.3519355416297912,0.44842200756073
fine_control,52,star_concave,175,private-source://routeA_experiments/data/prospective_ood_rd_hddm_alpha001_v2/star_concave/sample_0175.npz,be6a60f58fa788e5509f48f70ce14bcccc9e8f4e06b149f5ea02f032e86a0c01,0.003705221985001117,0.09807133242376984,0.5694022730914234,0.5139960944652557,0.37676719948649406,0.4717392355203629
fine_control,52,star_concave,176,private-source://routeA_experiments/data/prospective_ood_rd_hddm_alpha001_v2/star_concave/sample_0176.npz,8bca2d2f749dcf57abe9c29c0e66817254b5dd336a1895b563295dbe661c1ac8,0.003710006014443934,0.11899388358099618,0.7160285529223257,0.6568448543548584,0.47637873888015747,0.5678214222192766
fine_control,52,star_concave,177,private-source://routeA_experiments/data/prospective_ood_rd_hddm_alpha001_v2/star_concave/sample_0177.npz,c146dae9f67d3f4d0626465827bfbba0af9e30abda534b39cabbf5dc3afd7c2b,0.0037233870243653655,0.12764383586448944,0.8238441460652922,0.6796090006828308,0.49053753912448883,0.5385698407888414
fine_control,52,star_concave,178,private-source://routeA_experiments/data/prospective_ood_rd_hddm_alpha001_v2/star_concave/sample_0178.npz,567152031c4a0bb7383960f1716de7f47aaa09e1c18c4a8edc5894592a36008b,0.004068983951583505,0.11045294879010956,0.609959681720579,0.5694334134459496,0.4352267667651178,0.4925703101232648
fine_control,52,star_concave,179,private-source://routeA_experiments/data/prospective_ood_rd_hddm_alpha001_v2/star_concave/sample_0179.npz,c19450a9dbc614eb8e816ca15caa11f305314c88880e41a46b7a06a76270e9ef,0.003890080959536135,0.1201355221488897,0.7404661486246155,0.5995205193758011,0.4561762008816004,0.5709869503974916
fine_control,52,star_concave,180,private-source://routeA_experiments/data/prospective_ood_rd_hddm_alpha001_v2/star_concave/sample_0180.npz,979feb1dc5c9097d8b179d7c9936fa43ca9a7ad06aef8e9ddfd57ec83d56543b,0.0037625179975293577,0.08567875365109863,0.44487183018841064,0.5326298773288727,0.33854469656944275,0.49472602382302266
fine_control,52,star_concave,181,private-source://routeA_experiments/data/prospective_ood_rd_hddm_alpha001_v2/star_concave/sample_0181.npz,9c2177662c7e7706987e5b9fc840e754df3531627695145c95cb0168891b0ec3,0.0038356559816747904,0.12263567800637268,0.7282048037718915,0.6004011929035187,0.4727599676698446,0.5250954918563365
fine_control,52,star_concave,182,private-source://routeA_experiments/data/prospective_ood_rd_hddm_alpha001_v2/star_concave/sample_0182.npz,8e1f45388232b975857cf0eb5e800633511cd0fdc84fcac39506fd7ab06dd0ea,0.004097605997230858,0.1371228342052722,0.9560196585684274,0.7515579387545586,0.4692934416234493,0.6237622618675228
fine_control,52,star_concave,183,private-source://routeA_experiments/data/prospective_ood_rd_hddm_alpha001_v2/star_concave/sample_0183.npz,f6af694d75d001d3c452801ea94aa82b47a2951f62861ba1a2885df85ec62b14,0.003957341017667204,0.08902202720195874,0.43029681871776215,0.5927109643816948,0.35907449573278427,0.46680209040641785
fine_control,52,star_concave,184,private-source://routeA_experiments/data/prospective_ood_rd_hddm_alpha001_v2/star_concave/sample_0184.npz,80d8e656007fb51095a1c187bc0dabfc69020fb316baf6af22ca45bdd6eedb55,0.0037877800059504807,0.12843303518064558,0.7173465884503922,0.6598201841115952,0.48223418556153774,0.5441608622670172
fine_control,52,star_concave,185,private-source://routeA_experiments/data/prospective_ood_rd_hddm_alpha001_v2/star_concave/sample_0185.npz,b5b247991e1e38b65af33f6e252ad30525ed1c2bb81d00bb8d67895a71fe25cc,0.004072591022122651,0.13670738001477026,0.8544266034735223,0.7088284492492676,0.5060023322701455,0.6235684785246846
fine_control,52,star_concave,186,private-source://routeA_experiments/data/prospective_ood_rd_hddm_alpha001_v2/star_concave/sample_0186.npz,9cb3e8ed6dd35a1f1bd2884d7ccc37720ce91f97c87bb62db2bc7319ed7fa9ce,0.0036966489860787988,0.10675506925870439,0.5978296673401094,0.5611331760883331,0.43214443437755107,0.5263480831682683
fine_control,52,star_concave,187,private-source://routeA_experiments/data/prospective_ood_rd_hddm_alpha001_v2/star_concave/sample_0187.npz,b8a01e68369ac0ae2301cde85ae4523b06b6f852ccb68151c27e7b7a2e264805,0.0036704609519802034,0.07152218757342861,0.3687848044724452,0.4335169866681099,0.28671344136819243,0.3727376647293569
fine_control,52,star_concave,188,private-source://routeA_experiments/data/prospective_ood_rd_hddm_alpha001_v2/star_concave/sample_0188.npz,402356ecf909dc7f80ce7a4fb74b2796d69e54097bc2e4bf1d0affd48a478691,0.0037800520076416433,0.07636568200810843,0.37431760607709197,0.38999439775943756,0.29103023409843437,0.35837049871683135
fine_control,52,star_concave,189,private-source://routeA_experiments/data/prospective_ood_rd_hddm_alpha001_v2/star_concave/sample_0189.npz,5d3af4e72fcbfb55abad2633b7b50c6ff1698d6149444cbb224faeb9fb80f7e1,0.0036765410332009196,0.10211193746244535,0.516020741660448,0.6588116399943829,0.366424909979105,0.4253358475863933
fine_control,52,star_concave,190,private-source://routeA_experiments/data/prospective_ood_rd_hddm_alpha001_v2/star_concave/sample_0190.npz,64ee3e78ef955d620e48dfc0c0575b217089daaeb07f6fd6b698b494d20cdc97,0.004201041010674089,0.10655392856835962,0.6499085792836589,0.6450666785240173,0.40998067408800126,0.48646958321332917
fine_control,52,star_concave,191,private-source://routeA_experiments/data/prospective_ood_rd_hddm_alpha001_v2/star_concave/sample_0191.npz,6b6e2f1ef2a5225659b22dd222cfdeb623e3a9d34d146460b1201ec2c58ac5f2,0.003763425978831947,0.11408741678191556,0.6080553981210941,0.588721513748169,0.4359309673309326,0.500669889152049
fine_control,52,star_concave,192,private-source://routeA_experiments/data/prospective_ood_rd_hddm_alpha001_v2/star_concave/sample_0192.npz,81e07c354e8b9090deac2dd659d673aa62dcc492675457e68850919289c02ee1,0.004349101043771952,0.11173522325415225,0.6761543494715104,0.6439862847328186,0.39835019260644927,0.5154466581344606
fine_control,52,star_concave,193,private-source://routeA_experiments/data/prospective_ood_rd_hddm_alpha001_v2/star_concave/sample_0193.npz,2a055578d35dbeaf6f9777c70db61a17e59b21e0e089c4b73fe73fc8f30ee5c9,0.0040976370219141245,0.11582620089486523,0.7429264615799177,0.640631377696991,0.47772887945175174,0.5899705253541468
fine_control,52,star_concave,194,private-source://routeA_experiments/data/prospective_ood_rd_hddm_alpha001_v2/star_concave/sample_0194.npz,015bc47bb4c5ba3f27b05a1792fbb44af4337d85c98d106323f3d69d268d8c7a,0.004504834010731429,0.10857128214607614,0.6614989739676682,0.6358253508806229,0.4294150173664093,0.49235322475433263
fine_control,52,star_concave,195,private-source://routeA_experiments/data/prospective_ood_rd_hddm_alpha001_v2/star_concave/sample_0195.npz,4dc63967e6d5bcb0dad8dc928ac1c21ef324161440414cdd69f8fa0670c5622c,0.003697293985169381,0.1313722106678427,0.8407200126642255,0.673421710729599,0.5358798027038574,0.6128651525080204
fine_control,52,star_concave,196,private-source://routeA_experiments/data/prospective_ood_rd_hddm_alpha001_v2/star_concave/sample_0196.npz,98c3c846abd7760ff75322a10ea69cbcf64050b1920000f30ac9ddef03a582bf,0.004165315011050552,0.10150755922597399,0.585545706600909,0.668724000453949,0.3731708362698555,0.4475588280707594
fine_control,52,star_concave,197,private-source://routeA_experiments/data/prospective_ood_rd_hddm_alpha001_v2/star_concave/sample_0197.npz,5b762b3e30b125a39b0866174933e4f32d3c35f9dd054ae1cb4d4c37788ff8d7,0.003759409999474883,0.09720619937185195,0.4529584665571829,0.5524631440639496,0.38979069516062737,0.463641494512558
fine_control,52,star_concave,198,private-source://routeA_experiments/data/prospective_ood_rd_hddm_alpha001_v2/star_concave/sample_0198.npz,f1d5bb05bec2186640d91bfa3cdc67b166bd2952867a20a2796076984771c3e5,0.004064733977429569,0.07013353585615772,0.3168361047781526,0.4313767999410629,0.28011649847030645,0.3862768581509591
fine_control,52,star_concave,199,private-source://routeA_experiments/data/prospective_ood_rd_hddm_alpha001_v2/star_concave/sample_0199.npz,24e273c05359ecf1670b3cd5ef34d49ef6c28ef523b55d61e6ff7b4dfcb1f389,0.0033989439834840596,0.09329241513598036,0.4794799270272776,0.5078490227460861,0.4048050001263617,0.4703071486204862
