model,training_seed,shape,sample_id,sample_file,sample_sha256,inference_seconds,mae,relative_l2,max_abs_error,p95_abs_error,p99_abs_error
fine_control,45,slit_bridge,0,private-source://routeA_experiments/data/final_ood_frozen_v1/slit_bridge/sample_0000.npz,30d9b3db72b5f04e7aed5aca69b177e736741d71d456678de2c366e94064976a,0.06929172668606043,0.12401106334614134,0.9987511655266543,0.8751816898584366,0.5690652201883495,0.7820588409900662
fine_control,45,slit_bridge,1,private-source://routeA_experiments/data/final_ood_frozen_v1/slit_bridge/sample_0001.npz,35ca7668746e40038fbccaaf4b015e191d09a272260f8b2c67e05158beed58d9,0.004368159919977188,0.09549882123504778,0.669131150342699,0.6702653914690018,0.4188818335533142,0.5829359754920004
fine_control,45,slit_bridge,2,private-source://routeA_experiments/data/final_ood_frozen_v1/slit_bridge/sample_0002.npz,5aa31e0476a00717a676402ae73bf67f0900790fbaaba0689885a4f4d81b1d01,0.004315788857638836,0.10613374993755359,0.7989209411977153,1.4989520907402039,0.4847133383154869,0.6654014162719247
fine_control,45,slit_bridge,3,private-source://routeA_experiments/data/final_ood_frozen_v1/slit_bridge/sample_0003.npz,fa2249a12bd45ebd5bf12289d408b399125153ec7a74d5498b2d06c116f8f405,0.00432185921818018,0.12658216554396914,1.183577654002335,1.4461011439561844,0.570210749283433,0.779825748875737
fine_control,45,slit_bridge,4,private-source://routeA_experiments/data/final_ood_frozen_v1/slit_bridge/sample_0004.npz,4006cdfdceb8abe632e2df62c467d010fb9761bec6322c363b9f3abbc55829d4,0.0038302764296531677,0.11453441430362538,0.8390351104707872,0.9544675722718239,0.49370943382382393,0.8125292584300041
fine_control,45,slit_bridge,5,private-source://routeA_experiments/data/final_ood_frozen_v1/slit_bridge/sample_0005.npz,1ea410d183d08cc06714b087bb528e626a67090d2f8931f1f61a73ddeff9902a,0.00391003955155611,0.12417192893439087,1.6043759536774458,0.8941404148936272,0.5635837577283382,0.799377493164502
fine_control,45,slit_bridge,6,private-source://routeA_experiments/data/final_ood_frozen_v1/slit_bridge/sample_0006.npz,2b2b41c1ab84aefad645e09329749a0c4789e3a60b3931b89e053a383e66541e,0.0038453880697488785,0.11057734247744039,1.9378495192688745,0.9496884383261204,0.49797331675654277,0.718791105691342
fine_control,45,slit_bridge,7,private-source://routeA_experiments/data/final_ood_frozen_v1/slit_bridge/sample_0007.npz,e99898145655a5c1ce681d0eb3c7597d5032c10b823f0c114d9a1b16467ea524,0.003863873891532421,0.07376300888128405,0.49808656468878865,0.7401077896356583,0.29546134918928146,0.4803737178444862
fine_control,45,slit_bridge,8,private-source://routeA_experiments/data/final_ood_frozen_v1/slit_bridge/sample_0008.npz,6e17a3aa2c3547f8d5c7c15a2ba8d09341c289bc2a2f8cc11cd61460dd0a75b4,0.003921660594642162,0.11208202052637217,0.8045510206958255,0.8795615956187248,0.4716674443334341,0.6569050535559648
fine_control,45,slit_bridge,9,private-source://routeA_experiments/data/final_ood_frozen_v1/slit_bridge/sample_0009.npz,cc5b71a537246355e6aa5eb87b1ec934946edb1d31595b1d37e482e2b73e96e4,0.0037845978513360023,0.08946775502011237,0.688240283536837,0.8117291927337646,0.37516271136701107,0.5850467950105667
fine_control,45,slit_bridge,10,private-source://routeA_experiments/data/final_ood_frozen_v1/slit_bridge/sample_0010.npz,87874a0f11d5ca1214cb1c831735689324f5d265f0ad734b920d4aea56a205a8,0.004273472353816032,0.1055215388866357,0.9886857277123002,1.003304362297058,0.49139129742980003,0.6659262478351593
fine_control,45,slit_bridge,11,private-source://routeA_experiments/data/final_ood_frozen_v1/slit_bridge/sample_0011.npz,a23d58d483f0ee7d7d9ad82447d292fdde0c9f6964a6ce9759730ce9671620fc,0.004356439225375652,0.12808329117990408,1.1845042999642708,0.9829213097691536,0.5688736736774445,0.8060573071241378
fine_control,45,slit_bridge,12,private-source://routeA_experiments/data/final_ood_frozen_v1/slit_bridge/sample_0012.npz,1bf5b6c8a99e6b1af341524d638c181408e613ec93db7fb6986f600e0e3c65a1,0.004327188245952129,0.06502013407695093,0.5148814450245396,0.5220245718955994,0.24431361444294453,0.383002434670925
fine_control,45,slit_bridge,13,private-source://routeA_experiments/data/final_ood_frozen_v1/slit_bridge/sample_0013.npz,1adafcde8c3f4e445b1b034d25421d3a48662f83f441bf0eecdee27f12cecbc3,0.004248207435011864,0.0749527254260697,0.5694382776292053,0.7482999861240387,0.3469359539449215,0.4749141901731489
fine_control,45,slit_bridge,14,private-source://routeA_experiments/data/final_ood_frozen_v1/slit_bridge/sample_0014.npz,64b0e9dc29123e952cb0d300a00469414c7c7f76a16dd935a75e7624fe912b36,0.0038350876420736313,0.12088075877910402,1.2002205805256196,0.9167246073484421,0.5149294165894389,0.7791223030537366
fine_control,45,slit_bridge,15,private-source://routeA_experiments/data/final_ood_frozen_v1/slit_bridge/sample_0015.npz,b9c330fa4cfc004b6beec69ac0615be8854455f9775205c11364db4615c089be,0.0038000326603651047,0.11129062712063068,0.8938077962552454,0.8573338538408279,0.4984977664425969,0.7822569839656353
fine_control,45,slit_bridge,16,private-source://routeA_experiments/data/final_ood_frozen_v1/slit_bridge/sample_0016.npz,596996fb6aeff6e88332008eed32b4b95f86de86801a1640f6de12786cd403d3,0.003749021328985691,0.07980329175671022,0.6950642741671381,0.8791457861661911,0.3697715774178505,0.5079519771039486
fine_control,45,slit_bridge,17,private-source://routeA_experiments/data/final_ood_frozen_v1/slit_bridge/sample_0017.npz,312eedbc05e5128aebccd1eda0cb448659dcf770824e39ef15c6231d604d0095,0.003848021849989891,0.11399319722406265,1.0094047086253386,0.9546938575804234,0.4756375290453434,0.7209516912698742
fine_control,45,slit_bridge,18,private-source://routeA_experiments/data/final_ood_frozen_v1/slit_bridge/sample_0018.npz,41e1f220b6752fc77a60ab80dca4c8628042e5d54833a97c9832832e8db500e2,0.004087675362825394,0.07237000650925034,0.4511055203809921,0.5646813362836838,0.31207647919654846,0.47474699318408947
fine_control,45,slit_bridge,19,private-source://routeA_experiments/data/final_ood_frozen_v1/slit_bridge/sample_0019.npz,b97fe8016fb4c7d7995df4c42b480dce1072ee7db9abb641c503877913ffce9c,0.004134252667427063,0.09604490666408845,0.7592422658251181,0.7048951983451843,0.4260749649256468,0.6095172796398399
fine_control,45,slit_bridge,20,private-source://routeA_experiments/data/final_ood_frozen_v1/slit_bridge/sample_0020.npz,994e03c5207e2ae7356bc74d2f380fd7f474af9a82fe4a9bb90585ddb10c1fb7,0.004341302439570427,0.1070693369702046,0.9642563260463609,0.8853142112493515,0.47944955062121153,0.7600063636898984
fine_control,45,slit_bridge,21,private-source://routeA_experiments/data/final_ood_frozen_v1/slit_bridge/sample_0021.npz,1456683b4642362ec663cedabc21c8bb0ed3f06ae1beb9ca35a8ac02768d7f01,0.004052920266985893,0.10706829742705817,0.831934083084954,0.8286527246236801,0.498798206448555,0.67464338093996
fine_control,45,slit_bridge,22,private-source://routeA_experiments/data/final_ood_frozen_v1/slit_bridge/sample_0022.npz,c36a4db85f26e6cbe9c3036e9cf2ad4c578008898c1405c54c1e0914ccc8ef1c,0.00424954853951931,0.0964280669382576,0.7498822672123797,0.827311635017395,0.424458134919405,0.6156932771205901
fine_control,45,slit_bridge,23,private-source://routeA_experiments/data/final_ood_frozen_v1/slit_bridge/sample_0023.npz,610587d7aa0593f777b96e6fdb4fdcf2ebc68a867c186890c7838e7b2d944c00,0.004280836321413517,0.10830348568057727,0.9327528142425925,0.7449553608894348,0.48515796661376953,0.6663951590657229
fine_control,45,slit_bridge,24,private-source://routeA_experiments/data/final_ood_frozen_v1/slit_bridge/sample_0024.npz,959eeaf23d4f71a25e7eff4fc4c4640be516df58074ab3dad10126c1ca5ed619,0.0042757196351885796,0.13341205008021306,1.750582712679085,1.0275251809507608,0.545291452028323,0.8261176466010509
fine_control,45,slit_bridge,25,private-source://routeA_experiments/data/final_ood_frozen_v1/slit_bridge/sample_0025.npz,12244099e66cc796717b1ac4a0197a86db0d3832ae8f92f8b6285b350ded04cd,0.004296380095183849,0.08058114891811324,0.5843208851408207,0.6692271530628204,0.3411452937871218,0.4385492220520967
fine_control,45,slit_bridge,26,private-source://routeA_experiments/data/final_ood_frozen_v1/slit_bridge/sample_0026.npz,8ec7e62775275cf1cdcb11a3a5070589032551c0222125cc6f2572c5b6100c1e,0.003799458034336567,0.10917178310485252,0.8486292909415672,0.7855061143636703,0.481428605504334,0.6609084725379943
fine_control,45,slit_bridge,27,private-source://routeA_experiments/data/final_ood_frozen_v1/slit_bridge/sample_0027.npz,a57e3c4af7915d4277fe784929f02e1108f70b06739b89cc49e2f31db68759d6,0.0038034580647945404,0.08751014593969184,0.7010714432266647,1.2982593178749084,0.36151639372110367,0.49805267155170424
fine_control,45,slit_bridge,28,private-source://routeA_experiments/data/final_ood_frozen_v1/slit_bridge/sample_0028.npz,129f68b38d7e4376d96e492a23bdc037ec06345501698eb53f87dc4c2bdcf26b,0.0039127543568611145,0.08196594805889117,0.5622637981440763,0.7991093695163727,0.36579277366399765,0.4894232600927353
fine_control,45,slit_bridge,29,private-source://routeA_experiments/data/final_ood_frozen_v1/slit_bridge/sample_0029.npz,d7be996266c698efe66a16bcc34de0aff06589c37bb8599f9f62b3c06206baa6,0.0038550980389118195,0.05840390324966414,0.4168765498357118,0.5270655453205109,0.20582219865173101,0.3494785323739046
fine_control,45,slit_bridge,30,private-source://routeA_experiments/data/final_ood_frozen_v1/slit_bridge/sample_0030.npz,b09f05e8c2f7a9d479d786d72d681814f27d08ee89b3d974343fd2b090a1ce6a,0.0038317423313856125,0.09740268643183178,0.7024035114713209,0.6707596778869629,0.4231726862490177,0.5528792202472685
fine_control,45,slit_bridge,31,private-source://routeA_experiments/data/final_ood_frozen_v1/slit_bridge/sample_0031.npz,bc00125fdaa393e280c5352531595db001f7ddb3deb151245917cd589e5c31f0,0.0037681972607970238,0.05223651422120799,0.3294526842351842,0.5177754759788513,0.20053023099899292,0.30563807487487793
fine_control,45,slit_bridge,32,private-source://routeA_experiments/data/final_ood_frozen_v1/slit_bridge/sample_0032.npz,210304fe0d7d8f0427af5f9a0754f958b13e7ca893e23870daca6089c7494849,0.00377860851585865,0.06895424754384366,0.5034433940034088,0.6670970618724823,0.29370076209306717,0.4448245525360107
fine_control,45,slit_bridge,33,private-source://routeA_experiments/data/final_ood_frozen_v1/slit_bridge/sample_0033.npz,27aec766b6350542fba91a6efe33f57848a74817bca29836eb0daa48b8186c28,0.0038475757464766502,0.1063521266627287,0.9060997969568065,0.7875451147556305,0.4852595664560795,0.6789436846971512
fine_control,45,slit_bridge,34,private-source://routeA_experiments/data/final_ood_frozen_v1/slit_bridge/sample_0034.npz,188e43a83a5baeee871f92676435b8b14ff91c60dfed2c7edaee32a7c3fe7437,0.003913021646440029,0.08426834177036845,0.6690474957402751,0.617495521903038,0.37067895010113716,0.47852124124765383
fine_control,45,slit_bridge,35,private-source://routeA_experiments/data/final_ood_frozen_v1/slit_bridge/sample_0035.npz,7b87bcf793f11163ce8025e6ca4bc45abb9b34cf709bd1bb8b9fb68b3a8dabe4,0.00379395205527544,0.10542991847336086,0.8539540526643976,0.9030733853578568,0.4881565272808075,0.6967872321605674
fine_control,45,slit_bridge,36,private-source://routeA_experiments/data/final_ood_frozen_v1/slit_bridge/sample_0036.npz,4c37861366bb2835c656390a05790cc29a37a467fa5c97e436d4dc5e6180c227,0.003988332115113735,0.07535596737700974,0.6331768518897044,0.6433550715446472,0.3137293979525566,0.5260049313306808
fine_control,45,slit_bridge,37,private-source://routeA_experiments/data/final_ood_frozen_v1/slit_bridge/sample_0037.npz,8fbc3afcf65822fdaf99fdeb4b9caaacaaa2422144e57b088e882fc0dcbcdfe9,0.0038468651473522186,0.1169468559222546,0.9403408996598407,0.854256808757782,0.5710677653551102,0.7633807860314843
fine_control,45,slit_bridge,38,private-source://routeA_experiments/data/final_ood_frozen_v1/slit_bridge/sample_0038.npz,d8aa380b826e09980e586e8dcd26acff520e462dddbb758d989ce305a62e2bd2,0.004048483446240425,0.10688822751195003,0.7854318625599973,0.8626260086894035,0.4869175748899579,0.707633163034915
fine_control,45,slit_bridge,39,private-source://routeA_experiments/data/final_ood_frozen_v1/slit_bridge/sample_0039.npz,5773aed921a57866510a828614cf323ba3e5c1f662198f68ba30e9cd435e428d,0.004117670468986034,0.09975383596965405,1.0209810791877192,0.8291017040610313,0.474358381703496,0.617375437915325
fine_control,45,slit_bridge,40,private-source://routeA_experiments/data/final_ood_frozen_v1/slit_bridge/sample_0040.npz,10b3fc9be817d0fa28e4f2ad0ce1679a84b2986a85b9c817ff380bc606731884,0.004287015646696091,0.11563744171516438,0.9285744820493389,1.1330800652503967,0.4949270226061344,0.729907503724098
fine_control,45,slit_bridge,41,private-source://routeA_experiments/data/final_ood_frozen_v1/slit_bridge/sample_0041.npz,cdde49a6f56183448eeefafbf84517c5719d37b8e33b5fb3d5907c79ec0c3d4d,0.004328618757426739,0.08563009712324142,0.6748797553115533,0.588488232344389,0.3754324559122324,0.5035724900662899
fine_control,45,slit_bridge,42,private-source://routeA_experiments/data/final_ood_frozen_v1/slit_bridge/sample_0042.npz,bd82adbf113c51db9c8fdb7ae61bdfb4b0de8fd0738107c1b16747edf214ed83,0.004319589585065842,0.07084289711580961,0.4471400192887787,0.9448645114898682,0.2783172745257616,0.4857430398464199
fine_control,45,slit_bridge,43,private-source://routeA_experiments/data/final_ood_frozen_v1/slit_bridge/sample_0043.npz,1b05a0e90cb92ad13e160cd9d88d3ccd24a5d5042572cbdeb6c780eb7c691723,0.004326028749346733,0.10973168439902986,1.0709042861260194,0.8658038154244423,0.5050686057657003,0.6963180568069206
fine_control,45,slit_bridge,44,private-source://routeA_experiments/data/final_ood_frozen_v1/slit_bridge/sample_0044.npz,9eab1dd2e918e6415c0ac9317c974fb554285878086fbcec4685c90b0a603efd,0.0038581406697630882,0.11232782342863162,1.1405047716724834,0.9072573632001877,0.49858806608244777,0.685108384862542
fine_control,45,slit_bridge,45,private-source://routeA_experiments/data/final_ood_frozen_v1/slit_bridge/sample_0045.npz,28399d49797881f5a264063c34c2a36369094141bb9cf4c05cbdaee4d1f32c15,0.0038458388298749924,0.1217992211356777,1.3666207678616575,1.1065663546323776,0.5789074399508536,0.8171939026564357
fine_control,45,slit_bridge,46,private-source://routeA_experiments/data/final_ood_frozen_v1/slit_bridge/sample_0046.npz,137e9591ce0032a2d71b366e44219ca9b23cbd2f3a421043183f5c5f8e25cd7f,0.0038739219307899475,0.0730384795460689,0.5993676076272342,0.6327412277460098,0.3343088924884796,0.47998896539211267
fine_control,45,slit_bridge,47,private-source://routeA_experiments/data/final_ood_frozen_v1/slit_bridge/sample_0047.npz,a34fc43c7eb5b8809b22c7c026452d2278be0d7636bd62dbf7db0e72488bfe93,0.0037909764796495438,0.09276519935308924,0.6241775965030064,0.7049513794481754,0.3955155536532402,0.5291270423680539
fine_control,45,slit_bridge,48,private-source://routeA_experiments/data/final_ood_frozen_v1/slit_bridge/sample_0048.npz,d3dea4d451c780395aeec9e434f3f3426fa5b35717d062d652d0000cb4849ab0,0.004314696416258812,0.10914459339192778,0.9528075315027521,0.8992672823369503,0.4622864006087184,0.7409433439373968
fine_control,45,slit_bridge,49,private-source://routeA_experiments/data/final_ood_frozen_v1/slit_bridge/sample_0049.npz,65ea22db20d21e0adb8290dfc006ce6871e3b0e95cbda2d1b6dc4212521b340d,0.004428223706781864,0.07768375326980131,0.6691696885013612,0.7433012500405312,0.33929309248924255,0.5166377633810039
fine_control,45,slit_bridge,50,private-source://routeA_experiments/data/final_ood_frozen_v1/slit_bridge/sample_0050.npz,84c0049ab4231171d59431596c6d5ee4a6296eb0688530fec168df065e5f3736,0.004318305291235447,0.10859996071148821,0.9380431813310058,1.1357630603015423,0.522563349455595,0.7401685856282703
fine_control,45,slit_bridge,51,private-source://routeA_experiments/data/final_ood_frozen_v1/slit_bridge/sample_0051.npz,4a2b9189cfb9e62a2d88e9b4f0538c291df4cf2365fc6101f7bcb0ca5ea19039,0.004239194095134735,0.11207074621653429,1.221618327876976,0.8357668966054916,0.5291637219488621,0.6990267321467397
fine_control,45,slit_bridge,52,private-source://routeA_experiments/data/final_ood_frozen_v1/slit_bridge/sample_0052.npz,7a6182ea0d10e503b4488744930d05c12fe0a98749a0f08c0bf9a0ade333130c,0.0040979450568556786,0.11829317914725695,0.902831924140135,0.7853428870439529,0.5350939631462097,0.7126453518867493
fine_control,45,slit_bridge,53,private-source://routeA_experiments/data/final_ood_frozen_v1/slit_bridge/sample_0053.npz,f38fc50a05bb0fe7cbe4b70cd13485a58e43ff94c9c22822cb929aed2391bc79,0.004071449860930443,0.06997268237398183,0.585907942250389,0.5290428996086121,0.26090895384550095,0.389227533340454
fine_control,45,slit_bridge,54,private-source://routeA_experiments/data/final_ood_frozen_v1/slit_bridge/sample_0054.npz,523ec7f16e149a678ab1eee24891a839649693313f63f9f03417215898e364c2,0.0038916263729333878,0.10890314456003644,0.9641811992954239,0.7843074649572372,0.46297595277428627,0.6708234980702397
fine_control,45,slit_bridge,55,private-source://routeA_experiments/data/final_ood_frozen_v1/slit_bridge/sample_0055.npz,a11a3648b53fa4f131e8a071f27bd07db354d48796864dbb9f50084862cbf7af,0.003816491924226284,0.10478932056894083,0.6815077317274445,0.887234665453434,0.4355663862079382,0.6646780148148528
fine_control,45,slit_bridge,56,private-source://routeA_experiments/data/final_ood_frozen_v1/slit_bridge/sample_0056.npz,754e5a373c358a5e7e5648b5ee524f7f3caf5be3ad24ca01b4bbaa5930f3722f,0.003813205286860466,0.08751404366511967,0.5733509610599411,0.7726635336875916,0.38055069372057915,0.6154837548732756
fine_control,45,slit_bridge,57,private-source://routeA_experiments/data/final_ood_frozen_v1/slit_bridge/sample_0057.npz,88bdcbb6787810fba1f67ab1e1d706c0a0449080180a5731fe9e830cd5c1781e,0.0038318289443850517,0.10917589785783874,0.8678841493057046,1.090927042067051,0.4966070428490639,0.7278771206736556
fine_control,45,slit_bridge,58,private-source://routeA_experiments/data/final_ood_frozen_v1/slit_bridge/sample_0058.npz,25dc8c7315b0e070c4b3619308cd7da2f67091e9d12652a39dff2c4abf512a48,0.0038537168875336647,0.06846096254587897,0.5434949262113248,0.5049950480461121,0.24598509073257446,0.4226045042276377
fine_control,45,slit_bridge,59,private-source://routeA_experiments/data/final_ood_frozen_v1/slit_bridge/sample_0059.npz,8537f0d12de7433ac2c634794f33eec0a1ef183fb6a9871cd07ec6fe9960e78c,0.003878881223499775,0.1058303095588929,0.9738736822690487,1.2556914612650871,0.4556043706834316,0.6248957887291896
fine_control,45,slit_bridge,60,private-source://routeA_experiments/data/final_ood_frozen_v1/slit_bridge/sample_0060.npz,ccb10d13e92987f9e92f19f57b8c828d1cec71baabf49eeda5b8131c81cffaae,0.0039041927084326744,0.09142739194051724,0.7279048818517012,0.6546974778175354,0.4090276416391134,0.5636157657951113
fine_control,45,slit_bridge,61,private-source://routeA_experiments/data/final_ood_frozen_v1/slit_bridge/sample_0061.npz,617d3d8d6e33e0cd8b2d68db50b259c76f1b572922b1f4eafd14d5c95f7f2927,0.003794955089688301,0.11578129220886697,0.8702461278575283,1.0480205491185188,0.4922264367341995,0.6861754849553101
fine_control,45,slit_bridge,62,private-source://routeA_experiments/data/final_ood_frozen_v1/slit_bridge/sample_0062.npz,4cb6187852b50d7a648cc396d4b92a5199fc15e009d3e6afe856b73e4795fb3c,0.0038600582629442215,0.11758861700475,0.9264230452306492,0.8477140218019485,0.5348160080611706,0.7670565724372862
fine_control,45,slit_bridge,63,private-source://routeA_experiments/data/final_ood_frozen_v1/slit_bridge/sample_0063.npz,dac27c2cdc3cfd09038c74bf4bee8892e3fbd4242d4ae68cf068121304f4b392,0.0037615951150655746,0.1301648358960171,1.1993230471340734,0.9903451185673475,0.5527927577495575,0.8401436550542711
fine_control,45,slit_bridge,64,private-source://routeA_experiments/data/final_ood_frozen_v1/slit_bridge/sample_0064.npz,42bf6e538ce7971d6bb267afcbb5017c74c7ee0a38eeeb22b770afd6da523ffd,0.003843843936920166,0.09736104242775982,0.6946150087890749,0.6932663470506668,0.38755954802036285,0.6032007277011869
fine_control,45,slit_bridge,65,private-source://routeA_experiments/data/final_ood_frozen_v1/slit_bridge/sample_0065.npz,8ae70c1cc087b2cb14feefb626847c8e54e0ee1ff237949762758fc9fef1ccfe,0.0043275682255625725,0.10444267472681684,0.8037962189057575,0.811948150396347,0.5088846832513809,0.6382810056209559
fine_control,45,slit_bridge,66,private-source://routeA_experiments/data/final_ood_frozen_v1/slit_bridge/sample_0066.npz,bf5bec0125f3e132a0234c3c65c18310c2a824fe299149a53c91065ba9684ebc,0.004295527935028076,0.05647263327042907,0.3821883402366205,0.5841131806373596,0.2105826884508133,0.33286858201026914
fine_control,45,slit_bridge,67,private-source://routeA_experiments/data/final_ood_frozen_v1/slit_bridge/sample_0067.npz,c4c4d08eb71d2a88a3573896b8651cdf6ff3433eaf00aef21e8815ee63c8636b,0.004222343675792217,0.08721271338124564,0.6562270494775911,0.9940446242690086,0.38674733974039555,0.5443638697266576
fine_control,45,slit_bridge,68,private-source://routeA_experiments/data/final_ood_frozen_v1/slit_bridge/sample_0068.npz,9d5bf135c023eb440f5e2fcdbcd3144986ccea4a471e8d876188876d1f874f48,0.00406233873218298,0.11368485583790562,1.122524522113308,0.7615425288677216,0.4597788001410663,0.6455026090145111
fine_control,45,slit_bridge,69,private-source://routeA_experiments/data/final_ood_frozen_v1/slit_bridge/sample_0069.npz,5c786c1f5b59aea34b782d6d4f11df00e05c430f5d55022b5da71cb4fb8d0930,0.004119623452425003,0.12396598740920255,1.0264191754438197,0.9265309683978558,0.5538995005190372,0.7656632438302038
fine_control,45,slit_bridge,70,private-source://routeA_experiments/data/final_ood_frozen_v1/slit_bridge/sample_0070.npz,ed31a0aa3d983e019a2886acd9e424e492ee60dd9051fcd420f294aa7d65556d,0.004255129024386406,0.09776190687171564,0.8311473323601254,0.76402198523283,0.44467356242239475,0.6149896942079061
fine_control,45,slit_bridge,71,private-source://routeA_experiments/data/final_ood_frozen_v1/slit_bridge/sample_0071.npz,392690e82cd3c5edc07092ea1286bb31ee5ff623427f4ad994d7d81479d6dab4,0.004045731388032436,0.08078581104525562,0.7465789651556275,0.8003521636128426,0.3744497150182724,0.5281042732298372
fine_control,45,slit_bridge,72,private-source://routeA_experiments/data/final_ood_frozen_v1/slit_bridge/sample_0072.npz,13d1458cb7f3b3c59870f9253bb955db809110e13c2d3e0b7bd73b1dc03bcc6b,0.004192168824374676,0.09195315120460416,0.9253535863835408,0.8404570519924164,0.4385814182460308,0.5838223859667776
fine_control,45,slit_bridge,73,private-source://routeA_experiments/data/final_ood_frozen_v1/slit_bridge/sample_0073.npz,abe7b6b76ff8f9f9514fc6c9452f5d49124e62bec9ef2160c3a275b0c13db251,0.004276265390217304,0.11660597023844507,1.0359932931799452,0.8319339081645012,0.5033813118934631,0.6547722414135929
fine_control,45,slit_bridge,74,private-source://routeA_experiments/data/final_ood_frozen_v1/slit_bridge/sample_0074.npz,51ff9c6ba58e09f4038fba26fc78e8d866d805ea092ff9a4834e7d07d5b953c3,0.00386606901884079,0.05386870462977385,0.3754268561039532,0.5297447219491005,0.20233535766601562,0.3160629987716673
fine_control,45,slit_bridge,75,private-source://routeA_experiments/data/final_ood_frozen_v1/slit_bridge/sample_0075.npz,295242b0a3c4441b1839c2e51ada10cd8d911b42bc383c1c876668ed7db69aca,0.0038348501548171043,0.07021854976979047,0.5594451709360425,0.5499741435050964,0.29552288353443146,0.4469364657998085
fine_control,45,slit_bridge,76,private-source://routeA_experiments/data/final_ood_frozen_v1/slit_bridge/sample_0076.npz,beb19109c76423a493f2dce420b9e7186ae828c5f8afa7330784720dd627942a,0.0038226936012506485,0.10487297060036616,0.8351393912076359,0.9204747676849365,0.49823322519659996,0.6531056657433508
fine_control,45,slit_bridge,77,private-source://routeA_experiments/data/final_ood_frozen_v1/slit_bridge/sample_0077.npz,2b930b075d3b18dc862520638716d3ca8b214cccc86033c8a5389cf1eee32caf,0.003827386535704136,0.10882887249591848,1.0474973531025962,1.1370088830590248,0.49849607422947884,0.8456056673079703
fine_control,45,slit_bridge,78,private-source://routeA_experiments/data/final_ood_frozen_v1/slit_bridge/sample_0078.npz,81766226a2c457e6280404619b8b2ac47bc63cd5302a18b5988528768c89a906,0.003895665518939495,0.11186414011449751,0.9507511719344668,1.0547338724136353,0.4614696018397808,0.7213692128658292
fine_control,45,slit_bridge,79,private-source://routeA_experiments/data/final_ood_frozen_v1/slit_bridge/sample_0079.npz,39d04f6918bf1e91b48064494be9aa05bd75bf2d12d1b69e17182fdccc736084,0.004043377935886383,0.07355920449584388,0.496957550292938,0.7688358426094055,0.3002135753631592,0.454687929153442
fine_control,45,slit_bridge,80,private-source://routeA_experiments/data/final_ood_frozen_v1/slit_bridge/sample_0080.npz,34759e2ce25b3deafb7b86e4a166e29aa7b6ad6312b24ec108b7195308a75605,0.0041723549365997314,0.12023911594674827,1.254181769628086,0.898432245478034,0.5467400692868978,0.7790803533047438
fine_control,45,slit_bridge,81,private-source://routeA_experiments/data/final_ood_frozen_v1/slit_bridge/sample_0081.npz,c09c71d395b921fd42317ee8257d8e8ca0fefc88548e7044fde1c9427bc01d57,0.004088445566594601,0.06819070779635318,0.4238413549419868,0.649245411157608,0.2655012235045433,0.39622250795364355
fine_control,45,slit_bridge,82,private-source://routeA_experiments/data/final_ood_frozen_v1/slit_bridge/sample_0082.npz,76690bbcb43ff947e8588630e8c1f5eaeae09d80c05290dd16299c07f4b07db3,0.004379387013614178,0.05857082962969001,0.4037085881586774,0.5297859311103821,0.25888993591070175,0.3948525875806805
fine_control,45,slit_bridge,83,private-source://routeA_experiments/data/final_ood_frozen_v1/slit_bridge/sample_0083.npz,b13467cf03c2c8574ad8306306835f018286494378025cc13aa4b84ebb20ce43,0.004348217509686947,0.12607855252232644,2.301717071255787,0.94906035810709,0.5278731035068631,0.759024230227805
fine_control,45,slit_bridge,84,private-source://routeA_experiments/data/final_ood_frozen_v1/slit_bridge/sample_0084.npz,9c49b44f5bee1f5433dbba97fd43f3fbe29009da78b18d356f171b5351154266,0.004362773150205612,0.05480823337035141,0.37963826108736726,0.5684280246496201,0.19153185188770294,0.3001685887575147
fine_control,45,slit_bridge,85,private-source://routeA_experiments/data/final_ood_frozen_v1/slit_bridge/sample_0085.npz,f99b2ecfc893456f4094ee49f725dacd918863f2c57f06cd9486ed733ef4c220,0.004253505729138851,0.11126268504388649,1.0706006693417205,0.9833860024809837,0.5024764793924987,0.7740753322839736
fine_control,45,slit_bridge,86,private-source://routeA_experiments/data/final_ood_frozen_v1/slit_bridge/sample_0086.npz,fa0010c85def531807bfac046d520a0e1fcfa53f399129a530872a5ed7c486e8,0.0038368012756109238,0.1085794262317118,0.9157212379797384,0.8583370856940746,0.5487150801345706,0.728965325653553
fine_control,45,slit_bridge,87,private-source://routeA_experiments/data/final_ood_frozen_v1/slit_bridge/sample_0087.npz,c71c435433f07e222a9c7657e14158b1582d4eb606c1feec9a70429635dc0db8,0.0037501174956560135,0.0943897897081316,0.831413652809032,0.6977237984538078,0.45301588624715805,0.5974200487136839
fine_control,45,slit_bridge,88,private-source://routeA_experiments/data/final_ood_frozen_v1/slit_bridge/sample_0088.npz,356663c8d9f185922d520ff8cab4336c663ae05fa5851257b47fd5a7f2890d38,0.003863222897052765,0.12219406650026059,0.9910470663288883,0.8260430246591568,0.5577034093439579,0.7193163760006414
fine_control,45,slit_bridge,89,private-source://routeA_experiments/data/final_ood_frozen_v1/slit_bridge/sample_0089.npz,8a9067dfbc0e5c2e206260b72a5ca217d4c4ab8591213e41f21555fef28ede5c,0.0038667721673846245,0.08943326095914947,0.7661910194158151,0.9858713299036026,0.3888166770339012,0.54822873622179
fine_control,45,slit_bridge,90,private-source://routeA_experiments/data/final_ood_frozen_v1/slit_bridge/sample_0090.npz,e8f22014254e79ac9ea4af542bb6a6578f4d3903902c242153233437a8df0eca,0.004072112962603569,0.11083069553879644,0.8990497844707747,1.090352401137352,0.49833348020911217,0.6601312637329094
fine_control,45,slit_bridge,91,private-source://routeA_experiments/data/final_ood_frozen_v1/slit_bridge/sample_0091.npz,9ac5d5dae9509b1d341ae8236d8e0bd3b682e73f0fabd2327bc777955fc68672,0.0042863646522164345,0.0882673760108645,0.597614379834497,0.7033185958862305,0.4136511981487274,0.6096731334924697
fine_control,45,slit_bridge,92,private-source://routeA_experiments/data/final_ood_frozen_v1/slit_bridge/sample_0092.npz,fce6d4931689f991567299750cb2e58ba69a69fb8a7ea9ca2b6623d311e269b9,0.00427202507853508,0.08476807161832785,0.6742837791123798,0.731750875711441,0.3694304972887039,0.5361681811511516
fine_control,45,slit_bridge,93,private-source://routeA_experiments/data/final_ood_frozen_v1/slit_bridge/sample_0093.npz,ba68ade9b7a7667d9de5bbb4e80fd05e409e86460843549762f31a41447162d1,0.003840201534330845,0.1127646471876096,1.0470156841152654,1.0827991217374802,0.5394686460494995,0.7207774113863706
fine_control,45,slit_bridge,94,private-source://routeA_experiments/data/final_ood_frozen_v1/slit_bridge/sample_0094.npz,ccba8ddededbe3b30aeff76d268cff5c811b3ec60c50fc5e9c8ad0ef75b4658f,0.0038160383701324463,0.0857362132468277,0.7396239103154546,0.6569481119513512,0.39288916252553463,0.5324967801570885
fine_control,45,slit_bridge,95,private-source://routeA_experiments/data/final_ood_frozen_v1/slit_bridge/sample_0095.npz,d8673dac77deb264dbb605e3b8da123628dc8c82574f2e781ca0ed91d7e7ce88,0.0038520293310284615,0.10310535912796526,0.9582991646571518,0.8950725793838501,0.4520060960203409,0.7026504520326847
fine_control,45,slit_bridge,96,private-source://routeA_experiments/data/final_ood_frozen_v1/slit_bridge/sample_0096.npz,88387af9839890df82ba2388bdcdfa95d6200c6b8848f9cbfc0dda3b8e1f5f31,0.003839753568172455,0.10973758176065472,0.8757262418219596,0.9102911427617073,0.4742073882371187,0.7218523316085338
fine_control,45,slit_bridge,97,private-source://routeA_experiments/data/final_ood_frozen_v1/slit_bridge/sample_0097.npz,042e86e783efa3942e62430f3045cf582a6d959709c938cb225b92bc44bcc64f,0.0038288384675979614,0.10874785823528944,0.7725415047934555,0.7839698642492294,0.48581486009061337,0.6772572726011274
fine_control,45,slit_bridge,98,private-source://routeA_experiments/data/final_ood_frozen_v1/slit_bridge/sample_0098.npz,f76accedd1c25ec4c7b700fef8f7e440bff7ca6d234800cb8d3b4cd6f7f7b8e6,0.003865787759423256,0.07390041368461998,0.6058964439060889,0.765414834022522,0.31456466019153595,0.44764292240142817
fine_control,45,slit_bridge,99,private-source://routeA_experiments/data/final_ood_frozen_v1/slit_bridge/sample_0099.npz,6a4b39b6a971b50d0cd5a3eefaf6a1f3f142b0d9ecee397ce1ff23093f6a46d9,0.0037934184074401855,0.09554516337109002,0.7200155906927868,0.8642719015479088,0.4376702681183815,0.5948953688144678
fine_control,45,slit_bridge,100,private-source://routeA_experiments/data/final_ood_frozen_v1/slit_bridge/sample_0100.npz,09c098f8500ef7ae13df30b97fd58bdcffba8843b115a610318dc18f65ef3540,0.0038922512903809547,0.1080789474356028,1.054838041765583,1.0009969919919968,0.5336471050977707,0.7023742176592347
fine_control,45,slit_bridge,101,private-source://routeA_experiments/data/final_ood_frozen_v1/slit_bridge/sample_0101.npz,3671b99524219e4e7f1acd583f0a9f657d15a23a30ed3d575564b8f9d92d770e,0.0038983747363090515,0.06578477895110146,0.42901441300206694,0.5929527282714844,0.2534702718257904,0.42184779047966
fine_control,45,slit_bridge,102,private-source://routeA_experiments/data/final_ood_frozen_v1/slit_bridge/sample_0102.npz,b8b9ab3a97d31d7c91628f73ac4db6371901871d302b30af028ae7297b2b153b,0.003878168761730194,0.12485253532147018,1.7714781140071316,1.1070225782459602,0.5231858519546222,0.8384993604850023
fine_control,45,slit_bridge,103,private-source://routeA_experiments/data/final_ood_frozen_v1/slit_bridge/sample_0103.npz,9f972861588cfdfdfbc3d1b3492908230dc44d640058083aa85270fbceb816f9,0.003874208778142929,0.07451166002109598,0.6297994923285989,0.7740595787763596,0.3175778239965439,0.479150678217411
fine_control,45,slit_bridge,104,private-source://routeA_experiments/data/final_ood_frozen_v1/slit_bridge/sample_0104.npz,762aadec5fa91e8e7a7f85a7683286f4a4fa0192f736680d733b0707b91d4494,0.0038616275414824486,0.10742239913534465,0.9232477677269547,0.7632219791412354,0.4782094154506922,0.6838899940252299
fine_control,45,slit_bridge,105,private-source://routeA_experiments/data/final_ood_frozen_v1/slit_bridge/sample_0105.npz,713c1a733e7b6f8c51dfe4d3f144d58d7ee189053361d35b7cb0099d093f55b6,0.004307110793888569,0.11068192910767306,0.9422723522026459,0.9410282075405121,0.47249179147183895,0.7121683672070499
fine_control,45,slit_bridge,106,private-source://routeA_experiments/data/final_ood_frozen_v1/slit_bridge/sample_0106.npz,73c88046498ca7cb948857d6c873d10ec1b1bb70ce8813a259156f5e49c803e0,0.0042863646522164345,0.10040098057366276,0.940046763200462,0.9773517325520515,0.45489688962697983,0.6350922718644137
fine_control,45,slit_bridge,107,private-source://routeA_experiments/data/final_ood_frozen_v1/slit_bridge/sample_0107.npz,8e962067b4a867a40f8b8f07d19dbcf42eb4d7a6b08ac522bd140e761933b129,0.004273579455912113,0.12712540310729065,1.0635303704029326,1.0115131959319115,0.5421036696061492,0.7261914297938346
fine_control,45,slit_bridge,108,private-source://routeA_experiments/data/final_ood_frozen_v1/slit_bridge/sample_0108.npz,23bb0eb2ffb8522d891e10b78e9f4fcf6ea2c8b5136c119d1353dc41e81126a2,0.0038253366947174072,0.08503815281313486,0.578375841435962,0.7114786505699158,0.37691769003868103,0.5661900110542764
fine_control,45,slit_bridge,109,private-source://routeA_experiments/data/final_ood_frozen_v1/slit_bridge/sample_0109.npz,ee7d8642727cde846b418e0d6ef6f3d525513d8f7c13d4e21a694399a5887809,0.004120888188481331,0.13039099694949857,1.1472031357686001,1.0859216079115868,0.5802328032441437,0.7966690059751272
fine_control,45,slit_bridge,110,private-source://routeA_experiments/data/final_ood_frozen_v1/slit_bridge/sample_0110.npz,2cb9d93c491c746797690b373d3873b13231a0144087e5c6f98bc1674dcf9aa9,0.00438014417886734,0.12765052785833658,1.0562527569063738,1.0240405201911926,0.5462393090128899,0.718932700157165
fine_control,45,slit_bridge,111,private-source://routeA_experiments/data/final_ood_frozen_v1/slit_bridge/sample_0111.npz,20cb4a3d10bd1589b41836354fc8ffcea2f716f9c4d860e668becadedadd9f38,0.004092402756214142,0.059727316685165587,0.46216233870562917,0.5277498066425323,0.26600296795368195,0.40180107131600373
fine_control,45,slit_bridge,112,private-source://routeA_experiments/data/final_ood_frozen_v1/slit_bridge/sample_0112.npz,37a74f8306ed3c59b31377d7e4a65031205ca4f453cf06b54132466f7b6b4a27,0.004311883822083473,0.13472331976686494,1.1433633145899118,0.9916352927684784,0.6164458505809307,0.8199493706226348
fine_control,45,slit_bridge,113,private-source://routeA_experiments/data/final_ood_frozen_v1/slit_bridge/sample_0113.npz,ef235deec817e178c9aadff18419bfa34a077733d1176a3329f0534a76dc2a36,0.0042645614594221115,0.11520129716801407,1.0647350260085435,0.8927424475550652,0.5525484383106232,0.7559502363204952
fine_control,45,slit_bridge,114,private-source://routeA_experiments/data/final_ood_frozen_v1/slit_bridge/sample_0114.npz,fee8722c5da8ec155bbe8e819b2eefa2d11a554066c684e422d739ef76676fdc,0.004035593941807747,0.09603925002167876,0.7722127264504559,0.7641253173351288,0.4159426521509886,0.6657692946493622
fine_control,45,slit_bridge,115,private-source://routeA_experiments/data/final_ood_frozen_v1/slit_bridge/sample_0115.npz,c0ff037ccc5a055bf9e6049f73b19eb3ef3c759d34e01dde7782629ee5155b1a,0.0039970604702830315,0.12913235921899177,1.0509937042719346,1.241145322099328,0.5814144182950258,0.7365090891718854
fine_control,45,slit_bridge,116,private-source://routeA_experiments/data/final_ood_frozen_v1/slit_bridge/sample_0116.npz,89796e3463ade62e6165c2220b9206d7e09c13d435e41116a44b4b2b72d8a7e2,0.0038496581837534904,0.1122397727057012,1.0505222267700407,1.1700511500239372,0.506153117865324,0.7351658985018724
fine_control,45,slit_bridge,117,private-source://routeA_experiments/data/final_ood_frozen_v1/slit_bridge/sample_0117.npz,0b5ddb4fbb4b1abaaecda668cf96d47108c2d0634e698e348798412ad2c8bd5b,0.00382169708609581,0.10058037629417743,0.7166244280997972,1.078037679195404,0.46944085881114006,0.6318947494029995
fine_control,45,slit_bridge,118,private-source://routeA_experiments/data/final_ood_frozen_v1/slit_bridge/sample_0118.npz,67c9870824a0cf24261c14ee2ee54260350b87c984724da8b7b3239ef5f4f8f2,0.0038306238129734993,0.11169829376435048,0.9362995777723482,0.8889857530593872,0.5058318097144365,0.7924699105322359
fine_control,45,slit_bridge,119,private-source://routeA_experiments/data/final_ood_frozen_v1/slit_bridge/sample_0119.npz,3cd3c867da52bc984e6b469d03b48c1d502d3c379c3a09320042c00db34b1f2f,0.0038729002699255943,0.11445615383730767,0.997270318896356,0.8057161569595337,0.5070656687021255,0.6755011774599552
fine_control,45,slit_bridge,120,private-source://routeA_experiments/data/final_ood_frozen_v1/slit_bridge/sample_0120.npz,321a3cdc9661e8fd1679cfceed9f566fa138dcdcf45b5bb5a1d8fce6ede740f1,0.0038426117971539497,0.1014253426612772,1.0740744983438761,0.9720557406544685,0.4442592188715935,0.650375725328922
fine_control,45,slit_bridge,121,private-source://routeA_experiments/data/final_ood_frozen_v1/slit_bridge/sample_0121.npz,947ac005aaaab451b701b3285288d12286101f1936826903031becc4a8c82912,0.0038438746705651283,0.11857737638165403,1.0899058811886166,0.8771838583052158,0.5569717064499855,0.725955619290471
fine_control,45,slit_bridge,122,private-source://routeA_experiments/data/final_ood_frozen_v1/slit_bridge/sample_0122.npz,f86df5b1facc0d81f78a07017d7a1169d59fc90ab287dd52fa7ef79d790e2e91,0.004157210700213909,0.09165880487518933,0.6526770898255526,0.6812128722667694,0.4118310771882534,0.5544730536639689
fine_control,45,slit_bridge,123,private-source://routeA_experiments/data/final_ood_frozen_v1/slit_bridge/sample_0123.npz,dd8d213055c704fdaab30fa56f42a33f2b17cda2608934ee3c8395f1fa3ac372,0.004336481913924217,0.12494884269113807,1.2877796145232554,0.9245351105928421,0.5381808411329985,0.769530928879976
fine_control,45,slit_bridge,124,private-source://routeA_experiments/data/final_ood_frozen_v1/slit_bridge/sample_0124.npz,989ca5a6639d386f9ba2fbbe4929a51151c1d1f58f0b02af5979a213ce187952,0.004071525298058987,0.1099011623578305,1.200551348223681,1.087972216308117,0.4811191847547889,0.6171996641904114
fine_control,45,slit_bridge,125,private-source://routeA_experiments/data/final_ood_frozen_v1/slit_bridge/sample_0125.npz,a70aa7c2b0ab69e05a1bdac27c118b00080fd91ce4b14294cf3d802c7d9815c3,0.0038043688982725143,0.05894299751887987,0.45605139159358543,0.6231220066547394,0.23373641073703766,0.3973041579127305
fine_control,45,slit_bridge,126,private-source://routeA_experiments/data/final_ood_frozen_v1/slit_bridge/sample_0126.npz,093585a00e910cd41c9a8b1050dbde9900de283da5c8bcf64b0e6657b12ce6c0,0.0038055451586842537,0.1276827574463217,0.9509358111609643,0.905510202050209,0.5844646878540516,0.8235898204147813
fine_control,45,slit_bridge,127,private-source://routeA_experiments/data/final_ood_frozen_v1/slit_bridge/sample_0127.npz,fbaeeb14ed4064772eccd6ad5d7ce8b30fd2cd571f89be44730cad2f429acd53,0.0038099968805909157,0.07600849987168867,0.5669631660205765,0.5747592449188232,0.34649917483329773,0.45843140184879233
fine_control,45,slit_bridge,128,private-source://routeA_experiments/data/final_ood_frozen_v1/slit_bridge/sample_0128.npz,f8dcb1ad9a029b0aaa0eb4226be5e9fb26f98253b2ac2ee759238972e2b35793,0.003766779787838459,0.1039935652984916,0.829064886307187,0.8988388292491436,0.4717322327196598,0.6929154723882676
fine_control,45,slit_bridge,129,private-source://routeA_experiments/data/final_ood_frozen_v1/slit_bridge/sample_0129.npz,4fde72568a862f65ab802425b157856bd372d3c84dff9690b725526c7c4caa72,0.003911965526640415,0.11268384973255682,0.8687516344907152,1.3289418667554855,0.497425077483058,0.7599108554422845
fine_control,45,slit_bridge,130,private-source://routeA_experiments/data/final_ood_frozen_v1/slit_bridge/sample_0130.npz,c5fc37a33ccfde0c5c1bc91a423ff22369761aa4a2358c6bf448d552f93ebe9f,0.0038773948326706886,0.048477020400865226,0.3231259696055352,0.5174499303102493,0.1738574206829071,0.3152719281613822
fine_control,45,slit_bridge,131,private-source://routeA_experiments/data/final_ood_frozen_v1/slit_bridge/sample_0131.npz,816e62f42925e1228f1925aa9a64af845857cc8af393bef8edcc95e0b32ae811,0.0038529932498931885,0.0984222852206176,0.7606000174633204,0.8600603714585304,0.4151861183345318,0.6721941269934174
fine_control,45,slit_bridge,132,private-source://routeA_experiments/data/final_ood_frozen_v1/slit_bridge/sample_0132.npz,0fe2c82d437426e3d5e3a8a69a3eaf8444f65273028a83b43642500191be1de2,0.003769100643694401,0.10860234950213547,1.0647543989249824,0.806650273501873,0.4953216463327408,0.6829170871526
fine_control,45,slit_bridge,133,private-source://routeA_experiments/data/final_ood_frozen_v1/slit_bridge/sample_0133.npz,158533d38705bbe83ad1aff888d4d281d11c259abc75e687100337a1169b6b79,0.0038865134119987488,0.08123786542071854,0.5660207201531633,0.8000275492668152,0.3404432460665703,0.49294997453689565
fine_control,45,slit_bridge,134,private-source://routeA_experiments/data/final_ood_frozen_v1/slit_bridge/sample_0134.npz,809d1f61ff74bd28a60a9ee3e93980572061abc432bf497071f850cf295e5a22,0.0037674224004149437,0.11757069907407422,0.976158240030908,0.8828009739518166,0.5102000813931227,0.6898864701390255
fine_control,45,slit_bridge,135,private-source://routeA_experiments/data/final_ood_frozen_v1/slit_bridge/sample_0135.npz,49a6d2f84ef15ae562f31d7f8186dcf515a22bd150120c9ef7592236bc4da560,0.004142045974731445,0.11147275593719203,1.0149475817821831,0.8837873935699463,0.4781354898586869,0.6249081932008266
fine_control,45,slit_bridge,136,private-source://routeA_experiments/data/final_ood_frozen_v1/slit_bridge/sample_0136.npz,0aaf02ec1906882bedac48878d8b32168a7bb9aa28e664600efcf7880eeb0a09,0.004364101216197014,0.053155090522869076,0.34567288799618384,0.555168591439724,0.20120109617710114,0.3856337189674376
fine_control,45,slit_bridge,137,private-source://routeA_experiments/data/final_ood_frozen_v1/slit_bridge/sample_0137.npz,3060120b449129fec3dadb659d3c9a7989d9e4319138bf42de3acdc3ba915c02,0.004083136096596718,0.07454667586105938,0.568143866709574,0.5809365808963776,0.3172740787267685,0.454438055306673
fine_control,45,slit_bridge,138,private-source://routeA_experiments/data/final_ood_frozen_v1/slit_bridge/sample_0138.npz,6ed13d9162ca3514a314258b8d24016c2bc8875b25b0b38c5cdfa938f2a1eee2,0.003854776732623577,0.10692562517113341,1.0206357082961082,0.820333868265152,0.4498625216074288,0.6547125399112694
fine_control,45,slit_bridge,139,private-source://routeA_experiments/data/final_ood_frozen_v1/slit_bridge/sample_0139.npz,658f1ca5a3c9c31ef1d3034e1fa4b0a5769e9c38a410ad1b72996a2aa8abf1a0,0.003876779228448868,0.07499941072032865,0.5851095139660059,0.6755358874797821,0.3368974030017853,0.4863818824291224
fine_control,45,slit_bridge,140,private-source://routeA_experiments/data/final_ood_frozen_v1/slit_bridge/sample_0140.npz,4cb2e3c95ee8b50b37549ea056e6b5e6349cac539e85f6c167d54902061606d1,0.0037881582975387573,0.1141473409992414,0.9752752400820257,0.9216280058026314,0.5243565877899528,0.7170004241168493
fine_control,45,slit_bridge,141,private-source://routeA_experiments/data/final_ood_frozen_v1/slit_bridge/sample_0141.npz,72511c727388df3bf5af40ee47932e5d0ea12cec9268d07a95eff4200660e42e,0.004130464978516102,0.10120094706090658,0.8220829270808672,0.729911670088768,0.44757332652807236,0.5866640552878377
fine_control,45,slit_bridge,142,private-source://routeA_experiments/data/final_ood_frozen_v1/slit_bridge/sample_0142.npz,306a40af48edd29b46f137a9e1015dba90eef9f89a216e9034ab8c4e810088cb,0.004354248754680157,0.11590562604776454,1.175388938892437,0.9187583848834038,0.5407316260971129,0.726652982085943
fine_control,45,slit_bridge,143,private-source://routeA_experiments/data/final_ood_frozen_v1/slit_bridge/sample_0143.npz,9143fda697b9d0ca554a018b16f7dcedf9ce17f64344f4de043fd7612877a3d2,0.0042750174179673195,0.12477337848418088,1.2658684412370373,1.0859309546649456,0.5495598576962948,0.7568950030952691
fine_control,45,slit_bridge,144,private-source://routeA_experiments/data/final_ood_frozen_v1/slit_bridge/sample_0144.npz,cede0fd6d7f85a69aeaae09213236482ad3047e9130d14dd79693b9e243f783b,0.004117089323699474,0.12390144213080548,1.1520149963437618,0.9520319849252701,0.5362790757790208,0.740286373347044
fine_control,45,slit_bridge,145,private-source://routeA_experiments/data/final_ood_frozen_v1/slit_bridge/sample_0145.npz,2d9fdb82c8a7275b63a15c4d95ab584a0842ebd21fd6762928d68475fe8cc330,0.0038915015757083893,0.12473198940847173,0.989474378335355,0.8845803737640381,0.5674378541298211,0.806848187744617
fine_control,45,slit_bridge,146,private-source://routeA_experiments/data/final_ood_frozen_v1/slit_bridge/sample_0146.npz,207f5f551061e628bde8bc221dd64138c07612d4245a97390961be3ea5e16611,0.0038656694814562798,0.07290402405538789,0.5403558618417891,0.638608306646347,0.30292390286922455,0.43838976621627795
fine_control,45,slit_bridge,147,private-source://routeA_experiments/data/final_ood_frozen_v1/slit_bridge/sample_0147.npz,82d0e49e8401c09f0e3e6a3547b29f4d5a1dedbc6b0f06beea92cbeb4866ea11,0.0038893185555934906,0.11554146789585476,1.0996396903242471,0.9145422652363777,0.5061463415622711,0.7435033932328222
fine_control,45,slit_bridge,148,private-source://routeA_experiments/data/final_ood_frozen_v1/slit_bridge/sample_0148.npz,e38da3693d172092572c7f2754a94e44ef94b0502f3919d896ce0c2fbe38e009,0.004340584389865398,0.11073409402955711,0.912772487733588,0.8084608763456345,0.4790483992546797,0.7165569767355913
fine_control,45,slit_bridge,149,private-source://routeA_experiments/data/final_ood_frozen_v1/slit_bridge/sample_0149.npz,afc272ad1c582032ceafc263f98a9500852bcc9f113906a40f63ad64c40aee4c,0.0043412065133452415,0.1207320007773472,1.7155753957846087,1.011482602916658,0.5399907052342314,0.8322328301263038
fine_control,45,slit_bridge,150,private-source://routeA_experiments/data/final_ood_frozen_v1/slit_bridge/sample_0150.npz,3d18460af3363948da3a01a3d1b31a48effc40aa616a1b5dd39689622a7ec45c,0.004299916326999664,0.09997052751676509,0.6933335982231339,0.8739550411701202,0.4372801361605525,0.6462509140372276
fine_control,45,slit_bridge,151,private-source://routeA_experiments/data/final_ood_frozen_v1/slit_bridge/sample_0151.npz,d5753da7388ebb54f9cf2699537d139086e01002d7a59190bb63986a17939a32,0.004328824579715729,0.06690963990867262,0.501162917897273,0.5824280977249146,0.2772281616926193,0.4384044319391249
fine_control,45,slit_bridge,152,private-source://routeA_experiments/data/final_ood_frozen_v1/slit_bridge/sample_0152.npz,9695aa6ea858785b103e16fd61c266f988f64686cfbdc88b2899662da023ea05,0.004344726912677288,0.07368443474139184,0.6364725675186439,0.7667207419872284,0.3035855181515217,0.46857959628105156
fine_control,45,slit_bridge,153,private-source://routeA_experiments/data/final_ood_frozen_v1/slit_bridge/sample_0153.npz,60ac6a052ff2a92b7086357b74a96c31e33d7255ddf407c4f70bc5fe58806b60,0.004336070269346237,0.11902071466752516,1.6266490644542666,0.8685434013605118,0.5232954518869519,0.7470807507634154
fine_control,45,slit_bridge,154,private-source://routeA_experiments/data/final_ood_frozen_v1/slit_bridge/sample_0154.npz,02efeff9d6ba6e84c68ab742c168c4ca40609c73d6f82146e8a2f5b10a657897,0.004353184252977371,0.12929914168534923,2.1882059421066278,1.543681209674105,0.5861586430983152,0.8538879614323376
fine_control,45,slit_bridge,155,private-source://routeA_experiments/data/final_ood_frozen_v1/slit_bridge/sample_0155.npz,ea8bfa01563270f5d6e2ec9dbe473f05772c2e4989b937a57ae2104227258fed,0.0043430691584944725,0.07337637056685478,0.49537637699593956,0.7018219456076622,0.2880062721669674,0.4798765510320662
fine_control,45,slit_bridge,156,private-source://routeA_experiments/data/final_ood_frozen_v1/slit_bridge/sample_0156.npz,5005fb0814bda784608be7da52a32e34a6544ba7bd358a95694b62e213f8f2c2,0.004123231396079063,0.11355647999994056,0.965498212413238,0.8550454750657082,0.5007115919142962,0.7450792439281939
fine_control,45,slit_bridge,157,private-source://routeA_experiments/data/final_ood_frozen_v1/slit_bridge/sample_0157.npz,ac48ebb841e2622ef6bc4ba966dad1b3b604f8d724d29e6f2fab1b6641ee1921,0.004109563305974007,0.12271109024127032,1.0429646138994804,0.9171866774559021,0.5460488451644778,0.7847382731735705
fine_control,45,slit_bridge,158,private-source://routeA_experiments/data/final_ood_frozen_v1/slit_bridge/sample_0158.npz,2f49624ea36882b03b9786cab30360722cade76c056bea230f9c9ba4ac764c8b,0.003766881301999092,0.09316752344914034,0.6214626718987435,0.7102790623903275,0.4247187674045563,0.6174558222293848
fine_control,45,slit_bridge,159,private-source://routeA_experiments/data/final_ood_frozen_v1/slit_bridge/sample_0159.npz,d0b13a51187a418d7efe2e93a19604a3d01c818ea9736b5aa09b4607fad5fa55,0.0038367370143532753,0.0880488968225567,0.7182496621899,0.8020327538251877,0.3885711468756199,0.6895509228110313
fine_control,45,slit_bridge,160,private-source://routeA_experiments/data/final_ood_frozen_v1/slit_bridge/sample_0160.npz,622f4d8070ecdd9d0a824ce72f84fecc0c78f83011ff11259ebc6bb846de281e,0.003862026147544384,0.06722386440079249,0.47487765116706576,0.5149009823799133,0.2607806660234928,0.3836528882384298
fine_control,45,slit_bridge,161,private-source://routeA_experiments/data/final_ood_frozen_v1/slit_bridge/sample_0161.npz,178f02f0e3b5995f2619dd6bf52ad3a7508f806bd4e13ba9ceeb9a36f1649f16,0.0038704145699739456,0.1089600185353644,1.0983136217057323,0.8113780319690704,0.5021126680076122,0.597346734255552
fine_control,45,slit_bridge,162,private-source://routeA_experiments/data/final_ood_frozen_v1/slit_bridge/sample_0162.npz,7dac1f84d357180521999872dd329573241cb8c42feeb442891197f01199c66b,0.0038883034139871597,0.1262643173407755,1.5545415772996731,0.9255057498812675,0.536315351142548,0.7675955426879226
fine_control,45,slit_bridge,163,private-source://routeA_experiments/data/final_ood_frozen_v1/slit_bridge/sample_0163.npz,b7a7aa86a9bdc19977f06da4caff68d49a340edbf4f1a1c1187591366b6636d2,0.00382241141051054,0.1086449469034838,0.8632312866100822,0.8452463746070862,0.5135067664086819,0.7268159598112105
fine_control,45,slit_bridge,164,private-source://routeA_experiments/data/final_ood_frozen_v1/slit_bridge/sample_0164.npz,779949d863880f5d16a879e81f20fad07ea4f966fba7da8ee22f0adaa6fc32af,0.003793276846408844,0.12873750971242678,0.987767178134221,0.8887184225022793,0.5308075547218323,0.746529247611761
fine_control,45,slit_bridge,165,private-source://routeA_experiments/data/final_ood_frozen_v1/slit_bridge/sample_0165.npz,dc423b6d998084bf0149349c297bb1babad5e99fb236b7c05dfa975cb5183082,0.0038464097306132317,0.059855862022128455,0.44593202625863854,0.6876024901866913,0.23256619274616241,0.39452250301837877
fine_control,45,slit_bridge,166,private-source://routeA_experiments/data/final_ood_frozen_v1/slit_bridge/sample_0166.npz,351a161f32941f870662dc54b1d5ae59e25dc38cb8501ca4493dd08e6d42d64a,0.0037954850122332573,0.11623048089674669,1.0009637998740393,0.9306700974702835,0.5224809348583221,0.8029020071029661
fine_control,45,slit_bridge,167,private-source://routeA_experiments/data/final_ood_frozen_v1/slit_bridge/sample_0167.npz,aa66574c4716561ec10258da0ac13914768f1d14f665ebf1ec534f148bd0abd7,0.003852873109281063,0.07156947332135492,0.5679367267365559,0.6677972376346588,0.2992309331893921,0.4554323643445965
fine_control,45,slit_bridge,168,private-source://routeA_experiments/data/final_ood_frozen_v1/slit_bridge/sample_0168.npz,b0b356c11f56258bb6f3db09bd66c6dcd1bcd41614b20e67f8e907402ec13485,0.004348809830844402,0.11020908697973361,0.914676328133155,0.9533460736274719,0.47488638758659363,0.6457615964114662
fine_control,45,slit_bridge,169,private-source://routeA_experiments/data/final_ood_frozen_v1/slit_bridge/sample_0169.npz,a469b2c4e556282ed62e13e26cd27398331a9ba05d88ee1913966198103238d6,0.004275145940482616,0.12265773331072789,1.0645288749336657,0.851195365190506,0.5442168219015002,0.7222024247050272
fine_control,45,slit_bridge,170,private-source://routeA_experiments/data/final_ood_frozen_v1/slit_bridge/sample_0170.npz,36fbd3c3d23a1204142c49ecd37ef44c2ba54ac4467ddb41d832464267e85212,0.00408820528537035,0.11988106098816674,1.0933965582834744,0.9957629218697548,0.5036436468362808,0.7261495765298605
fine_control,45,slit_bridge,171,private-source://routeA_experiments/data/final_ood_frozen_v1/slit_bridge/sample_0171.npz,d535ac50a902c9794c7c816a49047dfd9c3f701564b69ce35cc24a4b731afa97,0.004286148585379124,0.12930597117552867,1.6829033286346713,0.9480918878689408,0.5803158765193075,0.8200929954182355
fine_control,45,slit_bridge,172,private-source://routeA_experiments/data/final_ood_frozen_v1/slit_bridge/sample_0172.npz,4e4eeb0f4d4f14aa76bc67064de00f38d35024c2470cfc77d2414c6da16f99f2,0.004367908462882042,0.10108788413167491,0.7091569430582824,1.075845167040825,0.45867177844047546,0.6064622625708579
fine_control,45,slit_bridge,173,private-source://routeA_experiments/data/final_ood_frozen_v1/slit_bridge/sample_0173.npz,4c3d97c818e4c1aaa20fd773230ef107c1e90a4328ebbfb020186474b8b391e2,0.0042383065447211266,0.10544824122128162,0.8914586166273509,0.839325301349163,0.46862704679369926,0.7329101927578445
fine_control,45,slit_bridge,174,private-source://routeA_experiments/data/final_ood_frozen_v1/slit_bridge/sample_0174.npz,c764cef11e9744e2347bf095a3ad20fd9c9a40516623d0e6687f000cea70736b,0.004105115309357643,0.10765081866304278,1.0452412758574314,0.9722426533699036,0.4638887206092477,0.7430003277957439
fine_control,45,slit_bridge,175,private-source://routeA_experiments/data/final_ood_frozen_v1/slit_bridge/sample_0175.npz,22afae3ce0b327b65855609e847dcf168cbfa0c3da01d0e00d7ff822a2f93dab,0.003978032618761063,0.10492966033133191,0.7133895382628634,1.4817032217979431,0.46960041485726833,0.6356017261743537
fine_control,45,slit_bridge,176,private-source://routeA_experiments/data/final_ood_frozen_v1/slit_bridge/sample_0176.npz,3615c8f32a0156e435a991da99bea493288394630d64ca1402e46469b4ae4561,0.004061414860188961,0.06028358935409923,0.42290807833060395,0.7695047557353973,0.24189654737710953,0.406629419326782
fine_control,45,slit_bridge,177,private-source://routeA_experiments/data/final_ood_frozen_v1/slit_bridge/sample_0177.npz,bde9b0878d1f9163cd3460df65d8fbaa6d012659d97271692cd52839664004d8,0.0038595842197537422,0.08659234449984572,0.7234330921425739,0.7756149172782898,0.40160805359482765,0.5394052784889936
fine_control,45,slit_bridge,178,private-source://routeA_experiments/data/final_ood_frozen_v1/slit_bridge/sample_0178.npz,dffe6643c77429e0e5ed595fcd8553b626ac374c0226c86babb86bb23700de20,0.0038597453385591507,0.0928650171388067,0.709476235734347,0.8959947526454926,0.46774788945913315,0.6338657855987548
fine_control,45,slit_bridge,179,private-source://routeA_experiments/data/final_ood_frozen_v1/slit_bridge/sample_0179.npz,fca36c52c6cfb0110fbe78721de423d99487a00561b0c6b6b9f826917f42aede,0.0037657953798770905,0.08450524434754982,0.5583572349553382,0.6817615181207657,0.37895599007606506,0.5930510997772211
fine_control,45,slit_bridge,180,private-source://routeA_experiments/data/final_ood_frozen_v1/slit_bridge/sample_0180.npz,6f19672ce01e21e2c280e4be06a3e54680e018ff4c226cbe757f44ebad3e1910,0.0037914933636784554,0.0802815082596674,0.4924962556579078,0.6090531349182129,0.33331847190856934,0.48948734402656546
fine_control,45,slit_bridge,181,private-source://routeA_experiments/data/final_ood_frozen_v1/slit_bridge/sample_0181.npz,ec877344fcdbfdbdaddf529e85e3cc5c3aab339963def6c7349014d86c8140d4,0.003839992918074131,0.1136052656537666,0.9397326909432876,0.887415312230587,0.521457439288497,0.7221701502799985
fine_control,45,slit_bridge,182,private-source://routeA_experiments/data/final_ood_frozen_v1/slit_bridge/sample_0182.npz,85955e8644eeb0dcc33c4aed80df2c7439e5bab709258a2875ce1a3a61c5ebfb,0.004154869355261326,0.08877655888969145,0.664779539147687,0.6522262692451477,0.3987773396074772,0.523685397952795
fine_control,45,slit_bridge,183,private-source://routeA_experiments/data/final_ood_frozen_v1/slit_bridge/sample_0183.npz,7db60f93fba5ad9147fed2dc7ad510080993a1ba5cacff680d8f7315ac009961,0.0037806937471032143,0.11308545481474676,0.8773231981960423,0.8112713769078255,0.48804185166954994,0.6538422629237173
fine_control,45,slit_bridge,184,private-source://routeA_experiments/data/final_ood_frozen_v1/slit_bridge/sample_0184.npz,8121820fc993132420a3854bde14b0b1742133b65c0a82ff2248b97133f07f34,0.003797871060669422,0.09299318090782663,0.8015181856847624,0.9609065651893616,0.41673703119158745,0.5367841377854347
fine_control,45,slit_bridge,185,private-source://routeA_experiments/data/final_ood_frozen_v1/slit_bridge/sample_0185.npz,6cddc80ef7290697c6e5ddae659d68aa20dcd10104ab9b2cd5f9708afe9f741d,0.003916493616998196,0.06172241111861044,0.4094375203791711,0.7019771784543991,0.22851908206939697,0.397246021032333
fine_control,45,slit_bridge,186,private-source://routeA_experiments/data/final_ood_frozen_v1/slit_bridge/sample_0186.npz,325ef30f2da8a65dac78a1b06a65f887f2d9947c96e2faee9e6a8ec03323351a,0.003860919736325741,0.10930238601001109,0.8227360043050014,0.9018644466996193,0.47000834345817566,0.7110280111432072
fine_control,45,slit_bridge,187,private-source://routeA_experiments/data/final_ood_frozen_v1/slit_bridge/sample_0187.npz,119b85212c8b4744bf1d62d7dfe261550cb6d3e5d22f4790dbe62e75609d0922,0.003897853195667267,0.07873033716483858,0.5754099675279288,0.8287107348442078,0.35830825567245483,0.5334538266062735
fine_control,45,slit_bridge,188,private-source://routeA_experiments/data/final_ood_frozen_v1/slit_bridge/sample_0188.npz,dcf9852e45123cccfdad55cec5cd89ffd610e5287252fbe34ba1dd1786992a3e,0.0043336618691682816,0.1062742261065757,0.821032215071773,0.9260738976299763,0.4857850968837738,0.7102989390492439
fine_control,45,slit_bridge,189,private-source://routeA_experiments/data/final_ood_frozen_v1/slit_bridge/sample_0189.npz,286c7744959bebf561fcf60d6510f810deadc11b4f49e589e2e9473d32de82f7,0.004264340735971928,0.08727784279295009,0.7526503124380137,0.9105739146471024,0.3947712555527687,0.5782609127461906
fine_control,45,slit_bridge,190,private-source://routeA_experiments/data/final_ood_frozen_v1/slit_bridge/sample_0190.npz,fe702ecba390c3dc04a9733afe0b132a016fcf5c4eaffcad11aaea841c4e382e,0.0043434686958789825,0.10675958540410607,0.9814963075011616,0.8619595319032669,0.47665969282388687,0.6546458661556244
fine_control,45,slit_bridge,191,private-source://routeA_experiments/data/final_ood_frozen_v1/slit_bridge/sample_0191.npz,cc046fa8afaf7d479712359b932e246ff1ee8e9d4f1365bd79dc2f10196be05c,0.004135734401643276,0.11802911866966835,1.0755983170982162,0.9479904733598232,0.49236832838505507,0.7085441455245016
fine_control,45,slit_bridge,192,private-source://routeA_experiments/data/final_ood_frozen_v1/slit_bridge/sample_0192.npz,12a887fa1b92770140bbc308300406b9f45be794a2802dc5d4318f9f90964304,0.004058674909174442,0.1038162250408102,0.7813185880349377,0.7234843671321869,0.4495693016797304,0.6177659317851063
fine_control,45,slit_bridge,193,private-source://routeA_experiments/data/final_ood_frozen_v1/slit_bridge/sample_0193.npz,ea535161153d10af3f779e6ce92ab576cb6f01bb2b84270e675cb8a7ca3bff3d,0.004361527971923351,0.060216889784440744,0.4218346898548964,0.5176557749509811,0.2756327688694,0.4040963456034659
fine_control,45,slit_bridge,194,private-source://routeA_experiments/data/final_ood_frozen_v1/slit_bridge/sample_0194.npz,8488a62661fcd5432a193ca5c2bdaf1492f33731b7131ad3e367f5731ec70c37,0.003828801214694977,0.11335023355327997,1.0090966837813788,0.885483630001545,0.5273741926066577,0.7728401556611056
fine_control,45,slit_bridge,195,private-source://routeA_experiments/data/final_ood_frozen_v1/slit_bridge/sample_0195.npz,7e1d374879fa5f6a96ebc3990a10958313440dc33a9ef060976f12e925232108,0.003873751498758793,0.09124083975127681,0.658003755862689,1.0367944091558456,0.44989547692239285,0.5687246680259703
fine_control,45,slit_bridge,196,private-source://routeA_experiments/data/final_ood_frozen_v1/slit_bridge/sample_0196.npz,d4848a4e772e741b625e10aec676527f984e3943b470a872754331769f8b94bb,0.0038535911589860916,0.10319210919390555,0.9741122888066803,0.8736540675163269,0.4777705669403076,0.6581537052989004
fine_control,45,slit_bridge,197,private-source://routeA_experiments/data/final_ood_frozen_v1/slit_bridge/sample_0197.npz,2b37447cf0d376d2e2021ecf8d29a5d17437f6bb153943e0f306b31930209b3e,0.0038754064589738846,0.11503634927531095,0.9230667680292816,0.8674316555261612,0.5390224903821945,0.8102419063448906
fine_control,45,slit_bridge,198,private-source://routeA_experiments/data/final_ood_frozen_v1/slit_bridge/sample_0198.npz,8030be12303215e83fab9a6e2360c32b7958cadc693426ae4437ff9ce9a38d91,0.0038637956604361534,0.09814826739181276,0.761080347566919,0.7984564155340195,0.43345126509666443,0.6846538215875622
fine_control,45,slit_bridge,199,private-source://routeA_experiments/data/final_ood_frozen_v1/slit_bridge/sample_0199.npz,cc6a52511cc16e98c96e4753d529c21a8e0ccbe95013bc0584ae491523d2bb83,0.00410216860473156,0.06488529781341085,0.5025855576630658,0.6216003894805908,0.2629045844078064,0.4130292057991024
fine_control,45,three_hole_asymmetric,0,private-source://routeA_experiments/data/final_ood_frozen_v1/three_hole_asymmetric/sample_0000.npz,76239d9d4cae31805b23350941f6924762ca8e0eb2de53f5e0014a3050004492,0.004232083447277546,0.08721673295515862,0.8347362675299866,0.8563542068004608,0.42603127303300425,0.5955321446061134
fine_control,45,three_hole_asymmetric,1,private-source://routeA_experiments/data/final_ood_frozen_v1/three_hole_asymmetric/sample_0001.npz,c8138e48b2b5450756ab6ea06ad8018a0f03fd49507fdf70f7602513883c6d79,0.004315642639994621,0.07998827531082024,1.0507122530916526,1.061536442488432,0.37293577939271927,0.5933353956788773
fine_control,45,three_hole_asymmetric,2,private-source://routeA_experiments/data/final_ood_frozen_v1/three_hole_asymmetric/sample_0002.npz,8415d3f4052cfa250de2e615b5f135c4cbc51665e9780ba0c740b7bc68b0b8d0,0.0038846395909786224,0.08772401438000713,0.9211898621722104,0.7802499905228615,0.3524540758226067,0.5614657659083597
fine_control,45,three_hole_asymmetric,3,private-source://routeA_experiments/data/final_ood_frozen_v1/three_hole_asymmetric/sample_0003.npz,126883ed7a18270534e81fc020b354d6a09b3d0b37130be0a213f6e3fe3611cf,0.0038767457008361816,0.10925391368823563,0.9979275153082212,0.9888719404116273,0.4892095662653446,0.7038917616941032
fine_control,45,three_hole_asymmetric,4,private-source://routeA_experiments/data/final_ood_frozen_v1/three_hole_asymmetric/sample_0004.npz,73fddad29aef7a16eeabb39f9b70e218861d55037c0d2745430816f9076f8b8f,0.004115067422389984,0.08094247537845695,1.0284388435266854,0.7402098625898361,0.3210592775722034,0.5725621645338831
fine_control,45,three_hole_asymmetric,5,private-source://routeA_experiments/data/final_ood_frozen_v1/three_hole_asymmetric/sample_0005.npz,0cce2a32a88505f1a40318561d466c31de7f2eb63e0449cf3df2f644c64a0108,0.0041269706562161446,0.08272620411901581,0.8311286620442129,0.7447714507579803,0.3839064557105303,0.602838523685932
fine_control,45,three_hole_asymmetric,6,private-source://routeA_experiments/data/final_ood_frozen_v1/three_hole_asymmetric/sample_0006.npz,05b9798f8cd5b5b832e909e747bb49397a06d4bc8291718bcb52ee39573eb619,0.004236770793795586,0.104872340260903,1.1409091905917477,0.820105591788888,0.4764786381274462,0.7113332139328121
fine_control,45,three_hole_asymmetric,7,private-source://routeA_experiments/data/final_ood_frozen_v1/three_hole_asymmetric/sample_0007.npz,6ba61082fc82270f3f31ed8952fcbbd145b31d5361d264f2bd66a5366e0bc340,0.004028026945888996,0.08400256535945722,0.9037773776615237,0.7343020364642143,0.3814599737524986,0.5737783499062059
fine_control,45,three_hole_asymmetric,8,private-source://routeA_experiments/data/final_ood_frozen_v1/three_hole_asymmetric/sample_0008.npz,853331caeb1b23865ccb78c9a2f431c6c5268c039e4b02388b3e7b2950cb9a7f,0.0038481000810861588,0.09374474960470221,0.9519468725901397,0.8627992197871208,0.4381363317370415,0.7261863641440867
fine_control,45,three_hole_asymmetric,9,private-source://routeA_experiments/data/final_ood_frozen_v1/three_hole_asymmetric/sample_0009.npz,9970adef6a8aee3680702738f4b4535ec99d53fd695e57178ef1d947c3890f8c,0.003851046785712242,0.09336714316999847,0.9670774066687097,1.5566673809662461,0.380750608863309,0.6407892912626264
fine_control,45,three_hole_asymmetric,10,private-source://routeA_experiments/data/final_ood_frozen_v1/three_hole_asymmetric/sample_0010.npz,ca5bef464b218ce33227b66ed886a6d671ca7ebab5b66b551b37435087ee4d86,0.0038500428199768066,0.09504756951446755,0.9780553560020848,0.8453184887766838,0.447665866027819,0.7128819823265076
fine_control,45,three_hole_asymmetric,11,private-source://routeA_experiments/data/final_ood_frozen_v1/three_hole_asymmetric/sample_0011.npz,ed6e65591f32cddee3a621d0a802c4d3ce1e222eac7e0ad7a6d66916367e9015,0.003967170603573322,0.08506139548273899,0.9717118968142118,0.8928569480776787,0.36701140366494656,0.6342333521693944
fine_control,45,three_hole_asymmetric,12,private-source://routeA_experiments/data/final_ood_frozen_v1/three_hole_asymmetric/sample_0012.npz,81ff39c1f360e63cd187c00763f0e47af4b7b964b23c0036bbcc2118bcfa7335,0.0038413824513554573,0.09357339436853793,0.9426440210681016,0.8343439046293497,0.44506702199578285,0.6453299600630992
fine_control,45,three_hole_asymmetric,13,private-source://routeA_experiments/data/final_ood_frozen_v1/three_hole_asymmetric/sample_0013.npz,7b336e409d0b1be61aa8152652f7727a997afad669670d5dbedef898f8385d62,0.0038206614553928375,0.08584513248031865,1.013722770399267,1.3596199490129948,0.3388688378036022,0.6848458960652348
fine_control,45,three_hole_asymmetric,14,private-source://routeA_experiments/data/final_ood_frozen_v1/three_hole_asymmetric/sample_0014.npz,14b2727426b78377e48754867160238048d5c11e6a60c8244c17e2f5d349c674,0.0037909140810370445,0.08343131063574717,0.8869391225924896,0.6347158551216125,0.4226805306971073,0.5572091251611706
fine_control,45,three_hole_asymmetric,15,private-source://routeA_experiments/data/final_ood_frozen_v1/three_hole_asymmetric/sample_0015.npz,f1f557f0e4338c64350ec1c2218ae556b5ee258eeeb85ed87e15e06d69e7949f,0.0038083894178271294,0.09793814902945443,1.2477120732847724,0.8870214314665645,0.4737498895265162,0.6955429940950123
fine_control,45,three_hole_asymmetric,16,private-source://routeA_experiments/data/final_ood_frozen_v1/three_hole_asymmetric/sample_0016.npz,e72396fee8a43a2b8ddefe735291ca8705c65690b680b4a18f84ae974e873213,0.00406226422637701,0.09900909804408269,1.1345899425879573,0.8815701678395271,0.4350584053900093,0.7057431191205977
fine_control,45,three_hole_asymmetric,17,private-source://routeA_experiments/data/final_ood_frozen_v1/three_hole_asymmetric/sample_0017.npz,e985edd4b5fd67f0812b23ba168c67faea3aeed38dc497bd3554f7bd6760ce23,0.00415043905377388,0.10476763003626688,1.1849525356076351,0.9249959327280521,0.46987735270522535,0.6975749879144125
fine_control,45,three_hole_asymmetric,18,private-source://routeA_experiments/data/final_ood_frozen_v1/three_hole_asymmetric/sample_0018.npz,822a1ae4756152a1ca58caa1ec6d5f81a08654b749358283fdc1e93ee4e96c05,0.004309029318392277,0.09689984818812654,0.8497303631824711,0.8007900938391685,0.44785960437729955,0.6509590715169895
fine_control,45,three_hole_asymmetric,19,private-source://routeA_experiments/data/final_ood_frozen_v1/three_hole_asymmetric/sample_0019.npz,930b0ac62993246d762ab2fade330a6323a28dfa631309dcd025ccc1955464d2,0.004278705455362797,0.09991630290880459,1.0349269995869574,0.7991854026913643,0.4505403358489275,0.5718925535678863
fine_control,45,three_hole_asymmetric,20,private-source://routeA_experiments/data/final_ood_frozen_v1/three_hole_asymmetric/sample_0020.npz,ebe95ab8adce4e5f03a8c032f3f82d5b37362c40745ec8db423913bbcdbc36cc,0.0042533548548817635,0.08920443441130273,1.1442211358227221,0.8384894356131554,0.45010379527229816,0.6500851076096295
fine_control,45,three_hole_asymmetric,21,private-source://routeA_experiments/data/final_ood_frozen_v1/three_hole_asymmetric/sample_0021.npz,54558d7be0dcfa75da26d4b23bc274c3c188b6521dea1d6a7af66329fa9f8251,0.004264418967068195,0.09772170362739338,0.8705162942006496,0.8346894755959511,0.4603305245982483,0.682843644171953
fine_control,45,three_hole_asymmetric,22,private-source://routeA_experiments/data/final_ood_frozen_v1/three_hole_asymmetric/sample_0022.npz,6bdc3c8942ace2076e15642c82251ef4fb1abdcb025262d5cbf4bf8159949c89,0.004285095259547234,0.09766443897247837,1.1395435450359284,0.8694037515670061,0.44538903745706193,0.7389977249084034
fine_control,45,three_hole_asymmetric,23,private-source://routeA_experiments/data/final_ood_frozen_v1/three_hole_asymmetric/sample_0023.npz,fb7b07378547ca5def525e00c556fd80770b515ccf896b8db2c472e26a09e5de,0.0040358928963541985,0.09407702168074462,1.5437100852482366,0.9059006124734879,0.4168698415160179,0.6575893979519605
fine_control,45,three_hole_asymmetric,24,private-source://routeA_experiments/data/final_ood_frozen_v1/three_hole_asymmetric/sample_0024.npz,2db1bdfbff80836e6a8d01f12b7e3e3ccb933bc7fa29a6c580e28e0a5d564196,0.004077554680407047,0.09866748117240129,0.9777627510531459,1.000491364626214,0.44923993782140315,0.7993150185793638
fine_control,45,three_hole_asymmetric,25,private-source://routeA_experiments/data/final_ood_frozen_v1/three_hole_asymmetric/sample_0025.npz,d3dd37382fca909602f329cf5ca0868fdf4906bc68d239b517c7b63904d4d71e,0.003851698711514473,0.10067066492590636,0.9832694217777742,0.8022332340478897,0.4848111569881439,0.7214749475941057
fine_control,45,three_hole_asymmetric,26,private-source://routeA_experiments/data/final_ood_frozen_v1/three_hole_asymmetric/sample_0026.npz,ab2b827142dff4076d7ccc83b71215ae118cd4367f57c2e1f1a596a261244546,0.0038537494838237762,0.10017771703141586,0.936253647032018,1.1978007415309548,0.41843101067934185,0.7370535198599095
fine_control,45,three_hole_asymmetric,27,private-source://routeA_experiments/data/final_ood_frozen_v1/three_hole_asymmetric/sample_0027.npz,502e0384dcc52c88b8d7686ef96396b3cb52f6aaceef7f024eb2b099d1a4007a,0.0038718879222869873,0.0979075646588842,1.4803199950660004,1.0078785740188323,0.47352556613441266,0.7533219703735077
fine_control,45,three_hole_asymmetric,28,private-source://routeA_experiments/data/final_ood_frozen_v1/three_hole_asymmetric/sample_0028.npz,9350fce83bcaffdab0c4c8e8d9620ad9255df6368a78acb778f31f6d4d74c766,0.003824422135949135,0.08956029964649619,1.0984554879833182,1.132503956090659,0.4074037466198206,0.6661529604345557
fine_control,45,three_hole_asymmetric,29,private-source://routeA_experiments/data/final_ood_frozen_v1/three_hole_asymmetric/sample_0029.npz,f5870c4d60ab26a07f238eaa0997f6136bebb56604eb5c97e4b9a2fda2f9dc4e,0.0038269106298685074,0.09464013592146824,0.7229396709115606,0.7618872746825218,0.42521702870726585,0.6069512947113246
fine_control,45,three_hole_asymmetric,30,private-source://routeA_experiments/data/final_ood_frozen_v1/three_hole_asymmetric/sample_0030.npz,6fd7dea4e1eb48c71994c0c450b08928f5ea2504ed659d879044b9b6c1644f3b,0.004149134270846844,0.08055305455054997,1.1188877263820491,0.8789307028055191,0.3769437298178673,0.630957693234086
fine_control,45,three_hole_asymmetric,31,private-source://routeA_experiments/data/final_ood_frozen_v1/three_hole_asymmetric/sample_0031.npz,4ba2ed02c426f61c1986b2240ee86afd7314ebbbe8b539e56f9600ba0cbbc1d6,0.004114206880331039,0.08471797264756534,1.011927883356893,0.8004899471998215,0.3737892434000969,0.6272245492786164
fine_control,45,three_hole_asymmetric,32,private-source://routeA_experiments/data/final_ood_frozen_v1/three_hole_asymmetric/sample_0032.npz,19561acd47d971095affbf1d7482c2543969e7efe2e017cce9662594c2409591,0.004274447448551655,0.09883168764317157,1.132898871271765,0.7887949049472809,0.4281530807202216,0.6359961163485421
fine_control,45,three_hole_asymmetric,33,private-source://routeA_experiments/data/final_ood_frozen_v1/three_hole_asymmetric/sample_0033.npz,299a816b59d1641a415a05ef717681b17573aad62ca3c0dc9711e90793f0d5b1,0.0038338853046298027,0.09869181400385155,1.0816781166441674,0.8866289034485817,0.42124858556780964,0.6508254151791333
fine_control,45,three_hole_asymmetric,34,private-source://routeA_experiments/data/final_ood_frozen_v1/three_hole_asymmetric/sample_0034.npz,d9c1345372b974ce89c979d52478ef6d491162f017535e9466a777f808423d7d,0.00386599637567997,0.09406113791322325,0.9693217185571871,0.8891811445355415,0.4066286405759456,0.6603856310248373
fine_control,45,three_hole_asymmetric,35,private-source://routeA_experiments/data/final_ood_frozen_v1/three_hole_asymmetric/sample_0035.npz,bbc5468f3342befdbe4e2f23d133af48d348c7ec0465af4103305de397fa0309,0.003781396895647049,0.08495620625935812,0.8132778846433854,0.7365448102355003,0.37613705545663834,0.5831767506897447
fine_control,45,three_hole_asymmetric,36,private-source://routeA_experiments/data/final_ood_frozen_v1/three_hole_asymmetric/sample_0036.npz,f42f3b5b47bedfb758af7282d3853313d2f8cd91228aa5ad8456fe5f4ab773e7,0.003833005204796791,0.08324023088936443,0.7025487162754565,0.8020863756537437,0.36807328928261995,0.6323967579752203
fine_control,45,three_hole_asymmetric,37,private-source://routeA_experiments/data/final_ood_frozen_v1/three_hole_asymmetric/sample_0037.npz,70b02216f9922d40a0913ae98c1656101a148ee3d0036600db73f132e9e21930,0.00376003235578537,0.09195042680670415,0.9594837533304843,0.8996516540646553,0.4342712154611945,0.7103103694505976
fine_control,45,three_hole_asymmetric,38,private-source://routeA_experiments/data/final_ood_frozen_v1/three_hole_asymmetric/sample_0038.npz,fa7d466e58601cc7ae42f28b80b74fe105c87c60ec45af33a67b9404e69917f3,0.003788979724049568,0.08388337545666315,0.7396632339878487,0.825873926281929,0.3949731532484293,0.58124528452754
fine_control,45,three_hole_asymmetric,39,private-source://routeA_experiments/data/final_ood_frozen_v1/three_hole_asymmetric/sample_0039.npz,6729ed9a2fcaa8077240d781da78727ef103709fb74147547087f09e654d3eeb,0.0038909288123250008,0.07623103146374921,0.7351567362006508,0.8071721121668816,0.29586501233279705,0.5841966193169355
fine_control,45,three_hole_asymmetric,40,private-source://routeA_experiments/data/final_ood_frozen_v1/three_hole_asymmetric/sample_0040.npz,4dc1b2b4a3bf9267ac51874c458885168a31fd1142276944c4d12ad9b44e5100,0.004109734669327736,0.09794814295116439,1.104133405415768,0.885916305705905,0.40392267669085413,0.7388715487904844
fine_control,45,three_hole_asymmetric,41,private-source://routeA_experiments/data/final_ood_frozen_v1/three_hole_asymmetric/sample_0041.npz,1b3c5a766f7f80111c7c5b2d1e785760caa4ac76416598c810f62f378e2dbb64,0.0040505025535821915,0.105630954906182,1.1565102718328597,0.9756268244236708,0.486433929647319,0.6669208571314811
fine_control,45,three_hole_asymmetric,42,private-source://routeA_experiments/data/final_ood_frozen_v1/three_hole_asymmetric/sample_0042.npz,71baba454d946efdf1ed77d43d057be7b5cb937b31204d3f9a34e5b759e1f944,0.004239211790263653,0.07652537565551207,0.6794412063886667,0.6361042857170105,0.3283516289666295,0.5192380115389823
fine_control,45,three_hole_asymmetric,43,private-source://routeA_experiments/data/final_ood_frozen_v1/three_hole_asymmetric/sample_0043.npz,2ede2163e09a9b392d4845b6523de16898b67b651acecab632146f022bcfc1f4,0.003993986174464226,0.09375737064391518,0.9592882494301064,0.8210272174328566,0.41264430453884415,0.6000106602907179
fine_control,45,three_hole_asymmetric,44,private-source://routeA_experiments/data/final_ood_frozen_v1/three_hole_asymmetric/sample_0044.npz,752790623dc514ac3a960bd67bd0cc3d73c861a4598060b92da04b2669e579d1,0.003849363885819912,0.1031578529324437,1.551846905441934,1.2453497495735064,0.4496614070958458,0.7282920422265305
fine_control,45,three_hole_asymmetric,45,private-source://routeA_experiments/data/final_ood_frozen_v1/three_hole_asymmetric/sample_0045.npz,f93c887a4af2aa5861e233d5e8c99ba90ed0d24be1f48007e736b60f2d82baa0,0.0038849320262670517,0.07367336436727431,0.9651086600558181,0.8179456740617752,0.290011128410697,0.4858168125152586
fine_control,45,three_hole_asymmetric,46,private-source://routeA_experiments/data/final_ood_frozen_v1/three_hole_asymmetric/sample_0046.npz,7d5d9a6e64d8ae8a1e9c7319dfb573f33de06eedee213c902c4b6812faa42d0f,0.0038459505885839462,0.10914670293108442,1.3763863077360905,0.8941481485962868,0.49624277581460774,0.7427043076138923
fine_control,45,three_hole_asymmetric,47,private-source://routeA_experiments/data/final_ood_frozen_v1/three_hole_asymmetric/sample_0047.npz,95e07fc5463827a0ac7d058d0e1aeb9765b781fcc9901e3615d3cde6d0c42f72,0.0038865599781274796,0.10449525078215385,0.9031074499878555,0.814784643240273,0.46337219327688217,0.6802760507911442
fine_control,45,three_hole_asymmetric,48,private-source://routeA_experiments/data/final_ood_frozen_v1/three_hole_asymmetric/sample_0048.npz,741a820e5ca03d114c8d4ed90e51db19c9ac4733b4f826ec2ddcc36cdcac9b62,0.003795737400650978,0.09050353878990978,0.7350805517418755,0.7307659834623337,0.40558449551463127,0.5445652894675731
fine_control,45,three_hole_asymmetric,49,private-source://routeA_experiments/data/final_ood_frozen_v1/three_hole_asymmetric/sample_0049.npz,9317a9055bfd4093fea4ae0bf2d7e1d3d9c8669629d159a06ce9f1c11ad7714e,0.003866983577609062,0.09471717840708245,1.0875091150659495,0.8896604105830193,0.4349013385362923,0.6511136960238216
fine_control,45,three_hole_asymmetric,50,private-source://routeA_experiments/data/final_ood_frozen_v1/three_hole_asymmetric/sample_0050.npz,88a36cb1ba6df1b25c02998dd5f645924a13a886bbdfd8571e6f74a10d39880a,0.003860490396618843,0.09044991264671003,1.044921530340323,1.2655795476166531,0.32859841361641884,0.7073039431124915
fine_control,45,three_hole_asymmetric,51,private-source://routeA_experiments/data/final_ood_frozen_v1/three_hole_asymmetric/sample_0051.npz,4d85c5da827c71859348f936a1bae9663c3aa6086f7d0a08035af48235a64ac0,0.0038733333349227905,0.09560834195715667,1.1671810381155714,0.9150861189700663,0.4360772911750246,0.6601791312918066
fine_control,45,three_hole_asymmetric,52,private-source://routeA_experiments/data/final_ood_frozen_v1/three_hole_asymmetric/sample_0052.npz,89347f4a5c2576ca481b684f9f7a77f38b7ae53c4ffdc77eeb307666b58e7af9,0.0038951868191361427,0.09041710784414696,0.9915332273627029,0.7906458526849747,0.4487619020510465,0.64455082193017
fine_control,45,three_hole_asymmetric,53,private-source://routeA_experiments/data/final_ood_frozen_v1/three_hole_asymmetric/sample_0053.npz,68b58c6932346fa5b469420b06037edb861502f1184f5455c6a69240285d7df0,0.003927641548216343,0.07016421819975475,0.6728895690812676,0.7806719392538071,0.2687759306281805,0.4749361321330069
fine_control,45,three_hole_asymmetric,54,private-source://routeA_experiments/data/final_ood_frozen_v1/three_hole_asymmetric/sample_0054.npz,8a3d74a7607b5928b4762b9ca74c6b9275b177ed92746be0574f4816d05444cd,0.0038393130525946617,0.09958306183423617,1.1115049305396958,0.9220674728858285,0.4545381751595414,0.7360981553792946
fine_control,45,three_hole_asymmetric,55,private-source://routeA_experiments/data/final_ood_frozen_v1/three_hole_asymmetric/sample_0055.npz,35e8e631f17a95d6289143b7bc8633f62ae4fcbfedd60929228f07fdfb4340db,0.003899841569364071,0.10133160700713775,1.231475676178855,0.8968280404806137,0.47429744657711126,0.6898840416222801
fine_control,45,three_hole_asymmetric,56,private-source://routeA_experiments/data/final_ood_frozen_v1/three_hole_asymmetric/sample_0056.npz,445a3665a73f0ceaa2ced3d30b7da490d69d77b0d8a04d8eeb849db3eed04dd1,0.0038766348734498024,0.07673518940791864,0.8853227613445943,0.9266197383403778,0.34724415466189384,0.6250532317906617
fine_control,45,three_hole_asymmetric,57,private-source://routeA_experiments/data/final_ood_frozen_v1/three_hole_asymmetric/sample_0057.npz,e6cd4f4e82b85801bd6e1f55cd798f136d06cef8b5699b3b132aae856fc4f8c6,0.003937559202313423,0.09956177533225073,0.9331537580680006,0.8769608968868852,0.4158498626202345,0.7099390245974063
fine_control,45,three_hole_asymmetric,58,private-source://routeA_experiments/data/final_ood_frozen_v1/three_hole_asymmetric/sample_0058.npz,cd8c02f16d5cb5b76ccf7d1ec24d90c99eadd3a3beb517f14abd993c4185db88,0.0038184821605682373,0.08715933879696362,0.8017486034212957,0.8357264399528503,0.38438756263349205,0.5882746156305074
fine_control,45,three_hole_asymmetric,59,private-source://routeA_experiments/data/final_ood_frozen_v1/three_hole_asymmetric/sample_0059.npz,8b2f19de3b7d84f2e94fee0e2534974e7bb4e568d67f3a1c9928750c5d681d54,0.004364366643130779,0.0970673895034557,0.8086176194898215,0.838406965136528,0.41645459400024265,0.6308539237827061
fine_control,45,three_hole_asymmetric,60,private-source://routeA_experiments/data/final_ood_frozen_v1/three_hole_asymmetric/sample_0060.npz,9a762eaafc0ad4943d42da4f1c2f1324b21b6ee9e3faaf6bd0e21961c2c74f37,0.004277709871530533,0.09789758776714808,1.0825265694576613,0.7824053317308426,0.463132431730628,0.6544013408012687
fine_control,45,three_hole_asymmetric,61,private-source://routeA_experiments/data/final_ood_frozen_v1/three_hole_asymmetric/sample_0061.npz,f363192d56ff237222c6af805a0435cdace76f73899372ae7a684b627192c2cf,0.00424953643232584,0.06727905674789322,0.6573011258647684,0.727423220872879,0.2874453105032444,0.45665157809853485
fine_control,45,three_hole_asymmetric,62,private-source://routeA_experiments/data/final_ood_frozen_v1/three_hole_asymmetric/sample_0062.npz,2f26a4605d7e2c878f5be76227c29d3c349d949c85a3fd078ad080cee6cfff90,0.00422152504324913,0.09717089521384902,0.975773231093455,0.8635499775409698,0.4599948854302056,0.7238530378788707
fine_control,45,three_hole_asymmetric,63,private-source://routeA_experiments/data/final_ood_frozen_v1/three_hole_asymmetric/sample_0063.npz,17c7bdafaf1ee584c9e013fbb7431229a839fea3282cdae21417ce64c07803f3,0.0042714932933449745,0.08043805839819346,0.7701943291807929,1.1562103144824505,0.3707657514605671,0.534136600466445
fine_control,45,three_hole_asymmetric,64,private-source://routeA_experiments/data/final_ood_frozen_v1/three_hole_asymmetric/sample_0064.npz,793cbf94a8f0ee09dd55e7baf6508b26cc685f59f0c6758686e2412286c50e95,0.003778724931180477,0.10353612228678964,0.8680098544577688,0.8596849739551544,0.4520335041452199,0.7250819906592361
fine_control,45,three_hole_asymmetric,65,private-source://routeA_experiments/data/final_ood_frozen_v1/three_hole_asymmetric/sample_0065.npz,1a010370114984ac96012fd00665935431ad026ab4d7339462e9ede18dcde1d9,0.0038662580773234367,0.09162298824332794,1.04240763856572,1.0742805595509708,0.3578177746385336,0.6212607458233831
fine_control,45,three_hole_asymmetric,66,private-source://routeA_experiments/data/final_ood_frozen_v1/three_hole_asymmetric/sample_0066.npz,b4fb5ef8fe25b228082cf73d25bf64834fc6a386885f1003e912cc5461f36d56,0.0038071228191256523,0.0950127593232537,1.046827039665921,0.8521156292408705,0.45587052300106734,0.6692522553727028
fine_control,45,three_hole_asymmetric,67,private-source://routeA_experiments/data/final_ood_frozen_v1/three_hole_asymmetric/sample_0067.npz,9966203f8926dbc05a509af06ae061895e57e0716bd5f4d7fbf1f94ef0a45954,0.0040605878457427025,0.08104563311440705,0.9388238733432084,0.7363995760679245,0.3954086252488196,0.5404765993356703
fine_control,45,three_hole_asymmetric,68,private-source://routeA_experiments/data/final_ood_frozen_v1/three_hole_asymmetric/sample_0068.npz,3441c1ef60f7fd85c99941996ff1e1187f19859561c6ad1e959ad510a070dfcb,0.004337836056947708,0.10291709177539292,1.11313430801665,1.1380671486258507,0.4793410957790911,0.7746366016566747
fine_control,45,three_hole_asymmetric,69,private-source://routeA_experiments/data/final_ood_frozen_v1/three_hole_asymmetric/sample_0069.npz,957b4c4b2aca791503277fca2b6d349af9cb542bc497b1dfb5a2641ef5e16b1e,0.004344256594777107,0.1048648860190143,1.05422837620988,0.8772794753313065,0.48771973815746605,0.7325381174683567
fine_control,45,three_hole_asymmetric,70,private-source://routeA_experiments/data/final_ood_frozen_v1/three_hole_asymmetric/sample_0070.npz,bf042f87f987b456925f37ee22c985a855b18b686770e5b97a394d3c0c2acbe6,0.004299920052289963,0.09485924141233289,1.004382072606551,0.8512566834688187,0.42449627196765505,0.6618947215378279
fine_control,45,three_hole_asymmetric,71,private-source://routeA_experiments/data/final_ood_frozen_v1/three_hole_asymmetric/sample_0071.npz,d8ecc3806b2dd2950185d128052672533a7ecff47ea474de8708ce8b3e391105,0.004236113280057907,0.07112861908229613,0.8952655549666908,0.8313278704881668,0.24651085073128343,0.4866423811763518
fine_control,45,three_hole_asymmetric,72,private-source://routeA_experiments/data/final_ood_frozen_v1/three_hole_asymmetric/sample_0072.npz,6fb1d638377a02897f21ad9678d3a93e1ed734ef1ade5a6f69a1c16b0d92646b,0.004282618872821331,0.09371245337951283,1.2482021648290107,0.8900245577096939,0.4589426824823022,0.7168909516185521
fine_control,45,three_hole_asymmetric,73,private-source://routeA_experiments/data/final_ood_frozen_v1/three_hole_asymmetric/sample_0073.npz,aa1f55a954bf5a5a2a0fc55c80c60d0c6c3bcfed40697329e85d1f1150b3beb1,0.0042455485090613365,0.0857120347122627,0.9858545052131779,0.9142378568649292,0.38758599758148193,0.6012084227055309
fine_control,45,three_hole_asymmetric,74,private-source://routeA_experiments/data/final_ood_frozen_v1/three_hole_asymmetric/sample_0074.npz,7efa7bbcf05970d90ea88b07b297960e2591bdf9454367d39202dd0eea0baf1c,0.004068862646818161,0.08436311111961678,1.0352893743454856,0.8376329839229584,0.3966585318557918,0.598352250829339
fine_control,45,three_hole_asymmetric,75,private-source://routeA_experiments/data/final_ood_frozen_v1/three_hole_asymmetric/sample_0075.npz,797d1d48df61dcc794ea9c42bd7cbe3fb5904ac3207e4c22d07fd98d6cba6889,0.0037905005738139153,0.09581085625957658,0.9396774203680227,0.8778178170323372,0.44412287324666977,0.6937520653009412
fine_control,45,three_hole_asymmetric,76,private-source://routeA_experiments/data/final_ood_frozen_v1/three_hole_asymmetric/sample_0076.npz,ed8628f781c6e4e0f944c54b129e12897361e0950bc2b545bb2c4111835b1aa3,0.0038853660225868225,0.09698019561163462,1.1687022601374983,0.9585547223687172,0.3970157608273439,0.6294494711793958
fine_control,45,three_hole_asymmetric,77,private-source://routeA_experiments/data/final_ood_frozen_v1/three_hole_asymmetric/sample_0077.npz,e1e3d0aa07a5e03fbc7d7cd2e5822d6d019cc78a74b2a133771301fca0c23ab6,0.0038367584347724915,0.10317989697935437,0.8873442641054677,0.8331244438886642,0.4677065904252231,0.6963630180805921
fine_control,45,three_hole_asymmetric,78,private-source://routeA_experiments/data/final_ood_frozen_v1/three_hole_asymmetric/sample_0078.npz,b8c9c9f9a9d7c2106857e098ccf52a7ed33b76dda547cbe28fa76263b27cde39,0.004123392514884472,0.10144944891715806,1.0686978273362189,1.2833166411146522,0.48514961267937906,0.7012491842731826
fine_control,45,three_hole_asymmetric,79,private-source://routeA_experiments/data/final_ood_frozen_v1/three_hole_asymmetric/sample_0079.npz,6600329ca06c105c508bd49db109ca5aa0861398ccd222389fac3dd5f02b058c,0.004138429649174213,0.09695231573498413,1.277407241712264,0.8004365609958768,0.44709628184500616,0.6384382133197504
fine_control,45,three_hole_asymmetric,80,private-source://routeA_experiments/data/final_ood_frozen_v1/three_hole_asymmetric/sample_0080.npz,ffbc158abeb51a4eb3928201634706c040d340dabbe33426cdc7b7127fe13543,0.0038244714960455894,0.08510231879295384,0.9689048320858232,0.9935592636466026,0.3782231560908258,0.6189937543123959
fine_control,45,three_hole_asymmetric,81,private-source://routeA_experiments/data/final_ood_frozen_v1/three_hole_asymmetric/sample_0081.npz,a87e60b7c7797fddf37237be730cdc9809205a80b44cb6b2262de1a6d7645693,0.0038704536855220795,0.0912910466607318,1.065257836552947,0.8595379143953323,0.4606423128861934,0.6313916825689375
fine_control,45,three_hole_asymmetric,82,private-source://routeA_experiments/data/final_ood_frozen_v1/three_hole_asymmetric/sample_0082.npz,067daeb253b7553c2df8a4b49429eea3aa5169264dc4c11e08a931320e7ddff4,0.003867042250931263,0.06953909257993542,0.6883106029372749,0.802858754992485,0.2559024477377534,0.4438329722732299
fine_control,45,three_hole_asymmetric,83,private-source://routeA_experiments/data/final_ood_frozen_v1/three_hole_asymmetric/sample_0083.npz,f1d60eebc050728f5777b4668048e76d34dee796f6835ce90e1158999fa44fd4,0.003863159567117691,0.09632421710568352,1.1819557086081203,1.0765170827507973,0.4808954590407666,0.7046697176992891
fine_control,45,three_hole_asymmetric,84,private-source://routeA_experiments/data/final_ood_frozen_v1/three_hole_asymmetric/sample_0084.npz,412d7cf0b8e7473beabae2d73d6f51672f2e2290c5eb4f6594fefd3da8d64992,0.003873673267662525,0.08841332190198484,0.8547523551135622,0.7828752547502518,0.4108239965280518,0.6527192071080196
fine_control,45,three_hole_asymmetric,85,private-source://routeA_experiments/data/final_ood_frozen_v1/three_hole_asymmetric/sample_0085.npz,254ac982dfb840962b732a7f58d26007ad7175788b3d22740ac1a0de93037713,0.004134541377425194,0.06540973561846303,0.5816525167660325,0.6959931030869484,0.2693515233695507,0.4181390605866904
fine_control,45,three_hole_asymmetric,86,private-source://routeA_experiments/data/final_ood_frozen_v1/three_hole_asymmetric/sample_0086.npz,c521fb24ed492b9981db7f659459473625677c7b0d7e4c9095384fc6551b4657,0.004294653423130512,0.10296823258875747,1.600220376356268,0.9220352098345757,0.4883485264144838,0.6902423465129683
fine_control,45,three_hole_asymmetric,87,private-source://routeA_experiments/data/final_ood_frozen_v1/three_hole_asymmetric/sample_0087.npz,7946973bee1306c79f4c36bb2e32fb4b5c210f4c5eee0944367ba30e9fdd9e31,0.0042947083711624146,0.06703768727436268,0.7031880880744965,0.755229577422142,0.2457955814898014,0.4087492868304252
fine_control,45,three_hole_asymmetric,88,private-source://routeA_experiments/data/final_ood_frozen_v1/three_hole_asymmetric/sample_0088.npz,11f5514ff6bbacbe263aded7875193bf5aad8a00011357f6c74f2f464c5b23a1,0.004283668473362923,0.09498151675962468,0.8497373132278907,0.7936116382479668,0.3999895317829214,0.6226883876137435
fine_control,45,three_hole_asymmetric,89,private-source://routeA_experiments/data/final_ood_frozen_v1/three_hole_asymmetric/sample_0089.npz,a61b51e0b645bb67e96064efeeb018bd2d7b048c8350145b4efca94cd3cced4a,0.004041533917188644,0.09160344439382487,0.8212131746368083,0.8487277626991272,0.4438637401908636,0.6400051981210707
fine_control,45,three_hole_asymmetric,90,private-source://routeA_experiments/data/final_ood_frozen_v1/three_hole_asymmetric/sample_0090.npz,f238f1b73bfe633977814f4ee8efd7678f1da09cdadc96667ab86b42fd9c84b8,0.0037768715992569923,0.10565331147411197,1.1701887044470374,0.9026833865791559,0.4636312590446323,0.7067450536414979
fine_control,45,three_hole_asymmetric,91,private-source://routeA_experiments/data/final_ood_frozen_v1/three_hole_asymmetric/sample_0091.npz,908dee8055af09e682db2290282512110ad8b8134b5a3c698b0b1e27d1298733,0.0038809869438409805,0.07112101109168616,0.681638060923807,0.7341330349445343,0.30207131803035736,0.5534392153844235
fine_control,45,three_hole_asymmetric,92,private-source://routeA_experiments/data/final_ood_frozen_v1/three_hole_asymmetric/sample_0092.npz,235f3d7bb93d6ff69897dc532f9c0175c97fc98f43fc1a6c18061f36b3b6c3ef,0.0038778306916356087,0.09469674157984655,0.8236277221252594,0.804889976978302,0.4386812224984169,0.6301037862896919
fine_control,45,three_hole_asymmetric,93,private-source://routeA_experiments/data/final_ood_frozen_v1/three_hole_asymmetric/sample_0093.npz,a7d0da11a92287a27a4a6c11ca702f3f2f17ff721a0f0279d690f8abf94252be,0.004136636853218079,0.06501775596129232,0.6190974382430788,0.5748310089111328,0.2439119964838028,0.40420390293002095
fine_control,45,three_hole_asymmetric,94,private-source://routeA_experiments/data/final_ood_frozen_v1/three_hole_asymmetric/sample_0094.npz,d0aa584876f99691aeeb8026d5ead955e7cc17621019a851ef37a13edaf58971,0.004057230427861214,0.08916222910921552,0.9353415556293099,1.333654373884201,0.4193013271869859,0.6107380184810605
fine_control,45,three_hole_asymmetric,95,private-source://routeA_experiments/data/final_ood_frozen_v1/three_hole_asymmetric/sample_0095.npz,d203d6745345a12b29597ac2d26caea89ab17bb23083688666fb462296530e05,0.004111558198928833,0.09169811508129828,0.9638073962416697,0.7715866714715958,0.41775056812912226,0.6399783743545411
fine_control,45,three_hole_asymmetric,96,private-source://routeA_experiments/data/final_ood_frozen_v1/three_hole_asymmetric/sample_0096.npz,78f0808d535501b8d16b5386431081df41fe126d96ffeb5bfc34b71693bd5714,0.004227095283567905,0.09871233955764935,1.1833312224242167,0.9552650228142738,0.44865917711285874,0.7507294116076073
fine_control,45,three_hole_asymmetric,97,private-source://routeA_experiments/data/final_ood_frozen_v1/three_hole_asymmetric/sample_0097.npz,a19b074a2ef168ce2028edf5abd4394ddadac3e42eb7badae29852dcd87b8c01,0.004249864257872105,0.09690529131617082,1.0155884155901613,1.1448423080146313,0.4639536691829562,0.6405386221595103
fine_control,45,three_hole_asymmetric,98,private-source://routeA_experiments/data/final_ood_frozen_v1/three_hole_asymmetric/sample_0098.npz,e628a052cb301d1ccddc36abc3e756605d05d755311cc580cb8638d0283e8a28,0.003851308487355709,0.08101086631476706,0.9145250853610757,0.8294618427753448,0.338807282038033,0.6037434041500087
fine_control,45,three_hole_asymmetric,99,private-source://routeA_experiments/data/final_ood_frozen_v1/three_hole_asymmetric/sample_0099.npz,c4c58ccc92851ab150fbcfb7929b45da22b8f4be00f48239dbac5a4033fb8247,0.0037974193692207336,0.08303008255465813,0.8952280227379956,1.0044592916965485,0.3394659385085106,0.5962356753647321
fine_control,45,three_hole_asymmetric,100,private-source://routeA_experiments/data/final_ood_frozen_v1/three_hole_asymmetric/sample_0100.npz,7735aa807c0bade0596ab7163387935e7d8a6420ea91ac0b71468f037f55c595,0.003841203637421131,0.08720008019413149,0.7549878250787809,0.7967275306582451,0.3853947236202657,0.5642482865601777
fine_control,45,three_hole_asymmetric,101,private-source://routeA_experiments/data/final_ood_frozen_v1/three_hole_asymmetric/sample_0101.npz,50903f9da861e8e4b8d2ee84d0c4eea498c76f1b91f5cc6b26cca7661f51f13b,0.003771889954805374,0.10930779466361264,1.266694052533669,0.9268899783492088,0.5032714093686081,0.7131944857537745
fine_control,45,three_hole_asymmetric,102,private-source://routeA_experiments/data/final_ood_frozen_v1/three_hole_asymmetric/sample_0102.npz,393185e3a3667ce8030757bd68d94410eee1772700c16b445a0af74c993e2d3e,0.003849905915558338,0.10431545126131025,1.345381918937912,0.9317786693572998,0.5056203603744507,0.7226208958774802
fine_control,45,three_hole_asymmetric,103,private-source://routeA_experiments/data/final_ood_frozen_v1/three_hole_asymmetric/sample_0103.npz,d8e3e01787f23ef6a1dabb9edf23da79e0637aeb7fd538143355fccbedc02bc1,0.004082782194018364,0.10204598923418255,0.8420559597367593,0.8282148689031601,0.4641394820064306,0.6728302387055006
fine_control,45,three_hole_asymmetric,104,private-source://routeA_experiments/data/final_ood_frozen_v1/three_hole_asymmetric/sample_0104.npz,d6cc18e29b7582dec1b5602f9fa8218e7d40d0e0ed08552c1d6acc779fc36a17,0.004328710027039051,0.09451649976733818,1.2059254566985382,1.3025329576339573,0.4551820226915879,0.7809179201722143
fine_control,45,three_hole_asymmetric,105,private-source://routeA_experiments/data/final_ood_frozen_v1/three_hole_asymmetric/sample_0105.npz,35bd0c998f7436861f71be50f8aba64a3461c822cf292b3e6694660f55a3b0f1,0.004280910827219486,0.09488277778509864,0.8263810025336651,0.8788513615727425,0.4646013993769884,0.7120345275849099
fine_control,45,three_hole_asymmetric,106,private-source://routeA_experiments/data/final_ood_frozen_v1/three_hole_asymmetric/sample_0106.npz,6888edd52db8cf29388af634eedf7f9be35793c07c18644b7f86f8a441acc780,0.004032760858535767,0.07517088109547165,0.7428978456991189,0.905512866564095,0.32070331275463104,0.5020740941166876
fine_control,45,three_hole_asymmetric,107,private-source://routeA_experiments/data/final_ood_frozen_v1/three_hole_asymmetric/sample_0107.npz,40b2ef1f23b501bfde64a13fe7258035909f0d78e1d54eb6e1443c804305ecf4,0.003856777213513851,0.09877959485141265,1.6128087181842978,0.946003683435265,0.43758287566015497,0.7054077816836066
fine_control,45,three_hole_asymmetric,108,private-source://routeA_experiments/data/final_ood_frozen_v1/three_hole_asymmetric/sample_0108.npz,79b8dfa34c2b35a10fea27f09a0f9f798b0367fc5192ed59d1361f1b53799bdd,0.003826390951871872,0.10082897727601857,1.143111027791958,0.8733547627925873,0.48993660684209317,0.6575821265578269
fine_control,45,three_hole_asymmetric,109,private-source://routeA_experiments/data/final_ood_frozen_v1/three_hole_asymmetric/sample_0109.npz,8ce37dd8adb5cefec81dbd0f448aa24fd957fd04fe733656a07aef732c8cc2eb,0.003803987056016922,0.0857337860641679,0.7868177391235022,0.6537589356303215,0.4069906659424305,0.5591906970366828
fine_control,45,three_hole_asymmetric,110,private-source://routeA_experiments/data/final_ood_frozen_v1/three_hole_asymmetric/sample_0110.npz,4f2615c8cb85f9158644a5c730014c3884dbecc44b41e4c6525efb9d86c8caf8,0.003959091380238533,0.1070431703455208,1.2596039699914439,1.0667371908202767,0.5120931557612494,0.7510635804384946
fine_control,45,three_hole_asymmetric,111,private-source://routeA_experiments/data/final_ood_frozen_v1/three_hole_asymmetric/sample_0111.npz,0935578871a0f3a49acfc526c2f37c216dd91c68bd2a8bfb1b536326e94f5a44,0.004082832485437393,0.09760251590925412,1.530113760776829,0.88454320281744,0.4669872995800688,0.6488424379029311
fine_control,45,three_hole_asymmetric,112,private-source://routeA_experiments/data/final_ood_frozen_v1/three_hole_asymmetric/sample_0112.npz,75f3066ea740d92e454646a086e63a485bf69922e759ad6ffeae0e0cb87dfaa8,0.004115504212677479,0.0963500932438997,1.0077687468999004,0.862723134458065,0.44513830775395036,0.7032447978854178
fine_control,45,three_hole_asymmetric,113,private-source://routeA_experiments/data/final_ood_frozen_v1/three_hole_asymmetric/sample_0113.npz,e697a839e7548feb3a5b14360c3973b92e38a87052d3b7365b32a7cd0a753191,0.004262352362275124,0.07426587432836267,0.6688333361505867,0.7370202988386154,0.2932269051671028,0.4957410462200639
fine_control,45,three_hole_asymmetric,114,private-source://routeA_experiments/data/final_ood_frozen_v1/three_hole_asymmetric/sample_0114.npz,7afaaf3601e6ed30886241051a0637c969fab4fdc7321968e3389ce030c7486a,0.0042307935655117035,0.08771664860213658,0.7850423780955783,0.6644888520240784,0.40622319281101227,0.5590657863765953
fine_control,45,three_hole_asymmetric,115,private-source://routeA_experiments/data/final_ood_frozen_v1/three_hole_asymmetric/sample_0115.npz,c61c1f6680ef22cfbb61c3b59a74537ff91a7a97eefe05a24d1215c5eff14175,0.004267428070306778,0.09497105328349316,1.0057864036156652,1.0261054001748562,0.4492495977319777,0.6222037322819232
fine_control,45,three_hole_asymmetric,116,private-source://routeA_experiments/data/final_ood_frozen_v1/three_hole_asymmetric/sample_0116.npz,9630b36b29d980654e8e8af10a050b5b22f9036bbc0eaf53ddfff402e0574e30,0.004298239015042782,0.11050434277550542,1.2068893600566626,0.865347370505333,0.4947576920676511,0.7400901176035402
fine_control,45,three_hole_asymmetric,117,private-source://routeA_experiments/data/final_ood_frozen_v1/three_hole_asymmetric/sample_0117.npz,d3d1cc5eb6165ce5dd1eb46f3b7422b7a91b41002dd8e244fb5807270ef54ae0,0.004277949221432209,0.09252653509147686,1.3429423194658658,0.8686498254537582,0.44291056066867895,0.6688425833825021
fine_control,45,three_hole_asymmetric,118,private-source://routeA_experiments/data/final_ood_frozen_v1/three_hole_asymmetric/sample_0118.npz,8e2be99501a03f3deba60278c03b5af400416cb985c121c2fa7d7d7827ff8328,0.004239062778651714,0.08762925384760321,0.9349630777311452,0.8394300490617752,0.3975667192135006,0.6177556406706571
fine_control,45,three_hole_asymmetric,119,private-source://routeA_experiments/data/final_ood_frozen_v1/three_hole_asymmetric/sample_0119.npz,a47277e2b3beb0d89ef7b03bc2d99a8b043b3ba5b66636730dd832240fb5bf67,0.004264742136001587,0.0981593396193534,1.0594469238454338,0.8807864859700203,0.45937044787569903,0.6905498944222928
fine_control,45,three_hole_asymmetric,120,private-source://routeA_experiments/data/final_ood_frozen_v1/three_hole_asymmetric/sample_0120.npz,460897fcccde1db2e8ba9079e66abd4ea55bf6c9fcc14cc7507c17ec7571d07d,0.004246441647410393,0.06671831770085931,0.7450542088210125,0.6918492075055838,0.2959064804017544,0.4997838574461637
fine_control,45,three_hole_asymmetric,121,private-source://routeA_experiments/data/final_ood_frozen_v1/three_hole_asymmetric/sample_0121.npz,7463cebd5dcf30b0f53bfbcec6ed3cd938cae4ff1c7cb5a51f6b6208a020a4d2,0.004212784580886364,0.0741863217953449,0.7844722543249653,0.9483263492584229,0.2715334063395858,0.4939690873026844
fine_control,45,three_hole_asymmetric,122,private-source://routeA_experiments/data/final_ood_frozen_v1/three_hole_asymmetric/sample_0122.npz,0b1f50e6483c4bd20f2eb7b1a5ad3ca903b7158558b6379b0a1c87cfb444d395,0.004086729139089584,0.09527366952236553,1.2810132507312793,0.9204404801130295,0.41419356250116834,0.7292184010148015
fine_control,45,three_hole_asymmetric,123,private-source://routeA_experiments/data/final_ood_frozen_v1/three_hole_asymmetric/sample_0123.npz,65e171101675b5cb87eb5555f716856d756743e6d3447dfa2efbde71ac332e67,0.0038673141971230507,0.09911452979939703,1.157158835468301,0.9086980102583766,0.45550180971622467,0.7373920666519551
fine_control,45,three_hole_asymmetric,124,private-source://routeA_experiments/data/final_ood_frozen_v1/three_hole_asymmetric/sample_0124.npz,d3c7c52167944c7ed7ee06f79272238419f46b0150fe90a2589d3153747fbf2f,0.0038599129766225815,0.08658417884526998,0.9620668826736216,0.7986776977777481,0.3814207538962364,0.6173395775258541
fine_control,45,three_hole_asymmetric,125,private-source://routeA_experiments/data/final_ood_frozen_v1/three_hole_asymmetric/sample_0125.npz,629b8f9d37de5d037c8e33f97e602bf5d06a112e8c988084322626ed3cfa0db4,0.0038289250805974007,0.11173307959682306,1.13115905210352,0.8802030310034752,0.5130789771210402,0.743819124996662
fine_control,45,three_hole_asymmetric,126,private-source://routeA_experiments/data/final_ood_frozen_v1/three_hole_asymmetric/sample_0126.npz,d79d0f135637e2841b3453a53add5c4bf624f15ae92f2562acb09afebef0ede1,0.003889886662364006,0.08488848192164083,0.8043503349090563,0.681967243552208,0.37921076640486717,0.5364499045535921
fine_control,45,three_hole_asymmetric,127,private-source://routeA_experiments/data/final_ood_frozen_v1/three_hole_asymmetric/sample_0127.npz,7cee35213e8863690074459c24d7fd282a7630a45f0f4fab56f69cc5187ced3c,0.004075423814356327,0.08707265647081142,0.8790708050822276,0.897537112236023,0.3492766400449909,0.6504605628550051
fine_control,45,three_hole_asymmetric,128,private-source://routeA_experiments/data/final_ood_frozen_v1/three_hole_asymmetric/sample_0128.npz,66f17e3594dd9beaddc30078e0aea012c36ea89ec3780e24ab5e66ada4aa0aee,0.004370187409222126,0.09916653500603363,0.8651264602704898,0.9998550051823258,0.4269738980801776,0.7119059592485423
fine_control,45,three_hole_asymmetric,129,private-source://routeA_experiments/data/final_ood_frozen_v1/three_hole_asymmetric/sample_0129.npz,0513a13dc15142aa7035ad92a4d92696cde53f4f938fba0b6258ba43ff994ce4,0.0038122208788990974,0.09770719403261488,1.0384988387725946,0.8133299872279167,0.4781886172713712,0.6807890951633453
fine_control,45,three_hole_asymmetric,130,private-source://routeA_experiments/data/final_ood_frozen_v1/three_hole_asymmetric/sample_0130.npz,0b7e254aff9dacc784e6945d18e32da0372125ff81dc9fb35dcf29f7e12504f6,0.0038681048899888992,0.113481866953001,0.9989100665194135,0.8920761421322823,0.5716509378980845,0.7489774465560904
fine_control,45,three_hole_asymmetric,131,private-source://routeA_experiments/data/final_ood_frozen_v1/three_hole_asymmetric/sample_0131.npz,b7bf7aa4688f48d7c78174369c23732d337ae6ffd998cf06bb7a4edda3a5063d,0.0043125879019498825,0.08829138678898209,0.9275364015455299,0.7675624936819077,0.42321737128077075,0.6042015448212623
fine_control,45,three_hole_asymmetric,132,private-source://routeA_experiments/data/final_ood_frozen_v1/three_hole_asymmetric/sample_0132.npz,37fe2cf79de29a9b7e04b5fe118372c54173e6f10125f0854cf4d171d4776d59,0.004299076274037361,0.0729176872231076,0.9158863224740309,0.8013851568102837,0.29006185941398144,0.5234617978334426
fine_control,45,three_hole_asymmetric,133,private-source://routeA_experiments/data/final_ood_frozen_v1/three_hole_asymmetric/sample_0133.npz,3683c8dae119211360b0dbaa1ac9e1693a1728caddc3c1bb3768f981c2091e26,0.00437526311725378,0.09716895224913544,0.8775427613608714,0.8721949011087418,0.4655134677886963,0.7706250179558992
fine_control,45,three_hole_asymmetric,134,private-source://routeA_experiments/data/final_ood_frozen_v1/three_hole_asymmetric/sample_0134.npz,322bc5ec6225e978895e341b9dfdf38fbfa0681b5b329fe286739337905a2e67,0.004355521872639656,0.09647217770781427,1.1390031028733025,1.450236627832055,0.4783947616815567,0.7385459901764987
fine_control,45,three_hole_asymmetric,135,private-source://routeA_experiments/data/final_ood_frozen_v1/three_hole_asymmetric/sample_0135.npz,b3bc13b4ad513f7b7c47e8dfedda3871bfe1d969ceb542243518b1f1661a7b7d,0.004055596888065338,0.09373605306031454,1.049677220407768,1.2992151137441397,0.43620913731865585,0.5889840446412561
fine_control,45,three_hole_asymmetric,136,private-source://routeA_experiments/data/final_ood_frozen_v1/three_hole_asymmetric/sample_0136.npz,20f73113304cb007ce9ee5b010405b3b08c38b719993477582e1adb17921d82b,0.004027960821986198,0.07110612442047845,0.6772184195917312,1.1660712659358978,0.29804702335968614,0.5087801514193415
fine_control,45,three_hole_asymmetric,137,private-source://routeA_experiments/data/final_ood_frozen_v1/three_hole_asymmetric/sample_0137.npz,9c029bad505c34e3cca11e8187bc4fdf7d1417417883641e5c92c0e2b1861711,0.004004908725619316,0.09279421669922226,0.973143509697632,0.8177615068852901,0.4496896006166935,0.6657504869624972
fine_control,45,three_hole_asymmetric,138,private-source://routeA_experiments/data/final_ood_frozen_v1/three_hole_asymmetric/sample_0138.npz,2a95dd7d60712bbde64ddb2f3b9b174a2da8a71e64f53104448b1fda6898cb87,0.003780166618525982,0.10081743943543184,1.372539690417719,0.9132989272475243,0.4434597820873023,0.6948815102106889
fine_control,45,three_hole_asymmetric,139,private-source://routeA_experiments/data/final_ood_frozen_v1/three_hole_asymmetric/sample_0139.npz,f356651d5f0fbe76d7b23cee9c305931b8e8fe879d3fc560e174e6ff4a4bcbc9,0.0038583241403102875,0.10484151647593194,0.951659124987688,0.7882122844457626,0.4541120193898678,0.7057070644688792
fine_control,45,three_hole_asymmetric,140,private-source://routeA_experiments/data/final_ood_frozen_v1/three_hole_asymmetric/sample_0140.npz,c22b26c249410214ce91ba779d94c82c7d58648110a4aac0c4246990ecc43bba,0.003871949389576912,0.10242006225604723,0.969551213985054,1.245020448230207,0.49152929343108553,0.7539820387959477
fine_control,45,three_hole_asymmetric,141,private-source://routeA_experiments/data/final_ood_frozen_v1/three_hole_asymmetric/sample_0141.npz,581b8c08fb25b0697b98b87164ebaafe6cd559b41136643d44f9de35e975d7b9,0.0037912530824542046,0.10009069849482896,1.169940996941284,1.144794201478362,0.43101031513651833,0.7479064758867026
fine_control,45,three_hole_asymmetric,142,private-source://routeA_experiments/data/final_ood_frozen_v1/three_hole_asymmetric/sample_0142.npz,578e8f60d4da9f74071ab8374b88b7be266d5d1e67dec13929a7acf811b163a8,0.0038556475192308426,0.10557839653377858,1.1717868015214092,1.1989042591303587,0.5018344865820836,0.7471361680887636
fine_control,45,three_hole_asymmetric,143,private-source://routeA_experiments/data/final_ood_frozen_v1/three_hole_asymmetric/sample_0143.npz,b6b2551b71fdf3da0d4ca84d9f08c6aa2f3008f1962bd943296cbf9612880efc,0.0038580745458602905,0.09701527751194103,1.161438629084804,0.9016881808638573,0.4663206189070479,0.7828811101615428
fine_control,45,three_hole_asymmetric,144,private-source://routeA_experiments/data/final_ood_frozen_v1/three_hole_asymmetric/sample_0144.npz,8329648a6f54e17ec6911f4a2a43086a79f241b8ea2247f84b00d977ee02610d,0.003853732720017433,0.10306243259155386,1.3985196801296231,1.2218606611713767,0.49697472685511457,0.7546256922651082
fine_control,45,three_hole_asymmetric,145,private-source://routeA_experiments/data/final_ood_frozen_v1/three_hole_asymmetric/sample_0145.npz,9e07276be4c9a737eae17e3917bc3cdc5d0dfa1bce9663bd981f358519eb110c,0.0038819005712866783,0.0984005959080126,0.960467611693711,1.2143684653565288,0.4438272253610194,0.6574263619724657
fine_control,45,three_hole_asymmetric,146,private-source://routeA_experiments/data/final_ood_frozen_v1/three_hole_asymmetric/sample_0146.npz,67f3ee8daff2c978cbe4cd399a7f2ad4874665b5c644a341c057c304af1127c1,0.0038972022011876106,0.10088938993691839,1.1022275513777786,0.8897110521793365,0.45310630367021076,0.7667064648121593
fine_control,45,three_hole_asymmetric,147,private-source://routeA_experiments/data/final_ood_frozen_v1/three_hole_asymmetric/sample_0147.npz,e85347f74d9b0184043eda85a8b0b42fe6515b3c49ceeec50b7b4d6dfff4a07d,0.003829636611044407,0.07366070931117635,0.6680314527554606,0.6837812885642052,0.3498682230710983,0.5323488533496856
fine_control,45,three_hole_asymmetric,148,private-source://routeA_experiments/data/final_ood_frozen_v1/three_hole_asymmetric/sample_0148.npz,245fe71d4768340cf55e028f00a51ef269352046fcee78a0376200f4998c9360,0.003837994299829006,0.06614706786496773,0.7074329941477234,0.6936846375465393,0.22496111690998077,0.38801350183784944
fine_control,45,three_hole_asymmetric,149,private-source://routeA_experiments/data/final_ood_frozen_v1/three_hole_asymmetric/sample_0149.npz,e4131c7833d7b32f7f309cc922c788dde6f66644cd7c84c3995c3e66ca6ec058,0.003845375031232834,0.0934848192805236,1.2035175558098488,0.870373547077179,0.3847568705677986,0.7307438113726672
fine_control,45,three_hole_asymmetric,150,private-source://routeA_experiments/data/final_ood_frozen_v1/three_hole_asymmetric/sample_0150.npz,14d7c4793f64ce9d612ac24093c5fbe0dae12baa2ebcc0e606416070b0010be4,0.003924322314560413,0.09868509712334718,1.233951794255149,0.874554231762886,0.44081086784717627,0.6718820321490051
fine_control,45,three_hole_asymmetric,151,private-source://routeA_experiments/data/final_ood_frozen_v1/three_hole_asymmetric/sample_0151.npz,3c828906fd7ab01c163402ae535f03a420e0b8d29d63467e8f5e0ac8bb2069f1,0.004125088453292847,0.08938312774414513,0.9066700907322908,0.814862534403801,0.37718665413558483,0.6455535359680652
fine_control,45,three_hole_asymmetric,152,private-source://routeA_experiments/data/final_ood_frozen_v1/three_hole_asymmetric/sample_0152.npz,2dd677fdf441a2d0d82994893dd167d20bc429686f9d05c84662f972384de6c2,0.004120646044611931,0.08767460369436464,1.0911499298854168,0.8373231813311577,0.38040476478636265,0.6748400705866514
fine_control,45,three_hole_asymmetric,153,private-source://routeA_experiments/data/final_ood_frozen_v1/three_hole_asymmetric/sample_0153.npz,e09e2ec653206737b870b71f517fcc81353db939fd7d890bfde2a8715648f046,0.0040589552372694016,0.09496941225118907,1.2943162705450408,0.8651131242513657,0.42370437120916904,0.6906978810846338
fine_control,45,three_hole_asymmetric,154,private-source://routeA_experiments/data/final_ood_frozen_v1/three_hole_asymmetric/sample_0154.npz,354f1ec9c8bb281306006c931744c6710f378713690c48b9dfc924d8e03155dc,0.0040993839502334595,0.0842550106481687,0.9073032291297308,0.7387984395027161,0.3631339818239212,0.6051850605290379
fine_control,45,three_hole_asymmetric,155,private-source://routeA_experiments/data/final_ood_frozen_v1/three_hole_asymmetric/sample_0155.npz,4feb6d42b1ba8f3891917e887c391dac5ab83213398859f8c4d1343a08f81523,0.004336990416049957,0.07261546895739786,0.9309741870004722,0.761317789554596,0.29999193269759417,0.43788014538586134
fine_control,45,three_hole_asymmetric,156,private-source://routeA_experiments/data/final_ood_frozen_v1/three_hole_asymmetric/sample_0156.npz,2ed681cf4ebe76dc5ff83597e8f424f37faa8aa01f50048685eb1a9f8504ef64,0.004354551434516907,0.08973898926289313,1.0235551261330504,0.8363888338208199,0.4018238130956888,0.61186512634158
fine_control,45,three_hole_asymmetric,157,private-source://routeA_experiments/data/final_ood_frozen_v1/three_hole_asymmetric/sample_0157.npz,8f86d834f785485f1110f7ae10b681508b7fb7293834bdeabad4cd9e0ff581e7,0.003981428220868111,0.08002620943978908,0.8324917615781129,0.8198461979627609,0.33123709820210934,0.5726052969694121
fine_control,45,three_hole_asymmetric,158,private-source://routeA_experiments/data/final_ood_frozen_v1/three_hole_asymmetric/sample_0158.npz,b7838937a002adfbc7581e42e80020a5cc8ff317b9ef609ec1903087a3d31c3e,0.004084601067006588,0.08832373491684989,1.012180790672182,1.0538067109882832,0.4120707153342664,0.5969340309500691
fine_control,45,three_hole_asymmetric,159,private-source://routeA_experiments/data/final_ood_frozen_v1/three_hole_asymmetric/sample_0159.npz,7ec05d300291c51dfc519a7d08b75bd3be917f67a3673dfe18849f585f9f709e,0.003831077367067337,0.1024910228431733,1.0746157466698045,0.7653218656778336,0.47016307804733515,0.6415699417702851
fine_control,45,three_hole_asymmetric,160,private-source://routeA_experiments/data/final_ood_frozen_v1/three_hole_asymmetric/sample_0160.npz,406b5d01c559ad3764a887df63a81ab6aeb54deb0e03ab5546863badf9a16f35,0.003865424543619156,0.09440133545108846,1.5645278729177154,0.9962502322159708,0.4504608165443642,0.6876757121179251
fine_control,45,three_hole_asymmetric,161,private-source://routeA_experiments/data/final_ood_frozen_v1/three_hole_asymmetric/sample_0161.npz,e022a734e6aba3a7301b06bd77c79e73047ff290f57525b8dee053bdfa5b4988,0.0038439054042100906,0.07010955423440679,0.6886026856443428,0.6889622807502747,0.23409241045010276,0.45310326032340453
fine_control,45,three_hole_asymmetric,162,private-source://routeA_experiments/data/final_ood_frozen_v1/three_hole_asymmetric/sample_0162.npz,2b13f73876bba396b8fa67ab174be82ee1a554b9e4c19a3a7412ffc39aba0b13,0.0038660671561956406,0.07018777566976399,0.7154695443635511,0.8564569801092148,0.2639602869749069,0.46285822018980927
fine_control,45,three_hole_asymmetric,163,private-source://routeA_experiments/data/final_ood_frozen_v1/three_hole_asymmetric/sample_0163.npz,e9b740089bb1f2d4e21a0999405d9bdba3a57bd51c7e58ea5ed47d11ee6595a2,0.003844020888209343,0.07643116199499722,0.8892427489420902,0.8258683681488037,0.3041803976520896,0.5260947406291958
fine_control,45,three_hole_asymmetric,164,private-source://routeA_experiments/data/final_ood_frozen_v1/three_hole_asymmetric/sample_0164.npz,9f206330bd07c9c4847fddf539ce746ee66390d885f3c33bc1d444adbbd318ac,0.0038670403882861137,0.09280313646479162,0.8350030876366384,0.7980898041278124,0.4303377540782094,0.6457193233072751
fine_control,45,three_hole_asymmetric,165,private-source://routeA_experiments/data/final_ood_frozen_v1/three_hole_asymmetric/sample_0165.npz,59ec0f1c680bf9149906ed38b4dd3a4aa7612d7147f9c53c5dcfa06ecca43366,0.004080732353031635,0.10057335752846083,1.0054343302966198,1.3723789602518082,0.4995659738779068,0.6861979685723779
fine_control,45,three_hole_asymmetric,166,private-source://routeA_experiments/data/final_ood_frozen_v1/three_hole_asymmetric/sample_0166.npz,acdabcd30120f1b891f11b4fee7490ecf1c73a42827cec6684949a026c1d238b,0.004142892546951771,0.09975830387926837,1.0613346942786426,1.202349113766104,0.46236794255673885,0.7975483588408677
fine_control,45,three_hole_asymmetric,167,private-source://routeA_experiments/data/final_ood_frozen_v1/three_hole_asymmetric/sample_0167.npz,2d64cbb7ed13e9d5493b3bcffc548a37e43f77cfe686d4bd90f395d9b3dedcd2,0.004273299127817154,0.09883040551026395,1.215859507800138,0.8196470588445663,0.4385259118571412,0.6502810824196782
fine_control,45,three_hole_asymmetric,168,private-source://routeA_experiments/data/final_ood_frozen_v1/three_hole_asymmetric/sample_0168.npz,ce1811b3b58e1cf01845e9ffb4fac5caa62f765929be1337c8260c13d9b65d5d,0.0038312096148729324,0.09568894435517786,1.4757005224431632,1.0675559062510729,0.45510929530610156,0.6958796925377099
fine_control,45,three_hole_asymmetric,169,private-source://routeA_experiments/data/final_ood_frozen_v1/three_hole_asymmetric/sample_0169.npz,c8bdae4b5e47fcfb5a99f1ccde0ca1ecf2011b5c092fc8bd8e61595f8c50518c,0.0038603749126195908,0.09820639601925994,1.3326102318887343,0.9441127235768363,0.4558037417191372,0.7134411543607712
fine_control,45,three_hole_asymmetric,170,private-source://routeA_experiments/data/final_ood_frozen_v1/three_hole_asymmetric/sample_0170.npz,33251f1d994ef521e7ed6646d939e7b5f6ae05ade833fce7f91910e3aa7b2d74,0.003759540617465973,0.09314457045554188,1.1652827787902182,0.8478382378816605,0.4137640632688999,0.6316904712177347
fine_control,45,three_hole_asymmetric,171,private-source://routeA_experiments/data/final_ood_frozen_v1/three_hole_asymmetric/sample_0171.npz,3304230b1d8bbdd9fc2dfda78714484a468749cddd223bba1c2dbf29c548831e,0.003893406130373478,0.09631232065715767,0.9262806552204137,0.8535025119781494,0.42597921172273345,0.7308608412742613
fine_control,45,three_hole_asymmetric,172,private-source://routeA_experiments/data/final_ood_frozen_v1/three_hole_asymmetric/sample_0172.npz,a740cace37940a1e2252703d9381d4b9f3f3b166a52d68121a24aaca6473c237,0.004391402937471867,0.09007072833158608,0.8910853922571258,0.7652049213647842,0.3942913804203272,0.6668127626180648
fine_control,45,three_hole_asymmetric,173,private-source://routeA_experiments/data/final_ood_frozen_v1/three_hole_asymmetric/sample_0173.npz,7fbe985e9871b0fea23dcd48b5658d0febd6965ccb34e4430a248d8ea7884c13,0.0042185112833976746,0.08298218069787867,1.051580928651448,0.892418347299099,0.41383859631605446,0.5705333430320023
fine_control,45,three_hole_asymmetric,174,private-source://routeA_experiments/data/final_ood_frozen_v1/three_hole_asymmetric/sample_0174.npz,71542cbeea7c7322472596a11b9ea2cf6285893af2fd8caaacd78a77cf1d83fd,0.004289601929485798,0.08272163214447123,0.84601302743028,0.831943541765213,0.40617709676735103,0.5990370776504275
fine_control,45,three_hole_asymmetric,175,private-source://routeA_experiments/data/final_ood_frozen_v1/three_hole_asymmetric/sample_0175.npz,0f2191f55e786a9cc0197b9d38b5849150523e7f0e95da026a8b7282892dd7e7,0.004241873510181904,0.10174708314548446,1.2327898368176966,0.9317789375782013,0.4596920385956764,0.7418208297807722
fine_control,45,three_hole_asymmetric,176,private-source://routeA_experiments/data/final_ood_frozen_v1/three_hole_asymmetric/sample_0176.npz,1d5d110e1725a11891d26e004b83d93d33e264f9f0cc612cea71237c93485c91,0.004275745712220669,0.08664409284129368,0.8084644810470336,0.7713441252708435,0.4102502220775932,0.6403518740087746
fine_control,45,three_hole_asymmetric,177,private-source://routeA_experiments/data/final_ood_frozen_v1/three_hole_asymmetric/sample_0177.npz,491128641f9815a0257fe2c5da3e9ef510909b89c7efe14041aaf988dd54d374,0.0038485676050186157,0.10189252430765319,1.2112288999523189,0.908301055431366,0.48651655786670744,0.7325456855818622
fine_control,45,three_hole_asymmetric,178,private-source://routeA_experiments/data/final_ood_frozen_v1/three_hole_asymmetric/sample_0178.npz,8ad8976324d69fa900282a701c1176bec4bd066428ab6af4d07f98b6226c1440,0.003810618072748184,0.09209817365371119,0.9249409503247832,0.9176040589809418,0.3941523339599371,0.6921570129692547
fine_control,45,three_hole_asymmetric,179,private-source://routeA_experiments/data/final_ood_frozen_v1/three_hole_asymmetric/sample_0179.npz,ed3c4408215897e333b3a88a790f6b3b965edbc5f729ee1ca00b514638a22db3,0.0038705598562955856,0.08846065111400495,0.767765411029835,0.7024234980344772,0.4137116074562073,0.6100996315479276
fine_control,45,three_hole_asymmetric,180,private-source://routeA_experiments/data/final_ood_frozen_v1/three_hole_asymmetric/sample_0180.npz,026ec17f7ba5561155ad7d2d26d4b774202c9e9d3be82846603703294b1c6599,0.003851429559290409,0.08957717503456125,0.9763811981937541,0.7937108427286148,0.374192975461483,0.6481564931571472
fine_control,45,three_hole_asymmetric,181,private-source://routeA_experiments/data/final_ood_frozen_v1/three_hole_asymmetric/sample_0181.npz,ae31a16b8c81593e19306a84399bfd2a84ac55c7910ef8823c67abd4642aa2f6,0.003875984810292721,0.09375088457392698,1.04375771985778,1.0622242745012045,0.4004789215978235,0.6604222553782158
fine_control,45,three_hole_asymmetric,182,private-source://routeA_experiments/data/final_ood_frozen_v1/three_hole_asymmetric/sample_0182.npz,3c898c6349f36f90b3d5a9fe1ea363190f3864ec9904027b2c82073b2f828008,0.0038593830540776253,0.08328677185954397,0.8950835677910031,0.9017400741577148,0.3366588572971523,0.5804579023271792
fine_control,45,three_hole_asymmetric,183,private-source://routeA_experiments/data/final_ood_frozen_v1/three_hole_asymmetric/sample_0183.npz,7960bd5136007fe9e53aaf26195ec050cd3f170be4ea0892e9c50801de1e2a57,0.0038709715008735657,0.09198549001146193,1.0074396546147246,1.0327896177768707,0.4341648180561606,0.639843696169555
fine_control,45,three_hole_asymmetric,184,private-source://routeA_experiments/data/final_ood_frozen_v1/three_hole_asymmetric/sample_0184.npz,d0af476fd13dfb1d250ce9a4ca56a9e4e7747143d266e251a2d3bed91fdc35c3,0.0040560318157076836,0.08619685285915034,0.8445808775516065,1.0662108296528459,0.40302735194563866,0.5865336826071142
fine_control,45,three_hole_asymmetric,185,private-source://routeA_experiments/data/final_ood_frozen_v1/three_hole_asymmetric/sample_0185.npz,825925d58976a37ca694d695a027e07bfbaaceb34012d307f2f1821037baf144,0.00432221032679081,0.08655495420083298,0.9500899492438036,0.7779718860983849,0.3848489373922348,0.6608812376856801
fine_control,45,three_hole_asymmetric,186,private-source://routeA_experiments/data/final_ood_frozen_v1/three_hole_asymmetric/sample_0186.npz,77e809def7ac8044a4e55b9ef623158afda39a6477b671e128605d4b47566db6,0.004335841163992882,0.09290474515419667,1.2527900311318632,0.8065485337283462,0.4390867589972913,0.6740315780043601
fine_control,45,three_hole_asymmetric,187,private-source://routeA_experiments/data/final_ood_frozen_v1/three_hole_asymmetric/sample_0187.npz,d41acb81beffee4db9203e1cf0266797359f026ace1ea8ca9bcd6ccb1e2af128,0.004335277713835239,0.08438484032966763,0.9073041876206364,0.7210951559245586,0.3907700296258554,0.5593953341245649
fine_control,45,three_hole_asymmetric,188,private-source://routeA_experiments/data/final_ood_frozen_v1/three_hole_asymmetric/sample_0188.npz,0ee1d93b5b155a3545c539b9ebd208096d5da786ac320abbe96a9ddff30d88d7,0.0038360003381967545,0.08820984367478722,1.0073679713365025,0.7033386193215847,0.3869284186512232,0.5281096802093088
fine_control,45,three_hole_asymmetric,189,private-source://routeA_experiments/data/final_ood_frozen_v1/three_hole_asymmetric/sample_0189.npz,70be7056cd13692af26bab63a3df9b9a64678831ef39fdb9582375ceecca7edf,0.00378979928791523,0.09979218924941774,1.4592588929972892,1.0090033141023014,0.45862863362708595,0.7224852150538934
fine_control,45,three_hole_asymmetric,190,private-source://routeA_experiments/data/final_ood_frozen_v1/three_hole_asymmetric/sample_0190.npz,a8c424ee2056e12af66d0be34289a252d77172e5cb127ec57c8550e3415ab90b,0.003880782052874565,0.08484283051558904,0.9804311955346552,0.7430042326450348,0.36163957603275776,0.602587457653135
fine_control,45,three_hole_asymmetric,191,private-source://routeA_experiments/data/final_ood_frozen_v1/three_hole_asymmetric/sample_0191.npz,26c2bd071beec9742e0a4f1e5466aa608a15434494059de80e606e4679fa8ed3,0.004125035367906094,0.08809909569459277,1.004334783263909,0.8522953954525292,0.3246863314852817,0.7200548274442549
fine_control,45,three_hole_asymmetric,192,private-source://routeA_experiments/data/final_ood_frozen_v1/three_hole_asymmetric/sample_0192.npz,40d02fa0627c6deec298290103575257705efed18a0e5475ecaa7bf465aa9b99,0.004277232103049755,0.09512495122772745,0.9559445865226143,0.8163933604955673,0.44379958393983543,0.6765608513727784
fine_control,45,three_hole_asymmetric,193,private-source://routeA_experiments/data/final_ood_frozen_v1/three_hole_asymmetric/sample_0193.npz,e2291d430c4ed65b595a26a1bfd29617e6a29836d02a7642cee85cd276392050,0.0038606049492955208,0.10002896998976621,1.0482968499860774,1.0204317611642182,0.4851425566303078,0.7153753785416476
fine_control,45,three_hole_asymmetric,194,private-source://routeA_experiments/data/final_ood_frozen_v1/three_hole_asymmetric/sample_0194.npz,31e35937f5e42fb742834cdcb1fc165dd1ffc423ac83933409ddf9f346655de1,0.003839625045657158,0.10412997488821198,0.8921010983380164,0.8324751481413841,0.48877497803187,0.672372617572546
fine_control,45,three_hole_asymmetric,195,private-source://routeA_experiments/data/final_ood_frozen_v1/three_hole_asymmetric/sample_0195.npz,40442c552a2016d07c97d9c05bd7232ba672eeab612657250b9c7529d4f8fba5,0.0038565462455153465,0.09135916307721564,0.8278309164088543,0.8321525156497955,0.389894038438797,0.5861089538782829
fine_control,45,three_hole_asymmetric,196,private-source://routeA_experiments/data/final_ood_frozen_v1/three_hole_asymmetric/sample_0196.npz,dd2106f958610c899c170e0e932d315a715401be9a89fd9bfb0ce4af7422b23f,0.004068013280630112,0.10294010767619187,1.0840606807431479,0.8866317793726921,0.4859446370974183,0.7618876487016654
fine_control,45,three_hole_asymmetric,197,private-source://routeA_experiments/data/final_ood_frozen_v1/three_hole_asymmetric/sample_0197.npz,aa854427cd50f074116bdad2e4371e42c0402350e5d180482ef4c364d2ad2cf8,0.004318129271268845,0.09439889604421149,0.888034092990489,1.2692117700353265,0.3964287130802404,0.7270340755581856
fine_control,45,three_hole_asymmetric,198,private-source://routeA_experiments/data/final_ood_frozen_v1/three_hole_asymmetric/sample_0198.npz,f829be15d56c832505226b17681dbe66656bc2100714eb438d609a588f6574fe,0.00422951765358448,0.06469604857013689,0.6065551191407162,0.6705873012542725,0.26512724882923067,0.5098133474588384
fine_control,45,three_hole_asymmetric,199,private-source://routeA_experiments/data/final_ood_frozen_v1/three_hole_asymmetric/sample_0199.npz,52333eb8bbb0f95e069bd2d38db9cab28b55c6f86387da7cd28a27818fe1041a,0.004071041010320187,0.0818126077222864,0.7922162951361029,0.9674215214326978,0.32471524516586214,0.5459169670939445
