model,training_seed,shape,sample_id,sample_file,sample_sha256,inference_seconds,mae,relative_l2,max_abs_error,p95_abs_error,p99_abs_error
residual_v2,49,polygonal_holes,0,private-source://routeA_experiments/data/prospective_ood_rd_hddm_alpha001_v2/polygonal_holes/sample_0000.npz,2813ec3127ac6b2d6e5ea2bdec57dc3842288d486f16a3ac630d975e79544104,0.007250685011968017,0.06269234304916466,0.9916560247697532,0.9431837201118469,0.33028779737651337,0.7038074791431427
residual_v2,49,polygonal_holes,1,private-source://routeA_experiments/data/prospective_ood_rd_hddm_alpha001_v2/polygonal_holes/sample_0001.npz,9d77838f7901837e5e6668df3993510bb8ecebaae9c24dafd7c33dd27713ca91,0.006492324988357723,0.06222940976365092,0.6150631214152485,0.7552439272403717,0.3274462565779686,0.583780428469181
residual_v2,49,polygonal_holes,2,private-source://routeA_experiments/data/prospective_ood_rd_hddm_alpha001_v2/polygonal_holes/sample_0002.npz,64d684a0c62d3af4e0e79525c5a8144d60264714c3b90c3683941cb3669199db,0.007265307998750359,0.058920079829250654,0.7264409429404503,0.7908883988857269,0.2740778375416994,0.6758976110816
residual_v2,49,polygonal_holes,3,private-source://routeA_experiments/data/prospective_ood_rd_hddm_alpha001_v2/polygonal_holes/sample_0003.npz,cee6732562ef0f85cfd1d4207fb826b90bc31335f8fdf22bc7991a2b2d3e3818,0.007001452031545341,0.048701283988446496,0.45745008818912813,0.5465987026691437,0.2503465764224529,0.4362907487154007
residual_v2,49,polygonal_holes,4,private-source://routeA_experiments/data/prospective_ood_rd_hddm_alpha001_v2/polygonal_holes/sample_0004.npz,f922f8aa230eb7f988651778a187a8f75ff947a239987aa900cd3c050a887ec0,0.006471259985119104,0.05640070311755848,0.762107380394317,0.8805213272571564,0.3583165690302848,0.6923390269279479
residual_v2,49,polygonal_holes,5,private-source://routeA_experiments/data/prospective_ood_rd_hddm_alpha001_v2/polygonal_holes/sample_0005.npz,7aa5ae995dda3a749c78e6b8b3aff037f07301dbda012f49af7c1983a95fd554,0.0063529700273647904,0.05464056113656844,1.008803655092702,0.91592738032341,0.2707908302545547,0.5579157447069881
residual_v2,49,polygonal_holes,6,private-source://routeA_experiments/data/prospective_ood_rd_hddm_alpha001_v2/polygonal_holes/sample_0006.npz,a2ab3adff33e2b825261f9f156651d6d226b45d7900ef8697f84935c734df80a,0.0062712160288356245,0.05726922318536885,0.6073038666791916,0.7139749825000763,0.2837490737438199,0.5760190473496913
residual_v2,49,polygonal_holes,7,private-source://routeA_experiments/data/prospective_ood_rd_hddm_alpha001_v2/polygonal_holes/sample_0007.npz,b504795f95e5481635b933ab900699fe66f38076ab5132e6b57a48c641abbf2b,0.006337322003673762,0.04900224170048045,0.6444696056919836,0.7706339657306671,0.21317552253603927,0.5358385708928107
residual_v2,49,polygonal_holes,8,private-source://routeA_experiments/data/prospective_ood_rd_hddm_alpha001_v2/polygonal_holes/sample_0008.npz,b93c334e8e48c8fd6d52b05cd3ff40f15d4f5cc62702a435f3e0247d6b59a334,0.006642262975219637,0.04925844569864239,0.6019074145936985,0.7119713425636292,0.31667665094137176,0.6143032205104826
residual_v2,49,polygonal_holes,9,private-source://routeA_experiments/data/prospective_ood_rd_hddm_alpha001_v2/polygonal_holes/sample_0009.npz,f2ef70e3326ae2f2447ff2754173f923c307e7972ebbe15dd38aabeb5f047c49,0.0063776649767532945,0.053163390651437034,0.6233843586578491,0.8006966412067413,0.30577425075462067,0.573470926582813
residual_v2,49,polygonal_holes,10,private-source://routeA_experiments/data/prospective_ood_rd_hddm_alpha001_v2/polygonal_holes/sample_0010.npz,0078bb96d0f452027931ba3a5cabdd927aa298f7c3cb3cc2d89e7cb23acaf539,0.006471152999438345,0.05869888191412204,0.6947295923787059,0.7453491985797882,0.4222437530755996,0.6721746289730072
residual_v2,49,polygonal_holes,11,private-source://routeA_experiments/data/prospective_ood_rd_hddm_alpha001_v2/polygonal_holes/sample_0011.npz,9ee5588e761180b233891dd5a6f16fa8ca4f4c5906cdb841e4c8020cee441584,0.006994902971200645,0.04911707543502922,0.42055275243908813,0.4675198197364807,0.23506362801417702,0.42271446973085397
residual_v2,49,polygonal_holes,12,private-source://routeA_experiments/data/prospective_ood_rd_hddm_alpha001_v2/polygonal_holes/sample_0012.npz,9cdd74ea7cb7425efc2f3f4d80c0363bd50ea50709fe03b3d060f71ff605dd84,0.007191643991973251,0.06230747878410436,0.757329282196193,0.8831528425216675,0.3066647008061408,0.7541437840461731
residual_v2,49,polygonal_holes,13,private-source://routeA_experiments/data/prospective_ood_rd_hddm_alpha001_v2/polygonal_holes/sample_0013.npz,7ee1a4ed3ed8a784612d742e8ed75f38441bf2f5701f264e582c39a5158ad1ce,0.007013898983132094,0.0646802449766325,0.702614665946183,0.7089691460132599,0.31720543950796104,0.5895786640048026
residual_v2,49,polygonal_holes,14,private-source://routeA_experiments/data/prospective_ood_rd_hddm_alpha001_v2/polygonal_holes/sample_0014.npz,d1818732f452567ad0ecd2f58c757bb8290572b117528bb1e5aaefa970313cc6,0.007292777998372912,0.05935621212971417,0.7535487418829285,0.9156634509563446,0.3852903738617896,0.7897251137718557
residual_v2,49,polygonal_holes,15,private-source://routeA_experiments/data/prospective_ood_rd_hddm_alpha001_v2/polygonal_holes/sample_0015.npz,445b87e8c24a47bfb4d118389ef483a360b0d5074dc815ae35513aab4a27864d,0.0070061180158518255,0.06226524686056412,0.7364908300109891,0.7553528547286987,0.3167564131319523,0.6116270765662193
residual_v2,49,polygonal_holes,16,private-source://routeA_experiments/data/prospective_ood_rd_hddm_alpha001_v2/polygonal_holes/sample_0016.npz,1a99ec371d63848f62228b959ed0924574356c0cccfdd1260268c8dfa0c9cdb0,0.006289309007115662,0.07119494282895322,1.3066629971703365,0.9397730082273483,0.3403809024370275,0.6567733059823511
residual_v2,49,polygonal_holes,17,private-source://routeA_experiments/data/prospective_ood_rd_hddm_alpha001_v2/polygonal_holes/sample_0017.npz,0cdbf63c17b90ff3b3512ee0966f5d174bfb3232348a9e49b05f2d9ee4d89a26,0.007041378004942089,0.0461866369169176,0.5264578722166929,0.5925752818584442,0.2558563301339745,0.49694629698991777
residual_v2,49,polygonal_holes,18,private-source://routeA_experiments/data/prospective_ood_rd_hddm_alpha001_v2/polygonal_holes/sample_0018.npz,47317c8f9d3ed8f1a54c8b96ba91af510560b8aa7f805ade7143c1d16ca55e66,0.006273178034462035,0.04832518946758733,0.4860948690383443,0.5907101631164551,0.24463875344954417,0.4872175706923007
residual_v2,49,polygonal_holes,19,private-source://routeA_experiments/data/prospective_ood_rd_hddm_alpha001_v2/polygonal_holes/sample_0019.npz,14a537fef9ee78090f18c68c7c2bb65ef6d197ce349231291c03aa4206e7dbef,0.007062643999233842,0.05339688529223938,0.7521951977736698,0.8444147706031799,0.2817746639251708,0.6791761833429335
residual_v2,49,polygonal_holes,20,private-source://routeA_experiments/data/prospective_ood_rd_hddm_alpha001_v2/polygonal_holes/sample_0020.npz,7c814a3de56a037a81fd975f53b5567efeb9d9662b615203546bc0899290fd90,0.006262381037231535,0.04858612019203949,0.4841895824994515,0.639896422624588,0.2125822767615318,0.5247288390994072
residual_v2,49,polygonal_holes,21,private-source://routeA_experiments/data/prospective_ood_rd_hddm_alpha001_v2/polygonal_holes/sample_0021.npz,8ce53160fe69d5b6413cde92d321f24dc4d1d44cc5f0f2a3eca07d60a4da1104,0.007057217007968575,0.06569752126542122,0.6564944881535174,0.6660205125808716,0.2886807907023467,0.48753678232431386
residual_v2,49,polygonal_holes,22,private-source://routeA_experiments/data/prospective_ood_rd_hddm_alpha001_v2/polygonal_holes/sample_0022.npz,ebe02bed5b22de6ec65b6c54aaa34f7a9e9daf45fb56c3455386ee7beeca83bd,0.006490490981377661,0.07075877026448116,0.9191512300232523,0.9378190338611603,0.3597006326774134,0.7541720521450042
residual_v2,49,polygonal_holes,23,private-source://routeA_experiments/data/prospective_ood_rd_hddm_alpha001_v2/polygonal_holes/sample_0023.npz,d6cabc05bb35909896ec365f876db62334e617b13b08c9e40694e2791b0db121,0.007085699995514005,0.05645252165916342,0.6268475832722618,0.6640225052833557,0.34101163148879976,0.5780450510978697
residual_v2,49,polygonal_holes,24,private-source://routeA_experiments/data/prospective_ood_rd_hddm_alpha001_v2/polygonal_holes/sample_0024.npz,cc607c6b4a44a20de7c0d072b11d3585668469f46fe26a9e5a4601a8839b18e3,0.006357229023706168,0.04908112229532536,0.7020763167467879,0.7955067753791809,0.2369410414248704,0.571202372014522
residual_v2,49,polygonal_holes,25,private-source://routeA_experiments/data/prospective_ood_rd_hddm_alpha001_v2/polygonal_holes/sample_0025.npz,6624bf5fe6d196079fb76fb31c85860e096a142c03b130cd1e70002ae755b942,0.007076110981870443,0.07088551704981044,0.7322854840064541,0.7828150391578674,0.33267990350723264,0.6207275468111039
residual_v2,49,polygonal_holes,26,private-source://routeA_experiments/data/prospective_ood_rd_hddm_alpha001_v2/polygonal_holes/sample_0026.npz,c98d8e8d3d0a88d1da87415faeb5bf9178e88e1f30adc9ecf7cd6cf0dbd9277f,0.006576062995009124,0.053132697647476544,0.5449183153810145,0.6340368688106537,0.2951289772827294,0.47261764824390406
residual_v2,49,polygonal_holes,27,private-source://routeA_experiments/data/prospective_ood_rd_hddm_alpha001_v2/polygonal_holes/sample_0027.npz,a8830b8166a10f61db4814b54f56ca4808e3c93da85d47b565e4eddec6598b7d,0.007074701017700136,0.053794413368574774,0.5708347695489878,0.6632035076618195,0.2860280752182007,0.5441712740063667
residual_v2,49,polygonal_holes,28,private-source://routeA_experiments/data/prospective_ood_rd_hddm_alpha001_v2/polygonal_holes/sample_0028.npz,7a7df2263baaa71cbccf62f82307a4ec9364e586142fc46aecffcb33cae7cae8,0.006337142956908792,0.05435543256292097,0.6262502996402051,0.6591868996620178,0.3177621091715991,0.5335715383291244
residual_v2,49,polygonal_holes,29,private-source://routeA_experiments/data/prospective_ood_rd_hddm_alpha001_v2/polygonal_holes/sample_0029.npz,1792cfc778015639447d8549da9e8e6ae065b2de6e8a35808550ab1f2eaa6d12,0.007015069015324116,0.05382682766703005,0.7188753886737653,0.8448132872581482,0.27952511161565763,0.6491828703880309
residual_v2,49,polygonal_holes,30,private-source://routeA_experiments/data/prospective_ood_rd_hddm_alpha001_v2/polygonal_holes/sample_0030.npz,0361f263ac7c96ee87583959a04a88d5d85ed0d0bf6e7d378681151774f385f2,0.006615930004045367,0.04566065606998892,0.5015772358162386,0.552119791507721,0.2723569862544534,0.46645452529191966
residual_v2,49,polygonal_holes,31,private-source://routeA_experiments/data/prospective_ood_rd_hddm_alpha001_v2/polygonal_holes/sample_0031.npz,05f616ed447a9ab8e71b77b9398fe7f5bdca3822ed0cb7c0b89a4802fff7e34a,0.007104138028807938,0.059480189410884,0.6406853005410666,0.8128732144832611,0.311454265192151,0.5471661847829818
residual_v2,49,polygonal_holes,32,private-source://routeA_experiments/data/prospective_ood_rd_hddm_alpha001_v2/polygonal_holes/sample_0032.npz,b84ee66df3e51a313acfa70a8d8f17e55d0f28293bfc848be6da74369c6efe7e,0.0064567759982310236,0.05855983507822809,0.5994321892421123,0.7441644370555878,0.3302380479872226,0.6135357102751732
residual_v2,49,polygonal_holes,33,private-source://routeA_experiments/data/prospective_ood_rd_hddm_alpha001_v2/polygonal_holes/sample_0033.npz,daa13b8f28a70003a1c8a3b22cc6fb6ba7cd514feb1f0dde8861d77cced138db,0.006578003987669945,0.06255084354727655,0.7195553046145763,0.7161681056022644,0.3294985024258493,0.5856653943657875
residual_v2,49,polygonal_holes,34,private-source://routeA_experiments/data/prospective_ood_rd_hddm_alpha001_v2/polygonal_holes/sample_0034.npz,f1007728ae6fc8cc7b887f70cb682b003162557fe09bc505313c9852da9b0395,0.007261648017447442,0.06330509657838106,0.7588918254797069,0.7747244834899902,0.3213602157309649,0.6129850697517395
residual_v2,49,polygonal_holes,35,private-source://routeA_experiments/data/prospective_ood_rd_hddm_alpha001_v2/polygonal_holes/sample_0035.npz,74480bc8be2b0c3f792eeafe7931aa43f6eabf7fab66f1f8889ff83f9343aacf,0.006623974011745304,0.04743636318854896,0.4492993963303091,0.5587373673915863,0.19490043632686138,0.4067233699560165
residual_v2,49,polygonal_holes,36,private-source://routeA_experiments/data/prospective_ood_rd_hddm_alpha001_v2/polygonal_holes/sample_0036.npz,d380cc325dc38fac34101ad898621f7a706e5ef3145fb50b48cd8a3550e915f6,0.007184905000030994,0.05050921099150653,0.5731060135625987,0.7605226933956146,0.2874500826001167,0.6291062903404235
residual_v2,49,polygonal_holes,37,private-source://routeA_experiments/data/prospective_ood_rd_hddm_alpha001_v2/polygonal_holes/sample_0037.npz,562b92269c11eb7a4d6d2b96c70e8334d3b1e90f788bd3d9e801d09a075eee3a,0.007007547013927251,0.04985661118027086,1.0236726662200044,0.9548300951719284,0.22501902151852843,0.6226461526751518
residual_v2,49,polygonal_holes,38,private-source://routeA_experiments/data/prospective_ood_rd_hddm_alpha001_v2/polygonal_holes/sample_0038.npz,ad000ee37c0e1a9ba734e4dd9459946f4b3df5f603b980b12d442bca1f8ed9f9,0.007285656989552081,0.055136151714806375,0.644777036535101,0.7980886995792389,0.32028272673487657,0.5867752456665039
residual_v2,49,polygonal_holes,39,private-source://routeA_experiments/data/prospective_ood_rd_hddm_alpha001_v2/polygonal_holes/sample_0039.npz,522d3ecbc2d9edc149dc3f03b6cf36d68fca66badfbb0f6dd3482d5e5f254b68,0.0069976369850337505,0.04709421904457789,0.44314688091384363,0.5785352885723114,0.22167750317603346,0.39602439343929285
residual_v2,49,polygonal_holes,40,private-source://routeA_experiments/data/prospective_ood_rd_hddm_alpha001_v2/polygonal_holes/sample_0040.npz,254ab846e9a8b91265cad089e47a668ba206ceeb02e23540aaf1b8dded5c5277,0.0070931409718468785,0.046425594168906126,0.6027302884406479,0.7260256409645081,0.26302009671926485,0.4887397009134293
residual_v2,49,polygonal_holes,41,private-source://routeA_experiments/data/prospective_ood_rd_hddm_alpha001_v2/polygonal_holes/sample_0041.npz,8c7f049970c19d0bf9df6a56540e33a405e9b6f637a802fc3a679bd78cbd2f7b,0.0070188980316743255,0.059372990916321595,0.7373436348026452,0.8933494091033936,0.35268748775124514,0.6845595291256904
residual_v2,49,polygonal_holes,42,private-source://routeA_experiments/data/prospective_ood_rd_hddm_alpha001_v2/polygonal_holes/sample_0042.npz,6d8ce4ad2a0fbe386141c305df0df82390863da91466b3772de47905aac327ac,0.007204697001725435,0.06651287312876485,0.8060147625493499,0.8896976634860039,0.3503416981548069,0.7320915029942989
residual_v2,49,polygonal_holes,43,private-source://routeA_experiments/data/prospective_ood_rd_hddm_alpha001_v2/polygonal_holes/sample_0043.npz,cce44f1d73fbe7f76182aa7fd07a69f90b93524ef2f5d7c4c6a1bb4566cb8ff9,0.007016038987785578,0.06604088512197652,0.9477092459254579,0.9637807607650757,0.3172145489603281,0.8361163887381553
residual_v2,49,polygonal_holes,44,private-source://routeA_experiments/data/prospective_ood_rd_hddm_alpha001_v2/polygonal_holes/sample_0044.npz,ae4b89782186c636597bbf28ff74a3d03e0c2dbac42260653f9d140ab9229119,0.007229128968901932,0.04921367116335811,0.48673544030954996,0.6013767123222351,0.2810625463724136,0.5069815915822982
residual_v2,49,polygonal_holes,45,private-source://routeA_experiments/data/prospective_ood_rd_hddm_alpha001_v2/polygonal_holes/sample_0045.npz,1777cf5189ac8f43461ae20e5ef1f4c739e91a493823c36ad21eedc9d1d3abf4,0.006999974953942001,0.047428423738279483,0.6159704271469452,0.6642569899559021,0.30952162221074087,0.5195418801903724
residual_v2,49,polygonal_holes,46,private-source://routeA_experiments/data/prospective_ood_rd_hddm_alpha001_v2/polygonal_holes/sample_0046.npz,cc55794e1940c234f9da149d83ee01ead8d8277520e38b89220b19e02e70f238,0.00709551403997466,0.06930064409935346,1.2355072770573294,0.9685235917568207,0.2954618855379521,0.664920730218291
residual_v2,49,polygonal_holes,47,private-source://routeA_experiments/data/prospective_ood_rd_hddm_alpha001_v2/polygonal_holes/sample_0047.npz,7f42f867baf3b1c126f27ae2157ef3dd2a34a07d8d1a1f5aead8d062722664f9,0.007037906965706497,0.05752733514604941,0.6543201338612857,0.8316938579082489,0.2983710542321205,0.5905080759525299
residual_v2,49,polygonal_holes,48,private-source://routeA_experiments/data/prospective_ood_rd_hddm_alpha001_v2/polygonal_holes/sample_0048.npz,6e05df606b756d9cfd5f6305cc0eac033208a8444ad64ad8e48815757862935e,0.007217378995846957,0.07122991650519354,0.9539277274917046,0.897012248635292,0.33344720266759376,0.6884294661879539
residual_v2,49,polygonal_holes,49,private-source://routeA_experiments/data/prospective_ood_rd_hddm_alpha001_v2/polygonal_holes/sample_0049.npz,8e60acf35c436ea7681e8f6ecb99e7889c6309505da38ab1a1de5fdd50c8d25a,0.006273220991715789,0.05571573918161368,0.654888988641233,0.7920633852481842,0.31160021200776056,0.5646081411838532
residual_v2,49,polygonal_holes,50,private-source://routeA_experiments/data/prospective_ood_rd_hddm_alpha001_v2/polygonal_holes/sample_0050.npz,67ff652aacb37c18501691c8d65846f7fd6786aa6ab39d47d601c53560a81ffb,0.007277860015165061,0.06026107878011013,0.6162359512427424,0.7504087686538696,0.30948524251580223,0.5562216436862943
residual_v2,49,polygonal_holes,51,private-source://routeA_experiments/data/prospective_ood_rd_hddm_alpha001_v2/polygonal_holes/sample_0051.npz,d178ebe9f5d54994c88f44993765bce335075010cff7e29e1ff0070188cd3350,0.006302600959315896,0.06711165660548184,1.1417272108453982,0.8897514045238495,0.28250991902314126,0.7005954810976981
residual_v2,49,polygonal_holes,52,private-source://routeA_experiments/data/prospective_ood_rd_hddm_alpha001_v2/polygonal_holes/sample_0052.npz,a3a862fcadf321c577317885abc8e5b33930f4e0f1c7fe81f71f61e570dec552,0.007047876017168164,0.051151305300538755,0.7799154751730071,0.8894350379705429,0.22468023458495728,0.6282490436732768
residual_v2,49,polygonal_holes,53,private-source://routeA_experiments/data/prospective_ood_rd_hddm_alpha001_v2/polygonal_holes/sample_0053.npz,ab5fddb822d6b9316b54ab76c4527ea073e575a3e421c7d3825dddaa22fc27e5,0.006285668001510203,0.06179136083380178,0.9547946164191529,0.9809324890375137,0.28639613538980474,0.7652431735396382
residual_v2,49,polygonal_holes,54,private-source://routeA_experiments/data/prospective_ood_rd_hddm_alpha001_v2/polygonal_holes/sample_0054.npz,a1022a21b18e6e40b38eb55a0b8587d544f733833a4d7f12d4de108015563cc3,0.007068657025229186,0.043302403243464925,0.33510925503920064,0.36273073172196746,0.18811268098652362,0.28313371837022716
residual_v2,49,polygonal_holes,55,private-source://routeA_experiments/data/prospective_ood_rd_hddm_alpha001_v2/polygonal_holes/sample_0055.npz,4365d7d047747c0c5587594149f7905cf8d0fbc2fc11cdade3a1001f8d10a489,0.006276138010434806,0.062469905498379226,0.8521544410835092,0.8887825310230255,0.30047067701816554,0.735360444188118
residual_v2,49,polygonal_holes,56,private-source://routeA_experiments/data/prospective_ood_rd_hddm_alpha001_v2/polygonal_holes/sample_0056.npz,c64e194ceeb73588bea71d967fed493a69e7f31422958700a5a894c51dad8af4,0.007179653970524669,0.05161080462427435,0.6212531748684452,0.6570735573768616,0.27948550045257425,0.49242100119590754
residual_v2,49,polygonal_holes,57,private-source://routeA_experiments/data/prospective_ood_rd_hddm_alpha001_v2/polygonal_holes/sample_0057.npz,b7ec701204ebf0f91ed0f653ab9750798681ad55c0be7bccc78661334dd8a05a,0.006265742995310575,0.0430432018629581,0.7650161002834185,0.7603901624679565,0.20275815315544604,0.549294646978378
residual_v2,49,polygonal_holes,58,private-source://routeA_experiments/data/prospective_ood_rd_hddm_alpha001_v2/polygonal_holes/sample_0058.npz,d7d338d7ed7396d7013682fdeda699683e01e2e0a6b355ea8245cd50209f5837,0.007062463031616062,0.046398524923751364,0.5953247299593022,0.741394579410553,0.25632040947675705,0.5947031247615813
residual_v2,49,polygonal_holes,59,private-source://routeA_experiments/data/prospective_ood_rd_hddm_alpha001_v2/polygonal_holes/sample_0059.npz,520dc2e58678e87e5e0b109e52f119bf6f1955d7aa102dba7f2e2aa5f6870b26,0.006287546013481915,0.04053693481893637,0.5521683822752617,0.662761002779007,0.19880788326263427,0.46614476740360256
residual_v2,49,polygonal_holes,60,private-source://routeA_experiments/data/prospective_ood_rd_hddm_alpha001_v2/polygonal_holes/sample_0060.npz,65f37cdde81f35866d4ad5d443aea651ab7719a2aeaeacecb6c6f004e4a9a519,0.0070840680273249745,0.0760542503240294,0.9188176979239584,0.8970005214214325,0.3201191594824193,0.7319580967724321
residual_v2,49,polygonal_holes,61,private-source://routeA_experiments/data/prospective_ood_rd_hddm_alpha001_v2/polygonal_holes/sample_0061.npz,7743695b88cdc254e55b4fad952747f08a99a59b47940f19b05996b3aacfdd4f,0.0064777020015753806,0.06597910206820674,0.9123919305965195,0.9565091133117676,0.35092029199004166,0.8144175958633423
residual_v2,49,polygonal_holes,62,private-source://routeA_experiments/data/prospective_ood_rd_hddm_alpha001_v2/polygonal_holes/sample_0062.npz,277f1102a42eb919881a684fdf02f8fe32f35c413c403026302cd12d4097853a,0.007091433042660356,0.07546722397430888,0.6730129590067467,0.7457457184791565,0.3157240841537714,0.5108633317053318
residual_v2,49,polygonal_holes,63,private-source://routeA_experiments/data/prospective_ood_rd_hddm_alpha001_v2/polygonal_holes/sample_0063.npz,6d764776066ab82c5cc65c85d8e8609d9930055835d54417aa78c6b4a6b03531,0.006300080975051969,0.05534778263840963,0.8811929322270927,0.9183492362499237,0.35028447210788727,0.7598638632893562
residual_v2,49,polygonal_holes,64,private-source://routeA_experiments/data/prospective_ood_rd_hddm_alpha001_v2/polygonal_holes/sample_0064.npz,faf90b633e638b9635077cf9b6ad138791b71dcf9f9c87c2643fdaa9321e9469,0.0070122809847816825,0.04041738602563764,0.46894024444093024,0.5797903537750244,0.2180331721901893,0.4583333462476729
residual_v2,49,polygonal_holes,65,private-source://routeA_experiments/data/prospective_ood_rd_hddm_alpha001_v2/polygonal_holes/sample_0065.npz,5a1f909a1a33de701ff5e43850c8a0f624f0fe67bb2628856e8b2ff716aa4d8f,0.00628525298088789,0.06553676617807974,0.7230634124167703,0.7912241816520691,0.3115460969507691,0.6342937991023063
residual_v2,49,polygonal_holes,66,private-source://routeA_experiments/data/prospective_ood_rd_hddm_alpha001_v2/polygonal_holes/sample_0066.npz,231255ce916639b7963636d7ecd7e8496e2daf50b0681c71f8c26d117d19a6a3,0.006366833986248821,0.05638092693347214,0.5811210091158504,0.6488269660621881,0.312429141276516,0.44887569069862365
residual_v2,49,polygonal_holes,67,private-source://routeA_experiments/data/prospective_ood_rd_hddm_alpha001_v2/polygonal_holes/sample_0067.npz,2ea120f390b13387af7e81bbf689609188cf789c089380be9954a01ab04383ce,0.007239721016958356,0.05158481392143838,0.8482523420431035,0.9768818765878677,0.23383148536086057,0.6982341918349264
residual_v2,49,polygonal_holes,68,private-source://routeA_experiments/data/prospective_ood_rd_hddm_alpha001_v2/polygonal_holes/sample_0068.npz,99dcf586e3c772fa34c409836b87dba473578ad4267323fe4c1021c49bea2156,0.006303520989604294,0.0788164483499789,0.7572032143406413,0.6664732620120049,0.4276918485760688,0.5570920020341873
residual_v2,49,polygonal_holes,69,private-source://routeA_experiments/data/prospective_ood_rd_hddm_alpha001_v2/polygonal_holes/sample_0069.npz,371011e0087841ce62fd475615c1487b9008b14cc2c8239b698c21a3f404f4ae,0.006985058018472046,0.06932367828346073,0.611472850346068,0.6341823041439056,0.348069630563259,0.5621503102779388
residual_v2,49,polygonal_holes,70,private-source://routeA_experiments/data/prospective_ood_rd_hddm_alpha001_v2/polygonal_holes/sample_0070.npz,76a38f00a38c09a4a5e0ce282801ee31b62717ad9405afde4dfaded58ac68adf,0.007156497042160481,0.04910156949865824,0.49883470324722784,0.5133807063102722,0.23641295805573462,0.3755675485898973
residual_v2,49,polygonal_holes,71,private-source://routeA_experiments/data/prospective_ood_rd_hddm_alpha001_v2/polygonal_holes/sample_0071.npz,725f819b9cff979f22d3fb2826bbeb093e79eac51bc6aeeece1bf9cca9411e3c,0.006435532995965332,0.0633511267839729,0.6096930527939963,0.7010685205459595,0.34838365167379376,0.501036416888237
residual_v2,49,polygonal_holes,72,private-source://routeA_experiments/data/prospective_ood_rd_hddm_alpha001_v2/polygonal_holes/sample_0072.npz,29b11ddc75faadb72de6975449a2b31a3d5383776b7675881284f27b7dca3cab,0.0070385890430770814,0.06400737992122028,0.6943878520033158,0.7859373092651367,0.37251331806182836,0.6372034725546837
residual_v2,49,polygonal_holes,73,private-source://routeA_experiments/data/prospective_ood_rd_hddm_alpha001_v2/polygonal_holes/sample_0073.npz,1ab85a6c8ae26e0fbf4793862ad906cb7254045320b5796aeaa896f42f2bacd4,0.006274692947044969,0.061943820533377776,0.675841519364267,0.7682640552520752,0.34020355045795436,0.6015105822682381
residual_v2,49,polygonal_holes,74,private-source://routeA_experiments/data/prospective_ood_rd_hddm_alpha001_v2/polygonal_holes/sample_0074.npz,bacd1d3e820fbf01f8d4acce5297dc3b9f8dc25652253988c73470e23a9f8ac1,0.007201836036983877,0.05479672484553501,0.7254721405467959,0.7805649042129517,0.259888916183263,0.5873677453398702
residual_v2,49,polygonal_holes,75,private-source://routeA_experiments/data/prospective_ood_rd_hddm_alpha001_v2/polygonal_holes/sample_0075.npz,3287c7e51fa026555fd19d375af6e3d4cc8cc42fa1205cc3bfc8cd6cf1579cd3,0.006276863976381719,0.04703785621771708,0.5074610478191782,0.593903511762619,0.23990322425961494,0.47431157261133194
residual_v2,49,polygonal_holes,76,private-source://routeA_experiments/data/prospective_ood_rd_hddm_alpha001_v2/polygonal_holes/sample_0076.npz,574f2300d179a3831f3582318cd7b95acfd3405093d6a47af47ad93d2178f2e1,0.006981941987760365,0.06628735407840655,1.0330858513390095,0.6864003986120224,0.2981452030828221,0.4866855752468109
residual_v2,49,polygonal_holes,77,private-source://routeA_experiments/data/prospective_ood_rd_hddm_alpha001_v2/polygonal_holes/sample_0077.npz,4376fb3c5dd37b190c566754832a3e3ba85331c8e3e4f837d406cdef3bfffa17,0.006293628015555441,0.06264816315855923,0.7790035554141841,0.7707807719707489,0.37534899935126287,0.6258580872416496
residual_v2,49,polygonal_holes,78,private-source://routeA_experiments/data/prospective_ood_rd_hddm_alpha001_v2/polygonal_holes/sample_0078.npz,ae2f838a41311b1cab760c47b71bb43be39b91fa594b946c3571522b2c1a813d,0.007012293033767492,0.05766167081776025,0.6132038687849398,0.7673159837722778,0.25624954998493193,0.6690540507435798
residual_v2,49,polygonal_holes,79,private-source://routeA_experiments/data/prospective_ood_rd_hddm_alpha001_v2/polygonal_holes/sample_0079.npz,adbb28bf9488acd23de73cd9711ec3b2e05ffc6733eb9f5e5d052cf61e664a70,0.006405730964615941,0.0588522497767278,0.9210359703254958,0.886283665895462,0.2906569460494208,0.6948590283095837
residual_v2,49,polygonal_holes,80,private-source://routeA_experiments/data/prospective_ood_rd_hddm_alpha001_v2/polygonal_holes/sample_0080.npz,4a47f541a2cd868c83938f15092e28469ad5819a5b3e93180979feb578a2ce05,0.007262414961587638,0.044601864237069244,0.5304004613264732,0.6558994054794312,0.292148795723915,0.4861606904864311
residual_v2,49,polygonal_holes,81,private-source://routeA_experiments/data/prospective_ood_rd_hddm_alpha001_v2/polygonal_holes/sample_0081.npz,4d25b3696b4e9ae0a17a8594fbd72f84735c32ee8f1f0b28d6a67a85a3343360,0.0069850439904257655,0.0650017892052582,0.8799559890439962,0.8726833313703537,0.2726532091532135,0.6479905767738819
residual_v2,49,polygonal_holes,82,private-source://routeA_experiments/data/prospective_ood_rd_hddm_alpha001_v2/polygonal_holes/sample_0082.npz,a6c4e742890618c770a2aba2764df55ef3584d9cf57866efbbc096b98dec6a48,0.00727299798745662,0.058944694899920096,0.6629745607727201,0.8100265562534332,0.358487533032894,0.5888328325748443
residual_v2,49,polygonal_holes,83,private-source://routeA_experiments/data/prospective_ood_rd_hddm_alpha001_v2/polygonal_holes/sample_0083.npz,b8eeb414ab12e5fe35f84aa19979bdbca0f1a1f75eeb25da9aad6a52d8cbeb30,0.007314821996260434,0.05096636645448342,0.48626932842867826,0.5832115709781647,0.2500025808811187,0.42484267309308027
residual_v2,49,polygonal_holes,84,private-source://routeA_experiments/data/prospective_ood_rd_hddm_alpha001_v2/polygonal_holes/sample_0084.npz,67deca7af2005178ad0c93d16ab381b5a3df2ac09b8b5738e4fc2773a2546f62,0.006974223011638969,0.05603600291264734,0.5846860425107776,0.7019048035144806,0.29814615920186033,0.6129532542824745
residual_v2,49,polygonal_holes,85,private-source://routeA_experiments/data/prospective_ood_rd_hddm_alpha001_v2/polygonal_holes/sample_0085.npz,ddb7b814e040d8c047a4649f33bf151654d032650e5a173001aca20b14905ab3,0.007230837014503777,0.04862382352147967,0.9611861934125898,0.8675438314676285,0.2266700103878975,0.5759760742634532
residual_v2,49,polygonal_holes,86,private-source://routeA_experiments/data/prospective_ood_rd_hddm_alpha001_v2/polygonal_holes/sample_0086.npz,d6433754926d38ddb5772e7cb405f78b5aec43e5ca3eade0ba8b62b103a7dc27,0.007028002990409732,0.055161910371679015,0.7504029987256453,0.8733923584222794,0.2835604757070541,0.6049534278362988
residual_v2,49,polygonal_holes,87,private-source://routeA_experiments/data/prospective_ood_rd_hddm_alpha001_v2/polygonal_holes/sample_0087.npz,8d3eec568a4d74c6a51e6da3cc28ade1037e57e722994fd947f5a01f53d41edf,0.007212269003503025,0.0693675190280694,1.232104724641518,0.8907120525836945,0.3075785695808008,0.6410564370267092
residual_v2,49,polygonal_holes,88,private-source://routeA_experiments/data/prospective_ood_rd_hddm_alpha001_v2/polygonal_holes/sample_0088.npz,af9662e794a12464829c6fac98a3cb18e6e3e6857c1576994cbe01eedf1f246c,0.00703835702734068,0.054734953006483365,0.9153778902690006,0.9134044051170349,0.27533572278916835,0.7125743681192397
residual_v2,49,polygonal_holes,89,private-source://routeA_experiments/data/prospective_ood_rd_hddm_alpha001_v2/polygonal_holes/sample_0089.npz,c5a95474e5636d974aeee3dcde6837bf3c6a3704353407477c81f4240bbdc388,0.006482231023255736,0.0645147644543666,1.0860765704479798,0.9962233304977417,0.2713637372037964,0.7997999648749828
residual_v2,49,polygonal_holes,90,private-source://routeA_experiments/data/prospective_ood_rd_hddm_alpha001_v2/polygonal_holes/sample_0090.npz,69177a4934a4e7ec9786358ba08b301291e30633bfc8079703a3ad634dbe6555,0.007025595987215638,0.0609668782006842,0.7124261557630788,0.8109685778617859,0.3304667577147483,0.6560210800170897
residual_v2,49,polygonal_holes,91,private-source://routeA_experiments/data/prospective_ood_rd_hddm_alpha001_v2/polygonal_holes/sample_0091.npz,017495cf13436ccb34417f1d078194fbbb1bb9e889c2a05714fdfef6208a7922,0.006498318980447948,0.04459621708583212,1.0819827129007018,1.0143787115812302,0.1847659706836566,0.6635987290740007
residual_v2,49,polygonal_holes,92,private-source://routeA_experiments/data/prospective_ood_rd_hddm_alpha001_v2/polygonal_holes/sample_0092.npz,6fb319a462e5729cc33034f1576388ff60d99f8ed26dcf3ed67437d1ea1bca54,0.006528878991957754,0.048927127237946275,0.4559347872295225,0.5451466143131256,0.2563384124427101,0.43909487336874004
residual_v2,49,polygonal_holes,93,private-source://routeA_experiments/data/prospective_ood_rd_hddm_alpha001_v2/polygonal_holes/sample_0093.npz,52cbc18f79056f45df5b059b191b91f8510f55d9c2edcd661f81df8375d9e0d1,0.007173530000727624,0.056655067960057676,0.7996793260953001,0.9060687124729156,0.27883875370025607,0.7272092998027802
residual_v2,49,polygonal_holes,94,private-source://routeA_experiments/data/prospective_ood_rd_hddm_alpha001_v2/polygonal_holes/sample_0094.npz,164da7452288a5d8a7302027741566652f575e6558c5ce9ce09db0163255c7ab,0.006639010971412063,0.05526657374748892,0.550633559238917,0.60286745429039,0.28090718016028404,0.4539864426851272
residual_v2,49,polygonal_holes,95,private-source://routeA_experiments/data/prospective_ood_rd_hddm_alpha001_v2/polygonal_holes/sample_0095.npz,1c76e3d378b35c6a9e36e37471d1c5bcd6e753f69e666218ce23590f33585d3e,0.006529083999339491,0.06170216343292648,0.8807394363546223,0.9644567221403122,0.33433833629605936,0.7310177038609981
residual_v2,49,polygonal_holes,96,private-source://routeA_experiments/data/prospective_ood_rd_hddm_alpha001_v2/polygonal_holes/sample_0096.npz,49ad587763214bcda7cccaa69cfff09cf001c7b2c7f38d85251e3f2672a35569,0.0066332570277154446,0.06390559874512025,0.5886072006960158,0.6217908263206482,0.3128182560205453,0.5404182216525077
residual_v2,49,polygonal_holes,97,private-source://routeA_experiments/data/prospective_ood_rd_hddm_alpha001_v2/polygonal_holes/sample_0097.npz,8390688b322ed3b47b14ae6c8deb192bc662ca519072cc4456004520d93634eb,0.007155130035243928,0.05924031655636857,0.5971150514213692,0.7314459979534149,0.3274062678217887,0.6044934816658497
residual_v2,49,polygonal_holes,98,private-source://routeA_experiments/data/prospective_ood_rd_hddm_alpha001_v2/polygonal_holes/sample_0098.npz,d664b5cd66446712fa2fc0050a3eea16c06ebbf4a5f3665cb9b62018873ee112,0.006513491040095687,0.037766684319460384,0.2760550744247135,0.3818303197622299,0.16571314260363576,0.2394756564497947
residual_v2,49,polygonal_holes,99,private-source://routeA_experiments/data/prospective_ood_rd_hddm_alpha001_v2/polygonal_holes/sample_0099.npz,ffb0fcbe82635372bfaaf9dfad830078cc7e245cb5df18fc4cf3ee7d7ed08f2c,0.007071147032547742,0.056287216476438764,0.6547121600931098,0.7572479844093323,0.3235351279377937,0.6305119055509567
residual_v2,49,polygonal_holes,100,private-source://routeA_experiments/data/prospective_ood_rd_hddm_alpha001_v2/polygonal_holes/sample_0100.npz,83db9e1bf734e4318e7310d414f020dde016065b78e5ec40e0bf63cbdc30cd69,0.006637084996327758,0.053487310611326395,0.5873660124859177,0.6220524609088898,0.2341214630752801,0.4835831853747365
residual_v2,49,polygonal_holes,101,private-source://routeA_experiments/data/prospective_ood_rd_hddm_alpha001_v2/polygonal_holes/sample_0101.npz,628d4ef4e48f4e11212826ea73354e04acbb5cf5218cf61a5f450ffe072e463a,0.006586114992387593,0.04575004446101654,0.5740855458834534,0.8051669895648956,0.23723100572824476,0.5363547506928442
residual_v2,49,polygonal_holes,102,private-source://routeA_experiments/data/prospective_ood_rd_hddm_alpha001_v2/polygonal_holes/sample_0102.npz,53967bde920053230113301d67f3965fb24710c7b37e3b7e2a11053964188c70,0.006566864030901343,0.06381090397552726,0.7661202707568214,0.74374820291996,0.26703081000596274,0.6502419167757034
residual_v2,49,polygonal_holes,103,private-source://routeA_experiments/data/prospective_ood_rd_hddm_alpha001_v2/polygonal_holes/sample_0103.npz,31c2e4b05f2f012dc480a56d1b1cc60ea8f4b239b39e292c8f0a6dac54ebd19b,0.006594894977752119,0.06109995678242462,0.8933501241575638,0.928290843963623,0.3411660268902778,0.766078462898731
residual_v2,49,polygonal_holes,104,private-source://routeA_experiments/data/prospective_ood_rd_hddm_alpha001_v2/polygonal_holes/sample_0104.npz,9eb06fccb4a1502bf602c71b5f5036161537259059eb86654e50a1438639f459,0.006987202970776707,0.040099934539090706,0.4318513479764671,0.606897234916687,0.19920638937037433,0.48673018597066403
residual_v2,49,polygonal_holes,105,private-source://routeA_experiments/data/prospective_ood_rd_hddm_alpha001_v2/polygonal_holes/sample_0105.npz,95cbcc94abd4de91c834c528dda2319a03fb7099f469d400f93c5b03afcbc4a8,0.006527151970658451,0.06482604475286959,0.7840977769195767,0.8617917597293854,0.38034672290086746,0.7042587903141975
residual_v2,49,polygonal_holes,106,private-source://routeA_experiments/data/prospective_ood_rd_hddm_alpha001_v2/polygonal_holes/sample_0106.npz,98106d828e41a1c5eb346df2a0b0a1e1e58665b84eceba9935ef6099e5563495,0.007025339000392705,0.048622721962319815,0.9634863600191793,0.7754859253764153,0.2498104775557294,0.5932122618705034
residual_v2,49,polygonal_holes,107,private-source://routeA_experiments/data/prospective_ood_rd_hddm_alpha001_v2/polygonal_holes/sample_0107.npz,9cbd0d60ca7ebba2116f8c16d91b310978edea4d0da468204842b7a23670a89d,0.0065943869994953275,0.05526660164896088,0.7552514847086463,0.7622338533401489,0.2711627617478369,0.617674366235733
residual_v2,49,polygonal_holes,108,private-source://routeA_experiments/data/prospective_ood_rd_hddm_alpha001_v2/polygonal_holes/sample_0108.npz,b9853bfdbfac230c0bfabbae3453e3f905065de73973a4e6e03d679b043f8a93,0.007003893959335983,0.06338690437142051,0.6553008581026142,0.7177205383777618,0.26889119667466727,0.5492607811093327
residual_v2,49,polygonal_holes,109,private-source://routeA_experiments/data/prospective_ood_rd_hddm_alpha001_v2/polygonal_holes/sample_0109.npz,ad81e157b0fe4b56f9cb232ff544261abab7b40e2fd40998cf5365e8c2ecbf9c,0.006514645996503532,0.05443125809055904,1.0181333244985313,0.9621722549200058,0.22336772573180497,0.6123076961934565
residual_v2,49,polygonal_holes,110,private-source://routeA_experiments/data/prospective_ood_rd_hddm_alpha001_v2/polygonal_holes/sample_0110.npz,2379cde8dfcb4012259c110621bb82cac632e8758fc6470fc5fb50c0d6567705,0.006988048029597849,0.06008916943914039,0.6732853566101127,0.6801846325397491,0.292479229811579,0.5115276518464088
residual_v2,49,polygonal_holes,111,private-source://routeA_experiments/data/prospective_ood_rd_hddm_alpha001_v2/polygonal_holes/sample_0111.npz,e77470dcfcba1f6bdb33c318c2e6cecb38ae797f62d39e0bb08e7a08dd6e974a,0.006693731003906578,0.055296301573384124,0.7485574869527886,0.8700684905052185,0.30808232650160744,0.7074764743447304
residual_v2,49,polygonal_holes,112,private-source://routeA_experiments/data/prospective_ood_rd_hddm_alpha001_v2/polygonal_holes/sample_0112.npz,88df74d2052fa5cb450aa5d9be2814b467df7bbe8db5582a180089122655cee2,0.007021666970103979,0.056990816381518115,0.5387144685077505,0.5664968192577362,0.27184287495911114,0.4852970811724663
residual_v2,49,polygonal_holes,113,private-source://routeA_experiments/data/prospective_ood_rd_hddm_alpha001_v2/polygonal_holes/sample_0113.npz,3a1fa1b65775b0275cf639b12a72525a77828d847796be0e003df1bdbad952ec,0.006391039991285652,0.04908386945200593,0.4868828088140758,0.5077773332595825,0.2577543169260025,0.43795572459697724
residual_v2,49,polygonal_holes,114,private-source://routeA_experiments/data/prospective_ood_rd_hddm_alpha001_v2/polygonal_holes/sample_0114.npz,ee8527e088d5dac6fcb1c475159e6c302f9ad53ec6da27fe11138620a0ca68fd,0.007019410957582295,0.0650023574361233,0.8693951332595357,0.9174322187900543,0.40917676687240595,0.8085202439129352
residual_v2,49,polygonal_holes,115,private-source://routeA_experiments/data/prospective_ood_rd_hddm_alpha001_v2/polygonal_holes/sample_0115.npz,f7ffa5978118fd94c3600a0f477fa283eca44223a4090163c2e4bf5b6bcf3f85,0.006460454023908824,0.040043249991446525,0.5325239297103008,0.6705761551856995,0.2434531554579732,0.5791564011573791
residual_v2,49,polygonal_holes,116,private-source://routeA_experiments/data/prospective_ood_rd_hddm_alpha001_v2/polygonal_holes/sample_0116.npz,40826f4a1aca3233236ea6a2e03d2f7953a031f2a735af2bc36b9a978760b21d,0.006973764975555241,0.05012144021398563,0.7020566020881427,0.8627421706914902,0.22379398345947255,0.6580253818631172
residual_v2,49,polygonal_holes,117,private-source://routeA_experiments/data/prospective_ood_rd_hddm_alpha001_v2/polygonal_holes/sample_0117.npz,e1cd5ab17ebc52bc630594c80acdbe1ac1cf83a82b72806653c360f585aa540a,0.006606279988773167,0.05458238087010733,0.4742835822479417,0.541922390460968,0.23815949626732605,0.38738216668367387
residual_v2,49,polygonal_holes,118,private-source://routeA_experiments/data/prospective_ood_rd_hddm_alpha001_v2/polygonal_holes/sample_0118.npz,e0b81737032bd6118a094dfd0c6797f942b4d7ff21e1c6636fe9e0c0fa7456e2,0.007031148998066783,0.047118580524060386,0.5763457746651491,0.7414324283599854,0.2623911395668983,0.5599088120460508
residual_v2,49,polygonal_holes,119,private-source://routeA_experiments/data/prospective_ood_rd_hddm_alpha001_v2/polygonal_holes/sample_0119.npz,274e7d80ddc1fb4c43974f1671c4b357b5fd97510b63ae2caa29395f57fb9bd2,0.006310985016170889,0.07428561557210932,0.9106011809012822,0.911653459072113,0.45639154482632877,0.7714782509207725
residual_v2,49,polygonal_holes,120,private-source://routeA_experiments/data/prospective_ood_rd_hddm_alpha001_v2/polygonal_holes/sample_0120.npz,a6dd086ec33a9883183e8a146acf4fded479067a6034fee0630258588079fc8d,0.007013279013335705,0.04842428891211082,0.62142963689888,0.7826597094535828,0.25770334303379056,0.5925651085376739
residual_v2,49,polygonal_holes,121,private-source://routeA_experiments/data/prospective_ood_rd_hddm_alpha001_v2/polygonal_holes/sample_0121.npz,ac81dd72fd79f7e2354039b8d04c60f5f5bbfca723e2447359de622ff26efbb1,0.006601649976801127,0.04821970027164992,0.8501297426346679,0.9758584499359131,0.21406016489490862,0.5641061890125274
residual_v2,49,polygonal_holes,122,private-source://routeA_experiments/data/prospective_ood_rd_hddm_alpha001_v2/polygonal_holes/sample_0122.npz,759193356a467c09e2b8edbb533e17359fce60da51877df5de5350a541b599c5,0.006622201995924115,0.05427593111652388,0.6948085758295083,0.7950160652399063,0.23339042514562602,0.5191450721025467
residual_v2,49,polygonal_holes,123,private-source://routeA_experiments/data/prospective_ood_rd_hddm_alpha001_v2/polygonal_holes/sample_0123.npz,043378324eecf8d22f90a8b04f7e31a6758753cb437e9e0dfbe72c96271d4ff4,0.006339674990158528,0.039888371883929116,0.31963726777149937,0.40460290759801865,0.19478325765812768,0.3014842541143298
residual_v2,49,polygonal_holes,124,private-source://routeA_experiments/data/prospective_ood_rd_hddm_alpha001_v2/polygonal_holes/sample_0124.npz,cd51fc274b14dfb5fac39f5cfe064e526357b88b7d094e98b25666df1b414ebf,0.0072442839737050235,0.052338182331320315,0.48078923098841836,0.6107790470123291,0.23686766130849715,0.48139627933502194
residual_v2,49,polygonal_holes,125,private-source://routeA_experiments/data/prospective_ood_rd_hddm_alpha001_v2/polygonal_holes/sample_0125.npz,ed9c8de9705fd444fe459e4bfda13bcb047be60ede95d8334f14a4765b9738c1,0.006515572953503579,0.06817420446799155,0.741293019018995,0.7736877799034119,0.3117244422435759,0.6582733838260173
residual_v2,49,polygonal_holes,126,private-source://routeA_experiments/data/prospective_ood_rd_hddm_alpha001_v2/polygonal_holes/sample_0126.npz,665752506b08a3f3e3fe30b2921a1800be6cc7503caeb2bbb5078b9732f246a1,0.007167565054260194,0.06481983721913265,0.7485326939087997,0.8992776274681091,0.3217518948018549,0.6676734931766987
residual_v2,49,polygonal_holes,127,private-source://routeA_experiments/data/prospective_ood_rd_hddm_alpha001_v2/polygonal_holes/sample_0127.npz,c816a31178bdc5d064cf91181e9c7932847ba43e355ab3c1d6ccd62738e6e38a,0.006481362972408533,0.05626530146347755,0.7906435433759877,0.8483669757843018,0.323694975321996,0.6921182680130004
residual_v2,49,polygonal_holes,128,private-source://routeA_experiments/data/prospective_ood_rd_hddm_alpha001_v2/polygonal_holes/sample_0128.npz,1ff4fae644b7094e6f782b7b687fd6b1fbd82aac67e72ea7769b3fb09fa6e48f,0.007107413024641573,0.0511693384950172,0.44102483535261056,0.5307168364524841,0.22229446098208414,0.37104125678539274
residual_v2,49,polygonal_holes,129,private-source://routeA_experiments/data/prospective_ood_rd_hddm_alpha001_v2/polygonal_holes/sample_0129.npz,304ae224f67a5af8163de1ab49c40dd4fedca4580b143be96af616abffc6891f,0.007023972983006388,0.05330209410329745,0.7185559506070749,0.7818496823310852,0.3259779483079908,0.6095539999008176
residual_v2,49,polygonal_holes,130,private-source://routeA_experiments/data/prospective_ood_rd_hddm_alpha001_v2/polygonal_holes/sample_0130.npz,e1ce49f7ee7274aa7c46a7774918dbf0b33c86fdbf83110ebf21a577b52b49c2,0.0070985190104693174,0.049244659883240005,0.5345575096015172,0.674903154373169,0.26028213649988174,0.4925535511970519
residual_v2,49,polygonal_holes,131,private-source://routeA_experiments/data/prospective_ood_rd_hddm_alpha001_v2/polygonal_holes/sample_0131.npz,ed41aea98fee101c256811beb8de8b6cd7eaa2613cc541b40b00b980b3f85711,0.006404195039067417,0.0420676960225137,0.40165965128438924,0.5071242451667786,0.19720327302347868,0.4050924020819366
residual_v2,49,polygonal_holes,132,private-source://routeA_experiments/data/prospective_ood_rd_hddm_alpha001_v2/polygonal_holes/sample_0132.npz,f6a02e95496e34f2bd023b24cbfad8d8efcd430331804e20e35c1a3a87b3105a,0.007149907993152738,0.07072835375374856,0.7086873625255938,0.708447277545929,0.35098107010126095,0.5982697786390782
residual_v2,49,polygonal_holes,133,private-source://routeA_experiments/data/prospective_ood_rd_hddm_alpha001_v2/polygonal_holes/sample_0133.npz,2d0b9657c30dbaee8ac6254ea143fd42d06b5d9334a9daae61f959b4d768189d,0.0065888240351341665,0.04566945834766658,0.6498113432190977,0.7494812607765198,0.2632506355643272,0.6332394668459892
residual_v2,49,polygonal_holes,134,private-source://routeA_experiments/data/prospective_ood_rd_hddm_alpha001_v2/polygonal_holes/sample_0134.npz,6fc1d8ad41d98e5533dcb17000bd621df4413b0bc230e17a01f9f1042863dc00,0.007184262038208544,0.04664380108573508,0.42699926985678793,0.4797903597354889,0.23671348243951792,0.40870691537857057
residual_v2,49,polygonal_holes,135,private-source://routeA_experiments/data/prospective_ood_rd_hddm_alpha001_v2/polygonal_holes/sample_0135.npz,5f7f06f2a09a51cb1bdbf1f8f76c7dcebd7292b16ad5d06e2bd7e5e2a241a7b4,0.007044800964649767,0.046353730635546646,0.8046336040297006,0.7577374577522278,0.2208160864189267,0.5421993355825543
residual_v2,49,polygonal_holes,136,private-source://routeA_experiments/data/prospective_ood_rd_hddm_alpha001_v2/polygonal_holes/sample_0136.npz,00531c0b831dc08973faac55a2933c5636dd9ca8276c59ce5b933fd5d249b087,0.007042657001875341,0.04882415914302619,0.41267763695507553,0.6248029470443726,0.21636584922671317,0.4148467367887496
residual_v2,49,polygonal_holes,137,private-source://routeA_experiments/data/prospective_ood_rd_hddm_alpha001_v2/polygonal_holes/sample_0137.npz,d001d2eb3c3220ffed4f07f5378b2f2433947704e933286823ec2f721961990d,0.0063901930116117,0.0520260180773721,0.518861451189465,0.604533851146698,0.24071978107094757,0.45853466421365735
residual_v2,49,polygonal_holes,138,private-source://routeA_experiments/data/prospective_ood_rd_hddm_alpha001_v2/polygonal_holes/sample_0138.npz,f220ed2d2bb7df025848597f7eaca2bacd1707ff56291afdc47c8afdf6b2c8b5,0.007265269989147782,0.06755170709671093,0.5577553887865695,0.6475341618061066,0.31619312502443786,0.5278447514772415
residual_v2,49,polygonal_holes,139,private-source://routeA_experiments/data/prospective_ood_rd_hddm_alpha001_v2/polygonal_holes/sample_0139.npz,17b888ed07f6657c9849c552aad413cfe46048c4c7895f05178724c0fa7f87ca,0.006289647019002587,0.08466861866363262,0.9866621463486034,0.9398128092288971,0.4173849835991858,0.7851742321252823
residual_v2,49,polygonal_holes,140,private-source://routeA_experiments/data/prospective_ood_rd_hddm_alpha001_v2/polygonal_holes/sample_0140.npz,e02540d429db3b7126f4bff11bc5fa61a336ec8a85e95e0c1221371ba5a47ef6,0.006977632991038263,0.07135150360117905,1.0088066501143502,0.9537015855312347,0.3179140165448189,0.6349695648252963
residual_v2,49,polygonal_holes,141,private-source://routeA_experiments/data/prospective_ood_rd_hddm_alpha001_v2/polygonal_holes/sample_0141.npz,bb22d84f5f6c83f45e1de2d4ab15f3186ec26d2a148f8904619bdd7a66c8171f,0.006277608044911176,0.06171632927500999,0.7698326530800805,0.8528600335121155,0.37861715406179425,0.7230824470520019
residual_v2,49,polygonal_holes,142,private-source://routeA_experiments/data/prospective_ood_rd_hddm_alpha001_v2/polygonal_holes/sample_0142.npz,a1cc8c41b7c1a468be244e07ec2ff48e53d77459c7644d4e6eb2022f904ed782,0.007000613026320934,0.05017888685020252,0.7971292900200989,0.8730579614639282,0.23963990509510033,0.6542639502137897
residual_v2,49,polygonal_holes,143,private-source://routeA_experiments/data/prospective_ood_rd_hddm_alpha001_v2/polygonal_holes/sample_0143.npz,4b97a95ed4fe7c8cb1b5fa7d4ef80edede472fcfc57e6cfa5eadb9c8a4df27a5,0.006273281993344426,0.07241839582144552,1.1535367627223951,0.938344269990921,0.30864154938608407,0.576941789239645
residual_v2,49,polygonal_holes,144,private-source://routeA_experiments/data/prospective_ood_rd_hddm_alpha001_v2/polygonal_holes/sample_0144.npz,3acfb67f378c2daf8e69098ba9558f45f6fc6a8a6e8672333f2e8c054a6bc2bf,0.006965282023884356,0.056241251013773495,0.9551203045485254,0.9419696033000946,0.2313381295651197,0.6137397572398184
residual_v2,49,polygonal_holes,145,private-source://routeA_experiments/data/prospective_ood_rd_hddm_alpha001_v2/polygonal_holes/sample_0145.npz,b65d0851c245b707a2ac32228f305f7569c9d1859d64e5f4927b75c27e5a7c2b,0.006280782981775701,0.05591292882188832,0.5767600794713085,0.7531199157238007,0.291185500472784,0.5031096303462982
residual_v2,49,polygonal_holes,146,private-source://routeA_experiments/data/prospective_ood_rd_hddm_alpha001_v2/polygonal_holes/sample_0146.npz,201b532444ea007bfb07628e9165c885156dffac34abbcb9c7006c661f8345f2,0.006521221017464995,0.059206679256629084,0.7660029428837777,0.8289565443992615,0.36418782472610434,0.6675043606758116
residual_v2,49,polygonal_holes,147,private-source://routeA_experiments/data/prospective_ood_rd_hddm_alpha001_v2/polygonal_holes/sample_0147.npz,d9d3e2c0e75e05c8d6a983a93cdbeec7eefce5027ca61ee3fe73ed223cb22f7a,0.006308074982371181,0.08262551362067433,0.9488394494174193,0.9235267639160156,0.4224761709570884,0.7305328559875488
residual_v2,49,polygonal_holes,148,private-source://routeA_experiments/data/prospective_ood_rd_hddm_alpha001_v2/polygonal_holes/sample_0148.npz,fed8390888705bfd8ae6d9f074b0386d8310a40128ec7eed3742e6689c9930f5,0.007019743032287806,0.05479909099115098,0.6700536681585981,0.7348432540893555,0.3589522749185559,0.6387184309959412
residual_v2,49,polygonal_holes,149,private-source://routeA_experiments/data/prospective_ood_rd_hddm_alpha001_v2/polygonal_holes/sample_0149.npz,1fc1409b3b58a0ee4fe9462eb8610281be13a9e52d04be45b8155c8b093b6826,0.007276175951119512,0.058977871332238765,0.598089030442845,0.6923919320106506,0.341843831539154,0.6010794150829315
residual_v2,49,polygonal_holes,150,private-source://routeA_experiments/data/prospective_ood_rd_hddm_alpha001_v2/polygonal_holes/sample_0150.npz,2757539f9ec46c666cbf7b9c228a40503df7a8a8f2124fac5c87a43bd9ed14dc,0.007235152996145189,0.05478606109375012,1.017061309369675,0.9645030051469803,0.21991377193480727,0.648336381651461
residual_v2,49,polygonal_holes,151,private-source://routeA_experiments/data/prospective_ood_rd_hddm_alpha001_v2/polygonal_holes/sample_0151.npz,891875b4effc70758dab8ca57b0d6819863a7b492d90d1bfdb2bd22bc48d0cad,0.0065408769878558815,0.0687797628669624,0.8243510020406313,0.8881229758262634,0.4013182997703552,0.7764723967015742
residual_v2,49,polygonal_holes,152,private-source://routeA_experiments/data/prospective_ood_rd_hddm_alpha001_v2/polygonal_holes/sample_0152.npz,56b12d3d13026cd3288b7c1885cbd85b8a1bc4dc3f9807dd8858aa67d50f721d,0.006527093006297946,0.07630686219155658,0.7628966318783923,0.7401380091905594,0.3764885520562529,0.6099383604526519
residual_v2,49,polygonal_holes,153,private-source://routeA_experiments/data/prospective_ood_rd_hddm_alpha001_v2/polygonal_holes/sample_0153.npz,af02edfbeda154165dee016399e47068fbe6b8c0e34593331fe7bf97c763c6ed,0.00652917695697397,0.04794012906633119,0.43769686345058817,0.5756019353866577,0.2536114546732278,0.45989638984203335
residual_v2,49,polygonal_holes,154,private-source://routeA_experiments/data/prospective_ood_rd_hddm_alpha001_v2/polygonal_holes/sample_0154.npz,9f4d2ecf074b40c504140d8737b60ab86136700c126bd6eada3ce22b6faeb44d,0.006334214995149523,0.06545606437417048,1.318752882661373,0.979796826839447,0.3332011851482093,0.6298955269157885
residual_v2,49,polygonal_holes,155,private-source://routeA_experiments/data/prospective_ood_rd_hddm_alpha001_v2/polygonal_holes/sample_0155.npz,b861e6158554f60e3b28f76ec9b128a9430ba6efcbba4fe54c56e55939f03657,0.0065246609738096595,0.06025602152993954,0.6992015635749893,0.7947420477867126,0.3619500488042831,0.6455053249001502
residual_v2,49,polygonal_holes,156,private-source://routeA_experiments/data/prospective_ood_rd_hddm_alpha001_v2/polygonal_holes/sample_0156.npz,14ef70e1036b06a4abd5ecf0c058f87e16a946222fa519b8f637fc45a36d83e7,0.006328282994218171,0.04136903640106539,0.4154976855224203,0.5381269752979279,0.2093301951885223,0.3793842685222626
residual_v2,49,polygonal_holes,157,private-source://routeA_experiments/data/prospective_ood_rd_hddm_alpha001_v2/polygonal_holes/sample_0157.npz,43dda95c9977101aa286a63d0342e83b3917f584fe93b176f50bf6a8863ee6ed,0.006259113957639784,0.053938394053671394,0.5085772211829189,0.6111586764454842,0.2839197292923927,0.4766173364128917
residual_v2,49,polygonal_holes,158,private-source://routeA_experiments/data/prospective_ood_rd_hddm_alpha001_v2/polygonal_holes/sample_0158.npz,d857465c10a280a070d862005f23339c491f8fbd2446b9a5938d6bcd7a0b3a1a,0.006343100976664573,0.04295385759623014,0.6198039723343604,0.7590153813362122,0.22621509416494515,0.6056020450592039
residual_v2,49,polygonal_holes,159,private-source://routeA_experiments/data/prospective_ood_rd_hddm_alpha001_v2/polygonal_holes/sample_0159.npz,f59261ba874c415e72210524ff86466ef1835ff128db62c36864a13b554ff470,0.006303526984993368,0.056652337872013354,0.728240152272282,0.8820528984069824,0.3000388682819903,0.7521246081590651
residual_v2,49,polygonal_holes,160,private-source://routeA_experiments/data/prospective_ood_rd_hddm_alpha001_v2/polygonal_holes/sample_0160.npz,39068f5d74d06b40549535b8f9ac00e3990cbbfd5ed4bbbfc7773dab1ec0dbbe,0.006305528979282826,0.06837989319292193,0.892010528624475,0.9264763295650482,0.36932481750845897,0.7178023079037666
residual_v2,49,polygonal_holes,161,private-source://routeA_experiments/data/prospective_ood_rd_hddm_alpha001_v2/polygonal_holes/sample_0161.npz,e0831b7cf1e199a8bcddde4a7ba63fda2ec5358332f83876dc46e76b7a76fe72,0.0063116810051724315,0.06471466751833614,0.9370487869095956,0.8634011149406433,0.28725700974464413,0.6989262160658836
residual_v2,49,polygonal_holes,162,private-source://routeA_experiments/data/prospective_ood_rd_hddm_alpha001_v2/polygonal_holes/sample_0162.npz,b57aaa46bc4b1f2b322a5c732792b6b0b627be08d494a2d21be8f93f764c1355,0.006294826045632362,0.05464995908877528,0.5898116317787089,0.7707716524600983,0.2932550309458745,0.5841132280230522
residual_v2,49,polygonal_holes,163,private-source://routeA_experiments/data/prospective_ood_rd_hddm_alpha001_v2/polygonal_holes/sample_0163.npz,1a3ca61d865205982770fbfd89f746ec95c9b76d83a2d8a357c31ac000e4dac4,0.007028321037068963,0.043654388123861486,0.3719822796832184,0.4350670278072357,0.19992091730237008,0.3349252307281131
residual_v2,49,polygonal_holes,164,private-source://routeA_experiments/data/prospective_ood_rd_hddm_alpha001_v2/polygonal_holes/sample_0164.npz,5d1ee014dbbe40884070a5a39acff629da86c4954a0b4ab2c84a9004a2202fd6,0.006280909990891814,0.05425609356196115,1.0144432670249455,0.9137695282697678,0.2152132542803883,0.6995774057507513
residual_v2,49,polygonal_holes,165,private-source://routeA_experiments/data/prospective_ood_rd_hddm_alpha001_v2/polygonal_holes/sample_0165.npz,259bca01e7e1d1c29bce2b41b1f1875945b910b6f1079e0f915a7977b1e9f893,0.007004960032645613,0.05953726970438007,0.6995500015977535,0.7319503128528595,0.2843187533318994,0.5726355612277985
residual_v2,49,polygonal_holes,166,private-source://routeA_experiments/data/prospective_ood_rd_hddm_alpha001_v2/polygonal_holes/sample_0166.npz,3d0e83e51a41e5c75d0f593269bfee27d32a16acbae58e27343d22ebcff431fa,0.006557003012858331,0.04410166524827547,0.45620340710844304,0.4588450789451599,0.21706137657165522,0.35401103079319
residual_v2,49,polygonal_holes,167,private-source://routeA_experiments/data/prospective_ood_rd_hddm_alpha001_v2/polygonal_holes/sample_0167.npz,5a819bbcff1e88f2e84bade5f00f2f6aa0ce4917add5aa7ae2c972f7f2b2cd18,0.0070102320169098675,0.06649523630697925,0.7326207126731596,0.7520987093448639,0.32894798070192316,0.6347942638397216
residual_v2,49,polygonal_holes,168,private-source://routeA_experiments/data/prospective_ood_rd_hddm_alpha001_v2/polygonal_holes/sample_0168.npz,a7cfabc5b8b40f9786fdf3721f364f746da39dc5df704ef1420678ea5be4ac01,0.006597869971301407,0.053142319109199115,0.8689018490735582,0.93953438103199,0.3354808658361435,0.7354346956312656
residual_v2,49,polygonal_holes,169,private-source://routeA_experiments/data/prospective_ood_rd_hddm_alpha001_v2/polygonal_holes/sample_0169.npz,f8b53cb3fd333ee1cb8d8489fc281f46ff7543a5218086725429358ac90c93cd,0.00703448400599882,0.08155397363883449,0.9067444800819695,0.9091024249792099,0.4125936764292419,0.7769095297157764
residual_v2,49,polygonal_holes,170,private-source://routeA_experiments/data/prospective_ood_rd_hddm_alpha001_v2/polygonal_holes/sample_0170.npz,531ec76af332ab8ef01be90231b69e059e9a8934f0f93d6913fbf46d169de030,0.006602182984352112,0.04044938325346973,0.3527115688034414,0.42895784974098206,0.1740085706114769,0.33922054678201674
residual_v2,49,polygonal_holes,171,private-source://routeA_experiments/data/prospective_ood_rd_hddm_alpha001_v2/polygonal_holes/sample_0171.npz,947ccbec00e5e3b68cdd69f3e3e633bff7ae1f93b4726f7be992a025d3253c92,0.006997574004344642,0.0799673339521279,0.8765948961476437,0.8612972348928452,0.36953233559615906,0.7579118637740611
residual_v2,49,polygonal_holes,172,private-source://routeA_experiments/data/prospective_ood_rd_hddm_alpha001_v2/polygonal_holes/sample_0172.npz,8f15a2b58c17b5976e89c7be705afee763ca28bc4cc10a072fc3068929a6a3fa,0.006544772011693567,0.06831957865962825,0.8766431074444134,0.9141581505537033,0.3279144197702407,0.6624496181309222
residual_v2,49,polygonal_holes,173,private-source://routeA_experiments/data/prospective_ood_rd_hddm_alpha001_v2/polygonal_holes/sample_0173.npz,44717b5111981b568d6b881d94fc32b107d2c09e4f89110f752fe8fd098ba1a9,0.007115534972399473,0.06564550020885394,0.5553485569293534,0.4894123077392578,0.3224619939923286,0.4242871305346489
residual_v2,49,polygonal_holes,174,private-source://routeA_experiments/data/prospective_ood_rd_hddm_alpha001_v2/polygonal_holes/sample_0174.npz,8b214cc2dccfbd9eeba4a0bbf1cf9592ace0d59fad777f0c1ef1da18aa1c1886,0.006570363009814173,0.053307695951974036,0.6628631590631756,0.7729796767234802,0.28892723917961116,0.6527856186032295
residual_v2,49,polygonal_holes,175,private-source://routeA_experiments/data/prospective_ood_rd_hddm_alpha001_v2/polygonal_holes/sample_0175.npz,0704e3f9778f3aedbd42b0385e81de58d71e4c2be75d9f126126775ca2425f28,0.007077605987433344,0.04410050952585758,0.41014662716792366,0.4901909828186035,0.21824003374204037,0.3754989904165268
residual_v2,49,polygonal_holes,176,private-source://routeA_experiments/data/prospective_ood_rd_hddm_alpha001_v2/polygonal_holes/sample_0176.npz,a85484a8662f15305a5e709f13d1fa525a418acb00e7250756949427976b2dd8,0.00652729399735108,0.07676749929851692,0.9630904493144793,0.8946218937635422,0.33460467168479224,0.6023602467775345
residual_v2,49,polygonal_holes,177,private-source://routeA_experiments/data/prospective_ood_rd_hddm_alpha001_v2/polygonal_holes/sample_0177.npz,e0a3dc9763664c7fd06c84abf04a136fb5cdfe6c731d8094dd3d83ab720c189f,0.006988356006331742,0.046441374911798006,0.8508334690865489,0.8657347708940506,0.18588174702599644,0.61118272729218
residual_v2,49,polygonal_holes,178,private-source://routeA_experiments/data/prospective_ood_rd_hddm_alpha001_v2/polygonal_holes/sample_0178.npz,481ca6c6499705706c2f66d7e79f45ecb746cb561d6a77790784658abee41ffe,0.00658862799173221,0.062370210344081314,0.8412436223431077,0.9099818617105484,0.35086693689227083,0.6733832803368568
residual_v2,49,polygonal_holes,179,private-source://routeA_experiments/data/prospective_ood_rd_hddm_alpha001_v2/polygonal_holes/sample_0179.npz,e4bc203a85df9f9977404e82f55cafb59262bc1ce46ea6ffe3b6aa2d04c126dc,0.006956068042200059,0.05415253571082606,0.6264890974134211,0.7347062230110168,0.2888304814696312,0.5893288832902908
residual_v2,49,polygonal_holes,180,private-source://routeA_experiments/data/prospective_ood_rd_hddm_alpha001_v2/polygonal_holes/sample_0180.npz,81b84fdac3eccbe8d0928bc38881f8a0dd9d9e18b35f8f47b20caa177985fd3b,0.006598372012376785,0.05021527170722198,0.8634978240001312,0.8926742821931839,0.17934666071087121,0.7363317413628101
residual_v2,49,polygonal_holes,181,private-source://routeA_experiments/data/prospective_ood_rd_hddm_alpha001_v2/polygonal_holes/sample_0181.npz,5b6cc5d652fa4a1c887c4b0c1e164cd672bb9f5061ad1afead3751e70b213514,0.006963475025258958,0.06158170617865532,0.6853128838545647,0.7188901603221893,0.3420877918601036,0.6409062778949738
residual_v2,49,polygonal_holes,182,private-source://routeA_experiments/data/prospective_ood_rd_hddm_alpha001_v2/polygonal_holes/sample_0182.npz,30d7eccb6acfa738a9e0d813c59d9fc3e7a337f419dc39e253bd748b1985e200,0.007088363985531032,0.06395948318790008,0.6854943225957961,0.6371569633483887,0.2734850961016489,0.5269505414366722
residual_v2,49,polygonal_holes,183,private-source://routeA_experiments/data/prospective_ood_rd_hddm_alpha001_v2/polygonal_holes/sample_0183.npz,1373cf2f076ba6d96d76006b9bac7cafb13fe290e1c8db8eb0a021aa3ea6a877,0.006356343044899404,0.06002291652051478,0.5308702667192944,0.505731463432312,0.2757888946682214,0.40434638112783433
residual_v2,49,polygonal_holes,184,private-source://routeA_experiments/data/prospective_ood_rd_hddm_alpha001_v2/polygonal_holes/sample_0184.npz,ea319e2f477b8255fcaca1a8e04826d40a2c73352b1e4d184424b4c62b2442f5,0.007209164963569492,0.0578958309439437,0.7418852736638796,0.800678551197052,0.29376163333654337,0.6771168088912963
residual_v2,49,polygonal_holes,185,private-source://routeA_experiments/data/prospective_ood_rd_hddm_alpha001_v2/polygonal_holes/sample_0185.npz,d003b9495650cf787afd4d3ddc6d86135228d769f54ad6312a6280421a596e3a,0.006398138997610658,0.05326064859566061,0.9932873700392053,0.9213588312268257,0.21995166698470692,0.7367902679741382
residual_v2,49,polygonal_holes,186,private-source://routeA_experiments/data/prospective_ood_rd_hddm_alpha001_v2/polygonal_holes/sample_0186.npz,842bbbe7603fa9c66898e0d3e41112951c43fa2013c25eff012bda7d90c34fc1,0.0070139640010893345,0.052537624688700775,0.8056507118663522,0.6041845679283142,0.25114999050274484,0.4439069046825169
residual_v2,49,polygonal_holes,187,private-source://routeA_experiments/data/prospective_ood_rd_hddm_alpha001_v2/polygonal_holes/sample_0187.npz,cb2d55c7982505cee18ae54c10f3a2561c5ffa076d5725faf703948555a281cd,0.00635530095314607,0.08712845431662095,1.5182730151968362,1.0224538147449493,0.3588992406090255,0.683566022068262
residual_v2,49,polygonal_holes,188,private-source://routeA_experiments/data/prospective_ood_rd_hddm_alpha001_v2/polygonal_holes/sample_0188.npz,f3741286ab69ced697a71881032f01ee4b24b51cbaa12f72c9ef12b3e4744498,0.006971949012950063,0.05561483479050468,0.4911357752263679,0.6114137172698975,0.33733124863356345,0.5101121193170547
residual_v2,49,polygonal_holes,189,private-source://routeA_experiments/data/prospective_ood_rd_hddm_alpha001_v2/polygonal_holes/sample_0189.npz,f7b805f25ec992fb94efd23e0f85f979f2cf9c135f8ef20d0de20cb17df22844,0.006354184995871037,0.05435605360549744,1.002430644524526,0.9050535410642624,0.2428062521852552,0.5570984518527982
residual_v2,49,polygonal_holes,190,private-source://routeA_experiments/data/prospective_ood_rd_hddm_alpha001_v2/polygonal_holes/sample_0190.npz,dc1bbc2f69c79f99ee4574dff06f98bba6eb04d44fc3565781bf40b6efbb07e5,0.006603327987249941,0.08019866475600755,0.8193527185609094,0.8422706425189972,0.4180845260620116,0.6240623386856168
residual_v2,49,polygonal_holes,191,private-source://routeA_experiments/data/prospective_ood_rd_hddm_alpha001_v2/polygonal_holes/sample_0191.npz,f796f17a8112fa44e52a0f1a214586fb75df4a586120fd92593085ab7070cedd,0.0065576600027270615,0.04944089103566347,0.5005627202765781,0.5950793623924255,0.29056357145309447,0.49039739429950713
residual_v2,49,polygonal_holes,192,private-source://routeA_experiments/data/prospective_ood_rd_hddm_alpha001_v2/polygonal_holes/sample_0192.npz,dda32192ec953c5b2b30b9664a031c0b2c32c18898206a837abd68a848dc6560,0.006435388000681996,0.049153313327160754,0.5602225729215173,0.6439636051654816,0.26481271833181375,0.5525309157371521
residual_v2,49,polygonal_holes,193,private-source://routeA_experiments/data/prospective_ood_rd_hddm_alpha001_v2/polygonal_holes/sample_0193.npz,a0ecfb23ec91938da78978e535237a93cd3cdb1418404474f7a4b8e5e18ecb0e,0.006558335036970675,0.06246343840575314,0.49334008805184393,0.5758195519447327,0.2828873246908188,0.42271686546504494
residual_v2,49,polygonal_holes,194,private-source://routeA_experiments/data/prospective_ood_rd_hddm_alpha001_v2/polygonal_holes/sample_0194.npz,41a07014c34cd5ab4b6bf8fb836e352f25011d3d9ee8ab7718601b8708c98a50,0.007056429982185364,0.04803867921907618,0.41537543233662716,0.48644307255744934,0.211334615945816,0.38911419838666916
residual_v2,49,polygonal_holes,195,private-source://routeA_experiments/data/prospective_ood_rd_hddm_alpha001_v2/polygonal_holes/sample_0195.npz,bd513e0febd4c5373d80e2b7dcdd2b9486ed4ac7e6bc9ee5eb9dc273983b9ffe,0.006352360011078417,0.06807092323402945,1.2038528364790841,0.9670923203229904,0.3094230668386444,0.7522988533228636
residual_v2,49,polygonal_holes,196,private-source://routeA_experiments/data/prospective_ood_rd_hddm_alpha001_v2/polygonal_holes/sample_0196.npz,cb48f01e7dd800b18ce7cbe2c18858c2d9a44d38e5be7cf20f5254eafdbd0bf2,0.007113664993084967,0.05909130683217806,0.6256110367039602,0.6843079626560211,0.2780697468842845,0.5507716935873032
residual_v2,49,polygonal_holes,197,private-source://routeA_experiments/data/prospective_ood_rd_hddm_alpha001_v2/polygonal_holes/sample_0197.npz,d9edb4456fdfb320e3e8eddde4e164e04f26d3682accae421c9cb62372882d05,0.006370368006173521,0.05295225419758708,0.49548371204558206,0.6496468186378479,0.2623137772083282,0.47760942488908764
residual_v2,49,polygonal_holes,198,private-source://routeA_experiments/data/prospective_ood_rd_hddm_alpha001_v2/polygonal_holes/sample_0198.npz,2bb222fb19e2658b1507bbec54c6820e146fa9b42297978674b5e3f02f9f1c57,0.006270232028327882,0.039028282521158975,0.42249177029709867,0.5663960576057434,0.22421913843136268,0.40025711327791214
residual_v2,49,polygonal_holes,199,private-source://routeA_experiments/data/prospective_ood_rd_hddm_alpha001_v2/polygonal_holes/sample_0199.npz,2eec775368a54d0cff3644f18d86a5d5b2aa3329ce09ee599ee904145cc74303,0.007214446959551424,0.054101492700339246,0.5811030793272913,0.6258412003517151,0.3537302687764165,0.5648178526759147
residual_v2,49,star_concave,0,private-source://routeA_experiments/data/prospective_ood_rd_hddm_alpha001_v2/star_concave/sample_0000.npz,009d2bb9aad63b794132f3b8fa2904650b88fb7b6b2d61561be4048deacc458b,0.030216686020139605,0.07317435008678883,0.5770908768179278,0.7870422601699829,0.3890837788581848,0.632634570598602
residual_v2,49,star_concave,1,private-source://routeA_experiments/data/prospective_ood_rd_hddm_alpha001_v2/star_concave/sample_0001.npz,4e70bd655e98ee3d6e109ea5eb742794f0fa72f85104a738094fee80b6acaf70,0.006441016041208059,0.0788744096089759,0.4216333533705024,0.618341714143753,0.32784206569194796,0.4709632083773627
residual_v2,49,star_concave,2,private-source://routeA_experiments/data/prospective_ood_rd_hddm_alpha001_v2/star_concave/sample_0002.npz,fb14453d8d3f30cf873c46a5e14b387674862f03260073cd0d05ebb7cb7f1faa,0.005898171977605671,0.10626435938346737,0.8419111294009011,0.9066241979598999,0.554006847739219,0.831578740477562
residual_v2,49,star_concave,3,private-source://routeA_experiments/data/prospective_ood_rd_hddm_alpha001_v2/star_concave/sample_0003.npz,7b84face7333f39614fc62902f773a61730f623c80ef7fa990749cc5c4756204,0.006230355997104198,0.060574297992930584,0.4296481297757279,0.6356857717037201,0.3197031438350669,0.5187085270881654
residual_v2,49,star_concave,4,private-source://routeA_experiments/data/prospective_ood_rd_hddm_alpha001_v2/star_concave/sample_0004.npz,51a91eacf8ce921d71c6041d09cfae819f22d841cf2ffd3c2df664040d51186e,0.005930730956606567,0.068966310501861,0.3698809031020823,0.5351364016532898,0.3076143145561217,0.4468258881568912
residual_v2,49,star_concave,5,private-source://routeA_experiments/data/prospective_ood_rd_hddm_alpha001_v2/star_concave/sample_0005.npz,6e222ada1b7d437bd5643c1ff273ebd5652f1f27b6415d45a1958ab41cdbedf5,0.006335831014439464,0.054618398962553855,0.2765618505838839,0.42753005027770996,0.22308285236358633,0.3397661709785462
residual_v2,49,star_concave,6,private-source://routeA_experiments/data/prospective_ood_rd_hddm_alpha001_v2/star_concave/sample_0006.npz,b575a4b1e23727607195accc5ab1eb6869a2fe6423bab8f28602429896d7ffb8,0.005958938971161842,0.05928575249499835,0.3084921150481174,0.41199806332588196,0.2470406174659724,0.32971065700054175
residual_v2,49,star_concave,7,private-source://routeA_experiments/data/prospective_ood_rd_hddm_alpha001_v2/star_concave/sample_0007.npz,f97196e6f221830b1e3373486ee49466c07c1eb5991df8cbb16605589a488f5d,0.006312856974545866,0.11251164376574743,0.6740734962276592,0.8047104477882385,0.4574810788035392,0.6603607189655304
residual_v2,49,star_concave,8,private-source://routeA_experiments/data/prospective_ood_rd_hddm_alpha001_v2/star_concave/sample_0008.npz,244ac733232159a2a5cf34edfc0a50b5a2b69b36712de1f4063f137198172f85,0.005915045039728284,0.049591194116912755,0.28063068379350475,0.4351751208305359,0.20103399753570564,0.3406462967395783
residual_v2,49,star_concave,9,private-source://routeA_experiments/data/prospective_ood_rd_hddm_alpha001_v2/star_concave/sample_0009.npz,865cc26d2e038bce27105da09cc105452f707c4d4a4472925cb326eed10ece20,0.0064131650142371655,0.07488491231805329,0.5140559687217126,0.6520469486713409,0.4006919577717778,0.5752658149600028
residual_v2,49,star_concave,10,private-source://routeA_experiments/data/prospective_ood_rd_hddm_alpha001_v2/star_concave/sample_0010.npz,1f4c91ba0f07fa9f6a175cb7d943878655d47fdbdb5f2efeac3ac31f77329fcd,0.005912006017751992,0.05623752435533665,0.2995442668576943,0.43863633275032043,0.22765665873885155,0.30525749921798706
residual_v2,49,star_concave,11,private-source://routeA_experiments/data/prospective_ood_rd_hddm_alpha001_v2/star_concave/sample_0011.npz,d05537de94b82a7904e0ead39deb6c54104c0ef42cea8bd4e9988913d494a83b,0.006556331005413085,0.09256406756583174,0.7006277567259321,0.7887231111526489,0.5038189113140104,0.7060066306591037
residual_v2,49,star_concave,12,private-source://routeA_experiments/data/prospective_ood_rd_hddm_alpha001_v2/star_concave/sample_0012.npz,847d2b1c823f4408679f58979310ced7f8afe8a4c3b19a24d4319e73d2076d28,0.005900173040572554,0.07725959227825652,0.5283023238496044,0.6984358429908752,0.3643712699413299,0.5851086342334745
residual_v2,49,star_concave,13,private-source://routeA_experiments/data/prospective_ood_rd_hddm_alpha001_v2/star_concave/sample_0013.npz,3fe68d6905e52aed96d1f6f6f4cbe94d1f51a46ec4751e2c26ac9892e870ac18,0.006590708042494953,0.08241933808177698,0.39369322024689934,0.5130764245986938,0.3596240997314449,0.4576231312751766
residual_v2,49,star_concave,14,private-source://routeA_experiments/data/prospective_ood_rd_hddm_alpha001_v2/star_concave/sample_0014.npz,98f86dc2bf4c9917d734d87999b0e333966cb92d96944b9e3a10a574bc3370b9,0.006858092034235597,0.06738964940949069,0.7975818251932442,0.9349176585674286,0.3658337116241454,0.7289771199226365
residual_v2,49,star_concave,15,private-source://routeA_experiments/data/prospective_ood_rd_hddm_alpha001_v2/star_concave/sample_0015.npz,fba340201e6025122f0cb1aa5a625e4ebb7a3504c0f9bf568c4b44c2453eab2f,0.006491572014056146,0.07171699589381743,0.4123262623871694,0.5706892907619476,0.33955261111259355,0.5018461453914642
residual_v2,49,star_concave,16,private-source://routeA_experiments/data/prospective_ood_rd_hddm_alpha001_v2/star_concave/sample_0016.npz,11c4e40719a66e3ebb706e7cb800f94d382019f44e94ec85fe48ea3ec624cc4b,0.006549218960572034,0.07224880336446315,0.5106845599738769,0.630335658788681,0.34025408029556226,0.5836858475208279
residual_v2,49,star_concave,17,private-source://routeA_experiments/data/prospective_ood_rd_hddm_alpha001_v2/star_concave/sample_0017.npz,534607ed78b318ae68ab40a4d9a3980e1a5c64084762fc4b8475968cab9bb3bd,0.00623325101332739,0.07531887662852385,0.7234457094683076,0.8696501851081848,0.44017238616943327,0.7317964231967923
residual_v2,49,star_concave,18,private-source://routeA_experiments/data/prospective_ood_rd_hddm_alpha001_v2/star_concave/sample_0018.npz,7adaa9e1f0617e585e5d168eb48820003ec9fc031681cd26516d363ffd04328d,0.00608300301246345,0.09094375383069139,0.5942848556272732,0.6867479085922241,0.4379053622484204,0.6257421958446502
residual_v2,49,star_concave,19,private-source://routeA_experiments/data/prospective_ood_rd_hddm_alpha001_v2/star_concave/sample_0019.npz,f3759305bef8481b2756c6d9ec9fee197aa11185d2fabb3a2e12ab02723ee5e0,0.00682044104905799,0.055207618444123044,0.26347217183012106,0.47994911670684814,0.21511821448802948,0.3370357766747479
residual_v2,49,star_concave,20,private-source://routeA_experiments/data/prospective_ood_rd_hddm_alpha001_v2/star_concave/sample_0020.npz,dfd07f4fdae3c4b6150501a4e95619273fb09daa59e9478d21c8464a21d2ffc6,0.006385855027474463,0.08360367769745465,0.6225440359219604,0.7535279989242554,0.4426163405179975,0.6913270318508148
residual_v2,49,star_concave,21,private-source://routeA_experiments/data/prospective_ood_rd_hddm_alpha001_v2/star_concave/sample_0021.npz,3e932800183b8daa7efd551da65f2ff1400f15f2772817e610796baf64527c9a,0.006833479972556233,0.09089624671943532,0.5321605106198536,0.6751214265823364,0.41733115613460553,0.5817201614379889
residual_v2,49,star_concave,22,private-source://routeA_experiments/data/prospective_ood_rd_hddm_alpha001_v2/star_concave/sample_0022.npz,e59220a03ee588f4d0e70933b8159e2126e45953cd84f648928aedb295e2d081,0.006306083989329636,0.09859176251285878,0.541495168220348,0.6956038177013397,0.42660429477691636,0.6024014008045194
residual_v2,49,star_concave,23,private-source://routeA_experiments/data/prospective_ood_rd_hddm_alpha001_v2/star_concave/sample_0023.npz,17bae540596796b03e7a95a97ad0cf945587f7ff8e9f44c9cce961c2574b81b0,0.00641694397199899,0.0806614231659424,0.4921918116686571,0.6429557204246521,0.3896906450390816,0.552769994735718
residual_v2,49,star_concave,24,private-source://routeA_experiments/data/prospective_ood_rd_hddm_alpha001_v2/star_concave/sample_0024.npz,9f190b5fe5c1ddecf149bf3831ed66888f1e09a84d81196006c11f5c214d28c6,0.0068494820152409375,0.08667495023141832,0.5057737400496776,0.7182280719280243,0.38085477240383564,0.566829841732979
residual_v2,49,star_concave,25,private-source://routeA_experiments/data/prospective_ood_rd_hddm_alpha001_v2/star_concave/sample_0025.npz,2add91952026915ae8ee90b1f1626a327209949a94357811791d4add186f8b6b,0.006274493003729731,0.06280307896509611,0.39786414983082985,0.5102041959762573,0.30404812395572656,0.44181104302406315
residual_v2,49,star_concave,26,private-source://routeA_experiments/data/prospective_ood_rd_hddm_alpha001_v2/star_concave/sample_0026.npz,7c60403165ae348c442df8620e166f060722ffe55139cb507fb6b3b0315acd67,0.0062324219616129994,0.08314939931057302,0.6171176359182677,0.6755132377147675,0.4659984990954399,0.615053189396858
residual_v2,49,star_concave,27,private-source://routeA_experiments/data/prospective_ood_rd_hddm_alpha001_v2/star_concave/sample_0027.npz,fcd28480ca1c369f591deb0760e991331bd2cf87de1f1ca707e06c2ffdf85715,0.006522365962155163,0.08198497546317926,0.5143596335770779,0.6392475068569183,0.40827162414789075,0.5549302476644508
residual_v2,49,star_concave,28,private-source://routeA_experiments/data/prospective_ood_rd_hddm_alpha001_v2/star_concave/sample_0028.npz,97d115498a24206fd9a94b8e6ea8743ffb7337ed20941efef291ca99b062fb3d,0.005874792987015098,0.10059598381048258,0.7227353719744164,0.8131014704704285,0.445565992593765,0.7274894511699677
residual_v2,49,star_concave,29,private-source://routeA_experiments/data/prospective_ood_rd_hddm_alpha001_v2/star_concave/sample_0029.npz,b912306c3e4cf84f055f4027c6cbc49c3fe645a5fc0bf485bb647d711e1ff63b,0.006586583040188998,0.07709405598827278,0.4206874475590353,0.5344754457473755,0.3517262488603589,0.45007059991359716
residual_v2,49,star_concave,30,private-source://routeA_experiments/data/prospective_ood_rd_hddm_alpha001_v2/star_concave/sample_0030.npz,1bd349edcd0fe24a85799a24dcbb53d56be86031ab54fcf679a4c4fde7107b8f,0.005811692972201854,0.06639409725256717,0.43222491558808485,0.6368454396724701,0.3363918662071228,0.5254382550716403
residual_v2,49,star_concave,31,private-source://routeA_experiments/data/prospective_ood_rd_hddm_alpha001_v2/star_concave/sample_0031.npz,3daaf895b3c605d8206001223ea51987d492384cfc95cffaef6b71828270eefc,0.006853574013803154,0.07351474566883216,0.5127514821226493,0.6933176517486572,0.3837293691933155,0.5383762055635459
residual_v2,49,star_concave,32,private-source://routeA_experiments/data/prospective_ood_rd_hddm_alpha001_v2/star_concave/sample_0032.npz,49be9ff94661381e2571a267aba1a2060d7d7268dd348b9eb212f6af9b9674e3,0.006827260018326342,0.09282202320893375,0.6645267131327048,0.8011651337146759,0.5008573308587071,0.7598534965515136
residual_v2,49,star_concave,33,private-source://routeA_experiments/data/prospective_ood_rd_hddm_alpha001_v2/star_concave/sample_0033.npz,e906aed2368936d827726997a5afb6856dea5ac228d3b90f881ec10af09186d9,0.007003142964094877,0.07096584799459738,0.5166398774292197,0.6595347225666046,0.3944898441433905,0.5201375052332878
residual_v2,49,star_concave,34,private-source://routeA_experiments/data/prospective_ood_rd_hddm_alpha001_v2/star_concave/sample_0034.npz,ae0a839396f99c4485788322b985c85386b92669d4e870cd7a2410af15f5c24d,0.006672549003269523,0.07397634084440056,0.34270162097421925,0.5214931070804596,0.31805609352886677,0.45824912935495377
residual_v2,49,star_concave,35,private-source://routeA_experiments/data/prospective_ood_rd_hddm_alpha001_v2/star_concave/sample_0035.npz,fb59f617f0622c77d8fbb2f2fe1967a6c60ff2dc46aaa3b2084991efd399b23f,0.006214340042788535,0.08255863601648894,0.5910773802907686,0.733312726020813,0.4691082209348677,0.6370348668098448
residual_v2,49,star_concave,36,private-source://routeA_experiments/data/prospective_ood_rd_hddm_alpha001_v2/star_concave/sample_0036.npz,528b84c8ea17fb027544a4127081236bfc722f3a0ec2d9cbe46edd1bbc9ae09d,0.006953368021640927,0.09432735880019064,0.7202579081749163,0.8358154892921448,0.5056699469685554,0.747913449704647
residual_v2,49,star_concave,37,private-source://routeA_experiments/data/prospective_ood_rd_hddm_alpha001_v2/star_concave/sample_0037.npz,ce4278bd066e42581dd68ea2402f3e7e51495b54c38492e0d6cfe639baedcd5f,0.006562364986166358,0.06650217098638414,0.31602302489985173,0.39595091342926025,0.2725656114518643,0.33064919114112856
residual_v2,49,star_concave,38,private-source://routeA_experiments/data/prospective_ood_rd_hddm_alpha001_v2/star_concave/sample_0038.npz,6ba9092a7f68d6d13493fceadb5e908dc631b20b2a917da96f2634c547cb7849,0.005854351038578898,0.0761591559670679,0.3662920155725533,0.4293607175350189,0.2973114550113678,0.38270741701126126
residual_v2,49,star_concave,39,private-source://routeA_experiments/data/prospective_ood_rd_hddm_alpha001_v2/star_concave/sample_0039.npz,22652a3d0dc5499ddc059fd0199f955f000a9224a1f5619549bd84fa34b70755,0.0065348700154572725,0.0627225144192463,0.4042768344239556,0.5708304345607758,0.3154038965702056,0.5112454184889796
residual_v2,49,star_concave,40,private-source://routeA_experiments/data/prospective_ood_rd_hddm_alpha001_v2/star_concave/sample_0040.npz,979af9334c1802b981da270d5875fa0c7b9ece1cdeae2d7ddab565fa7e35c3b0,0.006934709963388741,0.06653157287738287,0.4695117325620916,0.6277318000793457,0.36662282943725577,0.5442483663558957
residual_v2,49,star_concave,41,private-source://routeA_experiments/data/prospective_ood_rd_hddm_alpha001_v2/star_concave/sample_0041.npz,3e594e2e6d2ad746bc0157e3521e1d1f6090b162a1b92253789085a2dbb47654,0.006528954021632671,0.08826142596272432,0.5523416479339786,0.7451015114784241,0.4433910131454463,0.6130791985988607
residual_v2,49,star_concave,42,private-source://routeA_experiments/data/prospective_ood_rd_hddm_alpha001_v2/star_concave/sample_0042.npz,c4c10181a5a8723bab009727251b85f91867206e2a7e7b2f496d7cbd97bde9f3,0.006905698974151164,0.0797099963951653,0.5876390761401904,0.7183643281459808,0.412331312894821,0.6500539141893397
residual_v2,49,star_concave,43,private-source://routeA_experiments/data/prospective_ood_rd_hddm_alpha001_v2/star_concave/sample_0043.npz,60596fdaece0c19a7997da29479b7375b7dab588e93a500a17be8ad6540c5652,0.006521852978039533,0.08586700284914166,0.5178498457830335,0.6284466683864594,0.40186156928539285,0.543475596308708
residual_v2,49,star_concave,44,private-source://routeA_experiments/data/prospective_ood_rd_hddm_alpha001_v2/star_concave/sample_0044.npz,1383081fd3815f2104988ac35e4d709121c4e13596804ade49dc4e610ea86679,0.006761388038285077,0.08160590552773596,0.5438776895554708,0.7548022270202637,0.4542140692472458,0.6307305762171743
residual_v2,49,star_concave,45,private-source://routeA_experiments/data/prospective_ood_rd_hddm_alpha001_v2/star_concave/sample_0045.npz,023263165e13e05a212e40ecd70a27ba52200197231297219582d7e5bba3dbe2,0.006541397015098482,0.08165089391843455,0.49696567307584655,0.6505490243434906,0.39930898398160775,0.5721870177984232
residual_v2,49,star_concave,46,private-source://routeA_experiments/data/prospective_ood_rd_hddm_alpha001_v2/star_concave/sample_0046.npz,b15ee5f6922f4f24ee7033154d443e62434bd3a3733663097faabea670e06fc7,0.006324705027509481,0.08182606663721605,0.38249575982089484,0.49247729778289795,0.29548105001449587,0.3922768679261207
residual_v2,49,star_concave,47,private-source://routeA_experiments/data/prospective_ood_rd_hddm_alpha001_v2/star_concave/sample_0047.npz,0dd14136387bff8f2e808a1c1b23f92c0b77dcb3e67f86d25f7d8837c77575de,0.0065919579938054085,0.0617257102463705,0.4042667977985409,0.553970992565155,0.32299498915672303,0.4965981686115263
residual_v2,49,star_concave,48,private-source://routeA_experiments/data/prospective_ood_rd_hddm_alpha001_v2/star_concave/sample_0048.npz,170d40f333deaba43a45d4d2ea6cd73468bae603f4b0069e39c6200efecb0bcf,0.006369053036905825,0.05633209220524363,0.2748957187097645,0.3378831744194031,0.22000223398208618,0.30086017251014724
residual_v2,49,star_concave,49,private-source://routeA_experiments/data/prospective_ood_rd_hddm_alpha001_v2/star_concave/sample_0049.npz,3baa64b964e40f4d041934f78d820db94115a9f893482d40b5eb2c6868bd541f,0.006552726961672306,0.10666831385991583,0.720470195036418,0.773183286190033,0.5441146492958069,0.7466802775859834
residual_v2,49,star_concave,50,private-source://routeA_experiments/data/prospective_ood_rd_hddm_alpha001_v2/star_concave/sample_0050.npz,1736fc66548c7d2e863a00e32a752906c88a567b1201f17522a5ad4de2a710f4,0.008010188001208007,0.09183991765138644,0.6408365027902745,0.8279318809509277,0.4612712204456324,0.7306054878234863
residual_v2,49,star_concave,51,private-source://routeA_experiments/data/prospective_ood_rd_hddm_alpha001_v2/star_concave/sample_0051.npz,bbee14e14361425abba154c6f545f34a6bc8991bef7312742393d461406dd03c,0.006598525040317327,0.0653071205990477,0.46005804947807377,0.602096289396286,0.3137275949120521,0.5357598245143882
residual_v2,49,star_concave,52,private-source://routeA_experiments/data/prospective_ood_rd_hddm_alpha001_v2/star_concave/sample_0052.npz,ed45abe2c84a6a7a838830e4de837fa03cd05b8d959f2f8f0ce1a9d1d8665108,0.006358424958307296,0.09844817945912263,0.6609138765126901,0.7936625480651855,0.5143060445785509,0.7195047402381897
residual_v2,49,star_concave,53,private-source://routeA_experiments/data/prospective_ood_rd_hddm_alpha001_v2/star_concave/sample_0053.npz,2cde7d03eeb67287459dbeac592a42bb82c4515f561e6dd2b826e65efe9946be,0.006859107001218945,0.05773607207579161,0.2850493158953287,0.4163675308227539,0.20964013785123817,0.31781194001436247
residual_v2,49,star_concave,54,private-source://routeA_experiments/data/prospective_ood_rd_hddm_alpha001_v2/star_concave/sample_0054.npz,4cba00e0ed66cb2ac4d45603705ee8ce4570c268262d907c90c92a3a53a03f37,0.006168733001686633,0.06335405516368836,0.3285035692357327,0.39775657653808594,0.2917651325464246,0.35220422625541703
residual_v2,49,star_concave,55,private-source://routeA_experiments/data/prospective_ood_rd_hddm_alpha001_v2/star_concave/sample_0055.npz,dce22efcf9ad447d20a4f5bed0795d0132c8276ec8fd03667f04f5c47805d3f3,0.006812720966991037,0.06502604256605753,0.30807270245536295,0.37885230779647827,0.23480663895606974,0.3114512568712227
residual_v2,49,star_concave,56,private-source://routeA_experiments/data/prospective_ood_rd_hddm_alpha001_v2/star_concave/sample_0056.npz,235646d85b8c07970a3d8b865ffe8b58eda9eb036fb639d49673bb58d73de474,0.005836014985106885,0.0594794010465858,0.3299813939482609,0.512188196182251,0.26473461091518374,0.3735171747207641
residual_v2,49,star_concave,57,private-source://routeA_experiments/data/prospective_ood_rd_hddm_alpha001_v2/star_concave/sample_0057.npz,fba47c2f217c4b06672bfd7c97f817bd5a9470721ee275dd6011e375a632fe55,0.005926043028011918,0.06691079226052438,0.42797059526100856,0.6908847987651825,0.32528926879167563,0.45607050091028206
residual_v2,49,star_concave,58,private-source://routeA_experiments/data/prospective_ood_rd_hddm_alpha001_v2/star_concave/sample_0058.npz,18c38148eac2df3c48d00500e74d23a957b100253e58db77dda149b67191d166,0.005882175988517702,0.09337285494000988,0.6331126773864528,0.7143179774284363,0.4507697463035583,0.6319854068756104
residual_v2,49,star_concave,59,private-source://routeA_experiments/data/prospective_ood_rd_hddm_alpha001_v2/star_concave/sample_0059.npz,f9d7dc0bbca24cb8eb66c7b813db7c767b0d3758dcf605d732bbcb3fea82bdc9,0.005860749050043523,0.06491649739214433,0.44220653121095294,0.5962234735488892,0.3209387183189392,0.45891373455524487
residual_v2,49,star_concave,60,private-source://routeA_experiments/data/prospective_ood_rd_hddm_alpha001_v2/star_concave/sample_0060.npz,ad8bdeb51e8207d14e6ab8946808203d53cfbcd39ebdfb58ff8542e60a2ce5f7,0.005950687977019697,0.08754564770626046,0.516553409791125,0.7189766764640808,0.40860771834850285,0.5882436102628708
residual_v2,49,star_concave,61,private-source://routeA_experiments/data/prospective_ood_rd_hddm_alpha001_v2/star_concave/sample_0061.npz,6a8d098fa3cf0e8607b55e7b07d030a5a0586678285f123530f988ef18a29c9f,0.005864240985829383,0.06840503768816351,0.4079490197101735,0.5474551916122437,0.29727017879486084,0.44288058280944853
residual_v2,49,star_concave,62,private-source://routeA_experiments/data/prospective_ood_rd_hddm_alpha001_v2/star_concave/sample_0062.npz,af2aa6263843eda66dc7a1fab1c879ffb7c49c81b11d63bf66e6a1d95823b5c9,0.006334637000691146,0.06411358707940934,0.3370323068528905,0.45382946729660034,0.2875312328338623,0.41688138246536294
residual_v2,49,star_concave,63,private-source://routeA_experiments/data/prospective_ood_rd_hddm_alpha001_v2/star_concave/sample_0063.npz,1d64b549093de73ce0aefc5a37a4f60e6d676c1cd705eb98d536ff5d4bef87a7,0.006930123025085777,0.09048115572773252,0.5355434379303492,0.6123525500297546,0.4206602707505227,0.5525674983859062
residual_v2,49,star_concave,64,private-source://routeA_experiments/data/prospective_ood_rd_hddm_alpha001_v2/star_concave/sample_0064.npz,df2e0d7751b94355ed613e5666bca2fb52173d2dcd42ae84fc71ea01084f44df,0.006367898022290319,0.10120259001687514,0.6180906731509492,0.698148638010025,0.460902301967144,0.6521887743473047
residual_v2,49,star_concave,65,private-source://routeA_experiments/data/prospective_ood_rd_hddm_alpha001_v2/star_concave/sample_0065.npz,6be62c8bf97c5e0d45b37e969d56e99f2cd1a93cbfa17aff04e3123165f38d67,0.006672721006907523,0.08690724218779938,0.4519098015327993,0.6004141867160797,0.37374496459960926,0.5306038260459901
residual_v2,49,star_concave,66,private-source://routeA_experiments/data/prospective_ood_rd_hddm_alpha001_v2/star_concave/sample_0066.npz,0b6d24abc0a7ac7e8c177054dfeb0fe09760ac17f68380edd5064919b3f5a1cb,0.0063983729924075305,0.10597478432536103,0.7563627838391309,0.8086000084877014,0.47159093618392944,0.7155574738979343
residual_v2,49,star_concave,67,private-source://routeA_experiments/data/prospective_ood_rd_hddm_alpha001_v2/star_concave/sample_0067.npz,0ca774ec08694066988a6ae4ef908c7dfb68e93c52137929de1a67ca05e2995a,0.007028731983155012,0.05772313584993901,0.27013864081834676,0.3552364259958267,0.22054332196712498,0.2984604859352109
residual_v2,49,star_concave,68,private-source://routeA_experiments/data/prospective_ood_rd_hddm_alpha001_v2/star_concave/sample_0068.npz,e76410fee1405db62c2b1b1129e514e7332ae0d1c54b743f299ee2fd119d95d8,0.006299185974057764,0.05312703185704806,0.42638815783106065,0.5309020280838013,0.31225492060184495,0.44067629188299196
residual_v2,49,star_concave,69,private-source://routeA_experiments/data/prospective_ood_rd_hddm_alpha001_v2/star_concave/sample_0069.npz,364b7c5d47826d22443658d1cb9c8b05008763aa6dd8a85bfa73678203751c21,0.0059954889584332705,0.0707017808490547,0.46273986960172736,0.6596534252166748,0.3635643482208252,0.4987174239754676
residual_v2,49,star_concave,70,private-source://routeA_experiments/data/prospective_ood_rd_hddm_alpha001_v2/star_concave/sample_0070.npz,7ae2d6139034f24d5fa0ecd56cf638c38a469593bfea66160f4a003c37c778af,0.006914149969816208,0.09694652519496906,0.7563662187524492,0.8461773097515106,0.5566825270652771,0.7689564824104309
residual_v2,49,star_concave,71,private-source://routeA_experiments/data/prospective_ood_rd_hddm_alpha001_v2/star_concave/sample_0071.npz,387823e996225fc808f345546490c6cfd199eedc7843a0aa5f39fe248acd4320,0.006797235982958227,0.08604156499394802,0.6752769840147033,0.8376089930534363,0.48165910691022873,0.7380258664488792
residual_v2,49,star_concave,72,private-source://routeA_experiments/data/prospective_ood_rd_hddm_alpha001_v2/star_concave/sample_0072.npz,35ccb4b6c6fd7f8c488468219502bff16e032bd7df63bc8f74d635a6bc181457,0.006668190995696932,0.058383748624399726,0.2733128473159282,0.38489097356796265,0.22619164735078812,0.33720003306865654
residual_v2,49,star_concave,73,private-source://routeA_experiments/data/prospective_ood_rd_hddm_alpha001_v2/star_concave/sample_0073.npz,2738195cdbe5996a364285abc0046a1cb2d15377f53b9fe666c06434481dc2f6,0.006360211002174765,0.07124173702822392,0.7655088931490128,0.8808200657367706,0.35384942293167115,0.7167935472726834
residual_v2,49,star_concave,74,private-source://routeA_experiments/data/prospective_ood_rd_hddm_alpha001_v2/star_concave/sample_0074.npz,d0d1391ed00492cecce69dfa827b340324d88adf3a584bf7899bf2ea4cc0314a,0.006254954030737281,0.07975120719356694,0.6386268848416565,0.764787495136261,0.41067222356796257,0.6678701105713841
residual_v2,49,star_concave,75,private-source://routeA_experiments/data/prospective_ood_rd_hddm_alpha001_v2/star_concave/sample_0075.npz,592a563399989b953ca42755b7dcf3082863fbc8512c089d574642d62bfa768f,0.007331754022743553,0.06741075872335629,0.38303149741879206,0.6010234951972961,0.34718353748321523,0.4729108428955078
residual_v2,49,star_concave,76,private-source://routeA_experiments/data/prospective_ood_rd_hddm_alpha001_v2/star_concave/sample_0076.npz,833a3a6d3d9ddba1bac61edee72bfdfb032a4ad685b0cec46d80805537b407fb,0.006621474050916731,0.0597548096005068,0.27017591375896277,0.35292285680770874,0.21694942563772202,0.2995026752352714
residual_v2,49,star_concave,77,private-source://routeA_experiments/data/prospective_ood_rd_hddm_alpha001_v2/star_concave/sample_0077.npz,cfd4cb676fb49608dfc569217160e8783cceaeb7579e08c111f5b81d17f661e2,0.005989185010548681,0.09192607957514067,0.5604558876578335,0.65555140376091,0.4332059621810913,0.5954821854829788
residual_v2,49,star_concave,78,private-source://routeA_experiments/data/prospective_ood_rd_hddm_alpha001_v2/star_concave/sample_0078.npz,7f023420213a2f7e2fd89a7dba911906863dce1e53ef77466750637ab128e623,0.006796029978431761,0.06956686811199181,0.4592346580439221,0.5787996649742126,0.3414877057075496,0.5174903112649912
residual_v2,49,star_concave,79,private-source://routeA_experiments/data/prospective_ood_rd_hddm_alpha001_v2/star_concave/sample_0079.npz,af0530854ecbd25049782a6643d0e28babcca47a66f81ffebbdeb2bee3d4add5,0.006820264970883727,0.07268615321663674,0.4114496512694505,0.6919572949409485,0.35206401348114014,0.5701095163822174
residual_v2,49,star_concave,80,private-source://routeA_experiments/data/prospective_ood_rd_hddm_alpha001_v2/star_concave/sample_0080.npz,0d8bf642f804cdb4c44ec3c97a7c8aa4aee2892c6e9e3f5615119b6231c98adb,0.00693939597113058,0.09252273774360772,0.5687981412320049,0.7235566079616547,0.40912183197215124,0.6292551741003988
residual_v2,49,star_concave,81,private-source://routeA_experiments/data/prospective_ood_rd_hddm_alpha001_v2/star_concave/sample_0081.npz,fcf2bf5bfee08e8bfdd64849976df45af7e75bffcb95d99bd5340ec6e971576b,0.007962342002429068,0.09149310722114157,0.7006419777483761,0.8642278909683228,0.521282655000686,0.7214738512039176
residual_v2,49,star_concave,82,private-source://routeA_experiments/data/prospective_ood_rd_hddm_alpha001_v2/star_concave/sample_0082.npz,eecebee0f558d9151ce9118d6aed764ce2ca8fb51723395fa7340defaa974edd,0.005931616004090756,0.07229370109079213,0.8137536851519338,0.8438164293766022,0.2921072740107775,0.6373961579799654
residual_v2,49,star_concave,83,private-source://routeA_experiments/data/prospective_ood_rd_hddm_alpha001_v2/star_concave/sample_0083.npz,e5abdab9321ee56ed869ed460fa271c06a6390dc7c65469ad1fde0bfbc3f052e,0.006781879987102002,0.08494184373102945,0.7483431146840317,0.8459103107452393,0.48603917658329,0.7213353121280662
residual_v2,49,star_concave,84,private-source://routeA_experiments/data/prospective_ood_rd_hddm_alpha001_v2/star_concave/sample_0084.npz,42b2e9080004dd7e87c755cf533ee961aee427788297acc5e783f709e47baeb3,0.005817259021569043,0.09465165528040075,0.6432969560505607,0.7914332747459412,0.5092787325382213,0.7040983358025551
residual_v2,49,star_concave,85,private-source://routeA_experiments/data/prospective_ood_rd_hddm_alpha001_v2/star_concave/sample_0085.npz,307c7f1bcc7bff44abcc6a30dc1e3969ede6f73df314300a047b61ccf6c3a378,0.005769329029135406,0.0766176576094803,0.5753686451624477,0.7303774356842041,0.36448782682418823,0.6421037316322329
residual_v2,49,star_concave,86,private-source://routeA_experiments/data/prospective_ood_rd_hddm_alpha001_v2/star_concave/sample_0086.npz,b3bb0c62290c26c875c27ae948d6b587087d0569c3f356201eb0f22fdb2a3e09,0.005999483983032405,0.07248141880219683,0.5108096781642568,0.6695354282855988,0.37004342079162605,0.5659584617614747
residual_v2,49,star_concave,87,private-source://routeA_experiments/data/prospective_ood_rd_hddm_alpha001_v2/star_concave/sample_0087.npz,7dbf43fba15e26840cbf500867302ab7673d25663cd48115751bfd9162ec41f8,0.005793403019197285,0.0748610712348371,0.33373773205123985,0.418378621339798,0.2750317931175231,0.36195712864399016
residual_v2,49,star_concave,88,private-source://routeA_experiments/data/prospective_ood_rd_hddm_alpha001_v2/star_concave/sample_0088.npz,46b403b9b0883fb6fafe6d706ff132a9019b0523c686f8c32b2cf73973dc110b,0.005914515990298241,0.09396873142624525,0.6593593721579297,0.8071354925632477,0.4900355994701385,0.7030805170536034
residual_v2,49,star_concave,89,private-source://routeA_experiments/data/prospective_ood_rd_hddm_alpha001_v2/star_concave/sample_0089.npz,4b05a4955d6129f9c7936385ebb4ab230f3bef639b45cb994afa8092d2aa1480,0.006028024014085531,0.09364447169710177,0.7295274461896354,0.807098388671875,0.47037069499492634,0.7130719816684722
residual_v2,49,star_concave,90,private-source://routeA_experiments/data/prospective_ood_rd_hddm_alpha001_v2/star_concave/sample_0090.npz,562c2f1d56afdd8da2679e39e24f0681dfc71b8a722e546b74aa0f3f574a15bc,0.00582792900968343,0.08110139504656091,0.579093765722799,0.7008875608444214,0.4136748552322388,0.6096151435375213
residual_v2,49,star_concave,91,private-source://routeA_experiments/data/prospective_ood_rd_hddm_alpha001_v2/star_concave/sample_0091.npz,f841635f22b41963248fac05366396a38bf40de493e33e45588fb8fd0d09f968,0.00630355003522709,0.08105920787887673,0.5859732389326773,0.7138280272483826,0.4215406388044357,0.6030587804317473
residual_v2,49,star_concave,92,private-source://routeA_experiments/data/prospective_ood_rd_hddm_alpha001_v2/star_concave/sample_0092.npz,a4d8c9efc38c8dccdb95d6c4299d63e986137338f9a4d90ce862e166f09abfc5,0.0059596619685180485,0.09548981814036032,0.6280777000628647,0.7844915986061096,0.470183748006821,0.6800049954652785
residual_v2,49,star_concave,93,private-source://routeA_experiments/data/prospective_ood_rd_hddm_alpha001_v2/star_concave/sample_0093.npz,aaa767ef1eddfd044b5bf6a9fbef6b61dc5de5a86360570f0a77b5f524e97dce,0.005781110958196223,0.08670778041082428,0.7021687488119434,0.886211097240448,0.49198663830757133,0.7941866746544838
residual_v2,49,star_concave,94,private-source://routeA_experiments/data/prospective_ood_rd_hddm_alpha001_v2/star_concave/sample_0094.npz,a154a56ddefca8edbcf263aff519e91ce0f4e58465c7717e79c68dc97d11b9cd,0.006962344981729984,0.0649366755202888,0.29768745705798355,0.4334501326084137,0.2499627023935318,0.32116578817367525
residual_v2,49,star_concave,95,private-source://routeA_experiments/data/prospective_ood_rd_hddm_alpha001_v2/star_concave/sample_0095.npz,610bda6ba90ca73114af1042f6933531fbea7cab4fd66994183455d85a6010af,0.006509892002213746,0.08300833813436839,0.4702864208943124,0.627589613199234,0.4065090283751487,0.6029186540842056
residual_v2,49,star_concave,96,private-source://routeA_experiments/data/prospective_ood_rd_hddm_alpha001_v2/star_concave/sample_0096.npz,7917e7c1d6f0406fa9182f86bd5be59e3098f4dcff79f5930d3877b0a1e63145,0.007004582032095641,0.0673774377153582,0.48704188870691545,0.6173825562000275,0.37949758917093257,0.5386799812316895
residual_v2,49,star_concave,97,private-source://routeA_experiments/data/prospective_ood_rd_hddm_alpha001_v2/star_concave/sample_0097.npz,7d62afce33a59e7363d7fc907585bfe008936306d94881e9a078db26dc18157a,0.006801176001317799,0.0901177515112084,0.4683571730051877,0.5491603016853333,0.35375380516052246,0.4582938551902771
residual_v2,49,star_concave,98,private-source://routeA_experiments/data/prospective_ood_rd_hddm_alpha001_v2/star_concave/sample_0098.npz,82c3fdcc10ce0484d81abe39a21224cfecabe860524345fd21840bdeb8f08905,0.006904436973854899,0.06016471490992853,0.33632197521866614,0.388042151927948,0.25822998583316803,0.3214462369680411
residual_v2,49,star_concave,99,private-source://routeA_experiments/data/prospective_ood_rd_hddm_alpha001_v2/star_concave/sample_0099.npz,42899fd8a5f5a539afe710561c1d64b294124afd2a7fa4d6bfdc8dbb4cf853ae,0.005914846959058195,0.060883676655870606,0.26535030589382175,0.3639422655105591,0.19820351898670194,0.2914432358741761
residual_v2,49,star_concave,100,private-source://routeA_experiments/data/prospective_ood_rd_hddm_alpha001_v2/star_concave/sample_0100.npz,b2799e0a19e65139cf29cb348720c12f52c75ee9aecd3d993b39ffd6d77a7136,0.005865478946361691,0.11158395320717876,0.661021957204613,0.7839049100875854,0.5301125973463058,0.6806112372875215
residual_v2,49,star_concave,101,private-source://routeA_experiments/data/prospective_ood_rd_hddm_alpha001_v2/star_concave/sample_0101.npz,77f5771f7fb6794527efaea4da878ab24f6c10142a63483a9d2d7d0cc360d2d1,0.006261260015890002,0.061436070668864,0.3077107608298899,0.40949350595474243,0.25855186581611633,0.33487669229507444
residual_v2,49,star_concave,102,private-source://routeA_experiments/data/prospective_ood_rd_hddm_alpha001_v2/star_concave/sample_0102.npz,7809a5edfb14edaf519c2b3af3950525a2e8c8a8afca6a8cd20dad8cca2ff262,0.00627796002663672,0.10810930308112118,0.6848026416759619,0.7762309312820435,0.5087259635329247,0.6650800630450249
residual_v2,49,star_concave,103,private-source://routeA_experiments/data/prospective_ood_rd_hddm_alpha001_v2/star_concave/sample_0103.npz,1e622b0f01095983080bae30dd0105f2b63383dbb92566dee14bdc6b21842e3a,0.006291117984801531,0.07535878354452828,0.5231734837461692,0.6649369597434998,0.3998575866222381,0.6055581444501876
residual_v2,49,star_concave,104,private-source://routeA_experiments/data/prospective_ood_rd_hddm_alpha001_v2/star_concave/sample_0104.npz,a586ef53200f2a2874d0bec4d38d819164ee1ad51b9a31172756a0acac53eb4f,0.00634721404640004,0.07734526756605732,0.4985119565687543,0.6180436313152313,0.40024513602256695,0.5918878340721128
residual_v2,49,star_concave,105,private-source://routeA_experiments/data/prospective_ood_rd_hddm_alpha001_v2/star_concave/sample_0105.npz,fbe036f3ba7e29c58ad15958277e4f0a631d9dbe9c9738a712d0e120979da252,0.006077958038076758,0.08322999814755856,0.45505281592702435,0.5583463609218597,0.3804743722081184,0.5245867270231248
residual_v2,49,star_concave,106,private-source://routeA_experiments/data/prospective_ood_rd_hddm_alpha001_v2/star_concave/sample_0106.npz,77ee446c4ec99eb4a4a69271d7442b40755008e0ba89f52f06102e4951fdcc97,0.005799427977763116,0.07643957430073044,0.5697856906411468,0.7543370127677917,0.4307984232902525,0.6985599976778031
residual_v2,49,star_concave,107,private-source://routeA_experiments/data/prospective_ood_rd_hddm_alpha001_v2/star_concave/sample_0107.npz,9909df5b2c8cb43975e27322a09dd30924b8b2486f3909f2d4c0263e6a420e1d,0.006420766992960125,0.07918655241621057,0.5225352043993402,0.5840188562870026,0.38746565282344797,0.5293889808654783
residual_v2,49,star_concave,108,private-source://routeA_experiments/data/prospective_ood_rd_hddm_alpha001_v2/star_concave/sample_0108.npz,f14296487a120c18b86ed5166d56b76a1092cb2d50d54253bdd3df784730f435,0.005822294973768294,0.07807147043788232,0.5021809172088985,0.6538046002388,0.3993043303489685,0.5678355872631073
residual_v2,49,star_concave,109,private-source://routeA_experiments/data/prospective_ood_rd_hddm_alpha001_v2/star_concave/sample_0109.npz,5efae8b79d62692fd4d6c11d4acd9743008b0f6f1cfb22f8da84314c1ee13027,0.007060933974571526,0.06565283709271046,0.35424917762679453,0.5742300152778625,0.24917125552892677,0.471315093934536
residual_v2,49,star_concave,110,private-source://routeA_experiments/data/prospective_ood_rd_hddm_alpha001_v2/star_concave/sample_0110.npz,6bee368483186df489d00f012aa97037205449bd3f079d246194cff1b1db79de,0.006383125961292535,0.06792043853924697,0.45007882537267896,0.6527559459209442,0.3138836860656735,0.5715229392051697
residual_v2,49,star_concave,111,private-source://routeA_experiments/data/prospective_ood_rd_hddm_alpha001_v2/star_concave/sample_0111.npz,fd36365012b8b08fa6dc5f679418b95a812fb25fcf02da8f8a2d78a1da20b90c,0.007934621011372656,0.08753419471751751,0.4815953991199348,0.5312371253967285,0.3429464191198349,0.48810284227132844
residual_v2,49,star_concave,112,private-source://routeA_experiments/data/prospective_ood_rd_hddm_alpha001_v2/star_concave/sample_0112.npz,b196163e725c5f13e063b03c2f311a38a83498677188bbaf9ac548c04137ff1d,0.0065273939981125295,0.06994441774206278,0.4628110980661088,0.565841555595398,0.34594596475362777,0.4802110666036606
residual_v2,49,star_concave,113,private-source://routeA_experiments/data/prospective_ood_rd_hddm_alpha001_v2/star_concave/sample_0113.npz,7658116c35833629bbbdd3be7ac254197c8b3f70373a5754e1852a1c944adc54,0.006377028999850154,0.06139102121662814,0.28675303971004723,0.37092915177345276,0.2293733641505241,0.2893215340375898
residual_v2,49,star_concave,114,private-source://routeA_experiments/data/prospective_ood_rd_hddm_alpha001_v2/star_concave/sample_0114.npz,8f464174cd05f745a11b44e72ec62293d308f5bfee0b7c4c97ee27afabc9bf12,0.0068776150001212955,0.06763323578622182,0.4002017281695855,0.5177216529846191,0.3275447964668274,0.44403185725212097
residual_v2,49,star_concave,115,private-source://routeA_experiments/data/prospective_ood_rd_hddm_alpha001_v2/star_concave/sample_0115.npz,55f49c70429cd725bd076dc190ba781d383feb5f68c35cbb727215adf3ca2cec,0.006796506000682712,0.09282912885447982,0.7372948797912702,0.8676737546920776,0.5406113624572758,0.7941608685255046
residual_v2,49,star_concave,116,private-source://routeA_experiments/data/prospective_ood_rd_hddm_alpha001_v2/star_concave/sample_0116.npz,33ab98c78fdf1aa6324852fc2a61462352f31e540635776c19a0a5cb1b72349f,0.006886642018798739,0.051649305683313454,0.2428819703885848,0.33520883321762085,0.19487330317497253,0.2716705620288848
residual_v2,49,star_concave,117,private-source://routeA_experiments/data/prospective_ood_rd_hddm_alpha001_v2/star_concave/sample_0117.npz,63ca60b899abf7eb56048e8d86ac5f797ba727942040871be466de9220f807c3,0.00589245994342491,0.06742909430863271,0.5214829154689135,0.6797523200511932,0.3483371436595917,0.6101388931274412
residual_v2,49,star_concave,118,private-source://routeA_experiments/data/prospective_ood_rd_hddm_alpha001_v2/star_concave/sample_0118.npz,5e1445f7a185641f6adb0d6871fb8cbda8664f8551f637d8f69b41e8462db0b1,0.006285467999987304,0.0808075771463147,0.5421001846090591,0.6593753695487976,0.42397429049015006,0.5869795766472815
residual_v2,49,star_concave,119,private-source://routeA_experiments/data/prospective_ood_rd_hddm_alpha001_v2/star_concave/sample_0119.npz,781b03ef3e3e9f67cd090b7ccee86f87669c7a22a2e3aa0b82e4560d2b21820f,0.006110132031608373,0.07244662031983078,0.5617025516125164,0.7315081357955933,0.364235460758209,0.5464788949489569
residual_v2,49,star_concave,120,private-source://routeA_experiments/data/prospective_ood_rd_hddm_alpha001_v2/star_concave/sample_0120.npz,476685abe2472a157969c1f5a839fe7f1aded68fd5977ece1881cb5d6ed61345,0.006180928030516952,0.06821250178120802,0.43615708621022786,0.5746178925037384,0.29486637264490123,0.5118811228871342
residual_v2,49,star_concave,121,private-source://routeA_experiments/data/prospective_ood_rd_hddm_alpha001_v2/star_concave/sample_0121.npz,d44dd313ef06efdc53842cbcd25e7c94f8002b26269a8d974d6b4e2189c7cf49,0.005888200947083533,0.06669947175215185,0.397678101600072,0.5400353372097015,0.278730645775795,0.3846496343612677
residual_v2,49,star_concave,122,private-source://routeA_experiments/data/prospective_ood_rd_hddm_alpha001_v2/star_concave/sample_0122.npz,7c749504b1437233839eacfc2c94c00613d75381374e8f1ac33b9197daf4612f,0.006395175005309284,0.08420778616026404,0.5402479698502316,0.6500271558761597,0.4342671617865562,0.6237240910530094
residual_v2,49,star_concave,123,private-source://routeA_experiments/data/prospective_ood_rd_hddm_alpha001_v2/star_concave/sample_0123.npz,2f7b8f1084aa65d36f64bdfd0ad63dba1070e18b385551aaeeed4bd3345d07eb,0.005878062976989895,0.08462390775742767,0.5823590720052755,0.7309184670448303,0.4121356785297393,0.651560794711113
residual_v2,49,star_concave,124,private-source://routeA_experiments/data/prospective_ood_rd_hddm_alpha001_v2/star_concave/sample_0124.npz,ee8cc9c9780afa5d2b0a24922a73005506c2939875b3c50b69bf8b4fb4097be6,0.006339914980344474,0.07404819934454854,0.4553210682673812,0.5486206710338593,0.3926100209355352,0.4907022288441658
residual_v2,49,star_concave,125,private-source://routeA_experiments/data/prospective_ood_rd_hddm_alpha001_v2/star_concave/sample_0125.npz,95c3cac8c54fe43f20a59431a44f07cf020825ee735ba75cd2bc048b4c3859ba,0.005803790991194546,0.08566041288673182,0.6446173904373489,0.8152936398983002,0.4389299392700197,0.6938093382120128
residual_v2,49,star_concave,126,private-source://routeA_experiments/data/prospective_ood_rd_hddm_alpha001_v2/star_concave/sample_0126.npz,92785828d21aa7474cbb2eead5c468fc662d8408973e402dbf64a5491b7aa6d3,0.006360072991810739,0.055481511915252385,0.24683708559794734,0.3120940178632736,0.19481812715530408,0.2573598974943161
residual_v2,49,star_concave,127,private-source://routeA_experiments/data/prospective_ood_rd_hddm_alpha001_v2/star_concave/sample_0127.npz,6240432158188c6377d1af044607ddc0d26482f74bd3ca875898f7064546cc93,0.0058718890068121254,0.0653097272896433,0.45933139494907643,0.587510496377945,0.34545377641916264,0.5063443338870998
residual_v2,49,star_concave,128,private-source://routeA_experiments/data/prospective_ood_rd_hddm_alpha001_v2/star_concave/sample_0128.npz,0b59ec75f4c8496864064dfb32ae8a9d4126678dbd85fe5bd0591e5216f96aad,0.0058967440272681415,0.06058662805838485,0.3102776861275828,0.492114782333374,0.24050053469836702,0.4083041515946389
residual_v2,49,star_concave,129,private-source://routeA_experiments/data/prospective_ood_rd_hddm_alpha001_v2/star_concave/sample_0129.npz,490cffc887e2ec71d5a39def540ee809507583f309dc44b073e953a6e4be1aae,0.005811122013255954,0.06171059870066725,0.3548151748639472,0.4674064517021179,0.27883648127317434,0.4140696439146995
residual_v2,49,star_concave,130,private-source://routeA_experiments/data/prospective_ood_rd_hddm_alpha001_v2/star_concave/sample_0130.npz,4d1e8d96d7fcb07225ed2c80819afd45bed479d7b0276561f62b212b99b225f9,0.006360706000123173,0.0540792787314295,0.29739916909408026,0.4438770115375519,0.2495284914970394,0.32188562124967574
residual_v2,49,star_concave,131,private-source://routeA_experiments/data/prospective_ood_rd_hddm_alpha001_v2/star_concave/sample_0131.npz,e67f5f3314eb9639b1a29bc2cf34e4154f8c3a4c6aa5b1e046f23015f1913345,0.005812401999719441,0.09001262823305978,0.5622124460389031,0.7463204860687256,0.37189632952213286,0.6650223916769029
residual_v2,49,star_concave,132,private-source://routeA_experiments/data/prospective_ood_rd_hddm_alpha001_v2/star_concave/sample_0132.npz,efbafa19d305c98c4298b184f17160dd263aea854458f681e045011684a4500f,0.006301700952462852,0.11113475240250681,0.6982011578423974,0.7642925679683685,0.5171995408833026,0.7049809283018108
residual_v2,49,star_concave,133,private-source://routeA_experiments/data/prospective_ood_rd_hddm_alpha001_v2/star_concave/sample_0133.npz,ac5b59374058467ba8a0e8d1038c302b291ebfe33dddcefd3485c09e5e9db034,0.0057799399946816266,0.07082916140345906,0.40763483883672375,0.5896955132484436,0.3276098668575287,0.48874270319938695
residual_v2,49,star_concave,134,private-source://routeA_experiments/data/prospective_ood_rd_hddm_alpha001_v2/star_concave/sample_0134.npz,698cdfaf758c0ce8534b7887fe5c24d821ec04157ead34e39f7d1688a4d1fee6,0.006427649990655482,0.10031296244003193,0.5587825683581255,0.6758876442909241,0.4808769851922986,0.6026301893591888
residual_v2,49,star_concave,135,private-source://routeA_experiments/data/prospective_ood_rd_hddm_alpha001_v2/star_concave/sample_0135.npz,0d0c4a18379290c731fed21f2627bb012972aa932a5c0fa3600440ca617362f5,0.005774991994258016,0.06657201654261606,0.40060849937465776,0.5940409600734711,0.30524713993072533,0.45088381290435803
residual_v2,49,star_concave,136,private-source://routeA_experiments/data/prospective_ood_rd_hddm_alpha001_v2/star_concave/sample_0136.npz,a21474628f5ea2e01e6c6c31400fa79e80f00f083e5762d1d2ec8da62832bf51,0.0063437820062972605,0.0543735856794967,0.3408134344804184,0.43870848417282104,0.26791419088840485,0.3766968697309496
residual_v2,49,star_concave,137,private-source://routeA_experiments/data/prospective_ood_rd_hddm_alpha001_v2/star_concave/sample_0137.npz,32270c08d5c4d02df1b251216ac2ec68396e8de703996d34c566047242ecf071,0.00634051498491317,0.08152805800561566,0.7347154349416608,0.8659770786762238,0.4090570867061615,0.754532904922962
residual_v2,49,star_concave,138,private-source://routeA_experiments/data/prospective_ood_rd_hddm_alpha001_v2/star_concave/sample_0138.npz,56a5ba648e8989fd8e4fc2b097d1cf6bbd55365822d1df293d231a02772f474f,0.006291233992669731,0.05928156738740536,0.40537576998794816,0.5633424520492554,0.2978282868862152,0.46679401397705095
residual_v2,49,star_concave,139,private-source://routeA_experiments/data/prospective_ood_rd_hddm_alpha001_v2/star_concave/sample_0139.npz,50a825fb9f6a3ca2a14f234f813b84e2393c4954818d874df32d742dd2c44f7b,0.00630730198463425,0.07764525243452454,0.4646420317628845,0.6288604736328125,0.3699845343828201,0.47932982563972504
residual_v2,49,star_concave,140,private-source://routeA_experiments/data/prospective_ood_rd_hddm_alpha001_v2/star_concave/sample_0140.npz,6eed5033eeb5de188451d9e26ad8eacf53f167e16caf0c850f271c37e72a7343,0.005802756000775844,0.05729574051941986,0.3086013214169527,0.5213110446929932,0.24176251888275146,0.3687247067689895
residual_v2,49,star_concave,141,private-source://routeA_experiments/data/prospective_ood_rd_hddm_alpha001_v2/star_concave/sample_0141.npz,a907cd099a64c8511634df9793e5009356b21e455167b82fc179a582273ad2e0,0.007014156028162688,0.05554978836443181,0.2698996032985423,0.47109633684158325,0.20708799660205843,0.3459700679779053
residual_v2,49,star_concave,142,private-source://routeA_experiments/data/prospective_ood_rd_hddm_alpha001_v2/star_concave/sample_0142.npz,c351df90c2012fee03b759f7e74a2cc328cbd5e58c5ca8cb337cbb12147212f7,0.006279336055740714,0.07488338086669924,0.43197428389628917,0.5941060185432434,0.33611252903938293,0.48688215017318826
residual_v2,49,star_concave,143,private-source://routeA_experiments/data/prospective_ood_rd_hddm_alpha001_v2/star_concave/sample_0143.npz,098448b2527ae0bc73253fde5c87522c791cf59537cba8edcd6d7caf1b4e6865,0.005748770025093108,0.07461354651968868,0.7597172307056084,0.8593261241912842,0.4163621954619883,0.7300947901606558
residual_v2,49,star_concave,144,private-source://routeA_experiments/data/prospective_ood_rd_hddm_alpha001_v2/star_concave/sample_0144.npz,36e501d5cd401896953395e689dd63829d255ca199339df9d550472e654739f2,0.006275977997574955,0.07781198255583811,0.4024189084133385,0.5683760046958923,0.3463715419173243,0.46518913686275487
residual_v2,49,star_concave,145,private-source://routeA_experiments/data/prospective_ood_rd_hddm_alpha001_v2/star_concave/sample_0145.npz,0ad05974dcc3a0058ef1c0d09bc6dac91b0ff378c5f5b05dd51a53e776b533f1,0.005796991987153888,0.10049390640391419,0.7158204086932886,0.8518918454647064,0.5537272244691849,0.795021653175354
residual_v2,49,star_concave,146,private-source://routeA_experiments/data/prospective_ood_rd_hddm_alpha001_v2/star_concave/sample_0146.npz,04fe2315b6738e155a6f486405ee2732ffd869607809f609396295991e3da6ca,0.006362637970596552,0.08337560954145032,0.7235751377207562,0.8307616114616394,0.4891981601715083,0.7588073492050169
residual_v2,49,star_concave,147,private-source://routeA_experiments/data/prospective_ood_rd_hddm_alpha001_v2/star_concave/sample_0147.npz,9bf550380294c2bbc3282540dbb56f5b988b488b234567a6ee8ced872a31ed48,0.006309114978648722,0.09006059853378906,0.6578525467932107,0.8119505643844604,0.5380936950445177,0.7263711136579516
residual_v2,49,star_concave,148,private-source://routeA_experiments/data/prospective_ood_rd_hddm_alpha001_v2/star_concave/sample_0148.npz,a001adad8040c93bc67319afa17cd043927ab409b2e313f15a99d6459047bba9,0.005803725973237306,0.07013141052248002,0.4038999707810849,0.5987322628498077,0.305855557322502,0.5158907449245455
residual_v2,49,star_concave,149,private-source://routeA_experiments/data/prospective_ood_rd_hddm_alpha001_v2/star_concave/sample_0149.npz,b1137e6b1881fb85aa272787edec47cc66bdc286b602033c5c62eca8ca8eb42f,0.006769343977794051,0.07208257805475672,0.5051231853849216,0.5444851219654083,0.3459878206253052,0.5191466093063355
residual_v2,49,star_concave,150,private-source://routeA_experiments/data/prospective_ood_rd_hddm_alpha001_v2/star_concave/sample_0150.npz,1a1346fbc7a0a6b7a450694616d1bed605f9aea6a06aa42f6b0fc13fc0c1b237,0.005833672999870032,0.06258659061721418,0.2767204210370805,0.33867213129997253,0.22902588546276095,0.29650729447603247
residual_v2,49,star_concave,151,private-source://routeA_experiments/data/prospective_ood_rd_hddm_alpha001_v2/star_concave/sample_0151.npz,0c37adba479d7c1e405d14ee8ca362906b22789dcd73cd0025cea686b9d5868f,0.006356211029924452,0.09463438073148644,0.6138311431659477,0.7071484327316284,0.46810554862022397,0.6520990979671474
residual_v2,49,star_concave,152,private-source://routeA_experiments/data/prospective_ood_rd_hddm_alpha001_v2/star_concave/sample_0152.npz,493bd2253a0889cc50e1ea615e373a8197fb7e27b206ad5689e02586553e761d,0.0057955600204877555,0.06794690727601321,0.3131561696305063,0.4403912127017975,0.23314690589904785,0.3655841648578646
residual_v2,49,star_concave,153,private-source://routeA_experiments/data/prospective_ood_rd_hddm_alpha001_v2/star_concave/sample_0153.npz,ac82ba7a6e4d926236266e27b4eb944cfbb25cd0f65fa764d0c5b34ba6446fbc,0.006356161029543728,0.08023135310629073,0.508024992422014,0.7046779692173004,0.4020457208156585,0.5464613917469979
residual_v2,49,star_concave,154,private-source://routeA_experiments/data/prospective_ood_rd_hddm_alpha001_v2/star_concave/sample_0154.npz,5b375d8a82047d688b8f0bc6d7eda5883b59ffd29e73eda4a65465ff28977100,0.006268733995966613,0.05952601649392732,0.37312484057106593,0.4755616784095764,0.30561605095863326,0.38176803946495025
residual_v2,49,star_concave,155,private-source://routeA_experiments/data/prospective_ood_rd_hddm_alpha001_v2/star_concave/sample_0155.npz,c227feb4bc838ca459c2cdb6c2fe08d3c97cd3c54cb120325b6eb8829f0427da,0.006771058950107545,0.0752598833373301,0.45320702158110193,0.6401421427726746,0.35943466871976826,0.5677206432819366
residual_v2,49,star_concave,156,private-source://routeA_experiments/data/prospective_ood_rd_hddm_alpha001_v2/star_concave/sample_0156.npz,d7923a77a7cd74c3df6621aa963a43fdaad4ae9ab5641757571ff70cccab19c3,0.006584108981769532,0.09471682848066204,0.5653502372240901,0.7496849000453949,0.4241893470287323,0.6548091793060306
residual_v2,49,star_concave,157,private-source://routeA_experiments/data/prospective_ood_rd_hddm_alpha001_v2/star_concave/sample_0157.npz,bf1ed5ee95cebaaeec4337c10cbb37257a3764baccb51eb2db3b192c4b7f0705,0.006900768028572202,0.07739976309392205,0.5000809728267405,0.5796413123607635,0.4145912200212475,0.509252927005291
residual_v2,49,star_concave,158,private-source://routeA_experiments/data/prospective_ood_rd_hddm_alpha001_v2/star_concave/sample_0158.npz,2d48518d53f1d4302822bc23c36b8e9a725fccad2e348f481c1965dc1fd043e7,0.0066116960369981825,0.08807189752393355,0.5131247705327914,0.6463869214057922,0.4078652635216713,0.5714262127876282
residual_v2,49,star_concave,159,private-source://routeA_experiments/data/prospective_ood_rd_hddm_alpha001_v2/star_concave/sample_0159.npz,afeaff165894f7669804972e11c2e6e7574a89f195a0fedaba5dcc77e4915143,0.005759409046731889,0.09925216256852724,0.7226461548730932,0.8580102324485779,0.5028642654418944,0.7453416562080384
residual_v2,49,star_concave,160,private-source://routeA_experiments/data/prospective_ood_rd_hddm_alpha001_v2/star_concave/sample_0160.npz,93d98230e4954693c935e7b6a7af76c2fa25aefb83d1da6027d6e69f2937d6be,0.006581890978850424,0.06225119277196227,0.39056413715807176,0.619519829750061,0.27551976442337045,0.4897833120822855
residual_v2,49,star_concave,161,private-source://routeA_experiments/data/prospective_ood_rd_hddm_alpha001_v2/star_concave/sample_0161.npz,00e0f59193a483fa4f91a44aba4dc7a7d193df42292ed52da041457e2e87fce9,0.0058124850038439035,0.0741969057822597,0.38047404664039985,0.5175694227218628,0.2942982781678438,0.4682319849729538
residual_v2,49,star_concave,162,private-source://routeA_experiments/data/prospective_ood_rd_hddm_alpha001_v2/star_concave/sample_0162.npz,73adab284c949cf7286e1d55e2f7271f8e574888733c538e9bd6c7126210d7dc,0.006680438993498683,0.08268884514901985,0.4906332271820615,0.7166102230548859,0.35383822619915,0.5699703195691104
residual_v2,49,star_concave,163,private-source://routeA_experiments/data/prospective_ood_rd_hddm_alpha001_v2/star_concave/sample_0163.npz,62f2fdf3ad685d63e6744d4c87f1be77f5f4f173f3ac97973519283437aec8be,0.005818630976136774,0.06913935944561643,0.353063645650511,0.5148859024047852,0.3003677010536194,0.4131568014621739
residual_v2,49,star_concave,164,private-source://routeA_experiments/data/prospective_ood_rd_hddm_alpha001_v2/star_concave/sample_0164.npz,9d5ca7a47c569f8001da60474a5d5cd6410704b0b88a94c1bbb617a3ff070b6f,0.006555354048032314,0.052880451499182,0.2689075098928445,0.392304927110672,0.1988452553749085,0.2862826871871948
residual_v2,49,star_concave,165,private-source://routeA_experiments/data/prospective_ood_rd_hddm_alpha001_v2/star_concave/sample_0165.npz,29665dc936a4f0885b352ba542d5b84c26ef8365b7471657a0b18a6199a4ec20,0.00576397601980716,0.07745053337798637,0.7526037007924636,0.8893046677112579,0.5219357773661609,0.7576092556118967
residual_v2,49,star_concave,166,private-source://routeA_experiments/data/prospective_ood_rd_hddm_alpha001_v2/star_concave/sample_0166.npz,cc601404792128ea7fb0b9e382daf4044b16752726051d33d189af92b63e9219,0.0065636369981803,0.11766224160023114,0.7307571419739648,0.8636717200279236,0.5165765583515165,0.6934225952625276
residual_v2,49,star_concave,167,private-source://routeA_experiments/data/prospective_ood_rd_hddm_alpha001_v2/star_concave/sample_0167.npz,9fee3ab4e68d3386753b768109d90049f0d9ab17092f3bad0ae4e29e01fdff2e,0.006432336987927556,0.09754857968480958,0.6240936234833505,0.7763480842113495,0.5097598284482956,0.7226159885525701
residual_v2,49,star_concave,168,private-source://routeA_experiments/data/prospective_ood_rd_hddm_alpha001_v2/star_concave/sample_0168.npz,5b47765a6290b94b7d7ff73de6aabe979deba65e29f667e2494d93f1fe8e4c53,0.006335034966468811,0.11055011821220993,0.7750828344500766,0.8649365901947021,0.5342753231525421,0.79044919013977
residual_v2,49,star_concave,169,private-source://routeA_experiments/data/prospective_ood_rd_hddm_alpha001_v2/star_concave/sample_0169.npz,67bb298709d810bd66de79e3e631cbfe3470c51d81de1358148a67ea69a6734a,0.006955542019568384,0.07213890099030845,0.38807197324600057,0.5226004719734192,0.2944793581962586,0.4489500880241394
residual_v2,49,star_concave,170,private-source://routeA_experiments/data/prospective_ood_rd_hddm_alpha001_v2/star_concave/sample_0170.npz,ea79ed68e7fcbed7d4821fb08f6d31cd221c7d535e9e6e347dbabbc6c225268f,0.00579291902249679,0.06646690814883666,0.35403422065724993,0.49998462200164795,0.27001100629568103,0.44759746968746167
residual_v2,49,star_concave,171,private-source://routeA_experiments/data/prospective_ood_rd_hddm_alpha001_v2/star_concave/sample_0171.npz,4dce99e393c3f3aeec70b32543086cd0503997a3c73bb6088a2ea5028ddb609e,0.0067825199803337455,0.06999867293016165,0.3017156365550013,0.3349093049764633,0.23032425343990326,0.29223104938864713
residual_v2,49,star_concave,172,private-source://routeA_experiments/data/prospective_ood_rd_hddm_alpha001_v2/star_concave/sample_0172.npz,95062a2be872adfe3d433448a364573f1dcc6d23c46c7283098e1ff3266aa2cb,0.005758387036621571,0.05813315701734184,0.3254302052567118,0.4482969641685486,0.2743343412876129,0.3623503625392917
residual_v2,49,star_concave,173,private-source://routeA_experiments/data/prospective_ood_rd_hddm_alpha001_v2/star_concave/sample_0173.npz,f973c30b18b35d7e13fca880aa62b6d77b406606fa79bcf4e05ea9a183aaf747,0.006727700994815677,0.09685214469845514,0.686641604647633,0.7638501822948456,0.5004203617572784,0.703224889934063
residual_v2,49,star_concave,174,private-source://routeA_experiments/data/prospective_ood_rd_hddm_alpha001_v2/star_concave/sample_0174.npz,da423e7fb1017a419fd9e39c9877f0fe4936a8ade7a8744fb4d05f24020d1525,0.005778081016615033,0.07784920110767839,0.38339584152529377,0.46814098954200745,0.32444349229335717,0.42101877510547636
residual_v2,49,star_concave,175,private-source://routeA_experiments/data/prospective_ood_rd_hddm_alpha001_v2/star_concave/sample_0175.npz,be6a60f58fa788e5509f48f70ce14bcccc9e8f4e06b149f5ea02f032e86a0c01,0.006692045950330794,0.07724551269153948,0.5144157772584497,0.6314409971237183,0.3839259743690491,0.5528158441185952
residual_v2,49,star_concave,176,private-source://routeA_experiments/data/prospective_ood_rd_hddm_alpha001_v2/star_concave/sample_0176.npz,8bca2d2f749dcf57abe9c29c0e66817254b5dd336a1895b563295dbe661c1ac8,0.006546723016072065,0.09225279386114081,0.6351734992455289,0.7375546395778656,0.46328485012054443,0.6563591957092285
residual_v2,49,star_concave,177,private-source://routeA_experiments/data/prospective_ood_rd_hddm_alpha001_v2/star_concave/sample_0177.npz,c146dae9f67d3f4d0626465827bfbba0af9e30abda534b39cabbf5dc3afd7c2b,0.006246631033718586,0.07759391860846818,0.6146790590439473,0.8247659206390381,0.37675559520721436,0.6613746285438541
residual_v2,49,star_concave,178,private-source://routeA_experiments/data/prospective_ood_rd_hddm_alpha001_v2/star_concave/sample_0178.npz,567152031c4a0bb7383960f1716de7f47aaa09e1c18c4a8edc5894592a36008b,0.005885282007511705,0.08572616119520543,0.5609536834651528,0.6725490689277649,0.476648096740246,0.5876782208681106
residual_v2,49,star_concave,179,private-source://routeA_experiments/data/prospective_ood_rd_hddm_alpha001_v2/star_concave/sample_0179.npz,c19450a9dbc614eb8e816ca15caa11f305314c88880e41a46b7a06a76270e9ef,0.0067169819958508015,0.10309919896642168,0.7504404938143215,0.8256856799125671,0.5424180924892426,0.7767983615398422
residual_v2,49,star_concave,180,private-source://routeA_experiments/data/prospective_ood_rd_hddm_alpha001_v2/star_concave/sample_0180.npz,979feb1dc5c9097d8b179d7c9936fa43ca9a7ad06aef8e9ddfd57ec83d56543b,0.006334482983220369,0.08312656549073916,0.42927822520919756,0.5052872896194458,0.3506052643060684,0.453007161617279
residual_v2,49,star_concave,181,private-source://routeA_experiments/data/prospective_ood_rd_hddm_alpha001_v2/star_concave/sample_0181.npz,9c2177662c7e7706987e5b9fc840e754df3531627695145c95cb0168891b0ec3,0.006232012005057186,0.08582710465379884,0.6212509264580336,0.725788950920105,0.4618544615805149,0.6462887108325956
residual_v2,49,star_concave,182,private-source://routeA_experiments/data/prospective_ood_rd_hddm_alpha001_v2/star_concave/sample_0182.npz,8e1f45388232b975857cf0eb5e800633511cd0fdc84fcac39506fd7ab06dd0ea,0.0067507189814932644,0.07976873204939303,0.6532564664440105,0.7527850568294525,0.3650071322917938,0.6409076273441311
residual_v2,49,star_concave,183,private-source://routeA_experiments/data/prospective_ood_rd_hddm_alpha001_v2/star_concave/sample_0183.npz,f6af694d75d001d3c452801ea94aa82b47a2951f62861ba1a2885df85ec62b14,0.0058877369738183916,0.07383934925162351,0.3398875699873832,0.4063490033149719,0.25782277435064316,0.3597792685031891
residual_v2,49,star_concave,184,private-source://routeA_experiments/data/prospective_ood_rd_hddm_alpha001_v2/star_concave/sample_0184.npz,80d8e656007fb51095a1c187bc0dabfc69020fb316baf6af22ca45bdd6eedb55,0.006650185969192535,0.08204416034813826,0.5236159546572471,0.7319433391094208,0.39059535041451454,0.604549072682857
residual_v2,49,star_concave,185,private-source://routeA_experiments/data/prospective_ood_rd_hddm_alpha001_v2/star_concave/sample_0185.npz,b5b247991e1e38b65af33f6e252ad30525ed1c2bb81d00bb8d67895a71fe25cc,0.005852600035723299,0.08683327975140269,0.6745451113534139,0.8444319367408752,0.46297257244586937,0.7248021310567853
residual_v2,49,star_concave,186,private-source://routeA_experiments/data/prospective_ood_rd_hddm_alpha001_v2/star_concave/sample_0186.npz,9cb3e8ed6dd35a1f1bd2884d7ccc37720ce91f97c87bb62db2bc7319ed7fa9ce,0.006571982987225056,0.0727951144337561,0.46333748805038605,0.5741074681282043,0.3662714734673498,0.4787808108329774
residual_v2,49,star_concave,187,private-source://routeA_experiments/data/prospective_ood_rd_hddm_alpha001_v2/star_concave/sample_0187.npz,b8a01e68369ac0ae2301cde85ae4523b06b6f852ccb68151c27e7b7a2e264805,0.006765104015357792,0.05556896091892072,0.2971514727019958,0.45957985520362854,0.22072799876332283,0.3429678902029994
residual_v2,49,star_concave,188,private-source://routeA_experiments/data/prospective_ood_rd_hddm_alpha001_v2/star_concave/sample_0188.npz,402356ecf909dc7f80ce7a4fb74b2796d69e54097bc2e4bf1d0affd48a478691,0.006613119971007109,0.0709630955915019,0.37627328249025943,0.5195912718772888,0.3133655328303575,0.4511340868473056
residual_v2,49,star_concave,189,private-source://routeA_experiments/data/prospective_ood_rd_hddm_alpha001_v2/star_concave/sample_0189.npz,5d3af4e72fcbfb55abad2633b7b50c6ff1698d6149444cbb224faeb9fb80f7e1,0.00647583301179111,0.0825569164174609,0.44326384551795284,0.5287357270717621,0.34302487671375265,0.45046020805835724
residual_v2,49,star_concave,190,private-source://routeA_experiments/data/prospective_ood_rd_hddm_alpha001_v2/star_concave/sample_0190.npz,64ee3e78ef955d620e48dfc0c0575b217089daaeb07f6fd6b698b494d20cdc97,0.0059867890086025,0.07593938071804357,0.5011468773339771,0.5845328569412231,0.3435143560171129,0.5151290589570993
residual_v2,49,star_concave,191,private-source://routeA_experiments/data/prospective_ood_rd_hddm_alpha001_v2/star_concave/sample_0191.npz,6b6e2f1ef2a5225659b22dd222cfdeb623e3a9d34d146460b1201ec2c58ac5f2,0.0065498140174895525,0.10467547928571269,0.6424239195635529,0.7759270668029785,0.5313463062047958,0.7050780355930318
residual_v2,49,star_concave,192,private-source://routeA_experiments/data/prospective_ood_rd_hddm_alpha001_v2/star_concave/sample_0192.npz,81e07c354e8b9090deac2dd659d673aa62dcc492675457e68850919289c02ee1,0.006857919041067362,0.07533322987753822,0.5845882026081132,0.7200026214122772,0.4219378292560578,0.6151604986190796
residual_v2,49,star_concave,193,private-source://routeA_experiments/data/prospective_ood_rd_hddm_alpha001_v2/star_concave/sample_0193.npz,2a055578d35dbeaf6f9777c70db61a17e59b21e0e089c4b73fe73fc8f30ee5c9,0.006370038026943803,0.07936671821143514,0.6124485322722588,0.7906559705734253,0.42596900761127515,0.6836782234907149
residual_v2,49,star_concave,194,private-source://routeA_experiments/data/prospective_ood_rd_hddm_alpha001_v2/star_concave/sample_0194.npz,015bc47bb4c5ba3f27b05a1792fbb44af4337d85c98d106323f3d69d268d8c7a,0.0068367369822226465,0.07555697024816065,0.5633145724298592,0.6616092920303345,0.40748703479766846,0.6294876277446736
residual_v2,49,star_concave,195,private-source://routeA_experiments/data/prospective_ood_rd_hddm_alpha001_v2/star_concave/sample_0195.npz,4dc63967e6d5bcb0dad8dc928ac1c21ef324161440414cdd69f8fa0670c5622c,0.006029713957104832,0.07567178025085061,0.5352385256721267,0.6669383347034454,0.34709203541278794,0.5689446324110031
residual_v2,49,star_concave,196,private-source://routeA_experiments/data/prospective_ood_rd_hddm_alpha001_v2/star_concave/sample_0196.npz,98c3c846abd7760ff75322a10ea69cbcf64050b1920000f30ac9ddef03a582bf,0.005862586025614291,0.06011779702661471,0.43073799347038444,0.5906625092029572,0.31771875321865045,0.5249631306529043
residual_v2,49,star_concave,197,private-source://routeA_experiments/data/prospective_ood_rd_hddm_alpha001_v2/star_concave/sample_0197.npz,5b762b3e30b125a39b0866174933e4f32d3c35f9dd054ae1cb4d4c37788ff8d7,0.005822298990096897,0.0742506963176844,0.3420640064216108,0.487704873085022,0.27543554082512856,0.40070637315511703
residual_v2,49,star_concave,198,private-source://routeA_experiments/data/prospective_ood_rd_hddm_alpha001_v2/star_concave/sample_0198.npz,f1d5bb05bec2186640d91bfa3cdc67b166bd2952867a20a2796076984771c3e5,0.00684286595787853,0.061952706102225995,0.269778639323063,0.43581002950668335,0.23197229802608493,0.3040014839172364
residual_v2,49,star_concave,199,private-source://routeA_experiments/data/prospective_ood_rd_hddm_alpha001_v2/star_concave/sample_0199.npz,24e273c05359ecf1670b3cd5ef34d49ef6c28ef523b55d61e6ff7b4dfcb1f389,0.006405072053894401,0.07812113877990393,0.4279020610007703,0.5684536099433899,0.37923699617385864,0.4991771531105041
