model,training_seed,shape,sample_id,sample_file,sample_sha256,inference_seconds,mae,relative_l2,max_abs_error,p95_abs_error,p99_abs_error
residual_v2,49,slit_bridge,0,private-source://routeA_experiments/data/final_ood_frozen_v1/slit_bridge/sample_0000.npz,30d9b3db72b5f04e7aed5aca69b177e736741d71d456678de2c366e94064976a,0.030826119997072965,0.07527142466608559,0.7108727344843228,0.7901985570788383,0.37505779787898064,0.6942777074873447
residual_v2,49,slit_bridge,1,private-source://routeA_experiments/data/final_ood_frozen_v1/slit_bridge/sample_0001.npz,35ca7668746e40038fbccaaf4b015e191d09a272260f8b2c67e05158beed58d9,0.004855948995100334,0.06070889846135105,0.41959812612035535,0.4787992537021637,0.25182152073830366,0.3404569834470745
residual_v2,49,slit_bridge,2,private-source://routeA_experiments/data/final_ood_frozen_v1/slit_bridge/sample_0002.npz,5aa31e0476a00717a676402ae73bf67f0900790fbaaba0689885a4f4d81b1d01,0.005434338003396988,0.07391502286435978,0.6635226553857279,0.8033450841903687,0.39687277376651764,0.713291788101196
residual_v2,49,slit_bridge,3,private-source://routeA_experiments/data/final_ood_frozen_v1/slit_bridge/sample_0003.npz,fa2249a12bd45ebd5bf12289d408b399125153ec7a74d5498b2d06c116f8f405,0.005417494016001001,0.08792945199462668,0.928767044481575,0.9461652711033821,0.35975340008735657,0.8200426012277602
residual_v2,49,slit_bridge,4,private-source://routeA_experiments/data/final_ood_frozen_v1/slit_bridge/sample_0004.npz,4006cdfdceb8abe632e2df62c467d010fb9761bec6322c363b9f3abbc55829d4,0.005091717001050711,0.07195330459839464,0.546540879290224,0.7006067037582397,0.33610307425260544,0.5631430000066753
residual_v2,49,slit_bridge,5,private-source://routeA_experiments/data/final_ood_frozen_v1/slit_bridge/sample_0005.npz,1ea410d183d08cc06714b087bb528e626a67090d2f8931f1f61a73ddeff9902a,0.005459020001580939,0.05894387861833094,1.0356703449628155,0.926925964653492,0.3117564609274268,0.7947475627064702
residual_v2,49,slit_bridge,6,private-source://routeA_experiments/data/final_ood_frozen_v1/slit_bridge/sample_0006.npz,2b2b41c1ab84aefad645e09329749a0c4789e3a60b3931b89e053a383e66541e,0.00509064897778444,0.06446189675090107,1.26419078012162,0.9915960505604744,0.2683724944945425,0.4964111246168613
residual_v2,49,slit_bridge,7,private-source://routeA_experiments/data/final_ood_frozen_v1/slit_bridge/sample_0007.npz,e99898145655a5c1ce681d0eb3c7597d5032c10b823f0c114d9a1b16467ea524,0.005444794020149857,0.049504618587414166,0.40764074332495753,0.6211982369422913,0.22768588364124298,0.5389241993427275
residual_v2,49,slit_bridge,8,private-source://routeA_experiments/data/final_ood_frozen_v1/slit_bridge/sample_0008.npz,6e17a3aa2c3547f8d5c7c15a2ba8d09341c289bc2a2f8cc11cd61460dd0a75b4,0.004846569994697347,0.08117249877287498,0.6452292751398487,0.7331624329090118,0.396058052778244,0.6293438352644443
residual_v2,49,slit_bridge,9,private-source://routeA_experiments/data/final_ood_frozen_v1/slit_bridge/sample_0009.npz,cc5b71a537246355e6aa5eb87b1ec934946edb1d31595b1d37e482e2b73e96e4,0.005394425999838859,0.06561928317877694,0.5083636954360372,0.5453335046768188,0.2796510308980942,0.42041218876838654
residual_v2,49,slit_bridge,10,private-source://routeA_experiments/data/final_ood_frozen_v1/slit_bridge/sample_0010.npz,87874a0f11d5ca1214cb1c831735689324f5d265f0ad734b920d4aea56a205a8,0.004914129007374868,0.06618337784022911,0.7545363572813553,0.9120045602321625,0.29013713635504246,0.7943357259035103
residual_v2,49,slit_bridge,11,private-source://routeA_experiments/data/final_ood_frozen_v1/slit_bridge/sample_0011.npz,a23d58d483f0ee7d7d9ad82447d292fdde0c9f6964a6ce9759730ce9671620fc,0.005337993003195152,0.07518458583688374,0.8451334990906567,0.9395164102315903,0.35034032352268696,0.7568147666752331
residual_v2,49,slit_bridge,12,private-source://routeA_experiments/data/final_ood_frozen_v1/slit_bridge/sample_0012.npz,1bf5b6c8a99e6b1af341524d638c181408e613ec93db7fb6986f600e0e3c65a1,0.004849806020502001,0.04657317891160146,0.4242521832957632,0.5056416690349579,0.2042800858616829,0.37486219108104685
residual_v2,49,slit_bridge,13,private-source://routeA_experiments/data/final_ood_frozen_v1/slit_bridge/sample_0013.npz,1adafcde8c3f4e445b1b034d25421d3a48662f83f441bf0eecdee27f12cecbc3,0.005252328002825379,0.05438118993734021,0.44607638558765056,0.4983278512954712,0.2658831626176834,0.4420253872871395
residual_v2,49,slit_bridge,14,private-source://routeA_experiments/data/final_ood_frozen_v1/slit_bridge/sample_0014.npz,64b0e9dc29123e952cb0d300a00469414c7c7f76a16dd935a75e7624fe912b36,0.0048788689891807735,0.08900798733071726,0.9590798654988495,0.9756859578192234,0.34572941809892654,0.8078915912657976
residual_v2,49,slit_bridge,15,private-source://routeA_experiments/data/final_ood_frozen_v1/slit_bridge/sample_0015.npz,b9c330fa4cfc004b6beec69ac0615be8854455f9775205c11364db4615c089be,0.005293230002280325,0.08266522275274726,0.7504973265703517,0.8222989588975906,0.42449792847037315,0.7064249768853184
residual_v2,49,slit_bridge,16,private-source://routeA_experiments/data/final_ood_frozen_v1/slit_bridge/sample_0016.npz,596996fb6aeff6e88332008eed32b4b95f86de86801a1640f6de12786cd403d3,0.004896355007076636,0.06309559013065899,0.6725936951717145,0.7487014830112457,0.3638356178998947,0.6667582303285597
residual_v2,49,slit_bridge,17,private-source://routeA_experiments/data/final_ood_frozen_v1/slit_bridge/sample_0017.npz,312eedbc05e5128aebccd1eda0cb448659dcf770824e39ef15c6231d604d0095,0.004857002990320325,0.07729746322967752,0.8036772452928499,0.8613745421171188,0.3732103817164898,0.7222312338650204
residual_v2,49,slit_bridge,18,private-source://routeA_experiments/data/final_ood_frozen_v1/slit_bridge/sample_0018.npz,41e1f220b6752fc77a60ab80dca4c8628042e5d54833a97c9832832e8db500e2,0.004875593993347138,0.04775833024659854,0.288884549033515,0.4064563810825348,0.19189570844173431,0.3185478329658507
residual_v2,49,slit_bridge,19,private-source://routeA_experiments/data/final_ood_frozen_v1/slit_bridge/sample_0019.npz,b97fe8016fb4c7d7995df4c42b480dce1072ee7db9abb641c503877913ffce9c,0.004905282985419035,0.060678706918246415,0.5257264974108369,0.5439385175704956,0.30896570533514023,0.4559786915779113
residual_v2,49,slit_bridge,20,private-source://routeA_experiments/data/final_ood_frozen_v1/slit_bridge/sample_0020.npz,994e03c5207e2ae7356bc74d2f380fd7f474af9a82fe4a9bb90585ddb10c1fb7,0.00492941599804908,0.07579863684504584,0.8258253425949985,0.9203753173351288,0.4197356943041086,0.8072052896022794
residual_v2,49,slit_bridge,21,private-source://routeA_experiments/data/final_ood_frozen_v1/slit_bridge/sample_0021.npz,1456683b4642362ec663cedabc21c8bb0ed3f06ae1beb9ca35a8ac02768d7f01,0.004858072003116831,0.07553147435401586,0.6394850888520697,0.8147117495536804,0.35798250138759613,0.6356764584779739
residual_v2,49,slit_bridge,22,private-source://routeA_experiments/data/final_ood_frozen_v1/slit_bridge/sample_0022.npz,c36a4db85f26e6cbe9c3036e9cf2ad4c578008898c1405c54c1e0914ccc8ef1c,0.004881436005234718,0.060582253974423,0.5430351795064089,0.6238890886306763,0.3002294898033142,0.5129444390535352
residual_v2,49,slit_bridge,23,private-source://routeA_experiments/data/final_ood_frozen_v1/slit_bridge/sample_0023.npz,610587d7aa0593f777b96e6fdb4fdcf2ebc68a867c186890c7838e7b2d944c00,0.004877570987446234,0.07644080738269676,0.8111034340210836,0.8427734076976776,0.4310518056154251,0.7051762089133261
residual_v2,49,slit_bridge,24,private-source://routeA_experiments/data/final_ood_frozen_v1/slit_bridge/sample_0024.npz,959eeaf23d4f71a25e7eff4fc4c4640be516df58074ab3dad10126c1ca5ed619,0.00485515600303188,0.07479499776502613,1.1568155452811288,0.9077314380556345,0.3292704087216407,0.6575556874275197
residual_v2,49,slit_bridge,25,private-source://routeA_experiments/data/final_ood_frozen_v1/slit_bridge/sample_0025.npz,12244099e66cc796717b1ac4a0197a86db0d3832ae8f92f8b6285b350ded04cd,0.004968403984094039,0.06180101149888206,0.4516773534966411,0.520965501666069,0.2504585087299347,0.3851105660200118
residual_v2,49,slit_bridge,26,private-source://routeA_experiments/data/final_ood_frozen_v1/slit_bridge/sample_0026.npz,8ec7e62775275cf1cdcb11a3a5070589032551c0222125cc6f2572c5b6100c1e,0.005086568009573966,0.07567912051474235,0.6384169215989559,0.6687588393688202,0.3631623089313507,0.5779133915901183
residual_v2,49,slit_bridge,27,private-source://routeA_experiments/data/final_ood_frozen_v1/slit_bridge/sample_0027.npz,a57e3c4af7915d4277fe784929f02e1108f70b06739b89cc49e2f31db68759d6,0.004984786006389186,0.06164328145748979,0.6608281233330305,0.8244816660881042,0.32490336894989014,0.7139179408550255
residual_v2,49,slit_bridge,28,private-source://routeA_experiments/data/final_ood_frozen_v1/slit_bridge/sample_0028.npz,129f68b38d7e4376d96e492a23bdc037ec06345501698eb53f87dc4c2bdcf26b,0.005028783984016627,0.05249085488435989,0.38015530181673163,0.4277816712856293,0.24369697272777557,0.3598112106323242
residual_v2,49,slit_bridge,29,private-source://routeA_experiments/data/final_ood_frozen_v1/slit_bridge/sample_0029.npz,d7be996266c698efe66a16bcc34de0aff06589c37bb8599f9f62b3c06206baa6,0.004975699004717171,0.052415394038972565,0.46902274848271885,0.49754035472869873,0.26630252599716187,0.4587430983781813
residual_v2,49,slit_bridge,30,private-source://routeA_experiments/data/final_ood_frozen_v1/slit_bridge/sample_0030.npz,b09f05e8c2f7a9d479d786d72d681814f27d08ee89b3d974343fd2b090a1ce6a,0.005072528001619503,0.06730949078302646,0.48441506955039604,0.5099213123321533,0.27558306604623795,0.40712916553020456
residual_v2,49,slit_bridge,31,private-source://routeA_experiments/data/final_ood_frozen_v1/slit_bridge/sample_0031.npz,bc00125fdaa393e280c5352531595db001f7ddb3deb151245917cd589e5c31f0,0.0051843700057361275,0.0362736720298708,0.24389610642366893,0.2919893264770508,0.1598907858133316,0.251408964395523
residual_v2,49,slit_bridge,32,private-source://routeA_experiments/data/final_ood_frozen_v1/slit_bridge/sample_0032.npz,210304fe0d7d8f0427af5f9a0754f958b13e7ca893e23870daca6089c7494849,0.005007870000554249,0.04995248965386098,0.403870805336799,0.5621650815010071,0.22165821492671967,0.45110219269990876
residual_v2,49,slit_bridge,33,private-source://routeA_experiments/data/final_ood_frozen_v1/slit_bridge/sample_0033.npz,27aec766b6350542fba91a6efe33f57848a74817bca29836eb0daa48b8186c28,0.0053147719881962985,0.08149789659166837,0.7998516108200397,0.8780232965946198,0.40248286724090576,0.7862553730607031
residual_v2,49,slit_bridge,34,private-source://routeA_experiments/data/final_ood_frozen_v1/slit_bridge/sample_0034.npz,188e43a83a5baeee871f92676435b8b14ff91c60dfed2c7edaee32a7c3fe7437,0.004837863001739606,0.05750728480301294,0.510273325385169,0.586332380771637,0.26332034915685654,0.4569344013929367
residual_v2,49,slit_bridge,35,private-source://routeA_experiments/data/final_ood_frozen_v1/slit_bridge/sample_0035.npz,7b87bcf793f11163ce8025e6ca4bc45abb9b34cf709bd1bb8b9fb68b3a8dabe4,0.005348053004126996,0.07451538235728167,0.6192532348941033,0.8002170622348785,0.29647643864154816,0.6082244753837586
residual_v2,49,slit_bridge,36,private-source://routeA_experiments/data/final_ood_frozen_v1/slit_bridge/sample_0036.npz,4c37861366bb2835c656390a05790cc29a37a467fa5c97e436d4dc5e6180c227,0.004823921015486121,0.07197909318643181,0.7114955644849842,0.7808860540390015,0.380831778049469,0.6773003965616227
residual_v2,49,slit_bridge,37,private-source://routeA_experiments/data/final_ood_frozen_v1/slit_bridge/sample_0037.npz,8fbc3afcf65822fdaf99fdeb4b9caaacaaa2422144e57b088e882fc0dcbcdfe9,0.0052613379957620054,0.0953390160552312,0.8277226764370934,0.8729595616459846,0.48657798767089844,0.7619812376797196
residual_v2,49,slit_bridge,38,private-source://routeA_experiments/data/final_ood_frozen_v1/slit_bridge/sample_0038.npz,d8aa380b826e09980e586e8dcd26acff520e462dddbb758d989ce305a62e2bd2,0.0048260699841193855,0.07007513402605067,0.6032043897180904,0.7314841449260712,0.37083621323108673,0.6323165804147719
residual_v2,49,slit_bridge,39,private-source://routeA_experiments/data/final_ood_frozen_v1/slit_bridge/sample_0039.npz,5773aed921a57866510a828614cf323ba3e5c1f662198f68ba30e9cd435e428d,0.00495022302493453,0.05978129600364071,0.7971932292067304,0.8619697988033295,0.29455389827489853,0.6406542852520941
residual_v2,49,slit_bridge,40,private-source://routeA_experiments/data/final_ood_frozen_v1/slit_bridge/sample_0040.npz,10b3fc9be817d0fa28e4f2ad0ce1679a84b2986a85b9c817ff380bc606731884,0.005437230982352048,0.06761498063133892,0.6158697943065174,0.7576743513345718,0.3139673322439194,0.6142676070332526
residual_v2,49,slit_bridge,41,private-source://routeA_experiments/data/final_ood_frozen_v1/slit_bridge/sample_0041.npz,cdde49a6f56183448eeefafbf84517c5719d37b8e33b5fb3d5907c79ec0c3d4d,0.004785901983268559,0.06776187783730063,0.5741967376910863,0.6376407891511917,0.2947111427783966,0.47659589350223514
residual_v2,49,slit_bridge,42,private-source://routeA_experiments/data/final_ood_frozen_v1/slit_bridge/sample_0042.npz,bd82adbf113c51db9c8fdb7ae61bdfb4b0de8fd0738107c1b16747edf214ed83,0.0054825409897603095,0.045033690084116756,0.2766552110610629,0.3800252676010132,0.20053867995738983,0.2814633451402187
residual_v2,49,slit_bridge,43,private-source://routeA_experiments/data/final_ood_frozen_v1/slit_bridge/sample_0043.npz,1b05a0e90cb92ad13e160cd9d88d3ccd24a5d5042572cbdeb6c780eb7c691723,0.004782420000992715,0.08221913111313965,0.9297929680233505,0.9130762368440628,0.3964741248637438,0.7603167891502376
residual_v2,49,slit_bridge,44,private-source://routeA_experiments/data/final_ood_frozen_v1/slit_bridge/sample_0044.npz,9eab1dd2e918e6415c0ac9317c974fb554285878086fbcec4685c90b0a603efd,0.005270904017379507,0.07287726740984751,0.8505386411567467,0.9152902513742447,0.31420303508639336,0.6073910489678376
residual_v2,49,slit_bridge,45,private-source://routeA_experiments/data/final_ood_frozen_v1/slit_bridge/sample_0045.npz,28399d49797881f5a264063c34c2a36369094141bb9cf4c05cbdaee4d1f32c15,0.0054269130050670356,0.06326939621965157,0.936930301834136,0.9718958586454391,0.3250990668311715,0.755823020637035
residual_v2,49,slit_bridge,46,private-source://routeA_experiments/data/final_ood_frozen_v1/slit_bridge/sample_0046.npz,137e9591ce0032a2d71b366e44219ca9b23cbd2f3a421043183f5c5f8e25cd7f,0.005022628989536315,0.056844097133917186,0.5920323386974474,0.6765537261962891,0.32412245124578476,0.5726528823375694
residual_v2,49,slit_bridge,47,private-source://routeA_experiments/data/final_ood_frozen_v1/slit_bridge/sample_0047.npz,a34fc43c7eb5b8809b22c7c026452d2278be0d7636bd62dbf7db0e72488bfe93,0.005253231996903196,0.0574889159327414,0.48391169416340757,0.6545828580856323,0.32794229686260223,0.5371539086103436
residual_v2,49,slit_bridge,48,private-source://routeA_experiments/data/final_ood_frozen_v1/slit_bridge/sample_0048.npz,d3dea4d451c780395aeec9e434f3f3426fa5b35717d062d652d0000cb4849ab0,0.005440214998088777,0.0712700944865942,0.778012041288683,0.9130367711186409,0.3605181351304054,0.7549125723540783
residual_v2,49,slit_bridge,49,private-source://routeA_experiments/data/final_ood_frozen_v1/slit_bridge/sample_0049.npz,65ea22db20d21e0adb8290dfc006ce6871e3b0e95cbda2d1b6dc4212521b340d,0.005052043008618057,0.0671784305518951,0.7258047440236586,0.8715845048427582,0.3647031784057617,0.713830417394638
residual_v2,49,slit_bridge,50,private-source://routeA_experiments/data/final_ood_frozen_v1/slit_bridge/sample_0050.npz,84c0049ab4231171d59431596c6d5ee4a6296eb0688530fec168df065e5f3736,0.0048757909971755,0.07010020142363567,0.7236421139860864,0.8199072182178497,0.3894104026257992,0.6678388699889171
residual_v2,49,slit_bridge,51,private-source://routeA_experiments/data/final_ood_frozen_v1/slit_bridge/sample_0051.npz,4a2b9189cfb9e62a2d88e9b4f0538c291df4cf2365fc6101f7bcb0ca5ea19039,0.005292315996484831,0.07060100615854893,0.9009301643270742,0.8596421331167221,0.29843227565288544,0.7268430799245817
residual_v2,49,slit_bridge,52,private-source://routeA_experiments/data/final_ood_frozen_v1/slit_bridge/sample_0052.npz,7a6182ea0d10e503b4488744930d05c12fe0a98749a0f08c0bf9a0ade333130c,0.005506546003744006,0.06912414625173176,0.585942699071589,0.6097578406333923,0.36406445503234863,0.559113472700119
residual_v2,49,slit_bridge,53,private-source://routeA_experiments/data/final_ood_frozen_v1/slit_bridge/sample_0053.npz,f38fc50a05bb0fe7cbe4b70cd13485a58e43ff94c9c22822cb929aed2391bc79,0.005388294986914843,0.05460837568907263,0.5952103256739467,0.8037768006324768,0.2723362147808075,0.5631735324859611
residual_v2,49,slit_bridge,54,private-source://routeA_experiments/data/final_ood_frozen_v1/slit_bridge/sample_0054.npz,523ec7f16e149a678ab1eee24891a839649693313f63f9f03417215898e364c2,0.005242999002803117,0.08259150745943908,0.9077288877206647,0.9442581832408905,0.44953130930662155,0.7974635988473889
residual_v2,49,slit_bridge,55,private-source://routeA_experiments/data/final_ood_frozen_v1/slit_bridge/sample_0055.npz,a11a3648b53fa4f131e8a071f27bd07db354d48796864dbb9f50084862cbf7af,0.005174585996428505,0.06397346757147605,0.44543775851584794,0.5335023403167725,0.28819242119789124,0.4495168387889862
residual_v2,49,slit_bridge,56,private-source://routeA_experiments/data/final_ood_frozen_v1/slit_bridge/sample_0056.npz,754e5a373c358a5e7e5648b5ee524f7f3caf5be3ad24ca01b4bbaa5930f3722f,0.005284109996864572,0.053159456327114336,0.3241989380952966,0.5174565017223358,0.20764419436454773,0.33545532822608926
residual_v2,49,slit_bridge,57,private-source://routeA_experiments/data/final_ood_frozen_v1/slit_bridge/sample_0057.npz,88bdcbb6787810fba1f67ab1e1d706c0a0449080180a5731fe9e830cd5c1781e,0.0051757020119111985,0.08292899786694669,0.68749619961757,0.7038697302341461,0.3950439617037773,0.6163809686899183
residual_v2,49,slit_bridge,58,private-source://routeA_experiments/data/final_ood_frozen_v1/slit_bridge/sample_0058.npz,25dc8c7315b0e070c4b3619308cd7da2f67091e9d12652a39dff2c4abf512a48,0.005202619999181479,0.04655088963576551,0.47556417891598174,0.5782858431339264,0.2028346210718155,0.47286391258239685
residual_v2,49,slit_bridge,59,private-source://routeA_experiments/data/final_ood_frozen_v1/slit_bridge/sample_0059.npz,8537f0d12de7433ac2c634794f33eec0a1ef183fb6a9871cd07ec6fe9960e78c,0.004895154997939244,0.0617540224785069,0.6694276400597766,0.7108385264873505,0.34049778804183006,0.5839989289641375
residual_v2,49,slit_bridge,60,private-source://routeA_experiments/data/final_ood_frozen_v1/slit_bridge/sample_0060.npz,ccb10d13e92987f9e92f19f57b8c828d1cec71baabf49eeda5b8131c81cffaae,0.005104267009301111,0.061754216643715665,0.5576603537987171,0.6964192092418671,0.2996968161314726,0.5231064885854718
residual_v2,49,slit_bridge,61,private-source://routeA_experiments/data/final_ood_frozen_v1/slit_bridge/sample_0061.npz,617d3d8d6e33e0cd8b2d68db50b259c76f1b572922b1f4eafd14d5c95f7f2927,0.004870024014962837,0.08736954337906444,0.6995938224369451,0.7332509756088257,0.40619588643312454,0.6509638130664822
residual_v2,49,slit_bridge,62,private-source://routeA_experiments/data/final_ood_frozen_v1/slit_bridge/sample_0062.npz,4cb6187852b50d7a648cc396d4b92a5199fc15e009d3e6afe856b73e4795fb3c,0.005208262999076396,0.09144939961898688,0.8742503264501312,0.8761107623577118,0.5272878594696522,0.8144587576389313
residual_v2,49,slit_bridge,63,private-source://routeA_experiments/data/final_ood_frozen_v1/slit_bridge/sample_0063.npz,dac27c2cdc3cfd09038c74bf4bee8892e3fbd4242d4ae68cf068121304f4b392,0.004854130005696788,0.0912374750091181,0.9705142600939529,0.9786997362971306,0.416774645447731,0.891114819794893
residual_v2,49,slit_bridge,64,private-source://routeA_experiments/data/final_ood_frozen_v1/slit_bridge/sample_0064.npz,42bf6e538ce7971d6bb267afcbb5017c74c7ee0a38eeeb22b770afd6da523ffd,0.00509312900248915,0.06147688096407765,0.5662878338971274,0.7477979063987732,0.3302721232175827,0.6830804437398903
residual_v2,49,slit_bridge,65,private-source://routeA_experiments/data/final_ood_frozen_v1/slit_bridge/sample_0065.npz,8ae70c1cc087b2cb14feefb626847c8e54e0ee1ff237949762758fc9fef1ccfe,0.005058898008428514,0.07952691766612739,0.6434940641078603,0.7979260385036469,0.36542775481939316,0.5496821910142895
residual_v2,49,slit_bridge,66,private-source://routeA_experiments/data/final_ood_frozen_v1/slit_bridge/sample_0066.npz,bf5bec0125f3e132a0234c3c65c18310c2a824fe299149a53c91065ba9684ebc,0.00486368199926801,0.04264417527900273,0.3322072997262633,0.42133811116218567,0.21019814908504486,0.339767152070999
residual_v2,49,slit_bridge,67,private-source://routeA_experiments/data/final_ood_frozen_v1/slit_bridge/sample_0067.npz,c4c4d08eb71d2a88a3573896b8651cdf6ff3433eaf00aef21e8815ee63c8636b,0.005079237016616389,0.05735178008402452,0.439186019806232,0.6851412355899811,0.23319484293460846,0.35493600368499745
residual_v2,49,slit_bridge,68,private-source://routeA_experiments/data/final_ood_frozen_v1/slit_bridge/sample_0068.npz,9d5bf135c023eb440f5e2fcdbcd3144986ccea4a471e8d876188876d1f874f48,0.005058790993643925,0.06731865783616495,0.7394456248689507,0.8207733482122421,0.25662265717983246,0.5154423460364341
residual_v2,49,slit_bridge,69,private-source://routeA_experiments/data/final_ood_frozen_v1/slit_bridge/sample_0069.npz,5c786c1f5b59aea34b782d6d4f11df00e05c430f5d55022b5da71cb4fb8d0930,0.004860469984123483,0.0762109614454931,0.7685615178305649,0.8979210406541824,0.40139173716306686,0.7743346452713008
residual_v2,49,slit_bridge,70,private-source://routeA_experiments/data/final_ood_frozen_v1/slit_bridge/sample_0070.npz,ed31a0aa3d983e019a2886acd9e424e492ee60dd9051fcd420f294aa7d65556d,0.005153357982635498,0.05783767523871156,0.5883577190197992,0.7375134825706482,0.28197788819670677,0.5607855573296537
residual_v2,49,slit_bridge,71,private-source://routeA_experiments/data/final_ood_frozen_v1/slit_bridge/sample_0071.npz,392690e82cd3c5edc07092ea1286bb31ee5ff623427f4ad994d7d81479d6dab4,0.005084967997390777,0.05801083023162673,0.6682208546928946,0.8401313424110413,0.3093515485525131,0.6269783288240429
residual_v2,49,slit_bridge,72,private-source://routeA_experiments/data/final_ood_frozen_v1/slit_bridge/sample_0072.npz,13d1458cb7f3b3c59870f9253bb955db809110e13c2d3e0b7bd73b1dc03bcc6b,0.005387375014834106,0.05844869552705918,0.6914958125733861,0.7869757115840912,0.28783681243658066,0.5829009503126144
residual_v2,49,slit_bridge,73,private-source://routeA_experiments/data/final_ood_frozen_v1/slit_bridge/sample_0073.npz,abe7b6b76ff8f9f9514fc6c9452f5d49124e62bec9ef2160c3a275b0c13db251,0.005112915998324752,0.08017042725876561,0.8217211954072688,0.7702870666980743,0.38960298523306847,0.6541161283850668
residual_v2,49,slit_bridge,74,private-source://routeA_experiments/data/final_ood_frozen_v1/slit_bridge/sample_0074.npz,51ff9c6ba58e09f4038fba26fc78e8d866d805ea092ff9a4834e7d07d5b953c3,0.005355212982976809,0.04418795424296531,0.3833352799206054,0.48432090878486633,0.2232927829027176,0.41005160808563224
residual_v2,49,slit_bridge,75,private-source://routeA_experiments/data/final_ood_frozen_v1/slit_bridge/sample_0075.npz,295242b0a3c4441b1839c2e51ada10cd8d911b42bc383c1c876668ed7db69aca,0.004834338004002348,0.05358258907810228,0.5075384994138743,0.5499383211135864,0.25986242294311523,0.4650378972291946
residual_v2,49,slit_bridge,76,private-source://routeA_experiments/data/final_ood_frozen_v1/slit_bridge/sample_0076.npz,beb19109c76423a493f2dce420b9e7186ae828c5f8afa7330784720dd627942a,0.005309038999257609,0.0713749855617115,0.5743808238551064,0.5981057286262512,0.3209398686885834,0.4753444671630856
residual_v2,49,slit_bridge,77,private-source://routeA_experiments/data/final_ood_frozen_v1/slit_bridge/sample_0077.npz,2b930b075d3b18dc862520638716d3ca8b214cccc86033c8a5389cf1eee32caf,0.005553634982788935,0.0714587204298565,0.8139658872855229,0.8712914437055588,0.3603047765791416,0.8153976798057546
residual_v2,49,slit_bridge,78,private-source://routeA_experiments/data/final_ood_frozen_v1/slit_bridge/sample_0078.npz,81766226a2c457e6280404619b8b2ac47bc63cd5302a18b5988528768c89a906,0.005504867003764957,0.07250285495957043,0.7788500668211413,0.86856809258461,0.39725279062986374,0.7087561458349217
residual_v2,49,slit_bridge,79,private-source://routeA_experiments/data/final_ood_frozen_v1/slit_bridge/sample_0079.npz,39d04f6918bf1e91b48064494be9aa05bd75bf2d12d1b69e17182fdccc736084,0.005285200022626668,0.0671579341230908,0.514719185940392,0.6330488324165344,0.32213103771209717,0.5188882380723951
residual_v2,49,slit_bridge,80,private-source://routeA_experiments/data/final_ood_frozen_v1/slit_bridge/sample_0080.npz,34759e2ce25b3deafb7b86e4a166e29aa7b6ad6312b24ec108b7195308a75605,0.005491860996698961,0.08238266836609356,0.9787458770560987,0.9567974358797073,0.3524644058197737,0.7968520909547788
residual_v2,49,slit_bridge,81,private-source://routeA_experiments/data/final_ood_frozen_v1/slit_bridge/sample_0081.npz,c09c71d395b921fd42317ee8257d8e8ca0fefc88548e7044fde1c9427bc01d57,0.00525863902294077,0.04919698704617612,0.3161420050570676,0.44957178831100464,0.19316013157367706,0.3515140563249575
residual_v2,49,slit_bridge,82,private-source://routeA_experiments/data/final_ood_frozen_v1/slit_bridge/sample_0082.npz,76690bbcb43ff947e8588630e8c1f5eaeae09d80c05290dd16299c07f4b07db3,0.00485905198729597,0.041020318236393565,0.2805325403419058,0.3561508059501648,0.17467917501926422,0.28178676366806027
residual_v2,49,slit_bridge,83,private-source://routeA_experiments/data/final_ood_frozen_v1/slit_bridge/sample_0083.npz,b13467cf03c2c8574ad8306306835f018286494378025cc13aa4b84ebb20ce43,0.005265877000056207,0.07076319521134032,1.345535493682906,0.9409771971404552,0.24357427387440111,0.6136290566995739
residual_v2,49,slit_bridge,84,private-source://routeA_experiments/data/final_ood_frozen_v1/slit_bridge/sample_0084.npz,9c49b44f5bee1f5433dbba97fd43f3fbe29009da78b18d356f171b5351154266,0.0049861140141729265,0.045468129136884826,0.3540430254980254,0.5174304842948914,0.2093311846256256,0.34824725985527005
residual_v2,49,slit_bridge,85,private-source://routeA_experiments/data/final_ood_frozen_v1/slit_bridge/sample_0085.npz,f99b2ecfc893456f4094ee49f725dacd918863f2c57f06cd9486ed733ef4c220,0.005384224990848452,0.07264453797560362,0.8372220660819434,0.8844830244779587,0.3559029996395111,0.7677402377128598
residual_v2,49,slit_bridge,86,private-source://routeA_experiments/data/final_ood_frozen_v1/slit_bridge/sample_0086.npz,fa0010c85def531807bfac046d520a0e1fcfa53f399129a530872a5ed7c486e8,0.004964955005561933,0.07604415692776274,0.7578451870228642,0.8532660156488419,0.4431510418653488,0.7396900296211238
residual_v2,49,slit_bridge,87,private-source://routeA_experiments/data/final_ood_frozen_v1/slit_bridge/sample_0087.npz,c71c435433f07e222a9c7657e14158b1582d4eb606c1feec9a70429635dc0db8,0.005328394006937742,0.08466351583025175,0.8184028824279687,0.8333954811096191,0.41356557607650757,0.7484978973865508
residual_v2,49,slit_bridge,88,private-source://routeA_experiments/data/final_ood_frozen_v1/slit_bridge/sample_0088.npz,356663c8d9f185922d520ff8cab4336c663ae05fa5851257b47fd5a7f2890d38,0.005370713013689965,0.07909933179885893,0.707463581103459,0.7113647758960724,0.3991920053958893,0.6181828424334525
residual_v2,49,slit_bridge,89,private-source://routeA_experiments/data/final_ood_frozen_v1/slit_bridge/sample_0089.npz,8a9067dfbc0e5c2e206260b72a5ca217d4c4ab8591213e41f21555fef28ede5c,0.004852529993513599,0.06538695740373957,0.6334396559274093,0.7912191450595856,0.3039865307509899,0.6027699828147879
residual_v2,49,slit_bridge,90,private-source://routeA_experiments/data/final_ood_frozen_v1/slit_bridge/sample_0090.npz,e8f22014254e79ac9ea4af542bb6a6578f4d3903902c242153233437a8df0eca,0.00519166499725543,0.07181799331774213,0.6177308478793244,0.6326376497745514,0.3467775322496891,0.5332148104906077
residual_v2,49,slit_bridge,91,private-source://routeA_experiments/data/final_ood_frozen_v1/slit_bridge/sample_0091.npz,9ac5d5dae9509b1d341ae8236d8e0bd3b682e73f0fabd2327bc777955fc68672,0.004870742006460205,0.060280724664031594,0.4726858172844264,0.6127900779247284,0.3187265247106552,0.5471197366714476
residual_v2,49,slit_bridge,92,private-source://routeA_experiments/data/final_ood_frozen_v1/slit_bridge/sample_0092.npz,fce6d4931689f991567299750cb2e58ba69a69fb8a7ea9ca2b6623d311e269b9,0.005181348999030888,0.08114375633195108,0.672183949521838,0.7315333485603333,0.3727848157286644,0.5902508676052093
residual_v2,49,slit_bridge,93,private-source://routeA_experiments/data/final_ood_frozen_v1/slit_bridge/sample_0093.npz,ba68ade9b7a7667d9de5bbb4e80fd05e409e86460843549762f31a41447162d1,0.004892034980002791,0.08287074051090611,0.7922675005090978,0.7396610379219055,0.3698463514447212,0.6274902045726765
residual_v2,49,slit_bridge,94,private-source://routeA_experiments/data/final_ood_frozen_v1/slit_bridge/sample_0094.npz,ccba8ddededbe3b30aeff76d268cff5c811b3ec60c50fc5e9c8ad0ef75b4658f,0.005190019001020119,0.06601156942040182,0.6710737735105231,0.6891422271728516,0.37485741823911667,0.5808110587298868
residual_v2,49,slit_bridge,95,private-source://routeA_experiments/data/final_ood_frozen_v1/slit_bridge/sample_0095.npz,d8673dac77deb264dbb605e3b8da123628dc8c82574f2e781ca0ed91d7e7ce88,0.0048522669821977615,0.06881316827655143,0.77429068412843,0.9152096211910248,0.3331802785396576,0.7308436051011084
residual_v2,49,slit_bridge,96,private-source://routeA_experiments/data/final_ood_frozen_v1/slit_bridge/sample_0096.npz,88387af9839890df82ba2388bdcdfa95d6200c6b8848f9cbfc0dda3b8e1f5f31,0.0051928909961134195,0.08163573173730561,0.7593222218663743,0.8814125210046768,0.43188699055463076,0.7647929489612578
residual_v2,49,slit_bridge,97,private-source://routeA_experiments/data/final_ood_frozen_v1/slit_bridge/sample_0097.npz,042e86e783efa3942e62430f3045cf582a6d959709c938cb225b92bc44bcc64f,0.004881382978055626,0.07693494366986894,0.5441681983184459,0.8484122157096863,0.3202657252550125,0.4963335126638409
residual_v2,49,slit_bridge,98,private-source://routeA_experiments/data/final_ood_frozen_v1/slit_bridge/sample_0098.npz,f76accedd1c25ec4c7b700fef8f7e440bff7ca6d234800cb8d3b4cd6f7f7b8e6,0.005194861005293205,0.05759314821136285,0.5986612115813278,0.6855129301548004,0.2825835049152374,0.6165804028511037
residual_v2,49,slit_bridge,99,private-source://routeA_experiments/data/final_ood_frozen_v1/slit_bridge/sample_0099.npz,6a4b39b6a971b50d0cd5a3eefaf6a1f3f142b0d9ecee397ce1ff23093f6a46d9,0.005078579997643828,0.07118300642043522,0.5875017088451242,0.6998995542526245,0.38137687742710114,0.5731746345758438
residual_v2,49,slit_bridge,100,private-source://routeA_experiments/data/final_ood_frozen_v1/slit_bridge/sample_0100.npz,09c098f8500ef7ae13df30b97fd58bdcffba8843b115a610318dc18f65ef3540,0.0052026040211785585,0.07992898950687341,0.8481375358557562,0.9145709425210953,0.354556892067194,0.7467613890767091
residual_v2,49,slit_bridge,101,private-source://routeA_experiments/data/final_ood_frozen_v1/slit_bridge/sample_0101.npz,3671b99524219e4e7f1acd583f0a9f657d15a23a30ed3d575564b8f9d92d770e,0.00548395499936305,0.05687110422223417,0.47037107446900095,0.645972728729248,0.34594883024692535,0.5392525106668471
residual_v2,49,slit_bridge,102,private-source://routeA_experiments/data/final_ood_frozen_v1/slit_bridge/sample_0102.npz,b8b9ab3a97d31d7c91628f73ac4db6371901871d302b30af028ae7297b2b153b,0.005191556003410369,0.05534794241742254,1.0876820373706184,0.9946428500115871,0.21052594867069274,0.7487880872562501
residual_v2,49,slit_bridge,103,private-source://routeA_experiments/data/final_ood_frozen_v1/slit_bridge/sample_0103.npz,9f972861588cfdfdfbc3d1b3492908230dc44d640058083aa85270fbceb816f9,0.005348800012143329,0.06441996512262914,0.6520287203794027,0.6867483854293823,0.3663659542798996,0.593760553002357
residual_v2,49,slit_bridge,104,private-source://routeA_experiments/data/final_ood_frozen_v1/slit_bridge/sample_0104.npz,762aadec5fa91e8e7a7f85a7683286f4a4fa0192f736680d733b0707b91d4494,0.0049074499984271824,0.08446994785754511,0.787215605769768,0.7493350505828857,0.424901083111763,0.6733828008174895
residual_v2,49,slit_bridge,105,private-source://routeA_experiments/data/final_ood_frozen_v1/slit_bridge/sample_0105.npz,713c1a733e7b6f8c51dfe4d3f144d58d7ee189053361d35b7cb0099d093f55b6,0.0050350189849268645,0.07843097142907926,0.8209842994955285,0.9175515919923782,0.39499959722161293,0.7987695217132567
residual_v2,49,slit_bridge,106,private-source://routeA_experiments/data/final_ood_frozen_v1/slit_bridge/sample_0106.npz,73c88046498ca7cb948857d6c873d10ec1b1bb70ce8813a259156f5e49c803e0,0.005183797999052331,0.07153677142368407,0.7861381522815574,0.8802564144134521,0.33897604793310165,0.7050605863332746
residual_v2,49,slit_bridge,107,private-source://routeA_experiments/data/final_ood_frozen_v1/slit_bridge/sample_0107.npz,8e962067b4a867a40f8b8f07d19dbcf42eb4d7a6b08ac522bd140e761933b129,0.005366552999475971,0.08279107862259928,0.7743825777176129,0.8011298328638077,0.36402638629078865,0.6828822955489152
residual_v2,49,slit_bridge,108,private-source://routeA_experiments/data/final_ood_frozen_v1/slit_bridge/sample_0108.npz,23bb0eb2ffb8522d891e10b78e9f4fcf6ea2c8b5136c119d1353dc41e81126a2,0.005200387007789686,0.06450976275677742,0.4796925095658304,0.6258851587772369,0.278255894780159,0.553765460848808
residual_v2,49,slit_bridge,109,private-source://routeA_experiments/data/final_ood_frozen_v1/slit_bridge/sample_0109.npz,ee7d8642727cde846b418e0d6ef6f3d525513d8f7c13d4e21a694399a5887809,0.005502414016518742,0.09242277943118954,0.8896802181810518,0.8802360594272614,0.47441036254167557,0.7228943720459937
residual_v2,49,slit_bridge,110,private-source://routeA_experiments/data/final_ood_frozen_v1/slit_bridge/sample_0110.npz,2cb9d93c491c746797690b373d3873b13231a0144087e5c6f98bc1674dcf9aa9,0.0053898009937256575,0.09091762175696178,0.8353063961307028,0.8821719512343407,0.43419235572218895,0.7530238769948475
residual_v2,49,slit_bridge,111,private-source://routeA_experiments/data/final_ood_frozen_v1/slit_bridge/sample_0111.npz,20cb4a3d10bd1589b41836354fc8ffcea2f716f9c4d860e668becadedadd9f38,0.005232940020505339,0.04798333672338921,0.44303196754780516,0.5244048833847046,0.25976569950580597,0.45664799511432635
residual_v2,49,slit_bridge,112,private-source://routeA_experiments/data/final_ood_frozen_v1/slit_bridge/sample_0112.npz,37a74f8306ed3c59b31377d7e4a65031205ca4f453cf06b54132466f7b6b4a27,0.005415663996245712,0.09911970384473431,0.9330995603939423,0.9038021117448807,0.44520894903689623,0.826809440553188
residual_v2,49,slit_bridge,113,private-source://routeA_experiments/data/final_ood_frozen_v1/slit_bridge/sample_0113.npz,ef235deec817e178c9aadff18419bfa34a077733d1176a3329f0534a76dc2a36,0.005185243993764743,0.08407399692776817,0.830480833066943,0.8302258104085922,0.3809628076851368,0.6641585275530808
residual_v2,49,slit_bridge,114,private-source://routeA_experiments/data/final_ood_frozen_v1/slit_bridge/sample_0114.npz,fee8722c5da8ec155bbe8e819b2eefa2d11a554066c684e422d739ef76676fdc,0.004861966997850686,0.060204533868285726,0.5168842260784439,0.7231851518154144,0.260338693857193,0.47950183451175643
residual_v2,49,slit_bridge,115,private-source://routeA_experiments/data/final_ood_frozen_v1/slit_bridge/sample_0115.npz,c0ff037ccc5a055bf9e6049f73b19eb3ef3c759d34e01dde7782629ee5155b1a,0.0051972949877381325,0.0871848921352648,0.7578445143755691,0.8007659614086151,0.4126683324575424,0.6848855465650556
residual_v2,49,slit_bridge,116,private-source://routeA_experiments/data/final_ood_frozen_v1/slit_bridge/sample_0116.npz,89796e3463ade62e6165c2220b9206d7e09c13d435e41116a44b4b2b72d8a7e2,0.005015678994823247,0.07471544129521915,0.8463891985308181,0.8617203831672668,0.4014712870121002,0.76368097513914
residual_v2,49,slit_bridge,117,private-source://routeA_experiments/data/final_ood_frozen_v1/slit_bridge/sample_0117.npz,0b5ddb4fbb4b1abaaecda668cf96d47108c2d0634e698e348798412ad2c8bd5b,0.00515662701218389,0.056059408030601054,0.4106568275395446,0.5636255592107773,0.23741909861564636,0.4176465809345244
residual_v2,49,slit_bridge,118,private-source://routeA_experiments/data/final_ood_frozen_v1/slit_bridge/sample_0118.npz,67c9870824a0cf24261c14ee2ee54260350b87c984724da8b7b3239ef5f4f8f2,0.00535905800643377,0.10215946643158681,0.9259897188893242,0.9538154825568199,0.49724794179201126,0.8522535249590872
residual_v2,49,slit_bridge,119,private-source://routeA_experiments/data/final_ood_frozen_v1/slit_bridge/sample_0119.npz,3cd3c867da52bc984e6b469d03b48c1d502d3c379c3a09320042c00db34b1f2f,0.005423605995019898,0.06704363318987462,0.7328767058031433,0.8195444941520691,0.3697553426027298,0.6657456845045089
residual_v2,49,slit_bridge,120,private-source://routeA_experiments/data/final_ood_frozen_v1/slit_bridge/sample_0120.npz,321a3cdc9661e8fd1679cfceed9f566fa138dcdcf45b5bb5a1d8fce6ede740f1,0.004823668015887961,0.07545460026809163,0.8827032558602845,0.8299517184495926,0.3090858496725559,0.6363709047436712
residual_v2,49,slit_bridge,121,private-source://routeA_experiments/data/final_ood_frozen_v1/slit_bridge/sample_0121.npz,947ac005aaaab451b701b3285288d12286101f1936826903031becc4a8c82912,0.005192949989577755,0.08050820781074412,0.8183429626140155,0.8268206119537354,0.3657339420169592,0.7045421838760374
residual_v2,49,slit_bridge,122,private-source://routeA_experiments/data/final_ood_frozen_v1/slit_bridge/sample_0122.npz,f86df5b1facc0d81f78a07017d7a1169d59fc90ab287dd52fa7ef79d790e2e91,0.004808466997928917,0.06560687260296684,0.4846934614432314,0.5463607907295227,0.2957252860069275,0.4437863826751709
residual_v2,49,slit_bridge,123,private-source://routeA_experiments/data/final_ood_frozen_v1/slit_bridge/sample_0123.npz,dd8d213055c704fdaab30fa56f42a33f2b17cda2608934ee3c8395f1fa3ac372,0.0051886329893022776,0.11333484674478879,1.181012034666803,0.9966741539537907,0.4052388593554497,0.8619020268321036
residual_v2,49,slit_bridge,124,private-source://routeA_experiments/data/final_ood_frozen_v1/slit_bridge/sample_0124.npz,989ca5a6639d386f9ba2fbbe4929a51151c1d1f58f0b02af5979a213ce187952,0.005282517988234758,0.07822379529812573,0.941268962521727,0.8974325656890869,0.31214794889092445,0.6292946502566324
residual_v2,49,slit_bridge,125,private-source://routeA_experiments/data/final_ood_frozen_v1/slit_bridge/sample_0125.npz,a70aa7c2b0ab69e05a1bdac27c118b00080fd91ce4b14294cf3d802c7d9815c3,0.004999430995667353,0.042293388937907066,0.45257661290536993,0.6093189716339111,0.23887819051742554,0.5067742377519605
residual_v2,49,slit_bridge,126,private-source://routeA_experiments/data/final_ood_frozen_v1/slit_bridge/sample_0126.npz,093585a00e910cd41c9a8b1050dbde9900de283da5c8bcf64b0e6657b12ce6c0,0.005370960978325456,0.09309900064888112,0.719172513186755,0.7353458851575851,0.4282648079097271,0.5966869831085198
residual_v2,49,slit_bridge,127,private-source://routeA_experiments/data/final_ood_frozen_v1/slit_bridge/sample_0127.npz,fbaeeb14ed4064772eccd6ad5d7ce8b30fd2cd571f89be44730cad2f429acd53,0.005088870006147772,0.062344392349323846,0.5178443806233304,0.6026183366775513,0.31078942120075226,0.5031454503536223
residual_v2,49,slit_bridge,128,private-source://routeA_experiments/data/final_ood_frozen_v1/slit_bridge/sample_0128.npz,f8dcb1ad9a029b0aaa0eb4226be5e9fb26f98253b2ac2ee759238972e2b35793,0.005380164977395907,0.0625139216976134,0.4656994809348788,0.44046053290367126,0.2402833290398121,0.3902755230665206
residual_v2,49,slit_bridge,129,private-source://routeA_experiments/data/final_ood_frozen_v1/slit_bridge/sample_0129.npz,4fde72568a862f65ab802425b157856bd372d3c84dff9690b725526c7c4caa72,0.005166568007552996,0.07876144314831603,0.6236317927349224,0.7523170709609985,0.3704364709556103,0.561062481999397
residual_v2,49,slit_bridge,130,private-source://routeA_experiments/data/final_ood_frozen_v1/slit_bridge/sample_0130.npz,c5fc37a33ccfde0c5c1bc91a423ff22369761aa4a2358c6bf448d552f93ebe9f,0.004961721017025411,0.0360104641450078,0.23489676073592203,0.28848886489868164,0.1368789505213499,0.2330207228660583
residual_v2,49,slit_bridge,131,private-source://routeA_experiments/data/final_ood_frozen_v1/slit_bridge/sample_0131.npz,816e62f42925e1228f1925aa9a64af845857cc8af393bef8edcc95e0b32ae811,0.00541680000605993,0.06597767463053134,0.4797423171280707,0.5581939220428467,0.2621229663491249,0.3840172730386255
residual_v2,49,slit_bridge,132,private-source://routeA_experiments/data/final_ood_frozen_v1/slit_bridge/sample_0132.npz,0fe2c82d437426e3d5e3a8a69a3eaf8444f65273028a83b43642500191be1de2,0.004996447009034455,0.08129271068185501,0.907103980996848,0.8949145078659058,0.39511894434690475,0.7294938147068012
residual_v2,49,slit_bridge,133,private-source://routeA_experiments/data/final_ood_frozen_v1/slit_bridge/sample_0133.npz,158533d38705bbe83ad1aff888d4d281d11c259abc75e687100337a1169b6b79,0.005544770014239475,0.06725554709123034,0.5862057678978684,0.6719731390476227,0.40573807060718536,0.6149825632572172
residual_v2,49,slit_bridge,134,private-source://routeA_experiments/data/final_ood_frozen_v1/slit_bridge/sample_0134.npz,809d1f61ff74bd28a60a9ee3e93980572061abc432bf497071f850cf295e5a22,0.005377475987188518,0.09786822405450678,0.8988024866642431,0.8897357359528542,0.40824130177497864,0.8222431190311904
residual_v2,49,slit_bridge,135,private-source://routeA_experiments/data/final_ood_frozen_v1/slit_bridge/sample_0135.npz,49a6d2f84ef15ae562f31d7f8186dcf515a22bd150120c9ef7592236bc4da560,0.005480373016325757,0.04585287848134128,0.5332187355283975,0.6264667510986328,0.25672364979982376,0.4401438176631927
residual_v2,49,slit_bridge,136,private-source://routeA_experiments/data/final_ood_frozen_v1/slit_bridge/sample_0136.npz,0aaf02ec1906882bedac48878d8b32168a7bb9aa28e664600efcf7880eeb0a09,0.005083574011223391,0.03934280228152571,0.26955343234638246,0.37394729256629944,0.1989699900150299,0.29046846032142637
residual_v2,49,slit_bridge,137,private-source://routeA_experiments/data/final_ood_frozen_v1/slit_bridge/sample_0137.npz,3060120b449129fec3dadb659d3c9a7989d9e4319138bf42de3acdc3ba915c02,0.005443231028039008,0.05722069213324806,0.5056819465994222,0.515481561422348,0.2672312445938587,0.4670739680528639
residual_v2,49,slit_bridge,138,private-source://routeA_experiments/data/final_ood_frozen_v1/slit_bridge/sample_0138.npz,6ed13d9162ca3514a314258b8d24016c2bc8875b25b0b38c5cdfa938f2a1eee2,0.0049184760136995465,0.09039171926718662,0.9370523739674379,0.9614410996437073,0.3717077076435089,0.7379369288682931
residual_v2,49,slit_bridge,139,private-source://routeA_experiments/data/final_ood_frozen_v1/slit_bridge/sample_0139.npz,658f1ca5a3c9c31ef1d3034e1fa4b0a5769e9c38a410ad1b72996a2aa8abf1a0,0.0054674439888913184,0.05284591856365794,0.45222150898303604,0.6678121089935303,0.26451829075813293,0.3906970858573907
residual_v2,49,slit_bridge,140,private-source://routeA_experiments/data/final_ood_frozen_v1/slit_bridge/sample_0140.npz,4cb2e3c95ee8b50b37549ea056e6b5e6349cac539e85f6c167d54902061606d1,0.005116683983942494,0.08973363576061302,0.7770364480041481,0.8400341719388962,0.3745388202369213,0.6762226939201351
residual_v2,49,slit_bridge,141,private-source://routeA_experiments/data/final_ood_frozen_v1/slit_bridge/sample_0141.npz,72511c727388df3bf5af40ee47932e5d0ea12cec9268d07a95eff4200660e42e,0.005253173992969096,0.07913130869135927,0.7158826471877119,0.7725955843925476,0.3830806389451027,0.6280451670289039
residual_v2,49,slit_bridge,142,private-source://routeA_experiments/data/final_ood_frozen_v1/slit_bridge/sample_0142.npz,306a40af48edd29b46f137a9e1015dba90eef9f89a216e9034ab8c4e810088cb,0.004939202015521005,0.07450087196252962,0.8829228498791293,0.9302165061235428,0.31868886947631836,0.7545472711324688
residual_v2,49,slit_bridge,143,private-source://routeA_experiments/data/final_ood_frozen_v1/slit_bridge/sample_0143.npz,9143fda697b9d0ca554a018b16f7dcedf9ce17f64344f4de043fd7612877a3d2,0.005263910017674789,0.07309395843126315,0.9405624180476162,0.9732083007693291,0.40739159658551216,0.7689593192189921
residual_v2,49,slit_bridge,144,private-source://routeA_experiments/data/final_ood_frozen_v1/slit_bridge/sample_0144.npz,cede0fd6d7f85a69aeaae09213236482ad3047e9130d14dd79693b9e243f783b,0.00517671401030384,0.08708651131930817,0.9217595106110951,0.9409891366958618,0.3738832101225853,0.8363475561141961
residual_v2,49,slit_bridge,145,private-source://routeA_experiments/data/final_ood_frozen_v1/slit_bridge/sample_0145.npz,2d9fdb82c8a7275b63a15c4d95ab584a0842ebd21fd6762928d68475fe8cc330,0.005259893980110064,0.0973025459285813,0.8468403977745365,0.8743604496121407,0.5112419985234737,0.7899825155735005
residual_v2,49,slit_bridge,146,private-source://routeA_experiments/data/final_ood_frozen_v1/slit_bridge/sample_0146.npz,207f5f551061e628bde8bc221dd64138c07612d4245a97390961be3ea5e16611,0.005130209989147261,0.05115231750445341,0.40136200190786053,0.4576341509819031,0.21406526118516922,0.3545311242341995
residual_v2,49,slit_bridge,147,private-source://routeA_experiments/data/final_ood_frozen_v1/slit_bridge/sample_0147.npz,82d0e49e8401c09f0e3e6a3547b29f4d5a1dedbc6b0f06beea92cbeb4866ea11,0.005068515980383381,0.0767396212150181,0.7869915514185623,0.8177581578493118,0.3542741211131215,0.6346748813986778
residual_v2,49,slit_bridge,148,private-source://routeA_experiments/data/final_ood_frozen_v1/slit_bridge/sample_0148.npz,e38da3693d172092572c7f2754a94e44ef94b0502f3919d896ce0c2fbe38e009,0.0050040470086969435,0.07980296690247814,0.709581076233966,0.7807417213916779,0.366160087287426,0.6610511705279346
residual_v2,49,slit_bridge,149,private-source://routeA_experiments/data/final_ood_frozen_v1/slit_bridge/sample_0149.npz,afc272ad1c582032ceafc263f98a9500852bcc9f113906a40f63ad64c40aee4c,0.004841073998250067,0.050009881198270774,1.0005837852345671,0.9001720696687698,0.19074390549212694,0.7102960973978023
residual_v2,49,slit_bridge,150,private-source://routeA_experiments/data/final_ood_frozen_v1/slit_bridge/sample_0150.npz,3d18460af3363948da3a01a3d1b31a48effc40aa616a1b5dd39689622a7ec45c,0.004920176026644185,0.06184337331186397,0.4157713207058883,0.584083765745163,0.25438888370990753,0.4014319926500319
residual_v2,49,slit_bridge,151,private-source://routeA_experiments/data/final_ood_frozen_v1/slit_bridge/sample_0151.npz,d5753da7388ebb54f9cf2699537d139086e01002d7a59190bb63986a17939a32,0.00485834400751628,0.05104014298853929,0.4430936326997077,0.5319589078426361,0.24619779735803604,0.46793574392795545
residual_v2,49,slit_bridge,152,private-source://routeA_experiments/data/final_ood_frozen_v1/slit_bridge/sample_0152.npz,9695aa6ea858785b103e16fd61c266f988f64686cfbdc88b2899662da023ea05,0.005067072983365506,0.048104924394018644,0.5671886089760335,0.6908026039600372,0.29588592052459717,0.5340057104825966
residual_v2,49,slit_bridge,153,private-source://routeA_experiments/data/final_ood_frozen_v1/slit_bridge/sample_0153.npz,60ac6a052ff2a92b7086357b74a96c31e33d7255ddf407c4f70bc5fe58806b60,0.00534786400385201,0.06778300702361924,1.154810396996498,1.0039536729454994,0.28316037729382515,0.7396688394248473
residual_v2,49,slit_bridge,154,private-source://routeA_experiments/data/final_ood_frozen_v1/slit_bridge/sample_0154.npz,02efeff9d6ba6e84c68ab742c168c4ca40609c73d6f82146e8a2f5b10a657897,0.005072358995676041,0.05683818967429647,1.1028924308136852,0.9093880355358124,0.20303167280508205,0.5389965027570714
residual_v2,49,slit_bridge,155,private-source://routeA_experiments/data/final_ood_frozen_v1/slit_bridge/sample_0155.npz,ea8bfa01563270f5d6e2ec9dbe473f05772c2e4989b937a57ae2104227258fed,0.004938557976856828,0.05683590837777925,0.4015035467529042,0.48573583364486694,0.2604905068874359,0.3813357472419736
residual_v2,49,slit_bridge,156,private-source://routeA_experiments/data/final_ood_frozen_v1/slit_bridge/sample_0156.npz,5005fb0814bda784608be7da52a32e34a6544ba7bd358a95694b62e213f8f2c2,0.0051056049996986985,0.07849861214726614,0.7836606009302587,0.8287973776459694,0.42324306070804596,0.7481998667120927
residual_v2,49,slit_bridge,157,private-source://routeA_experiments/data/final_ood_frozen_v1/slit_bridge/sample_0157.npz,ac48ebb841e2622ef6bc4ba966dad1b3b604f8d724d29e6f2fab1b6641ee1921,0.005205380002735183,0.09817089405946143,0.9364588878175755,0.9707530811429024,0.4778601434081793,0.8203695096075531
residual_v2,49,slit_bridge,158,private-source://routeA_experiments/data/final_ood_frozen_v1/slit_bridge/sample_0158.npz,2f49624ea36882b03b9786cab30360722cade76c056bea230f9c9ba4ac764c8b,0.005472296004882082,0.06479594468726257,0.429747722119095,0.6556692719459534,0.26816506683826447,0.4533060401678082
residual_v2,49,slit_bridge,159,private-source://routeA_experiments/data/final_ood_frozen_v1/slit_bridge/sample_0159.npz,d0b13a51187a418d7efe2e93a19604a3d01c818ea9736b5aa09b4607fad5fa55,0.005284857994411141,0.05566323827942719,0.47367456688167053,0.46337398886680603,0.2787839099764824,0.40929350405931464
residual_v2,49,slit_bridge,160,private-source://routeA_experiments/data/final_ood_frozen_v1/slit_bridge/sample_0160.npz,622f4d8070ecdd9d0a824ce72f84fecc0c78f83011ff11259ebc6bb846de281e,0.005092540988698602,0.05986014693640202,0.5080398022571868,0.6250559687614441,0.3047530949115753,0.502115711569786
residual_v2,49,slit_bridge,161,private-source://routeA_experiments/data/final_ood_frozen_v1/slit_bridge/sample_0161.npz,178f02f0e3b5995f2619dd6bf52ad3a7508f806bd4e13ba9ceeb9a36f1649f16,0.005194124998524785,0.06749234402098814,0.7598413412315008,0.8573698401451111,0.2714647762477398,0.5442268960177886
residual_v2,49,slit_bridge,162,private-source://routeA_experiments/data/final_ood_frozen_v1/slit_bridge/sample_0162.npz,7dac1f84d357180521999872dd329573241cb8c42feeb442891197f01199c66b,0.005084661999717355,0.06992050378157798,1.0678554969102798,0.9866296090185642,0.33709564921446145,0.7289029732346526
residual_v2,49,slit_bridge,163,private-source://routeA_experiments/data/final_ood_frozen_v1/slit_bridge/sample_0163.npz,b7a7aa86a9bdc19977f06da4caff68d49a340edbf4f1a1c1187591366b6636d2,0.005266653985017911,0.08880590054863814,0.7559282962622154,0.8008755445480347,0.44523556903004646,0.6956736356019974
residual_v2,49,slit_bridge,164,private-source://routeA_experiments/data/final_ood_frozen_v1/slit_bridge/sample_0164.npz,779949d863880f5d16a879e81f20fad07ea4f966fba7da8ee22f0adaa6fc32af,0.006073040014598519,0.09055747602462359,0.8565983371161415,0.8526000827550888,0.5469877067953348,0.7894741073250771
residual_v2,49,slit_bridge,165,private-source://routeA_experiments/data/final_ood_frozen_v1/slit_bridge/sample_0165.npz,dc423b6d998084bf0149349c297bb1babad5e99fb236b7c05dfa975cb5183082,0.005274755007121712,0.0706726718486887,0.574541098469851,0.6204099655151367,0.3757222145795822,0.5439470529556274
residual_v2,49,slit_bridge,166,private-source://routeA_experiments/data/final_ood_frozen_v1/slit_bridge/sample_0166.npz,351a161f32941f870662dc54b1d5ae59e25dc38cb8501ca4493dd08e6d42d64a,0.005397082975832745,0.08086504431709286,0.673555923577976,0.6318202018737793,0.3183068297803402,0.5000539958477017
residual_v2,49,slit_bridge,167,private-source://routeA_experiments/data/final_ood_frozen_v1/slit_bridge/sample_0167.npz,aa66574c4716561ec10258da0ac13914768f1d14f665ebf1ec534f148bd0abd7,0.004956705990480259,0.05193231075164608,0.5035017687689547,0.5858013033866882,0.2884870022535324,0.5014483153820036
residual_v2,49,slit_bridge,168,private-source://routeA_experiments/data/final_ood_frozen_v1/slit_bridge/sample_0168.npz,b0b356c11f56258bb6f3db09bd66c6dcd1bcd41614b20e67f8e907402ec13485,0.005045600992161781,0.07184026183569982,0.7051573921340154,0.820752739906311,0.33942796289920807,0.6660172820091242
residual_v2,49,slit_bridge,169,private-source://routeA_experiments/data/final_ood_frozen_v1/slit_bridge/sample_0169.npz,a469b2c4e556282ed62e13e26cd27398331a9ba05d88ee1913966198103238d6,0.005204886983847246,0.11329959436350198,1.022674907580455,0.971666969358921,0.4785730019211769,0.765562196075916
residual_v2,49,slit_bridge,170,private-source://routeA_experiments/data/final_ood_frozen_v1/slit_bridge/sample_0170.npz,36fbd3c3d23a1204142c49ecd37ef44c2ba54ac4467ddb41d832464267e85212,0.004944023996358737,0.0798152149523664,0.8183248393011953,0.8273716270923615,0.3758005117997527,0.6166410401463501
residual_v2,49,slit_bridge,171,private-source://routeA_experiments/data/final_ood_frozen_v1/slit_bridge/sample_0171.npz,d535ac50a902c9794c7c816a49047dfd9c3f701564b69ce35cc24a4b731afa97,0.005205764988204464,0.08070315800541021,1.2322194443043057,0.968683835119009,0.3496726283337921,0.7761854752898212
residual_v2,49,slit_bridge,172,private-source://routeA_experiments/data/final_ood_frozen_v1/slit_bridge/sample_0172.npz,4e4eeb0f4d4f14aa76bc67064de00f38d35024c2470cfc77d2414c6da16f99f2,0.005389024008763954,0.06480681951476654,0.4261551673780508,0.6140235662460327,0.24583090841770172,0.3693714648485183
residual_v2,49,slit_bridge,173,private-source://routeA_experiments/data/final_ood_frozen_v1/slit_bridge/sample_0173.npz,4c3d97c818e4c1aaa20fd773230ef107c1e90a4328ebbfb020186474b8b391e2,0.005846111016580835,0.0713166211425973,0.6360993412582744,0.7150646150112152,0.3131466507911682,0.5772264629602427
residual_v2,49,slit_bridge,174,private-source://routeA_experiments/data/final_ood_frozen_v1/slit_bridge/sample_0174.npz,c764cef11e9744e2347bf095a3ad20fd9c9a40516623d0e6687f000cea70736b,0.004791835002833977,0.08420664059203888,0.9402151180323358,0.9661872684955597,0.42804137617349625,0.7453850306570505
residual_v2,49,slit_bridge,175,private-source://routeA_experiments/data/final_ood_frozen_v1/slit_bridge/sample_0175.npz,22afae3ce0b327b65855609e847dcf168cbfa0c3da01d0e00d7ff822a2f93dab,0.005309217987814918,0.08356620489459271,0.6471571981994351,0.9842337071895599,0.4494757354259491,0.6416668355464935
residual_v2,49,slit_bridge,176,private-source://routeA_experiments/data/final_ood_frozen_v1/slit_bridge/sample_0176.npz,3615c8f32a0156e435a991da99bea493288394630d64ca1402e46469b4ae4561,0.0052551800035871565,0.050901520611225735,0.37082610450543674,0.4804743230342865,0.2258002609014511,0.37573935687541943
residual_v2,49,slit_bridge,177,private-source://routeA_experiments/data/final_ood_frozen_v1/slit_bridge/sample_0177.npz,bde9b0878d1f9163cd3460df65d8fbaa6d012659d97271692cd52839664004d8,0.005372354993596673,0.07280728688162257,0.7647715492855278,0.8133485019207001,0.4324507713317871,0.7616938084363937
residual_v2,49,slit_bridge,178,private-source://routeA_experiments/data/final_ood_frozen_v1/slit_bridge/sample_0178.npz,dffe6643c77429e0e5ed595fcd8553b626ac374c0226c86babb86bb23700de20,0.005313847999786958,0.04041720600118094,0.3529273561338539,0.5612269937992096,0.190440334379673,0.41325375735759723
residual_v2,49,slit_bridge,179,private-source://routeA_experiments/data/final_ood_frozen_v1/slit_bridge/sample_0179.npz,fca36c52c6cfb0110fbe78721de423d99487a00561b0c6b6b9f826917f42aede,0.0049504950002301484,0.05741067027653051,0.3642487814787355,0.5496901571750641,0.2487219050526619,0.36519802212715147
residual_v2,49,slit_bridge,180,private-source://routeA_experiments/data/final_ood_frozen_v1/slit_bridge/sample_0180.npz,6f19672ce01e21e2c280e4be06a3e54680e018ff4c226cbe757f44ebad3e1910,0.0052099320164415985,0.0538857808049646,0.3333441260286712,0.49620938301086426,0.21598827838897705,0.34826847314834575
residual_v2,49,slit_bridge,181,private-source://routeA_experiments/data/final_ood_frozen_v1/slit_bridge/sample_0181.npz,ec877344fcdbfdbdaddf529e85e3cc5c3aab339963def6c7349014d86c8140d4,0.005095063999760896,0.09882599442116505,0.8446833813469203,0.8534890115261078,0.45670856535434723,0.7625492729246616
residual_v2,49,slit_bridge,182,private-source://routeA_experiments/data/final_ood_frozen_v1/slit_bridge/sample_0182.npz,85955e8644eeb0dcc33c4aed80df2c7439e5bab709258a2875ce1a3a61c5ebfb,0.00534095597686246,0.05735062863036414,0.4650933365820075,0.5103898048400879,0.29129648208618164,0.424214732646942
residual_v2,49,slit_bridge,183,private-source://routeA_experiments/data/final_ood_frozen_v1/slit_bridge/sample_0183.npz,7db60f93fba5ad9147fed2dc7ad510080993a1ba5cacff680d8f7315ac009961,0.005417670006863773,0.08623688520811185,0.780153737610423,0.916324645280838,0.42219433188438416,0.7585481867194175
residual_v2,49,slit_bridge,184,private-source://routeA_experiments/data/final_ood_frozen_v1/slit_bridge/sample_0184.npz,8121820fc993132420a3854bde14b0b1742133b65c0a82ff2248b97133f07f34,0.004943918000208214,0.06680602256347237,0.7035366063563283,0.8293995708227158,0.3158828690648079,0.6365323871374124
residual_v2,49,slit_bridge,185,private-source://routeA_experiments/data/final_ood_frozen_v1/slit_bridge/sample_0185.npz,6cddc80ef7290697c6e5ddae659d68aa20dcd10104ab9b2cd5f9708afe9f741d,0.004861622001044452,0.0508859204518741,0.40644889228681347,0.6166402101516724,0.2605004757642746,0.4849791616201401
residual_v2,49,slit_bridge,186,private-source://routeA_experiments/data/final_ood_frozen_v1/slit_bridge/sample_0186.npz,325ef30f2da8a65dac78a1b06a65f887f2d9947c96e2faee9e6a8ec03323351a,0.005059166986029595,0.08243207955622754,0.7381306492152918,0.880497008562088,0.39244117587804794,0.8064191669225692
residual_v2,49,slit_bridge,187,private-source://routeA_experiments/data/final_ood_frozen_v1/slit_bridge/sample_0187.npz,119b85212c8b4744bf1d62d7dfe261550cb6d3e5d22f4790dbe62e75609d0922,0.004860078013734892,0.051349292930293014,0.3592744041003855,0.5086829662322998,0.18789110332727432,0.38189490735530796
residual_v2,49,slit_bridge,188,private-source://routeA_experiments/data/final_ood_frozen_v1/slit_bridge/sample_0188.npz,dcf9852e45123cccfdad55cec5cd89ffd610e5287252fbe34ba1dd1786992a3e,0.0048568620113655925,0.06988770573637727,0.6075725512423452,0.7527888417243958,0.3799303472042084,0.5741957038640975
residual_v2,49,slit_bridge,189,private-source://routeA_experiments/data/final_ood_frozen_v1/slit_bridge/sample_0189.npz,286c7744959bebf561fcf60d6510f810deadc11b4f49e589e2e9473d32de82f7,0.004792065010406077,0.05644697213280525,0.5227738280661857,0.7065398097038269,0.24013887345790863,0.5118794649839391
residual_v2,49,slit_bridge,190,private-source://routeA_experiments/data/final_ood_frozen_v1/slit_bridge/sample_0190.npz,fe702ecba390c3dc04a9733afe0b132a016fcf5c4eaffcad11aaea841c4e382e,0.005184222012758255,0.07688009651490554,0.7638472860015073,0.6908536702394485,0.3718310594558716,0.554427237063646
residual_v2,49,slit_bridge,191,private-source://routeA_experiments/data/final_ood_frozen_v1/slit_bridge/sample_0191.npz,cc046fa8afaf7d479712359b932e246ff1ee8e9d4f1365bd79dc2f10196be05c,0.005034737987443805,0.08100622869355031,0.8832107372994186,0.9635689407587051,0.365438275039196,0.8299921452999113
residual_v2,49,slit_bridge,192,private-source://routeA_experiments/data/final_ood_frozen_v1/slit_bridge/sample_0192.npz,12a887fa1b92770140bbc308300406b9f45be794a2802dc5d4318f9f90964304,0.004910567018669099,0.07895329071969721,0.6011926234682923,0.7009892761707306,0.30342455208301544,0.5564811721444125
residual_v2,49,slit_bridge,193,private-source://routeA_experiments/data/final_ood_frozen_v1/slit_bridge/sample_0193.npz,ea535161153d10af3f779e6ce92ab576cb6f01bb2b84270e675cb8a7ca3bff3d,0.006328546005534008,0.04503050806796194,0.354839774110407,0.4904102087020874,0.20470961928367615,0.4101157188415526
residual_v2,49,slit_bridge,194,private-source://routeA_experiments/data/final_ood_frozen_v1/slit_bridge/sample_0194.npz,8488a62661fcd5432a193ca5c2bdaf1492f33731b7131ad3e367f5731ec70c37,0.004866264993324876,0.08825116224160057,0.9118618034800616,0.9343389272689819,0.4413837715983391,0.8319542676210403
residual_v2,49,slit_bridge,195,private-source://routeA_experiments/data/final_ood_frozen_v1/slit_bridge/sample_0195.npz,7e1d374879fa5f6a96ebc3990a10958313440dc33a9ef060976f12e925232108,0.005394832987803966,0.06427427763665473,0.433109141729925,0.622918426990509,0.21237412840127945,0.5178296744823452
residual_v2,49,slit_bridge,196,private-source://routeA_experiments/data/final_ood_frozen_v1/slit_bridge/sample_0196.npz,d4848a4e772e741b625e10aec676527f984e3943b470a872754331769f8b94bb,0.005380343005526811,0.06577538125167057,0.7959628426952937,0.8878344148397446,0.3636152893304825,0.7279248163104045
residual_v2,49,slit_bridge,197,private-source://routeA_experiments/data/final_ood_frozen_v1/slit_bridge/sample_0197.npz,2b37447cf0d376d2e2021ecf8d29a5d17437f6bb153943e0f306b31930209b3e,0.005426721996627748,0.10034103499835587,0.8774023007170003,0.9163752943277359,0.5125367045402527,0.8269631385803222
residual_v2,49,slit_bridge,198,private-source://routeA_experiments/data/final_ood_frozen_v1/slit_bridge/sample_0198.npz,8030be12303215e83fab9a6e2360c32b7958cadc693426ae4437ff9ce9a38d91,0.005276931973639876,0.06701047961406986,0.5531984122848246,0.6426389813423157,0.32699065655469894,0.5428595066070554
residual_v2,49,slit_bridge,199,private-source://routeA_experiments/data/final_ood_frozen_v1/slit_bridge/sample_0199.npz,cc6a52511cc16e98c96e4753d529c21a8e0ccbe95013bc0584ae491523d2bb83,0.00487661300576292,0.04851823141500111,0.43026541047275624,0.5380904376506805,0.22035348415374756,0.44976444840431207
residual_v2,49,three_hole_asymmetric,0,private-source://routeA_experiments/data/final_ood_frozen_v1/three_hole_asymmetric/sample_0000.npz,76239d9d4cae31805b23350941f6924762ca8e0eb2de53f5e0014a3050004492,0.005520531005458906,0.05813402788496146,0.6364366633853117,0.6712943464517593,0.2847752243396826,0.5633847698569294
residual_v2,49,three_hole_asymmetric,1,private-source://routeA_experiments/data/final_ood_frozen_v1/three_hole_asymmetric/sample_0001.npz,c8138e48b2b5450756ab6ea06ad8018a0f03fd49507fdf70f7602513883c6d79,0.0049870100046973675,0.053592219151916795,0.9407695958125375,1.0061147809028625,0.2200675532221794,0.712613221257925
residual_v2,49,three_hole_asymmetric,2,private-source://routeA_experiments/data/final_ood_frozen_v1/three_hole_asymmetric/sample_0002.npz,8415d3f4052cfa250de2e615b5f135c4cbc51665e9780ba0c740b7bc68b0b8d0,0.005443266010843217,0.06183582837148213,0.8036054910259955,0.8201307356357574,0.2668709494173527,0.6564732760190957
residual_v2,49,three_hole_asymmetric,3,private-source://routeA_experiments/data/final_ood_frozen_v1/three_hole_asymmetric/sample_0003.npz,126883ed7a18270534e81fc020b354d6a09b3d0b37130be0a213f6e3fe3611cf,0.00510942199616693,0.07886308962352942,0.858801391053192,0.9038538783788681,0.41159742698073387,0.7377908680588003
residual_v2,49,three_hole_asymmetric,4,private-source://routeA_experiments/data/final_ood_frozen_v1/three_hole_asymmetric/sample_0004.npz,73fddad29aef7a16eeabb39f9b70e218861d55037c0d2745430816f9076f8b8f,0.005593213980318978,0.05713079855687985,0.9160233236817263,0.9296656399965286,0.2242530311923474,0.6114287104457607
residual_v2,49,three_hole_asymmetric,5,private-source://routeA_experiments/data/final_ood_frozen_v1/three_hole_asymmetric/sample_0005.npz,0cce2a32a88505f1a40318561d466c31de7f2eb63e0449cf3df2f644c64a0108,0.0049787850002758205,0.05336719293675517,0.7038535791262883,0.7548795938491821,0.3015599772334099,0.6418553106486793
residual_v2,49,three_hole_asymmetric,6,private-source://routeA_experiments/data/final_ood_frozen_v1/three_hole_asymmetric/sample_0006.npz,05b9798f8cd5b5b832e909e747bb49397a06d4bc8291718bcb52ee39573eb619,0.0050731300143525004,0.0894306857705975,1.0985292472151553,0.9956974983215332,0.40717932349070907,0.799114757031202
residual_v2,49,three_hole_asymmetric,7,private-source://routeA_experiments/data/final_ood_frozen_v1/three_hole_asymmetric/sample_0007.npz,6ba61082fc82270f3f31ed8952fcbbd145b31d5361d264f2bd66a5366e0bc340,0.005088033998617902,0.06713423337779667,0.8019117887037444,0.8575339615345001,0.29541521263308823,0.6318922571837884
residual_v2,49,three_hole_asymmetric,8,private-source://routeA_experiments/data/final_ood_frozen_v1/three_hole_asymmetric/sample_0008.npz,853331caeb1b23865ccb78c9a2f431c6c5268c039e4b02388b3e7b2950cb9a7f,0.004963559011230245,0.07898443551332203,0.8585708796724998,0.8667857050895691,0.34902432654052973,0.6774940170347671
residual_v2,49,three_hole_asymmetric,9,private-source://routeA_experiments/data/final_ood_frozen_v1/three_hole_asymmetric/sample_0009.npz,9970adef6a8aee3680702738f4b4535ec99d53fd695e57178ef1d947c3890f8c,0.004980288998922333,0.0812653478485486,0.8786351219167148,0.8416340053081512,0.3654224779456854,0.6423132494091984
residual_v2,49,three_hole_asymmetric,10,private-source://routeA_experiments/data/final_ood_frozen_v1/three_hole_asymmetric/sample_0010.npz,ca5bef464b218ce33227b66ed886a6d671ca7ebab5b66b551b37435087ee4d86,0.005190628988202661,0.07663659662009771,0.8829188196244319,0.9163159057497978,0.33182254259008914,0.7600277246907345
residual_v2,49,three_hole_asymmetric,11,private-source://routeA_experiments/data/final_ood_frozen_v1/three_hole_asymmetric/sample_0011.npz,ed6e65591f32cddee3a621d0a802c4d3ce1e222eac7e0ad7a6d66916367e9015,0.0051497349923010916,0.06177998547559177,0.9433655894762321,0.9776611924171448,0.2797483503818512,0.7335496544837952
residual_v2,49,three_hole_asymmetric,12,private-source://routeA_experiments/data/final_ood_frozen_v1/three_hole_asymmetric/sample_0012.npz,81ff39c1f360e63cd187c00763f0e47af4b7b964b23c0036bbcc2118bcfa7335,0.004982554004527628,0.06802876451082228,0.7642437459340176,0.7205354869365692,0.30379071086645126,0.6008937316015354
residual_v2,49,three_hole_asymmetric,13,private-source://routeA_experiments/data/final_ood_frozen_v1/three_hole_asymmetric/sample_0013.npz,7b336e409d0b1be61aa8152652f7727a997afad669670d5dbedef898f8385d62,0.005019748001359403,0.061842407548049906,0.834736259376428,0.8642710596323013,0.3131498845759779,0.6039231866598128
residual_v2,49,three_hole_asymmetric,14,private-source://routeA_experiments/data/final_ood_frozen_v1/three_hole_asymmetric/sample_0014.npz,14b2727426b78377e48754867160238048d5c11e6a60c8244c17e2f5d349c674,0.005297480995068327,0.060853514158741726,0.6669984606983175,0.6480764448642731,0.28411932359449565,0.4485991090536117
residual_v2,49,three_hole_asymmetric,15,private-source://routeA_experiments/data/final_ood_frozen_v1/three_hole_asymmetric/sample_0015.npz,f1f557f0e4338c64350ec1c2218ae556b5ee258eeeb85ed87e15e06d69e7949f,0.005108981975354254,0.07161260989951038,1.05231323588585,0.8987752944231033,0.3871869947761297,0.6642378516495224
residual_v2,49,three_hole_asymmetric,16,private-source://routeA_experiments/data/final_ood_frozen_v1/three_hole_asymmetric/sample_0016.npz,e72396fee8a43a2b8ddefe735291ca8705c65690b680b4a18f84ae974e873213,0.005240091995801777,0.0768484109823764,0.9929798822698235,0.9407234564423561,0.34921500890050083,0.6987724881619202
residual_v2,49,three_hole_asymmetric,17,private-source://routeA_experiments/data/final_ood_frozen_v1/three_hole_asymmetric/sample_0017.npz,e985edd4b5fd67f0812b23ba168c67faea3aeed38dc497bd3554f7bd6760ce23,0.005023019009968266,0.060965658982197295,0.7678595281545706,0.6896945536136627,0.2727903586346656,0.5346880182623855
residual_v2,49,three_hole_asymmetric,18,private-source://routeA_experiments/data/final_ood_frozen_v1/three_hole_asymmetric/sample_0018.npz,822a1ae4756152a1ca58caa1ec6d5f81a08654b749358283fdc1e93ee4e96c05,0.005133045022375882,0.060238067495542065,0.5509632448681531,0.7178622186183929,0.2594473212957382,0.46340729147195747
residual_v2,49,three_hole_asymmetric,19,private-source://routeA_experiments/data/final_ood_frozen_v1/three_hole_asymmetric/sample_0019.npz,930b0ac62993246d762ab2fade330a6323a28dfa631309dcd025ccc1955464d2,0.0049398520204704255,0.06898013956273195,0.8403657061438666,0.7501785457134247,0.32803937140852213,0.6417385779321184
residual_v2,49,three_hole_asymmetric,20,private-source://routeA_experiments/data/final_ood_frozen_v1/three_hole_asymmetric/sample_0020.npz,ebe95ab8adce4e5f03a8c032f3f82d5b37362c40745ec8db423913bbcdbc36cc,0.005289941997034475,0.05495234640698719,0.8023015324589109,0.7408430278301239,0.2740059238858521,0.5745087452232838
residual_v2,49,three_hole_asymmetric,21,private-source://routeA_experiments/data/final_ood_frozen_v1/three_hole_asymmetric/sample_0021.npz,54558d7be0dcfa75da26d4b23bc274c3c188b6521dea1d6a7af66329fa9f8251,0.005482086999109015,0.056392308420714625,0.5972560892564903,0.7136619091033936,0.3205845206975937,0.5202085383236406
residual_v2,49,three_hole_asymmetric,22,private-source://routeA_experiments/data/final_ood_frozen_v1/three_hole_asymmetric/sample_0022.npz,6bdc3c8942ace2076e15642c82251ef4fb1abdcb025262d5cbf4bf8159949c89,0.005458461004309356,0.055577914608580685,0.8421162287273525,0.83111971616745,0.2512869613710791,0.6985465157777059
residual_v2,49,three_hole_asymmetric,23,private-source://routeA_experiments/data/final_ood_frozen_v1/three_hole_asymmetric/sample_0023.npz,fb7b07378547ca5def525e00c556fd80770b515ccf896b8db2c472e26a09e5de,0.004946545988786966,0.058056715580576075,1.1701197250203563,0.9757589846849442,0.28572012472432107,0.5957545790821306
residual_v2,49,three_hole_asymmetric,24,private-source://routeA_experiments/data/final_ood_frozen_v1/three_hole_asymmetric/sample_0024.npz,2db1bdfbff80836e6a8d01f12b7e3e3ccb933bc7fa29a6c580e28e0a5d564196,0.005332583998097107,0.06922283511838664,0.7600603977228166,0.8534134775400162,0.3361919894814491,0.6886680647730825
residual_v2,49,three_hole_asymmetric,25,private-source://routeA_experiments/data/final_ood_frozen_v1/three_hole_asymmetric/sample_0025.npz,d3dd37382fca909602f329cf5ca0868fdf4906bc68d239b517c7b63904d4d71e,0.005142206995515153,0.08103905478494972,0.8046212350527636,0.6482506096363068,0.40184056898579,0.5677157506346703
residual_v2,49,three_hole_asymmetric,26,private-source://routeA_experiments/data/final_ood_frozen_v1/three_hole_asymmetric/sample_0026.npz,ab2b827142dff4076d7ccc83b71215ae118cd4367f57c2e1f1a596a261244546,0.005119595007272437,0.07145167879130322,0.7576578262886319,0.7642571330070496,0.3893221393227577,0.6391382463276386
residual_v2,49,three_hole_asymmetric,27,private-source://routeA_experiments/data/final_ood_frozen_v1/three_hole_asymmetric/sample_0027.npz,502e0384dcc52c88b8d7686ef96396b3cb52f6aaceef7f024eb2b099d1a4007a,0.005346108984667808,0.06363426229806064,1.176428730904339,0.9907597675919533,0.2881180323747685,0.7853739516809576
residual_v2,49,three_hole_asymmetric,28,private-source://routeA_experiments/data/final_ood_frozen_v1/three_hole_asymmetric/sample_0028.npz,9350fce83bcaffdab0c4c8e8d9620ad9255df6368a78acb778f31f6d4d74c766,0.0054366959957405925,0.07205089511381679,1.0258435916402047,0.9464243203401566,0.34508939646184444,0.7009569436311716
residual_v2,49,three_hole_asymmetric,29,private-source://routeA_experiments/data/final_ood_frozen_v1/three_hole_asymmetric/sample_0029.npz,f5870c4d60ab26a07f238eaa0997f6136bebb56604eb5c97e4b9a2fda2f9dc4e,0.005093476996989921,0.06481960944303058,0.5431534768651946,0.7357320785522461,0.2599781472235918,0.56905203461647
residual_v2,49,three_hole_asymmetric,30,private-source://routeA_experiments/data/final_ood_frozen_v1/three_hole_asymmetric/sample_0030.npz,6fd7dea4e1eb48c71994c0c450b08928f5ea2504ed659d879044b9b6c1644f3b,0.0055110150133259594,0.0438953529973693,0.8997069718122471,0.8990856111049652,0.19076388143002987,0.7003817349672312
residual_v2,49,three_hole_asymmetric,31,private-source://routeA_experiments/data/final_ood_frozen_v1/three_hole_asymmetric/sample_0031.npz,4ba2ed02c426f61c1986b2240ee86afd7314ebbbe8b539e56f9600ba0cbbc1d6,0.0048576819826848805,0.05716497083299802,0.9331179391156167,0.9828463196754456,0.28441696614027023,0.7113361917436121
residual_v2,49,three_hole_asymmetric,32,private-source://routeA_experiments/data/final_ood_frozen_v1/three_hole_asymmetric/sample_0032.npz,19561acd47d971095affbf1d7482c2543969e7efe2e017cce9662594c2409591,0.005039262003265321,0.06933064790563633,0.8864216246284103,0.8197593241930008,0.3300220724195242,0.5903102800250053
residual_v2,49,three_hole_asymmetric,33,private-source://routeA_experiments/data/final_ood_frozen_v1/three_hole_asymmetric/sample_0033.npz,299a816b59d1641a415a05ef717681b17573aad62ca3c0dc9711e90793f0d5b1,0.005011214001569897,0.06939011308871845,0.9464646558067774,0.9133437275886536,0.3343578523490578,0.6940614841878385
residual_v2,49,three_hole_asymmetric,34,private-source://routeA_experiments/data/final_ood_frozen_v1/three_hole_asymmetric/sample_0034.npz,d9c1345372b974ce89c979d52478ef6d491162f017535e9466a777f808423d7d,0.005591583991190419,0.06831939128003425,0.8284670227500228,0.8285223990678787,0.3455951551441103,0.6709592521190643
residual_v2,49,three_hole_asymmetric,35,private-source://routeA_experiments/data/final_ood_frozen_v1/three_hole_asymmetric/sample_0035.npz,bbc5468f3342befdbe4e2f23d133af48d348c7ec0465af4103305de397fa0309,0.0055443019955419,0.0545099041757464,0.677726567447748,0.7675341963768005,0.299481313675642,0.6074557691812515
residual_v2,49,three_hole_asymmetric,36,private-source://routeA_experiments/data/final_ood_frozen_v1/three_hole_asymmetric/sample_0036.npz,f42f3b5b47bedfb758af7282d3853313d2f8cd91228aa5ad8456fe5f4ab773e7,0.004988525004591793,0.06262934058417359,0.5875391316026388,0.6607404947280884,0.32208020985126495,0.5743675976991653
residual_v2,49,three_hole_asymmetric,37,private-source://routeA_experiments/data/final_ood_frozen_v1/three_hole_asymmetric/sample_0037.npz,70b02216f9922d40a0913ae98c1656101a148ee3d0036600db73f132e9e21930,0.0053478430199902505,0.07009434013289956,0.8479028950153463,0.8766353130340576,0.32775887032039464,0.7522568117827176
residual_v2,49,three_hole_asymmetric,38,private-source://routeA_experiments/data/final_ood_frozen_v1/three_hole_asymmetric/sample_0038.npz,fa7d466e58601cc7ae42f28b80b74fe105c87c60ec45af33a67b9404e69917f3,0.005500964995007962,0.047893559324514584,0.4795653801075777,0.6198749840259552,0.23300224542617798,0.4758865252137179
residual_v2,49,three_hole_asymmetric,39,private-source://routeA_experiments/data/final_ood_frozen_v1/three_hole_asymmetric/sample_0039.npz,6729ed9a2fcaa8077240d781da78727ef103709fb74147547087f09e654d3eeb,0.005246113985776901,0.05715013215779248,0.6826817684617198,0.7414469122886658,0.3043951615691185,0.6227351009845732
residual_v2,49,three_hole_asymmetric,40,private-source://routeA_experiments/data/final_ood_frozen_v1/three_hole_asymmetric/sample_0040.npz,4dc1b2b4a3bf9267ac51874c458885168a31fd1142276944c4d12ad9b44e5100,0.0048409779847133905,0.07545776207208889,1.0012565372643847,0.9562292583286762,0.35379302501678467,0.8225890728645021
residual_v2,49,three_hole_asymmetric,41,private-source://routeA_experiments/data/final_ood_frozen_v1/three_hole_asymmetric/sample_0041.npz,1b3c5a766f7f80111c7c5b2d1e785760caa4ac76416598c810f62f378e2dbb64,0.004988193977624178,0.0790999114671229,0.9814567017335881,0.9243127107620239,0.3285851329565048,0.736047544330358
residual_v2,49,three_hole_asymmetric,42,private-source://routeA_experiments/data/final_ood_frozen_v1/three_hole_asymmetric/sample_0042.npz,71baba454d946efdf1ed77d43d057be7b5cb937b31204d3f9a34e5b759e1f944,0.005870951019460335,0.05588744878759407,0.5752568913658244,0.6732001304626465,0.2283390648663044,0.5479377329349516
residual_v2,49,three_hole_asymmetric,43,private-source://routeA_experiments/data/final_ood_frozen_v1/three_hole_asymmetric/sample_0043.npz,2ede2163e09a9b392d4845b6523de16898b67b651acecab632146f022bcfc1f4,0.004852531012147665,0.06863348051476043,0.8208064897583339,0.8256242126226425,0.3228340558707714,0.6307196885347364
residual_v2,49,three_hole_asymmetric,44,private-source://routeA_experiments/data/final_ood_frozen_v1/three_hole_asymmetric/sample_0044.npz,752790623dc514ac3a960bd67bd0cc3d73c861a4598060b92da04b2669e579d1,0.005066301004262641,0.06425705749185069,1.131121427762155,1.0029400661587715,0.2940578870475292,0.6754502184689043
residual_v2,49,three_hole_asymmetric,45,private-source://routeA_experiments/data/final_ood_frozen_v1/three_hole_asymmetric/sample_0045.npz,f93c887a4af2aa5861e233d5e8c99ba90ed0d24be1f48007e736b60f2d82baa0,0.005490109993843362,0.042691785413305525,0.729690391141499,0.7754082083702087,0.174000957980752,0.5279062911868091
residual_v2,49,three_hole_asymmetric,46,private-source://routeA_experiments/data/final_ood_frozen_v1/three_hole_asymmetric/sample_0046.npz,7d5d9a6e64d8ae8a1e9c7319dfb573f33de06eedee213c902c4b6812faa42d0f,0.004845164017751813,0.07273579469680383,1.0896759785695118,0.9582676514983177,0.3172299303114414,0.7774243349209418
residual_v2,49,three_hole_asymmetric,47,private-source://routeA_experiments/data/final_ood_frozen_v1/three_hole_asymmetric/sample_0047.npz,95e07fc5463827a0ac7d058d0e1aeb9765b781fcc9901e3615d3cde6d0c42f72,0.005463336012326181,0.08378032797982732,0.7633156916419384,0.8002961277961731,0.3851193878799677,0.6147916398942469
residual_v2,49,three_hole_asymmetric,48,private-source://routeA_experiments/data/final_ood_frozen_v1/three_hole_asymmetric/sample_0048.npz,741a820e5ca03d114c8d4ed90e51db19c9ac4733b4f826ec2ddcc36cdcac9b62,0.004852987010963261,0.06652874272022055,0.5969925277477971,0.7703713774681091,0.2800036668777466,0.5980312019586559
residual_v2,49,three_hole_asymmetric,49,private-source://routeA_experiments/data/final_ood_frozen_v1/three_hole_asymmetric/sample_0049.npz,9317a9055bfd4093fea4ae0bf2d7e1d3d9c8669629d159a06ce9f1c11ad7714e,0.005285346996970475,0.06743847370891008,0.875492595810253,0.7961823493242264,0.3545322995632887,0.578239433467388
residual_v2,49,three_hole_asymmetric,50,private-source://routeA_experiments/data/final_ood_frozen_v1/three_hole_asymmetric/sample_0050.npz,88a36cb1ba6df1b25c02998dd5f645924a13a886bbdfd8571e6f74a10d39880a,0.005041244003223255,0.06391368319451213,0.9099949195419479,0.9027273207902908,0.27664253674447536,0.737964606657624
residual_v2,49,three_hole_asymmetric,51,private-source://routeA_experiments/data/final_ood_frozen_v1/three_hole_asymmetric/sample_0051.npz,4d85c5da827c71859348f936a1bae9663c3aa6086f7d0a08035af48235a64ac0,0.005250432004686445,0.06295739971895374,0.9705666000177932,0.9335030764341354,0.3073172958102077,0.7460274912416933
residual_v2,49,three_hole_asymmetric,52,private-source://routeA_experiments/data/final_ood_frozen_v1/three_hole_asymmetric/sample_0052.npz,89347f4a5c2576ca481b684f9f7a77f38b7ae53c4ffdc77eeb307666b58e7af9,0.005005735991289839,0.0727819057538562,0.9576314801826148,0.9759612083435059,0.3708503395318985,0.7802052214741705
residual_v2,49,three_hole_asymmetric,53,private-source://routeA_experiments/data/final_ood_frozen_v1/three_hole_asymmetric/sample_0053.npz,68b58c6932346fa5b469420b06037edb861502f1184f5455c6a69240285d7df0,0.005288760003168136,0.047432169352543734,0.6023611927691731,0.6820641756057739,0.2203553020954132,0.5751554042100904
residual_v2,49,three_hole_asymmetric,54,private-source://routeA_experiments/data/final_ood_frozen_v1/three_hole_asymmetric/sample_0054.npz,8a3d74a7607b5928b4762b9ca74c6b9275b177ed92746be0574f4816d05444cd,0.005024874990340322,0.07218373696510652,0.9553634709851168,0.9284765794873238,0.3242083383811405,0.7244512917473899
residual_v2,49,three_hole_asymmetric,55,private-source://routeA_experiments/data/final_ood_frozen_v1/three_hole_asymmetric/sample_0055.npz,35e8e631f17a95d6289143b7bc8633f62ae4fcbfedd60929228f07fdfb4340db,0.00540680400445126,0.06873743635178467,1.035195351105822,0.9735154509544373,0.3539863587357104,0.7541911639273157
residual_v2,49,three_hole_asymmetric,56,private-source://routeA_experiments/data/final_ood_frozen_v1/three_hole_asymmetric/sample_0056.npz,445a3665a73f0ceaa2ced3d30b7da490d69d77b0d8a04d8eeb849db3eed04dd1,0.004972089984221384,0.05125476695383796,0.6958232681577675,0.7351861000061035,0.2799440287053585,0.5473014414310454
residual_v2,49,three_hole_asymmetric,57,private-source://routeA_experiments/data/final_ood_frozen_v1/three_hole_asymmetric/sample_0057.npz,e6cd4f4e82b85801bd6e1f55cd798f136d06cef8b5699b3b132aae856fc4f8c6,0.005050581996329129,0.08202175143341302,0.8665861200370141,0.8453677594661713,0.37036649137735367,0.7285230793058871
residual_v2,49,three_hole_asymmetric,58,private-source://routeA_experiments/data/final_ood_frozen_v1/three_hole_asymmetric/sample_0058.npz,cd8c02f16d5cb5b76ccf7d1ec24d90c99eadd3a3beb517f14abd993c4185db88,0.005013095011236146,0.05823151340363922,0.5744841726423825,0.7142213582992554,0.2682041371008381,0.4205542247742414
residual_v2,49,three_hole_asymmetric,59,private-source://routeA_experiments/data/final_ood_frozen_v1/three_hole_asymmetric/sample_0059.npz,8b2f19de3b7d84f2e94fee0e2534974e7bb4e568d67f3a1c9928750c5d681d54,0.004972163005732,0.06113874247471541,0.5323854623676804,0.5755752623081207,0.266393531113863,0.442022308707237
residual_v2,49,three_hole_asymmetric,60,private-source://routeA_experiments/data/final_ood_frozen_v1/three_hole_asymmetric/sample_0060.npz,9a762eaafc0ad4943d42da4f1c2f1324b21b6ee9e3faaf6bd0e21961c2c74f37,0.005488060996867716,0.08085732499730672,1.034645100718292,0.9641459882259369,0.36955503848730586,0.7799350440502162
residual_v2,49,three_hole_asymmetric,61,private-source://routeA_experiments/data/final_ood_frozen_v1/three_hole_asymmetric/sample_0061.npz,f363192d56ff237222c6af805a0435cdace76f73899372ae7a684b627192c2cf,0.004857223015278578,0.04584726778279405,0.6778926104163681,0.7437441945075989,0.29932423681020737,0.5858264327049255
residual_v2,49,three_hole_asymmetric,62,private-source://routeA_experiments/data/final_ood_frozen_v1/three_hole_asymmetric/sample_0062.npz,2f26a4605d7e2c878f5be76227c29d3c349d949c85a3fd078ad080cee6cfff90,0.005473577999509871,0.0636127580594968,0.7676162653495594,0.8394902050495148,0.3224822636693716,0.6708739057183264
residual_v2,49,three_hole_asymmetric,63,private-source://routeA_experiments/data/final_ood_frozen_v1/three_hole_asymmetric/sample_0063.npz,17c7bdafaf1ee584c9e013fbb7431229a839fea3282cdae21417ce64c07803f3,0.004875710001215339,0.05869404902470481,0.5649309487703665,0.5347565412521362,0.2581797745078802,0.4351938143372534
residual_v2,49,three_hole_asymmetric,64,private-source://routeA_experiments/data/final_ood_frozen_v1/three_hole_asymmetric/sample_0064.npz,793cbf94a8f0ee09dd55e7baf6508b26cc685f59f0c6758686e2412286c50e95,0.005398239009082317,0.06274789155162867,0.5757573454796974,0.777572363615036,0.28592389076948166,0.5247079592198133
residual_v2,49,three_hole_asymmetric,65,private-source://routeA_experiments/data/final_ood_frozen_v1/three_hole_asymmetric/sample_0065.npz,1a010370114984ac96012fd00665935431ad026ab4d7339462e9ede18dcde1d9,0.004891176009550691,0.06997185813763407,0.9405421402369067,0.9552285671234131,0.3133748099207878,0.7240672312676895
residual_v2,49,three_hole_asymmetric,66,private-source://routeA_experiments/data/final_ood_frozen_v1/three_hole_asymmetric/sample_0066.npz,b4fb5ef8fe25b228082cf73d25bf64834fc6a386885f1003e912cc5461f36d56,0.0053102950041648,0.06849196087431425,0.9380399713355824,0.8901515007019043,0.33143589925020933,0.7424452275037763
residual_v2,49,three_hole_asymmetric,67,private-source://routeA_experiments/data/final_ood_frozen_v1/three_hole_asymmetric/sample_0067.npz,9966203f8926dbc05a509af06ae061895e57e0716bd5f4d7fbf1f94ef0a45954,0.0048821090022102,0.06132435582112947,0.7836205534743377,0.7251417636871338,0.27922892570495605,0.5548063769936561
residual_v2,49,three_hole_asymmetric,68,private-source://routeA_experiments/data/final_ood_frozen_v1/three_hole_asymmetric/sample_0068.npz,3441c1ef60f7fd85c99941996ff1e1187f19859561c6ad1e959ad510a070dfcb,0.00551936897682026,0.06942796403425638,0.8937941424738963,0.8534126877784729,0.3331860890612006,0.7361930523067707
residual_v2,49,three_hole_asymmetric,69,private-source://routeA_experiments/data/final_ood_frozen_v1/three_hole_asymmetric/sample_0069.npz,957b4c4b2aca791503277fca2b6d349af9cb542bc497b1dfb5a2641ef5e16b1e,0.005327491002390161,0.08252997745313426,0.9731703434633435,0.9737086594104767,0.40815380308777094,0.7951702311635017
residual_v2,49,three_hole_asymmetric,70,private-source://routeA_experiments/data/final_ood_frozen_v1/three_hole_asymmetric/sample_0070.npz,bf042f87f987b456925f37ee22c985a855b18b686770e5b97a394d3c0c2acbe6,0.005119328998262063,0.06909708480540695,0.9708997500464869,0.9590871036052704,0.4143422869965434,0.768252658843994
residual_v2,49,three_hole_asymmetric,71,private-source://routeA_experiments/data/final_ood_frozen_v1/three_hole_asymmetric/sample_0071.npz,d8ecc3806b2dd2950185d128052672533a7ecff47ea474de8708ce8b3e391105,0.005494559998624027,0.03709751579761381,0.6288577913430512,0.70384281873703,0.1398936752229929,0.4690819397568695
residual_v2,49,three_hole_asymmetric,72,private-source://routeA_experiments/data/final_ood_frozen_v1/three_hole_asymmetric/sample_0072.npz,6fb1d638377a02897f21ad9678d3a93e1ed734ef1ade5a6f69a1c16b0d92646b,0.005136513005709276,0.05649153063389666,1.0212256929211998,0.998176097869873,0.2598934583365917,0.7693100661039352
residual_v2,49,three_hole_asymmetric,73,private-source://routeA_experiments/data/final_ood_frozen_v1/three_hole_asymmetric/sample_0073.npz,aa1f55a954bf5a5a2a0fc55c80c60d0c6c3bcfed40697329e85d1f1150b3beb1,0.005264372011879459,0.05973388760242391,0.8662165401646215,0.9024775475263596,0.2738058790564537,0.6908611774444575
residual_v2,49,three_hole_asymmetric,74,private-source://routeA_experiments/data/final_ood_frozen_v1/three_hole_asymmetric/sample_0074.npz,7efa7bbcf05970d90ea88b07b297960e2591bdf9454367d39202dd0eea0baf1c,0.005136633990332484,0.048154241656427725,0.8726574075617868,0.8810243606567383,0.24564380198717117,0.6709570184350011
residual_v2,49,three_hole_asymmetric,75,private-source://routeA_experiments/data/final_ood_frozen_v1/three_hole_asymmetric/sample_0075.npz,797d1d48df61dcc794ea9c42bd7cbe3fb5904ac3207e4c22d07fd98d6cba6889,0.005555089999688789,0.0746732491023387,0.861500801906873,0.8715640753507614,0.36882599256932735,0.7843800216913215
residual_v2,49,three_hole_asymmetric,76,private-source://routeA_experiments/data/final_ood_frozen_v1/three_hole_asymmetric/sample_0076.npz,ed8628f781c6e4e0f944c54b129e12897361e0950bc2b545bb2c4111835b1aa3,0.0051385640108492225,0.06229721251229198,0.974583511280366,0.9529326111078262,0.27820735424757004,0.6695567201822994
residual_v2,49,three_hole_asymmetric,77,private-source://routeA_experiments/data/final_ood_frozen_v1/three_hole_asymmetric/sample_0077.npz,e1e3d0aa07a5e03fbc7d7cd2e5822d6d019cc78a74b2a133771301fca0c23ab6,0.005473186989547685,0.08335682578992172,0.7662444241848395,0.7792008817195892,0.4028392620384693,0.6506705120205878
residual_v2,49,three_hole_asymmetric,78,private-source://routeA_experiments/data/final_ood_frozen_v1/three_hole_asymmetric/sample_0078.npz,b8c9c9f9a9d7c2106857e098ccf52a7ed33b76dda547cbe28fa76263b27cde39,0.005009941989555955,0.08076721501015045,0.9344653488504084,0.9227088764309883,0.3771216804161668,0.7159382253885268
residual_v2,49,three_hole_asymmetric,79,private-source://routeA_experiments/data/final_ood_frozen_v1/three_hole_asymmetric/sample_0079.npz,6600329ca06c105c508bd49db109ca5aa0861398ccd222389fac3dd5f02b058c,0.0054638999863527715,0.06964901647142667,1.082662652380686,0.8714776635169983,0.3669305500225164,0.6221945274621238
residual_v2,49,three_hole_asymmetric,80,private-source://routeA_experiments/data/final_ood_frozen_v1/three_hole_asymmetric/sample_0080.npz,ffbc158abeb51a4eb3928201634706c040d340dabbe33426cdc7b7127fe13543,0.004878206993453205,0.05521630651698519,0.8378271106201667,0.8561449944972992,0.2692328840494156,0.6780309230089183
residual_v2,49,three_hole_asymmetric,81,private-source://routeA_experiments/data/final_ood_frozen_v1/three_hole_asymmetric/sample_0081.npz,a87e60b7c7797fddf37237be730cdc9809205a80b44cb6b2262de1a6d7645693,0.005275304982205853,0.0880567554352082,1.1039090124539184,0.871494472026825,0.4340304131619632,0.6735431063920257
residual_v2,49,three_hole_asymmetric,82,private-source://routeA_experiments/data/final_ood_frozen_v1/three_hole_asymmetric/sample_0082.npz,067daeb253b7553c2df8a4b49429eea3aa5169264dc4c11e08a931320e7ddff4,0.005533942021429539,0.04417238398455043,0.6174951593373161,0.7097461223602295,0.259371355175972,0.5473850846290582
residual_v2,49,three_hole_asymmetric,83,private-source://routeA_experiments/data/final_ood_frozen_v1/three_hole_asymmetric/sample_0083.npz,f1d60eebc050728f5777b4668048e76d34dee796f6835ce90e1158999fa44fd4,0.004890910000540316,0.05815088076958946,0.8992466699850725,0.9283463731408119,0.2429894357919693,0.7185948885977264
residual_v2,49,three_hole_asymmetric,84,private-source://routeA_experiments/data/final_ood_frozen_v1/three_hole_asymmetric/sample_0084.npz,412d7cf0b8e7473beabae2d73d6f51672f2e2290c5eb4f6594fefd3da8d64992,0.005441735993372276,0.06784590721153311,0.7482669508182441,0.8336671441793442,0.29379493836313486,0.6563347101211535
residual_v2,49,three_hole_asymmetric,85,private-source://routeA_experiments/data/final_ood_frozen_v1/three_hole_asymmetric/sample_0085.npz,254ac982dfb840962b732a7f58d26007ad7175788b3d22740ac1a0de93037713,0.004904629982775077,0.04423146740937011,0.5213754975271584,0.6344918310642242,0.235636368393898,0.4900795951485617
residual_v2,49,three_hole_asymmetric,86,private-source://routeA_experiments/data/final_ood_frozen_v1/three_hole_asymmetric/sample_0086.npz,c521fb24ed492b9981db7f659459473625677c7b0d7e4c9095384fc6551b4657,0.005472735996590927,0.05374500779066604,1.0714716399280129,0.9499188810586929,0.23130118029075675,0.6693612053990354
residual_v2,49,three_hole_asymmetric,87,private-source://routeA_experiments/data/final_ood_frozen_v1/three_hole_asymmetric/sample_0087.npz,7946973bee1306c79f4c36bb2e32fb4b5c210f4c5eee0944367ba30e9fdd9e31,0.0048755870084278286,0.044319867488485876,0.6469336890079568,0.6995339393615723,0.22853224724531174,0.5378443554043769
residual_v2,49,three_hole_asymmetric,88,private-source://routeA_experiments/data/final_ood_frozen_v1/three_hole_asymmetric/sample_0088.npz,11f5514ff6bbacbe263aded7875193bf5aad8a00011357f6c74f2f464c5b23a1,0.005277668999042362,0.07141801055062787,0.710176797713886,0.8057869672775269,0.34356391057372093,0.5410729657858603
residual_v2,49,three_hole_asymmetric,89,private-source://routeA_experiments/data/final_ood_frozen_v1/three_hole_asymmetric/sample_0089.npz,a61b51e0b645bb67e96064efeeb018bd2d7b048c8350145b4efca94cd3cced4a,0.00486422999529168,0.06074953514526666,0.6153874499006822,0.6612918376922607,0.33128177002072334,0.5284370630979531
residual_v2,49,three_hole_asymmetric,90,private-source://routeA_experiments/data/final_ood_frozen_v1/three_hole_asymmetric/sample_0090.npz,f238f1b73bfe633977814f4ee8efd7678f1da09cdadc96667ab86b42fd9c84b8,0.005251746013527736,0.07169363200693132,0.979929373897197,0.9467549920082092,0.3182269027456641,0.760889083892107
residual_v2,49,three_hole_asymmetric,91,private-source://routeA_experiments/data/final_ood_frozen_v1/three_hole_asymmetric/sample_0091.npz,908dee8055af09e682db2290282512110ad8b8134b5a3c698b0b1e27d1298733,0.0049013280076906085,0.054939428206573056,0.6751626480435607,0.7695974111557007,0.2701363265514374,0.6391359448432922
residual_v2,49,three_hole_asymmetric,92,private-source://routeA_experiments/data/final_ood_frozen_v1/three_hole_asymmetric/sample_0092.npz,235f3d7bb93d6ff69897dc532f9c0175c97fc98f43fc1a6c18061f36b3b6c3ef,0.0053793470142409205,0.06776306413280864,0.7321548282567474,0.817245826125145,0.40071746427565813,0.693857792019844
residual_v2,49,three_hole_asymmetric,93,private-source://routeA_experiments/data/final_ood_frozen_v1/three_hole_asymmetric/sample_0093.npz,a7d0da11a92287a27a4a6c11ca702f3f2f17ff721a0f0279d690f8abf94252be,0.0048568650090601295,0.0374285153746795,0.48523332638559574,0.5192848742008209,0.180690199136734,0.42736957073211657
residual_v2,49,three_hole_asymmetric,94,private-source://routeA_experiments/data/final_ood_frozen_v1/three_hole_asymmetric/sample_0094.npz,d0aa584876f99691aeeb8026d5ead955e7cc17621019a851ef37a13edaf58971,0.005299181997543201,0.08428823648791153,0.9340175685692178,0.8761449903249741,0.3601005859673023,0.6906980603933333
residual_v2,49,three_hole_asymmetric,95,private-source://routeA_experiments/data/final_ood_frozen_v1/three_hole_asymmetric/sample_0095.npz,d203d6745345a12b29597ac2d26caea89ab17bb23083688666fb462296530e05,0.004879367013927549,0.07822358603663282,0.894407865898813,0.8612500578165054,0.32932612253353,0.7364708993583913
residual_v2,49,three_hole_asymmetric,96,private-source://routeA_experiments/data/final_ood_frozen_v1/three_hole_asymmetric/sample_0096.npz,78f0808d535501b8d16b5386431081df41fe126d96ffeb5bfc34b71693bd5714,0.005289135006023571,0.0667852308048578,0.941073407065267,0.8622148036956787,0.2968197907030117,0.6568904053419822
residual_v2,49,three_hole_asymmetric,97,private-source://routeA_experiments/data/final_ood_frozen_v1/three_hole_asymmetric/sample_0097.npz,a19b074a2ef168ce2028edf5abd4394ddadac3e42eb7badae29852dcd87b8c01,0.004840951994992793,0.06988754450179993,0.9435777151527206,0.9518054127693176,0.36795276775956154,0.8127554513514028
residual_v2,49,three_hole_asymmetric,98,private-source://routeA_experiments/data/final_ood_frozen_v1/three_hole_asymmetric/sample_0098.npz,e628a052cb301d1ccddc36abc3e756605d05d755311cc580cb8638d0283e8a28,0.0052817089890595526,0.05807426922057755,0.8355555762482458,0.875795841217041,0.2876028008759022,0.6764511823654175
residual_v2,49,three_hole_asymmetric,99,private-source://routeA_experiments/data/final_ood_frozen_v1/three_hole_asymmetric/sample_0099.npz,c4c58ccc92851ab150fbcfb7929b45da22b8f4be00f48239dbac5a4033fb8247,0.004903368011582643,0.042418063030376464,0.6210293515705811,0.6785032749176025,0.23053813725709915,0.5540320456027985
residual_v2,49,three_hole_asymmetric,100,private-source://routeA_experiments/data/final_ood_frozen_v1/three_hole_asymmetric/sample_0100.npz,7735aa807c0bade0596ab7163387935e7d8a6420ea91ac0b71468f037f55c595,0.005290209985105321,0.054753296648497894,0.5339993576762976,0.7775561511516571,0.23877522349357605,0.543746893107891
residual_v2,49,three_hole_asymmetric,101,private-source://routeA_experiments/data/final_ood_frozen_v1/three_hole_asymmetric/sample_0101.npz,50903f9da861e8e4b8d2ee84d0c4eea498c76f1b91f5cc6b26cca7661f51f13b,0.004895771009614691,0.08294432181830083,1.070225540963271,0.9332760870456696,0.31982811156194657,0.7781833065673702
residual_v2,49,three_hole_asymmetric,102,private-source://routeA_experiments/data/final_ood_frozen_v1/three_hole_asymmetric/sample_0102.npz,393185e3a3667ce8030757bd68d94410eee1772700c16b445a0af74c993e2d3e,0.005434279999462888,0.0797966330919288,1.1386454188825785,0.9919711612164974,0.3430183884338476,0.7649546969681974
residual_v2,49,three_hole_asymmetric,103,private-source://routeA_experiments/data/final_ood_frozen_v1/three_hole_asymmetric/sample_0103.npz,d8e3e01787f23ef6a1dabb9edf23da79e0637aeb7fd538143355fccbedc02bc1,0.004890037002041936,0.07652803455107735,0.6916347916733772,0.8405594527721405,0.37373456358909607,0.5533709198236464
residual_v2,49,three_hole_asymmetric,104,private-source://routeA_experiments/data/final_ood_frozen_v1/three_hole_asymmetric/sample_0104.npz,d6cc18e29b7582dec1b5602f9fa8218e7d40d0e0ed08552c1d6acc779fc36a17,0.005301202007103711,0.057622062186837485,0.9396345463090716,0.9040225446224213,0.2980619788868353,0.7846794188022611
residual_v2,49,three_hole_asymmetric,105,private-source://routeA_experiments/data/final_ood_frozen_v1/three_hole_asymmetric/sample_0105.npz,35bd0c998f7436861f71be50f8aba64a3461c822cf292b3e6694660f55a3b0f1,0.005477063008584082,0.05634943966928043,0.4849070713508018,0.5837693512439728,0.2525520473718643,0.39981012046337094
residual_v2,49,three_hole_asymmetric,106,private-source://routeA_experiments/data/final_ood_frozen_v1/three_hole_asymmetric/sample_0106.npz,6888edd52db8cf29388af634eedf7f9be35793c07c18644b7f86f8a441acc780,0.0049972099950537086,0.05172639954345333,0.6100538487602907,0.6695898473262787,0.22406886518001556,0.5381372049450872
residual_v2,49,three_hole_asymmetric,107,private-source://routeA_experiments/data/final_ood_frozen_v1/three_hole_asymmetric/sample_0107.npz,40b2ef1f23b501bfde64a13fe7258035909f0d78e1d54eb6e1443c804305ecf4,0.00538223100011237,0.05442132701995474,1.1060275020618369,0.9638499990105629,0.23344380548223853,0.576199462544173
residual_v2,49,three_hole_asymmetric,108,private-source://routeA_experiments/data/final_ood_frozen_v1/three_hole_asymmetric/sample_0108.npz,79b8dfa34c2b35a10fea27f09a0f9f798b0367fc5192ed59d1361f1b53799bdd,0.005259978002868593,0.07607524789498286,0.9405410083233248,0.8526657074689865,0.3410710180760361,0.6377528384327875
residual_v2,49,three_hole_asymmetric,109,private-source://routeA_experiments/data/final_ood_frozen_v1/three_hole_asymmetric/sample_0109.npz,8ce37dd8adb5cefec81dbd0f448aa24fd957fd04fe733656a07aef732c8cc2eb,0.005271735979476944,0.07893455663483118,0.7924673548590152,1.0271240919828415,0.40052067511714995,0.5712592631578441
residual_v2,49,three_hole_asymmetric,110,private-source://routeA_experiments/data/final_ood_frozen_v1/three_hole_asymmetric/sample_0110.npz,4f2615c8cb85f9158644a5c730014c3884dbecc44b41e4c6525efb9d86c8caf8,0.005297930998494849,0.07156340698868795,1.0102600470298957,0.9123071432113647,0.3027494023554027,0.7755010586231944
residual_v2,49,three_hole_asymmetric,111,private-source://routeA_experiments/data/final_ood_frozen_v1/three_hole_asymmetric/sample_0111.npz,0935578871a0f3a49acfc526c2f37c216dd91c68bd2a8bfb1b536326e94f5a44,0.005464044981636107,0.0599482770364516,1.2068075252921018,0.9709292873740196,0.3545002847677097,0.6092986833304167
residual_v2,49,three_hole_asymmetric,112,private-source://routeA_experiments/data/final_ood_frozen_v1/three_hole_asymmetric/sample_0112.npz,75f3066ea740d92e454646a086e63a485bf69922e759ad6ffeae0e0cb87dfaa8,0.005268555018119514,0.07840030964535376,0.9312625341904383,0.9248422086238861,0.3320722244679928,0.7800603620707979
residual_v2,49,three_hole_asymmetric,113,private-source://routeA_experiments/data/final_ood_frozen_v1/three_hole_asymmetric/sample_0113.npz,e697a839e7548feb3a5b14360c3973b92e38a87052d3b7365b32a7cd0a753191,0.005103461007820442,0.050354053841901864,0.5361300331725419,0.6521331667900085,0.24518278986215591,0.47786591649055454
residual_v2,49,three_hole_asymmetric,114,private-source://routeA_experiments/data/final_ood_frozen_v1/three_hole_asymmetric/sample_0114.npz,7afaaf3601e6ed30886241051a0637c969fab4fdc7321968e3389ce030c7486a,0.005325056001311168,0.07207615885249513,0.7710270122998378,0.791021466255188,0.38895227760076523,0.6453361123800276
residual_v2,49,three_hole_asymmetric,115,private-source://routeA_experiments/data/final_ood_frozen_v1/three_hole_asymmetric/sample_0115.npz,c61c1f6680ef22cfbb61c3b59a74537ff91a7a97eefe05a24d1215c5eff14175,0.005164400994544849,0.06823769586550746,0.8855212677974463,0.8818686306476593,0.31258196104317904,0.6967428803443909
residual_v2,49,three_hole_asymmetric,116,private-source://routeA_experiments/data/final_ood_frozen_v1/three_hole_asymmetric/sample_0116.npz,9630b36b29d980654e8e8af10a050b5b22f9036bbc0eaf53ddfff402e0574e30,0.004890730982879177,0.09140068002087173,1.0271399628495057,0.8445950746536255,0.3638611614587717,0.7044913381338119
residual_v2,49,three_hole_asymmetric,117,private-source://routeA_experiments/data/final_ood_frozen_v1/three_hole_asymmetric/sample_0117.npz,d3d1cc5eb6165ce5dd1eb46f3b7422b7a91b41002dd8e244fb5807270ef54ae0,0.004987616004655138,0.06149639824672918,1.0758196824831912,0.9377868622541428,0.28300074918661267,0.6447304133325811
residual_v2,49,three_hole_asymmetric,118,private-source://routeA_experiments/data/final_ood_frozen_v1/three_hole_asymmetric/sample_0118.npz,8e2be99501a03f3deba60278c03b5af400416cb985c121c2fa7d7d7827ff8328,0.004889184987405315,0.06453157103133658,0.8024598024419412,0.871878057718277,0.31530669052153826,0.5951001532375811
residual_v2,49,three_hole_asymmetric,119,private-source://routeA_experiments/data/final_ood_frozen_v1/three_hole_asymmetric/sample_0119.npz,a47277e2b3beb0d89ef7b03bc2d99a8b043b3ba5b66636730dd832240fb5bf67,0.005104415002278984,0.07855687425252209,0.9508690797664818,0.8981146365404129,0.35591125674545765,0.7145907543599593
residual_v2,49,three_hole_asymmetric,120,private-source://routeA_experiments/data/final_ood_frozen_v1/three_hole_asymmetric/sample_0120.npz,460897fcccde1db2e8ba9079e66abd4ea55bf6c9fcc14cc7507c17ec7571d07d,0.004884560010395944,0.05166531119530029,0.7568845020818429,0.8340583145618439,0.2774224719032645,0.639951883256435
residual_v2,49,three_hole_asymmetric,121,private-source://routeA_experiments/data/final_ood_frozen_v1/three_hole_asymmetric/sample_0121.npz,7463cebd5dcf30b0f53bfbcec6ed3cd938cae4ff1c7cb5a51f6b6208a020a4d2,0.005054510984336957,0.04461901248693625,0.5917102370567894,0.7670713365077972,0.2067824825644493,0.44959644079208355
residual_v2,49,three_hole_asymmetric,122,private-source://routeA_experiments/data/final_ood_frozen_v1/three_hole_asymmetric/sample_0122.npz,0b1f50e6483c4bd20f2eb7b1a5ad3ca903b7158558b6379b0a1c87cfb444d395,0.005055218003690243,0.06993600099376217,1.0786487640728422,0.9393607266247272,0.2795718605921138,0.7607407893985493
residual_v2,49,three_hole_asymmetric,123,private-source://routeA_experiments/data/final_ood_frozen_v1/three_hole_asymmetric/sample_0123.npz,65e171101675b5cb87eb5555f716856d756743e6d3447dfa2efbde71ac332e67,0.005352032982045785,0.0646665461625573,0.8836864604017313,0.8818239495158195,0.27884835563600063,0.7432001933455467
residual_v2,49,three_hole_asymmetric,124,private-source://routeA_experiments/data/final_ood_frozen_v1/three_hole_asymmetric/sample_0124.npz,d3c7c52167944c7ed7ee06f79272238419f46b0150fe90a2589d3153747fbf2f,0.005528573004994541,0.059364564409086974,0.7557541283722479,0.8058193325996399,0.28146609070245177,0.5914398387074468
residual_v2,49,three_hole_asymmetric,125,private-source://routeA_experiments/data/final_ood_frozen_v1/three_hole_asymmetric/sample_0125.npz,629b8f9d37de5d037c8e33f97e602bf5d06a112e8c988084322626ed3cfa0db4,0.005367361009120941,0.08573024523529067,0.9411338817901324,0.8317364305257797,0.3914446021663025,0.7119464706629511
residual_v2,49,three_hole_asymmetric,126,private-source://routeA_experiments/data/final_ood_frozen_v1/three_hole_asymmetric/sample_0126.npz,d79d0f135637e2841b3453a53add5c4bf624f15ae92f2562acb09afebef0ede1,0.005553841998334974,0.06656093570983057,0.7436770551263068,0.7719127535820007,0.30335404351353645,0.651664967834949
residual_v2,49,three_hole_asymmetric,127,private-source://routeA_experiments/data/final_ood_frozen_v1/three_hole_asymmetric/sample_0127.npz,7cee35213e8863690074459c24d7fd282a7630a45f0f4fab56f69cc5187ced3c,0.005327010992914438,0.053077922401123426,0.5435631883004295,0.5814869701862335,0.23792299628257751,0.38794812932610495
residual_v2,49,three_hole_asymmetric,128,private-source://routeA_experiments/data/final_ood_frozen_v1/three_hole_asymmetric/sample_0128.npz,66f17e3594dd9beaddc30078e0aea012c36ea89ec3780e24ab5e66ada4aa0aee,0.00561496100272052,0.06596607680935587,0.6079787426024118,0.6646698415279388,0.3055802434682846,0.532282917201519
residual_v2,49,three_hole_asymmetric,129,private-source://routeA_experiments/data/final_ood_frozen_v1/three_hole_asymmetric/sample_0129.npz,0513a13dc15142aa7035ad92a4d92696cde53f4f938fba0b6258ba43ff994ce4,0.005406644981121644,0.07633480329921434,0.9629670987024117,0.8962565362453461,0.3557864250615239,0.7261392310261724
residual_v2,49,three_hole_asymmetric,130,private-source://routeA_experiments/data/final_ood_frozen_v1/three_hole_asymmetric/sample_0130.npz,0b7e254aff9dacc784e6945d18e32da0372125ff81dc9fb35dcf29f7e12504f6,0.0054731330019421875,0.0831176180426643,0.7899295278238394,0.8236855566501617,0.4338699346408248,0.6767143875360488
residual_v2,49,three_hole_asymmetric,131,private-source://routeA_experiments/data/final_ood_frozen_v1/three_hole_asymmetric/sample_0131.npz,b7bf7aa4688f48d7c78174369c23732d337ae6ffd998cf06bb7a4edda3a5063d,0.005367329984437674,0.047994976813705514,0.6442894164327462,0.6370509266853333,0.28039951249957085,0.5190659284591673
residual_v2,49,three_hole_asymmetric,132,private-source://routeA_experiments/data/final_ood_frozen_v1/three_hole_asymmetric/sample_0132.npz,37fe2cf79de29a9b7e04b5fe118372c54173e6f10125f0854cf4d171d4776d59,0.005298575997585431,0.04140613674258729,0.75026156986692,0.9301609098911285,0.17958412691950798,0.5964009761810302
residual_v2,49,three_hole_asymmetric,133,private-source://routeA_experiments/data/final_ood_frozen_v1/three_hole_asymmetric/sample_0133.npz,3683c8dae119211360b0dbaa1ac9e1693a1728caddc3c1bb3768f981c2091e26,0.0055006280017551035,0.06622813273575548,0.6253404202422281,0.7286132574081421,0.32970465160906315,0.5146538734436025
residual_v2,49,three_hole_asymmetric,134,private-source://routeA_experiments/data/final_ood_frozen_v1/three_hole_asymmetric/sample_0134.npz,322bc5ec6225e978895e341b9dfdf38fbfa0681b5b329fe286739337905a2e67,0.005356388981454074,0.0696752323995333,0.9729015570781228,0.9412831962108612,0.35080711171031,0.7247692320495844
residual_v2,49,three_hole_asymmetric,135,private-source://routeA_experiments/data/final_ood_frozen_v1/three_hole_asymmetric/sample_0135.npz,b3bc13b4ad513f7b7c47e8dfedda3871bfe1d969ceb542243518b1f1661a7b7d,0.005586131999734789,0.0581989032854258,0.889614640813452,0.9065703600645065,0.26686857640743256,0.7091103605926032
residual_v2,49,three_hole_asymmetric,136,private-source://routeA_experiments/data/final_ood_frozen_v1/three_hole_asymmetric/sample_0136.npz,20f73113304cb007ce9ee5b010405b3b08c38b719993477582e1adb17921d82b,0.005317749979440123,0.05139401027600192,0.5855664866165173,0.6598472893238068,0.2807576507329941,0.5306267321109768
residual_v2,49,three_hole_asymmetric,137,private-source://routeA_experiments/data/final_ood_frozen_v1/three_hole_asymmetric/sample_0137.npz,9c029bad505c34e3cca11e8187bc4fdf7d1417417883641e5c92c0e2b1861711,0.005451072996947914,0.06229933650087206,0.774901598615431,0.8155356124043465,0.3197505157440901,0.6469243898987767
residual_v2,49,three_hole_asymmetric,138,private-source://routeA_experiments/data/final_ood_frozen_v1/three_hole_asymmetric/sample_0138.npz,2a95dd7d60712bbde64ddb2f3b9b174a2da8a71e64f53104448b1fda6898cb87,0.005353460001060739,0.07427427791678395,1.1547814104601188,0.9774717390537262,0.31804797099903226,0.6648894082754846
residual_v2,49,three_hole_asymmetric,139,private-source://routeA_experiments/data/final_ood_frozen_v1/three_hole_asymmetric/sample_0139.npz,f356651d5f0fbe76d7b23cee9c305931b8e8fe879d3fc560e174e6ff4a4bcbc9,0.0053700779972132295,0.06528006532212488,0.6944012574138178,0.7261266708374023,0.2976994635537267,0.6397583872079846
residual_v2,49,three_hole_asymmetric,140,private-source://routeA_experiments/data/final_ood_frozen_v1/three_hole_asymmetric/sample_0140.npz,c22b26c249410214ce91ba779d94c82c7d58648110a4aac0c4246990ecc43bba,0.005992909980705008,0.0743584492528053,0.8168127495438425,0.808317705988884,0.4125554524362087,0.7390612900257109
residual_v2,49,three_hole_asymmetric,141,private-source://routeA_experiments/data/final_ood_frozen_v1/three_hole_asymmetric/sample_0141.npz,581b8c08fb25b0697b98b87164ebaafe6cd559b41136643d44f9de35e975d7b9,0.0053470559942070395,0.06827380357314415,0.9951603108288503,0.9750517755746841,0.33175294287502766,0.7857405699789521
residual_v2,49,three_hole_asymmetric,142,private-source://routeA_experiments/data/final_ood_frozen_v1/three_hole_asymmetric/sample_0142.npz,578e8f60d4da9f74071ab8374b88b7be266d5d1e67dec13929a7acf811b163a8,0.006270350015256554,0.0792762938232539,1.0155303412347862,0.9374794065952301,0.34547816682606936,0.7831278353929515
residual_v2,49,three_hole_asymmetric,143,private-source://routeA_experiments/data/final_ood_frozen_v1/three_hole_asymmetric/sample_0143.npz,b6b2551b71fdf3da0d4ca84d9f08c6aa2f3008f1962bd943296cbf9612880efc,0.005382617993745953,0.06549087763536826,0.9680071188835455,0.9382806792855263,0.2809245209209621,0.8170990597456693
residual_v2,49,three_hole_asymmetric,144,private-source://routeA_experiments/data/final_ood_frozen_v1/three_hole_asymmetric/sample_0144.npz,8329648a6f54e17ec6911f4a2a43086a79f241b8ea2247f84b00d977ee02610d,0.005481566011440009,0.05410816519081433,0.9734643304973376,0.9579789116978645,0.2350394567474723,0.7375147994607681
residual_v2,49,three_hole_asymmetric,145,private-source://routeA_experiments/data/final_ood_frozen_v1/three_hole_asymmetric/sample_0145.npz,9e07276be4c9a737eae17e3917bc3cdc5d0dfa1bce9663bd981f358519eb110c,0.005517306010005996,0.06856380375984279,0.7671797730671074,0.7924759835004807,0.3534989319741726,0.5979185156524179
residual_v2,49,three_hole_asymmetric,146,private-source://routeA_experiments/data/final_ood_frozen_v1/three_hole_asymmetric/sample_0146.npz,67f3ee8daff2c978cbe4cd399a7f2ad4874665b5c644a341c057c304af1127c1,0.005445874994620681,0.07248908240627745,0.9314453473331724,0.9194836169481277,0.3428558630403131,0.772147091850638
residual_v2,49,three_hole_asymmetric,147,private-source://routeA_experiments/data/final_ood_frozen_v1/three_hole_asymmetric/sample_0147.npz,e85347f74d9b0184043eda85a8b0b42fe6515b3c49ceeec50b7b4d6dfff4a07d,0.005233276984654367,0.05155774087356189,0.6084682641758192,0.779358446598053,0.29349584877491,0.564357222616672
residual_v2,49,three_hole_asymmetric,148,private-source://routeA_experiments/data/final_ood_frozen_v1/three_hole_asymmetric/sample_0148.npz,245fe71d4768340cf55e028f00a51ef269352046fcee78a0376200f4998c9360,0.004883644985966384,0.039420749682979664,0.6262786020327735,0.6956036686897278,0.18968600779771805,0.48535920381545955
residual_v2,49,three_hole_asymmetric,149,private-source://routeA_experiments/data/final_ood_frozen_v1/three_hole_asymmetric/sample_0149.npz,e4131c7833d7b32f7f309cc922c788dde6f66644cd7c84c3995c3e66ca6ec058,0.005318717012414709,0.05487579520826054,0.9632538927513664,0.898177869617939,0.2514956130180508,0.7315421044826506
residual_v2,49,three_hole_asymmetric,150,private-source://routeA_experiments/data/final_ood_frozen_v1/three_hole_asymmetric/sample_0150.npz,14d7c4793f64ce9d612ac24093c5fbe0dae12baa2ebcc0e606416070b0010be4,0.004892449011094868,0.0706146626003726,1.0132009793930477,0.9003151953220367,0.28623043885454535,0.6857661187648768
residual_v2,49,three_hole_asymmetric,151,private-source://routeA_experiments/data/final_ood_frozen_v1/three_hole_asymmetric/sample_0151.npz,3c828906fd7ab01c163402ae535f03a420e0b8d29d63467e8f5e0ac8bb2069f1,0.005312347988365218,0.06999470617770256,0.7992376550108494,0.8063364624977112,0.3338679720181972,0.65614341199398
residual_v2,49,three_hole_asymmetric,152,private-source://routeA_experiments/data/final_ood_frozen_v1/three_hole_asymmetric/sample_0152.npz,2dd677fdf441a2d0d82994893dd167d20bc429686f9d05c84662f972384de6c2,0.00548157500452362,0.05643239234581082,0.9269610093046261,0.9311099201440811,0.23311130749061704,0.7842276535928239
residual_v2,49,three_hole_asymmetric,153,private-source://routeA_experiments/data/final_ood_frozen_v1/three_hole_asymmetric/sample_0153.npz,e09e2ec653206737b870b71f517fcc81353db939fd7d890bfde2a8715648f046,0.005354221997549757,0.05488529985369512,1.0046860075115582,0.9498456418514252,0.23618399188490002,0.7460227616131304
residual_v2,49,three_hole_asymmetric,154,private-source://routeA_experiments/data/final_ood_frozen_v1/three_hole_asymmetric/sample_0154.npz,354f1ec9c8bb281306006c931744c6710f378713690c48b9dfc924d8e03155dc,0.004949586989823729,0.058858810666717325,0.7246676635292479,0.7210632711648941,0.2807615091151092,0.5331903181970118
residual_v2,49,three_hole_asymmetric,155,private-source://routeA_experiments/data/final_ood_frozen_v1/three_hole_asymmetric/sample_0155.npz,4feb6d42b1ba8f3891917e887c391dac5ab83213398859f8c4d1343a08f81523,0.005329581996193156,0.04607130303856967,0.7227394465328565,0.7331361174583435,0.1936188692925498,0.49014643728732965
residual_v2,49,three_hole_asymmetric,156,private-source://routeA_experiments/data/final_ood_frozen_v1/three_hole_asymmetric/sample_0156.npz,2ed681cf4ebe76dc5ff83597e8f424f37faa8aa01f50048685eb1a9f8504ef64,0.005479344021296129,0.060359851060770665,0.8878004350428036,0.9474506825208664,0.3042455464601517,0.6525824271142483
residual_v2,49,three_hole_asymmetric,157,private-source://routeA_experiments/data/final_ood_frozen_v1/three_hole_asymmetric/sample_0157.npz,8f86d834f785485f1110f7ae10b681508b7fb7293834bdeabad4cd9e0ff581e7,0.005347714992240071,0.05441952653056208,0.7462054306680698,0.8076997697353363,0.3084811996668577,0.6071107864379875
residual_v2,49,three_hole_asymmetric,158,private-source://routeA_experiments/data/final_ood_frozen_v1/three_hole_asymmetric/sample_0158.npz,b7838937a002adfbc7581e42e80020a5cc8ff317b9ef609ec1903087a3d31c3e,0.004945439985021949,0.06640417686544689,0.8028677201919572,0.7417728304862976,0.27865771390497684,0.5545830093324178
residual_v2,49,three_hole_asymmetric,159,private-source://routeA_experiments/data/final_ood_frozen_v1/three_hole_asymmetric/sample_0159.npz,7ec05d300291c51dfc519a7d08b75bd3be917f67a3673dfe18849f585f9f709e,0.005095979984616861,0.07606016158883719,0.9035740812535248,0.824344664812088,0.3542609012220055,0.6532803036272523
residual_v2,49,three_hole_asymmetric,160,private-source://routeA_experiments/data/final_ood_frozen_v1/three_hole_asymmetric/sample_0160.npz,406b5d01c559ad3764a887df63a81ab6aeb54deb0e03ab5546863badf9a16f35,0.0055043629836291075,0.06558037872015651,1.2246450177430785,0.97791887819767,0.3052652030455647,0.6007182594388718
residual_v2,49,three_hole_asymmetric,161,private-source://routeA_experiments/data/final_ood_frozen_v1/three_hole_asymmetric/sample_0161.npz,e022a734e6aba3a7301b06bd77c79e73047ff290f57525b8dee053bdfa5b4988,0.0052981429907958955,0.03819283412187724,0.4875267739754016,0.5855894982814789,0.1543300747871399,0.4216502130031578
residual_v2,49,three_hole_asymmetric,162,private-source://routeA_experiments/data/final_ood_frozen_v1/three_hole_asymmetric/sample_0162.npz,2b13f73876bba396b8fa67ab174be82ee1a554b9e4c19a3a7412ffc39aba0b13,0.005422805988928303,0.04414119090139803,0.6322178390872852,0.7249173223972321,0.25433654710650444,0.5207607746124266
residual_v2,49,three_hole_asymmetric,163,private-source://routeA_experiments/data/final_ood_frozen_v1/three_hole_asymmetric/sample_0163.npz,e9b740089bb1f2d4e21a0999405d9bdba3a57bd51c7e58ea5ed47d11ee6595a2,0.004877867002505809,0.04582575637779989,0.7073082917965846,0.721445769071579,0.19816754013299942,0.5547308675944796
residual_v2,49,three_hole_asymmetric,164,private-source://routeA_experiments/data/final_ood_frozen_v1/three_hole_asymmetric/sample_0164.npz,9f206330bd07c9c4847fddf539ce746ee66390d885f3c33bc1d444adbbd318ac,0.004980152996722609,0.06678788121902184,0.6390418440119905,0.6077285408973694,0.3317788913846016,0.5035857517272233
residual_v2,49,three_hole_asymmetric,165,private-source://routeA_experiments/data/final_ood_frozen_v1/three_hole_asymmetric/sample_0165.npz,59ec0f1c680bf9149906ed38b4dd3a4aa7612d7147f9c53c5dcfa06ecca43366,0.004966100008459762,0.0728451753415364,0.8173625568908881,0.8142531514167786,0.3483956102281809,0.6876183200627564
residual_v2,49,three_hole_asymmetric,166,private-source://routeA_experiments/data/final_ood_frozen_v1/three_hole_asymmetric/sample_0166.npz,acdabcd30120f1b891f11b4fee7490ecf1c73a42827cec6684949a026c1d238b,0.0054284820216707885,0.07533251152950397,0.8963258981157167,0.8462963700294495,0.3862249990925193,0.7465918086469173
residual_v2,49,three_hole_asymmetric,167,private-source://routeA_experiments/data/final_ood_frozen_v1/three_hole_asymmetric/sample_0167.npz,2d64cbb7ed13e9d5493b3bcffc548a37e43f77cfe686d4bd90f395d9b3dedcd2,0.005420714995125309,0.07741945826585481,1.0682300911988665,0.9674569293856621,0.3208915031282231,0.7046381458640089
residual_v2,49,three_hole_asymmetric,168,private-source://routeA_experiments/data/final_ood_frozen_v1/three_hole_asymmetric/sample_0168.npz,ce1811b3b58e1cf01845e9ffb4fac5caa62f765929be1337c8260c13d9b65d5d,0.004946076980559155,0.07129282161047268,1.2321490709318161,0.9684605970978737,0.3420415262808092,0.6992378445342172
residual_v2,49,three_hole_asymmetric,169,private-source://routeA_experiments/data/final_ood_frozen_v1/three_hole_asymmetric/sample_0169.npz,c8bdae4b5e47fcfb5a99f1ccde0ca1ecf2011b5c092fc8bd8e61595f8c50518c,0.005254257004708052,0.05645077098162708,0.9894458492431936,0.9554033279418945,0.23926892783492804,0.7301451861858356
residual_v2,49,three_hole_asymmetric,170,private-source://routeA_experiments/data/final_ood_frozen_v1/three_hole_asymmetric/sample_0170.npz,33251f1d994ef521e7ed6646d939e7b5f6ae05ade833fce7f91910e3aa7b2d74,0.005010594002669677,0.06867360522768984,1.0096614018640242,0.963675819337368,0.3089740602299571,0.7087295558303582
residual_v2,49,three_hole_asymmetric,171,private-source://routeA_experiments/data/final_ood_frozen_v1/three_hole_asymmetric/sample_0171.npz,3304230b1d8bbdd9fc2dfda78714484a468749cddd223bba1c2dbf29c548831e,0.005240665021119639,0.07384762043928458,0.8473187322776756,0.9605873823165894,0.4150989130139351,0.7467649854719633
residual_v2,49,three_hole_asymmetric,172,private-source://routeA_experiments/data/final_ood_frozen_v1/three_hole_asymmetric/sample_0172.npz,a740cace37940a1e2252703d9381d4b9f3f3b166a52d68121a24aaca6473c237,0.004956480988766998,0.07333540926003512,0.8238709855665896,0.7924902141094208,0.3222416704520583,0.6961465522646904
residual_v2,49,three_hole_asymmetric,173,private-source://routeA_experiments/data/final_ood_frozen_v1/three_hole_asymmetric/sample_0173.npz,7fbe985e9871b0fea23dcd48b5658d0febd6965ccb34e4430a248d8ea7884c13,0.005282366008032113,0.050171030081659906,0.8319512997138091,0.8688072860240936,0.22279868205077946,0.6453520424664009
residual_v2,49,three_hole_asymmetric,174,private-source://routeA_experiments/data/final_ood_frozen_v1/three_hole_asymmetric/sample_0174.npz,71542cbeea7c7322472596a11b9ea2cf6285893af2fd8caaacd78a77cf1d83fd,0.004949363996274769,0.05473774392090831,0.656336831005089,0.7443051338195801,0.27785634715110064,0.5168622843921178
residual_v2,49,three_hole_asymmetric,175,private-source://routeA_experiments/data/final_ood_frozen_v1/three_hole_asymmetric/sample_0175.npz,0f2191f55e786a9cc0197b9d38b5849150523e7f0e95da026a8b7282892dd7e7,0.005290094995871186,0.08188110271762139,1.1352687428274435,0.9901789724826813,0.3908910607569851,0.740121712535617
residual_v2,49,three_hole_asymmetric,176,private-source://routeA_experiments/data/final_ood_frozen_v1/three_hole_asymmetric/sample_0176.npz,1d5d110e1725a11891d26e004b83d93d33e264f9f0cc612cea71237c93485c91,0.0049929500091820955,0.05992342994124504,0.7061629036638735,0.8464938104152679,0.335293173789978,0.6678029209375376
residual_v2,49,three_hole_asymmetric,177,private-source://routeA_experiments/data/final_ood_frozen_v1/three_hole_asymmetric/sample_0177.npz,491128641f9815a0257fe2c5da3e9ef510909b89c7efe14041aaf988dd54d374,0.005289488995913416,0.06280798889965342,0.9881914558485503,0.978782445192337,0.3029287029057741,0.7767126881517464
residual_v2,49,three_hole_asymmetric,178,private-source://routeA_experiments/data/final_ood_frozen_v1/three_hole_asymmetric/sample_0178.npz,8ad8976324d69fa900282a701c1176bec4bd066428ab6af4d07f98b6226c1440,0.004985768988262862,0.06526733579532426,0.8838163580477282,0.8565265834331512,0.3948543816804886,0.7644669622182843
residual_v2,49,three_hole_asymmetric,179,private-source://routeA_experiments/data/final_ood_frozen_v1/three_hole_asymmetric/sample_0179.npz,ed3c4408215897e333b3a88a790f6b3b965edbc5f729ee1ca00b514638a22db3,0.005260114994598553,0.0626493665895747,0.5253290169170745,0.6531563401222229,0.25664166919887066,0.37819562703371035
residual_v2,49,three_hole_asymmetric,180,private-source://routeA_experiments/data/final_ood_frozen_v1/three_hole_asymmetric/sample_0180.npz,026ec17f7ba5561155ad7d2d26d4b774202c9e9d3be82846603703294b1c6599,0.004957227996783331,0.06382346547798767,0.9051132036837827,0.9531177133321762,0.3057400896213949,0.7569575540721414
residual_v2,49,three_hole_asymmetric,181,private-source://routeA_experiments/data/final_ood_frozen_v1/three_hole_asymmetric/sample_0181.npz,ae31a16b8c81593e19306a84399bfd2a84ac55c7910ef8823c67abd4642aa2f6,0.0051257029990665615,0.06999937477935388,0.9309442297077367,0.9055636823177338,0.3321848805062473,0.6992029987275581
residual_v2,49,three_hole_asymmetric,182,private-source://routeA_experiments/data/final_ood_frozen_v1/three_hole_asymmetric/sample_0182.npz,3c898c6349f36f90b3d5a9fe1ea363190f3864ec9904027b2c82073b2f828008,0.00547145601012744,0.060969761032499854,0.7703026176508729,0.8299171924591064,0.2759370030835271,0.6602510854601826
residual_v2,49,three_hole_asymmetric,183,private-source://routeA_experiments/data/final_ood_frozen_v1/three_hole_asymmetric/sample_0183.npz,7960bd5136007fe9e53aaf26195ec050cd3f170be4ea0892e9c50801de1e2a57,0.004946200002450496,0.06021893368219502,0.8566157758767757,0.8857520669698715,0.3096525287255645,0.7316597826778861
residual_v2,49,three_hole_asymmetric,184,private-source://routeA_experiments/data/final_ood_frozen_v1/three_hole_asymmetric/sample_0184.npz,d0af476fd13dfb1d250ce9a4ca56a9e4e7747143d266e251a2d3bed91fdc35c3,0.005270597990602255,0.06737090810151393,0.6917317773946725,0.7361027300357819,0.3173988126218319,0.5082924544811248
residual_v2,49,three_hole_asymmetric,185,private-source://routeA_experiments/data/final_ood_frozen_v1/three_hole_asymmetric/sample_0185.npz,825925d58976a37ca694d695a027e07bfbaaceb34012d307f2f1821037baf144,0.005088307982077822,0.06124618092066837,0.8674964754864904,0.8712137639522552,0.32219210639595985,0.7068287953734389
residual_v2,49,three_hole_asymmetric,186,private-source://routeA_experiments/data/final_ood_frozen_v1/three_hole_asymmetric/sample_0186.npz,77e809def7ac8044a4e55b9ef623158afda39a6477b671e128605d4b47566db6,0.005270281020784751,0.07337444179607029,1.0736696726292998,0.9495426937937737,0.31662459997460246,0.6741706114262339
residual_v2,49,three_hole_asymmetric,187,private-source://routeA_experiments/data/final_ood_frozen_v1/three_hole_asymmetric/sample_0187.npz,d41acb81beffee4db9203e1cf0266797359f026ace1ea8ca9bcd6ccb1e2af128,0.004942922008922324,0.05555499855710133,0.6451713525749306,0.7004251480102539,0.2687273430638015,0.4078725330531595
residual_v2,49,three_hole_asymmetric,188,private-source://routeA_experiments/data/final_ood_frozen_v1/three_hole_asymmetric/sample_0188.npz,0ee1d93b5b155a3545c539b9ebd208096d5da786ac320abbe96a9ddff30d88d7,0.005247779015917331,0.06278136926882365,0.8538452247956959,0.7843019068241119,0.32517119497060776,0.5097787946462625
residual_v2,49,three_hole_asymmetric,189,private-source://routeA_experiments/data/final_ood_frozen_v1/three_hole_asymmetric/sample_0189.npz,70be7056cd13692af26bab63a3df9b9a64678831ef39fdb9582375ceecca7edf,0.005062064999947324,0.06579507489696415,1.1278348959220916,0.9863750487565994,0.32289427862269804,0.685350509267299
residual_v2,49,three_hole_asymmetric,190,private-source://routeA_experiments/data/final_ood_frozen_v1/three_hole_asymmetric/sample_0190.npz,a8c424ee2056e12af66d0be34289a252d77172e5cb127ec57c8550e3415ab90b,0.005544724001083523,0.06153030923585377,0.9077937916509445,0.9276057034730911,0.25950552499853075,0.720762488618493
residual_v2,49,three_hole_asymmetric,191,private-source://routeA_experiments/data/final_ood_frozen_v1/three_hole_asymmetric/sample_0191.npz,26c2bd071beec9742e0a4f1e5466aa608a15434494059de80e606e4679fa8ed3,0.00601402300526388,0.075222371699736,0.9842042550916273,0.9349024742841721,0.3046030569821596,0.7823484539985651
residual_v2,49,three_hole_asymmetric,192,private-source://routeA_experiments/data/final_ood_frozen_v1/three_hole_asymmetric/sample_0192.npz,40d02fa0627c6deec298290103575257705efed18a0e5475ecaa7bf465aa9b99,0.005064247001428157,0.07471590027993043,0.8372986522694035,0.8641430735588074,0.3327392227947712,0.6760615117847913
residual_v2,49,three_hole_asymmetric,193,private-source://routeA_experiments/data/final_ood_frozen_v1/three_hole_asymmetric/sample_0193.npz,e2291d430c4ed65b595a26a1bfd29617e6a29836d02a7642cee85cd276392050,0.0058779089886229485,0.08318366930400944,0.9123257148243311,0.8098948299884796,0.3778643865371123,0.7149972207844244
residual_v2,49,three_hole_asymmetric,194,private-source://routeA_experiments/data/final_ood_frozen_v1/three_hole_asymmetric/sample_0194.npz,31e35937f5e42fb742834cdcb1fc165dd1ffc423ac83933409ddf9f346655de1,0.005531778995646164,0.08762699122403063,0.7788454898848622,0.8858990520238876,0.40384197840467095,0.6207884579896923
residual_v2,49,three_hole_asymmetric,195,private-source://routeA_experiments/data/final_ood_frozen_v1/three_hole_asymmetric/sample_0195.npz,40442c552a2016d07c97d9c05bd7232ba672eeab612657250b9c7529d4f8fba5,0.0055884360044728965,0.07418859406676746,0.7349050769175282,0.7139315456151962,0.34495626017451286,0.5643173828721042
residual_v2,49,three_hole_asymmetric,196,private-source://routeA_experiments/data/final_ood_frozen_v1/three_hole_asymmetric/sample_0196.npz,dd2106f958610c899c170e0e932d315a715401be9a89fd9bfb0ce4af7422b23f,0.005395221000071615,0.07992350701498402,0.9622329770703086,0.897559367120266,0.36855735816061497,0.7503976464271541
residual_v2,49,three_hole_asymmetric,197,private-source://routeA_experiments/data/final_ood_frozen_v1/three_hole_asymmetric/sample_0197.npz,aa854427cd50f074116bdad2e4371e42c0402350e5d180482ef4c364d2ad2cf8,0.005511120980372652,0.07061918023215255,0.6861111420096241,0.7947593554854393,0.31145212054252625,0.5527718812227242
residual_v2,49,three_hole_asymmetric,198,private-source://routeA_experiments/data/final_ood_frozen_v1/three_hole_asymmetric/sample_0198.npz,f829be15d56c832505226b17681dbe66656bc2100714eb438d609a588f6574fe,0.005272087990306318,0.05786062031618876,0.6825356079032843,0.7760412693023682,0.3447336368262768,0.6113767415285101
residual_v2,49,three_hole_asymmetric,199,private-source://routeA_experiments/data/final_ood_frozen_v1/three_hole_asymmetric/sample_0199.npz,52333eb8bbb0f95e069bd2d38db9cab28b55c6f86387da7cd28a27818fe1041a,0.005366424011299387,0.0666663797711889,0.7621288539651457,0.8345606029033661,0.32457247003912926,0.6589675545692442
