model,training_seed,shape,sample_id,sample_file,sample_sha256,inference_seconds,mae,relative_l2,max_abs_error,p95_abs_error,p99_abs_error
residual_v2,48,slit_bridge,0,private-source://routeA_experiments/data/final_ood_frozen_v1/slit_bridge/sample_0000.npz,30d9b3db72b5f04e7aed5aca69b177e736741d71d456678de2c366e94064976a,0.00993882305920124,0.07659957864104083,0.6420934013737399,0.6890621185302734,0.3292125463485718,0.6214369833469391
residual_v2,48,slit_bridge,1,private-source://routeA_experiments/data/final_ood_frozen_v1/slit_bridge/sample_0001.npz,35ca7668746e40038fbccaaf4b015e191d09a272260f8b2c67e05158beed58d9,0.009825777262449265,0.04899927145692053,0.35042788905491634,0.5162831544876099,0.19717271253466606,0.3525026261806486
residual_v2,48,slit_bridge,2,private-source://routeA_experiments/data/final_ood_frozen_v1/slit_bridge/sample_0002.npz,5aa31e0476a00717a676402ae73bf67f0900790fbaaba0689885a4f4d81b1d01,0.009898301213979721,0.060328177434825575,0.5259033701615006,0.7535265386104584,0.2690940573811531,0.5841134548187255
residual_v2,48,slit_bridge,3,private-source://routeA_experiments/data/final_ood_frozen_v1/slit_bridge/sample_0003.npz,fa2249a12bd45ebd5bf12289d408b399125153ec7a74d5498b2d06c116f8f405,0.010533689521253109,0.08569679925674203,0.9032778643795174,0.91684889793396,0.4060093853622675,0.7950346991419792
residual_v2,48,slit_bridge,4,private-source://routeA_experiments/data/final_ood_frozen_v1/slit_bridge/sample_0004.npz,4006cdfdceb8abe632e2df62c467d010fb9761bec6322c363b9f3abbc55829d4,0.010557200759649277,0.06307704160118001,0.44805271373230743,0.5739634335041046,0.25870850682258606,0.4384202927350997
residual_v2,48,slit_bridge,5,private-source://routeA_experiments/data/final_ood_frozen_v1/slit_bridge/sample_0005.npz,1ea410d183d08cc06714b087bb528e626a67090d2f8931f1f61a73ddeff9902a,0.010468150489032269,0.06254206924324017,1.038639412724064,0.9407420083880424,0.23282772861421108,0.7958166301250457
residual_v2,48,slit_bridge,6,private-source://routeA_experiments/data/final_ood_frozen_v1/slit_bridge/sample_0006.npz,2b2b41c1ab84aefad645e09329749a0c4789e3a60b3931b89e053a383e66541e,0.01053362712264061,0.05852129035425747,1.2012036112824258,0.9855231419205666,0.2191471914993599,0.49372288156300675
residual_v2,48,slit_bridge,7,private-source://routeA_experiments/data/final_ood_frozen_v1/slit_bridge/sample_0007.npz,e99898145655a5c1ce681d0eb3c7597d5032c10b823f0c114d9a1b16467ea524,0.01056334376335144,0.039374100535685214,0.3163204520798827,0.4818565845489502,0.19479593634605408,0.3756747245788572
residual_v2,48,slit_bridge,8,private-source://routeA_experiments/data/final_ood_frozen_v1/slit_bridge/sample_0008.npz,6e17a3aa2c3547f8d5c7c15a2ba8d09341c289bc2a2f8cc11cd61460dd0a75b4,0.010572909377515316,0.08118704714876357,0.6010860625371627,0.6356901824474335,0.3589194267988205,0.5266399502754209
residual_v2,48,slit_bridge,9,private-source://routeA_experiments/data/final_ood_frozen_v1/slit_bridge/sample_0009.npz,cc5b71a537246355e6aa5eb87b1ec934946edb1d31595b1d37e482e2b73e96e4,0.010624386370182037,0.05183927847759376,0.40261901442601367,0.45497530698776245,0.22356921434402466,0.33802811503410324
residual_v2,48,slit_bridge,10,private-source://routeA_experiments/data/final_ood_frozen_v1/slit_bridge/sample_0010.npz,87874a0f11d5ca1214cb1c831735689324f5d265f0ad734b920d4aea56a205a8,0.010455599054694176,0.06740259633335133,0.7598294227380332,0.849899172782898,0.35801705718040466,0.7388430923223472
residual_v2,48,slit_bridge,11,private-source://routeA_experiments/data/final_ood_frozen_v1/slit_bridge/sample_0011.npz,a23d58d483f0ee7d7d9ad82447d292fdde0c9f6964a6ce9759730ce9671620fc,0.010508946143090725,0.07634982882761518,0.8469024740123705,0.9522615522146225,0.34286509454250336,0.7468413501977915
residual_v2,48,slit_bridge,12,private-source://routeA_experiments/data/final_ood_frozen_v1/slit_bridge/sample_0012.npz,1bf5b6c8a99e6b1af341524d638c181408e613ec93db7fb6986f600e0e3c65a1,0.010630707256495953,0.051639315931134265,0.5367495520985391,0.630336344242096,0.2807832807302475,0.5041060745716094
residual_v2,48,slit_bridge,13,private-source://routeA_experiments/data/final_ood_frozen_v1/slit_bridge/sample_0013.npz,1adafcde8c3f4e445b1b034d25421d3a48662f83f441bf0eecdee27f12cecbc3,0.01051478274166584,0.04895686041011539,0.4221692845202034,0.5121314525604248,0.2563231736421585,0.440559124946594
residual_v2,48,slit_bridge,14,private-source://routeA_experiments/data/final_ood_frozen_v1/slit_bridge/sample_0014.npz,64b0e9dc29123e952cb0d300a00469414c7c7f76a16dd935a75e7624fe912b36,0.01059381291270256,0.07640696947754147,0.8851746100816748,0.9557584598660469,0.3378213495016098,0.7813129380345344
residual_v2,48,slit_bridge,15,private-source://routeA_experiments/data/final_ood_frozen_v1/slit_bridge/sample_0015.npz,b9c330fa4cfc004b6beec69ac0615be8854455f9775205c11364db4615c089be,0.009879767894744873,0.08525905871679938,0.7487572283482274,0.8378382474184036,0.4086552858352661,0.6989927694201464
residual_v2,48,slit_bridge,16,private-source://routeA_experiments/data/final_ood_frozen_v1/slit_bridge/sample_0016.npz,596996fb6aeff6e88332008eed32b4b95f86de86801a1640f6de12786cd403d3,0.010020620189607143,0.06051050706613616,0.6623033690402387,0.7750062346458435,0.3499094843864441,0.6850613862276077
residual_v2,48,slit_bridge,17,private-source://routeA_experiments/data/final_ood_frozen_v1/slit_bridge/sample_0017.npz,312eedbc05e5128aebccd1eda0cb448659dcf770824e39ef15c6231d604d0095,0.009860508143901825,0.07696309647853394,0.769432816837261,0.7938353791832924,0.3560217618942261,0.6764731049537654
residual_v2,48,slit_bridge,18,private-source://routeA_experiments/data/final_ood_frozen_v1/slit_bridge/sample_0018.npz,41e1f220b6752fc77a60ab80dca4c8628042e5d54833a97c9832832e8db500e2,0.01047662366181612,0.043381126868653294,0.27672717983388656,0.41758906841278076,0.18013666570186615,0.3250670731067652
residual_v2,48,slit_bridge,19,private-source://routeA_experiments/data/final_ood_frozen_v1/slit_bridge/sample_0019.npz,b97fe8016fb4c7d7995df4c42b480dce1072ee7db9abb641c503877913ffce9c,0.010464714840054512,0.05691865604426733,0.4658385979471956,0.5780839323997498,0.2565623074769974,0.4006034165620802
residual_v2,48,slit_bridge,20,private-source://routeA_experiments/data/final_ood_frozen_v1/slit_bridge/sample_0020.npz,994e03c5207e2ae7356bc74d2f380fd7f474af9a82fe4a9bb90585ddb10c1fb7,0.009940553456544876,0.08766492715346164,0.8671979625425296,0.9152133911848068,0.4279082156717777,0.8142146959900852
residual_v2,48,slit_bridge,21,private-source://routeA_experiments/data/final_ood_frozen_v1/slit_bridge/sample_0021.npz,1456683b4642362ec663cedabc21c8bb0ed3f06ae1beb9ca35a8ac02768d7f01,0.009879671968519688,0.07588126798693155,0.6755091553000291,0.810273677110672,0.3999413847923279,0.6727407038211822
residual_v2,48,slit_bridge,22,private-source://routeA_experiments/data/final_ood_frozen_v1/slit_bridge/sample_0022.npz,c36a4db85f26e6cbe9c3036e9cf2ad4c578008898c1405c54c1e0914ccc8ef1c,0.009876247495412827,0.0638301193855359,0.5426122075847324,0.6707760393619537,0.3072431981563568,0.513611885905265
residual_v2,48,slit_bridge,23,private-source://routeA_experiments/data/final_ood_frozen_v1/slit_bridge/sample_0023.npz,610587d7aa0593f777b96e6fdb4fdcf2ebc68a867c186890c7838e7b2d944c00,0.00995564740151167,0.08696241039225575,0.8420420061179282,0.9436388313770294,0.4110552594065666,0.7221010342240333
residual_v2,48,slit_bridge,24,private-source://routeA_experiments/data/final_ood_frozen_v1/slit_bridge/sample_0024.npz,959eeaf23d4f71a25e7eff4fc4c4640be516df58074ab3dad10126c1ca5ed619,0.00989550817757845,0.06878049644066454,1.100737334834265,0.9427751824259758,0.23962146043777466,0.684845923632383
residual_v2,48,slit_bridge,25,private-source://routeA_experiments/data/final_ood_frozen_v1/slit_bridge/sample_0025.npz,12244099e66cc796717b1ac4a0197a86db0d3832ae8f92f8b6285b350ded04cd,0.009860571473836899,0.05835682270465159,0.5295116293834451,0.6683230698108673,0.299017071723938,0.562703603506088
residual_v2,48,slit_bridge,26,private-source://routeA_experiments/data/final_ood_frozen_v1/slit_bridge/sample_0026.npz,8ec7e62775275cf1cdcb11a3a5070589032551c0222125cc6f2572c5b6100c1e,0.00999996904283762,0.0798023820602177,0.6714588949422831,0.7643613368272781,0.36603887751698494,0.6490481197834015
residual_v2,48,slit_bridge,27,private-source://routeA_experiments/data/final_ood_frozen_v1/slit_bridge/sample_0027.npz,a57e3c4af7915d4277fe784929f02e1108f70b06739b89cc49e2f31db68759d6,0.009938913397490978,0.05841750432832855,0.562920952679587,0.6169701218605042,0.3245910480618477,0.5114203602075577
residual_v2,48,slit_bridge,28,private-source://routeA_experiments/data/final_ood_frozen_v1/slit_bridge/sample_0028.npz,129f68b38d7e4376d96e492a23bdc037ec06345501698eb53f87dc4c2bdcf26b,0.00995610374957323,0.07055683017640503,0.5490620534463152,0.6305217742919922,0.36890698224306107,0.5551898181438445
residual_v2,48,slit_bridge,29,private-source://routeA_experiments/data/final_ood_frozen_v1/slit_bridge/sample_0029.npz,d7be996266c698efe66a16bcc34de0aff06589c37bb8599f9f62b3c06206baa6,0.009901097044348717,0.0665286927056391,0.6090974775158305,0.7133066058158875,0.3564516007900238,0.6220874130725859
residual_v2,48,slit_bridge,30,private-source://routeA_experiments/data/final_ood_frozen_v1/slit_bridge/sample_0030.npz,b09f05e8c2f7a9d479d786d72d681814f27d08ee89b3d974343fd2b090a1ce6a,0.010057684034109116,0.06161303253819862,0.44063029940446485,0.5042811334133148,0.2630872428417206,0.3799908936023712
residual_v2,48,slit_bridge,31,private-source://routeA_experiments/data/final_ood_frozen_v1/slit_bridge/sample_0031.npz,bc00125fdaa393e280c5352531595db001f7ddb3deb151245917cd589e5c31f0,0.010562710464000702,0.04521946686462848,0.3045985020374343,0.37899258732795715,0.1985476240515709,0.2833626419305801
residual_v2,48,slit_bridge,32,private-source://routeA_experiments/data/final_ood_frozen_v1/slit_bridge/sample_0032.npz,210304fe0d7d8f0427af5f9a0754f958b13e7ca893e23870daca6089c7494849,0.010591480880975723,0.04400534691989196,0.3742148049564249,0.5261405110359192,0.23530790209770203,0.382986494898796
residual_v2,48,slit_bridge,33,private-source://routeA_experiments/data/final_ood_frozen_v1/slit_bridge/sample_0033.npz,27aec766b6350542fba91a6efe33f57848a74817bca29836eb0daa48b8186c28,0.01055106520652771,0.07888388017267056,0.7731769492972768,0.8529002219438553,0.39040733873844147,0.7651234321296213
residual_v2,48,slit_bridge,34,private-source://routeA_experiments/data/final_ood_frozen_v1/slit_bridge/sample_0034.npz,188e43a83a5baeee871f92676435b8b14ff91c60dfed2c7edaee32a7c3fe7437,0.010727958753705025,0.04157273496836818,0.3564518771564331,0.48013007640838623,0.19273148477077484,0.2885426044464111
residual_v2,48,slit_bridge,35,private-source://routeA_experiments/data/final_ood_frozen_v1/slit_bridge/sample_0035.npz,7b87bcf793f11163ce8025e6ca4bc45abb9b34cf709bd1bb8b9fb68b3a8dabe4,0.009911349974572659,0.07134502550902061,0.6340616927876254,0.8405779600143433,0.34714609384536743,0.6556752026081085
residual_v2,48,slit_bridge,36,private-source://routeA_experiments/data/final_ood_frozen_v1/slit_bridge/sample_0036.npz,4c37861366bb2835c656390a05790cc29a37a467fa5c97e436d4dc5e6180c227,0.009959746152162552,0.06775369760557765,0.6885458665552932,0.7788587212562561,0.36181528866291046,0.6588061273097988
residual_v2,48,slit_bridge,37,private-source://routeA_experiments/data/final_ood_frozen_v1/slit_bridge/sample_0037.npz,8fbc3afcf65822fdaf99fdeb4b9caaacaaa2422144e57b088e882fc0dcbcdfe9,0.010093344375491142,0.0835821756802415,0.777958617565691,0.9177445322275162,0.45971284434199333,0.790033593773841
residual_v2,48,slit_bridge,38,private-source://routeA_experiments/data/final_ood_frozen_v1/slit_bridge/sample_0038.npz,d8aa380b826e09980e586e8dcd26acff520e462dddbb758d989ce305a62e2bd2,0.009902690537273884,0.07063820614116463,0.5328190752752817,0.6143162548542023,0.3286076784133911,0.5302521139383316
residual_v2,48,slit_bridge,39,private-source://routeA_experiments/data/final_ood_frozen_v1/slit_bridge/sample_0039.npz,5773aed921a57866510a828614cf323ba3e5c1f662198f68ba30e9cd435e428d,0.009943133220076561,0.07370035659169723,0.8818089490934149,0.9578140377998352,0.3175538405776024,0.7060682415962214
residual_v2,48,slit_bridge,40,private-source://routeA_experiments/data/final_ood_frozen_v1/slit_bridge/sample_0040.npz,10b3fc9be817d0fa28e4f2ad0ce1679a84b2986a85b9c817ff380bc606731884,0.010134872049093246,0.06601599477243043,0.5772236998518315,0.7615051716566086,0.27128996700048447,0.5991688251495358
residual_v2,48,slit_bridge,41,private-source://routeA_experiments/data/final_ood_frozen_v1/slit_bridge/sample_0041.npz,cdde49a6f56183448eeefafbf84517c5719d37b8e33b5fb3d5907c79ec0c3d4d,0.01055176928639412,0.06641702480001936,0.5711695066495812,0.6896444261074066,0.26788613200187683,0.5412450209259985
residual_v2,48,slit_bridge,42,private-source://routeA_experiments/data/final_ood_frozen_v1/slit_bridge/sample_0042.npz,bd82adbf113c51db9c8fdb7ae61bdfb4b0de8fd0738107c1b16747edf214ed83,0.010506235994398594,0.05490528407213368,0.34184081591315585,0.5168393850326538,0.23212051391601562,0.37934795022010737
residual_v2,48,slit_bridge,43,private-source://routeA_experiments/data/final_ood_frozen_v1/slit_bridge/sample_0043.npz,1b05a0e90cb92ad13e160cd9d88d3ccd24a5d5042572cbdeb6c780eb7c691723,0.01056184247136116,0.08827379734887639,0.9402568856623076,0.93815016746521,0.37864112854003906,0.7516428753733633
residual_v2,48,slit_bridge,44,private-source://routeA_experiments/data/final_ood_frozen_v1/slit_bridge/sample_0044.npz,9eab1dd2e918e6415c0ac9317c974fb554285878086fbcec4685c90b0a603efd,0.010557872243225574,0.07768993352197125,0.7995177587116242,0.7492818832397461,0.3158966302871704,0.507092995941638
residual_v2,48,slit_bridge,45,private-source://routeA_experiments/data/final_ood_frozen_v1/slit_bridge/sample_0045.npz,28399d49797881f5a264063c34c2a36369094141bb9cf4c05cbdaee4d1f32c15,0.010466549545526505,0.07685981493882775,1.0195841972741206,0.9879195168614388,0.3689141198992729,0.772404204308986
residual_v2,48,slit_bridge,46,private-source://routeA_experiments/data/final_ood_frozen_v1/slit_bridge/sample_0046.npz,137e9591ce0032a2d71b366e44219ca9b23cbd2f3a421043183f5c5f8e25cd7f,0.009988591074943542,0.060228543174950244,0.6337515165632258,0.7294366657733917,0.34547868371009827,0.6338490903377526
residual_v2,48,slit_bridge,47,private-source://routeA_experiments/data/final_ood_frozen_v1/slit_bridge/sample_0047.npz,a34fc43c7eb5b8809b22c7c026452d2278be0d7636bd62dbf7db0e72488bfe93,0.010476641356945038,0.06013420185711453,0.45531493312292837,0.6077912747859955,0.30831199139356613,0.45848391652107223
residual_v2,48,slit_bridge,48,private-source://routeA_experiments/data/final_ood_frozen_v1/slit_bridge/sample_0048.npz,d3dea4d451c780395aeec9e434f3f3426fa5b35717d062d652d0000cb4849ab0,0.009899658150970936,0.0760262124863994,0.8181934926507426,0.8832480609416962,0.4455078914761543,0.7300796717405311
residual_v2,48,slit_bridge,49,private-source://routeA_experiments/data/final_ood_frozen_v1/slit_bridge/sample_0049.npz,65ea22db20d21e0adb8290dfc006ce6871e3b0e95cbda2d1b6dc4212521b340d,0.009891784749925137,0.0709349973752335,0.7314257401696422,0.8177696466445923,0.3748944401741028,0.6744212687015522
residual_v2,48,slit_bridge,50,private-source://routeA_experiments/data/final_ood_frozen_v1/slit_bridge/sample_0050.npz,84c0049ab4231171d59431596c6d5ee4a6296eb0688530fec168df065e5f3736,0.009921393357217312,0.07058092762315415,0.7268314734505024,0.8037748038768768,0.3767395354807377,0.6899058669805518
residual_v2,48,slit_bridge,51,private-source://routeA_experiments/data/final_ood_frozen_v1/slit_bridge/sample_0051.npz,4a2b9189cfb9e62a2d88e9b4f0538c291df4cf2365fc6101f7bcb0ca5ea19039,0.009839171543717384,0.07290990118640181,0.92449407350395,0.8924098312854767,0.30234384909272194,0.7483758874237526
residual_v2,48,slit_bridge,52,private-source://routeA_experiments/data/final_ood_frozen_v1/slit_bridge/sample_0052.npz,7a6182ea0d10e503b4488744930d05c12fe0a98749a0f08c0bf9a0ade333130c,0.009973532520234585,0.07335864763267522,0.5951658522599597,0.6296189725399017,0.33876803517341614,0.5613101691007609
residual_v2,48,slit_bridge,53,private-source://routeA_experiments/data/final_ood_frozen_v1/slit_bridge/sample_0053.npz,f38fc50a05bb0fe7cbe4b70cd13485a58e43ff94c9c22822cb929aed2391bc79,0.009887561202049255,0.050865849783068184,0.5687931000999139,0.753758430480957,0.25675784051418304,0.5513141810894002
residual_v2,48,slit_bridge,54,private-source://routeA_experiments/data/final_ood_frozen_v1/slit_bridge/sample_0054.npz,523ec7f16e149a678ab1eee24891a839649693313f63f9f03417215898e364c2,0.00997214112430811,0.07383505343680753,0.8418283414505198,0.8979482352733612,0.4186452701687813,0.7498681634664529
residual_v2,48,slit_bridge,55,private-source://routeA_experiments/data/final_ood_frozen_v1/slit_bridge/sample_0055.npz,a11a3648b53fa4f131e8a071f27bd07db354d48796864dbb9f50084862cbf7af,0.009800749830901623,0.05323473780072682,0.3719528810971386,0.5868921875953674,0.22344408789649606,0.3997480452060699
residual_v2,48,slit_bridge,56,private-source://routeA_experiments/data/final_ood_frozen_v1/slit_bridge/sample_0056.npz,754e5a373c358a5e7e5648b5ee524f7f3caf5be3ad24ca01b4bbaa5930f3722f,0.010554365813732147,0.07606294870791755,0.5847418899728347,0.9262619018554688,0.37341365218162537,0.7389541745185834
residual_v2,48,slit_bridge,57,private-source://routeA_experiments/data/final_ood_frozen_v1/slit_bridge/sample_0057.npz,88bdcbb6787810fba1f67ab1e1d706c0a0449080180a5731fe9e830cd5c1781e,0.010544303804636002,0.06711734404624857,0.561827740318539,0.6305073574185371,0.30198751389980316,0.5354835852980612
residual_v2,48,slit_bridge,58,private-source://routeA_experiments/data/final_ood_frozen_v1/slit_bridge/sample_0058.npz,25dc8c7315b0e070c4b3619308cd7da2f67091e9d12652a39dff2c4abf512a48,0.010533569380640984,0.04577570508378407,0.43605306577156905,0.49679359793663025,0.18898548185825348,0.4210192829370497
residual_v2,48,slit_bridge,59,private-source://routeA_experiments/data/final_ood_frozen_v1/slit_bridge/sample_0059.npz,8537f0d12de7433ac2c634794f33eec0a1ef183fb6a9871cd07ec6fe9960e78c,0.010556991212069988,0.059650259249736014,0.6325624620795041,0.6640807539224625,0.29374462366104126,0.5562264069914817
residual_v2,48,slit_bridge,60,private-source://routeA_experiments/data/final_ood_frozen_v1/slit_bridge/sample_0060.npz,ccb10d13e92987f9e92f19f57b8c828d1cec71baabf49eeda5b8131c81cffaae,0.010560705326497555,0.05657321351013162,0.46135439541607015,0.6082494556903839,0.22606266289949417,0.4325682580471036
residual_v2,48,slit_bridge,61,private-source://routeA_experiments/data/final_ood_frozen_v1/slit_bridge/sample_0061.npz,617d3d8d6e33e0cd8b2d68db50b259c76f1b572922b1f4eafd14d5c95f7f2927,0.010530820116400719,0.07202894088599628,0.5837941499142767,0.6767534017562866,0.3349471352994442,0.5863831937313079
residual_v2,48,slit_bridge,62,private-source://routeA_experiments/data/final_ood_frozen_v1/slit_bridge/sample_0062.npz,4cb6187852b50d7a648cc396d4b92a5199fc15e009d3e6afe856b73e4795fb3c,0.010510510765016079,0.0928156054393641,0.8467393318836737,0.8476408571004868,0.5121501535177231,0.7902897521853444
residual_v2,48,slit_bridge,63,private-source://routeA_experiments/data/final_ood_frozen_v1/slit_bridge/sample_0063.npz,dac27c2cdc3cfd09038c74bf4bee8892e3fbd4242d4ae68cf068121304f4b392,0.010571070946753025,0.0816637732286933,0.9078894874394445,0.9468420930206776,0.37761756405234337,0.8605495464056729
residual_v2,48,slit_bridge,64,private-source://routeA_experiments/data/final_ood_frozen_v1/slit_bridge/sample_0064.npz,42bf6e538ce7971d6bb267afcbb5017c74c7ee0a38eeeb22b770afd6da523ffd,0.010553200729191303,0.059008440748456605,0.5562358421159909,0.7302588224411011,0.3303907513618469,0.6609084486961357
residual_v2,48,slit_bridge,65,private-source://routeA_experiments/data/final_ood_frozen_v1/slit_bridge/sample_0065.npz,8ae70c1cc087b2cb14feefb626847c8e54e0ee1ff237949762758fc9fef1ccfe,0.010521369986236095,0.08470562707862868,0.5994513255076931,0.6617524921894073,0.30800092965364456,0.45532463490962927
residual_v2,48,slit_bridge,66,private-source://routeA_experiments/data/final_ood_frozen_v1/slit_bridge/sample_0066.npz,bf5bec0125f3e132a0234c3c65c18310c2a824fe299149a53c91065ba9684ebc,0.009928755462169647,0.05951397418801352,0.4848455655529233,0.5724871754646301,0.3174183517694473,0.4648480981588364
residual_v2,48,slit_bridge,67,private-source://routeA_experiments/data/final_ood_frozen_v1/slit_bridge/sample_0067.npz,c4c4d08eb71d2a88a3573896b8651cdf6ff3433eaf00aef21e8815ee63c8636b,0.009935258887708187,0.06642203907492626,0.5328785118770631,0.5670988261699677,0.3295006062835455,0.4487489588558673
residual_v2,48,slit_bridge,68,private-source://routeA_experiments/data/final_ood_frozen_v1/slit_bridge/sample_0068.npz,9d5bf135c023eb440f5e2fcdbcd3144986ccea4a471e8d876188876d1f874f48,0.009911628440022469,0.07143020779481524,0.7832917831513873,0.8668694198131561,0.27600857615470886,0.5722239762544624
residual_v2,48,slit_bridge,69,private-source://routeA_experiments/data/final_ood_frozen_v1/slit_bridge/sample_0069.npz,5c786c1f5b59aea34b782d6d4f11df00e05c430f5d55022b5da71cb4fb8d0930,0.010529985651373863,0.07755715178266047,0.7988984919795086,0.9292472079396248,0.42200346291065216,0.7981478087604043
residual_v2,48,slit_bridge,70,private-source://routeA_experiments/data/final_ood_frozen_v1/slit_bridge/sample_0070.npz,ed31a0aa3d983e019a2886acd9e424e492ee60dd9051fcd420f294aa7d65556d,0.009882509708404541,0.06170999378145324,0.60324666633232,0.7341918051242828,0.2740306854248047,0.5876467898488043
residual_v2,48,slit_bridge,71,private-source://routeA_experiments/data/final_ood_frozen_v1/slit_bridge/sample_0071.npz,392690e82cd3c5edc07092ea1286bb31ee5ff623427f4ad994d7d81479d6dab4,0.009967546910047531,0.056654223248243915,0.6631588185057857,0.8279063105583191,0.31560805439949036,0.6150578439235684
residual_v2,48,slit_bridge,72,private-source://routeA_experiments/data/final_ood_frozen_v1/slit_bridge/sample_0072.npz,13d1458cb7f3b3c59870f9253bb955db809110e13c2d3e0b7bd73b1dc03bcc6b,0.009942525066435337,0.06905687362491408,0.7822713074029404,0.8482271134853363,0.3380638211965561,0.6477741718292231
residual_v2,48,slit_bridge,73,private-source://routeA_experiments/data/final_ood_frozen_v1/slit_bridge/sample_0073.npz,abe7b6b76ff8f9f9514fc6c9452f5d49124e62bec9ef2160c3a275b0c13db251,0.009908247739076614,0.07600339724893927,0.7557786911335287,0.7684947550296783,0.3254654221236706,0.6550935804843901
residual_v2,48,slit_bridge,74,private-source://routeA_experiments/data/final_ood_frozen_v1/slit_bridge/sample_0074.npz,51ff9c6ba58e09f4038fba26fc78e8d866d805ea092ff9a4834e7d07d5b953c3,0.009906580671668053,0.05500694021398681,0.46019117399349807,0.5801858305931091,0.2609422355890274,0.4332150816917419
residual_v2,48,slit_bridge,75,private-source://routeA_experiments/data/final_ood_frozen_v1/slit_bridge/sample_0075.npz,295242b0a3c4441b1839c2e51ada10cd8d911b42bc383c1c876668ed7db69aca,0.010466208681464195,0.05838265232756116,0.6054701524423061,0.7180538773536682,0.3088981509208679,0.6369835287332535
residual_v2,48,slit_bridge,76,private-source://routeA_experiments/data/final_ood_frozen_v1/slit_bridge/sample_0076.npz,beb19109c76423a493f2dce420b9e7186ae828c5f8afa7330784720dd627942a,0.010552867315709591,0.07044883082087003,0.578862481075919,0.6887789666652679,0.32227277010679245,0.5033965170383452
residual_v2,48,slit_bridge,77,private-source://routeA_experiments/data/final_ood_frozen_v1/slit_bridge/sample_0077.npz,2b930b075d3b18dc862520638716d3ca8b214cccc86033c8a5389cf1eee32caf,0.009923052974045277,0.0743317241609414,0.8189328242175118,0.872822031378746,0.33617275208234787,0.801651798933744
residual_v2,48,slit_bridge,78,private-source://routeA_experiments/data/final_ood_frozen_v1/slit_bridge/sample_0078.npz,81766226a2c457e6280404619b8b2ac47bc63cd5302a18b5988528768c89a906,0.009943327866494656,0.08068248056843358,0.8185991133067319,0.9618241786956787,0.3827146217226982,0.7532754778861993
residual_v2,48,slit_bridge,79,private-source://routeA_experiments/data/final_ood_frozen_v1/slit_bridge/sample_0079.npz,39d04f6918bf1e91b48064494be9aa05bd75bf2d12d1b69e17182fdccc736084,0.010554821230471134,0.0678325527964681,0.5440138290604514,0.6907155811786652,0.3544880598783493,0.5688572645187377
residual_v2,48,slit_bridge,80,private-source://routeA_experiments/data/final_ood_frozen_v1/slit_bridge/sample_0080.npz,34759e2ce25b3deafb7b86e4a166e29aa7b6ad6312b24ec108b7195308a75605,0.009950442239642143,0.07764976472143302,0.9359823428921228,0.9739778861403465,0.31522440630942583,0.7760334394872187
residual_v2,48,slit_bridge,81,private-source://routeA_experiments/data/final_ood_frozen_v1/slit_bridge/sample_0081.npz,c09c71d395b921fd42317ee8257d8e8ca0fefc88548e7044fde1c9427bc01d57,0.009876840747892857,0.06165683057384028,0.4197279793292914,0.5036323219537735,0.28231921792030334,0.4679650455713272
residual_v2,48,slit_bridge,82,private-source://routeA_experiments/data/final_ood_frozen_v1/slit_bridge/sample_0082.npz,76690bbcb43ff947e8588630e8c1f5eaeae09d80c05290dd16299c07f4b07db3,0.009856309741735458,0.041140246448314904,0.31636397845568304,0.4889117181301117,0.1822250485420227,0.3724887251853939
residual_v2,48,slit_bridge,83,private-source://routeA_experiments/data/final_ood_frozen_v1/slit_bridge/sample_0083.npz,b13467cf03c2c8574ad8306306835f018286494378025cc13aa4b84ebb20ce43,0.009967448189854622,0.07016071387311945,1.3942033961195148,0.9699331820011139,0.24610916155506857,0.6315481636673201
residual_v2,48,slit_bridge,84,private-source://routeA_experiments/data/final_ood_frozen_v1/slit_bridge/sample_0084.npz,9c49b44f5bee1f5433dbba97fd43f3fbe29009da78b18d356f171b5351154266,0.009904256090521812,0.03672663206617453,0.2943666091451359,0.4916251003742218,0.17135386168956757,0.2888233810663223
residual_v2,48,slit_bridge,85,private-source://routeA_experiments/data/final_ood_frozen_v1/slit_bridge/sample_0085.npz,f99b2ecfc893456f4094ee49f725dacd918863f2c57f06cd9486ed733ef4c220,0.0099183926358819,0.07271461354826952,0.8040049063837094,0.8602664023637772,0.3116802480071783,0.7543873742222782
residual_v2,48,slit_bridge,86,private-source://routeA_experiments/data/final_ood_frozen_v1/slit_bridge/sample_0086.npz,fa0010c85def531807bfac046d520a0e1fcfa53f399129a530872a5ed7c486e8,0.00994117185473442,0.08720833877902662,0.766244888311346,0.8912603110074997,0.42784103751182556,0.7182024709880348
residual_v2,48,slit_bridge,87,private-source://routeA_experiments/data/final_ood_frozen_v1/slit_bridge/sample_0087.npz,c71c435433f07e222a9c7657e14158b1582d4eb606c1feec9a70429635dc0db8,0.009966305457055569,0.08593989098553978,0.8448489265005005,0.8648660480976105,0.42706219106912613,0.7773093104362486
residual_v2,48,slit_bridge,88,private-source://routeA_experiments/data/final_ood_frozen_v1/slit_bridge/sample_0088.npz,356663c8d9f185922d520ff8cab4336c663ae05fa5851257b47fd5a7f2890d38,0.009961306117475033,0.08111614978259828,0.7070440343444323,0.7364019751548767,0.391959473490715,0.6341824471950528
residual_v2,48,slit_bridge,89,private-source://routeA_experiments/data/final_ood_frozen_v1/slit_bridge/sample_0089.npz,8a9067dfbc0e5c2e206260b72a5ca217d4c4ab8591213e41f21555fef28ede5c,0.00988166593015194,0.055059311812552435,0.5769758043507739,0.8195014894008636,0.2802993357181549,0.6240928590297693
residual_v2,48,slit_bridge,90,private-source://routeA_experiments/data/final_ood_frozen_v1/slit_bridge/sample_0090.npz,e8f22014254e79ac9ea4af542bb6a6578f4d3903902c242153233437a8df0eca,0.00991042796522379,0.0706141428063043,0.6011855939359237,0.6396607458591461,0.3302830830216408,0.5062898218631743
residual_v2,48,slit_bridge,91,private-source://routeA_experiments/data/final_ood_frozen_v1/slit_bridge/sample_0091.npz,9ac5d5dae9509b1d341ae8236d8e0bd3b682e73f0fabd2327bc777955fc68672,0.010579051449894905,0.05406661798488066,0.40381139043526687,0.5395814180374146,0.2947676181793213,0.4286641687154769
residual_v2,48,slit_bridge,92,private-source://routeA_experiments/data/final_ood_frozen_v1/slit_bridge/sample_0092.npz,fce6d4931689f991567299750cb2e58ba69a69fb8a7ea9ca2b6623d311e269b9,0.010607034899294376,0.06963765171369421,0.5933985532962607,0.6080080568790436,0.3430800884962082,0.5334407746791836
residual_v2,48,slit_bridge,93,private-source://routeA_experiments/data/final_ood_frozen_v1/slit_bridge/sample_0093.npz,ba68ade9b7a7667d9de5bbb4e80fd05e409e86460843549762f31a41447162d1,0.009899536147713661,0.06903178886893026,0.6364515812103203,0.6456349492073059,0.2598094493150711,0.4999138504266736
residual_v2,48,slit_bridge,94,private-source://routeA_experiments/data/final_ood_frozen_v1/slit_bridge/sample_0094.npz,ccba8ddededbe3b30aeff76d268cff5c811b3ec60c50fc5e9c8ad0ef75b4658f,0.010551165789365768,0.058211984360407344,0.5495938573270086,0.6100299656391144,0.27896571159362793,0.4619984656572332
residual_v2,48,slit_bridge,95,private-source://routeA_experiments/data/final_ood_frozen_v1/slit_bridge/sample_0095.npz,d8673dac77deb264dbb605e3b8da123628dc8c82574f2e781ca0ed91d7e7ce88,0.01053626649081707,0.0688843541548709,0.7443435615562581,0.8480244129896164,0.33890754729509354,0.6878560066223142
residual_v2,48,slit_bridge,96,private-source://routeA_experiments/data/final_ood_frozen_v1/slit_bridge/sample_0096.npz,88387af9839890df82ba2388bdcdfa95d6200c6b8848f9cbfc0dda3b8e1f5f31,0.010574947111308575,0.07803439204471703,0.733397405950682,0.8721339702606201,0.4303418956696987,0.7218874603509894
residual_v2,48,slit_bridge,97,private-source://routeA_experiments/data/final_ood_frozen_v1/slit_bridge/sample_0097.npz,042e86e783efa3942e62430f3045cf582a6d959709c938cb225b92bc44bcc64f,0.010585971176624298,0.0741734700386767,0.5556474083714859,0.6593263447284698,0.34115230292081833,0.5194487959146499
residual_v2,48,slit_bridge,98,private-source://routeA_experiments/data/final_ood_frozen_v1/slit_bridge/sample_0098.npz,f76accedd1c25ec4c7b700fef8f7e440bff7ca6d234800cb8d3b4cd6f7f7b8e6,0.010583697818219662,0.06179828967319532,0.6179261080978017,0.7093160152435303,0.28073132038116455,0.6179122686386096
residual_v2,48,slit_bridge,99,private-source://routeA_experiments/data/final_ood_frozen_v1/slit_bridge/sample_0099.npz,6a4b39b6a971b50d0cd5a3eefaf6a1f3f142b0d9ecee397ce1ff23093f6a46d9,0.009841407649219036,0.057855378582165974,0.44714779097649243,0.502492368221283,0.28568699955940247,0.3927441179752349
residual_v2,48,slit_bridge,100,private-source://routeA_experiments/data/final_ood_frozen_v1/slit_bridge/sample_0100.npz,09c098f8500ef7ae13df30b97fd58bdcffba8843b115a610318dc18f65ef3540,0.009844008833169937,0.07970238667141552,0.878890045512537,0.9570815712213516,0.3742317631840706,0.7949046194553373
residual_v2,48,slit_bridge,101,private-source://routeA_experiments/data/final_ood_frozen_v1/slit_bridge/sample_0101.npz,3671b99524219e4e7f1acd583f0a9f657d15a23a30ed3d575564b8f9d92d770e,0.010197678580880165,0.07105653853216198,0.5646737074167715,0.6576911211013794,0.4274827092885971,0.5815656900405882
residual_v2,48,slit_bridge,102,private-source://routeA_experiments/data/final_ood_frozen_v1/slit_bridge/sample_0102.npz,b8b9ab3a97d31d7c91628f73ac4db6371901871d302b30af028ae7297b2b153b,0.009950550273060799,0.0651554615726182,1.1068030647415066,0.9411227740347385,0.23867727222386748,0.7310420796275134
residual_v2,48,slit_bridge,103,private-source://routeA_experiments/data/final_ood_frozen_v1/slit_bridge/sample_0103.npz,9f972861588cfdfdfbc3d1b3492908230dc44d640058083aa85270fbceb816f9,0.010454711504280567,0.05061073267437657,0.5334388793863073,0.5725544393062592,0.29760435223579407,0.4861009746789932
residual_v2,48,slit_bridge,104,private-source://routeA_experiments/data/final_ood_frozen_v1/slit_bridge/sample_0104.npz,762aadec5fa91e8e7a7f85a7683286f4a4fa0192f736680d733b0707b91d4494,0.009902345016598701,0.07538686471952269,0.7152044644900576,0.7003141641616821,0.3710409551858902,0.6272287309169766
residual_v2,48,slit_bridge,105,private-source://routeA_experiments/data/final_ood_frozen_v1/slit_bridge/sample_0105.npz,713c1a733e7b6f8c51dfe4d3f144d58d7ee189053361d35b7cb0099d093f55b6,0.00992262177169323,0.07046496846193841,0.7493254863405427,0.8649663478136063,0.3720410019159317,0.7312536358833311
residual_v2,48,slit_bridge,106,private-source://routeA_experiments/data/final_ood_frozen_v1/slit_bridge/sample_0106.npz,73c88046498ca7cb948857d6c873d10ec1b1bb70ce8813a259156f5e49c803e0,0.010531632229685783,0.07081138518925667,0.7929934043488069,0.9021611213684082,0.3386494293808937,0.7287354767322539
residual_v2,48,slit_bridge,107,private-source://routeA_experiments/data/final_ood_frozen_v1/slit_bridge/sample_0107.npz,8e962067b4a867a40f8b8f07d19dbcf42eb4d7a6b08ac522bd140e761933b129,0.009901485405862331,0.08209240514317245,0.7550847588032231,0.8011326640844345,0.339416079223156,0.6758989810943595
residual_v2,48,slit_bridge,108,private-source://routeA_experiments/data/final_ood_frozen_v1/slit_bridge/sample_0108.npz,23bb0eb2ffb8522d891e10b78e9f4fcf6ea2c8b5136c119d1353dc41e81126a2,0.00990518182516098,0.06646707156854927,0.5574534236285533,0.690282791852951,0.4087783917784691,0.6303929358720778
residual_v2,48,slit_bridge,109,private-source://routeA_experiments/data/final_ood_frozen_v1/slit_bridge/sample_0109.npz,ee7d8642727cde846b418e0d6ef6f3d525513d8f7c13d4e21a694399a5887809,0.010518551804125309,0.09441801884325451,0.9021999047770313,0.9295824244618416,0.4530066251754761,0.7371787019073953
residual_v2,48,slit_bridge,110,private-source://routeA_experiments/data/final_ood_frozen_v1/slit_bridge/sample_0110.npz,2cb9d93c491c746797690b373d3873b13231a0144087e5c6f98bc1674dcf9aa9,0.009854916483163834,0.09206241934434999,0.7797788764182055,0.7424295544624329,0.38016995787620544,0.6335271835327148
residual_v2,48,slit_bridge,111,private-source://routeA_experiments/data/final_ood_frozen_v1/slit_bridge/sample_0111.npz,20cb4a3d10bd1589b41836354fc8ffcea2f716f9c4d860e668becadedadd9f38,0.009889586828649044,0.049966797273215235,0.46082553467642484,0.5641539692878723,0.2682671397924423,0.4515287935733794
residual_v2,48,slit_bridge,112,private-source://routeA_experiments/data/final_ood_frozen_v1/slit_bridge/sample_0112.npz,37a74f8306ed3c59b31377d7e4a65031205ca4f453cf06b54132466f7b6b4a27,0.009856396354734898,0.10495637682299404,0.9474784498402845,0.9067168906331062,0.4545332482084632,0.8330337904393671
residual_v2,48,slit_bridge,113,private-source://routeA_experiments/data/final_ood_frozen_v1/slit_bridge/sample_0113.npz,ef235deec817e178c9aadff18419bfa34a077733d1176a3329f0534a76dc2a36,0.00986465997993946,0.07397634006930394,0.7262262509685823,0.7933613061904907,0.2947671338915825,0.64578860104084
residual_v2,48,slit_bridge,114,private-source://routeA_experiments/data/final_ood_frozen_v1/slit_bridge/sample_0114.npz,fee8722c5da8ec155bbe8e819b2eefa2d11a554066c684e422d739ef76676fdc,0.010692181065678596,0.058627893418298445,0.5093691991947998,0.6492661237716675,0.25689005106687546,0.49240114241838445
residual_v2,48,slit_bridge,115,private-source://routeA_experiments/data/final_ood_frozen_v1/slit_bridge/sample_0115.npz,c0ff037ccc5a055bf9e6049f73b19eb3ef3c759d34e01dde7782629ee5155b1a,0.010503437370061874,0.07415464499613489,0.6541441225170217,0.7178954780101776,0.33229314908385277,0.5957781761884688
residual_v2,48,slit_bridge,116,private-source://routeA_experiments/data/final_ood_frozen_v1/slit_bridge/sample_0116.npz,89796e3463ade62e6165c2220b9206d7e09c13d435e41116a44b4b2b72d8a7e2,0.009962043724954128,0.08529121737065101,0.9346907937973875,0.9787406921386719,0.4113255590200424,0.8707244858145714
residual_v2,48,slit_bridge,117,private-source://routeA_experiments/data/final_ood_frozen_v1/slit_bridge/sample_0117.npz,0b5ddb4fbb4b1abaaecda668cf96d47108c2d0634e698e348798412ad2c8bd5b,0.009968227706849575,0.05690018345171827,0.41497473523199463,0.5416691601276398,0.23679110407829285,0.38405861258506757
residual_v2,48,slit_bridge,118,private-source://routeA_experiments/data/final_ood_frozen_v1/slit_bridge/sample_0118.npz,67c9870824a0cf24261c14ee2ee54260350b87c984724da8b7b3239ef5f4f8f2,0.00992137286812067,0.08953479278011824,0.8423619921818973,0.9001756086945534,0.4675338938832283,0.7802769154310226
residual_v2,48,slit_bridge,119,private-source://routeA_experiments/data/final_ood_frozen_v1/slit_bridge/sample_0119.npz,3cd3c867da52bc984e6b469d03b48c1d502d3c379c3a09320042c00db34b1f2f,0.009851492941379547,0.07645824190652553,0.7757514099155789,0.8540142476558685,0.3343498297035694,0.6841040089726446
residual_v2,48,slit_bridge,120,private-source://routeA_experiments/data/final_ood_frozen_v1/slit_bridge/sample_0120.npz,321a3cdc9661e8fd1679cfceed9f566fa138dcdcf45b5bb5a1d8fce6ede740f1,0.0099099799990654,0.07363488957358266,0.879658164550118,0.897604376077652,0.2667958550155163,0.6615049064159388
residual_v2,48,slit_bridge,121,private-source://routeA_experiments/data/final_ood_frozen_v1/slit_bridge/sample_0121.npz,947ac005aaaab451b701b3285288d12286101f1936826903031becc4a8c82912,0.009887776337563992,0.0691097332674992,0.7513912542410338,0.8016832321882248,0.34378068521618843,0.6548605620861052
residual_v2,48,slit_bridge,122,private-source://routeA_experiments/data/final_ood_frozen_v1/slit_bridge/sample_0122.npz,f86df5b1facc0d81f78a07017d7a1169d59fc90ab287dd52fa7ef79d790e2e91,0.01022559218108654,0.06890712028168547,0.4981685281666642,0.5434350669384003,0.2987668514251709,0.44117785990238184
residual_v2,48,slit_bridge,123,private-source://routeA_experiments/data/final_ood_frozen_v1/slit_bridge/sample_0123.npz,dd8d213055c704fdaab30fa56f42a33f2b17cda2608934ee3c8395f1fa3ac372,0.009933863766491413,0.11063655860526014,1.145079222956852,0.9899394437670708,0.38970982749015093,0.8471709862351416
residual_v2,48,slit_bridge,124,private-source://routeA_experiments/data/final_ood_frozen_v1/slit_bridge/sample_0124.npz,989ca5a6639d386f9ba2fbbe4929a51151c1d1f58f0b02af5979a213ce187952,0.010571951046586037,0.06934805968275967,0.864541202235763,0.8755173683166504,0.25336621701717377,0.6220991037786006
residual_v2,48,slit_bridge,125,private-source://routeA_experiments/data/final_ood_frozen_v1/slit_bridge/sample_0125.npz,a70aa7c2b0ab69e05a1bdac27c118b00080fd91ce4b14294cf3d802c7d9815c3,0.010560929775238037,0.05427214244855743,0.5172039083255867,0.6930490136146545,0.2592041790485382,0.5678114771842955
residual_v2,48,slit_bridge,126,private-source://routeA_experiments/data/final_ood_frozen_v1/slit_bridge/sample_0126.npz,093585a00e910cd41c9a8b1050dbde9900de283da5c8bcf64b0e6657b12ce6c0,0.009992863051593304,0.07678712976216193,0.5848932280213193,0.7699985653162003,0.3301364928483963,0.5621815979480741
residual_v2,48,slit_bridge,127,private-source://routeA_experiments/data/final_ood_frozen_v1/slit_bridge/sample_0127.npz,fbaeeb14ed4064772eccd6ad5d7ce8b30fd2cd571f89be44730cad2f429acd53,0.009974952787160873,0.058705355695441615,0.5221964945496271,0.6861808896064758,0.2963046729564667,0.545464813709259
residual_v2,48,slit_bridge,128,private-source://routeA_experiments/data/final_ood_frozen_v1/slit_bridge/sample_0128.npz,f8dcb1ad9a029b0aaa0eb4226be5e9fb26f98253b2ac2ee759238972e2b35793,0.010576348751783371,0.06280996352173845,0.47499649151441825,0.6141480505466461,0.24189939349889755,0.4000463396310806
residual_v2,48,slit_bridge,129,private-source://routeA_experiments/data/final_ood_frozen_v1/slit_bridge/sample_0129.npz,4fde72568a862f65ab802425b157856bd372d3c84dff9690b725526c7c4caa72,0.010584156028926373,0.07018291740869229,0.5236643051512659,0.6861599981784821,0.26465365290641785,0.4642539888620376
residual_v2,48,slit_bridge,130,private-source://routeA_experiments/data/final_ood_frozen_v1/slit_bridge/sample_0130.npz,c5fc37a33ccfde0c5c1bc91a423ff22369761aa4a2358c6bf448d552f93ebe9f,0.010642959736287594,0.034157913198949626,0.2355835236270332,0.336023211479187,0.13118839263916016,0.24315902367234224
residual_v2,48,slit_bridge,131,private-source://routeA_experiments/data/final_ood_frozen_v1/slit_bridge/sample_0131.npz,816e62f42925e1228f1925aa9a64af845857cc8af393bef8edcc95e0b32ae811,0.010595613159239292,0.054824140820253935,0.41326529815491697,0.5138969421386719,0.23533111810684204,0.37059494853019687
residual_v2,48,slit_bridge,132,private-source://routeA_experiments/data/final_ood_frozen_v1/slit_bridge/sample_0132.npz,0fe2c82d437426e3d5e3a8a69a3eaf8444f65273028a83b43642500191be1de2,0.010463337413966656,0.08349861143086305,0.9646307789912498,1.0189783573150635,0.40964245796203613,0.8345300465822219
residual_v2,48,slit_bridge,133,private-source://routeA_experiments/data/final_ood_frozen_v1/slit_bridge/sample_0133.npz,158533d38705bbe83ad1aff888d4d281d11c259abc75e687100337a1169b6b79,0.009942157194018364,0.0726926594849786,0.6484839134306964,0.728478193283081,0.44374898076057434,0.6798047900199888
residual_v2,48,slit_bridge,134,private-source://routeA_experiments/data/final_ood_frozen_v1/slit_bridge/sample_0134.npz,809d1f61ff74bd28a60a9ee3e93980572061abc432bf497071f850cf295e5a22,0.009948612190783024,0.09632988696455191,0.8907318620728659,0.9287890940904617,0.4062282107770443,0.8421309366822242
residual_v2,48,slit_bridge,135,private-source://routeA_experiments/data/final_ood_frozen_v1/slit_bridge/sample_0135.npz,49a6d2f84ef15ae562f31d7f8186dcf515a22bd150120c9ef7592236bc4da560,0.00996409822255373,0.056658490418885404,0.5610837394423235,0.5813140869140625,0.26506824884563684,0.4113682389259338
residual_v2,48,slit_bridge,136,private-source://routeA_experiments/data/final_ood_frozen_v1/slit_bridge/sample_0136.npz,0aaf02ec1906882bedac48878d8b32168a7bb9aa28e664600efcf7880eeb0a09,0.010050640441477299,0.05195256856814513,0.3548280642940053,0.44189251959323883,0.25613394379615784,0.368537637591362
residual_v2,48,slit_bridge,137,private-source://routeA_experiments/data/final_ood_frozen_v1/slit_bridge/sample_0137.npz,3060120b449129fec3dadb659d3c9a7989d9e4319138bf42de3acdc3ba915c02,0.009884693659842014,0.05707946032807175,0.5497144795626323,0.6440638303756714,0.3330835849046707,0.5255727410316465
residual_v2,48,slit_bridge,138,private-source://routeA_experiments/data/final_ood_frozen_v1/slit_bridge/sample_0138.npz,6ed13d9162ca3514a314258b8d24016c2bc8875b25b0b38c5cdfa938f2a1eee2,0.009860403835773468,0.07757160215568792,0.8971878951043235,0.9613017439842224,0.3534865751862526,0.7436307832598681
residual_v2,48,slit_bridge,139,private-source://routeA_experiments/data/final_ood_frozen_v1/slit_bridge/sample_0139.npz,658f1ca5a3c9c31ef1d3034e1fa4b0a5769e9c38a410ad1b72996a2aa8abf1a0,0.00990232266485691,0.049676573538357936,0.43772963832547496,0.6042443513870239,0.2670780122280121,0.41258362531661985
residual_v2,48,slit_bridge,140,private-source://routeA_experiments/data/final_ood_frozen_v1/slit_bridge/sample_0140.npz,4cb2e3c95ee8b50b37549ea056e6b5e6349cac539e85f6c167d54902061606d1,0.010528423823416233,0.08081426376116634,0.7413466112900161,0.8808367103338242,0.36009012535214424,0.7064691722393023
residual_v2,48,slit_bridge,141,private-source://routeA_experiments/data/final_ood_frozen_v1/slit_bridge/sample_0141.npz,72511c727388df3bf5af40ee47932e5d0ea12cec9268d07a95eff4200660e42e,0.010513552464544773,0.06859176943669014,0.597476183549953,0.6157398223876953,0.33310388773679733,0.53773957490921
residual_v2,48,slit_bridge,142,private-source://routeA_experiments/data/final_ood_frozen_v1/slit_bridge/sample_0142.npz,306a40af48edd29b46f137a9e1015dba90eef9f89a216e9034ab8c4e810088cb,0.009930687956511974,0.07745156284822885,0.8938534314219088,0.9593589007854462,0.31961318850517273,0.7750054478645322
residual_v2,48,slit_bridge,143,private-source://routeA_experiments/data/final_ood_frozen_v1/slit_bridge/sample_0143.npz,9143fda697b9d0ca554a018b16f7dcedf9ce17f64344f4de043fd7612877a3d2,0.009939263574779034,0.07602165063027473,0.9579680074155676,0.9722508639097214,0.4088487606495619,0.7715435706078999
residual_v2,48,slit_bridge,144,private-source://routeA_experiments/data/final_ood_frozen_v1/slit_bridge/sample_0144.npz,cede0fd6d7f85a69aeaae09213236482ad3047e9130d14dd79693b9e243f783b,0.010802472941577435,0.08615406615502808,0.9686740003677744,1.0274359285831451,0.41553619503974915,0.9255793869495391
residual_v2,48,slit_bridge,145,private-source://routeA_experiments/data/final_ood_frozen_v1/slit_bridge/sample_0145.npz,2d9fdb82c8a7275b63a15c4d95ab584a0842ebd21fd6762928d68475fe8cc330,0.01054250169545412,0.0874453676427831,0.7653123428620622,0.8270403146743774,0.4437704011797905,0.7361028283834455
residual_v2,48,slit_bridge,146,private-source://routeA_experiments/data/final_ood_frozen_v1/slit_bridge/sample_0146.npz,207f5f551061e628bde8bc221dd64138c07612d4245a97390961be3ea5e16611,0.010548967868089676,0.04738366535566084,0.37584995834881874,0.4130057990550995,0.2141227349638939,0.33120591193437576
residual_v2,48,slit_bridge,147,private-source://routeA_experiments/data/final_ood_frozen_v1/slit_bridge/sample_0147.npz,82d0e49e8401c09f0e3e6a3547b29f4d5a1dedbc6b0f06beea92cbeb4866ea11,0.010613495483994484,0.07239554226137367,0.7157785807410145,0.7583544850349426,0.2779006361961365,0.578128632903099
residual_v2,48,slit_bridge,148,private-source://routeA_experiments/data/final_ood_frozen_v1/slit_bridge/sample_0148.npz,e38da3693d172092572c7f2754a94e44ef94b0502f3919d896ce0c2fbe38e009,0.010522560216486454,0.07762950470483637,0.7729544722984282,0.883300170302391,0.4310599770396948,0.7430763214826565
residual_v2,48,slit_bridge,149,private-source://routeA_experiments/data/final_ood_frozen_v1/slit_bridge/sample_0149.npz,afc272ad1c582032ceafc263f98a9500852bcc9f113906a40f63ad64c40aee4c,0.009903219528496265,0.06222133742954718,1.124244355560454,0.9800506085157394,0.2170690664788708,0.7798186201602216
residual_v2,48,slit_bridge,150,private-source://routeA_experiments/data/final_ood_frozen_v1/slit_bridge/sample_0150.npz,3d18460af3363948da3a01a3d1b31a48effc40aa616a1b5dd39689622a7ec45c,0.009868307039141655,0.07433565701806413,0.5134479942090627,0.6403409242630005,0.32720882445573807,0.513309234380722
residual_v2,48,slit_bridge,151,private-source://routeA_experiments/data/final_ood_frozen_v1/slit_bridge/sample_0151.npz,d5753da7388ebb54f9cf2699537d139086e01002d7a59190bb63986a17939a32,0.010510965250432491,0.06081411549815757,0.549438943662461,0.6239622831344604,0.337585911154747,0.5424658507108686
residual_v2,48,slit_bridge,152,private-source://routeA_experiments/data/final_ood_frozen_v1/slit_bridge/sample_0152.npz,9695aa6ea858785b103e16fd61c266f988f64686cfbdc88b2899662da023ea05,0.01046915352344513,0.05341441697268639,0.586104529103833,0.7026412487030029,0.29888609051704407,0.54639553129673
residual_v2,48,slit_bridge,153,private-source://routeA_experiments/data/final_ood_frozen_v1/slit_bridge/sample_0153.npz,60ac6a052ff2a92b7086357b74a96c31e33d7255ddf407c4f70bc5fe58806b60,0.01059695053845644,0.06920400433856254,1.1263515979314256,0.979769341647625,0.24797652522101998,0.7198757968842981
residual_v2,48,slit_bridge,154,private-source://routeA_experiments/data/final_ood_frozen_v1/slit_bridge/sample_0154.npz,02efeff9d6ba6e84c68ab742c168c4ca40609c73d6f82146e8a2f5b10a657897,0.009955932386219501,0.05733714554390586,1.1889936518978073,0.9817841369658709,0.21840381080983207,0.6007210934534666
residual_v2,48,slit_bridge,155,private-source://routeA_experiments/data/final_ood_frozen_v1/slit_bridge/sample_0155.npz,ea8bfa01563270f5d6e2ec9dbe473f05772c2e4989b937a57ae2104227258fed,0.009946249425411224,0.04369211439040017,0.3279318012864327,0.44827476143836975,0.20481908321380615,0.3458746641874313
residual_v2,48,slit_bridge,156,private-source://routeA_experiments/data/final_ood_frozen_v1/slit_bridge/sample_0156.npz,5005fb0814bda784608be7da52a32e34a6544ba7bd358a95694b62e213f8f2c2,0.00991033110767603,0.07661017420332392,0.7379405457085745,0.7711771875619888,0.3900408372282982,0.6921814367175102
residual_v2,48,slit_bridge,157,private-source://routeA_experiments/data/final_ood_frozen_v1/slit_bridge/sample_0157.npz,ac48ebb841e2622ef6bc4ba966dad1b3b604f8d724d29e6f2fab1b6641ee1921,0.009922822006046772,0.0925272925920578,0.9147467388545478,0.9326414167881012,0.5052625872194767,0.8437133528292177
residual_v2,48,slit_bridge,158,private-source://routeA_experiments/data/final_ood_frozen_v1/slit_bridge/sample_0158.npz,2f49624ea36882b03b9786cab30360722cade76c056bea230f9c9ba4ac764c8b,0.010551797226071358,0.060781674532664316,0.39285843739293763,0.47627580165863037,0.2535884231328964,0.40698035731911647
residual_v2,48,slit_bridge,159,private-source://routeA_experiments/data/final_ood_frozen_v1/slit_bridge/sample_0159.npz,d0b13a51187a418d7efe2e93a19604a3d01c818ea9736b5aa09b4607fad5fa55,0.01056094840168953,0.05282424577917986,0.4227220662560177,0.5696497410535812,0.21849904209375381,0.37000914812087954
residual_v2,48,slit_bridge,160,private-source://routeA_experiments/data/final_ood_frozen_v1/slit_bridge/sample_0160.npz,622f4d8070ecdd9d0a824ce72f84fecc0c78f83011ff11259ebc6bb846de281e,0.010487687774002552,0.06297806479401451,0.485989680969754,0.5421732068061829,0.289371982216835,0.40901538431644435
residual_v2,48,slit_bridge,161,private-source://routeA_experiments/data/final_ood_frozen_v1/slit_bridge/sample_0161.npz,178f02f0e3b5995f2619dd6bf52ad3a7508f806bd4e13ba9ceeb9a36f1649f16,0.00993216224014759,0.07253322204813381,0.8447535289762127,0.9233501255512238,0.2865283414721489,0.6414819240570058
residual_v2,48,slit_bridge,162,private-source://routeA_experiments/data/final_ood_frozen_v1/slit_bridge/sample_0162.npz,7dac1f84d357180521999872dd329573241cb8c42feeb442891197f01199c66b,0.009874177165329456,0.07570544419293018,1.0717098508501355,0.9406115896999836,0.3101300373673439,0.7127649396657926
residual_v2,48,slit_bridge,163,private-source://routeA_experiments/data/final_ood_frozen_v1/slit_bridge/sample_0163.npz,b7a7aa86a9bdc19977f06da4caff68d49a340edbf4f1a1c1187591366b6636d2,0.010605094954371452,0.09216098456782718,0.7329045993050383,0.8883177042007446,0.40846114605665207,0.5989912658929821
residual_v2,48,slit_bridge,164,private-source://routeA_experiments/data/final_ood_frozen_v1/slit_bridge/sample_0164.npz,779949d863880f5d16a879e81f20fad07ea4f966fba7da8ee22f0adaa6fc32af,0.01055840589106083,0.08681276123821254,0.8175085101439561,0.8170180320739746,0.4993828237056732,0.754077023267746
residual_v2,48,slit_bridge,165,private-source://routeA_experiments/data/final_ood_frozen_v1/slit_bridge/sample_0165.npz,dc423b6d998084bf0149349c297bb1babad5e99fb236b7c05dfa975cb5183082,0.01056720968335867,0.07029459976070566,0.5830846350089534,0.6339912414550781,0.37238818407058716,0.5577964067459098
residual_v2,48,slit_bridge,166,private-source://routeA_experiments/data/final_ood_frozen_v1/slit_bridge/sample_0166.npz,351a161f32941f870662dc54b1d5ae59e25dc38cb8501ca4493dd08e6d42d64a,0.010572005994617939,0.08396800695858782,0.6872075398162864,0.6080175414681435,0.35158566385507584,0.5000663049519061
residual_v2,48,slit_bridge,167,private-source://routeA_experiments/data/final_ood_frozen_v1/slit_bridge/sample_0167.npz,aa66574c4716561ec10258da0ac13914768f1d14f665ebf1ec534f148bd0abd7,0.009869792498648167,0.06521983447421889,0.6337342562817697,0.6936036944389343,0.3769240826368332,0.6093085110187522
residual_v2,48,slit_bridge,168,private-source://routeA_experiments/data/final_ood_frozen_v1/slit_bridge/sample_0168.npz,b0b356c11f56258bb6f3db09bd66c6dcd1bcd41614b20e67f8e907402ec13485,0.01058617141097784,0.08239676194804306,0.7542020618168004,0.7657567858695984,0.3780079632997513,0.6579522252082824
residual_v2,48,slit_bridge,169,private-source://routeA_experiments/data/final_ood_frozen_v1/slit_bridge/sample_0169.npz,a469b2c4e556282ed62e13e26cd27398331a9ba05d88ee1913966198103238d6,0.010554593987762928,0.09034586553396008,0.9177309511864719,0.9673060327768326,0.45878127962350845,0.7467699244618414
residual_v2,48,slit_bridge,170,private-source://routeA_experiments/data/final_ood_frozen_v1/slit_bridge/sample_0170.npz,36fbd3c3d23a1204142c49ecd37ef44c2ba54ac4467ddb41d832464267e85212,0.010568622499704361,0.08295809458709043,0.7858802241348729,0.7390299737453461,0.3824704624712467,0.5339557021856307
residual_v2,48,slit_bridge,171,private-source://routeA_experiments/data/final_ood_frozen_v1/slit_bridge/sample_0171.npz,d535ac50a902c9794c7c816a49047dfd9c3f701564b69ce35cc24a4b731afa97,0.010535473003983498,0.07446975189276059,1.1494466188065589,0.9675129279494286,0.2786595574580133,0.7733232524245974
residual_v2,48,slit_bridge,172,private-source://routeA_experiments/data/final_ood_frozen_v1/slit_bridge/sample_0172.npz,4e4eeb0f4d4f14aa76bc67064de00f38d35024c2470cfc77d2414c6da16f99f2,0.009952936321496964,0.06338350068729387,0.4827630601055214,0.6698465943336487,0.2931017763912678,0.5188887894153594
residual_v2,48,slit_bridge,173,private-source://routeA_experiments/data/final_ood_frozen_v1/slit_bridge/sample_0173.npz,4c3d97c818e4c1aaa20fd773230ef107c1e90a4328ebbfb020186474b8b391e2,0.010623383335769176,0.06880088880414789,0.576293658287396,0.6075616180896759,0.2722763940691948,0.49213751554489127
residual_v2,48,slit_bridge,174,private-source://routeA_experiments/data/final_ood_frozen_v1/slit_bridge/sample_0174.npz,c764cef11e9744e2347bf095a3ad20fd9c9a40516623d0e6687f000cea70736b,0.01064472645521164,0.0742853035456794,0.8727976995300238,0.9262574762105942,0.4109197184443474,0.7299461483955383
residual_v2,48,slit_bridge,175,private-source://routeA_experiments/data/final_ood_frozen_v1/slit_bridge/sample_0175.npz,22afae3ce0b327b65855609e847dcf168cbfa0c3da01d0e00d7ff822a2f93dab,0.010684685781598091,0.09509585876640583,0.7422388883281325,1.0766406953334808,0.4716108441352844,0.7323648393154142
residual_v2,48,slit_bridge,176,private-source://routeA_experiments/data/final_ood_frozen_v1/slit_bridge/sample_0176.npz,3615c8f32a0156e435a991da99bea493288394630d64ca1402e46469b4ae4561,0.010523025877773762,0.07627950480218429,0.5512414556147344,0.6115936934947968,0.32924535870552063,0.5367430448532104
residual_v2,48,slit_bridge,177,private-source://routeA_experiments/data/final_ood_frozen_v1/slit_bridge/sample_0177.npz,bde9b0878d1f9163cd3460df65d8fbaa6d012659d97271692cd52839664004d8,0.01055195089429617,0.07114852533950776,0.7481409405901804,0.8075123429298401,0.415938138961792,0.7184779196977608
residual_v2,48,slit_bridge,178,private-source://routeA_experiments/data/final_ood_frozen_v1/slit_bridge/sample_0178.npz,dffe6643c77429e0e5ed595fcd8553b626ac374c0226c86babb86bb23700de20,0.009900057688355446,0.05168293730411853,0.38927590071649687,0.5936434864997864,0.22595813125371933,0.3646542131900786
residual_v2,48,slit_bridge,179,private-source://routeA_experiments/data/final_ood_frozen_v1/slit_bridge/sample_0179.npz,fca36c52c6cfb0110fbe78721de423d99487a00561b0c6b6b9f826917f42aede,0.010539701208472252,0.050245097922587266,0.32642016426130327,0.5066795349121094,0.2196662873029709,0.3262096375226965
residual_v2,48,slit_bridge,180,private-source://routeA_experiments/data/final_ood_frozen_v1/slit_bridge/sample_0180.npz,6f19672ce01e21e2c280e4be06a3e54680e018ff4c226cbe757f44ebad3e1910,0.010578465647995472,0.05716764503609598,0.36706443056737376,0.5071238875389099,0.24592020362615585,0.3843362048268316
residual_v2,48,slit_bridge,181,private-source://routeA_experiments/data/final_ood_frozen_v1/slit_bridge/sample_0181.npz,ec877344fcdbfdbdaddf529e85e3cc5c3aab339963def6c7349014d86c8140d4,0.010481552220880985,0.0869805459340283,0.8035547587881574,0.8915278762578964,0.4342433102428913,0.7906712010502814
residual_v2,48,slit_bridge,182,private-source://routeA_experiments/data/final_ood_frozen_v1/slit_bridge/sample_0182.npz,85955e8644eeb0dcc33c4aed80df2c7439e5bab709258a2875ce1a3a61c5ebfb,0.010528629645705223,0.060136750126070004,0.45682142164120865,0.5845111906528473,0.25103774666786194,0.4223267003893845
residual_v2,48,slit_bridge,183,private-source://routeA_experiments/data/final_ood_frozen_v1/slit_bridge/sample_0183.npz,7db60f93fba5ad9147fed2dc7ad510080993a1ba5cacff680d8f7315ac009961,0.010542957112193108,0.07594601777343042,0.6891782434448555,0.8754540383815765,0.33101487159729004,0.7364437840878962
residual_v2,48,slit_bridge,184,private-source://routeA_experiments/data/final_ood_frozen_v1/slit_bridge/sample_0184.npz,8121820fc993132420a3854bde14b0b1742133b65c0a82ff2248b97133f07f34,0.010512100532650948,0.07428220928627394,0.7404151186544154,0.8421114385128021,0.3307938873767853,0.6552244156599042
residual_v2,48,slit_bridge,185,private-source://routeA_experiments/data/final_ood_frozen_v1/slit_bridge/sample_0185.npz,6cddc80ef7290697c6e5ddae659d68aa20dcd10104ab9b2cd5f9708afe9f741d,0.01052967831492424,0.06156630131523131,0.5013435669675211,0.6828355491161346,0.34170079231262207,0.5532549977302547
residual_v2,48,slit_bridge,186,private-source://routeA_experiments/data/final_ood_frozen_v1/slit_bridge/sample_0186.npz,325ef30f2da8a65dac78a1b06a65f887f2d9947c96e2faee9e6a8ec03323351a,0.009839397855103016,0.0819573891996531,0.6967530515632953,0.807629719376564,0.36638347432017326,0.7140752539038656
residual_v2,48,slit_bridge,187,private-source://routeA_experiments/data/final_ood_frozen_v1/slit_bridge/sample_0187.npz,119b85212c8b4744bf1d62d7dfe261550cb6d3e5d22f4790dbe62e75609d0922,0.009949174709618092,0.06499458464127197,0.5420499849932267,0.6983345448970795,0.3412715196609497,0.6085610568523406
residual_v2,48,slit_bridge,188,private-source://routeA_experiments/data/final_ood_frozen_v1/slit_bridge/sample_0188.npz,dcf9852e45123cccfdad55cec5cd89ffd610e5287252fbe34ba1dd1786992a3e,0.010561813600361347,0.07407265979495849,0.5927932345850614,0.724439412355423,0.3547503873705864,0.5472590520977972
residual_v2,48,slit_bridge,189,private-source://routeA_experiments/data/final_ood_frozen_v1/slit_bridge/sample_0189.npz,286c7744959bebf561fcf60d6510f810deadc11b4f49e589e2e9473d32de82f7,0.010014452040195465,0.0631904017581091,0.613050140799239,0.7133562862873077,0.31736207008361816,0.5845710039138782
residual_v2,48,slit_bridge,190,private-source://routeA_experiments/data/final_ood_frozen_v1/slit_bridge/sample_0190.npz,fe702ecba390c3dc04a9733afe0b132a016fcf5c4eaffcad11aaea841c4e382e,0.009955577552318573,0.07280068565883911,0.7573301030414769,0.7249590307474136,0.3820889852941036,0.5946216240525245
residual_v2,48,slit_bridge,191,private-source://routeA_experiments/data/final_ood_frozen_v1/slit_bridge/sample_0191.npz,cc046fa8afaf7d479712359b932e246ff1ee8e9d4f1365bd79dc2f10196be05c,0.010562879964709282,0.07573638070928954,0.848735209636589,0.9105914980173111,0.3779580369591713,0.8023313879966734
residual_v2,48,slit_bridge,192,private-source://routeA_experiments/data/final_ood_frozen_v1/slit_bridge/sample_0192.npz,12a887fa1b92770140bbc308300406b9f45be794a2802dc5d4318f9f90964304,0.009861381724476814,0.07220398826226973,0.5685677398398135,0.5781521052122116,0.33561699464917183,0.4673871487379072
residual_v2,48,slit_bridge,193,private-source://routeA_experiments/data/final_ood_frozen_v1/slit_bridge/sample_0193.npz,ea535161153d10af3f779e6ce92ab576cb6f01bb2b84270e675cb8a7ca3bff3d,0.010594107210636139,0.03484769255471402,0.25477304492466196,0.38492274284362793,0.14822359383106232,0.2725693553686125
residual_v2,48,slit_bridge,194,private-source://routeA_experiments/data/final_ood_frozen_v1/slit_bridge/sample_0194.npz,8488a62661fcd5432a193ca5c2bdaf1492f33731b7131ad3e367f5731ec70c37,0.009962253272533417,0.0903755370306431,0.931924321404399,0.9429299086332321,0.4584082718938589,0.8388783499598503
residual_v2,48,slit_bridge,195,private-source://routeA_experiments/data/final_ood_frozen_v1/slit_bridge/sample_0195.npz,7e1d374879fa5f6a96ebc3990a10958313440dc33a9ef060976f12e925232108,0.01054857112467289,0.04826612549204676,0.3273541245553926,0.4498639702796936,0.18803934752941132,0.2972585678100585
residual_v2,48,slit_bridge,196,private-source://routeA_experiments/data/final_ood_frozen_v1/slit_bridge/sample_0196.npz,d4848a4e772e741b625e10aec676527f984e3943b470a872754331769f8b94bb,0.010509499348700047,0.07856765690001029,0.8627931238039541,0.9397823214530945,0.4056185185909271,0.751064357161521
residual_v2,48,slit_bridge,197,private-source://routeA_experiments/data/final_ood_frozen_v1/slit_bridge/sample_0197.npz,2b37447cf0d376d2e2021ecf8d29a5d17437f6bb153943e0f306b31930209b3e,0.010563166812062263,0.09167501386400813,0.8156217509743713,0.8893231973052025,0.4904205799102783,0.7983854644000528
residual_v2,48,slit_bridge,198,private-source://routeA_experiments/data/final_ood_frozen_v1/slit_bridge/sample_0198.npz,8030be12303215e83fab9a6e2360c32b7958cadc693426ae4437ff9ce9a38d91,0.010553418658673763,0.0698720823865842,0.5817004439496467,0.6728763431310654,0.31534721702337265,0.6020042136311529
residual_v2,48,slit_bridge,199,private-source://routeA_experiments/data/final_ood_frozen_v1/slit_bridge/sample_0199.npz,cc6a52511cc16e98c96e4753d529c21a8e0ccbe95013bc0584ae491523d2bb83,0.009976495988667011,0.0424573140679625,0.4209213159896762,0.5579928457736969,0.22841350734233856,0.43999905586242655
residual_v2,48,three_hole_asymmetric,0,private-source://routeA_experiments/data/final_ood_frozen_v1/three_hole_asymmetric/sample_0000.npz,76239d9d4cae31805b23350941f6924762ca8e0eb2de53f5e0014a3050004492,0.009898201562464237,0.058182589034019565,0.6061612040127654,0.6846896409988403,0.26248754165135324,0.5122958816587919
residual_v2,48,three_hole_asymmetric,1,private-source://routeA_experiments/data/final_ood_frozen_v1/three_hole_asymmetric/sample_0001.npz,c8138e48b2b5450756ab6ea06ad8018a0f03fd49507fdf70f7602513883c6d79,0.009934434667229652,0.05850117111408596,0.9413776943939599,0.9043267965316772,0.23176403157413006,0.672825071960687
residual_v2,48,three_hole_asymmetric,2,private-source://routeA_experiments/data/final_ood_frozen_v1/three_hole_asymmetric/sample_0002.npz,8415d3f4052cfa250de2e615b5f135c4cbc51665e9780ba0c740b7bc68b0b8d0,0.010011384263634682,0.06261841484177473,0.7936822963931082,0.8047283887863159,0.2616003043949604,0.6440358281135555
residual_v2,48,three_hole_asymmetric,3,private-source://routeA_experiments/data/final_ood_frozen_v1/three_hole_asymmetric/sample_0003.npz,126883ed7a18270534e81fc020b354d6a09b3d0b37130be0a213f6e3fe3611cf,0.009982382878661156,0.08064666149534115,0.8294063090069536,0.8031134754419327,0.38918385561555624,0.6778913449496017
residual_v2,48,three_hole_asymmetric,4,private-source://routeA_experiments/data/final_ood_frozen_v1/three_hole_asymmetric/sample_0004.npz,73fddad29aef7a16eeabb39f9b70e218861d55037c0d2745430816f9076f8b8f,0.009874852374196053,0.06099346120767345,0.9305836407146298,0.9282293319702148,0.2369395325658843,0.5981505036354057
residual_v2,48,three_hole_asymmetric,5,private-source://routeA_experiments/data/final_ood_frozen_v1/three_hole_asymmetric/sample_0005.npz,0cce2a32a88505f1a40318561d466c31de7f2eb63e0449cf3df2f644c64a0108,0.010609447956085205,0.06707283325566546,0.8196334829960554,0.8410116136074066,0.33545392379164696,0.7298283576965332
residual_v2,48,three_hole_asymmetric,6,private-source://routeA_experiments/data/final_ood_frozen_v1/three_hole_asymmetric/sample_0006.npz,05b9798f8cd5b5b832e909e747bb49397a06d4bc8291718bcb52ee39573eb619,0.010626030154526234,0.08693565724887073,1.0582223497498944,0.9774418324232101,0.3766961427172646,0.7902278961613772
residual_v2,48,three_hole_asymmetric,7,private-source://routeA_experiments/data/final_ood_frozen_v1/three_hole_asymmetric/sample_0007.npz,6ba61082fc82270f3f31ed8952fcbbd145b31d5361d264f2bd66a5366e0bc340,0.00990962516516447,0.06722457231231138,0.8130945249409401,0.8376609086990356,0.2802901230752468,0.6511476792395112
residual_v2,48,three_hole_asymmetric,8,private-source://routeA_experiments/data/final_ood_frozen_v1/three_hole_asymmetric/sample_0008.npz,853331caeb1b23865ccb78c9a2f431c6c5268c039e4b02388b3e7b2950cb9a7f,0.010000702925026417,0.07700355064776433,0.8018116984609108,0.8203130215406418,0.3298993892967701,0.6238015234470365
residual_v2,48,three_hole_asymmetric,9,private-source://routeA_experiments/data/final_ood_frozen_v1/three_hole_asymmetric/sample_0009.npz,9970adef6a8aee3680702738f4b4535ec99d53fd695e57178ef1d947c3890f8c,0.010003121569752693,0.06989338399582762,0.7812236243220222,0.7615065276622772,0.34521905705332756,0.5564066041260938
residual_v2,48,three_hole_asymmetric,10,private-source://routeA_experiments/data/final_ood_frozen_v1/three_hole_asymmetric/sample_0010.npz,ca5bef464b218ce33227b66ed886a6d671ca7ebab5b66b551b37435087ee4d86,0.009898749180138111,0.07634040177182619,0.9049668591166614,0.8928892910480499,0.36090124770998955,0.7696056485176082
residual_v2,48,three_hole_asymmetric,11,private-source://routeA_experiments/data/final_ood_frozen_v1/three_hole_asymmetric/sample_0011.npz,ed6e65591f32cddee3a621d0a802c4d3ce1e222eac7e0ad7a6d66916367e9015,0.009958213195204735,0.06702929111503501,0.9725411085908343,0.9590534269809723,0.281194971408695,0.7402924358844747
residual_v2,48,three_hole_asymmetric,12,private-source://routeA_experiments/data/final_ood_frozen_v1/three_hole_asymmetric/sample_0012.npz,81ff39c1f360e63cd187c00763f0e47af4b7b964b23c0036bbcc2118bcfa7335,0.0098506398499012,0.06202824293918502,0.6862520753868842,0.6784601882100105,0.27149895625188947,0.5246940568089481
residual_v2,48,three_hole_asymmetric,13,private-source://routeA_experiments/data/final_ood_frozen_v1/three_hole_asymmetric/sample_0013.npz,7b336e409d0b1be61aa8152652f7727a997afad669670d5dbedef898f8385d62,0.010580084286630154,0.06263593172932116,0.8389769884005095,0.8620658218860626,0.26304882869590074,0.6215880319476125
residual_v2,48,three_hole_asymmetric,14,private-source://routeA_experiments/data/final_ood_frozen_v1/three_hole_asymmetric/sample_0014.npz,14b2727426b78377e48754867160238048d5c11e6a60c8244c17e2f5d349c674,0.009917046874761581,0.06483628823094649,0.6971497333033341,0.6901422739028931,0.257059880066663,0.5110673628747459
residual_v2,48,three_hole_asymmetric,15,private-source://routeA_experiments/data/final_ood_frozen_v1/three_hole_asymmetric/sample_0015.npz,f1f557f0e4338c64350ec1c2218ae556b5ee258eeeb85ed87e15e06d69e7949f,0.009988815523684025,0.07272650931601776,1.0371280574456911,0.9331470131874084,0.3004968960303813,0.6896657057106491
residual_v2,48,three_hole_asymmetric,16,private-source://routeA_experiments/data/final_ood_frozen_v1/three_hole_asymmetric/sample_0016.npz,e72396fee8a43a2b8ddefe735291ca8705c65690b680b4a18f84ae974e873213,0.009856725111603737,0.08233067013354335,1.025128071508131,0.9358545243740082,0.3460084944963455,0.7039069354534135
residual_v2,48,three_hole_asymmetric,17,private-source://routeA_experiments/data/final_ood_frozen_v1/three_hole_asymmetric/sample_0017.npz,e985edd4b5fd67f0812b23ba168c67faea3aeed38dc497bd3554f7bd6760ce23,0.01062067598104477,0.07311282189938526,0.9037700525807806,0.7768529653549194,0.3004164984449744,0.6298038732260458
residual_v2,48,three_hole_asymmetric,18,private-source://routeA_experiments/data/final_ood_frozen_v1/three_hole_asymmetric/sample_0018.npz,822a1ae4756152a1ca58caa1ec6d5f81a08654b749358283fdc1e93ee4e96c05,0.010631156153976917,0.05886641925022467,0.5327000523542729,0.6953300833702087,0.23472806438803673,0.422982382774352
residual_v2,48,three_hole_asymmetric,19,private-source://routeA_experiments/data/final_ood_frozen_v1/three_hole_asymmetric/sample_0019.npz,930b0ac62993246d762ab2fade330a6323a28dfa631309dcd025ccc1955464d2,0.010616856627166271,0.06753734613609398,0.7264996406956795,0.700694739818573,0.25922853499650955,0.5024110235273835
residual_v2,48,three_hole_asymmetric,20,private-source://routeA_experiments/data/final_ood_frozen_v1/three_hole_asymmetric/sample_0020.npz,ebe95ab8adce4e5f03a8c032f3f82d5b37362c40745ec8db423913bbcdbc36cc,0.010556506924331188,0.06367444407290583,0.857943338551168,0.7722937315702438,0.2827060711570084,0.5378034874796866
residual_v2,48,three_hole_asymmetric,21,private-source://routeA_experiments/data/final_ood_frozen_v1/three_hole_asymmetric/sample_0021.npz,54558d7be0dcfa75da26d4b23bc274c3c188b6521dea1d6a7af66329fa9f8251,0.009964602999389172,0.05719949699418212,0.5732814812580149,0.7047860324382782,0.26622020453214645,0.511217303574085
residual_v2,48,three_hole_asymmetric,22,private-source://routeA_experiments/data/final_ood_frozen_v1/three_hole_asymmetric/sample_0022.npz,6bdc3c8942ace2076e15642c82251ef4fb1abdcb025262d5cbf4bf8159949c89,0.009958305396139622,0.062236555005601664,0.8546037936727329,0.8790927231311798,0.2511599370627664,0.7257991947233657
residual_v2,48,three_hole_asymmetric,23,private-source://routeA_experiments/data/final_ood_frozen_v1/three_hole_asymmetric/sample_0023.npz,fb7b07378547ca5def525e00c556fd80770b515ccf896b8db2c472e26a09e5de,0.00986689142882824,0.05965535982291611,1.1724923607495048,1.0002118200063705,0.24560113594634458,0.6143196918070316
residual_v2,48,three_hole_asymmetric,24,private-source://routeA_experiments/data/final_ood_frozen_v1/three_hole_asymmetric/sample_0024.npz,2db1bdfbff80836e6a8d01f12b7e3e3ccb933bc7fa29a6c580e28e0a5d564196,0.009929255582392216,0.0827325639935649,0.8412018272317924,0.8714848682284355,0.37097151577472687,0.736116278916596
residual_v2,48,three_hole_asymmetric,25,private-source://routeA_experiments/data/final_ood_frozen_v1/three_hole_asymmetric/sample_0025.npz,d3dd37382fca909602f329cf5ca0868fdf4906bc68d239b517c7b63904d4d71e,0.009981579147279263,0.08071057633670499,0.8603107623239328,0.8388260006904602,0.3200845392420888,0.7402508132159709
residual_v2,48,three_hole_asymmetric,26,private-source://routeA_experiments/data/final_ood_frozen_v1/three_hole_asymmetric/sample_0026.npz,ab2b827142dff4076d7ccc83b71215ae118cd4367f57c2e1f1a596a261244546,0.009942734614014626,0.07290817500719184,0.761197128476027,0.7509596645832062,0.38331760838627815,0.6128604799509049
residual_v2,48,three_hole_asymmetric,27,private-source://routeA_experiments/data/final_ood_frozen_v1/three_hole_asymmetric/sample_0027.npz,502e0384dcc52c88b8d7686ef96396b3cb52f6aaceef7f024eb2b099d1a4007a,0.009903677739202976,0.0668450852823182,1.1594944009265247,0.9728266559541225,0.24912025619414635,0.772199417091905
residual_v2,48,three_hole_asymmetric,28,private-source://routeA_experiments/data/final_ood_frozen_v1/three_hole_asymmetric/sample_0028.npz,9350fce83bcaffdab0c4c8e8d9620ad9255df6368a78acb778f31f6d4d74c766,0.010611267760396004,0.07335558186616421,1.014860925685181,0.932654120028019,0.3065150575712323,0.6927892789244651
residual_v2,48,three_hole_asymmetric,29,private-source://routeA_experiments/data/final_ood_frozen_v1/three_hole_asymmetric/sample_0029.npz,f5870c4d60ab26a07f238eaa0997f6136bebb56604eb5c97e4b9a2fda2f9dc4e,0.010612341575324535,0.0548932482714327,0.4426156152010145,0.614089846611023,0.21394931036047637,0.5104784548282617
residual_v2,48,three_hole_asymmetric,30,private-source://routeA_experiments/data/final_ood_frozen_v1/three_hole_asymmetric/sample_0030.npz,6fd7dea4e1eb48c71994c0c450b08928f5ea2504ed659d879044b9b6c1644f3b,0.01068272814154625,0.05339075623195871,0.930081612474194,0.8936359584331512,0.19479040382429957,0.6609258934855455
residual_v2,48,three_hole_asymmetric,31,private-source://routeA_experiments/data/final_ood_frozen_v1/three_hole_asymmetric/sample_0031.npz,4ba2ed02c426f61c1986b2240ee86afd7314ebbbe8b539e56f9600ba0cbbc1d6,0.010494410060346127,0.06452876162441215,0.9491130251472203,0.9620961844921112,0.2890964224934578,0.7014890957623717
residual_v2,48,three_hole_asymmetric,32,private-source://routeA_experiments/data/final_ood_frozen_v1/three_hole_asymmetric/sample_0032.npz,19561acd47d971095affbf1d7482c2543969e7efe2e017cce9662594c2409591,0.010526323691010475,0.07482191551123493,0.9211762466427545,0.8482942283153534,0.32162563782185316,0.5728945553302763
residual_v2,48,three_hole_asymmetric,33,private-source://routeA_experiments/data/final_ood_frozen_v1/three_hole_asymmetric/sample_0033.npz,299a816b59d1641a415a05ef717681b17573aad62ca3c0dc9711e90793f0d5b1,0.010534252040088177,0.0762755373663954,0.9727080488386508,0.9136287569999695,0.3177334601059556,0.6940183162689185
residual_v2,48,three_hole_asymmetric,34,private-source://routeA_experiments/data/final_ood_frozen_v1/three_hole_asymmetric/sample_0034.npz,d9c1345372b974ce89c979d52478ef6d491162f017535e9466a777f808423d7d,0.009885277599096298,0.07473328112835023,0.775456565648164,0.7147106826305389,0.3191218227148056,0.5544742092490189
residual_v2,48,three_hole_asymmetric,35,private-source://routeA_experiments/data/final_ood_frozen_v1/three_hole_asymmetric/sample_0035.npz,bbc5468f3342befdbe4e2f23d133af48d348c7ec0465af4103305de397fa0309,0.010550458915531635,0.06269957113913105,0.7652087125446987,0.7614535391330719,0.35937294363975525,0.6854950666427612
residual_v2,48,three_hole_asymmetric,36,private-source://routeA_experiments/data/final_ood_frozen_v1/three_hole_asymmetric/sample_0036.npz,f42f3b5b47bedfb758af7282d3853313d2f8cd91228aa5ad8456fe5f4ab773e7,0.01059475727379322,0.06783921665527437,0.59061351299401,0.6344355642795563,0.3045995496213436,0.511844843626022
residual_v2,48,three_hole_asymmetric,37,private-source://routeA_experiments/data/final_ood_frozen_v1/three_hole_asymmetric/sample_0037.npz,70b02216f9922d40a0913ae98c1656101a148ee3d0036600db73f132e9e21930,0.009963043965399265,0.0829808976146854,0.939855248209528,0.9465320557355881,0.3536557964980602,0.806374202668666
residual_v2,48,three_hole_asymmetric,38,private-source://routeA_experiments/data/final_ood_frozen_v1/three_hole_asymmetric/sample_0038.npz,fa7d466e58601cc7ae42f28b80b74fe105c87c60ec45af33a67b9404e69917f3,0.009954128414392471,0.047569659111953995,0.4623047475552917,0.5171747803688049,0.22513744980096817,0.42589830011129354
residual_v2,48,three_hole_asymmetric,39,private-source://routeA_experiments/data/final_ood_frozen_v1/three_hole_asymmetric/sample_0039.npz,6729ed9a2fcaa8077240d781da78727ef103709fb74147547087f09e654d3eeb,0.01053777989000082,0.05908506507602901,0.700678233092289,0.7748403251171112,0.3184705674648285,0.6235514461994157
residual_v2,48,three_hole_asymmetric,40,private-source://routeA_experiments/data/final_ood_frozen_v1/three_hole_asymmetric/sample_0040.npz,4dc1b2b4a3bf9267ac51874c458885168a31fd1142276944c4d12ad9b44e5100,0.010590683668851852,0.07428913103664765,0.9519007760491943,0.886523962020874,0.3347571101039648,0.7669334307312965
residual_v2,48,three_hole_asymmetric,41,private-source://routeA_experiments/data/final_ood_frozen_v1/three_hole_asymmetric/sample_0041.npz,1b3c5a766f7f80111c7c5b2d1e785760caa4ac76416598c810f62f378e2dbb64,0.010524002835154533,0.0819265784356757,1.0111165352557747,0.9327191710472107,0.34269867837429047,0.7570665016770363
residual_v2,48,three_hole_asymmetric,42,private-source://routeA_experiments/data/final_ood_frozen_v1/three_hole_asymmetric/sample_0042.npz,71baba454d946efdf1ed77d43d057be7b5cb937b31204d3f9a34e5b759e1f944,0.01058772299438715,0.05717520937746668,0.5310197219526779,0.5559601485729218,0.23549530282616615,0.4447095543146123
residual_v2,48,three_hole_asymmetric,43,private-source://routeA_experiments/data/final_ood_frozen_v1/three_hole_asymmetric/sample_0043.npz,2ede2163e09a9b392d4845b6523de16898b67b651acecab632146f022bcfc1f4,0.010606768541038036,0.07085836370896616,0.8216781649702248,0.8451726287603378,0.3126889728009701,0.6163594171404829
residual_v2,48,three_hole_asymmetric,44,private-source://routeA_experiments/data/final_ood_frozen_v1/three_hole_asymmetric/sample_0044.npz,752790623dc514ac3a960bd67bd0cc3d73c861a4598060b92da04b2669e579d1,0.010599114000797272,0.06965982669639609,1.1467305096723823,0.9779952168464661,0.2913359341910109,0.6591043241322038
residual_v2,48,three_hole_asymmetric,45,private-source://routeA_experiments/data/final_ood_frozen_v1/three_hole_asymmetric/sample_0045.npz,f93c887a4af2aa5861e233d5e8c99ba90ed0d24be1f48007e736b60f2d82baa0,0.010580731555819511,0.03142079501968101,0.634907837182476,0.7387169599533081,0.10296372696757317,0.4998976722359656
residual_v2,48,three_hole_asymmetric,46,private-source://routeA_experiments/data/final_ood_frozen_v1/three_hole_asymmetric/sample_0046.npz,7d5d9a6e64d8ae8a1e9c7319dfb573f33de06eedee213c902c4b6812faa42d0f,0.010622035712003708,0.07858078463002789,1.094731519364021,0.9101387709379196,0.31327581754885614,0.7297840490937211
residual_v2,48,three_hole_asymmetric,47,private-source://routeA_experiments/data/final_ood_frozen_v1/three_hole_asymmetric/sample_0047.npz,95e07fc5463827a0ac7d058d0e1aeb9765b781fcc9901e3615d3cde6d0c42f72,0.009947971440851688,0.0797641115837879,0.7299715406006364,0.8218460828065872,0.3762024734169245,0.5958469156175852
residual_v2,48,three_hole_asymmetric,48,private-source://routeA_experiments/data/final_ood_frozen_v1/three_hole_asymmetric/sample_0048.npz,741a820e5ca03d114c8d4ed90e51db19c9ac4733b4f826ec2ddcc36cdcac9b62,0.009983964264392853,0.060331415504246096,0.4589673713671127,0.44344615936279297,0.2292838990688324,0.328764683753252
residual_v2,48,three_hole_asymmetric,49,private-source://routeA_experiments/data/final_ood_frozen_v1/three_hole_asymmetric/sample_0049.npz,9317a9055bfd4093fea4ae0bf2d7e1d3d9c8669629d159a06ce9f1c11ad7714e,0.01061934046447277,0.07764350736725541,0.9513206666218784,0.8263158798217773,0.39129574969410896,0.5756176533177486
residual_v2,48,three_hole_asymmetric,50,private-source://routeA_experiments/data/final_ood_frozen_v1/three_hole_asymmetric/sample_0050.npz,88a36cb1ba6df1b25c02998dd5f645924a13a886bbdfd8571e6f74a10d39880a,0.010613920167088509,0.06980735758677661,0.9510761879186489,0.9104441478848457,0.27513308078050613,0.74741664044559
residual_v2,48,three_hole_asymmetric,51,private-source://routeA_experiments/data/final_ood_frozen_v1/three_hole_asymmetric/sample_0051.npz,4d85c5da827c71859348f936a1bae9663c3aa6086f7d0a08035af48235a64ac0,0.00999310053884983,0.06458256793359994,0.9661231182232437,0.9285617619752884,0.25352846342138946,0.7544550530612462
residual_v2,48,three_hole_asymmetric,52,private-source://routeA_experiments/data/final_ood_frozen_v1/three_hole_asymmetric/sample_0052.npz,89347f4a5c2576ca481b684f9f7a77f38b7ae53c4ffdc77eeb307666b58e7af9,0.010516324080526829,0.07389237243824091,0.9355085933309893,0.9384599179029465,0.34568335115909576,0.751049518585205
residual_v2,48,three_hole_asymmetric,53,private-source://routeA_experiments/data/final_ood_frozen_v1/three_hole_asymmetric/sample_0053.npz,68b58c6932346fa5b469420b06037edb861502f1184f5455c6a69240285d7df0,0.01057361252605915,0.045127162421212896,0.599853514920046,0.6921256482601166,0.21075864508748055,0.5789886921644208
residual_v2,48,three_hole_asymmetric,54,private-source://routeA_experiments/data/final_ood_frozen_v1/three_hole_asymmetric/sample_0054.npz,8a3d74a7607b5928b4762b9ca74c6b9275b177ed92746be0574f4816d05444cd,0.009959100745618343,0.07464270628863545,0.9851298932727435,0.959616407752037,0.31908040796406567,0.779442059993743
residual_v2,48,three_hole_asymmetric,55,private-source://routeA_experiments/data/final_ood_frozen_v1/three_hole_asymmetric/sample_0055.npz,35e8e631f17a95d6289143b7bc8633f62ae4fcbfedd60929228f07fdfb4340db,0.009966024197638035,0.07261574740499918,1.014823142856534,0.9573676213622093,0.3095047390088439,0.7205585828050962
residual_v2,48,three_hole_asymmetric,56,private-source://routeA_experiments/data/final_ood_frozen_v1/three_hole_asymmetric/sample_0056.npz,445a3665a73f0ceaa2ced3d30b7da490d69d77b0d8a04d8eeb849db3eed04dd1,0.010027150623500347,0.049455445600480805,0.6659290328792785,0.7262245118618011,0.20954375714063644,0.538234606385231
residual_v2,48,three_hole_asymmetric,57,private-source://routeA_experiments/data/final_ood_frozen_v1/three_hole_asymmetric/sample_0057.npz,e6cd4f4e82b85801bd6e1f55cd798f136d06cef8b5699b3b132aae856fc4f8c6,0.00994944293051958,0.07687861442589658,0.8456504338426553,0.8319546729326248,0.36689976789057255,0.7152889624238014
residual_v2,48,three_hole_asymmetric,58,private-source://routeA_experiments/data/final_ood_frozen_v1/three_hole_asymmetric/sample_0058.npz,cd8c02f16d5cb5b76ccf7d1ec24d90c99eadd3a3beb517f14abd993c4185db88,0.009831870906054974,0.06631957808999862,0.6265148331703914,0.5375465229153633,0.30010588839650154,0.47311281859874715
residual_v2,48,three_hole_asymmetric,59,private-source://routeA_experiments/data/final_ood_frozen_v1/three_hole_asymmetric/sample_0059.npz,8b2f19de3b7d84f2e94fee0e2534974e7bb4e568d67f3a1c9928750c5d681d54,0.009969692677259445,0.06634902597071984,0.5795049582931031,0.9780967235565186,0.2704731784760952,0.45268792957067483
residual_v2,48,three_hole_asymmetric,60,private-source://routeA_experiments/data/final_ood_frozen_v1/three_hole_asymmetric/sample_0060.npz,9a762eaafc0ad4943d42da4f1c2f1324b21b6ee9e3faaf6bd0e21961c2c74f37,0.010019262321293354,0.07813029427457413,1.0006998241423684,0.9180558323860168,0.37888008559821174,0.7557446274906395
residual_v2,48,three_hole_asymmetric,61,private-source://routeA_experiments/data/final_ood_frozen_v1/three_hole_asymmetric/sample_0061.npz,f363192d56ff237222c6af805a0435cdace76f73899372ae7a684b627192c2cf,0.009895033203065395,0.04463696710843884,0.6711179355983847,0.7612144947052002,0.2560911104083061,0.6011665865778915
residual_v2,48,three_hole_asymmetric,62,private-source://routeA_experiments/data/final_ood_frozen_v1/three_hole_asymmetric/sample_0062.npz,2f26a4605d7e2c878f5be76227c29d3c349d949c85a3fd078ad080cee6cfff90,0.009906668215990067,0.07058423065042599,0.8140381566173842,0.871488943696022,0.33862340403720737,0.6950953282415857
residual_v2,48,three_hole_asymmetric,63,private-source://routeA_experiments/data/final_ood_frozen_v1/three_hole_asymmetric/sample_0063.npz,17c7bdafaf1ee584c9e013fbb7431229a839fea3282cdae21417ce64c07803f3,0.009947307407855988,0.057664361359617104,0.590149721959597,0.5626582503318787,0.24353838711977005,0.4703444249927995
residual_v2,48,three_hole_asymmetric,64,private-source://routeA_experiments/data/final_ood_frozen_v1/three_hole_asymmetric/sample_0064.npz,793cbf94a8f0ee09dd55e7baf6508b26cc685f59f0c6758686e2412286c50e95,0.009864920750260353,0.07153555323133093,0.6634799392844174,0.9261613488197327,0.32042522728443146,0.6340919628739341
residual_v2,48,three_hole_asymmetric,65,private-source://routeA_experiments/data/final_ood_frozen_v1/three_hole_asymmetric/sample_0065.npz,1a010370114984ac96012fd00665935431ad026ab4d7339462e9ede18dcde1d9,0.00991077907383442,0.06617192441635143,0.9108237314305829,0.940044716000557,0.2897089049220085,0.7025580700486889
residual_v2,48,three_hole_asymmetric,66,private-source://routeA_experiments/data/final_ood_frozen_v1/three_hole_asymmetric/sample_0066.npz,b4fb5ef8fe25b228082cf73d25bf64834fc6a386885f1003e912cc5461f36d56,0.009972638450562954,0.07266181654730297,0.9715366452677033,0.9204277694225311,0.3310147449374199,0.7738083116710184
residual_v2,48,three_hole_asymmetric,67,private-source://routeA_experiments/data/final_ood_frozen_v1/three_hole_asymmetric/sample_0067.npz,9966203f8926dbc05a509af06ae061895e57e0716bd5f4d7fbf1f94ef0a45954,0.00995208416134119,0.06451798148438169,0.7968288187538695,0.7773827314376831,0.27218337543308735,0.5781193986535071
residual_v2,48,three_hole_asymmetric,68,private-source://routeA_experiments/data/final_ood_frozen_v1/three_hole_asymmetric/sample_0068.npz,3441c1ef60f7fd85c99941996ff1e1187f19859561c6ad1e959ad510a070dfcb,0.00997522659599781,0.0768245056341551,0.9126149809863885,0.8205754160881042,0.33889867225661874,0.7073473922908303
residual_v2,48,three_hole_asymmetric,69,private-source://routeA_experiments/data/final_ood_frozen_v1/three_hole_asymmetric/sample_0069.npz,957b4c4b2aca791503277fca2b6d349af9cb542bc497b1dfb5a2641ef5e16b1e,0.00998582411557436,0.08205076527883462,0.9565023746371096,0.9524586945772171,0.3989645871333778,0.774069770425558
residual_v2,48,three_hole_asymmetric,70,private-source://routeA_experiments/data/final_ood_frozen_v1/three_hole_asymmetric/sample_0070.npz,bf042f87f987b456925f37ee22c985a855b18b686770e5b97a394d3c0c2acbe6,0.009942247532308102,0.07638605663054183,0.9974474237842468,0.9659070074558258,0.3990631364285946,0.7628872126340865
residual_v2,48,three_hole_asymmetric,71,private-source://routeA_experiments/data/final_ood_frozen_v1/three_hole_asymmetric/sample_0071.npz,d8ecc3806b2dd2950185d128052672533a7ecff47ea474de8708ce8b3e391105,0.009959367103874683,0.037725829131417775,0.6725236445621673,0.7371967732906342,0.12535704160109162,0.523367939889431
residual_v2,48,three_hole_asymmetric,72,private-source://routeA_experiments/data/final_ood_frozen_v1/three_hole_asymmetric/sample_0072.npz,6fb1d638377a02897f21ad9678d3a93e1ed734ef1ade5a6f69a1c16b0d92646b,0.009905356913805008,0.06398646539905076,1.0395072845100657,1.0048348009586334,0.24624404637143016,0.699073639512062
residual_v2,48,three_hole_asymmetric,73,private-source://routeA_experiments/data/final_ood_frozen_v1/three_hole_asymmetric/sample_0073.npz,aa1f55a954bf5a5a2a0fc55c80c60d0c6c3bcfed40697329e85d1f1150b3beb1,0.009929237887263298,0.06496916778846856,0.8788065522445149,0.8806547671556473,0.2820751976687461,0.6878357678651805
residual_v2,48,three_hole_asymmetric,74,private-source://routeA_experiments/data/final_ood_frozen_v1/three_hole_asymmetric/sample_0074.npz,7efa7bbcf05970d90ea88b07b297960e2591bdf9454367d39202dd0eea0baf1c,0.00999119970947504,0.058686558489318454,0.9106351256130982,0.8836055099964142,0.24752746056765318,0.6773997522890561
residual_v2,48,three_hole_asymmetric,75,private-source://routeA_experiments/data/final_ood_frozen_v1/three_hole_asymmetric/sample_0075.npz,797d1d48df61dcc794ea9c42bd7cbe3fb5904ac3207e4c22d07fd98d6cba6889,0.009955688379704952,0.07333396819987396,0.85216717071657,0.9031612277030945,0.36161286756396294,0.7782996296882628
residual_v2,48,three_hole_asymmetric,76,private-source://routeA_experiments/data/final_ood_frozen_v1/three_hole_asymmetric/sample_0076.npz,ed8628f781c6e4e0f944c54b129e12897361e0950bc2b545bb2c4111835b1aa3,0.009940318763256073,0.07205987799474373,1.0385830925404989,0.9679543673992157,0.28608099464327097,0.6852507419884195
residual_v2,48,three_hole_asymmetric,77,private-source://routeA_experiments/data/final_ood_frozen_v1/three_hole_asymmetric/sample_0077.npz,e1e3d0aa07a5e03fbc7d7cd2e5822d6d019cc78a74b2a133771301fca0c23ab6,0.009886262938380241,0.07723839347559143,0.6764757470061914,0.6869903802871704,0.317913219332695,0.5818640276789664
residual_v2,48,three_hole_asymmetric,78,private-source://routeA_experiments/data/final_ood_frozen_v1/three_hole_asymmetric/sample_0078.npz,b8c9c9f9a9d7c2106857e098ccf52a7ed33b76dda547cbe28fa76263b27cde39,0.009931444190442562,0.07987223887969568,0.9214548691343395,0.9346791654825211,0.3495470657944679,0.7113302219659077
residual_v2,48,three_hole_asymmetric,79,private-source://routeA_experiments/data/final_ood_frozen_v1/three_hole_asymmetric/sample_0079.npz,6600329ca06c105c508bd49db109ca5aa0861398ccd222389fac3dd5f02b058c,0.009908073581755161,0.07273308659189023,1.1001181535883677,0.9496612399816513,0.27964753622654825,0.7087758958339683
residual_v2,48,three_hole_asymmetric,80,private-source://routeA_experiments/data/final_ood_frozen_v1/three_hole_asymmetric/sample_0080.npz,ffbc158abeb51a4eb3928201634706c040d340dabbe33426cdc7b7127fe13543,0.009913003072142601,0.054465880435947724,0.8214910606309586,0.8435506522655487,0.24160648277029395,0.6559040062129488
residual_v2,48,three_hole_asymmetric,81,private-source://routeA_experiments/data/final_ood_frozen_v1/three_hole_asymmetric/sample_0081.npz,a87e60b7c7797fddf37237be730cdc9809205a80b44cb6b2262de1a6d7645693,0.009972254745662212,0.07257656494091838,0.9416866411930669,0.856052428483963,0.3107020624447614,0.6535521216690541
residual_v2,48,three_hole_asymmetric,82,private-source://routeA_experiments/data/final_ood_frozen_v1/three_hole_asymmetric/sample_0082.npz,067daeb253b7553c2df8a4b49429eea3aa5169264dc4c11e08a931320e7ddff4,0.009859521873295307,0.04706709533781968,0.6641371814311336,0.7524515986442566,0.266479067504406,0.5978032082319251
residual_v2,48,three_hole_asymmetric,83,private-source://routeA_experiments/data/final_ood_frozen_v1/three_hole_asymmetric/sample_0083.npz,f1d60eebc050728f5777b4668048e76d34dee796f6835ce90e1158999fa44fd4,0.009996934793889523,0.07202882537455352,0.9942512966039626,0.9466109424829483,0.27447119425050914,0.7574015952646732
residual_v2,48,three_hole_asymmetric,84,private-source://routeA_experiments/data/final_ood_frozen_v1/three_hole_asymmetric/sample_0084.npz,412d7cf0b8e7473beabae2d73d6f51672f2e2290c5eb4f6594fefd3da8d64992,0.009972670115530491,0.07092458949655536,0.7159592996529929,0.7157532870769501,0.2960367505438626,0.6011513777077193
residual_v2,48,three_hole_asymmetric,85,private-source://routeA_experiments/data/final_ood_frozen_v1/three_hole_asymmetric/sample_0085.npz,254ac982dfb840962b732a7f58d26007ad7175788b3d22740ac1a0de93037713,0.00999496690928936,0.048829180264051586,0.5965433933376749,0.6796712875366211,0.29095179960131645,0.5510435730218887
residual_v2,48,three_hole_asymmetric,86,private-source://routeA_experiments/data/final_ood_frozen_v1/three_hole_asymmetric/sample_0086.npz,c521fb24ed492b9981db7f659459473625677c7b0d7e4c9095384fc6551b4657,0.009984133765101433,0.062487769919923906,1.1010400475739992,0.883859395980835,0.26636321551632136,0.6101569853723045
residual_v2,48,three_hole_asymmetric,87,private-source://routeA_experiments/data/final_ood_frozen_v1/three_hole_asymmetric/sample_0087.npz,7946973bee1306c79f4c36bb2e32fb4b5c210f4c5eee0944367ba30e9fdd9e31,0.00997977051883936,0.039449247636629346,0.6036578767658066,0.6663521826267242,0.17679104954004288,0.5328423649072633
residual_v2,48,three_hole_asymmetric,88,private-source://routeA_experiments/data/final_ood_frozen_v1/three_hole_asymmetric/sample_0088.npz,11f5514ff6bbacbe263aded7875193bf5aad8a00011357f6c74f2f464c5b23a1,0.009860655292868614,0.061659201929308,0.5456891340188196,0.5033627357333899,0.25642265379428864,0.3994060539174823
residual_v2,48,three_hole_asymmetric,89,private-source://routeA_experiments/data/final_ood_frozen_v1/three_hole_asymmetric/sample_0089.npz,a61b51e0b645bb67e96064efeeb018bd2d7b048c8350145b4efca94cd3cced4a,0.010063384659588337,0.0699759678099528,0.629324351906249,0.6294202208518982,0.3216819688677788,0.5032908201217648
residual_v2,48,three_hole_asymmetric,90,private-source://routeA_experiments/data/final_ood_frozen_v1/three_hole_asymmetric/sample_0090.npz,f238f1b73bfe633977814f4ee8efd7678f1da09cdadc96667ab86b42fd9c84b8,0.00995677337050438,0.07735009310344607,1.005657245953892,0.9528069794178009,0.3325610375031829,0.7613563060760492
residual_v2,48,three_hole_asymmetric,91,private-source://routeA_experiments/data/final_ood_frozen_v1/three_hole_asymmetric/sample_0091.npz,908dee8055af09e682db2290282512110ad8b8134b5a3c698b0b1e27d1298733,0.010047060437500477,0.04712804181777339,0.606936111979,0.7135106325149536,0.24548564106225967,0.5817823693156237
residual_v2,48,three_hole_asymmetric,92,private-source://routeA_experiments/data/final_ood_frozen_v1/three_hole_asymmetric/sample_0092.npz,235f3d7bb93d6ff69897dc532f9c0175c97fc98f43fc1a6c18061f36b3b6c3ef,0.009922788478434086,0.07113160366539319,0.7479820822442914,0.8717543631792068,0.3670811802148819,0.7175261836498971
residual_v2,48,three_hole_asymmetric,93,private-source://routeA_experiments/data/final_ood_frozen_v1/three_hole_asymmetric/sample_0093.npz,a7d0da11a92287a27a4a6c11ca702f3f2f17ff721a0f0279d690f8abf94252be,0.009989768266677856,0.04722361808382378,0.6298615261250279,0.735819399356842,0.22928322851657867,0.5443885639309882
residual_v2,48,three_hole_asymmetric,94,private-source://routeA_experiments/data/final_ood_frozen_v1/three_hole_asymmetric/sample_0094.npz,d0aa584876f99691aeeb8026d5ead955e7cc17621019a851ef37a13edaf58971,0.009880680590867996,0.08029371793652025,0.9347194078606176,0.8978067636489868,0.3695038668811321,0.7061890423297866
residual_v2,48,three_hole_asymmetric,95,private-source://routeA_experiments/data/final_ood_frozen_v1/three_hole_asymmetric/sample_0095.npz,d203d6745345a12b29597ac2d26caea89ab17bb23083688666fb462296530e05,0.010010202415287495,0.06967570478538734,0.7642561349534933,0.7276050448417664,0.28543250559596345,0.5939840748906133
residual_v2,48,three_hole_asymmetric,96,private-source://routeA_experiments/data/final_ood_frozen_v1/three_hole_asymmetric/sample_0096.npz,78f0808d535501b8d16b5386431081df41fe126d96ffeb5bfc34b71693bd5714,0.010036532767117023,0.07006832340086802,0.9258296406260196,0.8355190604925156,0.275729825720191,0.6373376306146373
residual_v2,48,three_hole_asymmetric,97,private-source://routeA_experiments/data/final_ood_frozen_v1/three_hole_asymmetric/sample_0097.npz,a19b074a2ef168ce2028edf5abd4394ddadac3e42eb7badae29852dcd87b8c01,0.00992203876376152,0.07276053029762641,0.9504353104356184,0.9673826992511749,0.3571302844211459,0.8035731099545934
residual_v2,48,three_hole_asymmetric,98,private-source://routeA_experiments/data/final_ood_frozen_v1/three_hole_asymmetric/sample_0098.npz,e628a052cb301d1ccddc36abc3e756605d05d755311cc580cb8638d0283e8a28,0.009883835911750793,0.05438059577098259,0.7658321083487096,0.8131777942180634,0.24327220767736435,0.6026692092418664
residual_v2,48,three_hole_asymmetric,99,private-source://routeA_experiments/data/final_ood_frozen_v1/three_hole_asymmetric/sample_0099.npz,c4c58ccc92851ab150fbcfb7929b45da22b8f4be00f48239dbac5a4033fb8247,0.00991078745573759,0.05451759632756258,0.7654866669639587,0.8289706110954285,0.2014815858565271,0.7080818496644484
residual_v2,48,three_hole_asymmetric,100,private-source://routeA_experiments/data/final_ood_frozen_v1/three_hole_asymmetric/sample_0100.npz,7735aa807c0bade0596ab7163387935e7d8a6420ea91ac0b71468f037f55c595,0.009986442513763905,0.0649708831161481,0.6067166185272174,0.7866129577159882,0.2873242758214474,0.4920939356088635
residual_v2,48,three_hole_asymmetric,101,private-source://routeA_experiments/data/final_ood_frozen_v1/three_hole_asymmetric/sample_0101.npz,50903f9da861e8e4b8d2ee84d0c4eea498c76f1b91f5cc6b26cca7661f51f13b,0.009936865419149399,0.08267296838503836,1.0927361298206897,0.9482248723506927,0.3350801914348267,0.7856246612966049
residual_v2,48,three_hole_asymmetric,102,private-source://routeA_experiments/data/final_ood_frozen_v1/three_hole_asymmetric/sample_0102.npz,393185e3a3667ce8030757bd68d94410eee1772700c16b445a0af74c993e2d3e,0.009914414025843143,0.07625534019969146,1.0979171539267754,0.9924196824431419,0.2888302403734997,0.7612308979034419
residual_v2,48,three_hole_asymmetric,103,private-source://routeA_experiments/data/final_ood_frozen_v1/three_hole_asymmetric/sample_0103.npz,d8e3e01787f23ef6a1dabb9edf23da79e0637aeb7fd538143355fccbedc02bc1,0.009942848235368729,0.07319679518385254,0.6305120240864706,0.8778453767299652,0.3077448522672057,0.49516546875238393
residual_v2,48,three_hole_asymmetric,104,private-source://routeA_experiments/data/final_ood_frozen_v1/three_hole_asymmetric/sample_0104.npz,d6cc18e29b7582dec1b5602f9fa8218e7d40d0e0ed08552c1d6acc779fc36a17,0.009943327866494656,0.06440910124920038,0.9170724648240938,0.8302708864212036,0.29340879688970745,0.7153521798551079
residual_v2,48,three_hole_asymmetric,105,private-source://routeA_experiments/data/final_ood_frozen_v1/three_hole_asymmetric/sample_0105.npz,35bd0c998f7436861f71be50f8aba64a3461c822cf292b3e6694660f55a3b0f1,0.009967194870114326,0.051842911627646975,0.4386995157540438,0.5600404739379883,0.23961162567138672,0.3023980624042449
residual_v2,48,three_hole_asymmetric,106,private-source://routeA_experiments/data/final_ood_frozen_v1/three_hole_asymmetric/sample_0106.npz,6888edd52db8cf29388af634eedf7f9be35793c07c18644b7f86f8a441acc780,0.009884851053357124,0.054148123852077706,0.6580056263673056,0.7333258986473083,0.26735060662031174,0.5801512628793712
residual_v2,48,three_hole_asymmetric,107,private-source://routeA_experiments/data/final_ood_frozen_v1/three_hole_asymmetric/sample_0107.npz,40b2ef1f23b501bfde64a13fe7258035909f0d78e1d54eb6e1443c804305ecf4,0.01002360600978136,0.05899147865154719,1.150517182408134,0.9545726552605629,0.25639713169948664,0.5679379753768442
residual_v2,48,three_hole_asymmetric,108,private-source://routeA_experiments/data/final_ood_frozen_v1/three_hole_asymmetric/sample_0108.npz,79b8dfa34c2b35a10fea27f09a0f9f798b0367fc5192ed59d1361f1b53799bdd,0.010622899048030376,0.07592582196410753,0.882655673394167,0.779291182756424,0.32069838303141296,0.5748056694865212
residual_v2,48,three_hole_asymmetric,109,private-source://routeA_experiments/data/final_ood_frozen_v1/three_hole_asymmetric/sample_0109.npz,8ce37dd8adb5cefec81dbd0f448aa24fd957fd04fe733656a07aef732c8cc2eb,0.010692685842514038,0.08378340794327183,0.8083004618879154,1.0867756009101868,0.3413046859204769,0.5762180849909775
residual_v2,48,three_hole_asymmetric,110,private-source://routeA_experiments/data/final_ood_frozen_v1/three_hole_asymmetric/sample_0110.npz,4f2615c8cb85f9158644a5c730014c3884dbecc44b41e4c6525efb9d86c8caf8,0.010651548393070698,0.07826417571068536,1.0350143163741106,0.8972080647945404,0.32891990314237773,0.7689500158652661
residual_v2,48,three_hole_asymmetric,111,private-source://routeA_experiments/data/final_ood_frozen_v1/three_hole_asymmetric/sample_0111.npz,0935578871a0f3a49acfc526c2f37c216dd91c68bd2a8bfb1b536326e94f5a44,0.010734574869275093,0.06663556587817396,1.1864113388241528,0.9752403236925602,0.2624172766227275,0.615486503951251
residual_v2,48,three_hole_asymmetric,112,private-source://routeA_experiments/data/final_ood_frozen_v1/three_hole_asymmetric/sample_0112.npz,75f3066ea740d92e454646a086e63a485bf69922e759ad6ffeae0e0cb87dfaa8,0.011161737143993378,0.07761181640974754,0.9260465039591199,0.9288463890552521,0.3187403790652752,0.7842651948332777
residual_v2,48,three_hole_asymmetric,113,private-source://routeA_experiments/data/final_ood_frozen_v1/three_hole_asymmetric/sample_0113.npz,e697a839e7548feb3a5b14360c3973b92e38a87052d3b7365b32a7cd0a753191,0.010641735978424549,0.053595126083863874,0.6248367977872146,0.7686229646205902,0.2561778239905834,0.5846113175153731
residual_v2,48,three_hole_asymmetric,114,private-source://routeA_experiments/data/final_ood_frozen_v1/three_hole_asymmetric/sample_0114.npz,7afaaf3601e6ed30886241051a0637c969fab4fdc7321968e3389ce030c7486a,0.010003629140555859,0.06811337810375818,0.6875144983989543,0.7840012311935425,0.3259127736091614,0.5581207558512687
residual_v2,48,three_hole_asymmetric,115,private-source://routeA_experiments/data/final_ood_frozen_v1/three_hole_asymmetric/sample_0115.npz,c61c1f6680ef22cfbb61c3b59a74537ff91a7a97eefe05a24d1215c5eff14175,0.009929434396326542,0.06493362045540928,0.8241896776889631,0.7815839350223541,0.30872540967538953,0.647111241519451
residual_v2,48,three_hole_asymmetric,116,private-source://routeA_experiments/data/final_ood_frozen_v1/three_hole_asymmetric/sample_0116.npz,9630b36b29d980654e8e8af10a050b5b22f9036bbc0eaf53ddfff402e0574e30,0.010590216144919395,0.08232566148765812,0.9485761761996314,0.8268477022647858,0.3104945458471775,0.6999102570116519
residual_v2,48,three_hole_asymmetric,117,private-source://routeA_experiments/data/final_ood_frozen_v1/three_hole_asymmetric/sample_0117.npz,d3d1cc5eb6165ce5dd1eb46f3b7422b7a91b41002dd8e244fb5807270ef54ae0,0.011265648528933525,0.06564235640360314,1.1072565598922302,0.9350966662168503,0.29512979817809537,0.6431616220623251
residual_v2,48,three_hole_asymmetric,118,private-source://routeA_experiments/data/final_ood_frozen_v1/three_hole_asymmetric/sample_0118.npz,8e2be99501a03f3deba60278c03b5af400416cb985c121c2fa7d7d7827ff8328,0.010819372721016407,0.06795211406338897,0.791621451984578,0.7919911444187164,0.29377077613025904,0.5923232696950428
residual_v2,48,three_hole_asymmetric,119,private-source://routeA_experiments/data/final_ood_frozen_v1/three_hole_asymmetric/sample_0119.npz,a47277e2b3beb0d89ef7b03bc2d99a8b043b3ba5b66636730dd832240fb5bf67,0.01059724297374487,0.07362861397303487,0.9315929658011189,0.9078663513064384,0.3575942157767713,0.7342759247869235
residual_v2,48,three_hole_asymmetric,120,private-source://routeA_experiments/data/final_ood_frozen_v1/three_hole_asymmetric/sample_0120.npz,460897fcccde1db2e8ba9079e66abd4ea55bf6c9fcc14cc7507c17ec7571d07d,0.010011112317442894,0.0579835417779388,0.7794944152008993,0.8014742136001587,0.28154196962714195,0.6207457214593884
residual_v2,48,three_hole_asymmetric,121,private-source://routeA_experiments/data/final_ood_frozen_v1/three_hole_asymmetric/sample_0121.npz,7463cebd5dcf30b0f53bfbcec6ed3cd938cae4ff1c7cb5a51f6b6208a020a4d2,0.010616491548717022,0.046762132452455064,0.6467840149855903,0.7449664175510406,0.20665858685970306,0.5326217532157893
residual_v2,48,three_hole_asymmetric,122,private-source://routeA_experiments/data/final_ood_frozen_v1/three_hole_asymmetric/sample_0122.npz,0b1f50e6483c4bd20f2eb7b1a5ad3ca903b7158558b6379b0a1c87cfb444d395,0.010691496543586254,0.07000647450355119,1.0495875220393973,0.8967470973730087,0.2748642114602262,0.7292635831981883
residual_v2,48,three_hole_asymmetric,123,private-source://routeA_experiments/data/final_ood_frozen_v1/three_hole_asymmetric/sample_0123.npz,65e171101675b5cb87eb5555f716856d756743e6d3447dfa2efbde71ac332e67,0.009942763485014439,0.06887670949923218,0.9168714531030465,0.9130761921405792,0.27765087224543095,0.7586878444999455
residual_v2,48,three_hole_asymmetric,124,private-source://routeA_experiments/data/final_ood_frozen_v1/three_hole_asymmetric/sample_0124.npz,d3c7c52167944c7ed7ee06f79272238419f46b0150fe90a2589d3153747fbf2f,0.01064339093863964,0.05541508885666345,0.6737786572219532,0.6876420676708221,0.2733102301135659,0.4611372843384721
residual_v2,48,three_hole_asymmetric,125,private-source://routeA_experiments/data/final_ood_frozen_v1/three_hole_asymmetric/sample_0125.npz,629b8f9d37de5d037c8e33f97e602bf5d06a112e8c988084322626ed3cfa0db4,0.010625972412526608,0.08410665663691672,0.8966606803348655,0.8094978183507919,0.3465220034122467,0.6601666137576101
residual_v2,48,three_hole_asymmetric,126,private-source://routeA_experiments/data/final_ood_frozen_v1/three_hole_asymmetric/sample_0126.npz,d79d0f135637e2841b3453a53add5c4bf624f15ae92f2562acb09afebef0ede1,0.010681641288101673,0.07327066777602169,0.8004202089068337,0.7788780033588409,0.3313334807753563,0.6776745125651356
residual_v2,48,three_hole_asymmetric,127,private-source://routeA_experiments/data/final_ood_frozen_v1/three_hole_asymmetric/sample_0127.npz,7cee35213e8863690074459c24d7fd282a7630a45f0f4fab56f69cc5187ced3c,0.010570383630692959,0.06203203580409536,0.6973125430208116,0.6915432512760162,0.261453686398454,0.6066768303513524
residual_v2,48,three_hole_asymmetric,128,private-source://routeA_experiments/data/final_ood_frozen_v1/three_hole_asymmetric/sample_0128.npz,66f17e3594dd9beaddc30078e0aea012c36ea89ec3780e24ab5e66ada4aa0aee,0.010682067833840847,0.07375165277285727,0.6142867120828095,0.5846410989761353,0.30746911093592644,0.4846459776163099
residual_v2,48,three_hole_asymmetric,129,private-source://routeA_experiments/data/final_ood_frozen_v1/three_hole_asymmetric/sample_0129.npz,0513a13dc15142aa7035ad92a4d92696cde53f4f938fba0b6258ba43ff994ce4,0.010861068964004517,0.07320292875003069,0.9223664488046113,0.8775348961353302,0.322988114785403,0.7301751181483248
residual_v2,48,three_hole_asymmetric,130,private-source://routeA_experiments/data/final_ood_frozen_v1/three_hole_asymmetric/sample_0130.npz,0b7e254aff9dacc784e6945d18e32da0372125ff81dc9fb35dcf29f7e12504f6,0.01068041566759348,0.0812808043971695,0.7374644932790152,0.7396338433027267,0.3856762871146202,0.6200178533792494
residual_v2,48,three_hole_asymmetric,131,private-source://routeA_experiments/data/final_ood_frozen_v1/three_hole_asymmetric/sample_0131.npz,b7bf7aa4688f48d7c78174369c23732d337ae6ffd998cf06bb7a4edda3a5063d,0.009980624541640282,0.05449090300942046,0.6295388575179558,0.6817054152488708,0.25477279908955097,0.43164925873279497
residual_v2,48,three_hole_asymmetric,132,private-source://routeA_experiments/data/final_ood_frozen_v1/three_hole_asymmetric/sample_0132.npz,37fe2cf79de29a9b7e04b5fe118372c54173e6f10125f0854cf4d171d4776d59,0.009971121326088905,0.044365454106949115,0.7607211049930446,0.8411082327365875,0.1917796153575182,0.6120161667466163
residual_v2,48,three_hole_asymmetric,133,private-source://routeA_experiments/data/final_ood_frozen_v1/three_hole_asymmetric/sample_0133.npz,3683c8dae119211360b0dbaa1ac9e1693a1728caddc3c1bb3768f981c2091e26,0.010622240602970123,0.0530521065576805,0.47855628107691245,0.6522188261151314,0.24327618721872568,0.3607226844877002
residual_v2,48,three_hole_asymmetric,134,private-source://routeA_experiments/data/final_ood_frozen_v1/three_hole_asymmetric/sample_0134.npz,322bc5ec6225e978895e341b9dfdf38fbfa0681b5b329fe286739337905a2e67,0.010699460282921791,0.07320248016290803,0.9968196654833419,0.9533270597457886,0.35582955554127693,0.7454821690917011
residual_v2,48,three_hole_asymmetric,135,private-source://routeA_experiments/data/final_ood_frozen_v1/three_hole_asymmetric/sample_0135.npz,b3bc13b4ad513f7b7c47e8dfedda3871bfe1d969ceb542243518b1f1661a7b7d,0.009890170767903328,0.07018142740763032,0.977557792033487,0.9520997554063797,0.2968170247040689,0.7503641568124293
residual_v2,48,three_hole_asymmetric,136,private-source://routeA_experiments/data/final_ood_frozen_v1/three_hole_asymmetric/sample_0136.npz,20f73113304cb007ce9ee5b010405b3b08c38b719993477582e1adb17921d82b,0.009936448186635971,0.049230031363989186,0.5926899073163059,0.7608288526535034,0.243552066385746,0.5638335317373259
residual_v2,48,three_hole_asymmetric,137,private-source://routeA_experiments/data/final_ood_frozen_v1/three_hole_asymmetric/sample_0137.npz,9c029bad505c34e3cca11e8187bc4fdf7d1417417883641e5c92c0e2b1861711,0.00993799977004528,0.06376622395607982,0.7404765383672817,0.8175276815891266,0.28718680888414383,0.541401592642068
residual_v2,48,three_hole_asymmetric,138,private-source://routeA_experiments/data/final_ood_frozen_v1/three_hole_asymmetric/sample_0138.npz,2a95dd7d60712bbde64ddb2f3b9b174a2da8a71e64f53104448b1fda6898cb87,0.009962566196918488,0.07484185921496202,1.1546648322111268,0.98859628662467,0.28734065289609134,0.6706886300817131
residual_v2,48,three_hole_asymmetric,139,private-source://routeA_experiments/data/final_ood_frozen_v1/three_hole_asymmetric/sample_0139.npz,f356651d5f0fbe76d7b23cee9c305931b8e8fe879d3fc560e174e6ff4a4bcbc9,0.01074707880616188,0.07345494691976281,0.7303138277428884,0.7780964970588684,0.30825280770659447,0.6102611288428306
residual_v2,48,three_hole_asymmetric,140,private-source://routeA_experiments/data/final_ood_frozen_v1/three_hole_asymmetric/sample_0140.npz,c22b26c249410214ce91ba779d94c82c7d58648110a4aac0c4246990ecc43bba,0.010653103701770306,0.08242620251388652,0.8653531848025001,0.8168557435274124,0.45059946179389954,0.7576961491256949
residual_v2,48,three_hole_asymmetric,141,private-source://routeA_experiments/data/final_ood_frozen_v1/three_hole_asymmetric/sample_0141.npz,581b8c08fb25b0697b98b87164ebaafe6cd559b41136643d44f9de35e975d7b9,0.010674999095499516,0.07585300200831942,1.0324434210570494,0.9722058176994324,0.323449220508337,0.7864642828702915
residual_v2,48,three_hole_asymmetric,142,private-source://routeA_experiments/data/final_ood_frozen_v1/three_hole_asymmetric/sample_0142.npz,578e8f60d4da9f74071ab8374b88b7be266d5d1e67dec13929a7acf811b163a8,0.010039741173386574,0.08409848254806085,1.0084150997686407,0.8970833718776703,0.3394857161329128,0.7566199626773594
residual_v2,48,three_hole_asymmetric,143,private-source://routeA_experiments/data/final_ood_frozen_v1/three_hole_asymmetric/sample_0143.npz,b6b2551b71fdf3da0d4ca84d9f08c6aa2f3008f1962bd943296cbf9612880efc,0.010648773051798344,0.06962334310406387,0.9886988841036292,0.9271469116210938,0.2698053893400356,0.8055949106812477
residual_v2,48,three_hole_asymmetric,144,private-source://routeA_experiments/data/final_ood_frozen_v1/three_hole_asymmetric/sample_0144.npz,8329648a6f54e17ec6911f4a2a43086a79f241b8ea2247f84b00d977ee02610d,0.010657756589353085,0.06429050420610948,1.0484673514038034,0.9720760062336922,0.24139311898034066,0.760665947757661
residual_v2,48,three_hole_asymmetric,145,private-source://routeA_experiments/data/final_ood_frozen_v1/three_hole_asymmetric/sample_0145.npz,9e07276be4c9a737eae17e3917bc3cdc5d0dfa1bce9663bd981f358519eb110c,0.009965813718736172,0.07804155628941767,0.8718035839025614,0.8910552263259888,0.4104921258985996,0.6989501610398292
residual_v2,48,three_hole_asymmetric,146,private-source://routeA_experiments/data/final_ood_frozen_v1/three_hole_asymmetric/sample_0146.npz,67f3ee8daff2c978cbe4cd399a7f2ad4874665b5c644a341c057c304af1127c1,0.009982001036405563,0.07561914994497732,0.9729668465346729,0.9612871408462524,0.3082912580575794,0.8099809646606443
residual_v2,48,three_hole_asymmetric,147,private-source://routeA_experiments/data/final_ood_frozen_v1/three_hole_asymmetric/sample_0147.npz,e85347f74d9b0184043eda85a8b0b42fe6515b3c49ceeec50b7b4d6dfff4a07d,0.010683506727218628,0.04842219822485533,0.5068402329382696,0.7575847506523132,0.17947666440159082,0.4422552689909927
residual_v2,48,three_hole_asymmetric,148,private-source://routeA_experiments/data/final_ood_frozen_v1/three_hole_asymmetric/sample_0148.npz,245fe71d4768340cf55e028f00a51ef269352046fcee78a0376200f4998c9360,0.010724809020757675,0.040994745785501115,0.6274316878631778,0.7435015439987183,0.18561068968847394,0.5116808786988257
residual_v2,48,three_hole_asymmetric,149,private-source://routeA_experiments/data/final_ood_frozen_v1/three_hole_asymmetric/sample_0149.npz,e4131c7833d7b32f7f309cc922c788dde6f66644cd7c84c3995c3e66ca6ec058,0.010011762380599976,0.06665255691723962,1.0389518665155484,0.9168188124895096,0.2726071774959564,0.7610995903611166
residual_v2,48,three_hole_asymmetric,150,private-source://routeA_experiments/data/final_ood_frozen_v1/three_hole_asymmetric/sample_0150.npz,14d7c4793f64ce9d612ac24093c5fbe0dae12baa2ebcc0e606416070b0010be4,0.010693573392927647,0.07733958854852159,1.0719522537765194,0.9456534832715988,0.28970533702522516,0.7245072960853567
residual_v2,48,three_hole_asymmetric,151,private-source://routeA_experiments/data/final_ood_frozen_v1/three_hole_asymmetric/sample_0151.npz,3c828906fd7ab01c163402ae535f03a420e0b8d29d63467e8f5e0ac8bb2069f1,0.010013481602072716,0.06696035424698797,0.752241167428707,0.7843852192163467,0.29946004785597324,0.5963591568171975
residual_v2,48,three_hole_asymmetric,152,private-source://routeA_experiments/data/final_ood_frozen_v1/three_hole_asymmetric/sample_0152.npz,2dd677fdf441a2d0d82994893dd167d20bc429686f9d05c84662f972384de6c2,0.010602939873933792,0.058902217587771484,0.920792479688504,0.9092454165220261,0.23616611026227474,0.7569435484707352
residual_v2,48,three_hole_asymmetric,153,private-source://routeA_experiments/data/final_ood_frozen_v1/three_hole_asymmetric/sample_0153.npz,e09e2ec653206737b870b71f517fcc81353db939fd7d890bfde2a8715648f046,0.01000523753464222,0.058784430316455506,0.9834637613815645,0.8981292024254799,0.23001270042732358,0.6978292532265183
residual_v2,48,three_hole_asymmetric,154,private-source://routeA_experiments/data/final_ood_frozen_v1/three_hole_asymmetric/sample_0154.npz,354f1ec9c8bb281306006c931744c6710f378713690c48b9dfc924d8e03155dc,0.00996747799217701,0.06731083754753868,0.7984426677411172,0.7426216155290604,0.30532290041446686,0.573464532196521
residual_v2,48,three_hole_asymmetric,155,private-source://routeA_experiments/data/final_ood_frozen_v1/three_hole_asymmetric/sample_0155.npz,4feb6d42b1ba8f3891917e887c391dac5ab83213398859f8c4d1343a08f81523,0.01063249260187149,0.0383414708087366,0.6201646062070932,0.6928930878639221,0.1456905398517847,0.44316200911998715
residual_v2,48,three_hole_asymmetric,156,private-source://routeA_experiments/data/final_ood_frozen_v1/three_hole_asymmetric/sample_0156.npz,2ed681cf4ebe76dc5ff83597e8f424f37faa8aa01f50048685eb1a9f8504ef64,0.010713320225477219,0.06653307594124805,0.9035464337025358,0.918119266629219,0.2993179187178612,0.6297589153051373
residual_v2,48,three_hole_asymmetric,157,private-source://routeA_experiments/data/final_ood_frozen_v1/three_hole_asymmetric/sample_0157.npz,8f86d834f785485f1110f7ae10b681508b7fb7293834bdeabad4cd9e0ff581e7,0.010672667063772678,0.05389611499737351,0.681170902067633,0.7803813815116882,0.2623911052942276,0.5385540738701815
residual_v2,48,three_hole_asymmetric,158,private-source://routeA_experiments/data/final_ood_frozen_v1/three_hole_asymmetric/sample_0158.npz,b7838937a002adfbc7581e42e80020a5cc8ff317b9ef609ec1903087a3d31c3e,0.010613721795380116,0.06382401453912588,0.7679810710260635,0.7426058053970337,0.26092244288884103,0.5336916029453272
residual_v2,48,three_hole_asymmetric,159,private-source://routeA_experiments/data/final_ood_frozen_v1/three_hole_asymmetric/sample_0159.npz,7ec05d300291c51dfc519a7d08b75bd3be917f67a3673dfe18849f585f9f709e,0.009967531077563763,0.07443523699156529,0.8280293764634057,0.7607483863830566,0.277115696342662,0.5959569513797748
residual_v2,48,three_hole_asymmetric,160,private-source://routeA_experiments/data/final_ood_frozen_v1/three_hole_asymmetric/sample_0160.npz,406b5d01c559ad3764a887df63a81ab6aeb54deb0e03ab5546863badf9a16f35,0.009958809241652489,0.062198191643468105,1.148193128518049,0.9508313275873661,0.2541661122813821,0.5609562115743736
residual_v2,48,three_hole_asymmetric,161,private-source://routeA_experiments/data/final_ood_frozen_v1/three_hole_asymmetric/sample_0161.npz,e022a734e6aba3a7301b06bd77c79e73047ff290f57525b8dee053bdfa5b4988,0.009960595518350601,0.03727602432971903,0.5336747497726908,0.6189435124397278,0.13696664199233055,0.506262356042861
residual_v2,48,three_hole_asymmetric,162,private-source://routeA_experiments/data/final_ood_frozen_v1/three_hole_asymmetric/sample_0162.npz,2b13f73876bba396b8fa67ab174be82ee1a554b9e4c19a3a7412ffc39aba0b13,0.010661331005394459,0.04643503618214126,0.6874795633401959,0.8043539524078369,0.25337257981300354,0.6355455741286276
residual_v2,48,three_hole_asymmetric,163,private-source://routeA_experiments/data/final_ood_frozen_v1/three_hole_asymmetric/sample_0163.npz,e9b740089bb1f2d4e21a0999405d9bdba3a57bd51c7e58ea5ed47d11ee6595a2,0.01071991864591837,0.045692444255762944,0.7057934036508767,0.7551087737083435,0.1704779602587223,0.5727502852678296
residual_v2,48,three_hole_asymmetric,164,private-source://routeA_experiments/data/final_ood_frozen_v1/three_hole_asymmetric/sample_0164.npz,9f206330bd07c9c4847fddf539ce746ee66390d885f3c33bc1d444adbbd318ac,0.010613246820867062,0.066792723732723,0.5860283464612808,0.500967800617218,0.28484951704740524,0.44108654633164385
residual_v2,48,three_hole_asymmetric,165,private-source://routeA_experiments/data/final_ood_frozen_v1/three_hole_asymmetric/sample_0165.npz,59ec0f1c680bf9149906ed38b4dd3a4aa7612d7147f9c53c5dcfa06ecca43366,0.010596230626106262,0.0699947010438445,0.7799312559438208,0.8120410442352295,0.32109954580664635,0.6654026173055172
residual_v2,48,three_hole_asymmetric,166,private-source://routeA_experiments/data/final_ood_frozen_v1/three_hole_asymmetric/sample_0166.npz,acdabcd30120f1b891f11b4fee7490ecf1c73a42827cec6684949a026c1d238b,0.010703425854444504,0.07535107844623225,0.9088666096320567,0.8861977756023407,0.37043961230665445,0.7535881668329238
residual_v2,48,three_hole_asymmetric,167,private-source://routeA_experiments/data/final_ood_frozen_v1/three_hole_asymmetric/sample_0167.npz,2d64cbb7ed13e9d5493b3bcffc548a37e43f77cfe686d4bd90f395d9b3dedcd2,0.01061450969427824,0.0697568271196665,0.9998669443214103,0.94708501547575,0.28669853787869215,0.6751582708209743
residual_v2,48,three_hole_asymmetric,168,private-source://routeA_experiments/data/final_ood_frozen_v1/three_hole_asymmetric/sample_0168.npz,ce1811b3b58e1cf01845e9ffb4fac5caa62f765929be1337c8260c13d9b65d5d,0.009938365779817104,0.06881484612360192,1.1608542453844648,0.9700929448008537,0.26630335129084415,0.6959508269093928
residual_v2,48,three_hole_asymmetric,169,private-source://routeA_experiments/data/final_ood_frozen_v1/three_hole_asymmetric/sample_0169.npz,c8bdae4b5e47fcfb5a99f1ccde0ca1ecf2011b5c092fc8bd8e61595f8c50518c,0.009984545409679413,0.0640203131070877,1.0519266768396855,0.9677674174308777,0.24941229727119207,0.7394321013241996
residual_v2,48,three_hole_asymmetric,170,private-source://routeA_experiments/data/final_ood_frozen_v1/three_hole_asymmetric/sample_0170.npz,33251f1d994ef521e7ed6646d939e7b5f6ae05ade833fce7f91910e3aa7b2d74,0.009938427247107029,0.06662578124829488,0.973466040426435,0.957474835216999,0.2887393678538501,0.6913593471050247
residual_v2,48,three_hole_asymmetric,171,private-source://routeA_experiments/data/final_ood_frozen_v1/three_hole_asymmetric/sample_0171.npz,3304230b1d8bbdd9fc2dfda78714484a468749cddd223bba1c2dbf29c548831e,0.009984893724322319,0.0699195841238336,0.7109702757935908,0.8678644001483917,0.30328035820275545,0.5407316401600835
residual_v2,48,three_hole_asymmetric,172,private-source://routeA_experiments/data/final_ood_frozen_v1/three_hole_asymmetric/sample_0172.npz,a740cace37940a1e2252703d9381d4b9f3f3b166a52d68121a24aaca6473c237,0.009987362660467625,0.06899295042815255,0.7895930232827849,0.7965090870857239,0.29626449197530746,0.6863520443439484
residual_v2,48,three_hole_asymmetric,173,private-source://routeA_experiments/data/final_ood_frozen_v1/three_hole_asymmetric/sample_0173.npz,7fbe985e9871b0fea23dcd48b5658d0febd6965ccb34e4430a248d8ea7884c13,0.010613691993057728,0.05514649030460891,0.7904358790503078,0.7451673746109009,0.23569557163864374,0.5427134364843355
residual_v2,48,three_hole_asymmetric,174,private-source://routeA_experiments/data/final_ood_frozen_v1/three_hole_asymmetric/sample_0174.npz,71542cbeea7c7322472596a11b9ea2cf6285893af2fd8caaacd78a77cf1d83fd,0.009906776249408722,0.05760603689294506,0.6101342659481624,0.6807583570480347,0.24736186861991882,0.4451988413929936
residual_v2,48,three_hole_asymmetric,175,private-source://routeA_experiments/data/final_ood_frozen_v1/three_hole_asymmetric/sample_0175.npz,0f2191f55e786a9cc0197b9d38b5849150523e7f0e95da026a8b7282892dd7e7,0.00995546393096447,0.07154912881541643,1.0319928151366833,0.9925406202673912,0.28317365795373917,0.735350536555049
residual_v2,48,three_hole_asymmetric,176,private-source://routeA_experiments/data/final_ood_frozen_v1/three_hole_asymmetric/sample_0176.npz,1d5d110e1725a11891d26e004b83d93d33e264f9f0cc612cea71237c93485c91,0.010004200041294098,0.06724306101640373,0.7386252511097066,0.8298236280679703,0.3323510065674782,0.6770328775048248
residual_v2,48,three_hole_asymmetric,177,private-source://routeA_experiments/data/final_ood_frozen_v1/three_hole_asymmetric/sample_0177.npz,491128641f9815a0257fe2c5da3e9ef510909b89c7efe14041aaf988dd54d374,0.010159692727029324,0.06396384028708638,0.9146629036294897,0.8910429924726486,0.2505234389100224,0.7171366866677998
residual_v2,48,three_hole_asymmetric,178,private-source://routeA_experiments/data/final_ood_frozen_v1/three_hole_asymmetric/sample_0178.npz,8ad8976324d69fa900282a701c1176bec4bd066428ab6af4d07f98b6226c1440,0.010648484341800213,0.07625637614785505,0.9099093057555975,0.9058361053466797,0.36553648486733437,0.8022231206297865
residual_v2,48,three_hole_asymmetric,179,private-source://routeA_experiments/data/final_ood_frozen_v1/three_hole_asymmetric/sample_0179.npz,ed3c4408215897e333b3a88a790f6b3b965edbc5f729ee1ca00b514638a22db3,0.010666146874427795,0.06036079312339253,0.506983460869071,0.5699570775032043,0.2359323056298308,0.3705800995230674
residual_v2,48,three_hole_asymmetric,180,private-source://routeA_experiments/data/final_ood_frozen_v1/three_hole_asymmetric/sample_0180.npz,026ec17f7ba5561155ad7d2d26d4b774202c9e9d3be82846603703294b1c6599,0.010653535835444927,0.07208436018120652,0.9417154862312964,0.945991538465023,0.2966627151472494,0.7672263447195287
residual_v2,48,three_hole_asymmetric,181,private-source://routeA_experiments/data/final_ood_frozen_v1/three_hole_asymmetric/sample_0181.npz,ae31a16b8c81593e19306a84399bfd2a84ac55c7910ef8823c67abd4642aa2f6,0.009937746450304985,0.07083398549098528,0.7961562696317969,0.7105408012866974,0.2893944415409351,0.5198651954531665
residual_v2,48,three_hole_asymmetric,182,private-source://routeA_experiments/data/final_ood_frozen_v1/three_hole_asymmetric/sample_0182.npz,3c898c6349f36f90b3d5a9fe1ea363190f3864ec9904027b2c82073b2f828008,0.010654440149664879,0.051716870906457435,0.6934821649581979,0.7749741077423096,0.21575205028057098,0.6046616718173012
residual_v2,48,three_hole_asymmetric,183,private-source://routeA_experiments/data/final_ood_frozen_v1/three_hole_asymmetric/sample_0183.npz,7960bd5136007fe9e53aaf26195ec050cd3f170be4ea0892e9c50801de1e2a57,0.010870437137782574,0.06724468026267949,0.8768322425998023,0.8882312774658203,0.32041244953870773,0.7226805418729754
residual_v2,48,three_hole_asymmetric,184,private-source://routeA_experiments/data/final_ood_frozen_v1/three_hole_asymmetric/sample_0184.npz,d0af476fd13dfb1d250ce9a4ca56a9e4e7747143d266e251a2d3bed91fdc35c3,0.010682815685868263,0.06494743127985314,0.6646076620795109,0.7045219838619232,0.3091757073998451,0.5055953904986381
residual_v2,48,three_hole_asymmetric,185,private-source://routeA_experiments/data/final_ood_frozen_v1/three_hole_asymmetric/sample_0185.npz,825925d58976a37ca694d695a027e07bfbaaceb34012d307f2f1821037baf144,0.00999392569065094,0.05955668090542297,0.7008288658468976,0.6252382695674896,0.29416665993630886,0.4643628180027007
residual_v2,48,three_hole_asymmetric,186,private-source://routeA_experiments/data/final_ood_frozen_v1/three_hole_asymmetric/sample_0186.npz,77e809def7ac8044a4e55b9ef623158afda39a6477b671e128605d4b47566db6,0.01000483613461256,0.07400851908521017,1.0712786810314163,0.9494431763887405,0.27906142931897193,0.6649019971489906
residual_v2,48,three_hole_asymmetric,187,private-source://routeA_experiments/data/final_ood_frozen_v1/three_hole_asymmetric/sample_0187.npz,d41acb81beffee4db9203e1cf0266797359f026ace1ea8ca9bcd6ccb1e2af128,0.009942909702658653,0.06345566234530828,0.8148193807509677,0.9954652935266495,0.27895740629173815,0.6594386383891102
residual_v2,48,three_hole_asymmetric,188,private-source://routeA_experiments/data/final_ood_frozen_v1/three_hole_asymmetric/sample_0188.npz,0ee1d93b5b155a3545c539b9ebd208096d5da786ac320abbe96a9ddff30d88d7,0.009985733777284622,0.06713633674417131,0.8851293330250017,0.705297589302063,0.2995224539190531,0.5732613526284692
residual_v2,48,three_hole_asymmetric,189,private-source://routeA_experiments/data/final_ood_frozen_v1/three_hole_asymmetric/sample_0189.npz,70be7056cd13692af26bab63a3df9b9a64678831ef39fdb9582375ceecca7edf,0.010104539804160595,0.07198539275332339,1.1476847202077278,0.9809127822518349,0.28570647176820785,0.6853827016428099
residual_v2,48,three_hole_asymmetric,190,private-source://routeA_experiments/data/final_ood_frozen_v1/three_hole_asymmetric/sample_0190.npz,a8c424ee2056e12af66d0be34289a252d77172e5cb127ec57c8550e3415ab90b,0.010006897151470184,0.06111137206507745,0.914170162838478,0.9386425912380219,0.2581431269645691,0.7165912557393308
residual_v2,48,three_hole_asymmetric,191,private-source://routeA_experiments/data/final_ood_frozen_v1/three_hole_asymmetric/sample_0191.npz,26c2bd071beec9742e0a4f1e5466aa608a15434494059de80e606e4679fa8ed3,0.009939952753484249,0.07413111346033195,0.958258588543094,0.9499965608119965,0.2711972752586007,0.7868668541312216
residual_v2,48,three_hole_asymmetric,192,private-source://routeA_experiments/data/final_ood_frozen_v1/three_hole_asymmetric/sample_0192.npz,40d02fa0627c6deec298290103575257705efed18a0e5475ecaa7bf465aa9b99,0.010005094110965729,0.07321904156053854,0.8466197926039087,0.8390551805496216,0.3514411337673664,0.6903094731271263
residual_v2,48,three_hole_asymmetric,193,private-source://routeA_experiments/data/final_ood_frozen_v1/three_hole_asymmetric/sample_0193.npz,e2291d430c4ed65b595a26a1bfd29617e6a29836d02a7642cee85cd276392050,0.010007375851273537,0.07297281561823551,0.7820954534421629,0.71366086602211,0.28653415152803063,0.5922961682081217
residual_v2,48,three_hole_asymmetric,194,private-source://routeA_experiments/data/final_ood_frozen_v1/three_hole_asymmetric/sample_0194.npz,31e35937f5e42fb742834cdcb1fc165dd1ffc423ac83933409ddf9f346655de1,0.010673928074538708,0.07295589493573931,0.6408231941089975,0.7690157443284988,0.28894898435100913,0.5605652004480359
residual_v2,48,three_hole_asymmetric,195,private-source://routeA_experiments/data/final_ood_frozen_v1/three_hole_asymmetric/sample_0195.npz,40442c552a2016d07c97d9c05bd7232ba672eeab612657250b9c7529d4f8fba5,0.010666650719940662,0.06098306295552691,0.5584473553861274,0.5406574010848999,0.24549566092900932,0.3833590582013128
residual_v2,48,three_hole_asymmetric,196,private-source://routeA_experiments/data/final_ood_frozen_v1/three_hole_asymmetric/sample_0196.npz,dd2106f958610c899c170e0e932d315a715401be9a89fd9bfb0ce4af7422b23f,0.010612331330776215,0.08068213337686744,0.8946068522869647,0.8005524128675461,0.340896007604897,0.6804399877786628
residual_v2,48,three_hole_asymmetric,197,private-source://routeA_experiments/data/final_ood_frozen_v1/three_hole_asymmetric/sample_0197.npz,aa854427cd50f074116bdad2e4371e42c0402350e5d180482ef4c364d2ad2cf8,0.010678814724087715,0.07754478205053444,0.7201513061392278,0.9950058087706566,0.30941207939758897,0.5284815549850463
residual_v2,48,three_hole_asymmetric,198,private-source://routeA_experiments/data/final_ood_frozen_v1/three_hole_asymmetric/sample_0198.npz,f829be15d56c832505226b17681dbe66656bc2100714eb438d609a588f6574fe,0.010674552991986275,0.051647647778455,0.5856561751675146,0.7157240808010101,0.2448575496673584,0.5623971968889235
residual_v2,48,three_hole_asymmetric,199,private-source://routeA_experiments/data/final_ood_frozen_v1/three_hole_asymmetric/sample_0199.npz,52333eb8bbb0f95e069bd2d38db9cab28b55c6f86387da7cd28a27818fe1041a,0.010705409571528435,0.07251696825886825,0.7798491965489129,0.7701675891876221,0.31917601451277733,0.613909491896629
