model,training_seed,shape,sample_id,sample_file,sample_sha256,inference_seconds,mae,relative_l2,max_abs_error,p95_abs_error,p99_abs_error
residual_v2,50,polygonal_holes,0,private-source://routeA_experiments/data/prospective_ood_rd_hddm_alpha001_v2/polygonal_holes/sample_0000.npz,2813ec3127ac6b2d6e5ea2bdec57dc3842288d486f16a3ac630d975e79544104,0.00704603100894019,0.04899365757610784,0.9066692806272877,0.9605986773967743,0.26353454440832136,0.719625423848629
residual_v2,50,polygonal_holes,1,private-source://routeA_experiments/data/prospective_ood_rd_hddm_alpha001_v2/polygonal_holes/sample_0001.npz,9d77838f7901837e5e6668df3993510bb8ecebaae9c24dafd7c33dd27713ca91,0.007284841034561396,0.05388609740868092,0.5827504842058667,0.6924094557762146,0.3255901351571083,0.5862741515040397
residual_v2,50,polygonal_holes,2,private-source://routeA_experiments/data/prospective_ood_rd_hddm_alpha001_v2/polygonal_holes/sample_0002.npz,64d684a0c62d3af4e0e79525c5a8144d60264714c3b90c3683941cb3669199db,0.0070794280036352575,0.05562841408204084,0.6909801555972,0.7507451176643372,0.2744827263057231,0.645273168683052
residual_v2,50,polygonal_holes,3,private-source://routeA_experiments/data/prospective_ood_rd_hddm_alpha001_v2/polygonal_holes/sample_0003.npz,cee6732562ef0f85cfd1d4207fb826b90bc31335f8fdf22bc7991a2b2d3e3818,0.007239047030452639,0.03897879098192359,0.39694819141087584,0.4894564151763916,0.21298978179693207,0.39480874478816985
residual_v2,50,polygonal_holes,4,private-source://routeA_experiments/data/prospective_ood_rd_hddm_alpha001_v2/polygonal_holes/sample_0004.npz,f922f8aa230eb7f988651778a187a8f75ff947a239987aa900cd3c050a887ec0,0.0070267769624479115,0.05564793266189036,0.7492044436241607,0.8774191439151764,0.35510168373584744,0.6584929744899273
residual_v2,50,polygonal_holes,5,private-source://routeA_experiments/data/prospective_ood_rd_hddm_alpha001_v2/polygonal_holes/sample_0005.npz,7aa5ae995dda3a749c78e6b8b3aff037f07301dbda012f49af7c1983a95fd554,0.006325064052361995,0.046952464111046054,0.9643898110785043,0.9647106528282166,0.17678152071312064,0.6376687428355217
residual_v2,50,polygonal_holes,6,private-source://routeA_experiments/data/prospective_ood_rd_hddm_alpha001_v2/polygonal_holes/sample_0006.npz,a2ab3adff33e2b825261f9f156651d6d226b45d7900ef8697f84935c734df80a,0.006955930031836033,0.04942585409631571,0.560643744694646,0.6678612232208252,0.2848971247673034,0.49519367247819895
residual_v2,50,polygonal_holes,7,private-source://routeA_experiments/data/prospective_ood_rd_hddm_alpha001_v2/polygonal_holes/sample_0007.npz,b504795f95e5481635b933ab900699fe66f38076ab5132e6b57a48c641abbf2b,0.007196263992227614,0.05214776002941327,0.8247329875263214,0.9274446964263916,0.32508070021867747,0.7272037678956985
residual_v2,50,polygonal_holes,8,private-source://routeA_experiments/data/prospective_ood_rd_hddm_alpha001_v2/polygonal_holes/sample_0008.npz,b93c334e8e48c8fd6d52b05cd3ff40f15d4f5cc62702a435f3e0247d6b59a334,0.00696989701827988,0.04265926509418427,0.5437168711454963,0.715480387210846,0.24687006771564465,0.5900207749009132
residual_v2,50,polygonal_holes,9,private-source://routeA_experiments/data/prospective_ood_rd_hddm_alpha001_v2/polygonal_holes/sample_0009.npz,f2ef70e3326ae2f2447ff2754173f923c307e7972ebbe15dd38aabeb5f047c49,0.007150712015572935,0.04173918139172062,0.4832889826355293,0.6134612560272217,0.21869745403528204,0.4520341482758522
residual_v2,50,polygonal_holes,10,private-source://routeA_experiments/data/prospective_ood_rd_hddm_alpha001_v2/polygonal_holes/sample_0010.npz,0078bb96d0f452027931ba3a5cabdd927aa298f7c3cb3cc2d89e7cb23acaf539,0.006958433019462973,0.047593005834270945,0.5655249652788319,0.6987303793430328,0.2969923436641693,0.5828234753012657
residual_v2,50,polygonal_holes,11,private-source://routeA_experiments/data/prospective_ood_rd_hddm_alpha001_v2/polygonal_holes/sample_0011.npz,9ee5588e761180b233891dd5a6f16fa8ca4f4c5906cdb841e4c8020cee441584,0.007162196037825197,0.04115427356676264,0.3467248763347602,0.460080087184906,0.21358001977205276,0.29757257908582685
residual_v2,50,polygonal_holes,12,private-source://routeA_experiments/data/prospective_ood_rd_hddm_alpha001_v2/polygonal_holes/sample_0012.npz,9cdd74ea7cb7425efc2f3f4d80c0363bd50ea50709fe03b3d060f71ff605dd84,0.006969292997382581,0.05472914645880261,0.7341896713468452,0.8282827138900757,0.34138188064098324,0.738598727285862
residual_v2,50,polygonal_holes,13,private-source://routeA_experiments/data/prospective_ood_rd_hddm_alpha001_v2/polygonal_holes/sample_0013.npz,7ee1a4ed3ed8a784612d742e8ed75f38441bf2f5701f264e582c39a5158ad1ce,0.007175972976256162,0.05097322908676157,0.6881503299611107,0.7797591686248779,0.3139130398631092,0.6290434420108795
residual_v2,50,polygonal_holes,14,private-source://routeA_experiments/data/prospective_ood_rd_hddm_alpha001_v2/polygonal_holes/sample_0014.npz,d1818732f452567ad0ecd2f58c757bb8290572b117528bb1e5aaefa970313cc6,0.007219501014333218,0.06495009039026589,0.8200617459416737,0.9354597628116608,0.431232127547264,0.8091874688863754
residual_v2,50,polygonal_holes,15,private-source://routeA_experiments/data/prospective_ood_rd_hddm_alpha001_v2/polygonal_holes/sample_0015.npz,445b87e8c24a47bfb4d118389ef483a360b0d5074dc815ae35513aab4a27864d,0.007170848024543375,0.05285037309553041,0.6851791496738707,0.7864391505718231,0.31453717797994585,0.6099986794590949
residual_v2,50,polygonal_holes,16,private-source://routeA_experiments/data/prospective_ood_rd_hddm_alpha001_v2/polygonal_holes/sample_0016.npz,1a99ec371d63848f62228b959ed0924574356c0cccfdd1260268c8dfa0c9cdb0,0.007182154047768563,0.04981021369884219,1.0580486618557918,0.9327778667211533,0.20238206336507572,0.6604691669344899
residual_v2,50,polygonal_holes,17,private-source://routeA_experiments/data/prospective_ood_rd_hddm_alpha001_v2/polygonal_holes/sample_0017.npz,0cdbf63c17b90ff3b3512ee0966f5d174bfb3232348a9e49b05f2d9ee4d89a26,0.006965818989556283,0.052305855939852486,0.6908167359330071,0.8144932985305786,0.29583185017108915,0.713157160282135
residual_v2,50,polygonal_holes,18,private-source://routeA_experiments/data/prospective_ood_rd_hddm_alpha001_v2/polygonal_holes/sample_0018.npz,47317c8f9d3ed8f1a54c8b96ba91af510560b8aa7f805ade7143c1d16ca55e66,0.007212964002974331,0.04192368609840388,0.4052066549630409,0.4974176585674286,0.2178516641259191,0.3909919452667236
residual_v2,50,polygonal_holes,19,private-source://routeA_experiments/data/prospective_ood_rd_hddm_alpha001_v2/polygonal_holes/sample_0019.npz,14a537fef9ee78090f18c68c7c2bb65ef6d197ce349231291c03aa4206e7dbef,0.006260145048145205,0.05186862295332693,0.7857031728321443,0.851027250289917,0.32671668529510495,0.7408647570014
residual_v2,50,polygonal_holes,20,private-source://routeA_experiments/data/prospective_ood_rd_hddm_alpha001_v2/polygonal_holes/sample_0020.npz,7c814a3de56a037a81fd975f53b5567efeb9d9662b615203546bc0899290fd90,0.006499829993117601,0.035062230323007954,0.37798627031504534,0.5130864381790161,0.1661392159759998,0.4322859245538711
residual_v2,50,polygonal_holes,21,private-source://routeA_experiments/data/prospective_ood_rd_hddm_alpha001_v2/polygonal_holes/sample_0021.npz,8ce53160fe69d5b6413cde92d321f24dc4d1d44cc5f0f2a3eca07d60a4da1104,0.006477866030763835,0.04087841399827539,0.45044244237753844,0.5947882235050201,0.20726345889270306,0.38984081596136083
residual_v2,50,polygonal_holes,22,private-source://routeA_experiments/data/prospective_ood_rd_hddm_alpha001_v2/polygonal_holes/sample_0022.npz,ebe02bed5b22de6ec65b6c54aaa34f7a9e9daf45fb56c3455386ee7beeca83bd,0.006983237981330603,0.06275387004390565,0.893427800366209,0.9406799972057343,0.4087940581142902,0.7711230197548866
residual_v2,50,polygonal_holes,23,private-source://routeA_experiments/data/prospective_ood_rd_hddm_alpha001_v2/polygonal_holes/sample_0023.npz,d6cabc05bb35909896ec365f876db62334e617b13b08c9e40694e2791b0db121,0.0072075200150720775,0.04909165974468932,0.5859189367121022,0.6852642297744751,0.29918658733367914,0.5907638522982598
residual_v2,50,polygonal_holes,24,private-source://routeA_experiments/data/prospective_ood_rd_hddm_alpha001_v2/polygonal_holes/sample_0024.npz,cc607c6b4a44a20de7c0d072b11d3585668469f46fe26a9e5a4601a8839b18e3,0.006969373032916337,0.05064105923084399,0.825176244626116,0.9197606444358826,0.3087787531316279,0.6884074983000753
residual_v2,50,polygonal_holes,25,private-source://routeA_experiments/data/prospective_ood_rd_hddm_alpha001_v2/polygonal_holes/sample_0025.npz,6624bf5fe6d196079fb76fb31c85860e096a142c03b130cd1e70002ae755b942,0.0072118190000765026,0.0628035995244633,0.7551869774770608,0.8960906863212585,0.3683501586318014,0.7433644509315489
residual_v2,50,polygonal_holes,26,private-source://routeA_experiments/data/prospective_ood_rd_hddm_alpha001_v2/polygonal_holes/sample_0026.npz,c98d8e8d3d0a88d1da87415faeb5bf9178e88e1f30adc9ecf7cd6cf0dbd9277f,0.006954387994483113,0.043589758490844746,0.4855766961853368,0.6611237823963165,0.22393668740987777,0.44596226423978785
residual_v2,50,polygonal_holes,27,private-source://routeA_experiments/data/prospective_ood_rd_hddm_alpha001_v2/polygonal_holes/sample_0027.npz,a8830b8166a10f61db4814b54f56ca4808e3c93da85d47b565e4eddec6598b7d,0.007139884983189404,0.0349678713553001,0.41405933399566064,0.5913551449775696,0.18711597621440887,0.45446968644857405
residual_v2,50,polygonal_holes,28,private-source://routeA_experiments/data/prospective_ood_rd_hddm_alpha001_v2/polygonal_holes/sample_0028.npz,7a7df2263baaa71cbccf62f82307a4ec9364e586142fc46aecffcb33cae7cae8,0.006969068956095725,0.04016379221127989,0.561304732388114,0.665118932723999,0.2630357012152672,0.5413093122839928
residual_v2,50,polygonal_holes,29,private-source://routeA_experiments/data/prospective_ood_rd_hddm_alpha001_v2/polygonal_holes/sample_0029.npz,1792cfc778015639447d8549da9e8e6ae065b2de6e8a35808550ab1f2eaa6d12,0.007137488049920648,0.05220220089368518,0.7619049023966996,0.8607368469238281,0.3164157822728153,0.6864029735326763
residual_v2,50,polygonal_holes,30,private-source://routeA_experiments/data/prospective_ood_rd_hddm_alpha001_v2/polygonal_holes/sample_0030.npz,0361f263ac7c96ee87583959a04a88d5d85ed0d0bf6e7d378681151774f385f2,0.00694988202303648,0.04400166220860102,0.5016991939894367,0.5920301377773285,0.24718279689550385,0.477173116505146
residual_v2,50,polygonal_holes,31,private-source://routeA_experiments/data/prospective_ood_rd_hddm_alpha001_v2/polygonal_holes/sample_0031.npz,05f616ed447a9ab8e71b77b9398fe7f5bdca3822ed0cb7c0b89a4802fff7e34a,0.006272836006246507,0.05157420614355434,0.6204834140903311,0.7945767194032669,0.28555606603622435,0.5903571876883505
residual_v2,50,polygonal_holes,32,private-source://routeA_experiments/data/prospective_ood_rd_hddm_alpha001_v2/polygonal_holes/sample_0032.npz,b84ee66df3e51a313acfa70a8d8f17e55d0f28293bfc848be6da74369c6efe7e,0.006457258947193623,0.04681915361100437,0.5522810771920981,0.7649004459381104,0.25841723978519404,0.6364370864629745
residual_v2,50,polygonal_holes,33,private-source://routeA_experiments/data/prospective_ood_rd_hddm_alpha001_v2/polygonal_holes/sample_0033.npz,daa13b8f28a70003a1c8a3b22cc6fb6ba7cd514feb1f0dde8861d77cced138db,0.007039661984890699,0.04495839753211666,0.5908674546071876,0.6544487774372101,0.253497851639986,0.5444754064083099
residual_v2,50,polygonal_holes,34,private-source://routeA_experiments/data/prospective_ood_rd_hddm_alpha001_v2/polygonal_holes/sample_0034.npz,f1007728ae6fc8cc7b887f70cb682b003162557fe09bc505313c9852da9b0395,0.0069652789970859885,0.06387759975114743,0.8222119498276904,0.8984254598617554,0.3596376374363899,0.6948777168989182
residual_v2,50,polygonal_holes,35,private-source://routeA_experiments/data/prospective_ood_rd_hddm_alpha001_v2/polygonal_holes/sample_0035.npz,74480bc8be2b0c3f792eeafe7931aa43f6eabf7fab66f1f8889ff83f9343aacf,0.007072384003549814,0.03726901532053944,0.38151362932526645,0.617138683795929,0.17906494662165637,0.3648092722892761
residual_v2,50,polygonal_holes,36,private-source://routeA_experiments/data/prospective_ood_rd_hddm_alpha001_v2/polygonal_holes/sample_0036.npz,d380cc325dc38fac34101ad898621f7a706e5ef3145fb50b48cd8a3550e915f6,0.007252854993566871,0.044085547354411066,0.4704962565024483,0.6385147273540497,0.22646047994494428,0.5049599766731262
residual_v2,50,polygonal_holes,37,private-source://routeA_experiments/data/prospective_ood_rd_hddm_alpha001_v2/polygonal_holes/sample_0037.npz,562b92269c11eb7a4d6d2b96c70e8334d3b1e90f788bd3d9e801d09a075eee3a,0.0069899369846098125,0.04653991745796162,0.9545460195002918,0.9434123635292053,0.182458480587229,0.5839810701459646
residual_v2,50,polygonal_holes,38,private-source://routeA_experiments/data/prospective_ood_rd_hddm_alpha001_v2/polygonal_holes/sample_0038.npz,ad000ee37c0e1a9ba734e4dd9459946f4b3df5f603b980b12d442bca1f8ed9f9,0.00694929005112499,0.04550056845805443,0.5469927610097175,0.7177753150463104,0.24713485166430474,0.5241539289057254
residual_v2,50,polygonal_holes,39,private-source://routeA_experiments/data/prospective_ood_rd_hddm_alpha001_v2/polygonal_holes/sample_0039.npz,522d3ecbc2d9edc149dc3f03b6cf36d68fca66badfbb0f6dd3482d5e5f254b68,0.007165157003328204,0.04135661562359524,0.4536137015366479,0.637170135974884,0.1991808503866195,0.45043486654758447
residual_v2,50,polygonal_holes,40,private-source://routeA_experiments/data/prospective_ood_rd_hddm_alpha001_v2/polygonal_holes/sample_0040.npz,254ab846e9a8b91265cad089e47a668ba206ceeb02e23540aaf1b8dded5c5277,0.007252479030285031,0.039922686747034836,0.5734676500703749,0.7241130471229553,0.20968052372336374,0.49465245902538296
residual_v2,50,polygonal_holes,41,private-source://routeA_experiments/data/prospective_ood_rd_hddm_alpha001_v2/polygonal_holes/sample_0041.npz,8c7f049970c19d0bf9df6a56540e33a405e9b6f637a802fc3a679bd78cbd2f7b,0.006441115983761847,0.06574256322235314,0.8547428237666171,0.9112693071365356,0.4286960333585739,0.766444541811943
residual_v2,50,polygonal_holes,42,private-source://routeA_experiments/data/prospective_ood_rd_hddm_alpha001_v2/polygonal_holes/sample_0042.npz,6d8ce4ad2a0fbe386141c305df0df82390863da91466b3772de47905aac327ac,0.006567137024831027,0.060722619173177846,0.7543046999518854,0.7937815487384796,0.36586117893457404,0.6573866321146488
residual_v2,50,polygonal_holes,43,private-source://routeA_experiments/data/prospective_ood_rd_hddm_alpha001_v2/polygonal_holes/sample_0043.npz,cce44f1d73fbe7f76182aa7fd07a69f90b93524ef2f5d7c4c6a1bb4566cb8ff9,0.006300595006905496,0.05460159416898149,0.8726788323633605,0.940854549407959,0.29214092846959827,0.7689286720752715
residual_v2,50,polygonal_holes,44,private-source://routeA_experiments/data/prospective_ood_rd_hddm_alpha001_v2/polygonal_holes/sample_0044.npz,ae4b89782186c636597bbf28ff74a3d03e0c2dbac42260653f9d140ab9229119,0.007066886988468468,0.04160717465620817,0.40940084398194476,0.5613606572151184,0.23795028030872323,0.4002144366502762
residual_v2,50,polygonal_holes,45,private-source://routeA_experiments/data/prospective_ood_rd_hddm_alpha001_v2/polygonal_holes/sample_0045.npz,1777cf5189ac8f43461ae20e5ef1f4c739e91a493823c36ad21eedc9d1d3abf4,0.00647522701183334,0.050110416511147886,0.7298509866102653,0.8409801721572876,0.30152157396078094,0.6829048320651054
residual_v2,50,polygonal_holes,46,private-source://routeA_experiments/data/prospective_ood_rd_hddm_alpha001_v2/polygonal_holes/sample_0046.npz,cc55794e1940c234f9da149d83ee01ead8d8277520e38b89220b19e02e70f238,0.007098643982317299,0.04972213121508613,1.033576430719472,0.9536172747612,0.17113404031842946,0.665217707902193
residual_v2,50,polygonal_holes,47,private-source://routeA_experiments/data/prospective_ood_rd_hddm_alpha001_v2/polygonal_holes/sample_0047.npz,7f42f867baf3b1c126f27ae2157ef3dd2a34a07d8d1a1f5aead8d062722664f9,0.006470430002082139,0.04697849602771743,0.6114015861089744,0.8312698602676392,0.279300536215305,0.5992593386769295
residual_v2,50,polygonal_holes,48,private-source://routeA_experiments/data/prospective_ood_rd_hddm_alpha001_v2/polygonal_holes/sample_0048.npz,6e05df606b756d9cfd5f6305cc0eac033208a8444ad64ad8e48815757862935e,0.0070821159752085805,0.0554094187688457,0.9233062780527617,0.9693394005298615,0.31745380163192716,0.7748808568716049
residual_v2,50,polygonal_holes,49,private-source://routeA_experiments/data/prospective_ood_rd_hddm_alpha001_v2/polygonal_holes/sample_0049.npz,8e60acf35c436ea7681e8f6ecb99e7889c6309505da38ab1a1de5fdd50c8d25a,0.007160868961364031,0.037273890862791134,0.5125272601559029,0.786929190158844,0.22208699285984027,0.4954853862524032
residual_v2,50,polygonal_holes,50,private-source://routeA_experiments/data/prospective_ood_rd_hddm_alpha001_v2/polygonal_holes/sample_0050.npz,67ff652aacb37c18501691c8d65846f7fd6786aa6ab39d47d601c53560a81ffb,0.007174896018113941,0.04959506698092911,0.5955862752075641,0.7740148901939392,0.31445140689611434,0.5971249476075172
residual_v2,50,polygonal_holes,51,private-source://routeA_experiments/data/prospective_ood_rd_hddm_alpha001_v2/polygonal_holes/sample_0051.npz,d178ebe9f5d54994c88f44993765bce335075010cff7e29e1ff0070188cd3350,0.006251273036468774,0.050420778660354146,1.0275518795779597,0.9194004237651825,0.19547550568240693,0.7314631702005863
residual_v2,50,polygonal_holes,52,private-source://routeA_experiments/data/prospective_ood_rd_hddm_alpha001_v2/polygonal_holes/sample_0052.npz,a3a862fcadf321c577317885abc8e5b33930f4e0f1c7fe81f71f61e570dec552,0.007070300984196365,0.04353803112169797,0.7231458947180699,0.9205146133899689,0.20927279591560352,0.5913518193364143
residual_v2,50,polygonal_holes,53,private-source://routeA_experiments/data/prospective_ood_rd_hddm_alpha001_v2/polygonal_holes/sample_0053.npz,ab5fddb822d6b9316b54ab76c4527ea073e575a3e421c7d3825dddaa22fc27e5,0.00622182700317353,0.052854614938629224,0.8904477015176769,0.994663417339325,0.23896251805126664,0.7843461114168166
residual_v2,50,polygonal_holes,54,private-source://routeA_experiments/data/prospective_ood_rd_hddm_alpha001_v2/polygonal_holes/sample_0054.npz,a1022a21b18e6e40b38eb55a0b8587d544f733833a4d7f12d4de108015563cc3,0.006447552994359285,0.0354182657026441,0.30954150505776756,0.40725409984588623,0.16564440280199044,0.29511143490672104
residual_v2,50,polygonal_holes,55,private-source://routeA_experiments/data/prospective_ood_rd_hddm_alpha001_v2/polygonal_holes/sample_0055.npz,4365d7d047747c0c5587594149f7905cf8d0fbc2fc11cdade3a1001f8d10a489,0.007236176053993404,0.0564558998357898,0.8781656029173148,0.934313952922821,0.3311226893216371,0.7629346746206277
residual_v2,50,polygonal_holes,56,private-source://routeA_experiments/data/prospective_ood_rd_hddm_alpha001_v2/polygonal_holes/sample_0056.npz,c64e194ceeb73588bea71d967fed493a69e7f31422958700a5a894c51dad8af4,0.0064284130348823965,0.04592109586191176,0.5755851422676409,0.6228123605251312,0.2520230069756506,0.49747901529073707
residual_v2,50,polygonal_holes,57,private-source://routeA_experiments/data/prospective_ood_rd_hddm_alpha001_v2/polygonal_holes/sample_0057.npz,b7ec701204ebf0f91ed0f653ab9750798681ad55c0be7bccc78661334dd8a05a,0.007218011014629155,0.04843518860509631,0.9226413511004716,0.871359258890152,0.23298034891486125,0.666983562465757
residual_v2,50,polygonal_holes,58,private-source://routeA_experiments/data/prospective_ood_rd_hddm_alpha001_v2/polygonal_holes/sample_0058.npz,d7d338d7ed7396d7013682fdeda699683e01e2e0a6b355ea8245cd50209f5837,0.006449092004913837,0.05567140283697073,0.7196238806854248,0.8222825527191162,0.3414228975772857,0.67959852039814
residual_v2,50,polygonal_holes,59,private-source://routeA_experiments/data/prospective_ood_rd_hddm_alpha001_v2/polygonal_holes/sample_0059.npz,520dc2e58678e87e5e0b109e52f119bf6f1955d7aa102dba7f2e2aa5f6870b26,0.006252438004594296,0.04249106253041797,0.6685832954022511,0.8053704500198364,0.2697804771363735,0.5989847388863563
residual_v2,50,polygonal_holes,60,private-source://routeA_experiments/data/prospective_ood_rd_hddm_alpha001_v2/polygonal_holes/sample_0060.npz,65f37cdde81f35866d4ad5d443aea651ab7719a2aeaeacecb6c6f004e4a9a519,0.006990773021243513,0.05785148604855269,0.8182659065797311,0.9576754570007324,0.28182401433587034,0.7051798102259635
residual_v2,50,polygonal_holes,61,private-source://routeA_experiments/data/prospective_ood_rd_hddm_alpha001_v2/polygonal_holes/sample_0061.npz,7743695b88cdc254e55b4fad952747f08a99a59b47940f19b05996b3aacfdd4f,0.006282467977143824,0.0652859320410685,0.9342315046746945,0.9716237187385559,0.38590351380407784,0.8394724833965301
residual_v2,50,polygonal_holes,62,private-source://routeA_experiments/data/prospective_ood_rd_hddm_alpha001_v2/polygonal_holes/sample_0062.npz,277f1102a42eb919881a684fdf02f8fe32f35c413c403026302cd12d4097853a,0.007194395002443343,0.052411147877860456,0.5076030631562835,0.7550572752952576,0.220746299996972,0.457368084192276
residual_v2,50,polygonal_holes,63,private-source://routeA_experiments/data/prospective_ood_rd_hddm_alpha001_v2/polygonal_holes/sample_0063.npz,6d764776066ab82c5cc65c85d8e8609d9930055835d54417aa78c6b4a6b03531,0.00720438698772341,0.05697779689577462,0.8663366121478506,0.8559751808643341,0.35177072510123253,0.7130986359715461
residual_v2,50,polygonal_holes,64,private-source://routeA_experiments/data/prospective_ood_rd_hddm_alpha001_v2/polygonal_holes/sample_0064.npz,faf90b633e638b9635077cf9b6ad138791b71dcf9f9c87c2643fdaa9321e9469,0.006559069966897368,0.048722696527384146,0.6105822367522588,0.7959578037261963,0.3003483086824415,0.6047610342502593
residual_v2,50,polygonal_holes,65,private-source://routeA_experiments/data/prospective_ood_rd_hddm_alpha001_v2/polygonal_holes/sample_0065.npz,5a1f909a1a33de701ff5e43850c8a0f624f0fe67bb2628856e8b2ff716aa4d8f,0.006454729998949915,0.0432430170117449,0.552379450042606,0.7266668677330017,0.22896646857261652,0.5375073957443237
residual_v2,50,polygonal_holes,66,private-source://routeA_experiments/data/prospective_ood_rd_hddm_alpha001_v2/polygonal_holes/sample_0066.npz,231255ce916639b7963636d7ecd7e8496e2daf50b0681c71f8c26d117d19a6a3,0.006393311021383852,0.05108526773569641,0.5328954996230205,0.5514989197254181,0.28456574045121663,0.4461221814155578
residual_v2,50,polygonal_holes,67,private-source://routeA_experiments/data/prospective_ood_rd_hddm_alpha001_v2/polygonal_holes/sample_0067.npz,2ea120f390b13387af7e81bbf689609188cf789c089380be9954a01ab04383ce,0.006462513993028551,0.04865049942784986,0.8482565923901033,0.9606360495090485,0.23658912889659378,0.7354179900884628
residual_v2,50,polygonal_holes,68,private-source://routeA_experiments/data/prospective_ood_rd_hddm_alpha001_v2/polygonal_holes/sample_0068.npz,99dcf586e3c772fa34c409836b87dba473578ad4267323fe4c1021c49bea2156,0.006442161975428462,0.05693581437312029,0.56913077454638,0.5366846323013306,0.3034011796116829,0.4385227006673813
residual_v2,50,polygonal_holes,69,private-source://routeA_experiments/data/prospective_ood_rd_hddm_alpha001_v2/polygonal_holes/sample_0069.npz,371011e0087841ce62fd475615c1487b9008b14cc2c8239b698c21a3f404f4ae,0.00631569599499926,0.04421979820061185,0.4503370684685329,0.5537530183792114,0.2556821808218956,0.5057575741410255
residual_v2,50,polygonal_holes,70,private-source://routeA_experiments/data/prospective_ood_rd_hddm_alpha001_v2/polygonal_holes/sample_0070.npz,76a38f00a38c09a4a5e0ce282801ee31b62717ad9405afde4dfaded58ac68adf,0.006500581977888942,0.04129362964786146,0.49989452513660393,0.5751802027225494,0.2122549973428249,0.44862927943468095
residual_v2,50,polygonal_holes,71,private-source://routeA_experiments/data/prospective_ood_rd_hddm_alpha001_v2/polygonal_holes/sample_0071.npz,725f819b9cff979f22d3fb2826bbeb093e79eac51bc6aeeece1bf9cca9411e3c,0.006468703970313072,0.0444129525659646,0.4721639420692758,0.5221502184867859,0.27508453428745255,0.4220323303341865
residual_v2,50,polygonal_holes,72,private-source://routeA_experiments/data/prospective_ood_rd_hddm_alpha001_v2/polygonal_holes/sample_0072.npz,29b11ddc75faadb72de6975449a2b31a3d5383776b7675881284f27b7dca3cab,0.006441551959142089,0.046209205581065664,0.5524569393244511,0.787879228591919,0.28186658173799506,0.5804060426354408
residual_v2,50,polygonal_holes,73,private-source://routeA_experiments/data/prospective_ood_rd_hddm_alpha001_v2/polygonal_holes/sample_0073.npz,1ab85a6c8ae26e0fbf4793862ad906cb7254045320b5796aeaa896f42f2bacd4,0.0070770769962109625,0.04816159228212983,0.5945305189467437,0.7981202602386475,0.3068219631910324,0.6023321124911308
residual_v2,50,polygonal_holes,74,private-source://routeA_experiments/data/prospective_ood_rd_hddm_alpha001_v2/polygonal_holes/sample_0074.npz,bacd1d3e820fbf01f8d4acce5297dc3b9f8dc25652253988c73470e23a9f8ac1,0.00708521599881351,0.04617170108395637,0.6837137456723541,0.7569902539253235,0.24664796441793427,0.5969196587800978
residual_v2,50,polygonal_holes,75,private-source://routeA_experiments/data/prospective_ood_rd_hddm_alpha001_v2/polygonal_holes/sample_0075.npz,3287c7e51fa026555fd19d375af6e3d4cc8cc42fa1205cc3bfc8cd6cf1579cd3,0.0071357759879902005,0.03437843849938266,0.40104860424482935,0.4970821142196655,0.18083213865756984,0.4113671267032623
residual_v2,50,polygonal_holes,76,private-source://routeA_experiments/data/prospective_ood_rd_hddm_alpha001_v2/polygonal_holes/sample_0076.npz,574f2300d179a3831f3582318cd7b95acfd3405093d6a47af47ad93d2178f2e1,0.007269746041856706,0.05040369542748647,0.9961742025692828,0.8885414004325867,0.18364791781641543,0.6608941669017074
residual_v2,50,polygonal_holes,77,private-source://routeA_experiments/data/prospective_ood_rd_hddm_alpha001_v2/polygonal_holes/sample_0077.npz,4376fb3c5dd37b190c566754832a3e3ba85331c8e3e4f837d406cdef3bfffa17,0.0070770400343462825,0.06092371204706827,0.7805793564172975,0.780843585729599,0.40744596421718593,0.6580500808358192
residual_v2,50,polygonal_holes,78,private-source://routeA_experiments/data/prospective_ood_rd_hddm_alpha001_v2/polygonal_holes/sample_0078.npz,ae2f838a41311b1cab760c47b71bb43be39b91fa594b946c3571522b2c1a813d,0.007154261984396726,0.042085469996995924,0.5022902484973181,0.7157050371170044,0.1979339078068732,0.5849812644720077
residual_v2,50,polygonal_holes,79,private-source://routeA_experiments/data/prospective_ood_rd_hddm_alpha001_v2/polygonal_holes/sample_0079.npz,adbb28bf9488acd23de73cd9711ec3b2e05ffc6733eb9f5e5d052cf61e664a70,0.006273699982557446,0.04905906666655003,0.8451576382707576,0.8682692348957062,0.2577844943851232,0.6783896689116954
residual_v2,50,polygonal_holes,80,private-source://routeA_experiments/data/prospective_ood_rd_hddm_alpha001_v2/polygonal_holes/sample_0080.npz,4a47f541a2cd868c83938f15092e28469ad5819a5b3e93180979feb578a2ce05,0.006971939990762621,0.04769407695859551,0.5744620360684982,0.7851095795631409,0.32660522460937486,0.5157925671339035
residual_v2,50,polygonal_holes,81,private-source://routeA_experiments/data/prospective_ood_rd_hddm_alpha001_v2/polygonal_holes/sample_0081.npz,4d25b3696b4e9ae0a17a8594fbd72f84735c32ee8f1f0b28d6a67a85a3343360,0.006299789005424827,0.04976445979572497,0.8382918678210214,0.9503720700740814,0.23054207637906052,0.7127201521396637
residual_v2,50,polygonal_holes,82,private-source://routeA_experiments/data/prospective_ood_rd_hddm_alpha001_v2/polygonal_holes/sample_0082.npz,a6c4e742890618c770a2aba2764df55ef3584d9cf57866efbbc096b98dec6a48,0.006402468017768115,0.05239351395200856,0.6542698498940074,0.8457713723182678,0.3585811778903007,0.6221964299678802
residual_v2,50,polygonal_holes,83,private-source://routeA_experiments/data/prospective_ood_rd_hddm_alpha001_v2/polygonal_holes/sample_0083.npz,b8eeb414ab12e5fe35f84aa19979bdbca0f1a1f75eeb25da9aad6a52d8cbeb30,0.006509597995318472,0.052995226961603865,0.5234455177508891,0.5759426057338715,0.28521646000444884,0.4767184555530548
residual_v2,50,polygonal_holes,84,private-source://routeA_experiments/data/prospective_ood_rd_hddm_alpha001_v2/polygonal_holes/sample_0084.npz,67deca7af2005178ad0c93d16ab381b5a3df2ac09b8b5738e4fc2773a2546f62,0.006397981022018939,0.053380307840758784,0.6108657094452218,0.7413485944271088,0.3392764031887054,0.6319691455364226
residual_v2,50,polygonal_holes,85,private-source://routeA_experiments/data/prospective_ood_rd_hddm_alpha001_v2/polygonal_holes/sample_0085.npz,ddb7b814e040d8c047a4649f33bf151654d032650e5a173001aca20b14905ab3,0.006531908002216369,0.03879087499774685,0.8702824974861485,0.8249803483486176,0.14536252543330191,0.5627110379934307
residual_v2,50,polygonal_holes,86,private-source://routeA_experiments/data/prospective_ood_rd_hddm_alpha001_v2/polygonal_holes/sample_0086.npz,d6433754926d38ddb5772e7cb405f78b5aec43e5ca3eade0ba8b62b103a7dc27,0.006464042002335191,0.05885497816137786,0.8029771228879248,0.9199023097753525,0.3020598523318767,0.6562316986918448
residual_v2,50,polygonal_holes,87,private-source://routeA_experiments/data/prospective_ood_rd_hddm_alpha001_v2/polygonal_holes/sample_0087.npz,8d3eec568a4d74c6a51e6da3cc28ade1037e57e722994fd947f5a01f53d41edf,0.00624839001102373,0.04978666743322511,1.0742022227642476,0.9872292578220367,0.18909839978441595,0.6902947471290822
residual_v2,50,polygonal_holes,88,private-source://routeA_experiments/data/prospective_ood_rd_hddm_alpha001_v2/polygonal_holes/sample_0088.npz,af9662e794a12464829c6fac98a3cb18e6e3e6857c1576994cbe01eedf1f246c,0.006504755991045386,0.04957126729549423,0.8452045491859024,0.8351793140172958,0.2549755435436961,0.6777399550378321
residual_v2,50,polygonal_holes,89,private-source://routeA_experiments/data/prospective_ood_rd_hddm_alpha001_v2/polygonal_holes/sample_0089.npz,c5a95474e5636d974aeee3dcde6837bf3c6a3704353407477c81f4240bbdc388,0.006260161986574531,0.05277931753987062,1.010354970778895,0.9614051431417465,0.18913935234304513,0.7743954215198754
residual_v2,50,polygonal_holes,90,private-source://routeA_experiments/data/prospective_ood_rd_hddm_alpha001_v2/polygonal_holes/sample_0090.npz,69177a4934a4e7ec9786358ba08b301291e30633bfc8079703a3ad634dbe6555,0.0064163520000875,0.060161082314787236,0.7397390669756606,0.8547143340110779,0.3595964208245274,0.6903571873903274
residual_v2,50,polygonal_holes,91,private-source://routeA_experiments/data/prospective_ood_rd_hddm_alpha001_v2/polygonal_holes/sample_0091.npz,017495cf13436ccb34417f1d078194fbbb1bb9e889c2a05714fdfef6208a7922,0.0070591020048595965,0.04238180971522152,1.0505140535270676,0.9740584343671799,0.1554884172044694,0.6600869782268998
residual_v2,50,polygonal_holes,92,private-source://routeA_experiments/data/prospective_ood_rd_hddm_alpha001_v2/polygonal_holes/sample_0092.npz,6fb319a462e5729cc33034f1576388ff60d99f8ed26dcf3ed67437d1ea1bca54,0.0069677470019087195,0.03990702626154113,0.3951310422979957,0.46607184410095215,0.22960350960493084,0.39632062047719957
residual_v2,50,polygonal_holes,93,private-source://routeA_experiments/data/prospective_ood_rd_hddm_alpha001_v2/polygonal_holes/sample_0093.npz,52cbc18f79056f45df5b059b191b91f8510f55d9c2edcd661f81df8375d9e0d1,0.007229214999824762,0.05355039399795879,0.7807280088903519,0.857686460018158,0.3150485880672931,0.6689496380090713
residual_v2,50,polygonal_holes,94,private-source://routeA_experiments/data/prospective_ood_rd_hddm_alpha001_v2/polygonal_holes/sample_0094.npz,164da7452288a5d8a7302027741566652f575e6558c5ce9ce09db0163255c7ab,0.006946692010387778,0.04635535710021385,0.4762713409163684,0.613370269536972,0.20318245813250538,0.40217338427901256
residual_v2,50,polygonal_holes,95,private-source://routeA_experiments/data/prospective_ood_rd_hddm_alpha001_v2/polygonal_holes/sample_0095.npz,1c76e3d378b35c6a9e36e37471d1c5bcd6e753f69e666218ce23590f33585d3e,0.0071587960119359195,0.060312084384655816,0.9344374639844599,0.9834452867507935,0.38385947942733745,0.7932229052484034
residual_v2,50,polygonal_holes,96,private-source://routeA_experiments/data/prospective_ood_rd_hddm_alpha001_v2/polygonal_holes/sample_0096.npz,49ad587763214bcda7cccaa69cfff09cf001c7b2c7f38d85251e3f2672a35569,0.007043630990665406,0.03809283447967711,0.3919709756702598,0.4977840781211853,0.20675968453288077,0.40426117897033687
residual_v2,50,polygonal_holes,97,private-source://routeA_experiments/data/prospective_ood_rd_hddm_alpha001_v2/polygonal_holes/sample_0097.npz,8390688b322ed3b47b14ae6c8deb192bc662ca519072cc4456004520d93634eb,0.007211763004306704,0.046397968752602436,0.49403172722605165,0.7160730957984924,0.24517692774534194,0.5496993163228033
residual_v2,50,polygonal_holes,98,private-source://routeA_experiments/data/prospective_ood_rd_hddm_alpha001_v2/polygonal_holes/sample_0098.npz,d664b5cd66446712fa2fc0050a3eea16c06ebbf4a5f3665cb9b62018873ee112,0.007026165956631303,0.03572646633709458,0.291771968030144,0.37765493243932724,0.18066207021474837,0.28017053186893465
residual_v2,50,polygonal_holes,99,private-source://routeA_experiments/data/prospective_ood_rd_hddm_alpha001_v2/polygonal_holes/sample_0099.npz,ffb0fcbe82635372bfaaf9dfad830078cc7e245cb5df18fc4cf3ee7d7ed08f2c,0.007065083016641438,0.04460365667277646,0.5708130390187884,0.779883623123169,0.28638730943202967,0.5716221484541892
residual_v2,50,polygonal_holes,100,private-source://routeA_experiments/data/prospective_ood_rd_hddm_alpha001_v2/polygonal_holes/sample_0100.npz,83db9e1bf734e4318e7310d414f020dde016065b78e5ec40e0bf63cbdc30cd69,0.007182122033555061,0.04328119769586718,0.5012276727609375,0.5605661273002625,0.20965009331703174,0.4177120128273963
residual_v2,50,polygonal_holes,101,private-source://routeA_experiments/data/prospective_ood_rd_hddm_alpha001_v2/polygonal_holes/sample_0101.npz,628d4ef4e48f4e11212826ea73354e04acbb5cf5218cf61a5f450ffe072e463a,0.006390941969584674,0.04238270505841279,0.6002219371607909,0.9568789601325989,0.22457843273878095,0.5777807682752605
residual_v2,50,polygonal_holes,102,private-source://routeA_experiments/data/prospective_ood_rd_hddm_alpha001_v2/polygonal_holes/sample_0102.npz,53967bde920053230113301d67f3965fb24710c7b37e3b7e2a11053964188c70,0.00699200201779604,0.04844582630157068,0.7681758641315871,0.8392798006534576,0.2624408788979049,0.7664540210366249
residual_v2,50,polygonal_holes,103,private-source://routeA_experiments/data/prospective_ood_rd_hddm_alpha001_v2/polygonal_holes/sample_0103.npz,31c2e4b05f2f012dc480a56d1b1cc60ea8f4b239b39e292c8f0a6dac54ebd19b,0.006551853963173926,0.05625352780117459,0.8610888845416771,0.8943772166967392,0.3325549364089966,0.7528844563663005
residual_v2,50,polygonal_holes,104,private-source://routeA_experiments/data/prospective_ood_rd_hddm_alpha001_v2/polygonal_holes/sample_0104.npz,9eb06fccb4a1502bf602c71b5f5036161537259059eb86654e50a1438639f459,0.0064229549607262015,0.03492576276813149,0.327913411294589,0.36662083864212036,0.19612965136766428,0.29372530370950695
residual_v2,50,polygonal_holes,105,private-source://routeA_experiments/data/prospective_ood_rd_hddm_alpha001_v2/polygonal_holes/sample_0105.npz,95cbcc94abd4de91c834c528dda2319a03fb7099f469d400f93c5b03afcbc4a8,0.006269700999837369,0.05488810075139987,0.7073625860337583,0.7877074480056763,0.3309833288192747,0.6583672845363617
residual_v2,50,polygonal_holes,106,private-source://routeA_experiments/data/prospective_ood_rd_hddm_alpha001_v2/polygonal_holes/sample_0106.npz,98106d828e41a1c5eb346df2a0b0a1e1e58665b84eceba9935ef6099e5563495,0.006964945001527667,0.05012975747698102,1.0343877790310443,0.8998304009437561,0.1823878880124539,0.6998860190436244
residual_v2,50,polygonal_holes,107,private-source://routeA_experiments/data/prospective_ood_rd_hddm_alpha001_v2/polygonal_holes/sample_0107.npz,9cbd0d60ca7ebba2116f8c16d91b310978edea4d0da468204842b7a23670a89d,0.007185861002653837,0.053593041090051086,0.7808713805253782,0.8110192716121674,0.3077639192342757,0.6323676961660383
residual_v2,50,polygonal_holes,108,private-source://routeA_experiments/data/prospective_ood_rd_hddm_alpha001_v2/polygonal_holes/sample_0108.npz,b9853bfdbfac230c0bfabbae3453e3f905065de73973a4e6e03d679b043f8a93,0.006349467032123357,0.04893682789681609,0.5646728251178823,0.6807259023189545,0.2403433769941329,0.5042830261588095
residual_v2,50,polygonal_holes,109,private-source://routeA_experiments/data/prospective_ood_rd_hddm_alpha001_v2/polygonal_holes/sample_0109.npz,ad81e157b0fe4b56f9cb232ff544261abab7b40e2fd40998cf5365e8c2ecbf9c,0.007000697019975632,0.046675433598697996,0.9652874090005389,0.9765175580978394,0.17469890695065257,0.6199774619936943
residual_v2,50,polygonal_holes,110,private-source://routeA_experiments/data/prospective_ood_rd_hddm_alpha001_v2/polygonal_holes/sample_0110.npz,2379cde8dfcb4012259c110621bb82cac632e8758fc6470fc5fb50c0d6567705,0.0063891729805618525,0.04943134319484711,0.6592221267189033,0.7940288186073303,0.2729602694511412,0.6094024923443794
residual_v2,50,polygonal_holes,111,private-source://routeA_experiments/data/prospective_ood_rd_hddm_alpha001_v2/polygonal_holes/sample_0111.npz,e77470dcfcba1f6bdb33c318c2e6cecb38ae797f62d39e0bb08e7a08dd6e974a,0.007150319986976683,0.050170969236859646,0.7526565612814213,0.851581335067749,0.3124499140307305,0.6979798433184623
residual_v2,50,polygonal_holes,112,private-source://routeA_experiments/data/prospective_ood_rd_hddm_alpha001_v2/polygonal_holes/sample_0112.npz,88df74d2052fa5cb450aa5d9be2814b467df7bbe8db5582a180089122655cee2,0.006257933971937746,0.030028184653829663,0.3164761795752392,0.38174962997436523,0.15463653281331058,0.31404917091131207
residual_v2,50,polygonal_holes,113,private-source://routeA_experiments/data/prospective_ood_rd_hddm_alpha001_v2/polygonal_holes/sample_0113.npz,3a1fa1b65775b0275cf639b12a72525a77828d847796be0e003df1bdbad952ec,0.006481168034952134,0.031657231519842906,0.315460174851655,0.40888550877571106,0.16352366656064984,0.29154577195644377
residual_v2,50,polygonal_holes,114,private-source://routeA_experiments/data/prospective_ood_rd_hddm_alpha001_v2/polygonal_holes/sample_0114.npz,ee8527e088d5dac6fcb1c475159e6c302f9ad53ec6da27fe11138620a0ca68fd,0.006279407010879368,0.06151931184900339,0.8422814207817211,0.9001994431018829,0.39413181692361826,0.7668301272392272
residual_v2,50,polygonal_holes,115,private-source://routeA_experiments/data/prospective_ood_rd_hddm_alpha001_v2/polygonal_holes/sample_0115.npz,f7ffa5978118fd94c3600a0f477fa283eca44223a4090163c2e4bf5b6bcf3f85,0.007208191032987088,0.0494885062137746,0.6371935736720641,0.7193238735198975,0.297826614975929,0.6342663717269897
residual_v2,50,polygonal_holes,116,private-source://routeA_experiments/data/prospective_ood_rd_hddm_alpha001_v2/polygonal_holes/sample_0116.npz,40826f4a1aca3233236ea6a2e03d2f7953a031f2a735af2bc36b9a978760b21d,0.006392400013282895,0.05395865097129912,0.7287585507060893,0.7570332586765289,0.31847377195954296,0.6104277850687503
residual_v2,50,polygonal_holes,117,private-source://routeA_experiments/data/prospective_ood_rd_hddm_alpha001_v2/polygonal_holes/sample_0117.npz,e1cd5ab17ebc52bc630594c80acdbe1ac1cf83a82b72806653c360f585aa540a,0.007227312016766518,0.03845499649322865,0.34692020855411143,0.5620401203632355,0.1955228418111801,0.2894665002822876
residual_v2,50,polygonal_holes,118,private-source://routeA_experiments/data/prospective_ood_rd_hddm_alpha001_v2/polygonal_holes/sample_0118.npz,e0b81737032bd6118a094dfd0c6797f942b4d7ff21e1c6636fe9e0c0fa7456e2,0.006239434995222837,0.039715989432857236,0.541973519310077,0.6720609664916992,0.2714297369122505,0.5196881595253942
residual_v2,50,polygonal_holes,119,private-source://routeA_experiments/data/prospective_ood_rd_hddm_alpha001_v2/polygonal_holes/sample_0119.npz,274e7d80ddc1fb4c43974f1671c4b357b5fd97510b63ae2caa29395f57fb9bd2,0.007223191030789167,0.06651360175351113,0.8532448575621796,0.8569433391094208,0.4301876947283742,0.7363192555308341
residual_v2,50,polygonal_holes,120,private-source://routeA_experiments/data/prospective_ood_rd_hddm_alpha001_v2/polygonal_holes/sample_0120.npz,a6dd086ec33a9883183e8a146acf4fded479067a6034fee0630258588079fc8d,0.006263432034756988,0.04691805681673663,0.6592024758753176,0.8149474263191223,0.2922713488340377,0.6425479525327682
residual_v2,50,polygonal_holes,121,private-source://routeA_experiments/data/prospective_ood_rd_hddm_alpha001_v2/polygonal_holes/sample_0121.npz,ac81dd72fd79f7e2354039b8d04c60f5f5bbfca723e2447359de622ff26efbb1,0.007220948988106102,0.04849034498453799,0.9294839466616435,0.9486340582370758,0.18702825047075733,0.7052352517098187
residual_v2,50,polygonal_holes,122,private-source://routeA_experiments/data/prospective_ood_rd_hddm_alpha001_v2/polygonal_holes/sample_0122.npz,759193356a467c09e2b8edbb533e17359fce60da51877df5de5350a541b599c5,0.006372079020366073,0.05201656406712926,0.7755670568312848,0.8472248017787933,0.26366303861141194,0.6723307736217975
residual_v2,50,polygonal_holes,123,private-source://routeA_experiments/data/prospective_ood_rd_hddm_alpha001_v2/polygonal_holes/sample_0123.npz,043378324eecf8d22f90a8b04f7e31a6758753cb437e9e0dfbe72c96271d4ff4,0.0065724150044843554,0.03466105829269711,0.28963656742608695,0.4070690870285034,0.16278618052601812,0.2888742178305983
residual_v2,50,polygonal_holes,124,private-source://routeA_experiments/data/prospective_ood_rd_hddm_alpha001_v2/polygonal_holes/sample_0124.npz,cd51fc274b14dfb5fac39f5cfe064e526357b88b7d094e98b25666df1b414ebf,0.0072709929663687944,0.047877738789927286,0.4606352724196385,0.6469257175922394,0.23649935238063335,0.4536274090409278
residual_v2,50,polygonal_holes,125,private-source://routeA_experiments/data/prospective_ood_rd_hddm_alpha001_v2/polygonal_holes/sample_0125.npz,ed9c8de9705fd444fe459e4bfda13bcb047be60ede95d8334f14a4765b9738c1,0.0064037920092232525,0.05087802154387516,0.6288779547991828,0.7573147267103195,0.287904468178749,0.592848488986492
residual_v2,50,polygonal_holes,126,private-source://routeA_experiments/data/prospective_ood_rd_hddm_alpha001_v2/polygonal_holes/sample_0126.npz,665752506b08a3f3e3fe30b2921a1800be6cc7503caeb2bbb5078b9732f246a1,0.007175545964855701,0.05062227941849364,0.5553958385108327,0.6498610973358154,0.2502544581890106,0.5087313881516456
residual_v2,50,polygonal_holes,127,private-source://routeA_experiments/data/prospective_ood_rd_hddm_alpha001_v2/polygonal_holes/sample_0127.npz,c816a31178bdc5d064cf91181e9c7932847ba43e355ab3c1d6ccd62738e6e38a,0.006263130984734744,0.052586431799817444,0.7946852505986735,0.9506140351295471,0.2956359542906284,0.7710813513398168
residual_v2,50,polygonal_holes,128,private-source://routeA_experiments/data/prospective_ood_rd_hddm_alpha001_v2/polygonal_holes/sample_0128.npz,1ff4fae644b7094e6f782b7b687fd6b1fbd82aac67e72ea7769b3fb09fa6e48f,0.0071947749820537865,0.03994975227546269,0.3700014937554089,0.4116376042366028,0.20034716725349425,0.3414752013236284
residual_v2,50,polygonal_holes,129,private-source://routeA_experiments/data/prospective_ood_rd_hddm_alpha001_v2/polygonal_holes/sample_0129.npz,304ae224f67a5af8163de1ab49c40dd4fedca4580b143be96af616abffc6891f,0.006265635951422155,0.04522811884563099,0.6094306888778394,0.6988567113876343,0.26502749323844904,0.5421594578027724
residual_v2,50,polygonal_holes,130,private-source://routeA_experiments/data/prospective_ood_rd_hddm_alpha001_v2/polygonal_holes/sample_0130.npz,e1ce49f7ee7274aa7c46a7774918dbf0b33c86fdbf83110ebf21a577b52b49c2,0.007238906982820481,0.03494779946601236,0.3776748611789013,0.5071931481361389,0.17528233230113982,0.3565416520833969
residual_v2,50,polygonal_holes,131,private-source://routeA_experiments/data/prospective_ood_rd_hddm_alpha001_v2/polygonal_holes/sample_0131.npz,ed41aea98fee101c256811beb8de8b6cd7eaa2613cc541b40b00b980b3f85711,0.006498181028291583,0.02886641577184289,0.29223508981389423,0.4338856339454651,0.13933743759989736,0.31967908084392543
residual_v2,50,polygonal_holes,132,private-source://routeA_experiments/data/prospective_ood_rd_hddm_alpha001_v2/polygonal_holes/sample_0132.npz,f6a02e95496e34f2bd023b24cbfad8d8efcd430331804e20e35c1a3a87b3105a,0.007202629989478737,0.05225385204636571,0.6252906865716706,0.7820312231779099,0.29017353951930996,0.5686326760053635
residual_v2,50,polygonal_holes,133,private-source://routeA_experiments/data/prospective_ood_rd_hddm_alpha001_v2/polygonal_holes/sample_0133.npz,2d0b9657c30dbaee8ac6254ea143fd42d06b5d9334a9daae61f959b4d768189d,0.006250911043025553,0.044313401838096775,0.6568213304214136,0.7875872254371643,0.26046092808246607,0.6617644762992858
residual_v2,50,polygonal_holes,134,private-source://routeA_experiments/data/prospective_ood_rd_hddm_alpha001_v2/polygonal_holes/sample_0134.npz,6fc1d8ad41d98e5533dcb17000bd621df4413b0bc230e17a01f9f1042863dc00,0.007167428033426404,0.04051665090820267,0.3987756790816483,0.5666820704936981,0.20679709315299988,0.4064737746119499
residual_v2,50,polygonal_holes,135,private-source://routeA_experiments/data/prospective_ood_rd_hddm_alpha001_v2/polygonal_holes/sample_0135.npz,5f7f06f2a09a51cb1bdbf1f8f76c7dcebd7292b16ad5d06e2bd7e5e2a241a7b4,0.007208119961433113,0.04640231321323514,0.9184316523929998,0.931508868932724,0.17196500152349461,0.6584053543955086
residual_v2,50,polygonal_holes,136,private-source://routeA_experiments/data/prospective_ood_rd_hddm_alpha001_v2/polygonal_holes/sample_0136.npz,00531c0b831dc08973faac55a2933c5636dd9ca8276c59ce5b933fd5d249b087,0.0072022200329229236,0.04051612442483512,0.3676863668579998,0.5521701276302338,0.21098173111677165,0.3856748533248901
residual_v2,50,polygonal_holes,137,private-source://routeA_experiments/data/prospective_ood_rd_hddm_alpha001_v2/polygonal_holes/sample_0137.npz,d001d2eb3c3220ffed4f07f5378b2f2433947704e933286823ec2f721961990d,0.0071484100189991295,0.0423372626424028,0.47902203042998437,0.5723905265331268,0.25108330994844436,0.4427552208304405
residual_v2,50,polygonal_holes,138,private-source://routeA_experiments/data/prospective_ood_rd_hddm_alpha001_v2/polygonal_holes/sample_0138.npz,f220ed2d2bb7df025848597f7eaca2bacd1707ff56291afdc47c8afdf6b2c8b5,0.00705850898521021,0.047096185413236305,0.4456594021622667,0.6779530346393585,0.25444259643554634,0.4747276872396468
residual_v2,50,polygonal_holes,139,private-source://routeA_experiments/data/prospective_ood_rd_hddm_alpha001_v2/polygonal_holes/sample_0139.npz,17b888ed07f6657c9849c552aad413cfe46048c4c7895f05178724c0fa7f87ca,0.006300416018348187,0.056519655191380275,0.8402146089523743,0.9607349336147308,0.33842361010610994,0.7868183425068854
residual_v2,50,polygonal_holes,140,private-source://routeA_experiments/data/prospective_ood_rd_hddm_alpha001_v2/polygonal_holes/sample_0140.npz,e02540d429db3b7126f4bff11bc5fa61a336ec8a85e95e0c1221371ba5a47ef6,0.007211240998003632,0.05076077049424435,0.8017824352325227,0.9102979153394699,0.22130325362086292,0.5375930309295655
residual_v2,50,polygonal_holes,141,private-source://routeA_experiments/data/prospective_ood_rd_hddm_alpha001_v2/polygonal_holes/sample_0141.npz,bb22d84f5f6c83f45e1de2d4ab15f3186ec26d2a148f8904619bdd7a66c8171f,0.006463128956966102,0.05359392853102463,0.7547178859732749,0.8639456331729889,0.3759605519473552,0.727939857840538
residual_v2,50,polygonal_holes,142,private-source://routeA_experiments/data/prospective_ood_rd_hddm_alpha001_v2/polygonal_holes/sample_0142.npz,a1cc8c41b7c1a468be244e07ec2ff48e53d77459c7644d4e6eb2022f904ed782,0.006977154000196606,0.04646645090077224,0.7606848888880937,0.8577748984098434,0.259298681654036,0.6305771490186453
residual_v2,50,polygonal_holes,143,private-source://routeA_experiments/data/prospective_ood_rd_hddm_alpha001_v2/polygonal_holes/sample_0143.npz,4b97a95ed4fe7c8cb1b5fa7d4ef80edede472fcfc57e6cfa5eadb9c8a4df27a5,0.006272503000218421,0.05163373676406562,1.0021066683479138,0.9484328925609589,0.19614726342260835,0.7122193691134452
residual_v2,50,polygonal_holes,144,private-source://routeA_experiments/data/prospective_ood_rd_hddm_alpha001_v2/polygonal_holes/sample_0144.npz,3acfb67f378c2daf8e69098ba9558f45f6fc6a8a6e8672333f2e8c054a6bc2bf,0.0071782239829190075,0.051174936641030386,0.9720455319959291,0.9865850359201431,0.18356987293809646,0.6728019855916498
residual_v2,50,polygonal_holes,145,private-source://routeA_experiments/data/prospective_ood_rd_hddm_alpha001_v2/polygonal_holes/sample_0145.npz,b65d0851c245b707a2ac32228f305f7569c9d1859d64e5f4927b75c27e5a7c2b,0.006269699020776898,0.04608281560512018,0.5173440458031265,0.6855459809303284,0.2686296746134756,0.49354793965816496
residual_v2,50,polygonal_holes,146,private-source://routeA_experiments/data/prospective_ood_rd_hddm_alpha001_v2/polygonal_holes/sample_0146.npz,201b532444ea007bfb07628e9165c885156dffac34abbcb9c7006c661f8345f2,0.0064404080039821565,0.05291002732235938,0.7237578986353183,0.8959298133850098,0.3158283650875089,0.6751729077100753
residual_v2,50,polygonal_holes,147,private-source://routeA_experiments/data/prospective_ood_rd_hddm_alpha001_v2/polygonal_holes/sample_0147.npz,d9d3e2c0e75e05c8d6a983a93cdbeec7eefce5027ca61ee3fe73ed223cb22f7a,0.006990372959990054,0.058920692283462334,0.7730729592963549,0.8273082375526428,0.35080034583806974,0.6552581357955932
residual_v2,50,polygonal_holes,148,private-source://routeA_experiments/data/prospective_ood_rd_hddm_alpha001_v2/polygonal_holes/sample_0148.npz,fed8390888705bfd8ae6d9f074b0386d8310a40128ec7eed3742e6689c9930f5,0.006215972010977566,0.047076578100537114,0.6015368590056508,0.7483412027359009,0.30208921432495084,0.6172906497120857
residual_v2,50,polygonal_holes,149,private-source://routeA_experiments/data/prospective_ood_rd_hddm_alpha001_v2/polygonal_holes/sample_0149.npz,1fc1409b3b58a0ee4fe9462eb8610281be13a9e52d04be45b8155c8b093b6826,0.007161665009334683,0.04355120744687358,0.44032262667443695,0.5641145706176758,0.24889693707227703,0.4566015741229056
residual_v2,50,polygonal_holes,150,private-source://routeA_experiments/data/prospective_ood_rd_hddm_alpha001_v2/polygonal_holes/sample_0150.npz,2757539f9ec46c666cbf7b9c228a40503df7a8a8f2124fac5c87a43bd9ed14dc,0.006988636974710971,0.046198842718312864,0.932769364597021,0.9342430233955383,0.1648779693059623,0.6268399454653263
residual_v2,50,polygonal_holes,151,private-source://routeA_experiments/data/prospective_ood_rd_hddm_alpha001_v2/polygonal_holes/sample_0151.npz,891875b4effc70758dab8ca57b0d6819863a7b492d90d1bfdb2bd22bc48d0cad,0.007247639005072415,0.06307081791232526,0.7887970887554557,0.9125134646892548,0.37512357793748347,0.7721880030632019
residual_v2,50,polygonal_holes,152,private-source://routeA_experiments/data/prospective_ood_rd_hddm_alpha001_v2/polygonal_holes/sample_0152.npz,56b12d3d13026cd3288b7c1885cbd85b8a1bc4dc3f9807dd8858aa67d50f721d,0.006969381007365882,0.053661222093885054,0.6235947194893418,0.6941788047552109,0.27651483118534087,0.6022336541116237
residual_v2,50,polygonal_holes,153,private-source://routeA_experiments/data/prospective_ood_rd_hddm_alpha001_v2/polygonal_holes/sample_0153.npz,af02edfbeda154165dee016399e47068fbe6b8c0e34593331fe7bf97c763c6ed,0.00725221901666373,0.036875311308712196,0.31034915531657503,0.4572988748550415,0.1774684131145477,0.27515964329242687
residual_v2,50,polygonal_holes,154,private-source://routeA_experiments/data/prospective_ood_rd_hddm_alpha001_v2/polygonal_holes/sample_0154.npz,9f4d2ecf074b40c504140d8737b60ab86136700c126bd6eada3ce22b6faeb44d,0.006969027977902442,0.048515755104899264,1.0921315783308538,0.9615058749914169,0.1810963697673287,0.623731790408492
residual_v2,50,polygonal_holes,155,private-source://routeA_experiments/data/prospective_ood_rd_hddm_alpha001_v2/polygonal_holes/sample_0155.npz,b861e6158554f60e3b28f76ec9b128a9430ba6efcbba4fe54c56e55939f03657,0.007183253008406609,0.047307402633604875,0.5703064420656772,0.6645757257938385,0.3108729735016821,0.521362456381321
residual_v2,50,polygonal_holes,156,private-source://routeA_experiments/data/prospective_ood_rd_hddm_alpha001_v2/polygonal_holes/sample_0156.npz,14ef70e1036b06a4abd5ecf0c058f87e16a946222fa519b8f637fc45a36d83e7,0.0069706670474261045,0.03708148989961652,0.38487655801498605,0.5706046223640442,0.167370806634426,0.3339428740739822
residual_v2,50,polygonal_holes,157,private-source://routeA_experiments/data/prospective_ood_rd_hddm_alpha001_v2/polygonal_holes/sample_0157.npz,43dda95c9977101aa286a63d0342e83b3917f584fe93b176f50bf6a8863ee6ed,0.007242245017550886,0.03624031439150005,0.37230689057762495,0.6328955888748169,0.18892297744750974,0.4114332407712935
residual_v2,50,polygonal_holes,158,private-source://routeA_experiments/data/prospective_ood_rd_hddm_alpha001_v2/polygonal_holes/sample_0158.npz,d857465c10a280a070d862005f23339c491f8fbd2446b9a5938d6bcd7a0b3a1a,0.006972787028644234,0.04671894284091644,0.700851289976668,0.8146726489067078,0.267121374607086,0.6279695838689803
residual_v2,50,polygonal_holes,159,private-source://routeA_experiments/data/prospective_ood_rd_hddm_alpha001_v2/polygonal_holes/sample_0159.npz,f59261ba874c415e72210524ff86466ef1835ff128db62c36864a13b554ff470,0.007165138958953321,0.05240706817448275,0.7145769197647194,0.858712762594223,0.30518924593925445,0.7156190499663353
residual_v2,50,polygonal_holes,160,private-source://routeA_experiments/data/prospective_ood_rd_hddm_alpha001_v2/polygonal_holes/sample_0160.npz,39068f5d74d06b40549535b8f9ac00e3990cbbfd5ed4bbbfc7773dab1ec0dbbe,0.006968064000830054,0.05190411513033344,0.7952534024640692,0.9250869452953339,0.3283128492534158,0.7254751318693161
residual_v2,50,polygonal_holes,161,private-source://routeA_experiments/data/prospective_ood_rd_hddm_alpha001_v2/polygonal_holes/sample_0161.npz,e0831b7cf1e199a8bcddde4a7ba63fda2ec5358332f83876dc46e76b7a76fe72,0.007183242007158697,0.047025138715986195,0.8379632773650227,0.8901025354862213,0.21184076517820352,0.7103893236815929
residual_v2,50,polygonal_holes,162,private-source://routeA_experiments/data/prospective_ood_rd_hddm_alpha001_v2/polygonal_holes/sample_0162.npz,b57aaa46bc4b1f2b322a5c732792b6b0b627be08d494a2d21be8f93f764c1355,0.006971913040615618,0.04312896768775115,0.5019468982571333,0.5950974822044373,0.269982705079019,0.49989226475358006
residual_v2,50,polygonal_holes,163,private-source://routeA_experiments/data/prospective_ood_rd_hddm_alpha001_v2/polygonal_holes/sample_0163.npz,1a3ca61d865205982770fbfd89f746ec95c9b76d83a2d8a357c31ac000e4dac4,0.0070229319971986115,0.038177711787725964,0.3352098585621852,0.4443187117576599,0.17998103350400915,0.28082791119813916
residual_v2,50,polygonal_holes,164,private-source://routeA_experiments/data/prospective_ood_rd_hddm_alpha001_v2/polygonal_holes/sample_0164.npz,5d1ee014dbbe40884070a5a39acff629da86c4954a0b4ab2c84a9004a2202fd6,0.007115165004506707,0.0453250856680302,0.8944060984146579,0.8289065957069397,0.17104728934355065,0.6190997037291526
residual_v2,50,polygonal_holes,165,private-source://routeA_experiments/data/prospective_ood_rd_hddm_alpha001_v2/polygonal_holes/sample_0165.npz,259bca01e7e1d1c29bce2b41b1f1875945b910b6f1079e0f915a7977b1e9f893,0.006294374004937708,0.04234049809259229,0.5624945513531924,0.7031066119670868,0.2104462824761867,0.5203860011696815
residual_v2,50,polygonal_holes,166,private-source://routeA_experiments/data/prospective_ood_rd_hddm_alpha001_v2/polygonal_holes/sample_0166.npz,3d0e83e51a41e5c75d0f593269bfee27d32a16acbae58e27343d22ebcff431fa,0.006992011971306056,0.042268596630167396,0.49573818125287483,0.5664137303829193,0.2151351006701588,0.4448776918649673
residual_v2,50,polygonal_holes,167,private-source://routeA_experiments/data/prospective_ood_rd_hddm_alpha001_v2/polygonal_holes/sample_0167.npz,5a819bbcff1e88f2e84bade5f00f2f6aa0ce4917add5aa7ae2c972f7f2b2cd18,0.006281700974795967,0.05217324611871883,0.6581891441910049,0.7966638207435608,0.3108540549874304,0.6242792245745659
residual_v2,50,polygonal_holes,168,private-source://routeA_experiments/data/prospective_ood_rd_hddm_alpha001_v2/polygonal_holes/sample_0168.npz,a7cfabc5b8b40f9786fdf3721f364f746da39dc5df704ef1420678ea5be4ac01,0.0070834330399520695,0.05490210061916533,0.8792011661847257,0.9605341255664825,0.33071797043085077,0.7279496498405933
residual_v2,50,polygonal_holes,169,private-source://routeA_experiments/data/prospective_ood_rd_hddm_alpha001_v2/polygonal_holes/sample_0169.npz,f8b53cb3fd333ee1cb8d8489fc281f46ff7543a5218086725429358ac90c93cd,0.00642725097713992,0.07250715918643935,0.9136192787744285,1.0027265548706055,0.4438702113926404,0.8144401991367339
residual_v2,50,polygonal_holes,170,private-source://routeA_experiments/data/prospective_ood_rd_hddm_alpha001_v2/polygonal_holes/sample_0170.npz,531ec76af332ab8ef01be90231b69e059e9a8934f0f93d6913fbf46d169de030,0.006976309989113361,0.03229635377587733,0.2792174090746227,0.34163153171539307,0.1398756682872772,0.2339097052812576
residual_v2,50,polygonal_holes,171,private-source://routeA_experiments/data/prospective_ood_rd_hddm_alpha001_v2/polygonal_holes/sample_0171.npz,947ccbec00e5e3b68cdd69f3e3e633bff7ae1f93b4726f7be992a025d3253c92,0.006516793975606561,0.06200030210433463,0.7957117130645559,0.9563713669776917,0.33413344025611863,0.7647052842378615
residual_v2,50,polygonal_holes,172,private-source://routeA_experiments/data/prospective_ood_rd_hddm_alpha001_v2/polygonal_holes/sample_0172.npz,8f15a2b58c17b5976e89c7be705afee763ca28bc4cc10a072fc3068929a6a3fa,0.006976474018301815,0.05343115419569939,0.7583053610768212,0.8985642194747925,0.2746868938207626,0.6144732922315598
residual_v2,50,polygonal_holes,173,private-source://routeA_experiments/data/prospective_ood_rd_hddm_alpha001_v2/polygonal_holes/sample_0173.npz,44717b5111981b568d6b881d94fc32b107d2c09e4f89110f752fe8fd098ba1a9,0.00648417801130563,0.04213533678079792,0.3798880571513762,0.49284717440605164,0.22366874217987046,0.3190043839812279
residual_v2,50,polygonal_holes,174,private-source://routeA_experiments/data/prospective_ood_rd_hddm_alpha001_v2/polygonal_holes/sample_0174.npz,8b214cc2dccfbd9eeba4a0bbf1cf9592ace0d59fad777f0c1ef1da18aa1c1886,0.007189934956841171,0.0463644706586226,0.6232264380937901,0.765697717666626,0.2741539545357226,0.6234711754322052
residual_v2,50,polygonal_holes,175,private-source://routeA_experiments/data/prospective_ood_rd_hddm_alpha001_v2/polygonal_holes/sample_0175.npz,0704e3f9778f3aedbd42b0385e81de58d71e4c2be75d9f126126775ca2425f28,0.007117717002984136,0.038445367323610195,0.3587830904176945,0.4513484537601471,0.20304097831249238,0.3139681130647659
residual_v2,50,polygonal_holes,176,private-source://routeA_experiments/data/prospective_ood_rd_hddm_alpha001_v2/polygonal_holes/sample_0176.npz,a85484a8662f15305a5e709f13d1fa525a418acb00e7250756949427976b2dd8,0.007183416048064828,0.05095991611214408,0.7926901090635411,0.9195061922073364,0.2639257259666918,0.6184125050902366
residual_v2,50,polygonal_holes,177,private-source://routeA_experiments/data/prospective_ood_rd_hddm_alpha001_v2/polygonal_holes/sample_0177.npz,e0a3dc9763664c7fd06c84abf04a136fb5cdfe6c731d8094dd3d83ab720c189f,0.0062764540198259056,0.04843591633262992,0.9366884292860024,0.9360971450805664,0.1994082190096376,0.6679251274466512
residual_v2,50,polygonal_holes,178,private-source://routeA_experiments/data/prospective_ood_rd_hddm_alpha001_v2/polygonal_holes/sample_0178.npz,481ca6c6499705706c2f66d7e79f45ecb746cb561d6a77790784658abee41ffe,0.00709607097087428,0.051207984621411747,0.7503204751305478,0.8734452575445175,0.31511985063552844,0.6506701178848743
residual_v2,50,polygonal_holes,179,private-source://routeA_experiments/data/prospective_ood_rd_hddm_alpha001_v2/polygonal_holes/sample_0179.npz,e4bc203a85df9f9977404e82f55cafb59262bc1ce46ea6ffe3b6aa2d04c126dc,0.006979332014452666,0.0512252422120759,0.6605596757105889,0.731490433216095,0.32661127448081967,0.6332022786140442
residual_v2,50,polygonal_holes,180,private-source://routeA_experiments/data/prospective_ood_rd_hddm_alpha001_v2/polygonal_holes/sample_0180.npz,81b84fdac3eccbe8d0928bc38881f8a0dd9d9e18b35f8f47b20caa177985fd3b,0.007127357006538659,0.04725324945916988,0.8980910857193903,0.9386403858661652,0.17578847184777247,0.777141549885273
residual_v2,50,polygonal_holes,181,private-source://routeA_experiments/data/prospective_ood_rd_hddm_alpha001_v2/polygonal_holes/sample_0181.npz,5b6cc5d652fa4a1c887c4b0c1e164cd672bb9f5061ad1afead3751e70b213514,0.00638293701922521,0.05338158056372676,0.6950746950613174,0.7573601007461548,0.34822884947061533,0.6849438226222991
residual_v2,50,polygonal_holes,182,private-source://routeA_experiments/data/prospective_ood_rd_hddm_alpha001_v2/polygonal_holes/sample_0182.npz,30d7eccb6acfa738a9e0d813c59d9fc3e7a337f419dc39e253bd748b1985e200,0.006494892004411668,0.05821720211123319,0.8018120431067599,0.8754217326641083,0.3322136625647544,0.7189987903833389
residual_v2,50,polygonal_holes,183,private-source://routeA_experiments/data/prospective_ood_rd_hddm_alpha001_v2/polygonal_holes/sample_0183.npz,1373cf2f076ba6d96d76006b9bac7cafb13fe290e1c8db8eb0a021aa3ea6a877,0.007317731971852481,0.03378614870252502,0.34683747764252837,0.583977460861206,0.1789226189255714,0.29824193000793453
residual_v2,50,polygonal_holes,184,private-source://routeA_experiments/data/prospective_ood_rd_hddm_alpha001_v2/polygonal_holes/sample_0184.npz,ea319e2f477b8255fcaca1a8e04826d40a2c73352b1e4d184424b4c62b2442f5,0.007261453021783382,0.04803613919865048,0.716513803182607,0.8561581969261169,0.2921873465180396,0.7128213980793952
residual_v2,50,polygonal_holes,185,private-source://routeA_experiments/data/prospective_ood_rd_hddm_alpha001_v2/polygonal_holes/sample_0185.npz,d003b9495650cf787afd4d3ddc6d86135228d769f54ad6312a6280421a596e3a,0.00639589101774618,0.05134538131089621,0.9953656771693681,0.9310935437679291,0.1895918847993015,0.757549275010824
residual_v2,50,polygonal_holes,186,private-source://routeA_experiments/data/prospective_ood_rd_hddm_alpha001_v2/polygonal_holes/sample_0186.npz,842bbbe7603fa9c66898e0d3e41112951c43fa2013c25eff012bda7d90c34fc1,0.00715159100946039,0.04715224624106962,0.8877310758063007,0.8439846932888031,0.17260519927367565,0.6303217303752898
residual_v2,50,polygonal_holes,187,private-source://routeA_experiments/data/prospective_ood_rd_hddm_alpha001_v2/polygonal_holes/sample_0187.npz,cb2d55c7982505cee18ae54c10f3a2561c5ffa076d5725faf703948555a281cd,0.007156525971367955,0.04887264440020621,1.0730929453963094,0.9718510210514069,0.17496103645535183,0.6376938250660894
residual_v2,50,polygonal_holes,188,private-source://routeA_experiments/data/prospective_ood_rd_hddm_alpha001_v2/polygonal_holes/sample_0188.npz,f3741286ab69ced697a71881032f01ee4b24b51cbaa12f72c9ef12b3e4744498,0.006562307011336088,0.03724021084736099,0.3600953600810827,0.5137258768081665,0.2395785599946975,0.4068411636352539
residual_v2,50,polygonal_holes,189,private-source://routeA_experiments/data/prospective_ood_rd_hddm_alpha001_v2/polygonal_holes/sample_0189.npz,f7b805f25ec992fb94efd23e0f85f979f2cf9c135f8ef20d0de20cb17df22844,0.006982689956203103,0.046603067097893684,1.0069706910243321,0.9336874932050705,0.17183334277942772,0.6955526891350744
residual_v2,50,polygonal_holes,190,private-source://routeA_experiments/data/prospective_ood_rd_hddm_alpha001_v2/polygonal_holes/sample_0190.npz,dc1bbc2f69c79f99ee4574dff06f98bba6eb04d44fc3565781bf40b6efbb07e5,0.007141560025047511,0.061978597226785725,0.7395021611867886,0.8768818080425262,0.39441751539707154,0.6383261752128601
residual_v2,50,polygonal_holes,191,private-source://routeA_experiments/data/prospective_ood_rd_hddm_alpha001_v2/polygonal_holes/sample_0191.npz,f796f17a8112fa44e52a0f1a214586fb75df4a586120fd92593085ab7070cedd,0.0063307369709946215,0.04682015285627775,0.5065376347706431,0.6423405706882477,0.28354699611663814,0.526009935438633
residual_v2,50,polygonal_holes,192,private-source://routeA_experiments/data/prospective_ood_rd_hddm_alpha001_v2/polygonal_holes/sample_0192.npz,dda32192ec953c5b2b30b9664a031c0b2c32c18898206a837abd68a848dc6560,0.0071402189787477255,0.04006210615184727,0.4969439569389533,0.6234641373157501,0.24160865545272822,0.47960879802703854
residual_v2,50,polygonal_holes,193,private-source://routeA_experiments/data/prospective_ood_rd_hddm_alpha001_v2/polygonal_holes/sample_0193.npz,a0ecfb23ec91938da78978e535237a93cd3cdb1418404474f7a4b8e5e18ecb0e,0.006460902048274875,0.04576201619753495,0.40930239218338277,0.5582532286643982,0.23134256899356834,0.41098983377218246
residual_v2,50,polygonal_holes,194,private-source://routeA_experiments/data/prospective_ood_rd_hddm_alpha001_v2/polygonal_holes/sample_0194.npz,41a07014c34cd5ab4b6bf8fb836e352f25011d3d9ee8ab7718601b8708c98a50,0.007053648994769901,0.035786092774520106,0.32641500768568454,0.5085934698581696,0.1885389573872089,0.3032650572061538
residual_v2,50,polygonal_holes,195,private-source://routeA_experiments/data/prospective_ood_rd_hddm_alpha001_v2/polygonal_holes/sample_0195.npz,bd513e0febd4c5373d80e2b7dcdd2b9486ed4ac7e6bc9ee5eb9dc273983b9ffe,0.007422956987284124,0.05065530508098613,1.0519394373021471,0.9724480658769608,0.1696251733228564,0.757065167427063
residual_v2,50,polygonal_holes,196,private-source://routeA_experiments/data/prospective_ood_rd_hddm_alpha001_v2/polygonal_holes/sample_0196.npz,cb48f01e7dd800b18ce7cbe2c18858c2d9a44d38e5be7cf20f5254eafdbd0bf2,0.006985654996242374,0.04621729243901958,0.5415138316589779,0.7179757356643677,0.24832918494939796,0.5087559090554714
residual_v2,50,polygonal_holes,197,private-source://routeA_experiments/data/prospective_ood_rd_hddm_alpha001_v2/polygonal_holes/sample_0197.npz,d9edb4456fdfb320e3e8eddde4e164e04f26d3682accae421c9cb62372882d05,0.007082850963342935,0.04984312453757487,0.5158964717239237,0.6280167996883392,0.2853715687990188,0.5164563804864883
residual_v2,50,polygonal_holes,198,private-source://routeA_experiments/data/prospective_ood_rd_hddm_alpha001_v2/polygonal_holes/sample_0198.npz,2bb222fb19e2658b1507bbec54c6820e146fa9b42297978674b5e3f02f9f1c57,0.0069780159974470735,0.0428107697921031,0.48986361595547184,0.5711748600006104,0.25960288792848585,0.4835837450623512
residual_v2,50,polygonal_holes,199,private-source://routeA_experiments/data/prospective_ood_rd_hddm_alpha001_v2/polygonal_holes/sample_0199.npz,2eec775368a54d0cff3644f18d86a5d5b2aa3329ce09ee599ee904145cc74303,0.007056804024614394,0.04011814837529048,0.39582613098808744,0.49920785427093506,0.22447781562805172,0.3899764350056648
residual_v2,50,star_concave,0,private-source://routeA_experiments/data/prospective_ood_rd_hddm_alpha001_v2/star_concave/sample_0000.npz,009d2bb9aad63b794132f3b8fa2904650b88fb7b6b2d61561be4048deacc458b,0.005822042003273964,0.09831984126069503,0.7605032226907987,0.836077868938446,0.5335885286331175,0.7653232735395423
residual_v2,50,star_concave,1,private-source://routeA_experiments/data/prospective_ood_rd_hddm_alpha001_v2/star_concave/sample_0001.npz,4e70bd655e98ee3d6e109ea5eb742794f0fa72f85104a738094fee80b6acaf70,0.0066789480042643845,0.06905248048741626,0.3839429090884488,0.5100003778934479,0.32670731395483027,0.44238379776477843
residual_v2,50,star_concave,2,private-source://routeA_experiments/data/prospective_ood_rd_hddm_alpha001_v2/star_concave/sample_0002.npz,fb14453d8d3f30cf873c46a5e14b387674862f03260073cd0d05ebb7cb7f1faa,0.0058666219701990485,0.0921935870097788,0.8116453116040969,0.9086654186248779,0.5560135066509244,0.8254914033412935
residual_v2,50,star_concave,3,private-source://routeA_experiments/data/prospective_ood_rd_hddm_alpha001_v2/star_concave/sample_0003.npz,7b84face7333f39614fc62902f773a61730f623c80ef7fa990749cc5c4756204,0.006943627959117293,0.06247875476209233,0.4546172416209141,0.6695055663585663,0.3449782311916351,0.5067048728466035
residual_v2,50,star_concave,4,private-source://routeA_experiments/data/prospective_ood_rd_hddm_alpha001_v2/star_concave/sample_0004.npz,51a91eacf8ce921d71c6041d09cfae819f22d841cf2ffd3c2df664040d51186e,0.005803867010399699,0.07554359357424238,0.4086338490524529,0.5358431339263916,0.32598680257797236,0.47418000221252443
residual_v2,50,star_concave,5,private-source://routeA_experiments/data/prospective_ood_rd_hddm_alpha001_v2/star_concave/sample_0005.npz,6e222ada1b7d437bd5643c1ff273ebd5652f1f27b6415d45a1958ab41cdbedf5,0.006945903995074332,0.061541145120562,0.3026775337008751,0.4348974823951721,0.23107721805572504,0.36405900955200243
residual_v2,50,star_concave,6,private-source://routeA_experiments/data/prospective_ood_rd_hddm_alpha001_v2/star_concave/sample_0006.npz,b575a4b1e23727607195accc5ab1eb6869a2fe6423bab8f28602429896d7ffb8,0.005802003026474267,0.05955043841571212,0.3069930913199513,0.501005232334137,0.22369363903999276,0.34343998908996604
residual_v2,50,star_concave,7,private-source://routeA_experiments/data/prospective_ood_rd_hddm_alpha001_v2/star_concave/sample_0007.npz,f97196e6f221830b1e3373486ee49466c07c1eb5991df8cbb16605589a488f5d,0.006769881991203874,0.09465043185006071,0.6379481184514093,0.7872397899627686,0.4840262174606323,0.6925161457061766
residual_v2,50,star_concave,8,private-source://routeA_experiments/data/prospective_ood_rd_hddm_alpha001_v2/star_concave/sample_0008.npz,244ac733232159a2a5cf34edfc0a50b5a2b69b36712de1f4063f137198172f85,0.0058475249679759145,0.05895113078280999,0.35116733009792933,0.579390287399292,0.2688772156834603,0.4300189977884297
residual_v2,50,star_concave,9,private-source://routeA_experiments/data/prospective_ood_rd_hddm_alpha001_v2/star_concave/sample_0009.npz,865cc26d2e038bce27105da09cc105452f707c4d4a4472925cb326eed10ece20,0.006671454990282655,0.07973096390189169,0.5543411773310488,0.7158164978027344,0.4147478789091105,0.6233926612138748
residual_v2,50,star_concave,10,private-source://routeA_experiments/data/prospective_ood_rd_hddm_alpha001_v2/star_concave/sample_0010.npz,1f4c91ba0f07fa9f6a175cb7d943878655d47fdbdb5f2efeac3ac31f77329fcd,0.006225240009371191,0.059776018219819024,0.31074706389850676,0.4360724985599518,0.22153382003307343,0.32435567677021027
residual_v2,50,star_concave,11,private-source://routeA_experiments/data/prospective_ood_rd_hddm_alpha001_v2/star_concave/sample_0011.npz,d05537de94b82a7904e0ead39deb6c54104c0ef42cea8bd4e9988913d494a83b,0.006567204953171313,0.09447853803732299,0.7403013207598408,0.8867563605308533,0.501069408655166,0.763547058105469
residual_v2,50,star_concave,12,private-source://routeA_experiments/data/prospective_ood_rd_hddm_alpha001_v2/star_concave/sample_0012.npz,847d2b1c823f4408679f58979310ced7f8afe8a4c3b19a24d4319e73d2076d28,0.005756828002631664,0.07653496448254876,0.5608684022657521,0.771817147731781,0.4051212728023523,0.6249611365795121
residual_v2,50,star_concave,13,private-source://routeA_experiments/data/prospective_ood_rd_hddm_alpha001_v2/star_concave/sample_0013.npz,3fe68d6905e52aed96d1f6f6f4cbe94d1f51a46ec4751e2c26ac9892e870ac18,0.0066674340050667524,0.06911979231664069,0.3303150016518414,0.5186186730861664,0.2647950053215027,0.4318652403354643
residual_v2,50,star_concave,14,private-source://routeA_experiments/data/prospective_ood_rd_hddm_alpha001_v2/star_concave/sample_0014.npz,98f86dc2bf4c9917d734d87999b0e333966cb92d96944b9e3a10a574bc3370b9,0.00593303597997874,0.06915821627964712,0.7910807973383682,0.9066582024097443,0.358399736881256,0.7239436399936674
residual_v2,50,star_concave,15,private-source://routeA_experiments/data/prospective_ood_rd_hddm_alpha001_v2/star_concave/sample_0015.npz,fba340201e6025122f0cb1aa5a625e4ebb7a3504c0f9bf568c4b44c2453eab2f,0.0068652459885925055,0.08880041382804842,0.570561855133734,0.7977654933929443,0.4771282419562335,0.737185134291649
residual_v2,50,star_concave,16,private-source://routeA_experiments/data/prospective_ood_rd_hddm_alpha001_v2/star_concave/sample_0016.npz,11c4e40719a66e3ebb706e7cb800f94d382019f44e94ec85fe48ea3ec624cc4b,0.005889620049856603,0.06761219455307113,0.5132170728566051,0.6688008606433868,0.36441137045621874,0.6035047039389605
residual_v2,50,star_concave,17,private-source://routeA_experiments/data/prospective_ood_rd_hddm_alpha001_v2/star_concave/sample_0017.npz,534607ed78b318ae68ab40a4d9a3980e1a5c64084762fc4b8475968cab9bb3bd,0.00680290098534897,0.07881475612945554,0.778148249912856,0.9017267823219299,0.4635408163070664,0.7992753934860226
residual_v2,50,star_concave,18,private-source://routeA_experiments/data/prospective_ood_rd_hddm_alpha001_v2/star_concave/sample_0018.npz,7adaa9e1f0617e585e5d168eb48820003ec9fc031681cd26516d363ffd04328d,0.005833426024764776,0.09816967667793491,0.6763132663140276,0.764945387840271,0.5144880145788183,0.7223704594373699
residual_v2,50,star_concave,19,private-source://routeA_experiments/data/prospective_ood_rd_hddm_alpha001_v2/star_concave/sample_0019.npz,f3759305bef8481b2756c6d9ec9fee197aa11185d2fabb3a2e12ab02723ee5e0,0.006691411952488124,0.05973497804059911,0.29776241878926407,0.5558801591396332,0.2504139691591263,0.39303196817636493
residual_v2,50,star_concave,20,private-source://routeA_experiments/data/prospective_ood_rd_hddm_alpha001_v2/star_concave/sample_0020.npz,dfd07f4fdae3c4b6150501a4e95619273fb09daa59e9478d21c8464a21d2ffc6,0.005765821959357709,0.08830598157534288,0.703588506918818,0.8072453737258911,0.5112360149621963,0.7426972246170045
residual_v2,50,star_concave,21,private-source://routeA_experiments/data/prospective_ood_rd_hddm_alpha001_v2/star_concave/sample_0021.npz,3e932800183b8daa7efd551da65f2ff1400f15f2772817e610796baf64527c9a,0.0058297819923609495,0.07380347140368564,0.4610867437130749,0.6775618195533752,0.3539276272058488,0.5611679726839071
residual_v2,50,star_concave,22,private-source://routeA_experiments/data/prospective_ood_rd_hddm_alpha001_v2/star_concave/sample_0022.npz,e59220a03ee588f4d0e70933b8159e2126e45953cd84f648928aedb295e2d081,0.00571250100620091,0.09687366249873082,0.5712089822668748,0.6872039437294006,0.4846368372440338,0.6180868864059444
residual_v2,50,star_concave,23,private-source://routeA_experiments/data/prospective_ood_rd_hddm_alpha001_v2/star_concave/sample_0023.npz,17bae540596796b03e7a95a97ad0cf945587f7ff8e9f44c9cce961c2574b81b0,0.005799674021545798,0.1014819840720771,0.6539211866149445,0.8678190112113953,0.506715402007103,0.7466615170240407
residual_v2,50,star_concave,24,private-source://routeA_experiments/data/prospective_ood_rd_hddm_alpha001_v2/star_concave/sample_0024.npz,9f190b5fe5c1ddecf149bf3831ed66888f1e09a84d81196006c11f5c214d28c6,0.005824083986226469,0.07778352536073432,0.4948948305724882,0.6620318293571472,0.39442292600870127,0.5493904820084572
residual_v2,50,star_concave,25,private-source://routeA_experiments/data/prospective_ood_rd_hddm_alpha001_v2/star_concave/sample_0025.npz,2add91952026915ae8ee90b1f1626a327209949a94357811791d4add186f8b6b,0.005726849019993097,0.06986674213777122,0.44579403925602146,0.5654946565628052,0.35190975666046115,0.4967580145597459
residual_v2,50,star_concave,26,private-source://routeA_experiments/data/prospective_ood_rd_hddm_alpha001_v2/star_concave/sample_0026.npz,7c60403165ae348c442df8620e166f060722ffe55139cb507fb6b3b0315acd67,0.0061341190012171865,0.08880140793935053,0.7049654540439181,0.8142176270484924,0.5268685474991796,0.7450200158357618
residual_v2,50,star_concave,27,private-source://routeA_experiments/data/prospective_ood_rd_hddm_alpha001_v2/star_concave/sample_0027.npz,fcd28480ca1c369f591deb0760e991331bd2cf87de1f1ca707e06c2ffdf85715,0.005783273023553193,0.07402150325638189,0.4800821344305888,0.6182869374752045,0.38321658670902237,0.5218502664566026
residual_v2,50,star_concave,28,private-source://routeA_experiments/data/prospective_ood_rd_hddm_alpha001_v2/star_concave/sample_0028.npz,97d115498a24206fd9a94b8e6ea8743ffb7337ed20941efef291ca99b062fb3d,0.0058498530415818095,0.09535113047644111,0.747046771963491,0.8511823415756226,0.4883944623172282,0.7791663932800291
residual_v2,50,star_concave,29,private-source://routeA_experiments/data/prospective_ood_rd_hddm_alpha001_v2/star_concave/sample_0029.npz,b912306c3e4cf84f055f4027c6cbc49c3fe645a5fc0bf485bb647d711e1ff63b,0.006753401947207749,0.07572827952033362,0.4433738622020952,0.5830763280391693,0.3737979859113691,0.47228739798069014
residual_v2,50,star_concave,30,private-source://routeA_experiments/data/prospective_ood_rd_hddm_alpha001_v2/star_concave/sample_0030.npz,1bd349edcd0fe24a85799a24dcbb53d56be86031ab54fcf679a4c4fde7107b8f,0.006465675018262118,0.06456494479373383,0.4091127206863388,0.5465502142906189,0.3060789406299591,0.465740203857422
residual_v2,50,star_concave,31,private-source://routeA_experiments/data/prospective_ood_rd_hddm_alpha001_v2/star_concave/sample_0031.npz,3daaf895b3c605d8206001223ea51987d492384cfc95cffaef6b71828270eefc,0.007058592978864908,0.0666352257528174,0.4562369257796603,0.5588830709457397,0.34533230513334257,0.480883260965348
residual_v2,50,star_concave,32,private-source://routeA_experiments/data/prospective_ood_rd_hddm_alpha001_v2/star_concave/sample_0032.npz,49be9ff94661381e2571a267aba1a2060d7d7268dd348b9eb212f6af9b9674e3,0.0057638289872556925,0.08006568468293437,0.5932091395370223,0.7189648151397705,0.46486588567495335,0.6705895224213594
residual_v2,50,star_concave,33,private-source://routeA_experiments/data/prospective_ood_rd_hddm_alpha001_v2/star_concave/sample_0033.npz,e906aed2368936d827726997a5afb6856dea5ac228d3b90f881ec10af09186d9,0.005880755023099482,0.08393576879584268,0.6526477229704696,0.7823536992073059,0.47299000322818735,0.720671074390411
residual_v2,50,star_concave,34,private-source://routeA_experiments/data/prospective_ood_rd_hddm_alpha001_v2/star_concave/sample_0034.npz,ae0a839396f99c4485788322b985c85386b92669d4e870cd7a2410af15f5c24d,0.005878692027181387,0.07525407405237233,0.33100643165548443,0.4537075161933899,0.2949112728238106,0.39436179399490356
residual_v2,50,star_concave,35,private-source://routeA_experiments/data/prospective_ood_rd_hddm_alpha001_v2/star_concave/sample_0035.npz,fb59f617f0622c77d8fbb2f2fe1967a6c60ff2dc46aaa3b2084991efd399b23f,0.006531637976877391,0.08444387178859815,0.6359145238219247,0.7450298964977264,0.47147394418716393,0.6783093389868735
residual_v2,50,star_concave,36,private-source://routeA_experiments/data/prospective_ood_rd_hddm_alpha001_v2/star_concave/sample_0036.npz,528b84c8ea17fb027544a4127081236bfc722f3a0ec2d9cbe46edd1bbc9ae09d,0.005780104023870081,0.09477088435547946,0.743146412709793,0.8437095284461975,0.546289427578449,0.7729988515377042
residual_v2,50,star_concave,37,private-source://routeA_experiments/data/prospective_ood_rd_hddm_alpha001_v2/star_concave/sample_0037.npz,ce4278bd066e42581dd68ea2402f3e7e51495b54c38492e0d6cfe639baedcd5f,0.006528935977257788,0.0644248798728079,0.31233333806704044,0.4853556752204895,0.2596035674214363,0.38920112192630774
residual_v2,50,star_concave,38,private-source://routeA_experiments/data/prospective_ood_rd_hddm_alpha001_v2/star_concave/sample_0038.npz,6ba9092a7f68d6d13493fceadb5e908dc631b20b2a917da96f2634c547cb7849,0.005760782980360091,0.06627645783694669,0.32718757756052597,0.4851611852645874,0.2644758343696595,0.3876094120740893
residual_v2,50,star_concave,39,private-source://routeA_experiments/data/prospective_ood_rd_hddm_alpha001_v2/star_concave/sample_0039.npz,22652a3d0dc5499ddc059fd0199f955f000a9224a1f5619549bd84fa34b70755,0.007357558002695441,0.07455212949406842,0.47561222424799887,0.6280932128429413,0.39854026734828946,0.5534901806712151
residual_v2,50,star_concave,40,private-source://routeA_experiments/data/prospective_ood_rd_hddm_alpha001_v2/star_concave/sample_0040.npz,979af9334c1802b981da270d5875fa0c7b9ece1cdeae2d7ddab565fa7e35c3b0,0.005748752970248461,0.06857933430306382,0.48809050436014273,0.6699725985527039,0.3748510748147962,0.5912130293250083
residual_v2,50,star_concave,41,private-source://routeA_experiments/data/prospective_ood_rd_hddm_alpha001_v2/star_concave/sample_0041.npz,3e594e2e6d2ad746bc0157e3521e1d1f6090b162a1b92253789085a2dbb47654,0.006519749003928155,0.0763360147267584,0.46843050167803263,0.5875903367996216,0.3662970781326287,0.5230128455162044
residual_v2,50,star_concave,42,private-source://routeA_experiments/data/prospective_ood_rd_hddm_alpha001_v2/star_concave/sample_0042.npz,c4c10181a5a8723bab009727251b85f91867206e2a7e7b2f496d7cbd97bde9f3,0.0057396889897063375,0.09453933783526022,0.7090690491223267,0.8056950271129608,0.5126549288630481,0.7220984393358246
residual_v2,50,star_concave,43,private-source://routeA_experiments/data/prospective_ood_rd_hddm_alpha001_v2/star_concave/sample_0043.npz,60596fdaece0c19a7997da29479b7375b7dab588e93a500a17be8ad6540c5652,0.006717726006172597,0.08396554964380477,0.5097565885214694,0.5801354348659515,0.3976629227399826,0.5121984124183651
residual_v2,50,star_concave,44,private-source://routeA_experiments/data/prospective_ood_rd_hddm_alpha001_v2/star_concave/sample_0044.npz,1383081fd3815f2104988ac35e4d709121c4e13596804ade49dc4e610ea86679,0.006786280020605773,0.08557915416648201,0.5482194737413687,0.68569016456604,0.4418731823563576,0.6344150641560552
residual_v2,50,star_concave,45,private-source://routeA_experiments/data/prospective_ood_rd_hddm_alpha001_v2/star_concave/sample_0045.npz,023263165e13e05a212e40ecd70a27ba52200197231297219582d7e5bba3dbe2,0.006902712979353964,0.0635846500485636,0.3945590232702559,0.5031516849994659,0.3192108929157254,0.4508606725931165
residual_v2,50,star_concave,46,private-source://routeA_experiments/data/prospective_ood_rd_hddm_alpha001_v2/star_concave/sample_0046.npz,b15ee5f6922f4f24ee7033154d443e62434bd3a3733663097faabea670e06fc7,0.006520249007735401,0.06861167698082889,0.33350329092205316,0.5535005927085876,0.2502502351999281,0.4077438986301422
residual_v2,50,star_concave,47,private-source://routeA_experiments/data/prospective_ood_rd_hddm_alpha001_v2/star_concave/sample_0047.npz,0dd14136387bff8f2e808a1c1b23f92c0b77dcb3e67f86d25f7d8837c77575de,0.006849363970104605,0.07144761019971389,0.4570806429810514,0.557768315076828,0.38011659979820306,0.5262794506549832
residual_v2,50,star_concave,48,private-source://routeA_experiments/data/prospective_ood_rd_hddm_alpha001_v2/star_concave/sample_0048.npz,170d40f333deaba43a45d4d2ea6cd73468bae603f4b0069e39c6200efecb0bcf,0.006532630999572575,0.057739961084604476,0.2885036503170334,0.42035168409347534,0.21772408485412598,0.3116380333900454
residual_v2,50,star_concave,49,private-source://routeA_experiments/data/prospective_ood_rd_hddm_alpha001_v2/star_concave/sample_0049.npz,3baa64b964e40f4d041934f78d820db94115a9f893482d40b5eb2c6868bd541f,0.0064968959777615964,0.1066935574972426,0.7689703157079385,0.8773377537727356,0.5815771520137787,0.8261431455612186
residual_v2,50,star_concave,50,private-source://routeA_experiments/data/prospective_ood_rd_hddm_alpha001_v2/star_concave/sample_0050.npz,1736fc66548c7d2e863a00e32a752906c88a567b1201f17522a5ad4de2a710f4,0.006926772999577224,0.08937762914376995,0.6368840425226759,0.7797902822494507,0.45329297184944145,0.7160652190446853
residual_v2,50,star_concave,51,private-source://routeA_experiments/data/prospective_ood_rd_hddm_alpha001_v2/star_concave/sample_0051.npz,bbee14e14361425abba154c6f545f34a6bc8991bef7312742393d461406dd03c,0.0066060819663107395,0.06886823958636532,0.49662806504700013,0.7013863921165466,0.35024288594722736,0.5591940674185738
residual_v2,50,star_concave,52,private-source://routeA_experiments/data/prospective_ood_rd_hddm_alpha001_v2/star_concave/sample_0052.npz,ed45abe2c84a6a7a838830e4de837fa03cd05b8d959f2f8f0ce1a9d1d8665108,0.006528459023684263,0.10785882656466891,0.7352340819738534,0.8513715863227844,0.5867036223411557,0.770829963684082
residual_v2,50,star_concave,53,private-source://routeA_experiments/data/prospective_ood_rd_hddm_alpha001_v2/star_concave/sample_0053.npz,2cde7d03eeb67287459dbeac592a42bb82c4515f561e6dd2b826e65efe9946be,0.006583571957889944,0.04999758693688463,0.2651888447634201,0.4390825629234314,0.19779856503009793,0.35060917645692824
residual_v2,50,star_concave,54,private-source://routeA_experiments/data/prospective_ood_rd_hddm_alpha001_v2/star_concave/sample_0054.npz,4cba00e0ed66cb2ac4d45603705ee8ce4570c268262d907c90c92a3a53a03f37,0.005765796988271177,0.05714386792323549,0.2958019502235541,0.4832325577735901,0.24378413558006273,0.36260500907897963
residual_v2,50,star_concave,55,private-source://routeA_experiments/data/prospective_ood_rd_hddm_alpha001_v2/star_concave/sample_0055.npz,dce22efcf9ad447d20a4f5bed0795d0132c8276ec8fd03667f04f5c47805d3f3,0.006563995033502579,0.061844167161054696,0.3252247683201753,0.5227311849594116,0.26648742556571925,0.39229709506034705
residual_v2,50,star_concave,56,private-source://routeA_experiments/data/prospective_ood_rd_hddm_alpha001_v2/star_concave/sample_0056.npz,235646d85b8c07970a3d8b865ffe8b58eda9eb036fb639d49673bb58d73de474,0.005724302027374506,0.06374833811241759,0.3540251697088001,0.5109826326370239,0.25919460058212274,0.40588591635227184
residual_v2,50,star_concave,57,private-source://routeA_experiments/data/prospective_ood_rd_hddm_alpha001_v2/star_concave/sample_0057.npz,fba47c2f217c4b06672bfd7c97f817bd5a9470721ee275dd6011e375a632fe55,0.006588650983758271,0.0743584757587224,0.5226844063598483,0.676326721906662,0.414219081401825,0.579865202307701
residual_v2,50,star_concave,58,private-source://routeA_experiments/data/prospective_ood_rd_hddm_alpha001_v2/star_concave/sample_0058.npz,18c38148eac2df3c48d00500e74d23a957b100253e58db77dda149b67191d166,0.00620667397743091,0.08284561980925462,0.6081480323204599,0.7368457019329071,0.46688886284828185,0.637636795043946
residual_v2,50,star_concave,59,private-source://routeA_experiments/data/prospective_ood_rd_hddm_alpha001_v2/star_concave/sample_0059.npz,f9d7dc0bbca24cb8eb66c7b813db7c767b0d3758dcf605d732bbcb3fea82bdc9,0.006556472973898053,0.0787251475810576,0.5555196475684375,0.6870530843734741,0.4080853968858719,0.560826222896576
residual_v2,50,star_concave,60,private-source://routeA_experiments/data/prospective_ood_rd_hddm_alpha001_v2/star_concave/sample_0060.npz,ad8bdeb51e8207d14e6ab8946808203d53cfbcd39ebdfb58ff8542e60a2ce5f7,0.005987775977700949,0.0919692624898182,0.5392668659063641,0.7207971811294556,0.40917173922061917,0.5917380434274673
residual_v2,50,star_concave,61,private-source://routeA_experiments/data/prospective_ood_rd_hddm_alpha001_v2/star_concave/sample_0061.npz,6a8d098fa3cf0e8607b55e7b07d030a5a0586678285f123530f988ef18a29c9f,0.00655563100008294,0.07289090748016329,0.44904587202875873,0.49965494871139526,0.35697242617607117,0.4666281461715699
residual_v2,50,star_concave,62,private-source://routeA_experiments/data/prospective_ood_rd_hddm_alpha001_v2/star_concave/sample_0062.npz,af2aa6263843eda66dc7a1fab1c879ffb7c49c81b11d63bf66e6a1d95823b5c9,0.0067251709988340735,0.06825056949737736,0.33886401200853955,0.4442288875579834,0.2873305797576904,0.3657001793384553
residual_v2,50,star_concave,63,private-source://routeA_experiments/data/prospective_ood_rd_hddm_alpha001_v2/star_concave/sample_0063.npz,1d64b549093de73ce0aefc5a37a4f60e6d676c1cd705eb98d536ff5d4bef87a7,0.005906309001147747,0.07308716965472538,0.45504316352567786,0.5706358850002289,0.3615324899554253,0.49449970573186885
residual_v2,50,star_concave,64,private-source://routeA_experiments/data/prospective_ood_rd_hddm_alpha001_v2/star_concave/sample_0064.npz,df2e0d7751b94355ed613e5666bca2fb52173d2dcd42ae84fc71ea01084f44df,0.0067880559945479035,0.0901381961845088,0.5895018059148321,0.69035804271698,0.44819342046976074,0.6291476392745959
residual_v2,50,star_concave,65,private-source://routeA_experiments/data/prospective_ood_rd_hddm_alpha001_v2/star_concave/sample_0065.npz,6be62c8bf97c5e0d45b37e969d56e99f2cd1a93cbfa17aff04e3123165f38d67,0.005852219997905195,0.0718692881520086,0.3776122296331582,0.5032315254211426,0.31068780720233824,0.4483179360628128
residual_v2,50,star_concave,66,private-source://routeA_experiments/data/prospective_ood_rd_hddm_alpha001_v2/star_concave/sample_0066.npz,0b6d24abc0a7ac7e8c177054dfeb0fe09760ac17f68380edd5064919b3f5a1cb,0.006962790037505329,0.09441317765453175,0.7502646917404007,0.8528540730476379,0.5008121877908707,0.7512323170900348
residual_v2,50,star_concave,67,private-source://routeA_experiments/data/prospective_ood_rd_hddm_alpha001_v2/star_concave/sample_0067.npz,0ca774ec08694066988a6ae4ef908c7dfb68e93c52137929de1a67ca05e2995a,0.0058932669926434755,0.0689569024265047,0.33447194022713583,0.5362199544906616,0.27166863977909095,0.38444465160369873
residual_v2,50,star_concave,68,private-source://routeA_experiments/data/prospective_ood_rd_hddm_alpha001_v2/star_concave/sample_0068.npz,e76410fee1405db62c2b1b1129e514e7332ae0d1c54b743f299ee2fd119d95d8,0.006607756018638611,0.06057079221600863,0.5085919640056258,0.6270248591899872,0.3746504619717599,0.5222998905181886
residual_v2,50,star_concave,69,private-source://routeA_experiments/data/prospective_ood_rd_hddm_alpha001_v2/star_concave/sample_0069.npz,364b7c5d47826d22443658d1cb9c8b05008763aa6dd8a85bfa73678203751c21,0.005916922993492335,0.07618543999620529,0.506788629075097,0.6505631804466248,0.3965721413493156,0.5289920949935912
residual_v2,50,star_concave,70,private-source://routeA_experiments/data/prospective_ood_rd_hddm_alpha001_v2/star_concave/sample_0070.npz,7ae2d6139034f24d5fa0ecd56cf638c38a469593bfea66160f4a003c37c778af,0.006494236004073173,0.09782968900695019,0.7798624165783771,0.8680006861686707,0.5660865604877472,0.7894954681396484
residual_v2,50,star_concave,71,private-source://routeA_experiments/data/prospective_ood_rd_hddm_alpha001_v2/star_concave/sample_0071.npz,387823e996225fc808f345546490c6cfd199eedc7843a0aa5f39fe248acd4320,0.0059330619988031685,0.09845596243445288,0.7628868194964754,0.876503586769104,0.5478921681642532,0.7898703292012215
residual_v2,50,star_concave,72,private-source://routeA_experiments/data/prospective_ood_rd_hddm_alpha001_v2/star_concave/sample_0072.npz,35ccb4b6c6fd7f8c488468219502bff16e032bd7df63bc8f74d635a6bc181457,0.006888892035931349,0.053640757743998874,0.2600759069996293,0.455775648355484,0.2144568383693692,0.3263999176025385
residual_v2,50,star_concave,73,private-source://routeA_experiments/data/prospective_ood_rd_hddm_alpha001_v2/star_concave/sample_0073.npz,2738195cdbe5996a364285abc0046a1cb2d15377f53b9fe666c06434481dc2f6,0.005888601997867227,0.07598618819342265,0.8150925079303876,0.8931314051151276,0.39303630143403784,0.7426690793037416
residual_v2,50,star_concave,74,private-source://routeA_experiments/data/prospective_ood_rd_hddm_alpha001_v2/star_concave/sample_0074.npz,d0d1391ed00492cecce69dfa827b340324d88adf3a584bf7899bf2ea4cc0314a,0.006739163014572114,0.08958241955689196,0.7308320283939812,0.7972032725811005,0.4940522193908691,0.7434870925545692
residual_v2,50,star_concave,75,private-source://routeA_experiments/data/prospective_ood_rd_hddm_alpha001_v2/star_concave/sample_0075.npz,592a563399989b953ca42755b7dcf3082863fbc8512c089d574642d62bfa768f,0.006192574976012111,0.05898404216166195,0.33275185214098885,0.514489620923996,0.2686361998319625,0.43734563350677486
residual_v2,50,star_concave,76,private-source://routeA_experiments/data/prospective_ood_rd_hddm_alpha001_v2/star_concave/sample_0076.npz,833a3a6d3d9ddba1bac61edee72bfdfb032a4ad685b0cec46d80805537b407fb,0.005756091035436839,0.055370688909870104,0.2579752379860651,0.38804352283477783,0.2164764106273651,0.3032552808523175
residual_v2,50,star_concave,77,private-source://routeA_experiments/data/prospective_ood_rd_hddm_alpha001_v2/star_concave/sample_0077.npz,cfd4cb676fb49608dfc569217160e8783cceaeb7579e08c111f5b81d17f661e2,0.005832485971041024,0.08376553197433777,0.5601838773292517,0.6296194195747375,0.4535999000072479,0.5830138623714447
residual_v2,50,star_concave,78,private-source://routeA_experiments/data/prospective_ood_rd_hddm_alpha001_v2/star_concave/sample_0078.npz,7f023420213a2f7e2fd89a7dba911906863dce1e53ef77466750637ab128e623,0.005703350005205721,0.07002132603503264,0.48472498868256164,0.6548988223075867,0.36339428424835196,0.5558529686927787
residual_v2,50,star_concave,79,private-source://routeA_experiments/data/prospective_ood_rd_hddm_alpha001_v2/star_concave/sample_0079.npz,af0530854ecbd25049782a6643d0e28babcca47a66f81ffebbdeb2bee3d4add5,0.00580953701864928,0.07596278065090602,0.44199992347233447,0.6277814507484436,0.4016641229391098,0.5474880784749985
residual_v2,50,star_concave,80,private-source://routeA_experiments/data/prospective_ood_rd_hddm_alpha001_v2/star_concave/sample_0080.npz,0d8bf642f804cdb4c44ec3c97a7c8aa4aee2892c6e9e3f5615119b6231c98adb,0.005725566006731242,0.07395175265447254,0.4857130576147432,0.5857836306095123,0.39993353635072626,0.5494689497351642
residual_v2,50,star_concave,81,private-source://routeA_experiments/data/prospective_ood_rd_hddm_alpha001_v2/star_concave/sample_0081.npz,fcf2bf5bfee08e8bfdd64849976df45af7e75bffcb95d99bd5340ec6e971576b,0.005851039022672921,0.10327393021384625,0.7570366062471905,0.8438591063022614,0.5237757980823514,0.7487972772121422
residual_v2,50,star_concave,82,private-source://routeA_experiments/data/prospective_ood_rd_hddm_alpha001_v2/star_concave/sample_0082.npz,eecebee0f558d9151ce9118d6aed764ce2ca8fb51723395fa7340defaa974edd,0.005765427020378411,0.0643307954322589,0.8493419344853731,0.9235616326332092,0.3219845980405808,0.7528911381959916
residual_v2,50,star_concave,83,private-source://routeA_experiments/data/prospective_ood_rd_hddm_alpha001_v2/star_concave/sample_0083.npz,e5abdab9321ee56ed869ed460fa271c06a6390dc7c65469ad1fde0bfbc3f052e,0.006007442018017173,0.081206504787634,0.7450878741367098,0.8589756786823273,0.46113314479589457,0.7457652902603146
residual_v2,50,star_concave,84,private-source://routeA_experiments/data/prospective_ood_rd_hddm_alpha001_v2/star_concave/sample_0084.npz,42b2e9080004dd7e87c755cf533ee961aee427788297acc5e783f709e47baeb3,0.0070002879947423935,0.07523417322864115,0.48814740870987555,0.603212296962738,0.36006179749965617,0.5271645486354829
residual_v2,50,star_concave,85,private-source://routeA_experiments/data/prospective_ood_rd_hddm_alpha001_v2/star_concave/sample_0085.npz,307c7f1bcc7bff44abcc6a30dc1e3969ede6f73df314300a047b61ccf6c3a378,0.005882270983420312,0.08311125294664246,0.6503645611890854,0.7828032374382019,0.4393865466117859,0.7142249405384066
residual_v2,50,star_concave,86,private-source://routeA_experiments/data/prospective_ood_rd_hddm_alpha001_v2/star_concave/sample_0086.npz,b3bb0c62290c26c875c27ae948d6b587087d0569c3f356201eb0f22fdb2a3e09,0.007905717997346073,0.08719461682818318,0.636077609159584,0.750375360250473,0.4743380397558214,0.6668678510189057
residual_v2,50,star_concave,87,private-source://routeA_experiments/data/prospective_ood_rd_hddm_alpha001_v2/star_concave/sample_0087.npz,7dbf43fba15e26840cbf500867302ab7673d25663cd48115751bfd9162ec41f8,0.007018179981969297,0.07598349934287824,0.3414263233976594,0.5476005524396896,0.2706726670265196,0.40342214107513497
residual_v2,50,star_concave,88,private-source://routeA_experiments/data/prospective_ood_rd_hddm_alpha001_v2/star_concave/sample_0088.npz,46b403b9b0883fb6fafe6d706ff132a9019b0523c686f8c32b2cf73973dc110b,0.00660248298663646,0.08948432228662272,0.6396100578091244,0.7876221239566803,0.4855915784835813,0.6825754570960995
residual_v2,50,star_concave,89,private-source://routeA_experiments/data/prospective_ood_rd_hddm_alpha001_v2/star_concave/sample_0089.npz,4b05a4955d6129f9c7936385ebb4ab230f3bef639b45cb994afa8092d2aa1480,0.006943008047528565,0.09018680701872296,0.7690979174961232,0.8993387222290039,0.49355497360229444,0.7926027846336364
residual_v2,50,star_concave,90,private-source://routeA_experiments/data/prospective_ood_rd_hddm_alpha001_v2/star_concave/sample_0090.npz,562c2f1d56afdd8da2679e39e24f0681dfc71b8a722e546b74aa0f3f574a15bc,0.0065474220318719745,0.08959510006492413,0.6606935149721727,0.7742926776409149,0.4787155985832214,0.6917118883132932
residual_v2,50,star_concave,91,private-source://routeA_experiments/data/prospective_ood_rd_hddm_alpha001_v2/star_concave/sample_0091.npz,f841635f22b41963248fac05366396a38bf40de493e33e45588fb8fd0d09f968,0.006942161999177188,0.08269249720757542,0.6157305072500824,0.7562121450901031,0.4565039396286011,0.6556686359643936
residual_v2,50,star_concave,92,private-source://routeA_experiments/data/prospective_ood_rd_hddm_alpha001_v2/star_concave/sample_0092.npz,a4d8c9efc38c8dccdb95d6c4299d63e986137338f9a4d90ce862e166f09abfc5,0.006611074029933661,0.10091781100365817,0.6967623531052716,0.7969240546226501,0.5301232755184173,0.7361451271176337
residual_v2,50,star_concave,93,private-source://routeA_experiments/data/prospective_ood_rd_hddm_alpha001_v2/star_concave/sample_0093.npz,aaa767ef1eddfd044b5bf6a9fbef6b61dc5de5a86360570f0a77b5f524e97dce,0.006517063011415303,0.10063392702001164,0.7554959848317463,0.8607632219791412,0.517899473011493,0.783348598182201
residual_v2,50,star_concave,94,private-source://routeA_experiments/data/prospective_ood_rd_hddm_alpha001_v2/star_concave/sample_0094.npz,a154a56ddefca8edbcf263aff519e91ce0f4e58465c7717e79c68dc97d11b9cd,0.006621475040446967,0.059933500599643065,0.2921130319419556,0.5535202622413635,0.23168373107910156,0.37308243513107286
residual_v2,50,star_concave,95,private-source://routeA_experiments/data/prospective_ood_rd_hddm_alpha001_v2/star_concave/sample_0095.npz,610bda6ba90ca73114af1042f6933531fbea7cab4fd66994183455d85a6010af,0.006564394978340715,0.0783139928824312,0.4337770753485479,0.5271514356136322,0.38624487072229374,0.48726330518722544
residual_v2,50,star_concave,96,private-source://routeA_experiments/data/prospective_ood_rd_hddm_alpha001_v2/star_concave/sample_0096.npz,7917e7c1d6f0406fa9182f86bd5be59e3098f4dcff79f5930d3877b0a1e63145,0.006609457021113485,0.07898764517407342,0.577730161942726,0.6553612351417542,0.450977224111557,0.5724290072917938
residual_v2,50,star_concave,97,private-source://routeA_experiments/data/prospective_ood_rd_hddm_alpha001_v2/star_concave/sample_0097.npz,7d62afce33a59e7363d7fc907585bfe008936306d94881e9a078db26dc18157a,0.006582333997357637,0.08803595979462471,0.4704954306649133,0.5756827592849731,0.3707929253578186,0.4840701222419739
residual_v2,50,star_concave,98,private-source://routeA_experiments/data/prospective_ood_rd_hddm_alpha001_v2/star_concave/sample_0098.npz,82c3fdcc10ce0484d81abe39a21224cfecabe860524345fd21840bdeb8f08905,0.006532573024742305,0.06152251221013612,0.3930572873372587,0.4826890528202057,0.33253927528858185,0.43512471020221766
residual_v2,50,star_concave,99,private-source://routeA_experiments/data/prospective_ood_rd_hddm_alpha001_v2/star_concave/sample_0099.npz,42899fd8a5f5a539afe710561c1d64b294124afd2a7fa4d6bfdc8dbb4cf853ae,0.006532686995342374,0.05173541371356193,0.248715037690113,0.45892059803009033,0.19505403339862823,0.30060875415802024
residual_v2,50,star_concave,100,private-source://routeA_experiments/data/prospective_ood_rd_hddm_alpha001_v2/star_concave/sample_0100.npz,b2799e0a19e65139cf29cb348720c12f52c75ee9aecd3d993b39ffd6d77a7136,0.006577402004040778,0.1192516136934361,0.7364195365092745,0.8437333106994629,0.5894667103886604,0.7669828245043755
residual_v2,50,star_concave,101,private-source://routeA_experiments/data/prospective_ood_rd_hddm_alpha001_v2/star_concave/sample_0101.npz,77f5771f7fb6794527efaea4da878ab24f6c10142a63483a9d2d7d0cc360d2d1,0.006518109003081918,0.06634121347720638,0.3479071867606871,0.48970913887023926,0.30356505513191223,0.4064604669809339
residual_v2,50,star_concave,102,private-source://routeA_experiments/data/prospective_ood_rd_hddm_alpha001_v2/star_concave/sample_0102.npz,7809a5edfb14edaf519c2b3af3950525a2e8c8a8afca6a8cd20dad8cca2ff262,0.006667161011137068,0.09103353988334531,0.6208756399938563,0.7236910164356232,0.4597873389720917,0.6500729471445084
residual_v2,50,star_concave,103,private-source://routeA_experiments/data/prospective_ood_rd_hddm_alpha001_v2/star_concave/sample_0103.npz,1e622b0f01095983080bae30dd0105f2b63383dbb92566dee14bdc6b21842e3a,0.006543415016494691,0.08420048116503298,0.5878035497434511,0.737406313419342,0.45300751924514765,0.6558786308765411
residual_v2,50,star_concave,104,private-source://routeA_experiments/data/prospective_ood_rd_hddm_alpha001_v2/star_concave/sample_0104.npz,a586ef53200f2a2874d0bec4d38d819164ee1ad51b9a31172756a0acac53eb4f,0.006749783991836011,0.07392383147583455,0.47493730119640454,0.6247503161430359,0.3682950124144547,0.5452767747640607
residual_v2,50,star_concave,105,private-source://routeA_experiments/data/prospective_ood_rd_hddm_alpha001_v2/star_concave/sample_0105.npz,fbe036f3ba7e29c58ad15958277e4f0a631d9dbe9c9738a712d0e120979da252,0.006580647022929043,0.0681048854513106,0.3698278352976948,0.46183815598487854,0.30420265197753893,0.40009125858545314
residual_v2,50,star_concave,106,private-source://routeA_experiments/data/prospective_ood_rd_hddm_alpha001_v2/star_concave/sample_0106.npz,77ee446c4ec99eb4a4a69271d7442b40755008e0ba89f52f06102e4951fdcc97,0.006622196990065277,0.06430869967449969,0.4712084286193579,0.6356132626533508,0.3650372147560119,0.5564547014236434
residual_v2,50,star_concave,107,private-source://routeA_experiments/data/prospective_ood_rd_hddm_alpha001_v2/star_concave/sample_0107.npz,9909df5b2c8cb43975e27322a09dd30924b8b2486f3909f2d4c0263e6a420e1d,0.006795607972890139,0.0881996613540409,0.5974810137208676,0.652777761220932,0.4510481595993041,0.5981155779957771
residual_v2,50,star_concave,108,private-source://routeA_experiments/data/prospective_ood_rd_hddm_alpha001_v2/star_concave/sample_0108.npz,f14296487a120c18b86ed5166d56b76a1092cb2d50d54253bdd3df784730f435,0.006582423986401409,0.08385390977540756,0.5501376369645841,0.7223703861236572,0.44706493616104126,0.6185804605484009
residual_v2,50,star_concave,109,private-source://routeA_experiments/data/prospective_ood_rd_hddm_alpha001_v2/star_concave/sample_0109.npz,5efae8b79d62692fd4d6c11d4acd9743008b0f6f1cfb22f8da84314c1ee13027,0.006568834010977298,0.0710884809142928,0.39691484416292006,0.6184925138950348,0.3220805794000624,0.4636001929640773
residual_v2,50,star_concave,110,private-source://routeA_experiments/data/prospective_ood_rd_hddm_alpha001_v2/star_concave/sample_0110.npz,6bee368483186df489d00f012aa97037205449bd3f079d246194cff1b1db79de,0.006601981003768742,0.0849276849199635,0.5752533185681495,0.7788648009300232,0.40725463628768915,0.6843477338552476
residual_v2,50,star_concave,111,private-source://routeA_experiments/data/prospective_ood_rd_hddm_alpha001_v2/star_concave/sample_0111.npz,fd36365012b8b08fa6dc5f679418b95a812fb25fcf02da8f8a2d78a1da20b90c,0.006789817998651415,0.07048598560795852,0.44530537191510566,0.5854763090610504,0.3324340373277665,0.5157848447561264
residual_v2,50,star_concave,112,private-source://routeA_experiments/data/prospective_ood_rd_hddm_alpha001_v2/star_concave/sample_0112.npz,b196163e725c5f13e063b03c2f311a38a83498677188bbaf9ac548c04137ff1d,0.006574496976099908,0.07064870277540769,0.4814449113099523,0.5910305380821228,0.3600814804434774,0.47200416117906563
residual_v2,50,star_concave,113,private-source://routeA_experiments/data/prospective_ood_rd_hddm_alpha001_v2/star_concave/sample_0113.npz,7658116c35833629bbbdd3be7ac254197c8b3f70373a5754e1852a1c944adc54,0.0062606040155515075,0.054082073670218694,0.2575186384208396,0.43803074955940247,0.19417001903057093,0.2975898700952527
residual_v2,50,star_concave,114,private-source://routeA_experiments/data/prospective_ood_rd_hddm_alpha001_v2/star_concave/sample_0114.npz,8f464174cd05f745a11b44e72ec62293d308f5bfee0b7c4c97ee27afabc9bf12,0.00689427595352754,0.07169946650814024,0.43631277844049443,0.5680041015148163,0.3724201232194897,0.4771811431646347
residual_v2,50,star_concave,115,private-source://routeA_experiments/data/prospective_ood_rd_hddm_alpha001_v2/star_concave/sample_0115.npz,55f49c70429cd725bd076dc190ba781d383feb5f68c35cbb727215adf3ca2cec,0.0065366250346414745,0.09569727401275484,0.7835510191258969,0.9020565152168274,0.571560272574425,0.8374845576286314
residual_v2,50,star_concave,116,private-source://routeA_experiments/data/prospective_ood_rd_hddm_alpha001_v2/star_concave/sample_0116.npz,33ab98c78fdf1aa6324852fc2a61462352f31e540635776c19a0a5cb1b72349f,0.005811096983961761,0.05026495551253135,0.24753228630441051,0.3958922326564789,0.2068261206150055,0.2934001132845878
residual_v2,50,star_concave,117,private-source://routeA_experiments/data/prospective_ood_rd_hddm_alpha001_v2/star_concave/sample_0117.npz,63ca60b899abf7eb56048e8d86ac5f797ba727942040871be466de9220f807c3,0.006471749045886099,0.07045676592542621,0.5018385270169415,0.59842449426651,0.3553859740495682,0.5110278367996209
residual_v2,50,star_concave,118,private-source://routeA_experiments/data/prospective_ood_rd_hddm_alpha001_v2/star_concave/sample_0118.npz,5e1445f7a185641f6adb0d6871fb8cbda8664f8551f637d8f69b41e8462db0b1,0.005778629973065108,0.09656215572083948,0.6728946425150064,0.7929529845714569,0.515428780019283,0.7064470100402828
residual_v2,50,star_concave,119,private-source://routeA_experiments/data/prospective_ood_rd_hddm_alpha001_v2/star_concave/sample_0119.npz,781b03ef3e3e9f67cd090b7ccee86f87669c7a22a2e3aa0b82e4560d2b21820f,0.006450793007388711,0.08521641968962076,0.6661209330829447,0.724019467830658,0.46889068484306334,0.6255191799998282
residual_v2,50,star_concave,120,private-source://routeA_experiments/data/prospective_ood_rd_hddm_alpha001_v2/star_concave/sample_0120.npz,476685abe2472a157969c1f5a839fe7f1aded68fd5977ece1881cb5d6ed61345,0.005764211004134268,0.06936772497117409,0.47263584938055203,0.5685718357563019,0.3446788474917407,0.5391482105851171
residual_v2,50,star_concave,121,private-source://routeA_experiments/data/prospective_ood_rd_hddm_alpha001_v2/star_concave/sample_0121.npz,d44dd313ef06efdc53842cbcd25e7c94f8002b26269a8d974d6b4e2189c7cf49,0.0067955979611724615,0.07182856951033675,0.4518129322635213,0.6251518428325653,0.348239004611969,0.5083172619342806
residual_v2,50,star_concave,122,private-source://routeA_experiments/data/prospective_ood_rd_hddm_alpha001_v2/star_concave/sample_0122.npz,7c749504b1437233839eacfc2c94c00613d75381374e8f1ac33b9197daf4612f,0.006627815018873662,0.11887326748432145,0.7359361130177572,0.8046060800552368,0.5837377548217771,0.7395179724693299
residual_v2,50,star_concave,123,private-source://routeA_experiments/data/prospective_ood_rd_hddm_alpha001_v2/star_concave/sample_0123.npz,2f7b8f1084aa65d36f64bdfd0ad63dba1070e18b385551aaeeed4bd3345d07eb,0.006545273994561285,0.07874247201128273,0.5745120566927455,0.7576284408569336,0.39675481319427486,0.677757099866867
residual_v2,50,star_concave,124,private-source://routeA_experiments/data/prospective_ood_rd_hddm_alpha001_v2/star_concave/sample_0124.npz,ee8cc9c9780afa5d2b0a24922a73005506c2939875b3c50b69bf8b4fb4097be6,0.005854916991665959,0.07330611958808388,0.4655655571400413,0.5947766005992889,0.38974204361438736,0.5338640221953386
residual_v2,50,star_concave,125,private-source://routeA_experiments/data/prospective_ood_rd_hddm_alpha001_v2/star_concave/sample_0125.npz,95c3cac8c54fe43f20a59431a44f07cf020825ee735ba75cd2bc048b4c3859ba,0.006300306005869061,0.09761767352964693,0.7702071227163756,0.8619295656681061,0.5683410406112673,0.76783426195383
residual_v2,50,star_concave,126,private-source://routeA_experiments/data/prospective_ood_rd_hddm_alpha001_v2/star_concave/sample_0126.npz,92785828d21aa7474cbb2eead5c468fc662d8408973e402dbf64a5491b7aa6d3,0.005761243985034525,0.061412836687772726,0.27852441526652466,0.38540118932724,0.21632860898971573,0.3127754211425781
residual_v2,50,star_concave,127,private-source://routeA_experiments/data/prospective_ood_rd_hddm_alpha001_v2/star_concave/sample_0127.npz,6240432158188c6377d1af044607ddc0d26482f74bd3ca875898f7064546cc93,0.005821047001518309,0.08421209842920759,0.5911674225928967,0.764332115650177,0.4389849036931989,0.6291422498226166
residual_v2,50,star_concave,128,private-source://routeA_experiments/data/prospective_ood_rd_hddm_alpha001_v2/star_concave/sample_0128.npz,0b59ec75f4c8496864064dfb32ae8a9d4126678dbd85fe5bd0591e5216f96aad,0.005761466978583485,0.056748882622171176,0.2822299684824208,0.3867228627204895,0.22898833453655215,0.31313875436782873
residual_v2,50,star_concave,129,private-source://routeA_experiments/data/prospective_ood_rd_hddm_alpha001_v2/star_concave/sample_0129.npz,490cffc887e2ec71d5a39def540ee809507583f309dc44b073e953a6e4be1aae,0.005812759976834059,0.06934961351935047,0.40931496160981923,0.5269001126289368,0.3261891588568688,0.44590795636176944
residual_v2,50,star_concave,130,private-source://routeA_experiments/data/prospective_ood_rd_hddm_alpha001_v2/star_concave/sample_0130.npz,4d1e8d96d7fcb07225ed2c80819afd45bed479d7b0276561f62b212b99b225f9,0.005834030045662075,0.06480846120380382,0.37173417903973727,0.488857626914978,0.30896017104387274,0.41011877477169034
residual_v2,50,star_concave,131,private-source://routeA_experiments/data/prospective_ood_rd_hddm_alpha001_v2/star_concave/sample_0131.npz,e67f5f3314eb9639b1a29bc2cf34e4154f8c3a4c6aa5b1e046f23015f1913345,0.005761139967944473,0.07161136512456516,0.48488050225864715,0.6630183756351471,0.36825393140316004,0.5425140434503556
residual_v2,50,star_concave,132,private-source://routeA_experiments/data/prospective_ood_rd_hddm_alpha001_v2/star_concave/sample_0132.npz,efbafa19d305c98c4298b184f17160dd263aea854458f681e045011684a4500f,0.005780061997938901,0.10367691474613434,0.7465510590208453,0.8115874528884888,0.5669890508055685,0.752348128557205
residual_v2,50,star_concave,133,private-source://routeA_experiments/data/prospective_ood_rd_hddm_alpha001_v2/star_concave/sample_0133.npz,ac5b59374058467ba8a0e8d1038c302b291ebfe33dddcefd3485c09e5e9db034,0.006977603945415467,0.06863959074943643,0.38810314923446254,0.47263801097869873,0.3325081467628479,0.4310018420219422
residual_v2,50,star_concave,134,private-source://routeA_experiments/data/prospective_ood_rd_hddm_alpha001_v2/star_concave/sample_0134.npz,698cdfaf758c0ce8534b7887fe5c24d821ec04157ead34e39f7d1688a4d1fee6,0.006991141999606043,0.08532335825827528,0.5019875490619209,0.6451458036899567,0.44311595559120137,0.5575010865926743
residual_v2,50,star_concave,135,private-source://routeA_experiments/data/prospective_ood_rd_hddm_alpha001_v2/star_concave/sample_0135.npz,0d0c4a18379290c731fed21f2627bb012972aa932a5c0fa3600440ca617362f5,0.006855226005427539,0.08249085334343591,0.5014685167510339,0.6662823259830475,0.40621674060821555,0.5377236664295196
residual_v2,50,star_concave,136,private-source://routeA_experiments/data/prospective_ood_rd_hddm_alpha001_v2/star_concave/sample_0136.npz,a21474628f5ea2e01e6c6c31400fa79e80f00f083e5762d1d2ec8da62832bf51,0.006927687965799123,0.07067543370066823,0.453809422754017,0.5774740278720856,0.3457438722252846,0.4682530894875527
residual_v2,50,star_concave,137,private-source://routeA_experiments/data/prospective_ood_rd_hddm_alpha001_v2/star_concave/sample_0137.npz,32270c08d5c4d02df1b251216ac2ec68396e8de703996d34c566047242ecf071,0.006881101988255978,0.08022595826841548,0.7657196857965419,0.8487065136432648,0.45383052229881204,0.751291672885418
residual_v2,50,star_concave,138,private-source://routeA_experiments/data/prospective_ood_rd_hddm_alpha001_v2/star_concave/sample_0138.npz,56a5ba648e8989fd8e4fc2b097d1cf6bbd55365822d1df293d231a02772f474f,0.006901822984218597,0.07174154919914842,0.5140984452033134,0.7190832197666168,0.39156079292297363,0.5993816733360298
residual_v2,50,star_concave,139,private-source://routeA_experiments/data/prospective_ood_rd_hddm_alpha001_v2/star_concave/sample_0139.npz,50a825fb9f6a3ca2a14f234f813b84e2393c4954818d874df32d742dd2c44f7b,0.006313152029179037,0.07943914859685038,0.4934060931764188,0.640706479549408,0.40358421504497527,0.5223699060082436
residual_v2,50,star_concave,140,private-source://routeA_experiments/data/prospective_ood_rd_hddm_alpha001_v2/star_concave/sample_0140.npz,6eed5033eeb5de188451d9e26ad8eacf53f167e16caf0c850f271c37e72a7343,0.005840400001034141,0.06068630143571443,0.33355280935280784,0.42849647998809814,0.27772271633148193,0.37457056641578645
residual_v2,50,star_concave,141,private-source://routeA_experiments/data/prospective_ood_rd_hddm_alpha001_v2/star_concave/sample_0141.npz,a907cd099a64c8511634df9793e5009356b21e455167b82fc179a582273ad2e0,0.0065976359765045345,0.06447611657561808,0.31833902336984193,0.5590558350086212,0.25988483428955084,0.41921411037445067
residual_v2,50,star_concave,142,private-source://routeA_experiments/data/prospective_ood_rd_hddm_alpha001_v2/star_concave/sample_0142.npz,c351df90c2012fee03b759f7e74a2cc328cbd5e58c5ca8cb337cbb12147212f7,0.005762891029007733,0.07230272579478073,0.45555308859424204,0.5761115849018097,0.3876664265990257,0.5000079423189164
residual_v2,50,star_concave,143,private-source://routeA_experiments/data/prospective_ood_rd_hddm_alpha001_v2/star_concave/sample_0143.npz,098448b2527ae0bc73253fde5c87522c791cf59537cba8edcd6d7caf1b4e6865,0.006768675986677408,0.07941125671761984,0.8585773865395542,0.9658758640289307,0.4687240757048127,0.8194883373379707
residual_v2,50,star_concave,144,private-source://routeA_experiments/data/prospective_ood_rd_hddm_alpha001_v2/star_concave/sample_0144.npz,36e501d5cd401896953395e689dd63829d255ca199339df9d550472e654739f2,0.006764835969079286,0.06778482755221128,0.3586895387310488,0.45664021372795105,0.30575094670057296,0.4216675680875778
residual_v2,50,star_concave,145,private-source://routeA_experiments/data/prospective_ood_rd_hddm_alpha001_v2/star_concave/sample_0145.npz,0ad05974dcc3a0058ef1c0d09bc6dac91b0ff378c5f5b05dd51a53e776b533f1,0.006214550987351686,0.09778331873806972,0.7170418275590509,0.8700649738311768,0.5405401736497879,0.8052485808730125
residual_v2,50,star_concave,146,private-source://routeA_experiments/data/prospective_ood_rd_hddm_alpha001_v2/star_concave/sample_0146.npz,04fe2315b6738e155a6f486405ee2732ffd869607809f609396295991e3da6ca,0.0068723870208486915,0.09227078461519808,0.7623799639177223,0.8747039437294006,0.5218378663063049,0.776623077392578
residual_v2,50,star_concave,147,private-source://routeA_experiments/data/prospective_ood_rd_hddm_alpha001_v2/star_concave/sample_0147.npz,9bf550380294c2bbc3282540dbb56f5b988b488b234567a6ee8ced872a31ed48,0.00694266299251467,0.06343030746419222,0.4466895484276354,0.6320995688438416,0.32339423298835757,0.4915613824129106
residual_v2,50,star_concave,148,private-source://routeA_experiments/data/prospective_ood_rd_hddm_alpha001_v2/star_concave/sample_0148.npz,a001adad8040c93bc67319afa17cd043927ab409b2e313f15a99d6459047bba9,0.00619208300486207,0.0668054774910235,0.39074464988598284,0.5399855375289917,0.30667316317558213,0.45095593690872193
residual_v2,50,star_concave,149,private-source://routeA_experiments/data/prospective_ood_rd_hddm_alpha001_v2/star_concave/sample_0149.npz,b1137e6b1881fb85aa272787edec47cc66bdc286b602033c5c62eca8ca8eb42f,0.006868480995763093,0.08016913729705538,0.5874393643454788,0.6402179002761841,0.422363990545273,0.6169302594661713
residual_v2,50,star_concave,150,private-source://routeA_experiments/data/prospective_ood_rd_hddm_alpha001_v2/star_concave/sample_0150.npz,1a1346fbc7a0a6b7a450694616d1bed605f9aea6a06aa42f6b0fc13fc0c1b237,0.006905445014126599,0.06051449004829179,0.2794497179215487,0.4423198103904724,0.2323153644800187,0.3706074798107148
residual_v2,50,star_concave,151,private-source://routeA_experiments/data/prospective_ood_rd_hddm_alpha001_v2/star_concave/sample_0151.npz,0c37adba479d7c1e405d14ee8ca362906b22789dcd73cd0025cea686b9d5868f,0.006182815995998681,0.10375847870606139,0.6894799950049105,0.8085086345672607,0.541566975414753,0.733096265196799
residual_v2,50,star_concave,152,private-source://routeA_experiments/data/prospective_ood_rd_hddm_alpha001_v2/star_concave/sample_0152.npz,493bd2253a0889cc50e1ea615e373a8197fb7e27b206ad5689e02586553e761d,0.006973960029426962,0.05743538914049977,0.25815769736704947,0.3669678270816803,0.18356043100357056,0.29502020478248625
residual_v2,50,star_concave,153,private-source://routeA_experiments/data/prospective_ood_rd_hddm_alpha001_v2/star_concave/sample_0153.npz,ac82ba7a6e4d926236266e27b4eb944cfbb25cd0f65fa764d0c5b34ba6446fbc,0.0063392980373464525,0.07497806454696843,0.47482898695816306,0.6210877001285553,0.36880831420421595,0.4898099267482758
residual_v2,50,star_concave,154,private-source://routeA_experiments/data/prospective_ood_rd_hddm_alpha001_v2/star_concave/sample_0154.npz,5b375d8a82047d688b8f0bc6d7eda5883b59ffd29e73eda4a65465ff28977100,0.006933421012945473,0.07248248712591264,0.46448006822261295,0.5408932566642761,0.38782355785369815,0.4668453443050384
residual_v2,50,star_concave,155,private-source://routeA_experiments/data/prospective_ood_rd_hddm_alpha001_v2/star_concave/sample_0155.npz,c227feb4bc838ca459c2cdb6c2fe08d3c97cd3c54cb120325b6eb8829f0427da,0.005832005990669131,0.07121949996951173,0.42715238607658756,0.5590315163135529,0.3831777736544607,0.47191450655460326
residual_v2,50,star_concave,156,private-source://routeA_experiments/data/prospective_ood_rd_hddm_alpha001_v2/star_concave/sample_0156.npz,d7923a77a7cd74c3df6621aa963a43fdaad4ae9ab5641757571ff70cccab19c3,0.006813813000917435,0.09774326437057289,0.6032064548320492,0.7504265606403351,0.4674168556928636,0.6098468095064165
residual_v2,50,star_concave,157,private-source://routeA_experiments/data/prospective_ood_rd_hddm_alpha001_v2/star_concave/sample_0157.npz,bf1ed5ee95cebaaeec4337c10cbb37257a3764baccb51eb2db3b192c4b7f0705,0.0057827369892038405,0.09025118668077563,0.6128035192372151,0.6979414820671082,0.4753531843423839,0.6680691400170327
residual_v2,50,star_concave,158,private-source://routeA_experiments/data/prospective_ood_rd_hddm_alpha001_v2/star_concave/sample_0158.npz,2d48518d53f1d4302822bc23c36b8e9a725fccad2e348f481c1965dc1fd043e7,0.006958382029552013,0.0847406199227764,0.48427916145560845,0.6103745400905609,0.3977517783641815,0.5501138269901276
residual_v2,50,star_concave,159,private-source://routeA_experiments/data/prospective_ood_rd_hddm_alpha001_v2/star_concave/sample_0159.npz,afeaff165894f7669804972e11c2e6e7574a89f195a0fedaba5dcc77e4915143,0.006481838994659483,0.08170569305647118,0.6339916737968001,0.8202122449874878,0.4466268628835678,0.6953585946559906
residual_v2,50,star_concave,160,private-source://routeA_experiments/data/prospective_ood_rd_hddm_alpha001_v2/star_concave/sample_0160.npz,93d98230e4954693c935e7b6a7af76c2fa25aefb83d1da6027d6e69f2937d6be,0.006234547996427864,0.06641729747817196,0.42529435636325136,0.5609528124332428,0.3298106312751773,0.46105869531631444
residual_v2,50,star_concave,161,private-source://routeA_experiments/data/prospective_ood_rd_hddm_alpha001_v2/star_concave/sample_0161.npz,00e0f59193a483fa4f91a44aba4dc7a7d193df42292ed52da041457e2e87fce9,0.006287408992648125,0.07246855629231261,0.3425970443278113,0.47638624906539917,0.2682536691427231,0.37403716146945964
residual_v2,50,star_concave,162,private-source://routeA_experiments/data/prospective_ood_rd_hddm_alpha001_v2/star_concave/sample_0162.npz,73adab284c949cf7286e1d55e2f7271f8e574888733c538e9bd6c7126210d7dc,0.006885615992359817,0.07494230303462028,0.46311931929303995,0.6057948470115662,0.3422889918088911,0.5279906767606728
residual_v2,50,star_concave,163,private-source://routeA_experiments/data/prospective_ood_rd_hddm_alpha001_v2/star_concave/sample_0163.npz,62f2fdf3ad685d63e6744d4c87f1be77f5f4f173f3ac97973519283437aec8be,0.005807511042803526,0.07250058412099356,0.3714393882237232,0.5681254267692566,0.29518179893493635,0.4989097261428833
residual_v2,50,star_concave,164,private-source://routeA_experiments/data/prospective_ood_rd_hddm_alpha001_v2/star_concave/sample_0164.npz,9d5ca7a47c569f8001da60474a5d5cd6410704b0b88a94c1bbb617a3ff070b6f,0.005938138987403363,0.06100190612848594,0.3292152831603507,0.435080349445343,0.25428910851478587,0.36755145430564823
residual_v2,50,star_concave,165,private-source://routeA_experiments/data/prospective_ood_rd_hddm_alpha001_v2/star_concave/sample_0165.npz,29665dc936a4f0885b352ba542d5b84c26ef8365b7471657a0b18a6199a4ec20,0.0067585689830593765,0.08652742718541771,0.7956023755702634,0.8868588805198669,0.5394084677100177,0.7954891154170042
residual_v2,50,star_concave,166,private-source://routeA_experiments/data/prospective_ood_rd_hddm_alpha001_v2/star_concave/sample_0166.npz,cc601404792128ea7fb0b9e382daf4044b16752726051d33d189af92b63e9219,0.006627830967772752,0.08750702927887702,0.6195762396660371,0.7798612117767334,0.4219983458518981,0.6274499022960665
residual_v2,50,star_concave,167,private-source://routeA_experiments/data/prospective_ood_rd_hddm_alpha001_v2/star_concave/sample_0167.npz,9fee3ab4e68d3386753b768109d90049f0d9ab17092f3bad0ae4e29e01fdff2e,0.0064688039710745215,0.09130837156219294,0.5781029524493962,0.742523729801178,0.47968049347400665,0.6467652648687358
residual_v2,50,star_concave,168,private-source://routeA_experiments/data/prospective_ood_rd_hddm_alpha001_v2/star_concave/sample_0168.npz,5b47765a6290b94b7d7ff73de6aabe979deba65e29f667e2494d93f1fe8e4c53,0.006847445969469845,0.10190200302632195,0.7643124754314502,0.8678348660469055,0.540136992931366,0.749668091535563
residual_v2,50,star_concave,169,private-source://routeA_experiments/data/prospective_ood_rd_hddm_alpha001_v2/star_concave/sample_0169.npz,67bb298709d810bd66de79e3e631cbfe3470c51d81de1358148a67ea69a6734a,0.006820085982326418,0.06892166523379464,0.40949881221827994,0.576939046382904,0.34623746275901796,0.47218878984451257
residual_v2,50,star_concave,170,private-source://routeA_experiments/data/prospective_ood_rd_hddm_alpha001_v2/star_concave/sample_0170.npz,ea79ed68e7fcbed7d4821fb08f6d31cd221c7d535e9e6e347dbabbc6c225268f,0.006811132014263421,0.06487548690268218,0.3759237915339627,0.6258693635463715,0.30328980088233964,0.48479739665985044
residual_v2,50,star_concave,171,private-source://routeA_experiments/data/prospective_ood_rd_hddm_alpha001_v2/star_concave/sample_0171.npz,4dce99e393c3f3aeec70b32543086cd0503997a3c73bb6088a2ea5028ddb609e,0.006837384018581361,0.06704353833848807,0.29735267100994567,0.47839096188545227,0.2247525155544281,0.34577030986547497
residual_v2,50,star_concave,172,private-source://routeA_experiments/data/prospective_ood_rd_hddm_alpha001_v2/star_concave/sample_0172.npz,95062a2be872adfe3d433448a364573f1dcc6d23c46c7283098e1ff3266aa2cb,0.006877970998175442,0.06730214370139778,0.37149508350325205,0.451715350151062,0.31276965141296387,0.3975009322166451
residual_v2,50,star_concave,173,private-source://routeA_experiments/data/prospective_ood_rd_hddm_alpha001_v2/star_concave/sample_0173.npz,f973c30b18b35d7e13fca880aa62b6d77b406606fa79bcf4e05ea9a183aaf747,0.006374821008648723,0.08631306666158045,0.6734378476187793,0.7666992545127869,0.5227113142609596,0.705896645784378
residual_v2,50,star_concave,174,private-source://routeA_experiments/data/prospective_ood_rd_hddm_alpha001_v2/star_concave/sample_0174.npz,da423e7fb1017a419fd9e39c9877f0fe4936a8ade7a8744fb4d05f24020d1525,0.006599753978662193,0.07295074944965883,0.35728020200483024,0.4905632436275482,0.2796591460704801,0.3965983378887175
residual_v2,50,star_concave,175,private-source://routeA_experiments/data/prospective_ood_rd_hddm_alpha001_v2/star_concave/sample_0175.npz,be6a60f58fa788e5509f48f70ce14bcccc9e8f4e06b149f5ea02f032e86a0c01,0.0058369220350869,0.07175538871586608,0.4948841176846253,0.6190265715122223,0.37110207974910736,0.5104147627949717
residual_v2,50,star_concave,176,private-source://routeA_experiments/data/prospective_ood_rd_hddm_alpha001_v2/star_concave/sample_0176.npz,8bca2d2f749dcf57abe9c29c0e66817254b5dd336a1895b563295dbe661c1ac8,0.00631551502738148,0.09117065063863274,0.662700476649183,0.7651132047176361,0.5055532157421112,0.7138419747352603
residual_v2,50,star_concave,177,private-source://routeA_experiments/data/prospective_ood_rd_hddm_alpha001_v2/star_concave/sample_0177.npz,c146dae9f67d3f4d0626465827bfbba0af9e30abda534b39cabbf5dc3afd7c2b,0.006770659994799644,0.08650253731147746,0.6991561816186486,0.7731744050979614,0.45100483298301697,0.707254868745804
residual_v2,50,star_concave,178,private-source://routeA_experiments/data/prospective_ood_rd_hddm_alpha001_v2/star_concave/sample_0178.npz,567152031c4a0bb7383960f1716de7f47aaa09e1c18c4a8edc5894592a36008b,0.005827101995237172,0.08902999934603543,0.6070427092841285,0.6888965368270874,0.4978086769580843,0.6289590439200402
residual_v2,50,star_concave,179,private-source://routeA_experiments/data/prospective_ood_rd_hddm_alpha001_v2/star_concave/sample_0179.npz,c19450a9dbc614eb8e816ca15caa11f305314c88880e41a46b7a06a76270e9ef,0.006488481012638658,0.09784546198673837,0.74463767326686,0.8538704514503479,0.5243359506130219,0.7796203792095188
residual_v2,50,star_concave,180,private-source://routeA_experiments/data/prospective_ood_rd_hddm_alpha001_v2/star_concave/sample_0180.npz,979feb1dc5c9097d8b179d7c9936fa43ca9a7ad06aef8e9ddfd57ec83d56543b,0.005739707965403795,0.06281306721411586,0.343346865038587,0.4974904954433441,0.2863689139485359,0.40358675569295804
residual_v2,50,star_concave,181,private-source://routeA_experiments/data/prospective_ood_rd_hddm_alpha001_v2/star_concave/sample_0181.npz,9c2177662c7e7706987e5b9fc840e754df3531627695145c95cb0168891b0ec3,0.005811979004647583,0.09681178849086475,0.724235749702651,0.8235189914703369,0.5548139214515686,0.7447402760386465
residual_v2,50,star_concave,182,private-source://routeA_experiments/data/prospective_ood_rd_hddm_alpha001_v2/star_concave/sample_0182.npz,8e1f45388232b975857cf0eb5e800633511cd0fdc84fcac39506fd7ab06dd0ea,0.006318425002973527,0.07924930261774259,0.7306620214991758,0.8573959469795227,0.4286762624979019,0.7625401318073272
residual_v2,50,star_concave,183,private-source://routeA_experiments/data/prospective_ood_rd_hddm_alpha001_v2/star_concave/sample_0183.npz,f6af694d75d001d3c452801ea94aa82b47a2951f62861ba1a2885df85ec62b14,0.00603406602749601,0.06469841587026309,0.2941153470052798,0.3769106864929199,0.218118354678154,0.31642062962055206
residual_v2,50,star_concave,184,private-source://routeA_experiments/data/prospective_ood_rd_hddm_alpha001_v2/star_concave/sample_0184.npz,80d8e656007fb51095a1c187bc0dabfc69020fb316baf6af22ca45bdd6eedb55,0.006140479992609471,0.07693999058112605,0.49743007673421785,0.6393246352672577,0.37663089483976364,0.55676324814558
residual_v2,50,star_concave,185,private-source://routeA_experiments/data/prospective_ood_rd_hddm_alpha001_v2/star_concave/sample_0185.npz,b5b247991e1e38b65af33f6e252ad30525ed1c2bb81d00bb8d67895a71fe25cc,0.006841605005320162,0.09070087481521172,0.7149697482217944,0.8528391718864441,0.4822104468941682,0.7642199277877804
residual_v2,50,star_concave,186,private-source://routeA_experiments/data/prospective_ood_rd_hddm_alpha001_v2/star_concave/sample_0186.npz,9cb3e8ed6dd35a1f1bd2884d7ccc37720ce91f97c87bb62db2bc7319ed7fa9ce,0.00623981497483328,0.08269601213401749,0.5425699981000323,0.6102721691131592,0.43965766429901115,0.5748906898498536
residual_v2,50,star_concave,187,private-source://routeA_experiments/data/prospective_ood_rd_hddm_alpha001_v2/star_concave/sample_0187.npz,b8a01e68369ac0ae2301cde85ae4523b06b6f852ccb68151c27e7b7a2e264805,0.006216614972800016,0.04876735778517735,0.2766758503680414,0.46302080154418945,0.21678569912910461,0.34242326021194525
residual_v2,50,star_concave,188,private-source://routeA_experiments/data/prospective_ood_rd_hddm_alpha001_v2/star_concave/sample_0188.npz,402356ecf909dc7f80ce7a4fb74b2796d69e54097bc2e4bf1d0affd48a478691,0.006805624987464398,0.08638133565652144,0.4527650966657774,0.6286923885345459,0.3641195029020301,0.5249745655059815
residual_v2,50,star_concave,189,private-source://routeA_experiments/data/prospective_ood_rd_hddm_alpha001_v2/star_concave/sample_0189.npz,5d3af4e72fcbfb55abad2633b7b50c6ff1698d6149444cbb224faeb9fb80f7e1,0.006399287027306855,0.08263855315418914,0.4806154900393954,0.6001020073890686,0.3898012459278105,0.49840631425380694
residual_v2,50,star_concave,190,private-source://routeA_experiments/data/prospective_ood_rd_hddm_alpha001_v2/star_concave/sample_0190.npz,64ee3e78ef955d620e48dfc0c0575b217089daaeb07f6fd6b698b494d20cdc97,0.005948702048044652,0.08511732935556027,0.6399118518729809,0.7837129831314087,0.44870856404304515,0.6728867852687822
residual_v2,50,star_concave,191,private-source://routeA_experiments/data/prospective_ood_rd_hddm_alpha001_v2/star_concave/sample_0191.npz,6b6e2f1ef2a5225659b22dd222cfdeb623e3a9d34d146460b1201ec2c58ac5f2,0.005823777988553047,0.09514758995231477,0.6155187677429248,0.7741798162460327,0.5073918551206589,0.7019172638654707
residual_v2,50,star_concave,192,private-source://routeA_experiments/data/prospective_ood_rd_hddm_alpha001_v2/star_concave/sample_0192.npz,81e07c354e8b9090deac2dd659d673aa62dcc492675457e68850919289c02ee1,0.006474355002865195,0.08571061133907086,0.653926005835944,0.7503130435943604,0.48404617309570314,0.6621990072727204
residual_v2,50,star_concave,193,private-source://routeA_experiments/data/prospective_ood_rd_hddm_alpha001_v2/star_concave/sample_0193.npz,2a055578d35dbeaf6f9777c70db61a17e59b21e0e089c4b73fe73fc8f30ee5c9,0.006562096998095512,0.0843465569590466,0.6577218296828892,0.7617106139659882,0.4701629370450977,0.6882693833112712
residual_v2,50,star_concave,194,private-source://routeA_experiments/data/prospective_ood_rd_hddm_alpha001_v2/star_concave/sample_0194.npz,015bc47bb4c5ba3f27b05a1792fbb44af4337d85c98d106323f3d69d268d8c7a,0.005742039007600397,0.09500236322010777,0.7376849028828278,0.8354073166847229,0.5258610248565674,0.7900792598724363
residual_v2,50,star_concave,195,private-source://routeA_experiments/data/prospective_ood_rd_hddm_alpha001_v2/star_concave/sample_0195.npz,4dc63967e6d5bcb0dad8dc928ac1c21ef324161440414cdd69f8fa0670c5622c,0.00621609203517437,0.07846216293887497,0.5888765535944871,0.7053321301937103,0.3931180208921432,0.6282636082172393
residual_v2,50,star_concave,196,private-source://routeA_experiments/data/prospective_ood_rd_hddm_alpha001_v2/star_concave/sample_0196.npz,98c3c846abd7760ff75322a10ea69cbcf64050b1920000f30ac9ddef03a582bf,0.006282952963374555,0.07582756187666534,0.539886456706559,0.7035297751426697,0.3933934792876243,0.619454403221607
residual_v2,50,star_concave,197,private-source://routeA_experiments/data/prospective_ood_rd_hddm_alpha001_v2/star_concave/sample_0197.npz,5b762b3e30b125a39b0866174933e4f32d3c35f9dd054ae1cb4d4c37788ff8d7,0.005770309013314545,0.06924935825612019,0.3550313738821839,0.5885623395442963,0.3105422705411911,0.45315007120370865
residual_v2,50,star_concave,198,private-source://routeA_experiments/data/prospective_ood_rd_hddm_alpha001_v2/star_concave/sample_0198.npz,f1d5bb05bec2186640d91bfa3cdc67b166bd2952867a20a2796076984771c3e5,0.0065783190075308084,0.058274778261734696,0.26284353021524054,0.45733773708343506,0.22529485002160077,0.3204515564441684
residual_v2,50,star_concave,199,private-source://routeA_experiments/data/prospective_ood_rd_hddm_alpha001_v2/star_concave/sample_0199.npz,24e273c05359ecf1670b3cd5ef34d49ef6c28ef523b55d61e6ff7b4dfcb1f389,0.0057714200229384005,0.06953579706794624,0.36302636097561536,0.5246639549732208,0.295129646360874,0.39723474740982057
