model,training_seed,shape,sample_id,sample_file,sample_sha256,inference_seconds,mae,relative_l2,max_abs_error,p95_abs_error,p99_abs_error
fine_control,59,slit_bridge,0,private-source://routeA_experiments/data/final_ood_frozen_v1/slit_bridge/sample_0000.npz,30d9b3db72b5f04e7aed5aca69b177e736741d71d456678de2c366e94064976a,0.0028330220084171742,0.12782205726847523,1.0055021269217443,0.8823107182979584,0.5506120603531599,0.7449416246265171
fine_control,59,slit_bridge,1,private-source://routeA_experiments/data/final_ood_frozen_v1/slit_bridge/sample_0001.npz,35ca7668746e40038fbccaaf4b015e191d09a272260f8b2c67e05158beed58d9,0.0029444569954648614,0.09508608007048203,0.6466412241548225,0.599582351744175,0.41104742139577866,0.5577964089810847
fine_control,59,slit_bridge,2,private-source://routeA_experiments/data/final_ood_frozen_v1/slit_bridge/sample_0002.npz,5aa31e0476a00717a676402ae73bf67f0900790fbaaba0689885a4f4d81b1d01,0.00240793899865821,0.11358193530359809,0.8023128582274137,0.7775930017232895,0.4889929872006178,0.6423910588026037
fine_control,59,slit_bridge,3,private-source://routeA_experiments/data/final_ood_frozen_v1/slit_bridge/sample_0003.npz,fa2249a12bd45ebd5bf12289d408b399125153ec7a74d5498b2d06c116f8f405,0.0031254390196409076,0.13023946673720005,1.1641852550740044,0.8853001967072487,0.557014306075871,0.7521291516721245
fine_control,59,slit_bridge,4,private-source://routeA_experiments/data/final_ood_frozen_v1/slit_bridge/sample_0004.npz,4006cdfdceb8abe632e2df62c467d010fb9761bec6322c363b9f3abbc55829d4,0.0024183700152207166,0.11482873616326883,0.7987296053913141,0.7336831092834473,0.5328311063349247,0.6656682372093198
fine_control,59,slit_bridge,5,private-source://routeA_experiments/data/final_ood_frozen_v1/slit_bridge/sample_0005.npz,1ea410d183d08cc06714b087bb528e626a67090d2f8931f1f61a73ddeff9902a,0.002555067010689527,0.12902353226133004,1.6160587647918583,0.8956556096673012,0.5827876199036837,0.7556971028447145
fine_control,59,slit_bridge,6,private-source://routeA_experiments/data/final_ood_frozen_v1/slit_bridge/sample_0006.npz,2b2b41c1ab84aefad645e09329749a0c4789e3a60b3931b89e053a383e66541e,0.0025027740048244596,0.11835177725947058,1.9965643157109663,0.9417296573519707,0.5209373086690903,0.6934649715432895
fine_control,59,slit_bridge,7,private-source://routeA_experiments/data/final_ood_frozen_v1/slit_bridge/sample_0007.npz,e99898145655a5c1ce681d0eb3c7597d5032c10b823f0c114d9a1b16467ea524,0.002500527014490217,0.07319244734074676,0.4647071425665809,0.49303871393203735,0.2923873960971832,0.41602608561515797
fine_control,59,slit_bridge,8,private-source://routeA_experiments/data/final_ood_frozen_v1/slit_bridge/sample_0008.npz,6e17a3aa2c3547f8d5c7c15a2ba8d09341c289bc2a2f8cc11cd61460dd0a75b4,0.0031045970099512488,0.12174695513670397,0.8442364063123138,0.7917103469371796,0.484747520647943,0.652792828530073
fine_control,59,slit_bridge,9,private-source://routeA_experiments/data/final_ood_frozen_v1/slit_bridge/sample_0009.npz,cc5b71a537246355e6aa5eb87b1ec934946edb1d31595b1d37e482e2b73e96e4,0.0025304479931946844,0.09621993052776186,0.7250221293659288,0.7238236963748932,0.41932009905576706,0.5612777009606357
fine_control,59,slit_bridge,10,private-source://routeA_experiments/data/final_ood_frozen_v1/slit_bridge/sample_0010.npz,87874a0f11d5ca1214cb1c831735689324f5d265f0ad734b920d4aea56a205a8,0.002511739992769435,0.10662159399728924,0.9441604738808711,0.660189688205719,0.5070935785770416,0.5873609878122806
fine_control,59,slit_bridge,11,private-source://routeA_experiments/data/final_ood_frozen_v1/slit_bridge/sample_0011.npz,a23d58d483f0ee7d7d9ad82447d292fdde0c9f6964a6ce9759730ce9671620fc,0.0024495929828844965,0.12795408967375388,1.139878514613954,0.8930079191923141,0.5349278822541237,0.6898922737687824
fine_control,59,slit_bridge,12,private-source://routeA_experiments/data/final_ood_frozen_v1/slit_bridge/sample_0012.npz,1bf5b6c8a99e6b1af341524d638c181408e613ec93db7fb6986f600e0e3c65a1,0.0025542920047882944,0.07082577023934689,0.545269143789877,0.5808221511542797,0.2544836923480034,0.36591205000877364
fine_control,59,slit_bridge,13,private-source://routeA_experiments/data/final_ood_frozen_v1/slit_bridge/sample_0013.npz,1adafcde8c3f4e445b1b034d25421d3a48662f83f441bf0eecdee27f12cecbc3,0.003173846023855731,0.08296867215942655,0.5951873611887956,0.5722370445728302,0.3391382098197937,0.5063776314258575
fine_control,59,slit_bridge,14,private-source://routeA_experiments/data/final_ood_frozen_v1/slit_bridge/sample_0014.npz,64b0e9dc29123e952cb0d300a00469414c7c7f76a16dd935a75e7624fe912b36,0.0028485929942689836,0.12546497717292202,1.2118045892312188,0.9088392704725266,0.5832587606273592,0.6950421676039691
fine_control,59,slit_bridge,15,private-source://routeA_experiments/data/final_ood_frozen_v1/slit_bridge/sample_0015.npz,b9c330fa4cfc004b6beec69ac0615be8854455f9775205c11364db4615c089be,0.0026275329873897135,0.12096654968265518,0.9347850483703133,0.7967723459005356,0.5384668912738562,0.7387930847704408
fine_control,59,slit_bridge,16,private-source://routeA_experiments/data/final_ood_frozen_v1/slit_bridge/sample_0016.npz,596996fb6aeff6e88332008eed32b4b95f86de86801a1640f6de12786cd403d3,0.0026362380012869835,0.08177043127658444,0.6769633607739698,0.580562561750412,0.3638075590133667,0.5161617279052734
fine_control,59,slit_bridge,17,private-source://routeA_experiments/data/final_ood_frozen_v1/slit_bridge/sample_0017.npz,312eedbc05e5128aebccd1eda0cb448659dcf770824e39ef15c6231d604d0095,0.0028001019963994622,0.11434469302869811,0.9803213329319618,0.8388600647449493,0.45943111181259155,0.6631009303033352
fine_control,59,slit_bridge,18,private-source://routeA_experiments/data/final_ood_frozen_v1/slit_bridge/sample_0018.npz,41e1f220b6752fc77a60ab80dca4c8628042e5d54833a97c9832832e8db500e2,0.00297903100727126,0.06603723053598426,0.3860559141526314,0.5603797286748886,0.2435899991542101,0.4168389335274694
fine_control,59,slit_bridge,19,private-source://routeA_experiments/data/final_ood_frozen_v1/slit_bridge/sample_0019.npz,b97fe8016fb4c7d7995df4c42b480dce1072ee7db9abb641c503877913ffce9c,0.0026771090051624924,0.10311665130564583,0.7780706259375556,0.6743186116218567,0.42904897779226303,0.6236803740262985
fine_control,59,slit_bridge,20,private-source://routeA_experiments/data/final_ood_frozen_v1/slit_bridge/sample_0020.npz,994e03c5207e2ae7356bc74d2f380fd7f474af9a82fe4a9bb90585ddb10c1fb7,0.003141841007163748,0.11625477109539907,1.0283797776151833,0.8939981013536453,0.5104226320981979,0.7506748195737589
fine_control,59,slit_bridge,21,private-source://routeA_experiments/data/final_ood_frozen_v1/slit_bridge/sample_0021.npz,1456683b4642362ec663cedabc21c8bb0ed3f06ae1beb9ca35a8ac02768d7f01,0.002568272000644356,0.10381869913352794,0.7646117425265715,0.6662901043891907,0.4741567485034466,0.5741560004651546
fine_control,59,slit_bridge,22,private-source://routeA_experiments/data/final_ood_frozen_v1/slit_bridge/sample_0022.npz,c36a4db85f26e6cbe9c3036e9cf2ad4c578008898c1405c54c1e0914ccc8ef1c,0.0029007459816057235,0.10382612358607315,0.7796048690484734,0.7580801993608475,0.4310113489627838,0.6130970776081083
fine_control,59,slit_bridge,23,private-source://routeA_experiments/data/final_ood_frozen_v1/slit_bridge/sample_0023.npz,610587d7aa0593f777b96e6fdb4fdcf2ebc68a867c186890c7838e7b2d944c00,0.0027454730006866157,0.11684554157646466,0.9871920701439242,0.7396885305643082,0.5053132399916649,0.6665800854563712
fine_control,59,slit_bridge,24,private-source://routeA_experiments/data/final_ood_frozen_v1/slit_bridge/sample_0024.npz,959eeaf23d4f71a25e7eff4fc4c4640be516df58074ab3dad10126c1ca5ed619,0.0024243840016424656,0.13749760410684173,1.7718095155257565,0.9380733594298363,0.5745692658238113,0.7211174789583306
fine_control,59,slit_bridge,25,private-source://routeA_experiments/data/final_ood_frozen_v1/slit_bridge/sample_0025.npz,12244099e66cc796717b1ac4a0197a86db0d3832ae8f92f8b6285b350ded04cd,0.00271673800307326,0.08102116701771796,0.5783283539546595,0.5610223412513733,0.34236593544483185,0.4702978774905205
fine_control,59,slit_bridge,26,private-source://routeA_experiments/data/final_ood_frozen_v1/slit_bridge/sample_0026.npz,8ec7e62775275cf1cdcb11a3a5070589032551c0222125cc6f2572c5b6100c1e,0.002916695986641571,0.11621903886827122,0.8808897950499004,0.7379751466214657,0.4689791016280651,0.6804481983184812
fine_control,59,slit_bridge,27,private-source://routeA_experiments/data/final_ood_frozen_v1/slit_bridge/sample_0027.npz,a57e3c4af7915d4277fe784929f02e1108f70b06739b89cc49e2f31db68759d6,0.003107130993157625,0.0879494588676637,0.6668929045929138,0.6633938550949097,0.36840759217739105,0.48480011448264093
fine_control,59,slit_bridge,28,private-source://routeA_experiments/data/final_ood_frozen_v1/slit_bridge/sample_0028.npz,129f68b38d7e4376d96e492a23bdc037ec06345501698eb53f87dc4c2bdcf26b,0.0031376229890156537,0.09047001679228127,0.6016531347811371,0.6490765661001205,0.36527442932128906,0.5367466948926448
fine_control,59,slit_bridge,29,private-source://routeA_experiments/data/final_ood_frozen_v1/slit_bridge/sample_0029.npz,d7be996266c698efe66a16bcc34de0aff06589c37bb8599f9f62b3c06206baa6,0.0031305619922932237,0.06529169379189376,0.4424408116803037,0.5860084742307663,0.22010064870119095,0.32656480669975274
fine_control,59,slit_bridge,30,private-source://routeA_experiments/data/final_ood_frozen_v1/slit_bridge/sample_0030.npz,b09f05e8c2f7a9d479d786d72d681814f27d08ee89b3d974343fd2b090a1ce6a,0.0028294899966567755,0.10511788016733678,0.7428941355241189,0.6772996783256531,0.43616970628499985,0.5821792561560868
fine_control,59,slit_bridge,31,private-source://routeA_experiments/data/final_ood_frozen_v1/slit_bridge/sample_0031.npz,bc00125fdaa393e280c5352531595db001f7ddb3deb151245917cd589e5c31f0,0.0029744979983661324,0.05650369801321944,0.3437756865809986,0.4943103790283203,0.20831716060638428,0.30491276383399946
fine_control,59,slit_bridge,32,private-source://routeA_experiments/data/final_ood_frozen_v1/slit_bridge/sample_0032.npz,210304fe0d7d8f0427af5f9a0754f958b13e7ca893e23870daca6089c7494849,0.002723439014516771,0.07736164477709954,0.5440244307143292,0.5762986540794373,0.3044724240899086,0.46078590601682595
fine_control,59,slit_bridge,33,private-source://routeA_experiments/data/final_ood_frozen_v1/slit_bridge/sample_0033.npz,27aec766b6350542fba91a6efe33f57848a74817bca29836eb0daa48b8186c28,0.0029270219965837896,0.11641469148670106,0.968250443308185,0.7734697759151459,0.49677674472332,0.6961164455860852
fine_control,59,slit_bridge,34,private-source://routeA_experiments/data/final_ood_frozen_v1/slit_bridge/sample_0034.npz,188e43a83a5baeee871f92676435b8b14ff91c60dfed2c7edaee32a7c3fe7437,0.0020860630029346794,0.09329772468178776,0.7263580534059907,0.593461163341999,0.3850465640425682,0.5315580196678638
fine_control,59,slit_bridge,35,private-source://routeA_experiments/data/final_ood_frozen_v1/slit_bridge/sample_0035.npz,7b87bcf793f11163ce8025e6ca4bc45abb9b34cf709bd1bb8b9fb68b3a8dabe4,0.002471084997523576,0.10763670407368829,0.8418497030769464,0.7184761762619019,0.49765194207429886,0.598777753859758
fine_control,59,slit_bridge,36,private-source://routeA_experiments/data/final_ood_frozen_v1/slit_bridge/sample_0036.npz,4c37861366bb2835c656390a05790cc29a37a467fa5c97e436d4dc5e6180c227,0.00266731099691242,0.0726911244402096,0.5881368441951987,0.7132236361503601,0.30552082881331444,0.46068075299262984
fine_control,59,slit_bridge,37,private-source://routeA_experiments/data/final_ood_frozen_v1/slit_bridge/sample_0037.npz,8fbc3afcf65822fdaf99fdeb4b9caaacaaa2422144e57b088e882fc0dcbcdfe9,0.002606855006888509,0.12191655381355537,0.9198991332430894,0.7464613318443298,0.5682636946439743,0.6587129533290853
fine_control,59,slit_bridge,38,private-source://routeA_experiments/data/final_ood_frozen_v1/slit_bridge/sample_0038.npz,d8aa380b826e09980e586e8dcd26acff520e462dddbb758d989ce305a62e2bd2,0.0027574499836191535,0.11250521335196043,0.8028649679154745,0.8630729764699936,0.4809901723638177,0.7192905619740482
fine_control,59,slit_bridge,39,private-source://routeA_experiments/data/final_ood_frozen_v1/slit_bridge/sample_0039.npz,5773aed921a57866510a828614cf323ba3e5c1f662198f68ba30e9cd435e428d,0.0026514749915804714,0.10545414387117043,1.0548518851733393,0.7515260204672813,0.45470085740089417,0.6595035079866647
fine_control,59,slit_bridge,40,private-source://routeA_experiments/data/final_ood_frozen_v1/slit_bridge/sample_0040.npz,10b3fc9be817d0fa28e4f2ad0ce1679a84b2986a85b9c817ff380bc606731884,0.0024514449760317802,0.11940600364194515,0.9135603699426127,0.7451708316802979,0.49548115208745,0.6595431987196203
fine_control,59,slit_bridge,41,private-source://routeA_experiments/data/final_ood_frozen_v1/slit_bridge/sample_0041.npz,cdde49a6f56183448eeefafbf84517c5719d37b8e33b5fb3d5907c79ec0c3d4d,0.0026284240011591464,0.09327355782431179,0.7335802491830721,0.7103913202881813,0.38294851779937744,0.5804744221270084
fine_control,59,slit_bridge,42,private-source://routeA_experiments/data/final_ood_frozen_v1/slit_bridge/sample_0042.npz,bd82adbf113c51db9c8fdb7ae61bdfb4b0de8fd0738107c1b16747edf214ed83,0.002461539988871664,0.06447098476067824,0.3747248319990158,0.7621619999408722,0.2330984603613615,0.37051569819450353
fine_control,59,slit_bridge,43,private-source://routeA_experiments/data/final_ood_frozen_v1/slit_bridge/sample_0043.npz,1b05a0e90cb92ad13e160cd9d88d3ccd24a5d5042572cbdeb6c780eb7c691723,0.0034233969927299768,0.11648211666273835,1.1043297601082287,0.8253392279148102,0.4995100786909461,0.6804781455546617
fine_control,59,slit_bridge,44,private-source://routeA_experiments/data/final_ood_frozen_v1/slit_bridge/sample_0044.npz,9eab1dd2e918e6415c0ac9317c974fb554285878086fbcec4685c90b0a603efd,0.002534906001528725,0.12138064370052522,1.204883101590581,0.7619270831346512,0.5302864126861095,0.6619059715420007
fine_control,59,slit_bridge,45,private-source://routeA_experiments/data/final_ood_frozen_v1/slit_bridge/sample_0045.npz,28399d49797881f5a264063c34c2a36369094141bb9cf4c05cbdaee4d1f32c15,0.003077725996263325,0.12730454742992875,1.372285102597197,0.9035972133278847,0.5692535676062107,0.7340722722932692
fine_control,59,slit_bridge,46,private-source://routeA_experiments/data/final_ood_frozen_v1/slit_bridge/sample_0046.npz,137e9591ce0032a2d71b366e44219ca9b23cbd2f3a421043183f5c5f8e25cd7f,0.0029160409758333117,0.08102954868327918,0.656127648937153,0.5678745806217194,0.36333007365465164,0.516381922364235
fine_control,59,slit_bridge,47,private-source://routeA_experiments/data/final_ood_frozen_v1/slit_bridge/sample_0047.npz,a34fc43c7eb5b8809b22c7c026452d2278be0d7636bd62dbf7db0e72488bfe93,0.00269651401322335,0.1016312542551985,0.6693316178840126,0.6424830555915833,0.415115661919117,0.5696861065924167
fine_control,59,slit_bridge,48,private-source://routeA_experiments/data/final_ood_frozen_v1/slit_bridge/sample_0048.npz,d3dea4d451c780395aeec9e434f3f3426fa5b35717d062d652d0000cb4849ab0,0.0025779110146686435,0.11189064112007262,0.9262979225322344,0.7804991751909256,0.46147708501666784,0.6514706686139106
fine_control,59,slit_bridge,49,private-source://routeA_experiments/data/final_ood_frozen_v1/slit_bridge/sample_0049.npz,65ea22db20d21e0adb8290dfc006ce6871e3b0e95cbda2d1b6dc4212521b340d,0.002433177985949442,0.08572924624723674,0.7234263461825072,0.7266555279493332,0.3719942905008793,0.5416137576103205
fine_control,59,slit_bridge,50,private-source://routeA_experiments/data/final_ood_frozen_v1/slit_bridge/sample_0050.npz,84c0049ab4231171d59431596c6d5ee4a6296eb0688530fec168df065e5f3736,0.0031524150108452886,0.1097816533762467,0.8975533794218757,0.7399943470954895,0.504443347454071,0.6366305463016031
fine_control,59,slit_bridge,51,private-source://routeA_experiments/data/final_ood_frozen_v1/slit_bridge/sample_0051.npz,4a2b9189cfb9e62a2d88e9b4f0538c291df4cf2365fc6101f7bcb0ca5ea19039,0.0020795469754375517,0.1165565147863594,1.247599853648112,0.8359804451465607,0.5415412429720163,0.6717832589522004
fine_control,59,slit_bridge,52,private-source://routeA_experiments/data/final_ood_frozen_v1/slit_bridge/sample_0052.npz,7a6182ea0d10e503b4488744930d05c12fe0a98749a0f08c0bf9a0ade333130c,0.002459350012941286,0.12576761157171568,0.9335789497968724,0.7641779482364655,0.5296796355396509,0.7012129634618754
fine_control,59,slit_bridge,53,private-source://routeA_experiments/data/final_ood_frozen_v1/slit_bridge/sample_0053.npz,f38fc50a05bb0fe7cbe4b70cd13485a58e43ff94c9c22822cb929aed2391bc79,0.0025992069859057665,0.0766030720927486,0.6173471993373012,0.524624228477478,0.27806074917316437,0.39008957147598267
fine_control,59,slit_bridge,54,private-source://routeA_experiments/data/final_ood_frozen_v1/slit_bridge/sample_0054.npz,523ec7f16e149a678ab1eee24891a839649693313f63f9f03417215898e364c2,0.0024307220010086894,0.11017381858021766,0.9549137692589318,0.7663008272647858,0.47691863030195236,0.6013177014887333
fine_control,59,slit_bridge,55,private-source://routeA_experiments/data/final_ood_frozen_v1/slit_bridge/sample_0055.npz,a11a3648b53fa4f131e8a071f27bd07db354d48796864dbb9f50084862cbf7af,0.0026915290218312293,0.10283877949505302,0.6252992795221776,0.6498574018478394,0.3814421445131302,0.5642105061560867
fine_control,59,slit_bridge,56,private-source://routeA_experiments/data/final_ood_frozen_v1/slit_bridge/sample_0056.npz,754e5a373c358a5e7e5648b5ee524f7f3caf5be3ad24ca01b4bbaa5930f3722f,0.002200098999310285,0.07917453701466402,0.47843452678795856,0.5127505585551262,0.34646550565958023,0.43880357146263077
fine_control,59,slit_bridge,57,private-source://routeA_experiments/data/final_ood_frozen_v1/slit_bridge/sample_0057.npz,88bdcbb6787810fba1f67ab1e1d706c0a0449080180a5731fe9e830cd5c1781e,0.0023293819976970553,0.11209922682534802,0.8248943338121205,0.7412679195404053,0.45597017742693424,0.631773617118597
fine_control,59,slit_bridge,58,private-source://routeA_experiments/data/final_ood_frozen_v1/slit_bridge/sample_0058.npz,25dc8c7315b0e070c4b3619308cd7da2f67091e9d12652a39dff2c4abf512a48,0.0021245589887257665,0.07221722600173107,0.5599850774136055,0.5551711916923523,0.26159073784947395,0.4190202653408049
fine_control,59,slit_bridge,59,private-source://routeA_experiments/data/final_ood_frozen_v1/slit_bridge/sample_0059.npz,8537f0d12de7433ac2c634794f33eec0a1ef183fb6a9871cd07ec6fe9960e78c,0.002155053982278332,0.10961453785359376,0.9700145941830726,0.7101113498210907,0.48958298936486244,0.6078594207763671
fine_control,59,slit_bridge,60,private-source://routeA_experiments/data/final_ood_frozen_v1/slit_bridge/sample_0060.npz,ccb10d13e92987f9e92f19f57b8c828d1cec71baabf49eeda5b8131c81cffaae,0.0025622399989515543,0.10136554181497287,0.7839956946191365,0.7253280654549599,0.42267733812332153,0.6092507857829331
fine_control,59,slit_bridge,61,private-source://routeA_experiments/data/final_ood_frozen_v1/slit_bridge/sample_0061.npz,617d3d8d6e33e0cd8b2d68db50b259c76f1b572922b1f4eafd14d5c95f7f2927,0.0022735249949619174,0.120052852191414,0.8565225519675564,0.7637364417314529,0.499904278665781,0.6326375979930161
fine_control,59,slit_bridge,62,private-source://routeA_experiments/data/final_ood_frozen_v1/slit_bridge/sample_0062.npz,4cb6187852b50d7a648cc396d4b92a5199fc15e009d3e6afe856b73e4795fb3c,0.0027096389967482537,0.12308884081000822,0.9522330933513661,0.854628175497055,0.562027239240706,0.7380996242165565
fine_control,59,slit_bridge,63,private-source://routeA_experiments/data/final_ood_frozen_v1/slit_bridge/sample_0063.npz,dac27c2cdc3cfd09038c74bf4bee8892e3fbd4242d4ae68cf068121304f4b392,0.0028275600052438676,0.13570743513355185,1.2082557159867526,0.9164415821433067,0.6013565883040428,0.7799484014511101
fine_control,59,slit_bridge,64,private-source://routeA_experiments/data/final_ood_frozen_v1/slit_bridge/sample_0064.npz,42bf6e538ce7971d6bb267afcbb5017c74c7ee0a38eeeb22b770afd6da523ffd,0.0031425909837707877,0.09466738429180939,0.658226644050654,0.6985921859741211,0.3851066455245018,0.5363082140684127
fine_control,59,slit_bridge,65,private-source://routeA_experiments/data/final_ood_frozen_v1/slit_bridge/sample_0065.npz,8ae70c1cc087b2cb14feefb626847c8e54e0ee1ff237949762758fc9fef1ccfe,0.0025635919882915914,0.11433554449486846,0.8544803349516222,0.7519996128976345,0.5162968914955854,0.6864543080329892
fine_control,59,slit_bridge,66,private-source://routeA_experiments/data/final_ood_frozen_v1/slit_bridge/sample_0066.npz,bf5bec0125f3e132a0234c3c65c18310c2a824fe299149a53c91065ba9684ebc,0.0025765479949768633,0.05858446240727041,0.37517710523558384,0.4401276409626007,0.1986444592475891,0.33241647183895084
fine_control,59,slit_bridge,67,private-source://routeA_experiments/data/final_ood_frozen_v1/slit_bridge/sample_0067.npz,c4c4d08eb71d2a88a3573896b8651cdf6ff3433eaf00aef21e8815ee63c8636b,0.0023311219993047416,0.08850461937835699,0.6468050449676176,0.6051627844572067,0.38693613559007645,0.5361787632107732
fine_control,59,slit_bridge,68,private-source://routeA_experiments/data/final_ood_frozen_v1/slit_bridge/sample_0068.npz,9d5bf135c023eb440f5e2fcdbcd3144986ccea4a471e8d876188876d1f874f48,0.0021930089860688895,0.11721532916035078,1.1385264982207932,0.74509197473526,0.45439146645367146,0.6464662309736013
fine_control,59,slit_bridge,69,private-source://routeA_experiments/data/final_ood_frozen_v1/slit_bridge/sample_0069.npz,5c786c1f5b59aea34b782d6d4f11df00e05c430f5d55022b5da71cb4fb8d0930,0.002316402009455487,0.12578109245412217,1.008158346450532,0.850784569978714,0.564409026876092,0.6999883383512496
fine_control,59,slit_bridge,70,private-source://routeA_experiments/data/final_ood_frozen_v1/slit_bridge/sample_0070.npz,ed31a0aa3d983e019a2886acd9e424e492ee60dd9051fcd420f294aa7d65556d,0.002421659999527037,0.10132855718336502,0.8423469630837107,0.7565237730741501,0.44302020967006683,0.614618058502674
fine_control,59,slit_bridge,71,private-source://routeA_experiments/data/final_ood_frozen_v1/slit_bridge/sample_0071.npz,392690e82cd3c5edc07092ea1286bb31ee5ff623427f4ad994d7d81479d6dab4,0.0026330039836466312,0.08961332195742039,0.8098966904390971,0.8178196549415588,0.401312917470932,0.5930530101060861
fine_control,59,slit_bridge,72,private-source://routeA_experiments/data/final_ood_frozen_v1/slit_bridge/sample_0072.npz,13d1458cb7f3b3c59870f9253bb955db809110e13c2d3e0b7bd73b1dc03bcc6b,0.002629110007546842,0.09832405664597146,0.9388310220474078,0.7245103567838669,0.41994996182620525,0.5671783797442912
fine_control,59,slit_bridge,73,private-source://routeA_experiments/data/final_ood_frozen_v1/slit_bridge/sample_0073.npz,abe7b6b76ff8f9f9514fc6c9452f5d49124e62bec9ef2160c3a275b0c13db251,0.002697532996535301,0.12693696353880027,1.120618897635803,0.8318989649415016,0.5384849482215941,0.6880161244422197
fine_control,59,slit_bridge,74,private-source://routeA_experiments/data/final_ood_frozen_v1/slit_bridge/sample_0074.npz,51ff9c6ba58e09f4038fba26fc78e8d866d805ea092ff9a4834e7d07d5b953c3,0.0027412499766796827,0.06024809795691664,0.4037186348400125,0.5063598304986954,0.19942022487521172,0.3389419317245482
fine_control,59,slit_bridge,75,private-source://routeA_experiments/data/final_ood_frozen_v1/slit_bridge/sample_0075.npz,295242b0a3c4441b1839c2e51ada10cd8d911b42bc383c1c876668ed7db69aca,0.002820902009261772,0.07363559110850963,0.5703999184844327,0.5481252819299698,0.2745525576174259,0.4661844924092289
fine_control,59,slit_bridge,76,private-source://routeA_experiments/data/final_ood_frozen_v1/slit_bridge/sample_0076.npz,beb19109c76423a493f2dce420b9e7186ae828c5f8afa7330784720dd627942a,0.0031946350063662976,0.11551251900087942,0.8724311163364955,0.8871214315295219,0.4973169192671776,0.650894010066986
fine_control,59,slit_bridge,77,private-source://routeA_experiments/data/final_ood_frozen_v1/slit_bridge/sample_0077.npz,2b930b075d3b18dc862520638716d3ca8b214cccc86033c8a5389cf1eee32caf,0.0026639119896572083,0.11086218198678116,0.9795546741221224,0.8933795318007469,0.5159893129020929,0.6560136295855045
fine_control,59,slit_bridge,78,private-source://routeA_experiments/data/final_ood_frozen_v1/slit_bridge/sample_0078.npz,81766226a2c457e6280404619b8b2ac47bc63cd5302a18b5988528768c89a906,0.003159265994327143,0.11798013667767548,0.9747811113772803,0.7611273229122162,0.5029049329459667,0.679541092738509
fine_control,59,slit_bridge,79,private-source://routeA_experiments/data/final_ood_frozen_v1/slit_bridge/sample_0079.npz,39d04f6918bf1e91b48064494be9aa05bd75bf2d12d1b69e17182fdccc736084,0.0029546380101237446,0.07925574936610445,0.5131554418639416,0.6373372673988342,0.2935880422592163,0.4681211784481996
fine_control,59,slit_bridge,80,private-source://routeA_experiments/data/final_ood_frozen_v1/slit_bridge/sample_0080.npz,34759e2ce25b3deafb7b86e4a166e29aa7b6ad6312b24ec108b7195308a75605,0.0030773399921599776,0.12749235698162306,1.2778697915159427,0.8878467082977295,0.5442952527664602,0.746118322759866
fine_control,59,slit_bridge,81,private-source://routeA_experiments/data/final_ood_frozen_v1/slit_bridge/sample_0081.npz,c09c71d395b921fd42317ee8257d8e8ca0fefc88548e7044fde1c9427bc01d57,0.0024492840166203678,0.06718352962584564,0.4042526285438433,0.5297392904758453,0.2450890615582466,0.4103449881076813
fine_control,59,slit_bridge,82,private-source://routeA_experiments/data/final_ood_frozen_v1/slit_bridge/sample_0082.npz,76690bbcb43ff947e8588630e8c1f5eaeae09d80c05290dd16299c07f4b07db3,0.0024405689910054207,0.06540026294145966,0.4240333488479438,0.4426618218421936,0.25921062752604485,0.3947479248046874
fine_control,59,slit_bridge,83,private-source://routeA_experiments/data/final_ood_frozen_v1/slit_bridge/sample_0083.npz,b13467cf03c2c8574ad8306306835f018286494378025cc13aa4b84ebb20ce43,0.0028827850183006376,0.13519433245697546,2.39244981581268,0.9453835748136044,0.5906707687099697,0.7048964899731799
fine_control,59,slit_bridge,84,private-source://routeA_experiments/data/final_ood_frozen_v1/slit_bridge/sample_0084.npz,9c49b44f5bee1f5433dbba97fd43f3fbe29009da78b18d356f171b5351154266,0.002667875000042841,0.05816015721376329,0.3941412345055709,0.5160858035087585,0.20841409265995026,0.314442604780197
fine_control,59,slit_bridge,85,private-source://routeA_experiments/data/final_ood_frozen_v1/slit_bridge/sample_0085.npz,f99b2ecfc893456f4094ee49f725dacd918863f2c57f06cd9486ed733ef4c220,0.002103592996718362,0.11637619934332596,1.0793822730101883,0.8956750109791756,0.5020998092368245,0.7326553046703332
fine_control,59,slit_bridge,86,private-source://routeA_experiments/data/final_ood_frozen_v1/slit_bridge/sample_0086.npz,fa0010c85def531807bfac046d520a0e1fcfa53f399129a530872a5ed7c486e8,0.0021050850045867264,0.11324780462250314,0.9215822325888615,0.815425306558609,0.5503513291478157,0.7170865781605241
fine_control,59,slit_bridge,87,private-source://routeA_experiments/data/final_ood_frozen_v1/slit_bridge/sample_0087.npz,c71c435433f07e222a9c7657e14158b1582d4eb606c1feec9a70429635dc0db8,0.0022371230006683618,0.10824612727214958,0.9220231944294032,0.7031966522336006,0.4913816414773464,0.6431632399559019
fine_control,59,slit_bridge,88,private-source://routeA_experiments/data/final_ood_frozen_v1/slit_bridge/sample_0088.npz,356663c8d9f185922d520ff8cab4336c663ae05fa5851257b47fd5a7f2890d38,0.001978912012418732,0.12564227638741124,0.9756743682326924,0.7877076268196106,0.5414509698748589,0.6626841977238653
fine_control,59,slit_bridge,89,private-source://routeA_experiments/data/final_ood_frozen_v1/slit_bridge/sample_0089.npz,8a9067dfbc0e5c2e206260b72a5ca217d4c4ab8591213e41f21555fef28ede5c,0.0022786519839428365,0.08863162935144567,0.7265634662538407,0.6599221378564835,0.3832390084862709,0.5368877932429313
fine_control,59,slit_bridge,90,private-source://routeA_experiments/data/final_ood_frozen_v1/slit_bridge/sample_0090.npz,e8f22014254e79ac9ea4af542bb6a6578f4d3903902c242153233437a8df0eca,0.0028839859878644347,0.12036901344457943,0.9487425701190131,0.7585945427417755,0.5056624859571457,0.65163401402533
fine_control,59,slit_bridge,91,private-source://routeA_experiments/data/final_ood_frozen_v1/slit_bridge/sample_0091.npz,9ac5d5dae9509b1d341ae8236d8e0bd3b682e73f0fabd2327bc777955fc68672,0.0024873410002328455,0.08230603316585729,0.5210810750968327,0.569216251373291,0.35233232378959656,0.4893062114715576
fine_control,59,slit_bridge,92,private-source://routeA_experiments/data/final_ood_frozen_v1/slit_bridge/sample_0092.npz,fce6d4931689f991567299750cb2e58ba69a69fb8a7ea9ca2b6623d311e269b9,0.0026978040114045143,0.08514605366075106,0.6581452924886761,0.5866303890943527,0.3636585623025894,0.5128993861377238
fine_control,59,slit_bridge,93,private-source://routeA_experiments/data/final_ood_frozen_v1/slit_bridge/sample_0093.npz,ba68ade9b7a7667d9de5bbb4e80fd05e409e86460843549762f31a41447162d1,0.0027216560265515,0.11624589237477655,1.0545422110926264,0.7834168821573257,0.5256997272372246,0.6915168598294258
fine_control,59,slit_bridge,94,private-source://routeA_experiments/data/final_ood_frozen_v1/slit_bridge/sample_0094.npz,ccba8ddededbe3b30aeff76d268cff5c811b3ec60c50fc5e9c8ad0ef75b4658f,0.002355738979531452,0.08924518969279427,0.7299526490656042,0.6498755887150764,0.384858176112175,0.5077748991549015
fine_control,59,slit_bridge,95,private-source://routeA_experiments/data/final_ood_frozen_v1/slit_bridge/sample_0095.npz,d8673dac77deb264dbb605e3b8da123628dc8c82574f2e781ca0ed91d7e7ce88,0.0019595530175138265,0.10766309300252544,0.9596745025606755,0.7798424065113068,0.4662768319249153,0.6390922419726847
fine_control,59,slit_bridge,96,private-source://routeA_experiments/data/final_ood_frozen_v1/slit_bridge/sample_0096.npz,88387af9839890df82ba2388bdcdfa95d6200c6b8848f9cbfc0dda3b8e1f5f31,0.0021004219888709486,0.11318814321087403,0.8835769988400339,0.9057693481445312,0.522911386564374,0.690418387949466
fine_control,59,slit_bridge,97,private-source://routeA_experiments/data/final_ood_frozen_v1/slit_bridge/sample_0097.npz,042e86e783efa3942e62430f3045cf582a6d959709c938cb225b92bc44bcc64f,0.002798451983835548,0.11157789065501571,0.7647053251218214,0.7353219389915466,0.49485678039491177,0.6343543052673337
fine_control,59,slit_bridge,98,private-source://routeA_experiments/data/final_ood_frozen_v1/slit_bridge/sample_0098.npz,f76accedd1c25ec4c7b700fef8f7e440bff7ca6d234800cb8d3b4cd6f7f7b8e6,0.0027918569976463914,0.0801793254785731,0.6360284680034681,0.6093071103096008,0.3288182243704796,0.47096185386180844
fine_control,59,slit_bridge,99,private-source://routeA_experiments/data/final_ood_frozen_v1/slit_bridge/sample_0099.npz,6a4b39b6a971b50d0cd5a3eefaf6a1f3f142b0d9ecee397ce1ff23093f6a46d9,0.0020884590048808604,0.09532225059617398,0.6805790689987533,0.6427212357521057,0.4222569018602371,0.5595962885767222
fine_control,59,slit_bridge,100,private-source://routeA_experiments/data/final_ood_frozen_v1/slit_bridge/sample_0100.npz,09c098f8500ef7ae13df30b97fd58bdcffba8843b115a610318dc18f65ef3540,0.0022500679770018905,0.11748990026741225,1.0899714896269108,0.8128762543201447,0.5562875000759959,0.6513192109763621
fine_control,59,slit_bridge,101,private-source://routeA_experiments/data/final_ood_frozen_v1/slit_bridge/sample_0101.npz,3671b99524219e4e7f1acd583f0a9f657d15a23a30ed3d575564b8f9d92d770e,0.0027888740005437285,0.06363668590303936,0.40486420256689626,0.5729414895176888,0.24235208332538605,0.38723080605268456
fine_control,59,slit_bridge,102,private-source://routeA_experiments/data/final_ood_frozen_v1/slit_bridge/sample_0102.npz,b8b9ab3a97d31d7c91628f73ac4db6371901871d302b30af028ae7297b2b153b,0.001977080013602972,0.13274921702048154,1.8070983459299037,0.9196259453892708,0.5609115046681836,0.7324862914509137
fine_control,59,slit_bridge,103,private-source://routeA_experiments/data/final_ood_frozen_v1/slit_bridge/sample_0103.npz,9f972861588cfdfdfbc3d1b3492908230dc44d640058083aa85270fbceb816f9,0.002400094992481172,0.08326512398743002,0.6843458869002476,0.7175100296735764,0.3478001281619072,0.5001237690448757
fine_control,59,slit_bridge,104,private-source://routeA_experiments/data/final_ood_frozen_v1/slit_bridge/sample_0104.npz,762aadec5fa91e8e7a7f85a7683286f4a4fa0192f736680d733b0707b91d4494,0.00265223000315018,0.12057890604210139,1.0135769409841744,0.7387591153383255,0.5212663039565086,0.6792192578315733
fine_control,59,slit_bridge,105,private-source://routeA_experiments/data/final_ood_frozen_v1/slit_bridge/sample_0105.npz,713c1a733e7b6f8c51dfe4d3f144d58d7ee189053361d35b7cb0099d093f55b6,0.001968532014871016,0.11191861540573703,0.9185743024516981,0.9368775859475136,0.48262551985681057,0.6412955656647682
fine_control,59,slit_bridge,106,private-source://routeA_experiments/data/final_ood_frozen_v1/slit_bridge/sample_0106.npz,73c88046498ca7cb948857d6c873d10ec1b1bb70ce8813a259156f5e49c803e0,0.002186232974054292,0.10383863947862348,0.9273299444868448,0.642106294631958,0.4561638981103897,0.6028712615370749
fine_control,59,slit_bridge,107,private-source://routeA_experiments/data/final_ood_frozen_v1/slit_bridge/sample_0107.npz,8e962067b4a867a40f8b8f07d19dbcf42eb4d7a6b08ac522bd140e761933b129,0.003011713008163497,0.13033613296813962,1.063261618921878,0.7535520642995834,0.5972437160089612,0.6578005619347095
fine_control,59,slit_bridge,108,private-source://routeA_experiments/data/final_ood_frozen_v1/slit_bridge/sample_0108.npz,23bb0eb2ffb8522d891e10b78e9f4fcf6ea2c8b5136c119d1353dc41e81126a2,0.0025207790022250265,0.08395851274141655,0.5498578147659243,0.5482803583145142,0.37805913388729095,0.5013983070850372
fine_control,59,slit_bridge,109,private-source://routeA_experiments/data/final_ood_frozen_v1/slit_bridge/sample_0109.npz,ee7d8642727cde846b418e0d6ef6f3d525513d8f7c13d4e21a694399a5887809,0.0030268470000009984,0.1358461974944095,1.1353527472772522,0.8382072150707245,0.6190406139940023,0.7040483426302669
fine_control,59,slit_bridge,110,private-source://routeA_experiments/data/final_ood_frozen_v1/slit_bridge/sample_0110.npz,2cb9d93c491c746797690b373d3873b13231a0144087e5c6f98bc1674dcf9aa9,0.002770485996734351,0.135662097480268,1.0796634356238273,0.7888574153184891,0.5435638185590506,0.7108731031417844
fine_control,59,slit_bridge,111,private-source://routeA_experiments/data/final_ood_frozen_v1/slit_bridge/sample_0111.npz,20cb4a3d10bd1589b41836354fc8ffcea2f716f9c4d860e668becadedadd9f38,0.0023319239844568074,0.0697224916346559,0.5166799996411776,0.6256528049707413,0.26458864007145166,0.44605998396873375
fine_control,59,slit_bridge,112,private-source://routeA_experiments/data/final_ood_frozen_v1/slit_bridge/sample_0112.npz,37a74f8306ed3c59b31377d7e4a65031205ca4f453cf06b54132466f7b6b4a27,0.0021508959762286395,0.13787001644488678,1.1292609125366195,0.8995384573936462,0.6060252673923969,0.7954772256314752
fine_control,59,slit_bridge,113,private-source://routeA_experiments/data/final_ood_frozen_v1/slit_bridge/sample_0113.npz,ef235deec817e178c9aadff18419bfa34a077733d1176a3329f0534a76dc2a36,0.002330356976017356,0.11849468396058471,1.064804684122006,0.8973156958818436,0.529724758118391,0.7056398645043357
fine_control,59,slit_bridge,114,private-source://routeA_experiments/data/final_ood_frozen_v1/slit_bridge/sample_0114.npz,fee8722c5da8ec155bbe8e819b2eefa2d11a554066c684e422d739ef76676fdc,0.0021566060022450984,0.0963456273232943,0.7437215833338195,0.6979999542236328,0.40073978155851364,0.5888392344117165
fine_control,59,slit_bridge,115,private-source://routeA_experiments/data/final_ood_frozen_v1/slit_bridge/sample_0115.npz,c0ff037ccc5a055bf9e6049f73b19eb3ef3c759d34e01dde7782629ee5155b1a,0.0022686669835820794,0.1304029515497732,1.006792749108847,0.7717845141887665,0.5682730823755264,0.6630690094083547
fine_control,59,slit_bridge,116,private-source://routeA_experiments/data/final_ood_frozen_v1/slit_bridge/sample_0116.npz,89796e3463ade62e6165c2220b9206d7e09c13d435e41116a44b4b2b72d8a7e2,0.002242806018330157,0.11358884190604475,1.028248573357509,0.8000549376010895,0.5051052048802376,0.6864916719496246
fine_control,59,slit_bridge,117,private-source://routeA_experiments/data/final_ood_frozen_v1/slit_bridge/sample_0117.npz,0b5ddb4fbb4b1abaaecda668cf96d47108c2d0634e698e348798412ad2c8bd5b,0.0021532840037252754,0.09999083133636039,0.6804618081079546,0.5975241176784039,0.453758692368865,0.5837643541395664
fine_control,59,slit_bridge,118,private-source://routeA_experiments/data/final_ood_frozen_v1/slit_bridge/sample_0118.npz,67c9870824a0cf24261c14ee2ee54260350b87c984724da8b7b3239ef5f4f8f2,0.0025854829873424023,0.11261908025207529,0.9176368733185692,0.8589334487915039,0.506533089093864,0.732223506271839
fine_control,59,slit_bridge,119,private-source://routeA_experiments/data/final_ood_frozen_v1/slit_bridge/sample_0119.npz,3cd3c867da52bc984e6b469d03b48c1d502d3c379c3a09320042c00db34b1f2f,0.0029631979996338487,0.12234270534401594,1.0627553242858212,0.8174591064453125,0.5358483642339706,0.7043045932427049
fine_control,59,slit_bridge,120,private-source://routeA_experiments/data/final_ood_frozen_v1/slit_bridge/sample_0120.npz,321a3cdc9661e8fd1679cfceed9f566fa138dcdcf45b5bb5a1d8fce6ede740f1,0.0026982529961969703,0.10876465926306937,1.1077145760771352,0.7400336265563965,0.44546007737517357,0.6353989109396935
fine_control,59,slit_bridge,121,private-source://routeA_experiments/data/final_ood_frozen_v1/slit_bridge/sample_0121.npz,947ac005aaaab451b701b3285288d12286101f1936826903031becc4a8c82912,0.002729430008912459,0.12147567685630763,1.072370999210114,0.7559856027364731,0.5468064090237021,0.6608547143638134
fine_control,59,slit_bridge,122,private-source://routeA_experiments/data/final_ood_frozen_v1/slit_bridge/sample_0122.npz,f86df5b1facc0d81f78a07017d7a1169d59fc90ab287dd52fa7ef79d790e2e91,0.0031915050058159977,0.09850018892641689,0.6959266906972278,0.6782805323600769,0.4323759041726589,0.6081822782754897
fine_control,59,slit_bridge,123,private-source://routeA_experiments/data/final_ood_frozen_v1/slit_bridge/sample_0123.npz,dd8d213055c704fdaab30fa56f42a33f2b17cda2608934ee3c8395f1fa3ac372,0.0025342919980175793,0.1288190521311281,1.2949633418757502,0.9318837672472,0.5428388928994536,0.7365752179175595
fine_control,59,slit_bridge,124,private-source://routeA_experiments/data/final_ood_frozen_v1/slit_bridge/sample_0124.npz,989ca5a6639d386f9ba2fbbe4929a51151c1d1f58f0b02af5979a213ce187952,0.002070943999569863,0.11907196663855253,1.2796753007461301,0.7454500496387482,0.5238778465427458,0.6540023798122998
fine_control,59,slit_bridge,125,private-source://routeA_experiments/data/final_ood_frozen_v1/slit_bridge/sample_0125.npz,a70aa7c2b0ab69e05a1bdac27c118b00080fd91ce4b14294cf3d802c7d9815c3,0.0032341720070689917,0.06151701765385241,0.4548451788912469,0.47658298909664154,0.23261643946170807,0.3920584797859192
fine_control,59,slit_bridge,126,private-source://routeA_experiments/data/final_ood_frozen_v1/slit_bridge/sample_0126.npz,093585a00e910cd41c9a8b1050dbde9900de283da5c8bcf64b0e6657b12ce6c0,0.0027154170093126595,0.1330851551474029,0.9530096279814959,0.8893260359764099,0.5794375017285347,0.7752730518579481
fine_control,59,slit_bridge,127,private-source://routeA_experiments/data/final_ood_frozen_v1/slit_bridge/sample_0127.npz,fbaeeb14ed4064772eccd6ad5d7ce8b30fd2cd571f89be44730cad2f429acd53,0.0028186490235384554,0.08414118944542257,0.6293717447527517,0.646609902381897,0.3649132624268532,0.5550001457333564
fine_control,59,slit_bridge,128,private-source://routeA_experiments/data/final_ood_frozen_v1/slit_bridge/sample_0128.npz,f8dcb1ad9a029b0aaa0eb4226be5e9fb26f98253b2ac2ee759238972e2b35793,0.002679689001524821,0.11027244016372167,0.844808133252146,0.8316039144992828,0.46734704822301865,0.6595225498080237
fine_control,59,slit_bridge,129,private-source://routeA_experiments/data/final_ood_frozen_v1/slit_bridge/sample_0129.npz,4fde72568a862f65ab802425b157856bd372d3c84dff9690b725526c7c4caa72,0.0024745159898884594,0.11372875497450463,0.8100737137328865,0.7692288309335709,0.4881446957588196,0.6224462319165467
fine_control,59,slit_bridge,130,private-source://routeA_experiments/data/final_ood_frozen_v1/slit_bridge/sample_0130.npz,c5fc37a33ccfde0c5c1bc91a423ff22369761aa4a2358c6bf448d552f93ebe9f,0.0024984639894682914,0.05032383024117312,0.3141095159223178,0.5377797335386276,0.17513537406921387,0.2856385402381419
fine_control,59,slit_bridge,131,private-source://routeA_experiments/data/final_ood_frozen_v1/slit_bridge/sample_0131.npz,816e62f42925e1228f1925aa9a64af845857cc8af393bef8edcc95e0b32ae811,0.0025564229872543365,0.09844615217721261,0.7264661190940727,0.7034395933151245,0.43807319179177284,0.5751804918050765
fine_control,59,slit_bridge,132,private-source://routeA_experiments/data/final_ood_frozen_v1/slit_bridge/sample_0132.npz,0fe2c82d437426e3d5e3a8a69a3eaf8444f65273028a83b43642500191be1de2,0.002961340011097491,0.11671932849736674,1.099126256404175,0.7438041865825653,0.4847342260181904,0.6797667700797319
fine_control,59,slit_bridge,133,private-source://routeA_experiments/data/final_ood_frozen_v1/slit_bridge/sample_0133.npz,158533d38705bbe83ad1aff888d4d281d11c259abc75e687100337a1169b6b79,0.0024015169765334576,0.08080406890404479,0.5498826929597943,0.49407505989074707,0.36086732149124146,0.4480186820030211
fine_control,59,slit_bridge,134,private-source://routeA_experiments/data/final_ood_frozen_v1/slit_bridge/sample_0134.npz,809d1f61ff74bd28a60a9ee3e93980572061abc432bf497071f850cf295e5a22,0.0033818099764175713,0.12276365411939205,0.971976831244725,0.7695887535810471,0.5167186637409031,0.6518990319222212
fine_control,59,slit_bridge,135,private-source://routeA_experiments/data/final_ood_frozen_v1/slit_bridge/sample_0135.npz,49a6d2f84ef15ae562f31d7f8186dcf515a22bd150120c9ef7592236bc4da560,0.0026542570267338306,0.11927310845775355,1.0683253952377456,0.755597248673439,0.5214954824186862,0.6397448956966398
fine_control,59,slit_bridge,136,private-source://routeA_experiments/data/final_ood_frozen_v1/slit_bridge/sample_0136.npz,0aaf02ec1906882bedac48878d8b32168a7bb9aa28e664600efcf7880eeb0a09,0.003159087005769834,0.05394807836906002,0.341956749228442,0.46842795610427856,0.1941300630569458,0.39898740053176784
fine_control,59,slit_bridge,137,private-source://routeA_experiments/data/final_ood_frozen_v1/slit_bridge/sample_0137.npz,3060120b449129fec3dadb659d3c9a7989d9e4319138bf42de3acdc3ba915c02,0.003099333989666775,0.0818327943123102,0.6193122109584627,0.5782494097948074,0.3253848999738693,0.49682727754116046
fine_control,59,slit_bridge,138,private-source://routeA_experiments/data/final_ood_frozen_v1/slit_bridge/sample_0138.npz,6ed13d9162ca3514a314258b8d24016c2bc8875b25b0b38c5cdfa938f2a1eee2,0.002840461995219812,0.1074898155454313,0.9975849222020049,0.8060669898986816,0.44742670468986034,0.6265038218349218
fine_control,59,slit_bridge,139,private-source://routeA_experiments/data/final_ood_frozen_v1/slit_bridge/sample_0139.npz,658f1ca5a3c9c31ef1d3034e1fa4b0a5769e9c38a410ad1b72996a2aa8abf1a0,0.003226651024306193,0.07136900680257074,0.5326720260642375,0.6015611886978149,0.3176853060722351,0.43683229088783254
fine_control,59,slit_bridge,140,private-source://routeA_experiments/data/final_ood_frozen_v1/slit_bridge/sample_0140.npz,4cb2e3c95ee8b50b37549ea056e6b5e6349cac539e85f6c167d54902061606d1,0.0026429930003359914,0.1159604232207484,0.9535322555889286,0.7578042596578598,0.5388993760570884,0.6533789064735174
fine_control,59,slit_bridge,141,private-source://routeA_experiments/data/final_ood_frozen_v1/slit_bridge/sample_0141.npz,72511c727388df3bf5af40ee47932e5d0ea12cec9268d07a95eff4200660e42e,0.0029228240018710494,0.11149342709739893,0.877851686688128,0.7312145829200745,0.4686545729637146,0.6320641368627546
fine_control,59,slit_bridge,142,private-source://routeA_experiments/data/final_ood_frozen_v1/slit_bridge/sample_0142.npz,306a40af48edd29b46f137a9e1015dba90eef9f89a216e9034ab8c4e810088cb,0.003133191989036277,0.12390817927639482,1.2118977678591312,0.8251984566450119,0.5489713307470083,0.6875814637169239
fine_control,59,slit_bridge,143,private-source://routeA_experiments/data/final_ood_frozen_v1/slit_bridge/sample_0143.npz,9143fda697b9d0ca554a018b16f7dcedf9ce17f64344f4de043fd7612877a3d2,0.003112901991698891,0.1282619662856744,1.2555495636329437,1.0599343329668045,0.5642148070037365,0.6813283856958149
fine_control,59,slit_bridge,144,private-source://routeA_experiments/data/final_ood_frozen_v1/slit_bridge/sample_0144.npz,cede0fd6d7f85a69aeaae09213236482ad3047e9130d14dd79693b9e243f783b,0.0029439130157697946,0.12700949644034387,1.144322761140825,0.7567502409219742,0.5491583868861198,0.6905610496178262
fine_control,59,slit_bridge,145,private-source://routeA_experiments/data/final_ood_frozen_v1/slit_bridge/sample_0145.npz,2d9fdb82c8a7275b63a15c4d95ab584a0842ebd21fd6762928d68475fe8cc330,0.002044028020463884,0.12848148625577246,0.9857282888989823,0.8753272145986557,0.5752454423345625,0.770834995061159
fine_control,59,slit_bridge,146,private-source://routeA_experiments/data/final_ood_frozen_v1/slit_bridge/sample_0146.npz,207f5f551061e628bde8bc221dd64138c07612d4245a97390961be3ea5e16611,0.002755250025074929,0.08130576697813248,0.5860801689644843,0.5588489025831223,0.31900257244706154,0.5011706978082654
fine_control,59,slit_bridge,147,private-source://routeA_experiments/data/final_ood_frozen_v1/slit_bridge/sample_0147.npz,82d0e49e8401c09f0e3e6a3547b29f4d5a1dedbc6b0f06beea92cbeb4866ea11,0.002247566997539252,0.12404039638916724,1.1408171905310514,0.8289454281330109,0.5306543288752437,0.7019331138581038
fine_control,59,slit_bridge,148,private-source://routeA_experiments/data/final_ood_frozen_v1/slit_bridge/sample_0148.npz,e38da3693d172092572c7f2754a94e44ef94b0502f3919d896ce0c2fbe38e009,0.002281408989802003,0.11254982388841078,0.885909338047592,0.7489935755729675,0.4724217541515827,0.6240245431661604
fine_control,59,slit_bridge,149,private-source://routeA_experiments/data/final_ood_frozen_v1/slit_bridge/sample_0149.npz,afc272ad1c582032ceafc263f98a9500852bcc9f113906a40f63ad64c40aee4c,0.002333582000574097,0.125322142664314,1.729965460227195,0.93563511967659,0.5366527512669563,0.7432713221292931
fine_control,59,slit_bridge,150,private-source://routeA_experiments/data/final_ood_frozen_v1/slit_bridge/sample_0150.npz,3d18460af3363948da3a01a3d1b31a48effc40aa616a1b5dd39689622a7ec45c,0.0021693359885830432,0.10883913570047873,0.728030403718954,0.7956726849079132,0.46439830027520657,0.6372845046222201
fine_control,59,slit_bridge,151,private-source://routeA_experiments/data/final_ood_frozen_v1/slit_bridge/sample_0151.npz,d5753da7388ebb54f9cf2699537d139086e01002d7a59190bb63986a17939a32,0.002987132000271231,0.07357555406109034,0.5371395633086709,0.6084460020065308,0.2958504855632782,0.44039360880851713
fine_control,59,slit_bridge,152,private-source://routeA_experiments/data/final_ood_frozen_v1/slit_bridge/sample_0152.npz,9695aa6ea858785b103e16fd61c266f988f64686cfbdc88b2899662da023ea05,0.0027314519975334406,0.07519900042901552,0.623030391825705,0.659298300743103,0.28374931775033474,0.4206755861639975
fine_control,59,slit_bridge,153,private-source://routeA_experiments/data/final_ood_frozen_v1/slit_bridge/sample_0153.npz,60ac6a052ff2a92b7086357b74a96c31e33d7255ddf407c4f70bc5fe58806b60,0.002909852017182857,0.127907375461789,1.6902825275102282,0.8453916124999523,0.5460602287203074,0.7240593202412126
fine_control,59,slit_bridge,154,private-source://routeA_experiments/data/final_ood_frozen_v1/slit_bridge/sample_0154.npz,02efeff9d6ba6e84c68ab742c168c4ca40609c73d6f82146e8a2f5b10a657897,0.0028255219804123044,0.1329078330364525,2.123556847837421,0.9471651166677475,0.5942163232539315,0.7431563998339695
fine_control,59,slit_bridge,155,private-source://routeA_experiments/data/final_ood_frozen_v1/slit_bridge/sample_0155.npz,ea8bfa01563270f5d6e2ec9dbe473f05772c2e4989b937a57ae2104227258fed,0.003114785999059677,0.07918482340904408,0.5250663644458233,0.592781126499176,0.2993888035416603,0.47801781296729995
fine_control,59,slit_bridge,156,private-source://routeA_experiments/data/final_ood_frozen_v1/slit_bridge/sample_0156.npz,5005fb0814bda784608be7da52a32e34a6544ba7bd358a95694b62e213f8f2c2,0.003112167993094772,0.11681061791689082,0.9377327103199928,0.8599385842680931,0.47021214570850134,0.6845623366534708
fine_control,59,slit_bridge,157,private-source://routeA_experiments/data/final_ood_frozen_v1/slit_bridge/sample_0157.npz,ac48ebb841e2622ef6bc4ba966dad1b3b604f8d724d29e6f2fab1b6641ee1921,0.0032753509876783937,0.1270213146198087,1.0578565195210143,0.9172500669956207,0.5673472518101335,0.7730558589100837
fine_control,59,slit_bridge,158,private-source://routeA_experiments/data/final_ood_frozen_v1/slit_bridge/sample_0158.npz,2f49624ea36882b03b9786cab30360722cade76c056bea230f9c9ba4ac764c8b,0.0025599410000722855,0.08929127656925406,0.5626507467091812,0.581873033195734,0.39072735980153084,0.5340225473046303
fine_control,59,slit_bridge,159,private-source://routeA_experiments/data/final_ood_frozen_v1/slit_bridge/sample_0159.npz,d0b13a51187a418d7efe2e93a19604a3d01c818ea9736b5aa09b4607fad5fa55,0.0025715800002217293,0.09352181700254583,0.7277252483921554,0.722103089094162,0.412084624171257,0.6522633206099264
fine_control,59,slit_bridge,160,private-source://routeA_experiments/data/final_ood_frozen_v1/slit_bridge/sample_0160.npz,622f4d8070ecdd9d0a824ce72f84fecc0c78f83011ff11259ebc6bb846de281e,0.0024219290062319487,0.06735999346031264,0.45858224867387537,0.46529024839401245,0.24385903030633926,0.36855739206075655
fine_control,59,slit_bridge,161,private-source://routeA_experiments/data/final_ood_frozen_v1/slit_bridge/sample_0161.npz,178f02f0e3b5995f2619dd6bf52ad3a7508f806bd4e13ba9ceeb9a36f1649f16,0.002899343002354726,0.11877440351832314,1.1692744354224327,0.7549247518181801,0.501968577504158,0.6564239634200925
fine_control,59,slit_bridge,162,private-source://routeA_experiments/data/final_ood_frozen_v1/slit_bridge/sample_0162.npz,7dac1f84d357180521999872dd329573241cb8c42feeb442891197f01199c66b,0.0026423480012454093,0.13701466819757027,1.6554556278109311,0.9248622916638851,0.601268942351453,0.7761136002838607
fine_control,59,slit_bridge,163,private-source://routeA_experiments/data/final_ood_frozen_v1/slit_bridge/sample_0163.npz,b7a7aa86a9bdc19977f06da4caff68d49a340edbf4f1a1c1187591366b6636d2,0.003074464009841904,0.1193318018251954,0.9108040257555712,0.8519708514213562,0.5126611720770597,0.7292808875441531
fine_control,59,slit_bridge,164,private-source://routeA_experiments/data/final_ood_frozen_v1/slit_bridge/sample_0164.npz,779949d863880f5d16a879e81f20fad07ea4f966fba7da8ee22f0adaa6fc32af,0.0023578929831273854,0.13119104805066395,0.9822886734029357,0.7933630347251892,0.5318760750815272,0.7012670487165447
fine_control,59,slit_bridge,165,private-source://routeA_experiments/data/final_ood_frozen_v1/slit_bridge/sample_0165.npz,dc423b6d998084bf0149349c297bb1babad5e99fb236b7c05dfa975cb5183082,0.002968301996588707,0.06253602034651473,0.4446594880257532,0.5984394550323486,0.24521806836128235,0.3850983262062071
fine_control,59,slit_bridge,166,private-source://routeA_experiments/data/final_ood_frozen_v1/slit_bridge/sample_0166.npz,351a161f32941f870662dc54b1d5ae59e25dc38cb8501ca4493dd08e6d42d64a,0.002408191008726135,0.12246747490178456,0.9945226966619793,0.850102573633194,0.5073997899889946,0.666080942936241
fine_control,59,slit_bridge,167,private-source://routeA_experiments/data/final_ood_frozen_v1/slit_bridge/sample_0167.npz,aa66574c4716561ec10258da0ac13914768f1d14f665ebf1ec534f148bd0abd7,0.0022682940179947764,0.0772936543028706,0.5947544434243478,0.6724802404642105,0.32683202624320984,0.4381238237023353
fine_control,59,slit_bridge,168,private-source://routeA_experiments/data/final_ood_frozen_v1/slit_bridge/sample_0168.npz,b0b356c11f56258bb6f3db09bd66c6dcd1bcd41614b20e67f8e907402ec13485,0.002665717009222135,0.1157758261104115,0.9390786711755645,0.7579133361577988,0.4894738346338272,0.6421955227851863
fine_control,59,slit_bridge,169,private-source://routeA_experiments/data/final_ood_frozen_v1/slit_bridge/sample_0169.npz,a469b2c4e556282ed62e13e26cd27398331a9ba05d88ee1913966198103238d6,0.0031044369970913976,0.1247836742520004,1.0527617083708882,1.1822020318359137,0.5464264061301947,0.6494141994044184
fine_control,59,slit_bridge,170,private-source://routeA_experiments/data/final_ood_frozen_v1/slit_bridge/sample_0170.npz,36fbd3c3d23a1204142c49ecd37ef44c2ba54ac4467ddb41d832464267e85212,0.0032496700005140156,0.1258436607591084,1.1174892752573484,0.7044000029563904,0.5398004725575447,0.6554373713210224
fine_control,59,slit_bridge,171,private-source://routeA_experiments/data/final_ood_frozen_v1/slit_bridge/sample_0171.npz,d535ac50a902c9794c7c816a49047dfd9c3f701564b69ce35cc24a4b731afa97,0.0032923560065682977,0.1372050945377426,1.7293828518740222,0.9255664423108101,0.610938772559166,0.7388096958398818
fine_control,59,slit_bridge,172,private-source://routeA_experiments/data/final_ood_frozen_v1/slit_bridge/sample_0172.npz,4e4eeb0f4d4f14aa76bc67064de00f38d35024c2470cfc77d2414c6da16f99f2,0.0027867669996339828,0.09979482150005786,0.6751914167962357,0.6137837171554565,0.4708084911108017,0.5613516382873057
fine_control,59,slit_bridge,173,private-source://routeA_experiments/data/final_ood_frozen_v1/slit_bridge/sample_0173.npz,4c3d97c818e4c1aaa20fd773230ef107c1e90a4328ebbfb020186474b8b391e2,0.002774745022179559,0.11372712427995538,0.9426803930397786,0.8216796517372131,0.4937908463180065,0.7167280331253999
fine_control,59,slit_bridge,174,private-source://routeA_experiments/data/final_ood_frozen_v1/slit_bridge/sample_0174.npz,c764cef11e9744e2347bf095a3ad20fd9c9a40516623d0e6687f000cea70736b,0.002581298991572112,0.1149884649334957,1.0436928599022608,0.7739593833684921,0.5031430497765541,0.6487008005380629
fine_control,59,slit_bridge,175,private-source://routeA_experiments/data/final_ood_frozen_v1/slit_bridge/sample_0175.npz,22afae3ce0b327b65855609e847dcf168cbfa0c3da01d0e00d7ff822a2f93dab,0.0027408490132074803,0.0999630918742419,0.6403490154870377,0.6370856761932373,0.43756114691495895,0.5544301167130467
fine_control,59,slit_bridge,176,private-source://routeA_experiments/data/final_ood_frozen_v1/slit_bridge/sample_0176.npz,3615c8f32a0156e435a991da99bea493288394630d64ca1402e46469b4ae4561,0.0026107710145879537,0.06250297097648866,0.42078153361373843,0.806371659040451,0.24205802381038666,0.3945529460906982
fine_control,59,slit_bridge,177,private-source://routeA_experiments/data/final_ood_frozen_v1/slit_bridge/sample_0177.npz,bde9b0878d1f9163cd3460df65d8fbaa6d012659d97271692cd52839664004d8,0.002570065000327304,0.0916760137004823,0.745871844170434,0.6485060304403305,0.4440725389868021,0.5685810901224613
fine_control,59,slit_bridge,178,private-source://routeA_experiments/data/final_ood_frozen_v1/slit_bridge/sample_0178.npz,dffe6643c77429e0e5ed595fcd8553b626ac374c0226c86babb86bb23700de20,0.002518041990697384,0.09789359316243672,0.7263074360054261,0.7308397889137268,0.45212841406464577,0.6743411913514136
fine_control,59,slit_bridge,179,private-source://routeA_experiments/data/final_ood_frozen_v1/slit_bridge/sample_0179.npz,fca36c52c6cfb0110fbe78721de423d99487a00561b0c6b6b9f826917f42aede,0.0024186570080928504,0.08072828857033772,0.5053194063003742,0.565089225769043,0.34044087678194046,0.5139232814311978
fine_control,59,slit_bridge,180,private-source://routeA_experiments/data/final_ood_frozen_v1/slit_bridge/sample_0180.npz,6f19672ce01e21e2c280e4be06a3e54680e018ff4c226cbe757f44ebad3e1910,0.0030014629883226007,0.08525592974107603,0.512804809618963,0.5401325225830078,0.3598778694868088,0.48265643119811963
fine_control,59,slit_bridge,181,private-source://routeA_experiments/data/final_ood_frozen_v1/slit_bridge/sample_0181.npz,ec877344fcdbfdbdaddf529e85e3cc5c3aab339963def6c7349014d86c8140d4,0.003086832002736628,0.1180668939422927,0.9330451582920308,0.7442989945411682,0.5421797893941402,0.6444934055209157
fine_control,59,slit_bridge,182,private-source://routeA_experiments/data/final_ood_frozen_v1/slit_bridge/sample_0182.npz,85955e8644eeb0dcc33c4aed80df2c7439e5bab709258a2875ce1a3a61c5ebfb,0.002778536989353597,0.09393664082017637,0.712718887666976,0.6708609387278557,0.43140430748462677,0.5930440343916414
fine_control,59,slit_bridge,183,private-source://routeA_experiments/data/final_ood_frozen_v1/slit_bridge/sample_0183.npz,7db60f93fba5ad9147fed2dc7ad510080993a1ba5cacff680d8f7315ac009961,0.003223239997169003,0.12379913883762445,0.9339996986227004,0.8318663537502289,0.526305970735848,0.6806920401751995
fine_control,59,slit_bridge,184,private-source://routeA_experiments/data/final_ood_frozen_v1/slit_bridge/sample_0184.npz,8121820fc993132420a3854bde14b0b1742133b65c0a82ff2248b97133f07f34,0.0031560070056002587,0.108738046807956,0.9162498735615251,0.7141841500997543,0.4531968031078577,0.6254955474287271
fine_control,59,slit_bridge,185,private-source://routeA_experiments/data/final_ood_frozen_v1/slit_bridge/sample_0185.npz,6cddc80ef7290697c6e5ddae659d68aa20dcd10104ab9b2cd5f9708afe9f741d,0.003153775993268937,0.061817453047904904,0.38682970722177523,0.5585616305470467,0.2155267894268036,0.366495990753173
fine_control,59,slit_bridge,186,private-source://routeA_experiments/data/final_ood_frozen_v1/slit_bridge/sample_0186.npz,325ef30f2da8a65dac78a1b06a65f887f2d9947c96e2faee9e6a8ec03323351a,0.0030845089931972325,0.1105435202254387,0.7949946270946975,0.7273011207580566,0.48209632001817226,0.6077787969261408
fine_control,59,slit_bridge,187,private-source://routeA_experiments/data/final_ood_frozen_v1/slit_bridge/sample_0187.npz,119b85212c8b4744bf1d62d7dfe261550cb6d3e5d22f4790dbe62e75609d0922,0.0024908650084398687,0.08399367045404794,0.5907261719813562,0.7585473135113716,0.38265834748744965,0.5022594094276427
fine_control,59,slit_bridge,188,private-source://routeA_experiments/data/final_ood_frozen_v1/slit_bridge/sample_0188.npz,dcf9852e45123cccfdad55cec5cd89ffd610e5287252fbe34ba1dd1786992a3e,0.0028399149887263775,0.11447216299569345,0.8638147660662414,0.7650449424982071,0.5158505588769913,0.685154429078102
fine_control,59,slit_bridge,189,private-source://routeA_experiments/data/final_ood_frozen_v1/slit_bridge/sample_0189.npz,286c7744959bebf561fcf60d6510f810deadc11b4f49e589e2e9473d32de82f7,0.0032051260059233755,0.08938109897087829,0.7456283826641497,0.5880533829331398,0.4128486979752779,0.5703153654932975
fine_control,59,slit_bridge,190,private-source://routeA_experiments/data/final_ood_frozen_v1/slit_bridge/sample_0190.npz,fe702ecba390c3dc04a9733afe0b132a016fcf5c4eaffcad11aaea841c4e382e,0.0025237040244974196,0.11770630647736399,1.0410082316483937,0.7285411059856415,0.49236804991960526,0.629490792006254
fine_control,59,slit_bridge,191,private-source://routeA_experiments/data/final_ood_frozen_v1/slit_bridge/sample_0191.npz,cc046fa8afaf7d479712359b932e246ff1ee8e9d4f1365bd79dc2f10196be05c,0.0026377759932074696,0.12247249829701251,1.066012155230925,0.7032214961946011,0.5052515100687742,0.6397984355688096
fine_control,59,slit_bridge,192,private-source://routeA_experiments/data/final_ood_frozen_v1/slit_bridge/sample_0192.npz,12a887fa1b92770140bbc308300406b9f45be794a2802dc5d4318f9f90964304,0.002419549011392519,0.1152912201547912,0.8421443029878929,0.7063295543193817,0.46571741066873074,0.6338544324040413
fine_control,59,slit_bridge,193,private-source://routeA_experiments/data/final_ood_frozen_v1/slit_bridge/sample_0193.npz,ea535161153d10af3f779e6ce92ab576cb6f01bb2b84270e675cb8a7ca3bff3d,0.002702532976400107,0.06573077804058655,0.4470824475535945,0.594226062297821,0.2782955691218376,0.4212442636489866
fine_control,59,slit_bridge,194,private-source://routeA_experiments/data/final_ood_frozen_v1/slit_bridge/sample_0194.npz,8488a62661fcd5432a193ca5c2bdaf1492f33731b7131ad3e367f5731ec70c37,0.003095567983109504,0.11878657644167778,1.0374640851904346,0.9015246629714966,0.5005773976445198,0.7789624482393263
fine_control,59,slit_bridge,195,private-source://routeA_experiments/data/final_ood_frozen_v1/slit_bridge/sample_0195.npz,7e1d374879fa5f6a96ebc3990a10958313440dc33a9ef060976f12e925232108,0.0028715500084217638,0.09213435375984294,0.6223637894701234,0.6234188675880432,0.417701318860054,0.5587895937263965
fine_control,59,slit_bridge,196,private-source://routeA_experiments/data/final_ood_frozen_v1/slit_bridge/sample_0196.npz,d4848a4e772e741b625e10aec676527f984e3943b470a872754331769f8b94bb,0.0024142129987012595,0.11349670528145414,1.0385181916685446,0.7278968989849091,0.5036669094115496,0.6587425777688622
fine_control,59,slit_bridge,197,private-source://routeA_experiments/data/final_ood_frozen_v1/slit_bridge/sample_0197.npz,2b37447cf0d376d2e2021ecf8d29a5d17437f6bb153943e0f306b31930209b3e,0.002927211986389011,0.12352007415677495,0.9555269283680657,0.8795095235109329,0.5532335853204131,0.7988657638430593
fine_control,59,slit_bridge,198,private-source://routeA_experiments/data/final_ood_frozen_v1/slit_bridge/sample_0198.npz,8030be12303215e83fab9a6e2360c32b7958cadc693426ae4437ff9ce9a38d91,0.0030143529875203967,0.10048302952593796,0.75450064199756,0.7235798835754395,0.43165844678878784,0.6286636561155318
fine_control,59,slit_bridge,199,private-source://routeA_experiments/data/final_ood_frozen_v1/slit_bridge/sample_0199.npz,cc6a52511cc16e98c96e4753d529c21a8e0ccbe95013bc0584ae491523d2bb83,0.002938324003480375,0.0698470199198084,0.5214452971807442,0.5538297891616821,0.25768427550792694,0.4267759740352627
fine_control,59,three_hole_asymmetric,0,private-source://routeA_experiments/data/final_ood_frozen_v1/three_hole_asymmetric/sample_0000.npz,76239d9d4cae31805b23350941f6924762ca8e0eb2de53f5e0014a3050004492,0.0025189050065819174,0.09494132402191363,0.8814693725756032,0.7194679081439972,0.4546756483614445,0.6116754417656918
fine_control,59,three_hole_asymmetric,1,private-source://routeA_experiments/data/final_ood_frozen_v1/three_hole_asymmetric/sample_0001.npz,c8138e48b2b5450756ab6ea06ad8018a0f03fd49507fdf70f7602513883c6d79,0.00331168100819923,0.08548710840276433,1.063728918068348,0.8298801779747009,0.37629647995345294,0.575199178792536
fine_control,59,three_hole_asymmetric,2,private-source://routeA_experiments/data/final_ood_frozen_v1/three_hole_asymmetric/sample_0002.npz,8415d3f4052cfa250de2e615b5f135c4cbc51665e9780ba0c740b7bc68b0b8d0,0.00303711902233772,0.09267255644094191,0.9319943954365796,0.7928334623575211,0.3541985212068539,0.5622558857779948
fine_control,59,three_hole_asymmetric,3,private-source://routeA_experiments/data/final_ood_frozen_v1/three_hole_asymmetric/sample_0003.npz,126883ed7a18270534e81fc020b354d6a09b3d0b37130be0a213f6e3fe3611cf,0.002406643994618207,0.1136932944470404,0.9990486124099863,0.7776585966348648,0.4904283117502928,0.6867181805660948
fine_control,59,three_hole_asymmetric,4,private-source://routeA_experiments/data/final_ood_frozen_v1/three_hole_asymmetric/sample_0004.npz,73fddad29aef7a16eeabb39f9b70e218861d55037c0d2745430816f9076f8b8f,0.0028542540094349533,0.08971113354313523,1.0837954514407506,0.7360459864139557,0.3530003810301423,0.547454666881822
fine_control,59,three_hole_asymmetric,5,private-source://routeA_experiments/data/final_ood_frozen_v1/three_hole_asymmetric/sample_0005.npz,0cce2a32a88505f1a40318561d466c31de7f2eb63e0449cf3df2f644c64a0108,0.003288120002252981,0.09392027670741382,0.9127622215744182,0.6764861345291138,0.4287877440219745,0.635654896683991
fine_control,59,three_hole_asymmetric,6,private-source://routeA_experiments/data/final_ood_frozen_v1/three_hole_asymmetric/sample_0006.npz,05b9798f8cd5b5b832e909e747bb49397a06d4bc8291718bcb52ee39573eb619,0.002395040006376803,0.11279072030657676,1.1729984630235069,0.715790182352066,0.4986227317713201,0.6716036472469566
fine_control,59,three_hole_asymmetric,7,private-source://routeA_experiments/data/final_ood_frozen_v1/three_hole_asymmetric/sample_0007.npz,6ba61082fc82270f3f31ed8952fcbbd145b31d5361d264f2bd66a5366e0bc340,0.0024352309992536902,0.08710101598471583,0.9006105011438372,0.6728250533342361,0.33780197525629774,0.6091112168505778
fine_control,59,three_hole_asymmetric,8,private-source://routeA_experiments/data/final_ood_frozen_v1/three_hole_asymmetric/sample_0008.npz,853331caeb1b23865ccb78c9a2f431c6c5268c039e4b02388b3e7b2950cb9a7f,0.002875090023735538,0.10061415283738413,0.9858283259136301,0.8585083112120628,0.4479223098605871,0.675154548231512
fine_control,59,three_hole_asymmetric,9,private-source://routeA_experiments/data/final_ood_frozen_v1/three_hole_asymmetric/sample_0009.npz,9970adef6a8aee3680702738f4b4535ec99d53fd695e57178ef1d947c3890f8c,0.0025302029971498996,0.09854213995833003,0.9413180119274234,0.7175527811050415,0.38835081551223993,0.6508748197462406
fine_control,59,three_hole_asymmetric,10,private-source://routeA_experiments/data/final_ood_frozen_v1/three_hole_asymmetric/sample_0010.npz,ca5bef464b218ce33227b66ed886a6d671ca7ebab5b66b551b37435087ee4d86,0.0027807659935206175,0.1036351699528834,1.0241103328029673,0.8415541797876358,0.4962924175488297,0.7187458582222458
fine_control,59,three_hole_asymmetric,11,private-source://routeA_experiments/data/final_ood_frozen_v1/three_hole_asymmetric/sample_0011.npz,ed6e65591f32cddee3a621d0a802c4d3ce1e222eac7e0ad7a6d66916367e9015,0.002466873003868386,0.08845297610463959,0.9747757328926663,0.8354929685592651,0.36252473667263985,0.6115739610046144
fine_control,59,three_hole_asymmetric,12,private-source://routeA_experiments/data/final_ood_frozen_v1/three_hole_asymmetric/sample_0012.npz,81ff39c1f360e63cd187c00763f0e47af4b7b964b23c0036bbcc2118bcfa7335,0.0028728060133289546,0.10101360472977812,0.9788926794852296,0.7502278983592987,0.46233206122997217,0.6082437587901949
fine_control,59,three_hole_asymmetric,13,private-source://routeA_experiments/data/final_ood_frozen_v1/three_hole_asymmetric/sample_0013.npz,7b336e409d0b1be61aa8152652f7727a997afad669670d5dbedef898f8385d62,0.0024204519868362695,0.09143494176894418,1.0301733767942496,0.7869016826152802,0.34273700407356955,0.6664883147925137
fine_control,59,three_hole_asymmetric,14,private-source://routeA_experiments/data/final_ood_frozen_v1/three_hole_asymmetric/sample_0014.npz,14b2727426b78377e48754867160238048d5c11e6a60c8244c17e2f5d349c674,0.002468093007337302,0.09081085506814264,0.9362636282603971,0.6664097309112549,0.4203561618924141,0.5551108121871946
fine_control,59,three_hole_asymmetric,15,private-source://routeA_experiments/data/final_ood_frozen_v1/three_hole_asymmetric/sample_0015.npz,f1f557f0e4338c64350ec1c2218ae556b5ee258eeeb85ed87e15e06d69e7949f,0.00226239999756217,0.10795102917605856,1.2934343374489576,0.8063845038414001,0.498270942713134,0.6622420658473855
fine_control,59,three_hole_asymmetric,16,private-source://routeA_experiments/data/final_ood_frozen_v1/three_hole_asymmetric/sample_0016.npz,e72396fee8a43a2b8ddefe735291ca8705c65690b680b4a18f84ae974e873213,0.0031431099923793226,0.1042454888588116,1.1487255695152734,0.8552190661430359,0.45973799377679825,0.6793326275423168
fine_control,59,three_hole_asymmetric,17,private-source://routeA_experiments/data/final_ood_frozen_v1/three_hole_asymmetric/sample_0017.npz,e985edd4b5fd67f0812b23ba168c67faea3aeed38dc497bd3554f7bd6760ce23,0.0024757070059422404,0.11192367934068594,1.2336105903813885,0.817581407725811,0.5038345161592588,0.6827858470380301
fine_control,59,three_hole_asymmetric,18,private-source://routeA_experiments/data/final_ood_frozen_v1/three_hole_asymmetric/sample_0018.npz,822a1ae4756152a1ca58caa1ec6d5f81a08654b749358283fdc1e93ee4e96c05,0.002586197981145233,0.09717389147694294,0.8209912228087588,0.700795590877533,0.41576413437724113,0.6236556768417356
fine_control,59,three_hole_asymmetric,19,private-source://routeA_experiments/data/final_ood_frozen_v1/three_hole_asymmetric/sample_0019.npz,930b0ac62993246d762ab2fade330a6323a28dfa631309dcd025ccc1955464d2,0.0024204590008594096,0.1032346188457245,1.0548238970994368,0.693044513463974,0.44759852439165115,0.5986904287710779
fine_control,59,three_hole_asymmetric,20,private-source://routeA_experiments/data/final_ood_frozen_v1/three_hole_asymmetric/sample_0020.npz,ebe95ab8adce4e5f03a8c032f3f82d5b37362c40745ec8db423913bbcdbc36cc,0.0026798020116984844,0.09764196274812995,1.1892033726681928,0.67280975705944,0.4616713896393776,0.6241957426071166
fine_control,59,three_hole_asymmetric,21,private-source://routeA_experiments/data/final_ood_frozen_v1/three_hole_asymmetric/sample_0021.npz,54558d7be0dcfa75da26d4b23bc274c3c188b6521dea1d6a7af66329fa9f8251,0.0025562800001353025,0.09919711415876686,0.8300787290619351,0.6989987790584564,0.41752786561846733,0.6377048293128604
fine_control,59,three_hole_asymmetric,22,private-source://routeA_experiments/data/final_ood_frozen_v1/three_hole_asymmetric/sample_0022.npz,6bdc3c8942ace2076e15642c82251ef4fb1abdcb025262d5cbf4bf8159949c89,0.002381141996011138,0.10005985960803775,1.1076971623810128,0.8311733305454254,0.42311161663383245,0.6609893225133416
fine_control,59,three_hole_asymmetric,23,private-source://routeA_experiments/data/final_ood_frozen_v1/three_hole_asymmetric/sample_0023.npz,fb7b07378547ca5def525e00c556fd80770b515ccf896b8db2c472e26a09e5de,0.0024971670063678175,0.10070953088223229,1.589864400431246,0.8659689873456955,0.4018559956457466,0.6522303239791654
fine_control,59,three_hole_asymmetric,24,private-source://routeA_experiments/data/final_ood_frozen_v1/three_hole_asymmetric/sample_0024.npz,2db1bdfbff80836e6a8d01f12b7e3e3ccb933bc7fa29a6c580e28e0a5d564196,0.0028068740211892873,0.10244977859036798,0.9414270763262782,0.8243800699710846,0.44197403418365866,0.7019346788525579
fine_control,59,three_hole_asymmetric,25,private-source://routeA_experiments/data/final_ood_frozen_v1/three_hole_asymmetric/sample_0025.npz,d3dd37382fca909602f329cf5ca0868fdf4906bc68d239b517c7b63904d4d71e,0.002970451023429632,0.10676429267260092,0.9911333810544136,0.774395227432251,0.4787865933030844,0.6920559689402579
fine_control,59,three_hole_asymmetric,26,private-source://routeA_experiments/data/final_ood_frozen_v1/three_hole_asymmetric/sample_0026.npz,ab2b827142dff4076d7ccc83b71215ae118cd4367f57c2e1f1a596a261244546,0.0028447719814721495,0.10189002433829583,0.9099900066122846,0.8186560869216919,0.4219328375183977,0.7029900915920733
fine_control,59,three_hole_asymmetric,27,private-source://routeA_experiments/data/final_ood_frozen_v1/three_hole_asymmetric/sample_0027.npz,502e0384dcc52c88b8d7686ef96396b3cb52f6aaceef7f024eb2b099d1a4007a,0.002903821994550526,0.10394091290248227,1.488644534376103,0.8759490326046944,0.5065200181361433,0.7087756146036551
fine_control,59,three_hole_asymmetric,28,private-source://routeA_experiments/data/final_ood_frozen_v1/three_hole_asymmetric/sample_0028.npz,9350fce83bcaffdab0c4c8e8d9620ad9255df6368a78acb778f31f6d4d74c766,0.002452895976603031,0.09429998042426302,1.112313745666987,0.7586599737405777,0.4201146417763084,0.6485379640129393
fine_control,59,three_hole_asymmetric,29,private-source://routeA_experiments/data/final_ood_frozen_v1/three_hole_asymmetric/sample_0029.npz,f5870c4d60ab26a07f238eaa0997f6136bebb56604eb5c97e4b9a2fda2f9dc4e,0.002720502990996465,0.09114259015817958,0.6468056677250145,0.5937846750020981,0.34992728498764336,0.5443970173597331
fine_control,59,three_hole_asymmetric,30,private-source://routeA_experiments/data/final_ood_frozen_v1/three_hole_asymmetric/sample_0030.npz,6fd7dea4e1eb48c71994c0c450b08928f5ea2504ed659d879044b9b6c1644f3b,0.002875386009691283,0.08580069237188429,1.129834828044021,0.832275390625,0.354467099532485,0.6063623663038012
fine_control,59,three_hole_asymmetric,31,private-source://routeA_experiments/data/final_ood_frozen_v1/three_hole_asymmetric/sample_0031.npz,4ba2ed02c426f61c1986b2240ee86afd7314ebbbe8b539e56f9600ba0cbbc1d6,0.00231502199312672,0.09254967304454834,1.060962876678367,0.7839107066392899,0.3954790972638875,0.5977922039455732
fine_control,59,three_hole_asymmetric,32,private-source://routeA_experiments/data/final_ood_frozen_v1/three_hole_asymmetric/sample_0032.npz,19561acd47d971095affbf1d7482c2543969e7efe2e017cce9662594c2409591,0.0026591119822114706,0.10797927159207625,1.2167959007872198,0.7870865166187286,0.49615629203617573,0.6532879921258422
fine_control,59,three_hole_asymmetric,33,private-source://routeA_experiments/data/final_ood_frozen_v1/three_hole_asymmetric/sample_0033.npz,299a816b59d1641a415a05ef717681b17573aad62ca3c0dc9711e90793f0d5b1,0.003311954002128914,0.102250919330389,1.0947582395007476,0.8309802561998367,0.42889650794677436,0.622605669125914
fine_control,59,three_hole_asymmetric,34,private-source://routeA_experiments/data/final_ood_frozen_v1/three_hole_asymmetric/sample_0034.npz,d9c1345372b974ce89c979d52478ef6d491162f017535e9466a777f808423d7d,0.0030054910166654736,0.10290678813233042,1.0186059064439839,0.8808132857084274,0.42460196059255395,0.6660258332267401
fine_control,59,three_hole_asymmetric,35,private-source://routeA_experiments/data/final_ood_frozen_v1/three_hole_asymmetric/sample_0035.npz,bbc5468f3342befdbe4e2f23d133af48d348c7ec0465af4103305de397fa0309,0.0030930890061426908,0.08487287795246339,0.7748946412468394,0.6958442330360413,0.33531890041194856,0.5665581703186032
fine_control,59,three_hole_asymmetric,36,private-source://routeA_experiments/data/final_ood_frozen_v1/three_hole_asymmetric/sample_0036.npz,f42f3b5b47bedfb758af7282d3853313d2f8cd91228aa5ad8456fe5f4ab773e7,0.0030201729969121516,0.08217674971094249,0.6522676823173745,0.7390006333589554,0.3370709717273712,0.5496736995875828
fine_control,59,three_hole_asymmetric,37,private-source://routeA_experiments/data/final_ood_frozen_v1/three_hole_asymmetric/sample_0037.npz,70b02216f9922d40a0913ae98c1656101a148ee3d0036600db73f132e9e21930,0.0031340809946414083,0.09477397999743324,0.9693141948612196,0.8449388965964317,0.4584725368767977,0.7101881770417091
fine_control,59,three_hole_asymmetric,38,private-source://routeA_experiments/data/final_ood_frozen_v1/three_hole_asymmetric/sample_0038.npz,fa7d466e58601cc7ae42f28b80b74fe105c87c60ec45af33a67b9404e69917f3,0.002274792001117021,0.09026898120712169,0.7660560734002955,0.8319462537765503,0.3833291009068489,0.6187637418508524
fine_control,59,three_hole_asymmetric,39,private-source://routeA_experiments/data/final_ood_frozen_v1/three_hole_asymmetric/sample_0039.npz,6729ed9a2fcaa8077240d781da78727ef103709fb74147547087f09e654d3eeb,0.0029105200082994998,0.08010102482256908,0.7163936053072582,0.7626262679696083,0.2771556628867984,0.48355697989463803
fine_control,59,three_hole_asymmetric,40,private-source://routeA_experiments/data/final_ood_frozen_v1/three_hole_asymmetric/sample_0040.npz,4dc1b2b4a3bf9267ac51874c458885168a31fd1142276944c4d12ad9b44e5100,0.0023068349983077496,0.10611732648166751,1.139621695932812,0.8455393202602863,0.4307824410498142,0.7074543362483378
fine_control,59,three_hole_asymmetric,41,private-source://routeA_experiments/data/final_ood_frozen_v1/three_hole_asymmetric/sample_0041.npz,1b3c5a766f7f80111c7c5b2d1e785760caa4ac76416598c810f62f378e2dbb64,0.002341189014259726,0.10981773089126343,1.1779595924750423,0.8381692543625832,0.5100776763865724,0.6479369767243041
fine_control,59,three_hole_asymmetric,42,private-source://routeA_experiments/data/final_ood_frozen_v1/three_hole_asymmetric/sample_0042.npz,71baba454d946efdf1ed77d43d057be7b5cb937b31204d3f9a34e5b759e1f944,0.0026852650044020265,0.07982488784949408,0.6900034357280541,0.5969667881727219,0.3340059667825699,0.48139916434884045
fine_control,59,three_hole_asymmetric,43,private-source://routeA_experiments/data/final_ood_frozen_v1/three_hole_asymmetric/sample_0043.npz,2ede2163e09a9b392d4845b6523de16898b67b651acecab632146f022bcfc1f4,0.0024335109919775277,0.09394717061452605,0.9291366549530329,0.6871510893106461,0.3840347395380377,0.5957491731736808
fine_control,59,three_hole_asymmetric,44,private-source://routeA_experiments/data/final_ood_frozen_v1/three_hole_asymmetric/sample_0044.npz,752790623dc514ac3a960bd67bd0cc3d73c861a4598060b92da04b2669e579d1,0.0028963240038137883,0.10932703943966486,1.5318274330247796,0.9534632675349712,0.4992441013455391,0.6944553017325233
fine_control,59,three_hole_asymmetric,45,private-source://routeA_experiments/data/final_ood_frozen_v1/three_hole_asymmetric/sample_0045.npz,f93c887a4af2aa5861e233d5e8c99ba90ed0d24be1f48007e736b60f2d82baa0,0.002893761993618682,0.08361977385478514,1.036273639854158,0.8427764177322388,0.28784730518236756,0.5147255681455133
fine_control,59,three_hole_asymmetric,46,private-source://routeA_experiments/data/final_ood_frozen_v1/three_hole_asymmetric/sample_0046.npz,7d5d9a6e64d8ae8a1e9c7319dfb573f33de06eedee213c902c4b6812faa42d0f,0.002541828987887129,0.11854940533371217,1.4512876437685456,0.8935824781656265,0.5332308248616755,0.7204044897109255
fine_control,59,three_hole_asymmetric,47,private-source://routeA_experiments/data/final_ood_frozen_v1/three_hole_asymmetric/sample_0047.npz,95e07fc5463827a0ac7d058d0e1aeb9765b781fcc9901e3615d3cde6d0c42f72,0.0024871189962141216,0.1061419557685934,0.8704828276843067,0.6904900670051575,0.43805747479200363,0.6420630807988342
fine_control,59,three_hole_asymmetric,48,private-source://routeA_experiments/data/final_ood_frozen_v1/three_hole_asymmetric/sample_0048.npz,741a820e5ca03d114c8d4ed90e51db19c9ac4733b4f826ec2ddcc36cdcac9b62,0.002076278004096821,0.09280599430062882,0.7137608635348455,0.6561089903116226,0.3741694763302803,0.5429459564387797
fine_control,59,three_hole_asymmetric,49,private-source://routeA_experiments/data/final_ood_frozen_v1/three_hole_asymmetric/sample_0049.npz,9317a9055bfd4093fea4ae0bf2d7e1d3d9c8669629d159a06ce9f1c11ad7714e,0.00278995800181292,0.09707114101615912,1.0712744533164742,0.701245903968811,0.4374632742255926,0.6293422345072031
fine_control,59,three_hole_asymmetric,50,private-source://routeA_experiments/data/final_ood_frozen_v1/three_hole_asymmetric/sample_0050.npz,88a36cb1ba6df1b25c02998dd5f645924a13a886bbdfd8571e6f74a10d39880a,0.002060546015854925,0.09549945829683819,1.058432405106196,0.8552256226539612,0.3347991461523634,0.6880695262923835
fine_control,59,three_hole_asymmetric,51,private-source://routeA_experiments/data/final_ood_frozen_v1/three_hole_asymmetric/sample_0051.npz,4d85c5da827c71859348f936a1bae9663c3aa6086f7d0a08035af48235a64ac0,0.0021548419899772853,0.1036162130773261,1.224099280194285,0.7883312851190567,0.47688395605655387,0.6660742737352846
fine_control,59,three_hole_asymmetric,52,private-source://routeA_experiments/data/final_ood_frozen_v1/three_hole_asymmetric/sample_0052.npz,89347f4a5c2576ca481b684f9f7a77f38b7ae53c4ffdc77eeb307666b58e7af9,0.0028163229872006923,0.09630829403140317,0.9975671159094284,0.7453713119029999,0.4321153685450554,0.6378113259561358
fine_control,59,three_hole_asymmetric,53,private-source://routeA_experiments/data/final_ood_frozen_v1/three_hole_asymmetric/sample_0053.npz,68b58c6932346fa5b469420b06037edb861502f1184f5455c6a69240285d7df0,0.0022608109866268933,0.07634483688039272,0.676413776735062,0.7732973247766495,0.2695687338709831,0.42272857725620266
fine_control,59,three_hole_asymmetric,54,private-source://routeA_experiments/data/final_ood_frozen_v1/three_hole_asymmetric/sample_0054.npz,8a3d74a7607b5928b4762b9ca74c6b9275b177ed92746be0574f4816d05444cd,0.002667091990588233,0.10719415655425063,1.149604500168073,0.9087245464324951,0.4792768135666847,0.7199638050049542
fine_control,59,three_hole_asymmetric,55,private-source://routeA_experiments/data/final_ood_frozen_v1/three_hole_asymmetric/sample_0055.npz,35e8e631f17a95d6289143b7bc8633f62ae4fcbfedd60929228f07fdfb4340db,0.0026995170046575367,0.10841699753351072,1.2824093164972146,0.9206507578492165,0.5165266894618981,0.6759502424392848
fine_control,59,three_hole_asymmetric,56,private-source://routeA_experiments/data/final_ood_frozen_v1/three_hole_asymmetric/sample_0056.npz,445a3665a73f0ceaa2ced3d30b7da490d69d77b0d8a04d8eeb849db3eed04dd1,0.0026018100033979863,0.0806076911928032,0.8909081029420051,0.837072104215622,0.33350995322689414,0.5879581324756133
fine_control,59,three_hole_asymmetric,57,private-source://routeA_experiments/data/final_ood_frozen_v1/three_hole_asymmetric/sample_0057.npz,e6cd4f4e82b85801bd6e1f55cd798f136d06cef8b5699b3b132aae856fc4f8c6,0.002865903021302074,0.10319474792141851,0.9222847993051523,0.8396495878696442,0.41133207082748413,0.695020336657762
fine_control,59,three_hole_asymmetric,58,private-source://routeA_experiments/data/final_ood_frozen_v1/three_hole_asymmetric/sample_0058.npz,cd8c02f16d5cb5b76ccf7d1ec24d90c99eadd3a3beb517f14abd993c4185db88,0.002239794994238764,0.095405501427688,0.8599021413586726,0.6955415103584528,0.40135709196329117,0.6175863860407843
fine_control,59,three_hole_asymmetric,59,private-source://routeA_experiments/data/final_ood_frozen_v1/three_hole_asymmetric/sample_0059.npz,8b2f19de3b7d84f2e94fee0e2534974e7bb4e568d67f3a1c9928750c5d681d54,0.00214366297586821,0.09524536874789562,0.7442659755624842,0.6979817152023315,0.36627682484686375,0.598775980621576
fine_control,59,three_hole_asymmetric,60,private-source://routeA_experiments/data/final_ood_frozen_v1/three_hole_asymmetric/sample_0060.npz,9a762eaafc0ad4943d42da4f1c2f1324b21b6ee9e3faaf6bd0e21961c2c74f37,0.0021454099914990366,0.1027600439192116,1.0935850048717228,0.7743689119815826,0.4483606101712212,0.665683402866125
fine_control,59,three_hole_asymmetric,61,private-source://routeA_experiments/data/final_ood_frozen_v1/three_hole_asymmetric/sample_0061.npz,f363192d56ff237222c6af805a0435cdace76f73899372ae7a684b627192c2cf,0.0026907419960480183,0.07072507424712032,0.663878875174418,0.6356549561023712,0.27104735001921654,0.4550357658416032
fine_control,59,three_hole_asymmetric,62,private-source://routeA_experiments/data/final_ood_frozen_v1/three_hole_asymmetric/sample_0062.npz,2f26a4605d7e2c878f5be76227c29d3c349d949c85a3fd078ad080cee6cfff90,0.002180830982979387,0.09896118280036453,0.9536819109804633,0.8430091738700867,0.4672267077257857,0.6648377306060858
fine_control,59,three_hole_asymmetric,63,private-source://routeA_experiments/data/final_ood_frozen_v1/three_hole_asymmetric/sample_0063.npz,17c7bdafaf1ee584c9e013fbb7431229a839fea3282cdae21417ce64c07803f3,0.0023026039998512715,0.08422536113716367,0.743187666861797,0.6155381947755814,0.33214227110147476,0.5394234733656045
fine_control,59,three_hole_asymmetric,64,private-source://routeA_experiments/data/final_ood_frozen_v1/three_hole_asymmetric/sample_0064.npz,793cbf94a8f0ee09dd55e7baf6508b26cc685f59f0c6758686e2412286c50e95,0.002101675985613838,0.10015247581251711,0.7922332806760924,0.8107361868023872,0.38954384974204004,0.643041993677616
fine_control,59,three_hole_asymmetric,65,private-source://routeA_experiments/data/final_ood_frozen_v1/three_hole_asymmetric/sample_0065.npz,1a010370114984ac96012fd00665935431ad026ab4d7339462e9ede18dcde1d9,0.00260881899157539,0.09567756129379154,1.0206026707266092,0.8045816719532013,0.35458526891306974,0.6338306754827499
fine_control,59,three_hole_asymmetric,66,private-source://routeA_experiments/data/final_ood_frozen_v1/three_hole_asymmetric/sample_0066.npz,b4fb5ef8fe25b228082cf73d25bf64834fc6a386885f1003e912cc5461f36d56,0.0023906010028440505,0.09991705888957401,1.0507337875350855,0.7676627039909363,0.4424774425569922,0.6409364708466455
fine_control,59,three_hole_asymmetric,67,private-source://routeA_experiments/data/final_ood_frozen_v1/three_hole_asymmetric/sample_0067.npz,9966203f8926dbc05a509af06ae061895e57e0716bd5f4d7fbf1f94ef0a45954,0.002432862005662173,0.09087034559527714,1.0095732673179563,0.6898180916905403,0.421300234971568,0.5759081901051096
fine_control,59,three_hole_asymmetric,68,private-source://routeA_experiments/data/final_ood_frozen_v1/three_hole_asymmetric/sample_0068.npz,3441c1ef60f7fd85c99941996ff1e1187f19859561c6ad1e959ad510a070dfcb,0.0026367040118202567,0.10683539909644459,1.1178933396780535,0.8789369165897369,0.5045378892682493,0.7472442559897896
fine_control,59,three_hole_asymmetric,69,private-source://routeA_experiments/data/final_ood_frozen_v1/three_hole_asymmetric/sample_0069.npz,957b4c4b2aca791503277fca2b6d349af9cb542bc497b1dfb5a2641ef5e16b1e,0.0019682009879034013,0.11142004811402444,1.0927438844715565,0.8638700172305107,0.5255026603117585,0.6922764441929757
fine_control,59,three_hole_asymmetric,70,private-source://routeA_experiments/data/final_ood_frozen_v1/three_hole_asymmetric/sample_0070.npz,bf042f87f987b456925f37ee22c985a855b18b686770e5b97a394d3c0c2acbe6,0.002748857979895547,0.10414059051689877,1.0739080125163232,0.8547517359256744,0.44843677803874016,0.6690079816384237
fine_control,59,three_hole_asymmetric,71,private-source://routeA_experiments/data/final_ood_frozen_v1/three_hole_asymmetric/sample_0071.npz,d8ecc3806b2dd2950185d128052672533a7ecff47ea474de8708ce8b3e391105,0.002257081010611728,0.0751883004139904,0.9002619186575969,0.7929831147193909,0.2619001055136323,0.44648285731673154
fine_control,59,three_hole_asymmetric,72,private-source://routeA_experiments/data/final_ood_frozen_v1/three_hole_asymmetric/sample_0072.npz,6fb1d638377a02897f21ad9678d3a93e1ed734ef1ade5a6f69a1c16b0d92646b,0.0029217889823485166,0.09715883363672662,1.2441998740610736,0.8309982419013977,0.4580924278125167,0.657513468991965
fine_control,59,three_hole_asymmetric,73,private-source://routeA_experiments/data/final_ood_frozen_v1/three_hole_asymmetric/sample_0073.npz,aa1f55a954bf5a5a2a0fc55c80c60d0c6c3bcfed40697329e85d1f1150b3beb1,0.002030317991739139,0.09501298202628033,1.064936128293597,0.7980081140995026,0.416429927572608,0.6282327988184986
fine_control,59,three_hole_asymmetric,74,private-source://routeA_experiments/data/final_ood_frozen_v1/three_hole_asymmetric/sample_0074.npz,7efa7bbcf05970d90ea88b07b297960e2591bdf9454367d39202dd0eea0baf1c,0.0024819140089675784,0.08851695672458414,1.047006638731007,0.8364830911159515,0.3857775218784809,0.6015617387369273
fine_control,59,three_hole_asymmetric,75,private-source://routeA_experiments/data/final_ood_frozen_v1/three_hole_asymmetric/sample_0075.npz,797d1d48df61dcc794ea9c42bd7cbe3fb5904ac3207e4c22d07fd98d6cba6889,0.0025355039979331195,0.09813222054671027,0.908222279675031,0.7506650686264038,0.42249192856252193,0.6809833678416904
fine_control,59,three_hole_asymmetric,76,private-source://routeA_experiments/data/final_ood_frozen_v1/three_hole_asymmetric/sample_0076.npz,ed8628f781c6e4e0f944c54b129e12897361e0950bc2b545bb2c4111835b1aa3,0.0019324360182508826,0.10219130042973773,1.2109387895623385,0.9353255704045296,0.4133040253072977,0.6459891316248102
fine_control,59,three_hole_asymmetric,77,private-source://routeA_experiments/data/final_ood_frozen_v1/three_hole_asymmetric/sample_0077.npz,e1e3d0aa07a5e03fbc7d7cd2e5822d6d019cc78a74b2a133771301fca0c23ab6,0.0027018160035368055,0.10538180895298073,0.8788401097408979,0.8106795847415924,0.4607466012239456,0.695141052315011
fine_control,59,three_hole_asymmetric,78,private-source://routeA_experiments/data/final_ood_frozen_v1/three_hole_asymmetric/sample_0078.npz,b8c9c9f9a9d7c2106857e098ccf52a7ed33b76dda547cbe28fa76263b27cde39,0.002116532006766647,0.10456929371616254,1.022006270209523,0.8575940430164337,0.47231810467201285,0.6777327687479551
fine_control,59,three_hole_asymmetric,79,private-source://routeA_experiments/data/final_ood_frozen_v1/three_hole_asymmetric/sample_0079.npz,6600329ca06c105c508bd49db109ca5aa0861398ccd222389fac3dd5f02b058c,0.002112596994265914,0.10924227217444814,1.4121704603841534,0.7786918580532074,0.5080918982857838,0.6674624404986387
fine_control,59,three_hole_asymmetric,80,private-source://routeA_experiments/data/final_ood_frozen_v1/three_hole_asymmetric/sample_0080.npz,ffbc158abeb51a4eb3928201634706c040d340dabbe33426cdc7b7127fe13543,0.0021365840220823884,0.08509624567252447,0.9026279440278108,0.7220575511455536,0.3310296293348074,0.5344763885252177
fine_control,59,three_hole_asymmetric,81,private-source://routeA_experiments/data/final_ood_frozen_v1/three_hole_asymmetric/sample_0081.npz,a87e60b7c7797fddf37237be730cdc9809205a80b44cb6b2262de1a6d7645693,0.002017279010033235,0.10248759725780984,1.1460512660125197,0.8591329678893089,0.4948908786755055,0.6360276106745003
fine_control,59,three_hole_asymmetric,82,private-source://routeA_experiments/data/final_ood_frozen_v1/three_hole_asymmetric/sample_0082.npz,067daeb253b7553c2df8a4b49429eea3aa5169264dc4c11e08a931320e7ddff4,0.002564438007539138,0.07456538576693668,0.7062144839759021,0.7505369931459427,0.2746070446446538,0.4824995145201681
fine_control,59,three_hole_asymmetric,83,private-source://routeA_experiments/data/final_ood_frozen_v1/three_hole_asymmetric/sample_0083.npz,f1d60eebc050728f5777b4668048e76d34dee796f6835ce90e1158999fa44fd4,0.002679597004316747,0.10152429516721205,1.213840925890136,0.8492443561553955,0.5204539420083165,0.6872328266501425
fine_control,59,three_hole_asymmetric,84,private-source://routeA_experiments/data/final_ood_frozen_v1/three_hole_asymmetric/sample_0084.npz,412d7cf0b8e7473beabae2d73d6f51672f2e2290c5eb4f6594fefd3da8d64992,0.00251223097438924,0.09722291295404394,0.9086020995292845,0.7569902837276459,0.4266548463492654,0.6465244032442568
fine_control,59,three_hole_asymmetric,85,private-source://routeA_experiments/data/final_ood_frozen_v1/three_hole_asymmetric/sample_0085.npz,254ac982dfb840962b732a7f58d26007ad7175788b3d22740ac1a0de93037713,0.0027026050083804876,0.06814597267471971,0.562534666034921,0.5790291726589203,0.2389340689405799,0.4150403149425983
fine_control,59,three_hole_asymmetric,86,private-source://routeA_experiments/data/final_ood_frozen_v1/three_hole_asymmetric/sample_0086.npz,c521fb24ed492b9981db7f659459473625677c7b0d7e4c9095384fc6551b4657,0.0025261629780288786,0.11523393480223712,1.7223094333959152,0.869195282459259,0.5375980125390925,0.6814835542987564
fine_control,59,three_hole_asymmetric,87,private-source://routeA_experiments/data/final_ood_frozen_v1/three_hole_asymmetric/sample_0087.npz,7946973bee1306c79f4c36bb2e32fb4b5c210f4c5eee0944367ba30e9fdd9e31,0.00238118099514395,0.07056991037248576,0.6907154689524961,0.685711532831192,0.22816738486289978,0.3931536033749578
fine_control,59,three_hole_asymmetric,88,private-source://routeA_experiments/data/final_ood_frozen_v1/three_hole_asymmetric/sample_0088.npz,11f5514ff6bbacbe263aded7875193bf5aad8a00011357f6c74f2f464c5b23a1,0.0022888889943715185,0.09655996851613015,0.822326516466094,0.6855347957462072,0.3908415250480175,0.6022494062781331
fine_control,59,three_hole_asymmetric,89,private-source://routeA_experiments/data/final_ood_frozen_v1/three_hole_asymmetric/sample_0089.npz,a61b51e0b645bb67e96064efeeb018bd2d7b048c8350145b4efca94cd3cced4a,0.0026548310124780983,0.09683876919387227,0.8413411508578811,0.7721527367830276,0.44340963661670685,0.6506821986287832
fine_control,59,three_hole_asymmetric,90,private-source://routeA_experiments/data/final_ood_frozen_v1/three_hole_asymmetric/sample_0090.npz,f238f1b73bfe633977814f4ee8efd7678f1da09cdadc96667ab86b42fd9c84b8,0.002894156990805641,0.1136326387517686,1.2438766053903294,0.8883305788040161,0.5228023243835196,0.6822632074356079
fine_control,59,three_hole_asymmetric,91,private-source://routeA_experiments/data/final_ood_frozen_v1/three_hole_asymmetric/sample_0091.npz,908dee8055af09e682db2290282512110ad8b8134b5a3c698b0b1e27d1298733,0.0027366100111976266,0.07670530254976335,0.672138323398903,0.6381172835826874,0.28586150519549847,0.4657142758369445
fine_control,59,three_hole_asymmetric,92,private-source://routeA_experiments/data/final_ood_frozen_v1/three_hole_asymmetric/sample_0092.npz,235f3d7bb93d6ff69897dc532f9c0175c97fc98f43fc1a6c18061f36b3b6c3ef,0.00195957298274152,0.09971516165382195,0.8294821322981152,0.7573558390140533,0.44191738590598106,0.629474412091076
fine_control,59,three_hole_asymmetric,93,private-source://routeA_experiments/data/final_ood_frozen_v1/three_hole_asymmetric/sample_0093.npz,a7d0da11a92287a27a4a6c11ca702f3f2f17ff721a0f0279d690f8abf94252be,0.0024640790070407093,0.06661904570713235,0.6162350880886863,0.5680987536907196,0.2435657260939479,0.4018362037837505
fine_control,59,three_hole_asymmetric,94,private-source://routeA_experiments/data/final_ood_frozen_v1/three_hole_asymmetric/sample_0094.npz,d0aa584876f99691aeeb8026d5ead955e7cc17621019a851ef37a13edaf58971,0.002268331008963287,0.09574255430989867,0.9568107906119229,0.7524893581867218,0.44034138321876526,0.6076257196255025
fine_control,59,three_hole_asymmetric,95,private-source://routeA_experiments/data/final_ood_frozen_v1/three_hole_asymmetric/sample_0095.npz,d203d6745345a12b29597ac2d26caea89ab17bb23083688666fb462296530e05,0.0026485050038900226,0.09639605079666655,0.953716301001641,0.7603373974561691,0.3878614939749241,0.6183046354912213
fine_control,59,three_hole_asymmetric,96,private-source://routeA_experiments/data/final_ood_frozen_v1/three_hole_asymmetric/sample_0096.npz,78f0808d535501b8d16b5386431081df41fe126d96ffeb5bfc34b71693bd5714,0.002405343984719366,0.10469113446373302,1.2159531288216097,0.9285569787025452,0.506156145784189,0.6842976367566734
fine_control,59,three_hole_asymmetric,97,private-source://routeA_experiments/data/final_ood_frozen_v1/three_hole_asymmetric/sample_0097.npz,a19b074a2ef168ce2028edf5abd4394ddadac3e42eb7badae29852dcd87b8c01,0.0027041180001106113,0.10147337257959382,1.0173924292304761,0.795534297823906,0.45789600256830454,0.6308350658509877
fine_control,59,three_hole_asymmetric,98,private-source://routeA_experiments/data/final_ood_frozen_v1/three_hole_asymmetric/sample_0098.npz,e628a052cb301d1ccddc36abc3e756605d05d755311cc580cb8638d0283e8a28,0.003084708994720131,0.09191902642578025,0.9868483970093036,0.80389803647995,0.380479721352458,0.6208144726231689
fine_control,59,three_hole_asymmetric,99,private-source://routeA_experiments/data/final_ood_frozen_v1/three_hole_asymmetric/sample_0099.npz,c4c58ccc92851ab150fbcfb7929b45da22b8f4be00f48239dbac5a4033fb8247,0.002122140023857355,0.09028036407068926,0.9399516394474356,0.7553887069225311,0.3687327003572136,0.5905825272202491
fine_control,59,three_hole_asymmetric,100,private-source://routeA_experiments/data/final_ood_frozen_v1/three_hole_asymmetric/sample_0100.npz,7735aa807c0bade0596ab7163387935e7d8a6420ea91ac0b71468f037f55c595,0.002576730999862775,0.0881694545987638,0.7206591614172182,0.6282292902469635,0.34704924561083317,0.5482172977179287
fine_control,59,three_hole_asymmetric,101,private-source://routeA_experiments/data/final_ood_frozen_v1/three_hole_asymmetric/sample_0101.npz,50903f9da861e8e4b8d2ee84d0c4eea498c76f1b91f5cc6b26cca7661f51f13b,0.0021622599742840976,0.11672279951811426,1.3239895921273277,0.879359170794487,0.5286186046432704,0.6975245269713922
fine_control,59,three_hole_asymmetric,102,private-source://routeA_experiments/data/final_ood_frozen_v1/three_hole_asymmetric/sample_0102.npz,393185e3a3667ce8030757bd68d94410eee1772700c16b445a0af74c993e2d3e,0.0028489579854067415,0.11168088273886788,1.3860981506698689,0.9091777428984642,0.5245841196738183,0.7015919067664071
fine_control,59,three_hole_asymmetric,103,private-source://routeA_experiments/data/final_ood_frozen_v1/three_hole_asymmetric/sample_0103.npz,d8e3e01787f23ef6a1dabb9edf23da79e0637aeb7fd538143355fccbedc02bc1,0.0025141669902950525,0.10542036766046402,0.8407779139424676,0.764379471540451,0.45700716879218817,0.6711319699883458
fine_control,59,three_hole_asymmetric,104,private-source://routeA_experiments/data/final_ood_frozen_v1/three_hole_asymmetric/sample_0104.npz,d6cc18e29b7582dec1b5602f9fa8218e7d40d0e0ed08552c1d6acc779fc36a17,0.0025880119937937707,0.10397916396552594,1.2145003222087662,0.8925393968820572,0.4465923447278328,0.7634295150637623
fine_control,59,three_hole_asymmetric,105,private-source://routeA_experiments/data/final_ood_frozen_v1/three_hole_asymmetric/sample_0105.npz,35bd0c998f7436861f71be50f8aba64a3461c822cf292b3e6694660f55a3b0f1,0.0030986159981694072,0.09664142128396605,0.7773244892761719,0.7298324108123779,0.3993772268295288,0.6219062950462098
fine_control,59,three_hole_asymmetric,106,private-source://routeA_experiments/data/final_ood_frozen_v1/three_hole_asymmetric/sample_0106.npz,6888edd52db8cf29388af634eedf7f9be35793c07c18644b7f86f8a441acc780,0.002300371997989714,0.0769578698152637,0.7155679261714134,0.7531558573246002,0.2854808405973017,0.476390769332647
fine_control,59,three_hole_asymmetric,107,private-source://routeA_experiments/data/final_ood_frozen_v1/three_hole_asymmetric/sample_0107.npz,40b2ef1f23b501bfde64a13fe7258035909f0d78e1d54eb6e1443c804305ecf4,0.0028709550097119063,0.11023334332245267,1.725745482937012,0.9259849190711975,0.5084023723029532,0.668493752003996
fine_control,59,three_hole_asymmetric,108,private-source://routeA_experiments/data/final_ood_frozen_v1/three_hole_asymmetric/sample_0108.npz,79b8dfa34c2b35a10fea27f09a0f9f798b0367fc5192ed59d1361f1b53799bdd,0.003061447001527995,0.11117452286972704,1.2213388112856898,0.8779094368219376,0.5227018221630715,0.6579080994415563
fine_control,59,three_hole_asymmetric,109,private-source://routeA_experiments/data/final_ood_frozen_v1/three_hole_asymmetric/sample_0109.npz,8ce37dd8adb5cefec81dbd0f448aa24fd957fd04fe733656a07aef732c8cc2eb,0.002607741014799103,0.09261193418119543,0.8341032869267125,0.6866243584081531,0.43272317945957184,0.5797464744653552
fine_control,59,three_hole_asymmetric,110,private-source://routeA_experiments/data/final_ood_frozen_v1/three_hole_asymmetric/sample_0110.npz,4f2615c8cb85f9158644a5c730014c3884dbecc44b41e4c6525efb9d86c8caf8,0.0029999530233908445,0.11471560610463293,1.301814736966927,0.8865362107753754,0.5256296047009528,0.7242660149931903
fine_control,59,three_hole_asymmetric,111,private-source://routeA_experiments/data/final_ood_frozen_v1/three_hole_asymmetric/sample_0111.npz,0935578871a0f3a49acfc526c2f37c216dd91c68bd2a8bfb1b536326e94f5a44,0.0029291109822224826,0.10517670877809643,1.614923123450466,0.8749494850635529,0.5101580013579223,0.6699150962413114
fine_control,59,three_hole_asymmetric,112,private-source://routeA_experiments/data/final_ood_frozen_v1/three_hole_asymmetric/sample_0112.npz,75f3066ea740d92e454646a086e63a485bf69922e759ad6ffeae0e0cb87dfaa8,0.0025115740136243403,0.10707992486606362,1.0817986028441327,0.8011893481016159,0.510428728768602,0.7031943738460533
fine_control,59,three_hole_asymmetric,113,private-source://routeA_experiments/data/final_ood_frozen_v1/three_hole_asymmetric/sample_0113.npz,e697a839e7548feb3a5b14360c3973b92e38a87052d3b7365b32a7cd0a753191,0.0025538300105836242,0.0802855509753122,0.7079051078163322,0.7086683511734009,0.30475034145638347,0.5233748242259023
fine_control,59,three_hole_asymmetric,114,private-source://routeA_experiments/data/final_ood_frozen_v1/three_hole_asymmetric/sample_0114.npz,7afaaf3601e6ed30886241051a0637c969fab4fdc7321968e3389ce030c7486a,0.0024545679916627705,0.09720999548699896,0.8541873501589029,0.6833378374576569,0.4322319452185184,0.6034373793750996
fine_control,59,three_hole_asymmetric,115,private-source://routeA_experiments/data/final_ood_frozen_v1/three_hole_asymmetric/sample_0115.npz,c61c1f6680ef22cfbb61c3b59a74537ff91a7a97eefe05a24d1215c5eff14175,0.0025005190109368414,0.09902004474763178,1.0064586115367682,0.6711285412311554,0.45914906985126436,0.5805074270814656
fine_control,59,three_hole_asymmetric,116,private-source://routeA_experiments/data/final_ood_frozen_v1/three_hole_asymmetric/sample_0116.npz,9630b36b29d980654e8e8af10a050b5b22f9036bbc0eaf53ddfff402e0574e30,0.0031091639830265194,0.11938053164829174,1.263990460362303,0.876056894659996,0.5278135337284766,0.7331344947218894
fine_control,59,three_hole_asymmetric,117,private-source://routeA_experiments/data/final_ood_frozen_v1/three_hole_asymmetric/sample_0117.npz,d3d1cc5eb6165ce5dd1eb46f3b7422b7a91b41002dd8e244fb5807270ef54ae0,0.0025012300175148994,0.10132725019587813,1.434992987876077,0.8886106088757515,0.5065253493230557,0.6778172531630844
fine_control,59,three_hole_asymmetric,118,private-source://routeA_experiments/data/final_ood_frozen_v1/three_hole_asymmetric/sample_0118.npz,8e2be99501a03f3deba60278c03b5af400416cb985c121c2fa7d7d7827ff8328,0.0026374919980298728,0.09401169804387705,0.9604324178280716,0.7897965312004089,0.41104704595636576,0.5868726031854739
fine_control,59,three_hole_asymmetric,119,private-source://routeA_experiments/data/final_ood_frozen_v1/three_hole_asymmetric/sample_0119.npz,a47277e2b3beb0d89ef7b03bc2d99a8b043b3ba5b66636730dd832240fb5bf67,0.003028097009519115,0.10147677029784515,1.0481195951428683,0.8677099272608757,0.44590537808835506,0.6612750768661495
fine_control,59,three_hole_asymmetric,120,private-source://routeA_experiments/data/final_ood_frozen_v1/three_hole_asymmetric/sample_0120.npz,460897fcccde1db2e8ba9079e66abd4ea55bf6c9fcc14cc7507c17ec7571d07d,0.003106668998952955,0.07334378561686809,0.7993612580598188,0.7178301811218262,0.31569705065339804,0.5675704221241172
fine_control,59,three_hole_asymmetric,121,private-source://routeA_experiments/data/final_ood_frozen_v1/three_hole_asymmetric/sample_0121.npz,7463cebd5dcf30b0f53bfbcec6ed3cd938cae4ff1c7cb5a51f6b6208a020a4d2,0.003071082988753915,0.07576040125336118,0.7565681945858563,0.6122117638587952,0.25313633016776294,0.4748151410371058
fine_control,59,three_hole_asymmetric,122,private-source://routeA_experiments/data/final_ood_frozen_v1/three_hole_asymmetric/sample_0122.npz,0b1f50e6483c4bd20f2eb7b1a5ad3ca903b7158558b6379b0a1c87cfb444d395,0.0024627179955132306,0.10420887578460221,1.3253622127253513,0.9227646738290787,0.39816083665937185,0.7135729707544642
fine_control,59,three_hole_asymmetric,123,private-source://routeA_experiments/data/final_ood_frozen_v1/three_hole_asymmetric/sample_0123.npz,65e171101675b5cb87eb5555f716856d756743e6d3447dfa2efbde71ac332e67,0.0028336399991530925,0.1010947925441934,1.105498302760226,0.7666360288858414,0.4542522735428065,0.6778525435365735
fine_control,59,three_hole_asymmetric,124,private-source://routeA_experiments/data/final_ood_frozen_v1/three_hole_asymmetric/sample_0124.npz,d3c7c52167944c7ed7ee06f79272238419f46b0150fe90a2589d3153747fbf2f,0.0032322419865522534,0.0963254824395564,1.0352649310784214,0.7788991332054138,0.40249112341552973,0.6297909474000334
fine_control,59,three_hole_asymmetric,125,private-source://routeA_experiments/data/final_ood_frozen_v1/three_hole_asymmetric/sample_0125.npz,629b8f9d37de5d037c8e33f97e602bf5d06a112e8c988084322626ed3cfa0db4,0.0030555319972336292,0.12088160440309244,1.1933244537004875,0.8959836140275002,0.5519531252211891,0.7369747225195161
fine_control,59,three_hole_asymmetric,126,private-source://routeA_experiments/data/final_ood_frozen_v1/three_hole_asymmetric/sample_0126.npz,d79d0f135637e2841b3453a53add5c4bf624f15ae92f2562acb09afebef0ede1,0.002860740991309285,0.08527635896941789,0.7615981190316787,0.6352936699986458,0.32779958622995764,0.4746222097426652
fine_control,59,three_hole_asymmetric,127,private-source://routeA_experiments/data/final_ood_frozen_v1/three_hole_asymmetric/sample_0127.npz,7cee35213e8863690074459c24d7fd282a7630a45f0f4fab56f69cc5187ced3c,0.002572274999693036,0.08802975233607067,0.8381247890277678,0.8507672250270844,0.32955427502747625,0.607046003639698
fine_control,59,three_hole_asymmetric,128,private-source://routeA_experiments/data/final_ood_frozen_v1/three_hole_asymmetric/sample_0128.npz,66f17e3594dd9beaddc30078e0aea012c36ea89ec3780e24ab5e66ada4aa0aee,0.0032252359960693866,0.10419004145427384,0.844000602813091,0.7499876469373703,0.4116553869098425,0.6308771565556524
fine_control,59,three_hole_asymmetric,129,private-source://routeA_experiments/data/final_ood_frozen_v1/three_hole_asymmetric/sample_0129.npz,0513a13dc15142aa7035ad92a4d92696cde53f4f938fba0b6258ba43ff994ce4,0.00245712001924403,0.10479678383011017,1.094456673414682,0.776030883193016,0.5061852727085352,0.6677340224385261
fine_control,59,three_hole_asymmetric,130,private-source://routeA_experiments/data/final_ood_frozen_v1/three_hole_asymmetric/sample_0130.npz,0b7e254aff9dacc784e6945d18e32da0372125ff81dc9fb35dcf29f7e12504f6,0.0030286039982456714,0.11823574876967093,0.9934616653112268,0.8878001347184181,0.5347736809635535,0.7222457394003866
fine_control,59,three_hole_asymmetric,131,private-source://routeA_experiments/data/final_ood_frozen_v1/three_hole_asymmetric/sample_0131.npz,b7bf7aa4688f48d7c78174369c23732d337ae6ffd998cf06bb7a4edda3a5063d,0.0031308599864132702,0.09393476629885116,0.9573803997193441,0.7149009704589844,0.4389950819313526,0.5854619041085238
fine_control,59,three_hole_asymmetric,132,private-source://routeA_experiments/data/final_ood_frozen_v1/three_hole_asymmetric/sample_0132.npz,37fe2cf79de29a9b7e04b5fe118372c54173e6f10125f0854cf4d171d4776d59,0.0026389209961052984,0.07688907364389508,0.9036651057454281,0.7460437715053558,0.2766494678799063,0.5070052135735748
fine_control,59,three_hole_asymmetric,133,private-source://routeA_experiments/data/final_ood_frozen_v1/three_hole_asymmetric/sample_0133.npz,3683c8dae119211360b0dbaa1ac9e1693a1728caddc3c1bb3768f981c2091e26,0.002539249981055036,0.0975448109365484,0.831220924025309,0.7513397932052612,0.4453277736902237,0.6670982383191585
fine_control,59,three_hole_asymmetric,134,private-source://routeA_experiments/data/final_ood_frozen_v1/three_hole_asymmetric/sample_0134.npz,322bc5ec6225e978895e341b9dfdf38fbfa0681b5b329fe286739337905a2e67,0.0028809419891331345,0.10271089103407276,1.143468490049162,0.8203971982002258,0.4762280825525522,0.6827252938179297
fine_control,59,three_hole_asymmetric,135,private-source://routeA_experiments/data/final_ood_frozen_v1/three_hole_asymmetric/sample_0135.npz,b3bc13b4ad513f7b7c47e8dfedda3871bfe1d969ceb542243518b1f1661a7b7d,0.002879338979255408,0.09464279251685598,1.0277750374018881,0.6999333500862122,0.4156238429713994,0.6098965868353844
fine_control,59,three_hole_asymmetric,136,private-source://routeA_experiments/data/final_ood_frozen_v1/three_hole_asymmetric/sample_0136.npz,20f73113304cb007ce9ee5b010405b3b08c38b719993477582e1adb17921d82b,0.0028402780008036643,0.07136930895934174,0.6118604417922662,0.6845054626464844,0.2572937896475196,0.43564104884862864
fine_control,59,three_hole_asymmetric,137,private-source://routeA_experiments/data/final_ood_frozen_v1/three_hole_asymmetric/sample_0137.npz,9c029bad505c34e3cca11e8187bc4fdf7d1417417883641e5c92c0e2b1861711,0.0020445739792194217,0.09764966814041602,0.943801843647947,0.6681899428367615,0.43678607884794474,0.6164805446751407
fine_control,59,three_hole_asymmetric,138,private-source://routeA_experiments/data/final_ood_frozen_v1/three_hole_asymmetric/sample_0138.npz,2a95dd7d60712bbde64ddb2f3b9b174a2da8a71e64f53104448b1fda6898cb87,0.002846886985935271,0.10943112515789252,1.452589865804088,0.8829542696475983,0.47622892865911126,0.6779359689913688
fine_control,59,three_hole_asymmetric,139,private-source://routeA_experiments/data/final_ood_frozen_v1/three_hole_asymmetric/sample_0139.npz,f356651d5f0fbe76d7b23cee9c305931b8e8fe879d3fc560e174e6ff4a4bcbc9,0.0025282780115958303,0.1084184798576362,0.9534579174390836,0.7706000804901123,0.46336203068494797,0.6661353432573378
fine_control,59,three_hole_asymmetric,140,private-source://routeA_experiments/data/final_ood_frozen_v1/three_hole_asymmetric/sample_0140.npz,c22b26c249410214ce91ba779d94c82c7d58648110a4aac0c4246990ecc43bba,0.002450197993312031,0.10366408977219238,0.939730253396428,0.7962841987609863,0.4890838311985135,0.7306144222617146
fine_control,59,three_hole_asymmetric,141,private-source://routeA_experiments/data/final_ood_frozen_v1/three_hole_asymmetric/sample_0141.npz,581b8c08fb25b0697b98b87164ebaafe6cd559b41136643d44f9de35e975d7b9,0.002844842994818464,0.10728283822577257,1.1875985675925722,0.8954474031925201,0.4701116253854707,0.7330827511847017
fine_control,59,three_hole_asymmetric,142,private-source://routeA_experiments/data/final_ood_frozen_v1/three_hole_asymmetric/sample_0142.npz,578e8f60d4da9f74071ab8374b88b7be266d5d1e67dec13929a7acf811b163a8,0.002961839985800907,0.1109332005827473,1.1974827142032978,0.9441622197628021,0.5264583631069399,0.6862805802200455
fine_control,59,three_hole_asymmetric,143,private-source://routeA_experiments/data/final_ood_frozen_v1/three_hole_asymmetric/sample_0143.npz,b6b2551b71fdf3da0d4ca84d9f08c6aa2f3008f1962bd943296cbf9612880efc,0.0024694080057088286,0.10723407599237438,1.2345036538893706,0.9092110767960548,0.5105936891050078,0.771550980210304
fine_control,59,three_hole_asymmetric,144,private-source://routeA_experiments/data/final_ood_frozen_v1/three_hole_asymmetric/sample_0144.npz,8329648a6f54e17ec6911f4a2a43086a79f241b8ea2247f84b00d977ee02610d,0.002913180011091754,0.11099043291628759,1.44944386748016,0.9491536393761635,0.5311912870965898,0.7157242079265403
fine_control,59,three_hole_asymmetric,145,private-source://routeA_experiments/data/final_ood_frozen_v1/three_hole_asymmetric/sample_0145.npz,9e07276be4c9a737eae17e3917bc3cdc5d0dfa1bce9663bd981f358519eb110c,0.0024384729913435876,0.10521149656855042,0.967610253365201,0.7418429255485535,0.4641716964542866,0.6551084366627036
fine_control,59,three_hole_asymmetric,146,private-source://routeA_experiments/data/final_ood_frozen_v1/three_hole_asymmetric/sample_0146.npz,67f3ee8daff2c978cbe4cd399a7f2ad4874665b5c644a341c057c304af1127c1,0.003037507995031774,0.1079222122690402,1.1340378263373185,0.8879203721880913,0.49863301217556,0.7491062335669992
fine_control,59,three_hole_asymmetric,147,private-source://routeA_experiments/data/final_ood_frozen_v1/three_hole_asymmetric/sample_0147.npz,e85347f74d9b0184043eda85a8b0b42fe6515b3c49ceeec50b7b4d6dfff4a07d,0.002468696009600535,0.0816178199559965,0.7247392611133672,0.6655722856521606,0.35948310792446136,0.5801582115702331
fine_control,59,three_hole_asymmetric,148,private-source://routeA_experiments/data/final_ood_frozen_v1/three_hole_asymmetric/sample_0148.npz,245fe71d4768340cf55e028f00a51ef269352046fcee78a0376200f4998c9360,0.00278722497751005,0.06882645713667282,0.6983823917753386,0.6349684149026871,0.2265700427815318,0.36082244142889974
fine_control,59,three_hole_asymmetric,149,private-source://routeA_experiments/data/final_ood_frozen_v1/three_hole_asymmetric/sample_0149.npz,e4131c7833d7b32f7f309cc922c788dde6f66644cd7c84c3995c3e66ca6ec058,0.0025015709979925305,0.10169160780439042,1.2509579423077999,0.8776041716337204,0.3864652840420604,0.7069030435755835
fine_control,59,three_hole_asymmetric,150,private-source://routeA_experiments/data/final_ood_frozen_v1/three_hole_asymmetric/sample_0150.npz,14d7c4793f64ce9d612ac24093c5fbe0dae12baa2ebcc0e606416070b0010be4,0.002856946986867115,0.1060207719693049,1.2901639392808426,0.8335942327976227,0.4961817454895936,0.662571865832433
fine_control,59,three_hole_asymmetric,151,private-source://routeA_experiments/data/final_ood_frozen_v1/three_hole_asymmetric/sample_0151.npz,3c828906fd7ab01c163402ae535f03a420e0b8d29d63467e8f5e0ac8bb2069f1,0.003178232000209391,0.09376402861237962,0.908279652705355,0.7479551434516907,0.3762275653134566,0.6345565877854823
fine_control,59,three_hole_asymmetric,152,private-source://routeA_experiments/data/final_ood_frozen_v1/three_hole_asymmetric/sample_0152.npz,2dd677fdf441a2d0d82994893dd167d20bc429686f9d05c84662f972384de6c2,0.0031537970062345266,0.09521787318832567,1.1428496057430562,0.822489470243454,0.4168754823913332,0.6759389615617692
fine_control,59,three_hole_asymmetric,153,private-source://routeA_experiments/data/final_ood_frozen_v1/three_hole_asymmetric/sample_0153.npz,e09e2ec653206737b870b71f517fcc81353db939fd7d890bfde2a8715648f046,0.002619203005451709,0.10244167297846027,1.344543216719848,0.8812377378344536,0.4394053974065173,0.670249094441533
fine_control,59,three_hole_asymmetric,154,private-source://routeA_experiments/data/final_ood_frozen_v1/three_hole_asymmetric/sample_0154.npz,354f1ec9c8bb281306006c931744c6710f378713690c48b9dfc924d8e03155dc,0.0027509210049174726,0.09507140034901973,0.9960204382794529,0.7161346077919006,0.3989890383090824,0.6363602707046084
fine_control,59,three_hole_asymmetric,155,private-source://routeA_experiments/data/final_ood_frozen_v1/three_hole_asymmetric/sample_0155.npz,4feb6d42b1ba8f3891917e887c391dac5ab83213398859f8c4d1343a08f81523,0.0028446140058804303,0.07924507453459906,0.9466981315822534,0.7832083702087402,0.2836183882318437,0.41069136410951596
fine_control,59,three_hole_asymmetric,156,private-source://routeA_experiments/data/final_ood_frozen_v1/three_hole_asymmetric/sample_0156.npz,2ed681cf4ebe76dc5ff83597e8f424f37faa8aa01f50048685eb1a9f8504ef64,0.0025942029897123575,0.09384407331005289,1.0208449510234354,0.8327492475509644,0.39943740889430046,0.5778514586389057
fine_control,59,three_hole_asymmetric,157,private-source://routeA_experiments/data/final_ood_frozen_v1/three_hole_asymmetric/sample_0157.npz,8f86d834f785485f1110f7ae10b681508b7fb7293834bdeabad4cd9e0ff581e7,0.002906217996496707,0.08694881522154345,0.8395710918659907,0.7289484441280365,0.297846756875515,0.5029557947069405
fine_control,59,three_hole_asymmetric,158,private-source://routeA_experiments/data/final_ood_frozen_v1/three_hole_asymmetric/sample_0158.npz,b7838937a002adfbc7581e42e80020a5cc8ff317b9ef609ec1903087a3d31c3e,0.0029049010190647095,0.09749440217970796,1.0486832390976848,0.7376436144113541,0.4516955264261924,0.597531717736274
fine_control,59,three_hole_asymmetric,159,private-source://routeA_experiments/data/final_ood_frozen_v1/three_hole_asymmetric/sample_0159.npz,7ec05d300291c51dfc519a7d08b75bd3be917f67a3673dfe18849f585f9f709e,0.0030177699809428304,0.10968976074640883,1.1289827151450473,0.7962328195571899,0.5179153243079782,0.651822115993127
fine_control,59,three_hole_asymmetric,160,private-source://routeA_experiments/data/final_ood_frozen_v1/three_hole_asymmetric/sample_0160.npz,406b5d01c559ad3764a887df63a81ab6aeb54deb0e03ab5546863badf9a16f35,0.0030899829871486872,0.10224749207432335,1.6266735709207556,0.8342134654521942,0.5156107721850276,0.6714780813897956
fine_control,59,three_hole_asymmetric,161,private-source://routeA_experiments/data/final_ood_frozen_v1/three_hole_asymmetric/sample_0161.npz,e022a734e6aba3a7301b06bd77c79e73047ff290f57525b8dee053bdfa5b4988,0.0030350390006788075,0.07485758421678286,0.699033389966804,0.6430944502353668,0.25359899178147316,0.4109202284482306
fine_control,59,three_hole_asymmetric,162,private-source://routeA_experiments/data/final_ood_frozen_v1/three_hole_asymmetric/sample_0162.npz,2b13f73876bba396b8fa67ab174be82ee1a554b9e4c19a3a7412ffc39aba0b13,0.0032369379769079387,0.07461065350418605,0.734393640054206,0.8539660274982452,0.2578121367841959,0.458392874896526
fine_control,59,three_hole_asymmetric,163,private-source://routeA_experiments/data/final_ood_frozen_v1/three_hole_asymmetric/sample_0163.npz,e9b740089bb1f2d4e21a0999405d9bdba3a57bd51c7e58ea5ed47d11ee6595a2,0.0025711730122566223,0.07761662058474361,0.8616101645256908,0.7182050794363022,0.281180864199996,0.4740340784192082
fine_control,59,three_hole_asymmetric,164,private-source://routeA_experiments/data/final_ood_frozen_v1/three_hole_asymmetric/sample_0164.npz,9f206330bd07c9c4847fddf539ce746ee66390d885f3c33bc1d444adbbd318ac,0.0030120359733700752,0.09941317380167843,0.8713255415633859,0.7395555377006531,0.456582328886725,0.6565272599458694
fine_control,59,three_hole_asymmetric,165,private-source://routeA_experiments/data/final_ood_frozen_v1/three_hole_asymmetric/sample_0165.npz,59ec0f1c680bf9149906ed38b4dd3a4aa7612d7147f9c53c5dcfa06ecca43366,0.002926134009612724,0.10571796251656079,0.9971692871416147,0.7552413940429688,0.49789664102718234,0.6461285389494141
fine_control,59,three_hole_asymmetric,166,private-source://routeA_experiments/data/final_ood_frozen_v1/three_hole_asymmetric/sample_0166.npz,acdabcd30120f1b891f11b4fee7490ecf1c73a42827cec6684949a026c1d238b,0.002354020980419591,0.10441112533933103,1.0435253272925262,0.8519168794155121,0.4352429024875164,0.7269045181572424
fine_control,59,three_hole_asymmetric,167,private-source://routeA_experiments/data/final_ood_frozen_v1/three_hole_asymmetric/sample_0167.npz,2d64cbb7ed13e9d5493b3bcffc548a37e43f77cfe686d4bd90f395d9b3dedcd2,0.002694405004149303,0.1039767149080796,1.240653162035106,0.8127378523349762,0.45266540721058846,0.6693830548552796
fine_control,59,three_hole_asymmetric,168,private-source://routeA_experiments/data/final_ood_frozen_v1/three_hole_asymmetric/sample_0168.npz,ce1811b3b58e1cf01845e9ffb4fac5caa62f765929be1337c8260c13d9b65d5d,0.0024983019975479692,0.103599697949765,1.5319408387959497,0.9061919301748276,0.4606166576722899,0.6810046298196536
fine_control,59,three_hole_asymmetric,169,private-source://routeA_experiments/data/final_ood_frozen_v1/three_hole_asymmetric/sample_0169.npz,c8bdae4b5e47fcfb5a99f1ccde0ca1ecf2011b5c092fc8bd8e61595f8c50518c,0.0025493319844827056,0.10606319422334023,1.4008871374231149,0.8875512331724167,0.5063695569406264,0.6837128731189293
fine_control,59,three_hole_asymmetric,170,private-source://routeA_experiments/data/final_ood_frozen_v1/three_hole_asymmetric/sample_0170.npz,33251f1d994ef521e7ed6646d939e7b5f6ae05ade833fce7f91910e3aa7b2d74,0.002397172007476911,0.09646978805750754,1.1498320124330628,0.8155614137649536,0.39113134125364013,0.6437524842098354
fine_control,59,three_hole_asymmetric,171,private-source://routeA_experiments/data/final_ood_frozen_v1/three_hole_asymmetric/sample_0171.npz,3304230b1d8bbdd9fc2dfda78714484a468749cddd223bba1c2dbf29c548831e,0.0025496330054011196,0.09934081247192454,0.9016459359213577,0.8338843882083893,0.4059753865003586,0.657063384354114
fine_control,59,three_hole_asymmetric,172,private-source://routeA_experiments/data/final_ood_frozen_v1/three_hole_asymmetric/sample_0172.npz,a740cace37940a1e2252703d9381d4b9f3f3b166a52d68121a24aaca6473c237,0.002437032002490014,0.09351098919669339,0.8836395503469218,0.7307692617177963,0.3999336250126362,0.619693553447723
fine_control,59,three_hole_asymmetric,173,private-source://routeA_experiments/data/final_ood_frozen_v1/three_hole_asymmetric/sample_0173.npz,7fbe985e9871b0fea23dcd48b5658d0febd6965ccb34e4430a248d8ea7884c13,0.0024754749902058393,0.09230008184915228,1.1345980474365307,0.7969101071357727,0.460291878785938,0.5978330861777066
fine_control,59,three_hole_asymmetric,174,private-source://routeA_experiments/data/final_ood_frozen_v1/three_hole_asymmetric/sample_0174.npz,71542cbeea7c7322472596a11b9ea2cf6285893af2fd8caaacd78a77cf1d83fd,0.0025444889906793833,0.09190652046921148,0.9186980891160795,0.6983318328857422,0.4462139569222927,0.6333644728874785
fine_control,59,three_hole_asymmetric,175,private-source://routeA_experiments/data/final_ood_frozen_v1/three_hole_asymmetric/sample_0175.npz,0f2191f55e786a9cc0197b9d38b5849150523e7f0e95da026a8b7282892dd7e7,0.0029078949883114547,0.10810612352620846,1.2636683684519872,0.9144528731703758,0.48765768948942423,0.6908231841633093
fine_control,59,three_hole_asymmetric,176,private-source://routeA_experiments/data/final_ood_frozen_v1/three_hole_asymmetric/sample_0176.npz,1d5d110e1725a11891d26e004b83d93d33e264f9f0cc612cea71237c93485c91,0.002541489986469969,0.08961288383949033,0.789437394184322,0.7302586138248444,0.39566364884376526,0.5837117768824098
fine_control,59,three_hole_asymmetric,177,private-source://routeA_experiments/data/final_ood_frozen_v1/three_hole_asymmetric/sample_0177.npz,491128641f9815a0257fe2c5da3e9ef510909b89c7efe14041aaf988dd54d374,0.0028743869916070253,0.10462262251210103,1.2039402506094055,0.9243713915348053,0.4930184269323945,0.7190761622041443
fine_control,59,three_hole_asymmetric,178,private-source://routeA_experiments/data/final_ood_frozen_v1/three_hole_asymmetric/sample_0178.npz,8ad8976324d69fa900282a701c1176bec4bd066428ab6af4d07f98b6226c1440,0.002450747007969767,0.0970445971155314,0.953151702579389,0.8474213927984238,0.4109211720060557,0.6805492810904978
fine_control,59,three_hole_asymmetric,179,private-source://routeA_experiments/data/final_ood_frozen_v1/three_hole_asymmetric/sample_0179.npz,ed3c4408215897e333b3a88a790f6b3b965edbc5f729ee1ca00b514638a22db3,0.002641851984662935,0.09604602490118044,0.8043965542853184,0.6854378283023834,0.4328801427036524,0.6117263567168265
fine_control,59,three_hole_asymmetric,180,private-source://routeA_experiments/data/final_ood_frozen_v1/three_hole_asymmetric/sample_0180.npz,026ec17f7ba5561155ad7d2d26d4b774202c9e9d3be82846603703294b1c6599,0.0028600289952009916,0.0935026767958051,0.9672689554327348,0.8345306813716888,0.34767319943057373,0.667597346799448
fine_control,59,three_hole_asymmetric,181,private-source://routeA_experiments/data/final_ood_frozen_v1/three_hole_asymmetric/sample_0181.npz,ae31a16b8c81593e19306a84399bfd2a84ac55c7910ef8823c67abd4642aa2f6,0.002971556008560583,0.09921620754938433,1.0434697138070759,0.7531943470239639,0.3812058437615633,0.659942614659667
fine_control,59,three_hole_asymmetric,182,private-source://routeA_experiments/data/final_ood_frozen_v1/three_hole_asymmetric/sample_0182.npz,3c898c6349f36f90b3d5a9fe1ea363190f3864ec9904027b2c82073b2f828008,0.0029901909874752164,0.0877292477592807,0.8925538477405016,0.776194803416729,0.3200651476508938,0.5502443768084047
fine_control,59,three_hole_asymmetric,183,private-source://routeA_experiments/data/final_ood_frozen_v1/three_hole_asymmetric/sample_0183.npz,7960bd5136007fe9e53aaf26195ec050cd3f170be4ea0892e9c50801de1e2a57,0.0028301160200499,0.09980808817285244,1.0470064194017412,0.7160663455724716,0.4569889544509351,0.6211167462170123
fine_control,59,three_hole_asymmetric,184,private-source://routeA_experiments/data/final_ood_frozen_v1/three_hole_asymmetric/sample_0184.npz,d0af476fd13dfb1d250ce9a4ca56a9e4e7747143d266e251a2d3bed91fdc35c3,0.0025943469954654574,0.09587412033495635,0.8926822898490343,0.6904608458280563,0.41943363298196346,0.5790470089763401
fine_control,59,three_hole_asymmetric,185,private-source://routeA_experiments/data/final_ood_frozen_v1/three_hole_asymmetric/sample_0185.npz,825925d58976a37ca694d695a027e07bfbaaceb34012d307f2f1821037baf144,0.002278864005347714,0.09178801207468884,0.9633830794588273,0.7066461443901062,0.3872718755155802,0.6012359395623206
fine_control,59,three_hole_asymmetric,186,private-source://routeA_experiments/data/final_ood_frozen_v1/three_hole_asymmetric/sample_0186.npz,77e809def7ac8044a4e55b9ef623158afda39a6477b671e128605d4b47566db6,0.0029592959908768535,0.09899676360218601,1.2780069644988374,0.7508428543806076,0.4805102167883888,0.6568844757275654
fine_control,59,three_hole_asymmetric,187,private-source://routeA_experiments/data/final_ood_frozen_v1/three_hole_asymmetric/sample_0187.npz,d41acb81beffee4db9203e1cf0266797359f026ace1ea8ca9bcd6ccb1e2af128,0.0026527689769864082,0.08926587737089006,0.9222968200358891,0.6815689355134964,0.36298859387170523,0.5987950613722205
fine_control,59,three_hole_asymmetric,188,private-source://routeA_experiments/data/final_ood_frozen_v1/three_hole_asymmetric/sample_0188.npz,0ee1d93b5b155a3545c539b9ebd208096d5da786ac320abbe96a9ddff30d88d7,0.002568335010437295,0.09519489701834703,1.0566426423757287,0.6436325963586569,0.3970225928351283,0.5413709873333569
fine_control,59,three_hole_asymmetric,189,private-source://routeA_experiments/data/final_ood_frozen_v1/three_hole_asymmetric/sample_0189.npz,70be7056cd13692af26bab63a3df9b9a64678831ef39fdb9582375ceecca7edf,0.0022097699984442443,0.10989277667758758,1.5426831222795823,0.9304523691534996,0.5204001706879353,0.6887168342014773
fine_control,59,three_hole_asymmetric,190,private-source://routeA_experiments/data/final_ood_frozen_v1/three_hole_asymmetric/sample_0190.npz,a8c424ee2056e12af66d0be34289a252d77172e5cb127ec57c8550e3415ab90b,0.002788136014714837,0.08942084059887076,1.010932559123756,0.7574173808097839,0.3451010072603822,0.6452035158872603
fine_control,59,three_hole_asymmetric,191,private-source://routeA_experiments/data/final_ood_frozen_v1/three_hole_asymmetric/sample_0191.npz,26c2bd071beec9742e0a4f1e5466aa608a15434494059de80e606e4679fa8ed3,0.0030863650026731193,0.09168534491190902,1.00648669997138,0.7786106467247009,0.34597794676665217,0.6547221027081831
fine_control,59,three_hole_asymmetric,192,private-source://routeA_experiments/data/final_ood_frozen_v1/three_hole_asymmetric/sample_0192.npz,40d02fa0627c6deec298290103575257705efed18a0e5475ecaa7bf465aa9b99,0.002888004994019866,0.09938204728862102,0.9522640083384991,0.7236449867486954,0.4361408483237028,0.6555646393448114
fine_control,59,three_hole_asymmetric,193,private-source://routeA_experiments/data/final_ood_frozen_v1/three_hole_asymmetric/sample_0193.npz,e2291d430c4ed65b595a26a1bfd29617e6a29836d02a7642cee85cd276392050,0.0029340930050238967,0.1051380058259626,1.0504422203452064,0.8417099639773369,0.5016477927565575,0.6578810643404721
fine_control,59,three_hole_asymmetric,194,private-source://routeA_experiments/data/final_ood_frozen_v1/three_hole_asymmetric/sample_0194.npz,31e35937f5e42fb742834cdcb1fc165dd1ffc423ac83933409ddf9f346655de1,0.002784590993542224,0.10524863568233292,0.8695338133312536,0.8296483308076859,0.46947331057162955,0.6676650803536177
fine_control,59,three_hole_asymmetric,195,private-source://routeA_experiments/data/final_ood_frozen_v1/three_hole_asymmetric/sample_0195.npz,40442c552a2016d07c97d9c05bd7232ba672eeab612657250b9c7529d4f8fba5,0.002871893986593932,0.09320591694973086,0.8207574524880645,0.8247660100460052,0.37320619111415,0.5872512488625943
fine_control,59,three_hole_asymmetric,196,private-source://routeA_experiments/data/final_ood_frozen_v1/three_hole_asymmetric/sample_0196.npz,dd2106f958610c899c170e0e932d315a715401be9a89fd9bfb0ce4af7422b23f,0.00287096799002029,0.11230018590873239,1.1547185987719475,0.9008488953113556,0.5272090341895819,0.7485835947096343
fine_control,59,three_hole_asymmetric,197,private-source://routeA_experiments/data/final_ood_frozen_v1/three_hole_asymmetric/sample_0197.npz,aa854427cd50f074116bdad2e4371e42c0402350e5d180482ef4c364d2ad2cf8,0.003022660006536171,0.0978722959727023,0.8507706184576875,0.7566795274615288,0.39455251389881596,0.6597314067184924
fine_control,59,three_hole_asymmetric,198,private-source://routeA_experiments/data/final_ood_frozen_v1/three_hole_asymmetric/sample_0198.npz,f829be15d56c832505226b17681dbe66656bc2100714eb438d609a588f6574fe,0.0026287419896107167,0.07140423376792575,0.6465959696096844,0.6680198535323143,0.30941063165664673,0.4706748902797696
fine_control,59,three_hole_asymmetric,199,private-source://routeA_experiments/data/final_ood_frozen_v1/three_hole_asymmetric/sample_0199.npz,52333eb8bbb0f95e069bd2d38db9cab28b55c6f86387da7cd28a27818fe1041a,0.0024725669936742634,0.08444115476696966,0.7800238613833147,0.6907452838495374,0.32414419716224074,0.5231275489553805
