model,training_seed,shape,sample_id,sample_file,sample_sha256,inference_seconds,mae,relative_l2,max_abs_error,p95_abs_error,p99_abs_error
residual_v2,56,polygonal_holes,0,private-source://routeA_experiments/data/prospective_ood_rd_hddm_alpha001_v2/polygonal_holes/sample_0000.npz,2813ec3127ac6b2d6e5ea2bdec57dc3842288d486f16a3ac630d975e79544104,0.00634039897704497,0.05781863866595166,0.9589076078994516,0.9646349847316742,0.2703274764120578,0.7411573442816733
residual_v2,56,polygonal_holes,1,private-source://routeA_experiments/data/prospective_ood_rd_hddm_alpha001_v2/polygonal_holes/sample_0001.npz,9d77838f7901837e5e6668df3993510bb8ecebaae9c24dafd7c33dd27713ca91,0.006321966007817537,0.05667194475406417,0.5571248325083858,0.69760462641716,0.27595812529325475,0.5280011150240898
residual_v2,56,polygonal_holes,2,private-source://routeA_experiments/data/prospective_ood_rd_hddm_alpha001_v2/polygonal_holes/sample_0002.npz,64d684a0c62d3af4e0e79525c5a8144d60264714c3b90c3683941cb3669199db,0.0063094740035012364,0.057769816939005396,0.6679641999733605,0.6973865628242493,0.2480130590498447,0.6066153171658515
residual_v2,56,polygonal_holes,3,private-source://routeA_experiments/data/prospective_ood_rd_hddm_alpha001_v2/polygonal_holes/sample_0003.npz,cee6732562ef0f85cfd1d4207fb826b90bc31335f8fdf22bc7991a2b2d3e3818,0.005623221048153937,0.03853378163245023,0.3612197817403407,0.45223113894462585,0.20439036935567856,0.3352197812497616
residual_v2,56,polygonal_holes,4,private-source://routeA_experiments/data/prospective_ood_rd_hddm_alpha001_v2/polygonal_holes/sample_0004.npz,f922f8aa230eb7f988651778a187a8f75ff947a239987aa900cd3c050a887ec0,0.0055978900054469705,0.05875021317608305,0.7238112556067169,0.8533654808998108,0.327071118354797,0.6310849535465238
residual_v2,56,polygonal_holes,5,private-source://routeA_experiments/data/prospective_ood_rd_hddm_alpha001_v2/polygonal_holes/sample_0005.npz,7aa5ae995dda3a749c78e6b8b3aff037f07301dbda012f49af7c1983a95fd554,0.005509965994860977,0.06368647358247644,1.1306116901922931,0.9729253649711609,0.29329810407944024,0.6510508470237254
residual_v2,56,polygonal_holes,6,private-source://routeA_experiments/data/prospective_ood_rd_hddm_alpha001_v2/polygonal_holes/sample_0006.npz,a2ab3adff33e2b825261f9f156651d6d226b45d7900ef8697f84935c734df80a,0.005528045003302395,0.051708407048979554,0.5432697147789399,0.6418072283267975,0.2630642622709274,0.5015397089719772
residual_v2,56,polygonal_holes,7,private-source://routeA_experiments/data/prospective_ood_rd_hddm_alpha001_v2/polygonal_holes/sample_0007.npz,b504795f95e5481635b933ab900699fe66f38076ab5132e6b57a48c641abbf2b,0.006280203000642359,0.051759895126548924,0.7194418853255382,0.8114062547683716,0.2477702990174293,0.6114000484347343
residual_v2,56,polygonal_holes,8,private-source://routeA_experiments/data/prospective_ood_rd_hddm_alpha001_v2/polygonal_holes/sample_0008.npz,b93c334e8e48c8fd6d52b05cd3ff40f15d4f5cc62702a435f3e0247d6b59a334,0.005539132980629802,0.047337033711097924,0.5423567625711398,0.6200621128082275,0.27037812024354924,0.5497578161954879
residual_v2,56,polygonal_holes,9,private-source://routeA_experiments/data/prospective_ood_rd_hddm_alpha001_v2/polygonal_holes/sample_0009.npz,f2ef70e3326ae2f2447ff2754173f923c307e7972ebbe15dd38aabeb5f047c49,0.006293924991041422,0.05398443040603967,0.5906041186218726,0.7350897490978241,0.23376268893480268,0.5362193545699118
residual_v2,56,polygonal_holes,10,private-source://routeA_experiments/data/prospective_ood_rd_hddm_alpha001_v2/polygonal_holes/sample_0010.npz,0078bb96d0f452027931ba3a5cabdd927aa298f7c3cb3cc2d89e7cb23acaf539,0.006292395992204547,0.05383528361953195,0.6033673114260377,0.7232280373573303,0.32552779614925376,0.6252993777394295
residual_v2,56,polygonal_holes,11,private-source://routeA_experiments/data/prospective_ood_rd_hddm_alpha001_v2/polygonal_holes/sample_0011.npz,9ee5588e761180b233891dd5a6f16fa8ca4f4c5906cdb841e4c8020cee441584,0.006394530995748937,0.043467510358181645,0.3721276513288856,0.44375474750995636,0.21121362373232835,0.3695157968997955
residual_v2,56,polygonal_holes,12,private-source://routeA_experiments/data/prospective_ood_rd_hddm_alpha001_v2/polygonal_holes/sample_0012.npz,9cdd74ea7cb7425efc2f3f4d80c0363bd50ea50709fe03b3d060f71ff605dd84,0.006250937003642321,0.06527817219665166,0.8051064019720957,0.9026190638542175,0.367036263644695,0.7975080189108847
residual_v2,56,polygonal_holes,13,private-source://routeA_experiments/data/prospective_ood_rd_hddm_alpha001_v2/polygonal_holes/sample_0013.npz,7ee1a4ed3ed8a784612d742e8ed75f38441bf2f5701f264e582c39a5158ad1ce,0.0062881059711799026,0.05839508856728483,0.7134691681422516,0.7558292746543884,0.3343037091195583,0.6466197672486306
residual_v2,56,polygonal_holes,14,private-source://routeA_experiments/data/prospective_ood_rd_hddm_alpha001_v2/polygonal_holes/sample_0014.npz,d1818732f452567ad0ecd2f58c757bb8290572b117528bb1e5aaefa970313cc6,0.006360061001032591,0.060747897260809446,0.7281062213957092,0.8310263454914093,0.3609881490468977,0.7474252235889435
residual_v2,56,polygonal_holes,15,private-source://routeA_experiments/data/prospective_ood_rd_hddm_alpha001_v2/polygonal_holes/sample_0015.npz,445b87e8c24a47bfb4d118389ef483a360b0d5074dc815ae35513aab4a27864d,0.005523102998267859,0.05733391703304531,0.7302703096219094,0.8000339865684509,0.30274704247713063,0.6853120782971382
residual_v2,56,polygonal_holes,16,private-source://routeA_experiments/data/prospective_ood_rd_hddm_alpha001_v2/polygonal_holes/sample_0016.npz,1a99ec371d63848f62228b959ed0924574356c0cccfdd1260268c8dfa0c9cdb0,0.005602992023341358,0.05995211223142413,1.1735896679235647,0.9327812641859055,0.28351917063118887,0.6501151702553031
residual_v2,56,polygonal_holes,17,private-source://routeA_experiments/data/prospective_ood_rd_hddm_alpha001_v2/polygonal_holes/sample_0017.npz,0cdbf63c17b90ff3b3512ee0966f5d174bfb3232348a9e49b05f2d9ee4d89a26,0.005578303011134267,0.04790537546593567,0.5683856835606375,0.6586489081382751,0.22599856257438647,0.5700822421908378
residual_v2,56,polygonal_holes,18,private-source://routeA_experiments/data/prospective_ood_rd_hddm_alpha001_v2/polygonal_holes/sample_0018.npz,47317c8f9d3ed8f1a54c8b96ba91af510560b8aa7f805ade7143c1d16ca55e66,0.005602643999736756,0.04890286293882582,0.47237055664843636,0.571009635925293,0.21701557487249373,0.5014571478962898
residual_v2,56,polygonal_holes,19,private-source://routeA_experiments/data/prospective_ood_rd_hddm_alpha001_v2/polygonal_holes/sample_0019.npz,14a537fef9ee78090f18c68c7c2bb65ef6d197ce349231291c03aa4206e7dbef,0.005552743037696928,0.05517858895252794,0.7545071040912835,0.8129937648773193,0.29635627269744863,0.6816975569725036
residual_v2,56,polygonal_holes,20,private-source://routeA_experiments/data/prospective_ood_rd_hddm_alpha001_v2/polygonal_holes/sample_0020.npz,7c814a3de56a037a81fd975f53b5567efeb9d9662b615203546bc0899290fd90,0.006355274992529303,0.042467772043031954,0.4182893813104854,0.563192754983902,0.1692365251481532,0.4789473888278007
residual_v2,56,polygonal_holes,21,private-source://routeA_experiments/data/prospective_ood_rd_hddm_alpha001_v2/polygonal_holes/sample_0021.npz,8ce53160fe69d5b6413cde92d321f24dc4d1d44cc5f0f2a3eca07d60a4da1104,0.00561175198527053,0.053511528306881294,0.5717126614989649,0.659359872341156,0.20842320472002024,0.473112845122814
residual_v2,56,polygonal_holes,22,private-source://routeA_experiments/data/prospective_ood_rd_hddm_alpha001_v2/polygonal_holes/sample_0022.npz,ebe02bed5b22de6ec65b6c54aaa34f7a9e9daf45fb56c3455386ee7beeca83bd,0.006293955026194453,0.07230845377470795,0.9405913271151962,0.9634805917739868,0.40291980952024453,0.7737653146684169
residual_v2,56,polygonal_holes,23,private-source://routeA_experiments/data/prospective_ood_rd_hddm_alpha001_v2/polygonal_holes/sample_0023.npz,d6cabc05bb35909896ec365f876db62334e617b13b08c9e40694e2791b0db121,0.005558570032007992,0.05249143681188394,0.5804472703151528,0.6777210235595703,0.30169608592987035,0.5661473828554153
residual_v2,56,polygonal_holes,24,private-source://routeA_experiments/data/prospective_ood_rd_hddm_alpha001_v2/polygonal_holes/sample_0024.npz,cc607c6b4a44a20de7c0d072b11d3585668469f46fe26a9e5a4601a8839b18e3,0.005538703000638634,0.056149359241181224,0.7952342787074259,0.8651740550994873,0.264773616194725,0.652187882065773
residual_v2,56,polygonal_holes,25,private-source://routeA_experiments/data/prospective_ood_rd_hddm_alpha001_v2/polygonal_holes/sample_0025.npz,6624bf5fe6d196079fb76fb31c85860e096a142c03b130cd1e70002ae755b942,0.005516926990821958,0.07661861214387468,0.7642511973934286,0.8181076347827911,0.3369803912937641,0.6472265541553497
residual_v2,56,polygonal_holes,26,private-source://routeA_experiments/data/prospective_ood_rd_hddm_alpha001_v2/polygonal_holes/sample_0026.npz,c98d8e8d3d0a88d1da87415faeb5bf9178e88e1f30adc9ecf7cd6cf0dbd9277f,0.0063179220305755734,0.04891373171462195,0.46738211227064624,0.615430623292923,0.216864722588798,0.39502258986234656
residual_v2,56,polygonal_holes,27,private-source://routeA_experiments/data/prospective_ood_rd_hddm_alpha001_v2/polygonal_holes/sample_0027.npz,a8830b8166a10f61db4814b54f56ca4808e3c93da85d47b565e4eddec6598b7d,0.005588003958109766,0.044555896340230494,0.48865146683143873,0.676554411649704,0.2226922258734701,0.5172923597693443
residual_v2,56,polygonal_holes,28,private-source://routeA_experiments/data/prospective_ood_rd_hddm_alpha001_v2/polygonal_holes/sample_0028.npz,7a7df2263baaa71cbccf62f82307a4ec9364e586142fc46aecffcb33cae7cae8,0.006264267954975367,0.04701837121583821,0.5771939927217076,0.655493974685669,0.2712257027626037,0.5434030264616012
residual_v2,56,polygonal_holes,29,private-source://routeA_experiments/data/prospective_ood_rd_hddm_alpha001_v2/polygonal_holes/sample_0029.npz,1792cfc778015639447d8549da9e8e6ae065b2de6e8a35808550ab1f2eaa6d12,0.005560184014029801,0.048514743505254754,0.6745764817619704,0.7770021259784698,0.27401320785284006,0.6149604925513267
residual_v2,56,polygonal_holes,30,private-source://routeA_experiments/data/prospective_ood_rd_hddm_alpha001_v2/polygonal_holes/sample_0030.npz,0361f263ac7c96ee87583959a04a88d5d85ed0d0bf6e7d378681151774f385f2,0.005672722007147968,0.04712899086603026,0.50920800856279,0.6075442135334015,0.23965290095657096,0.4867370852828025
residual_v2,56,polygonal_holes,31,private-source://routeA_experiments/data/prospective_ood_rd_hddm_alpha001_v2/polygonal_holes/sample_0031.npz,05f616ed447a9ab8e71b77b9398fe7f5bdca3822ed0cb7c0b89a4802fff7e34a,0.0056101829977706075,0.05287396055270042,0.5662960988589395,0.843605101108551,0.25821206271648395,0.46759690970182416
residual_v2,56,polygonal_holes,32,private-source://routeA_experiments/data/prospective_ood_rd_hddm_alpha001_v2/polygonal_holes/sample_0032.npz,b84ee66df3e51a313acfa70a8d8f17e55d0f28293bfc848be6da74369c6efe7e,0.0055225639953278005,0.05395314797930546,0.5734427881315487,0.7206205129623413,0.31013998389244074,0.595337164402008
residual_v2,56,polygonal_holes,33,private-source://routeA_experiments/data/prospective_ood_rd_hddm_alpha001_v2/polygonal_holes/sample_0033.npz,daa13b8f28a70003a1c8a3b22cc6fb6ba7cd514feb1f0dde8861d77cced138db,0.0056090980069711804,0.05351509916851465,0.6667605811953062,0.7295188307762146,0.2671929135918615,0.6216495761275291
residual_v2,56,polygonal_holes,34,private-source://routeA_experiments/data/prospective_ood_rd_hddm_alpha001_v2/polygonal_holes/sample_0034.npz,f1007728ae6fc8cc7b887f70cb682b003162557fe09bc505313c9852da9b0395,0.005561675003264099,0.06428811842458129,0.76720405367874,0.8205000758171082,0.34762453734874715,0.634298806488514
residual_v2,56,polygonal_holes,35,private-source://routeA_experiments/data/prospective_ood_rd_hddm_alpha001_v2/polygonal_holes/sample_0035.npz,74480bc8be2b0c3f792eeafe7931aa43f6eabf7fab66f1f8889ff83f9343aacf,0.005495293997228146,0.0427119229758091,0.3964168482672143,0.5072760581970215,0.19330616816878315,0.33752915769815445
residual_v2,56,polygonal_holes,36,private-source://routeA_experiments/data/prospective_ood_rd_hddm_alpha001_v2/polygonal_holes/sample_0036.npz,d380cc325dc38fac34101ad898621f7a706e5ef3145fb50b48cd8a3550e915f6,0.0055808540200814605,0.05117800979403101,0.5066761210701507,0.6752672493457794,0.23764389306306835,0.5392983332276343
residual_v2,56,polygonal_holes,37,private-source://routeA_experiments/data/prospective_ood_rd_hddm_alpha001_v2/polygonal_holes/sample_0037.npz,562b92269c11eb7a4d6d2b96c70e8334d3b1e90f788bd3d9e801d09a075eee3a,0.005688587028998882,0.0584116295679038,1.0950893464964093,0.9702685624361038,0.2588837397517636,0.6415861232578755
residual_v2,56,polygonal_holes,38,private-source://routeA_experiments/data/prospective_ood_rd_hddm_alpha001_v2/polygonal_holes/sample_0038.npz,ad000ee37c0e1a9ba734e4dd9459946f4b3df5f603b980b12d442bca1f8ed9f9,0.0055450499639846385,0.049217936152160115,0.5414057088910593,0.6916257739067078,0.2330670960247515,0.49892239004373545
residual_v2,56,polygonal_holes,39,private-source://routeA_experiments/data/prospective_ood_rd_hddm_alpha001_v2/polygonal_holes/sample_0039.npz,522d3ecbc2d9edc149dc3f03b6cf36d68fca66badfbb0f6dd3482d5e5f254b68,0.005784837005194277,0.04690754434562627,0.42931601252719764,0.5235925316810608,0.21489541679620738,0.39139265775680543
residual_v2,56,polygonal_holes,40,private-source://routeA_experiments/data/prospective_ood_rd_hddm_alpha001_v2/polygonal_holes/sample_0040.npz,254ab846e9a8b91265cad089e47a668ba206ceeb02e23540aaf1b8dded5c5277,0.005578713957220316,0.044974875064639645,0.57744742949709,0.7179862558841705,0.2111795842647552,0.48211631566286084
residual_v2,56,polygonal_holes,41,private-source://routeA_experiments/data/prospective_ood_rd_hddm_alpha001_v2/polygonal_holes/sample_0041.npz,8c7f049970c19d0bf9df6a56540e33a405e9b6f637a802fc3a679bd78cbd2f7b,0.00627597700804472,0.06172383739477333,0.7431409034331649,0.8289694786071777,0.38100328296422953,0.6577066680788993
residual_v2,56,polygonal_holes,42,private-source://routeA_experiments/data/prospective_ood_rd_hddm_alpha001_v2/polygonal_holes/sample_0042.npz,6d8ce4ad2a0fbe386141c305df0df82390863da91466b3772de47905aac327ac,0.005511218041647226,0.0702301628197808,0.8544992630268791,0.933806836605072,0.379344905912876,0.7423813471198081
residual_v2,56,polygonal_holes,43,private-source://routeA_experiments/data/prospective_ood_rd_hddm_alpha001_v2/polygonal_holes/sample_0043.npz,cce44f1d73fbe7f76182aa7fd07a69f90b93524ef2f5d7c4c6a1bb4566cb8ff9,0.00555428396910429,0.0684918024985796,0.9551651204562253,0.9384812712669373,0.2871488296426831,0.8248086054623126
residual_v2,56,polygonal_holes,44,private-source://routeA_experiments/data/prospective_ood_rd_hddm_alpha001_v2/polygonal_holes/sample_0044.npz,ae4b89782186c636597bbf28ff74a3d03e0c2dbac42260653f9d140ab9229119,0.005570854002144188,0.04497319588342584,0.4367093075886764,0.5851883888244629,0.23086443543434135,0.4755354759097099
residual_v2,56,polygonal_holes,45,private-source://routeA_experiments/data/prospective_ood_rd_hddm_alpha001_v2/polygonal_holes/sample_0045.npz,1777cf5189ac8f43461ae20e5ef1f4c739e91a493823c36ad21eedc9d1d3abf4,0.0055823069997131824,0.052095014175585874,0.6782754087627803,0.7680010795593262,0.28042350858449927,0.6248384925723076
residual_v2,56,polygonal_holes,46,private-source://routeA_experiments/data/prospective_ood_rd_hddm_alpha001_v2/polygonal_holes/sample_0046.npz,cc55794e1940c234f9da149d83ee01ead8d8277520e38b89220b19e02e70f238,0.006349594972562045,0.06087206880590034,1.1491892430011545,0.9595813602209091,0.2585059242788702,0.6665321281552313
residual_v2,56,polygonal_holes,47,private-source://routeA_experiments/data/prospective_ood_rd_hddm_alpha001_v2/polygonal_holes/sample_0047.npz,7f42f867baf3b1c126f27ae2157ef3dd2a34a07d8d1a1f5aead8d062722664f9,0.005531949980650097,0.049124864504141295,0.5781473088722286,0.7877186238765717,0.2757188245654106,0.5248946392536163
residual_v2,56,polygonal_holes,48,private-source://routeA_experiments/data/prospective_ood_rd_hddm_alpha001_v2/polygonal_holes/sample_0048.npz,6e05df606b756d9cfd5f6305cc0eac033208a8444ad64ad8e48815757862935e,0.005573582020588219,0.06864071561057242,0.9588333921118715,0.9465255737304688,0.28644536882638927,0.7413469305634498
residual_v2,56,polygonal_holes,49,private-source://routeA_experiments/data/prospective_ood_rd_hddm_alpha001_v2/polygonal_holes/sample_0049.npz,8e60acf35c436ea7681e8f6ecb99e7889c6309505da38ab1a1de5fdd50c8d25a,0.006253611005377024,0.05347727600795405,0.6200480358458282,0.7398437857627869,0.28554142713546726,0.5727197927236557
residual_v2,56,polygonal_holes,50,private-source://routeA_experiments/data/prospective_ood_rd_hddm_alpha001_v2/polygonal_holes/sample_0050.npz,67ff652aacb37c18501691c8d65846f7fd6786aa6ab39d47d601c53560a81ffb,0.005569091008510441,0.04454391209920181,0.4972235411355595,0.6571792960166931,0.2607501208782196,0.47538911700248715
residual_v2,56,polygonal_holes,51,private-source://routeA_experiments/data/prospective_ood_rd_hddm_alpha001_v2/polygonal_holes/sample_0051.npz,d178ebe9f5d54994c88f44993765bce335075010cff7e29e1ff0070188cd3350,0.006299632019363344,0.05985807021154394,1.0834758878099253,0.8874707370996475,0.26347756901232056,0.6994216577708721
residual_v2,56,polygonal_holes,52,private-source://routeA_experiments/data/prospective_ood_rd_hddm_alpha001_v2/polygonal_holes/sample_0052.npz,a3a862fcadf321c577317885abc8e5b33930f4e0f1c7fe81f71f61e570dec552,0.005602519027888775,0.05238420662845101,0.7928183762843578,0.9141542911529541,0.2263192124664782,0.6238831072300669
residual_v2,56,polygonal_holes,53,private-source://routeA_experiments/data/prospective_ood_rd_hddm_alpha001_v2/polygonal_holes/sample_0053.npz,ab5fddb822d6b9316b54ab76c4527ea073e575a3e421c7d3825dddaa22fc27e5,0.0062645949656143785,0.06404819504020522,0.9614231919100946,0.9881265759468079,0.2720581904053686,0.7579479017853734
residual_v2,56,polygonal_holes,54,private-source://routeA_experiments/data/prospective_ood_rd_hddm_alpha001_v2/polygonal_holes/sample_0054.npz,a1022a21b18e6e40b38eb55a0b8587d544f733833a4d7f12d4de108015563cc3,0.005517343000974506,0.043306706087572595,0.3688455417701299,0.481518417596817,0.2053157158195972,0.3045341837406158
residual_v2,56,polygonal_holes,55,private-source://routeA_experiments/data/prospective_ood_rd_hddm_alpha001_v2/polygonal_holes/sample_0055.npz,4365d7d047747c0c5587594149f7905cf8d0fbc2fc11cdade3a1001f8d10a489,0.006324427959043533,0.06673194806536559,0.9239711081348136,0.9454960823059082,0.32018821537494657,0.7684326963126653
residual_v2,56,polygonal_holes,56,private-source://routeA_experiments/data/prospective_ood_rd_hddm_alpha001_v2/polygonal_holes/sample_0056.npz,c64e194ceeb73588bea71d967fed493a69e7f31422958700a5a894c51dad8af4,0.006283648021053523,0.051515451854682696,0.5791654700968946,0.6005931496620178,0.22144121043384046,0.47718561753630623
residual_v2,56,polygonal_holes,57,private-source://routeA_experiments/data/prospective_ood_rd_hddm_alpha001_v2/polygonal_holes/sample_0057.npz,b7ec701204ebf0f91ed0f653ab9750798681ad55c0be7bccc78661334dd8a05a,0.006287607015110552,0.051352073804901324,0.8902541322358388,0.822821170091629,0.2284845536574721,0.6238572882860899
residual_v2,56,polygonal_holes,58,private-source://routeA_experiments/data/prospective_ood_rd_hddm_alpha001_v2/polygonal_holes/sample_0058.npz,d7d338d7ed7396d7013682fdeda699683e01e2e0a6b355ea8245cd50209f5837,0.006272332975640893,0.04996553875367883,0.6195416714312404,0.7241664528846741,0.290148788690567,0.6280352428555488
residual_v2,56,polygonal_holes,59,private-source://routeA_experiments/data/prospective_ood_rd_hddm_alpha001_v2/polygonal_holes/sample_0059.npz,520dc2e58678e87e5e0b109e52f119bf6f1955d7aa102dba7f2e2aa5f6870b26,0.0055399349657818675,0.042282869407496135,0.5979217993484148,0.703914612531662,0.2196677699685096,0.515520880818367
residual_v2,56,polygonal_holes,60,private-source://routeA_experiments/data/prospective_ood_rd_hddm_alpha001_v2/polygonal_holes/sample_0060.npz,65f37cdde81f35866d4ad5d443aea651ab7719a2aeaeacecb6c6f004e4a9a519,0.0056054339511319995,0.07067274356973156,0.9014380686377855,0.9268450736999512,0.3137088157236575,0.7665280097723007
residual_v2,56,polygonal_holes,61,private-source://routeA_experiments/data/prospective_ood_rd_hddm_alpha001_v2/polygonal_holes/sample_0061.npz,7743695b88cdc254e55b4fad952747f08a99a59b47940f19b05996b3aacfdd4f,0.005557522992603481,0.07668084685648213,1.0022230875409948,0.9969421327114105,0.4063487999141216,0.8744262939691543
residual_v2,56,polygonal_holes,62,private-source://routeA_experiments/data/prospective_ood_rd_hddm_alpha001_v2/polygonal_holes/sample_0062.npz,277f1102a42eb919881a684fdf02f8fe32f35c413c403026302cd12d4097853a,0.00557538797147572,0.06378982963212011,0.6005125655275566,0.7525034248828888,0.28162646777927874,0.49364003568887693
residual_v2,56,polygonal_holes,63,private-source://routeA_experiments/data/prospective_ood_rd_hddm_alpha001_v2/polygonal_holes/sample_0063.npz,6d764776066ab82c5cc65c85d8e8609d9930055835d54417aa78c6b4a6b03531,0.006285629002377391,0.0643509746680709,0.9146666630904899,0.9132582545280457,0.3535758778452872,0.7547866594791411
residual_v2,56,polygonal_holes,64,private-source://routeA_experiments/data/prospective_ood_rd_hddm_alpha001_v2/polygonal_holes/sample_0064.npz,faf90b633e638b9635077cf9b6ad138791b71dcf9f9c87c2643fdaa9321e9469,0.005610063963104039,0.041904876101868986,0.4690544706567016,0.6061587333679199,0.2172749131917953,0.4613067033886909
residual_v2,56,polygonal_holes,65,private-source://routeA_experiments/data/prospective_ood_rd_hddm_alpha001_v2/polygonal_holes/sample_0065.npz,5a1f909a1a33de701ff5e43850c8a0f624f0fe67bb2628856e8b2ff716aa4d8f,0.005533199990168214,0.04832088703311456,0.5673135492762773,0.7483459115028381,0.23096370697021462,0.5083078050613402
residual_v2,56,polygonal_holes,66,private-source://routeA_experiments/data/prospective_ood_rd_hddm_alpha001_v2/polygonal_holes/sample_0066.npz,231255ce916639b7963636d7ecd7e8496e2daf50b0681c71f8c26d117d19a6a3,0.00632753997342661,0.06445845432565016,0.6576272790692497,0.6343660950660706,0.3483480572700499,0.5113669955730438
residual_v2,56,polygonal_holes,67,private-source://routeA_experiments/data/prospective_ood_rd_hddm_alpha001_v2/polygonal_holes/sample_0067.npz,2ea120f390b13387af7e81bbf689609188cf789c089380be9954a01ab04383ce,0.006262334994971752,0.05422383744681611,0.8308942653934684,0.9680946171283722,0.2346435263752937,0.6440321239829062
residual_v2,56,polygonal_holes,68,private-source://routeA_experiments/data/prospective_ood_rd_hddm_alpha001_v2/polygonal_holes/sample_0068.npz,99dcf586e3c772fa34c409836b87dba473578ad4267323fe4c1021c49bea2156,0.006374425021931529,0.06732258665136871,0.6224052949012836,0.5055307894945145,0.329738275706768,0.396424914896488
residual_v2,56,polygonal_holes,69,private-source://routeA_experiments/data/prospective_ood_rd_hddm_alpha001_v2/polygonal_holes/sample_0069.npz,371011e0087841ce62fd475615c1487b9008b14cc2c8239b698c21a3f404f4ae,0.006316840008366853,0.05676685941783805,0.504738722887084,0.5694600045681,0.2735163897275923,0.5033588126301766
residual_v2,56,polygonal_holes,70,private-source://routeA_experiments/data/prospective_ood_rd_hddm_alpha001_v2/polygonal_holes/sample_0070.npz,76a38f00a38c09a4a5e0ce282801ee31b62717ad9405afde4dfaded58ac68adf,0.006247444020118564,0.04878598948530705,0.5453910470653718,0.6170608401298523,0.21779399514198264,0.48906453043222425
residual_v2,56,polygonal_holes,71,private-source://routeA_experiments/data/prospective_ood_rd_hddm_alpha001_v2/polygonal_holes/sample_0071.npz,725f819b9cff979f22d3fb2826bbeb093e79eac51bc6aeeece1bf9cca9411e3c,0.006324636982753873,0.05352651557123339,0.5454482108923988,0.6013488173484802,0.32407264038920397,0.5008123004436492
residual_v2,56,polygonal_holes,72,private-source://routeA_experiments/data/prospective_ood_rd_hddm_alpha001_v2/polygonal_holes/sample_0072.npz,29b11ddc75faadb72de6975449a2b31a3d5383776b7675881284f27b7dca3cab,0.006301897985395044,0.061163465313394325,0.6475743804195478,0.754755824804306,0.3311983764171598,0.6403682541847229
residual_v2,56,polygonal_holes,73,private-source://routeA_experiments/data/prospective_ood_rd_hddm_alpha001_v2/polygonal_holes/sample_0073.npz,1ab85a6c8ae26e0fbf4793862ad906cb7254045320b5796aeaa896f42f2bacd4,0.006245347030926496,0.06347057943938125,0.7173225433838878,0.8095386326313019,0.3685245826840399,0.6781666947901248
residual_v2,56,polygonal_holes,74,private-source://routeA_experiments/data/prospective_ood_rd_hddm_alpha001_v2/polygonal_holes/sample_0074.npz,bacd1d3e820fbf01f8d4acce5297dc3b9f8dc25652253988c73470e23a9f8ac1,0.006287188967689872,0.0534598079491247,0.6817553304278001,0.738040417432785,0.25219753794372074,0.5453912141919133
residual_v2,56,polygonal_holes,75,private-source://routeA_experiments/data/prospective_ood_rd_hddm_alpha001_v2/polygonal_holes/sample_0075.npz,3287c7e51fa026555fd19d375af6e3d4cc8cc42fa1205cc3bfc8cd6cf1579cd3,0.006321353022940457,0.04217286850057766,0.4486184081288514,0.5577638447284698,0.2011297300457954,0.4211484658718109
residual_v2,56,polygonal_holes,76,private-source://routeA_experiments/data/prospective_ood_rd_hddm_alpha001_v2/polygonal_holes/sample_0076.npz,574f2300d179a3831f3582318cd7b95acfd3405093d6a47af47ad93d2178f2e1,0.00635123101528734,0.06520635265091393,1.0581717126598684,0.7763051837682724,0.26823217888595535,0.5654626330733298
residual_v2,56,polygonal_holes,77,private-source://routeA_experiments/data/prospective_ood_rd_hddm_alpha001_v2/polygonal_holes/sample_0077.npz,4376fb3c5dd37b190c566754832a3e3ba85331c8e3e4f837d406cdef3bfffa17,0.00562799401814118,0.06127561024028132,0.7183971879728351,0.7076211869716644,0.3546542659401893,0.5932442550361157
residual_v2,56,polygonal_holes,78,private-source://routeA_experiments/data/prospective_ood_rd_hddm_alpha001_v2/polygonal_holes/sample_0078.npz,ae2f838a41311b1cab760c47b71bb43be39b91fa594b946c3571522b2c1a813d,0.005542488011997193,0.05430059398594949,0.572184035240162,0.6915555596351624,0.2679958414286373,0.6039952909946441
residual_v2,56,polygonal_holes,79,private-source://routeA_experiments/data/prospective_ood_rd_hddm_alpha001_v2/polygonal_holes/sample_0079.npz,adbb28bf9488acd23de73cd9711ec3b2e05ffc6733eb9f5e5d052cf61e664a70,0.00625721801770851,0.05661458443381055,0.8674017481564809,0.8722032308578491,0.24121002219617352,0.6661269964277744
residual_v2,56,polygonal_holes,80,private-source://routeA_experiments/data/prospective_ood_rd_hddm_alpha001_v2/polygonal_holes/sample_0080.npz,4a47f541a2cd868c83938f15092e28469ad5819a5b3e93180979feb578a2ce05,0.005570615001488477,0.04479728854600252,0.47412001812715976,0.6268333494663239,0.24188168942928306,0.4249043720960617
residual_v2,56,polygonal_holes,81,private-source://routeA_experiments/data/prospective_ood_rd_hddm_alpha001_v2/polygonal_holes/sample_0081.npz,4d25b3696b4e9ae0a17a8594fbd72f84735c32ee8f1f0b28d6a67a85a3343360,0.005590671033132821,0.056337698139550696,0.8287065531214212,0.9136615544557571,0.2246850428229663,0.6859603725373745
residual_v2,56,polygonal_holes,82,private-source://routeA_experiments/data/prospective_ood_rd_hddm_alpha001_v2/polygonal_holes/sample_0082.npz,a6c4e742890618c770a2aba2764df55ef3584d9cf57866efbbc096b98dec6a48,0.005571264948230237,0.05720067263758488,0.617695938201421,0.7569053471088409,0.3322619706392288,0.5442041075229644
residual_v2,56,polygonal_holes,83,private-source://routeA_experiments/data/prospective_ood_rd_hddm_alpha001_v2/polygonal_holes/sample_0083.npz,b8eeb414ab12e5fe35f84aa19979bdbca0f1a1f75eeb25da9aad6a52d8cbeb30,0.005573674978222698,0.05626657294240984,0.5099487065155293,0.6104337871074677,0.2716404411941765,0.4029796335101126
residual_v2,56,polygonal_holes,84,private-source://routeA_experiments/data/prospective_ood_rd_hddm_alpha001_v2/polygonal_holes/sample_0084.npz,67deca7af2005178ad0c93d16ab381b5a3df2ac09b8b5738e4fc2773a2546f62,0.0055819349945522845,0.04686842187121329,0.49269029162818856,0.6599022150039673,0.24412695467472076,0.5381519663333892
residual_v2,56,polygonal_holes,85,private-source://routeA_experiments/data/prospective_ood_rd_hddm_alpha001_v2/polygonal_holes/sample_0085.npz,ddb7b814e040d8c047a4649f33bf151654d032650e5a173001aca20b14905ab3,0.00554207997629419,0.04580353397732254,0.9177238667471146,0.8359614312648773,0.21826585577800864,0.5614474244415758
residual_v2,56,polygonal_holes,86,private-source://routeA_experiments/data/prospective_ood_rd_hddm_alpha001_v2/polygonal_holes/sample_0086.npz,d6433754926d38ddb5772e7cb405f78b5aec43e5ca3eade0ba8b62b103a7dc27,0.005737770989071578,0.059737473657455416,0.7845529536882481,0.9017675668001175,0.30069949701428395,0.6122728344053027
residual_v2,56,polygonal_holes,87,private-source://routeA_experiments/data/prospective_ood_rd_hddm_alpha001_v2/polygonal_holes/sample_0087.npz,8d3eec568a4d74c6a51e6da3cc28ade1037e57e722994fd947f5a01f53d41edf,0.00556995504302904,0.06250396094190445,1.1827191734000768,0.8941540569067001,0.28644631360657513,0.6789442338049411
residual_v2,56,polygonal_holes,88,private-source://routeA_experiments/data/prospective_ood_rd_hddm_alpha001_v2/polygonal_holes/sample_0088.npz,af9662e794a12464829c6fac98a3cb18e6e3e6857c1576994cbe01eedf1f246c,0.006301861023530364,0.06244177517695056,0.9468922344831775,0.9609561562538147,0.2476023349910972,0.7170761922001838
residual_v2,56,polygonal_holes,89,private-source://routeA_experiments/data/prospective_ood_rd_hddm_alpha001_v2/polygonal_holes/sample_0089.npz,c5a95474e5636d974aeee3dcde6837bf3c6a3704353407477c81f4240bbdc388,0.006274921004660428,0.06125704080423653,1.049221105845655,0.96907689422369,0.2574894834309816,0.7777693532407284
residual_v2,56,polygonal_holes,90,private-source://routeA_experiments/data/prospective_ood_rd_hddm_alpha001_v2/polygonal_holes/sample_0090.npz,69177a4934a4e7ec9786358ba08b301291e30633bfc8079703a3ad634dbe6555,0.006355464982334524,0.05532849190124643,0.6393237362088446,0.7443485856056213,0.30646182298660274,0.5847193688154219
residual_v2,56,polygonal_holes,91,private-source://routeA_experiments/data/prospective_ood_rd_hddm_alpha001_v2/polygonal_holes/sample_0091.npz,017495cf13436ccb34417f1d078194fbbb1bb9e889c2a05714fdfef6208a7922,0.005618532013613731,0.05128803195011705,1.1260464400878232,0.9757588058710098,0.22399520059116182,0.653635313659906
residual_v2,56,polygonal_holes,92,private-source://routeA_experiments/data/prospective_ood_rd_hddm_alpha001_v2/polygonal_holes/sample_0092.npz,6fb319a462e5729cc33034f1576388ff60d99f8ed26dcf3ed67437d1ea1bca54,0.006296145962551236,0.039285295289537316,0.3614320464854547,0.49808061122894287,0.19596695192158217,0.3654494044184684
residual_v2,56,polygonal_holes,93,private-source://routeA_experiments/data/prospective_ood_rd_hddm_alpha001_v2/polygonal_holes/sample_0093.npz,52cbc18f79056f45df5b059b191b91f8510f55d9c2edcd661f81df8375d9e0d1,0.006342621985822916,0.05842097468084464,0.7980243735493809,0.871814638376236,0.31052993088960645,0.7043597459793091
residual_v2,56,polygonal_holes,94,private-source://routeA_experiments/data/prospective_ood_rd_hddm_alpha001_v2/polygonal_holes/sample_0094.npz,164da7452288a5d8a7302027741566652f575e6558c5ce9ce09db0163255c7ab,0.006336694990750402,0.04897162088618794,0.5005606783278125,0.5261191427707672,0.23961377888917923,0.45908833920955655
residual_v2,56,polygonal_holes,95,private-source://routeA_experiments/data/prospective_ood_rd_hddm_alpha001_v2/polygonal_holes/sample_0095.npz,1c76e3d378b35c6a9e36e37471d1c5bcd6e753f69e666218ce23590f33585d3e,0.0063018910004757345,0.06692470751812708,0.9397441470419665,0.9605328440666199,0.3951290816068649,0.7773214155435562
residual_v2,56,polygonal_holes,96,private-source://routeA_experiments/data/prospective_ood_rd_hddm_alpha001_v2/polygonal_holes/sample_0096.npz,49ad587763214bcda7cccaa69cfff09cf001c7b2c7f38d85251e3f2672a35569,0.006341959990095347,0.050855917434756995,0.4928300995190206,0.5977097153663635,0.2505621284246444,0.49686146080493915
residual_v2,56,polygonal_holes,97,private-source://routeA_experiments/data/prospective_ood_rd_hddm_alpha001_v2/polygonal_holes/sample_0097.npz,8390688b322ed3b47b14ae6c8deb192bc662ca519072cc4456004520d93634eb,0.006356491008773446,0.06475372735305175,0.6368906165793415,0.7892385721206665,0.32767073959112153,0.6272953274846076
residual_v2,56,polygonal_holes,98,private-source://routeA_experiments/data/prospective_ood_rd_hddm_alpha001_v2/polygonal_holes/sample_0098.npz,d664b5cd66446712fa2fc0050a3eea16c06ebbf4a5f3665cb9b62018873ee112,0.006427794985938817,0.03934302906380152,0.32626034420524497,0.40621674060821533,0.1940264575183391,0.3633830207586288
residual_v2,56,polygonal_holes,99,private-source://routeA_experiments/data/prospective_ood_rd_hddm_alpha001_v2/polygonal_holes/sample_0099.npz,ffb0fcbe82635372bfaaf9dfad830078cc7e245cb5df18fc4cf3ee7d7ed08f2c,0.006373025011271238,0.05314938535972099,0.6227828851015709,0.7540531158447266,0.30937293171882624,0.6149319574236869
residual_v2,56,polygonal_holes,100,private-source://routeA_experiments/data/prospective_ood_rd_hddm_alpha001_v2/polygonal_holes/sample_0100.npz,83db9e1bf734e4318e7310d414f020dde016065b78e5ec40e0bf63cbdc30cd69,0.006287958996836096,0.05485556249687963,0.604773196899006,0.6307592391967773,0.2564477095380425,0.4936180043220519
residual_v2,56,polygonal_holes,101,private-source://routeA_experiments/data/prospective_ood_rd_hddm_alpha001_v2/polygonal_holes/sample_0101.npz,628d4ef4e48f4e11212826ea73354e04acbb5cf5218cf61a5f450ffe072e463a,0.005711989011615515,0.046320296479084894,0.5498126731970292,0.8048929274082184,0.21201762557029713,0.48059800416231147
residual_v2,56,polygonal_holes,102,private-source://routeA_experiments/data/prospective_ood_rd_hddm_alpha001_v2/polygonal_holes/sample_0102.npz,53967bde920053230113301d67f3965fb24710c7b37e3b7e2a11053964188c70,0.006295598985161632,0.061523109795051725,0.7505301912618221,0.7473378628492355,0.27429504431784146,0.6416880345344543
residual_v2,56,polygonal_holes,103,private-source://routeA_experiments/data/prospective_ood_rd_hddm_alpha001_v2/polygonal_holes/sample_0103.npz,31c2e4b05f2f012dc480a56d1b1cc60ea8f4b239b39e292c8f0a6dac54ebd19b,0.0055693769827485085,0.06310936534110498,0.8833967651189272,0.8946284651756287,0.3340808823704719,0.7598440858721732
residual_v2,56,polygonal_holes,104,private-source://routeA_experiments/data/prospective_ood_rd_hddm_alpha001_v2/polygonal_holes/sample_0104.npz,9eb06fccb4a1502bf602c71b5f5036161537259059eb86654e50a1438639f459,0.005549476016312838,0.04231586190375512,0.385368654761336,0.46394670009613037,0.22760637700557707,0.33118639707565306
residual_v2,56,polygonal_holes,105,private-source://routeA_experiments/data/prospective_ood_rd_hddm_alpha001_v2/polygonal_holes/sample_0105.npz,95cbcc94abd4de91c834c528dda2319a03fb7099f469d400f93c5b03afcbc4a8,0.005843708000611514,0.05729576623862685,0.721113601794844,0.8064785301685333,0.3356272235512732,0.6903312808275223
residual_v2,56,polygonal_holes,106,private-source://routeA_experiments/data/prospective_ood_rd_hddm_alpha001_v2/polygonal_holes/sample_0106.npz,98106d828e41a1c5eb346df2a0b0a1e1e58665b84eceba9935ef6099e5563495,0.00557419698452577,0.0553052794467015,1.0491303168927657,0.8185042068362236,0.24679607979487617,0.6533237093687057
residual_v2,56,polygonal_holes,107,private-source://routeA_experiments/data/prospective_ood_rd_hddm_alpha001_v2/polygonal_holes/sample_0107.npz,9cbd0d60ca7ebba2116f8c16d91b310978edea4d0da468204842b7a23670a89d,0.0055607910035178065,0.05850259771615438,0.7542706299888196,0.7876850366592407,0.26316433809697615,0.6054560503363609
residual_v2,56,polygonal_holes,108,private-source://routeA_experiments/data/prospective_ood_rd_hddm_alpha001_v2/polygonal_holes/sample_0108.npz,b9853bfdbfac230c0bfabbae3453e3f905065de73973a4e6e03d679b043f8a93,0.00563830800820142,0.06777146306279368,0.7221103295402066,0.7594384253025055,0.299716755747795,0.6269593220949172
residual_v2,56,polygonal_holes,109,private-source://routeA_experiments/data/prospective_ood_rd_hddm_alpha001_v2/polygonal_holes/sample_0109.npz,ad81e157b0fe4b56f9cb232ff544261abab7b40e2fd40998cf5365e8c2ecbf9c,0.005564504011999816,0.051294153771480354,0.9767667314419295,0.924693375825882,0.2342395110055804,0.5678540967404843
residual_v2,56,polygonal_holes,110,private-source://routeA_experiments/data/prospective_ood_rd_hddm_alpha001_v2/polygonal_holes/sample_0110.npz,2379cde8dfcb4012259c110621bb82cac632e8758fc6470fc5fb50c0d6567705,0.00558311102213338,0.05479739463150246,0.6282548032616431,0.6974619030952454,0.2416995719075202,0.5309226824343204
residual_v2,56,polygonal_holes,111,private-source://routeA_experiments/data/prospective_ood_rd_hddm_alpha001_v2/polygonal_holes/sample_0111.npz,e77470dcfcba1f6bdb33c318c2e6cecb38ae797f62d39e0bb08e7a08dd6e974a,0.005507692985702306,0.05148242026571274,0.6987302767679526,0.810970813035965,0.28771935105323776,0.641532982289791
residual_v2,56,polygonal_holes,112,private-source://routeA_experiments/data/prospective_ood_rd_hddm_alpha001_v2/polygonal_holes/sample_0112.npz,88df74d2052fa5cb450aa5d9be2814b467df7bbe8db5582a180089122655cee2,0.005582849029451609,0.04420209018067958,0.40070876913757986,0.3896780014038086,0.2202133249491453,0.31839882723987095
residual_v2,56,polygonal_holes,113,private-source://routeA_experiments/data/prospective_ood_rd_hddm_alpha001_v2/polygonal_holes/sample_0113.npz,3a1fa1b65775b0275cf639b12a72525a77828d847796be0e003df1bdbad952ec,0.005617112969048321,0.043388367788603166,0.4486738926087917,0.5228264331817627,0.22759923264384266,0.44026135981082914
residual_v2,56,polygonal_holes,114,private-source://routeA_experiments/data/prospective_ood_rd_hddm_alpha001_v2/polygonal_holes/sample_0114.npz,ee8527e088d5dac6fcb1c475159e6c302f9ad53ec6da27fe11138620a0ca68fd,0.00629229994956404,0.0680989237492492,0.8666391337338205,0.9320375323295593,0.39104359224438656,0.7984738220274448
residual_v2,56,polygonal_holes,115,private-source://routeA_experiments/data/prospective_ood_rd_hddm_alpha001_v2/polygonal_holes/sample_0115.npz,f7ffa5978118fd94c3600a0f477fa283eca44223a4090163c2e4bf5b6bcf3f85,0.006259502028115094,0.04757682859456913,0.5561670001556278,0.6711361110210419,0.2436916261911392,0.55810226470232
residual_v2,56,polygonal_holes,116,private-source://routeA_experiments/data/prospective_ood_rd_hddm_alpha001_v2/polygonal_holes/sample_0116.npz,40826f4a1aca3233236ea6a2e03d2f7953a031f2a735af2bc36b9a978760b21d,0.006315400009043515,0.06192829310153267,0.7737887221753209,0.8033348321914673,0.29527398049831355,0.6173192924261093
residual_v2,56,polygonal_holes,117,private-source://routeA_experiments/data/prospective_ood_rd_hddm_alpha001_v2/polygonal_holes/sample_0117.npz,e1cd5ab17ebc52bc630594c80acdbe1ac1cf83a82b72806653c360f585aa540a,0.005555519950576127,0.045558627212254364,0.3933748562914155,0.5412073731422424,0.198453485337086,0.3253994297981262
residual_v2,56,polygonal_holes,118,private-source://routeA_experiments/data/prospective_ood_rd_hddm_alpha001_v2/polygonal_holes/sample_0118.npz,e0b81737032bd6118a094dfd0c6797f942b4d7ff21e1c6636fe9e0c0fa7456e2,0.005546805972699076,0.04355174012179582,0.5239891327775239,0.6715869307518005,0.21870173066854473,0.5304334723949432
residual_v2,56,polygonal_holes,119,private-source://routeA_experiments/data/prospective_ood_rd_hddm_alpha001_v2/polygonal_holes/sample_0119.npz,274e7d80ddc1fb4c43974f1671c4b357b5fd97510b63ae2caa29395f57fb9bd2,0.005547861976083368,0.07382203938861583,0.9166251540582717,0.946833997964859,0.4458607301115987,0.7971926948428153
residual_v2,56,polygonal_holes,120,private-source://routeA_experiments/data/prospective_ood_rd_hddm_alpha001_v2/polygonal_holes/sample_0120.npz,a6dd086ec33a9883183e8a146acf4fded479067a6034fee0630258588079fc8d,0.005582565034274012,0.04443648546394469,0.5668061103966624,0.7071864008903503,0.22896271347999572,0.5562644438445568
residual_v2,56,polygonal_holes,121,private-source://routeA_experiments/data/prospective_ood_rd_hddm_alpha001_v2/polygonal_holes/sample_0121.npz,ac81dd72fd79f7e2354039b8d04c60f5f5bbfca723e2447359de622ff26efbb1,0.0055841749999672174,0.05895565811509843,0.9810073691879507,0.9635102450847626,0.23599109752103678,0.6788178677856921
residual_v2,56,polygonal_holes,122,private-source://routeA_experiments/data/prospective_ood_rd_hddm_alpha001_v2/polygonal_holes/sample_0122.npz,759193356a467c09e2b8edbb533e17359fce60da51877df5de5350a541b599c5,0.006342976994346827,0.05997547327033822,0.7822715346260234,0.8207121193408966,0.25792663432657714,0.6201301331818103
residual_v2,56,polygonal_holes,123,private-source://routeA_experiments/data/prospective_ood_rd_hddm_alpha001_v2/polygonal_holes/sample_0123.npz,043378324eecf8d22f90a8b04f7e31a6758753cb437e9e0dfbe72c96271d4ff4,0.006273026985581964,0.037103853997398094,0.31520387568336283,0.40813595801591873,0.19191817194223404,0.3104731788486242
residual_v2,56,polygonal_holes,124,private-source://routeA_experiments/data/prospective_ood_rd_hddm_alpha001_v2/polygonal_holes/sample_0124.npz,cd51fc274b14dfb5fac39f5cfe064e526357b88b7d094e98b25666df1b414ebf,0.005601934972219169,0.05437008648595679,0.48197303857409646,0.5860609114170074,0.2503213394433259,0.3948488278687
residual_v2,56,polygonal_holes,125,private-source://routeA_experiments/data/prospective_ood_rd_hddm_alpha001_v2/polygonal_holes/sample_0125.npz,ed9c8de9705fd444fe459e4bfda13bcb047be60ede95d8334f14a4765b9738c1,0.006293656013440341,0.06553154725220209,0.7492048802761418,0.8345912098884583,0.32804672420024855,0.6942862194776535
residual_v2,56,polygonal_holes,126,private-source://routeA_experiments/data/prospective_ood_rd_hddm_alpha001_v2/polygonal_holes/sample_0126.npz,665752506b08a3f3e3fe30b2921a1800be6cc7503caeb2bbb5078b9732f246a1,0.006358807033393532,0.06366425870567229,0.7080803992083138,0.8062516450881958,0.2989859953522679,0.6536765253543854
residual_v2,56,polygonal_holes,127,private-source://routeA_experiments/data/prospective_ood_rd_hddm_alpha001_v2/polygonal_holes/sample_0127.npz,c816a31178bdc5d064cf91181e9c7932847ba43e355ab3c1d6ccd62738e6e38a,0.005683679017238319,0.05508230884014766,0.7702750602104887,0.8791110813617706,0.27375496774911867,0.72429373010993
residual_v2,56,polygonal_holes,128,private-source://routeA_experiments/data/prospective_ood_rd_hddm_alpha001_v2/polygonal_holes/sample_0128.npz,1ff4fae644b7094e6f782b7b687fd6b1fbd82aac67e72ea7769b3fb09fa6e48f,0.006254349020309746,0.04147064807251379,0.36930644299315435,0.5021468102931976,0.20294979214668268,0.30668009430170057
residual_v2,56,polygonal_holes,129,private-source://routeA_experiments/data/prospective_ood_rd_hddm_alpha001_v2/polygonal_holes/sample_0129.npz,304ae224f67a5af8163de1ab49c40dd4fedca4580b143be96af616abffc6891f,0.0062657230300828815,0.05530791067231778,0.6977613865836005,0.7275857925415039,0.28010485321283324,0.6033778098225594
residual_v2,56,polygonal_holes,130,private-source://routeA_experiments/data/prospective_ood_rd_hddm_alpha001_v2/polygonal_holes/sample_0130.npz,e1ce49f7ee7274aa7c46a7774918dbf0b33c86fdbf83110ebf21a577b52b49c2,0.005563744984101504,0.0462165585225529,0.4844331258092947,0.6230495870113373,0.2177936844527721,0.4330005204677581
residual_v2,56,polygonal_holes,131,private-source://routeA_experiments/data/prospective_ood_rd_hddm_alpha001_v2/polygonal_holes/sample_0131.npz,ed41aea98fee101c256811beb8de8b6cd7eaa2613cc541b40b00b980b3f85711,0.006306748022325337,0.032134850338805136,0.30834186621322335,0.4570625424385071,0.15129158310592175,0.28743233084678643
residual_v2,56,polygonal_holes,132,private-source://routeA_experiments/data/prospective_ood_rd_hddm_alpha001_v2/polygonal_holes/sample_0132.npz,f6a02e95496e34f2bd023b24cbfad8d8efcd430331804e20e35c1a3a87b3105a,0.006307028001174331,0.06333160104284982,0.6851689967014656,0.7615198493003845,0.2745673000812531,0.6405359289050102
residual_v2,56,polygonal_holes,133,private-source://routeA_experiments/data/prospective_ood_rd_hddm_alpha001_v2/polygonal_holes/sample_0133.npz,2d0b9657c30dbaee8ac6254ea143fd42d06b5d9334a9daae61f959b4d768189d,0.006306502968072891,0.04439503818164465,0.6114171138019466,0.7155466973781586,0.2436309650540349,0.604887717962265
residual_v2,56,polygonal_holes,134,private-source://routeA_experiments/data/prospective_ood_rd_hddm_alpha001_v2/polygonal_holes/sample_0134.npz,6fc1d8ad41d98e5533dcb17000bd621df4413b0bc230e17a01f9f1042863dc00,0.0055775680229999125,0.03749174065981644,0.34396191176127844,0.48989570140838623,0.19073892011656426,0.31771961003541943
residual_v2,56,polygonal_holes,135,private-source://routeA_experiments/data/prospective_ood_rd_hddm_alpha001_v2/polygonal_holes/sample_0135.npz,5f7f06f2a09a51cb1bdbf1f8f76c7dcebd7292b16ad5d06e2bd7e5e2a241a7b4,0.005557752039749175,0.053149755466388726,0.9061078095175213,0.824478805065155,0.2322291649878025,0.6013895949721336
residual_v2,56,polygonal_holes,136,private-source://routeA_experiments/data/prospective_ood_rd_hddm_alpha001_v2/polygonal_holes/sample_0136.npz,00531c0b831dc08973faac55a2933c5636dd9ca8276c59ce5b933fd5d249b087,0.005549605994019657,0.0457565790494463,0.3693731487228419,0.5379104465246201,0.20639668107032771,0.31532797053456296
residual_v2,56,polygonal_holes,137,private-source://routeA_experiments/data/prospective_ood_rd_hddm_alpha001_v2/polygonal_holes/sample_0137.npz,d001d2eb3c3220ffed4f07f5378b2f2433947704e933286823ec2f721961990d,0.005580986035056412,0.05117069626719108,0.504396824103436,0.5789504647254944,0.23829395473003384,0.4190813940763473
residual_v2,56,polygonal_holes,138,private-source://routeA_experiments/data/prospective_ood_rd_hddm_alpha001_v2/polygonal_holes/sample_0138.npz,f220ed2d2bb7df025848597f7eaca2bacd1707ff56291afdc47c8afdf6b2c8b5,0.0055400480050593615,0.059903968710254434,0.530230541754231,0.7039057314395905,0.26467340886592866,0.5574051746726035
residual_v2,56,polygonal_holes,139,private-source://routeA_experiments/data/prospective_ood_rd_hddm_alpha001_v2/polygonal_holes/sample_0139.npz,17b888ed07f6657c9849c552aad413cfe46048c4c7895f05178724c0fa7f87ca,0.005783275992143899,0.06483212348559239,0.8470303098598125,0.9224278330802917,0.3434141836594784,0.737134134620428
residual_v2,56,polygonal_holes,140,private-source://routeA_experiments/data/prospective_ood_rd_hddm_alpha001_v2/polygonal_holes/sample_0140.npz,e02540d429db3b7126f4bff11bc5fa61a336ec8a85e95e0c1221371ba5a47ef6,0.00628645095275715,0.06801261428549853,0.9912895250190222,0.9732142090797424,0.3136651732027528,0.6438174074888229
residual_v2,56,polygonal_holes,141,private-source://routeA_experiments/data/prospective_ood_rd_hddm_alpha001_v2/polygonal_holes/sample_0141.npz,bb22d84f5f6c83f45e1de2d4ab15f3186ec26d2a148f8904619bdd7a66c8171f,0.006334055971819907,0.055625939432766495,0.712273127083917,0.8197410702705383,0.3358255535364149,0.6841250520944595
residual_v2,56,polygonal_holes,142,private-source://routeA_experiments/data/prospective_ood_rd_hddm_alpha001_v2/polygonal_holes/sample_0142.npz,a1cc8c41b7c1a468be244e07ec2ff48e53d77459c7644d4e6eb2022f904ed782,0.006357857957482338,0.05350599670488767,0.8270627137987777,0.9206778258085251,0.24926576614379836,0.6895393493771552
residual_v2,56,polygonal_holes,143,private-source://routeA_experiments/data/prospective_ood_rd_hddm_alpha001_v2/polygonal_holes/sample_0143.npz,4b97a95ed4fe7c8cb1b5fa7d4ef80edede472fcfc57e6cfa5eadb9c8a4df27a5,0.006117955024819821,0.07318889770759268,1.2149254814398898,0.943312257528305,0.3385044224560261,0.6759581425786018
residual_v2,56,polygonal_holes,144,private-source://routeA_experiments/data/prospective_ood_rd_hddm_alpha001_v2/polygonal_holes/sample_0144.npz,3acfb67f378c2daf8e69098ba9558f45f6fc6a8a6e8672333f2e8c054a6bc2bf,0.00629932398442179,0.05954376167220687,1.0342057582729522,0.9977924227714539,0.23728450899943707,0.6886301726102827
residual_v2,56,polygonal_holes,145,private-source://routeA_experiments/data/prospective_ood_rd_hddm_alpha001_v2/polygonal_holes/sample_0145.npz,b65d0851c245b707a2ac32228f305f7569c9d1859d64e5f4927b75c27e5a7c2b,0.006318354979157448,0.05216277525187075,0.5596778657474151,0.6788188815116882,0.2944073930382727,0.5350588199496269
residual_v2,56,polygonal_holes,146,private-source://routeA_experiments/data/prospective_ood_rd_hddm_alpha001_v2/polygonal_holes/sample_0146.npz,201b532444ea007bfb07628e9165c885156dffac34abbcb9c7006c661f8345f2,0.005545927968341857,0.05896650700307772,0.720130164806579,0.8166516125202179,0.33019744120538236,0.6414016607403754
residual_v2,56,polygonal_holes,147,private-source://routeA_experiments/data/prospective_ood_rd_hddm_alpha001_v2/polygonal_holes/sample_0147.npz,d9d3e2c0e75e05c8d6a983a93cdbeec7eefce5027ca61ee3fe73ed223cb22f7a,0.005500807019416243,0.07319321518061858,0.8425139715390989,0.8027347326278687,0.3594403032213446,0.6441111454367637
residual_v2,56,polygonal_holes,148,private-source://routeA_experiments/data/prospective_ood_rd_hddm_alpha001_v2/polygonal_holes/sample_0148.npz,fed8390888705bfd8ae6d9f074b0386d8310a40128ec7eed3742e6689c9930f5,0.0062939770286902785,0.049303341884308086,0.6151548508710515,0.7225059568881989,0.31252834498882265,0.6109880298376084
residual_v2,56,polygonal_holes,149,private-source://routeA_experiments/data/prospective_ood_rd_hddm_alpha001_v2/polygonal_holes/sample_0149.npz,1fc1409b3b58a0ee4fe9462eb8610281be13a9e52d04be45b8155c8b093b6826,0.005542544007766992,0.04787968883846487,0.4920628807601823,0.6092917621135712,0.27974135577678677,0.5121416288614273
residual_v2,56,polygonal_holes,150,private-source://routeA_experiments/data/prospective_ood_rd_hddm_alpha001_v2/polygonal_holes/sample_0150.npz,2757539f9ec46c666cbf7b9c228a40503df7a8a8f2124fac5c87a43bd9ed14dc,0.00556461198721081,0.052323932994250984,0.9641929455685305,0.8735624849796295,0.23894098228774963,0.6046294701844454
residual_v2,56,polygonal_holes,151,private-source://routeA_experiments/data/prospective_ood_rd_hddm_alpha001_v2/polygonal_holes/sample_0151.npz,891875b4effc70758dab8ca57b0d6819863a7b492d90d1bfdb2bd22bc48d0cad,0.0063014299958013,0.07059748978852744,0.8231416869983622,0.9102126359939575,0.3869926989078521,0.7857847550511359
residual_v2,56,polygonal_holes,152,private-source://routeA_experiments/data/prospective_ood_rd_hddm_alpha001_v2/polygonal_holes/sample_0152.npz,56b12d3d13026cd3288b7c1885cbd85b8a1bc4dc3f9807dd8858aa67d50f721d,0.005563037004321814,0.06547990307516954,0.6911930740803739,0.7413837313652039,0.3330916658043861,0.5762029761075973
residual_v2,56,polygonal_holes,153,private-source://routeA_experiments/data/prospective_ood_rd_hddm_alpha001_v2/polygonal_holes/sample_0153.npz,af02edfbeda154165dee016399e47068fbe6b8c0e34593331fe7bf97c763c6ed,0.005605361016932875,0.03626028255273518,0.31365304265852656,0.4047592878341675,0.19072353690862648,0.31309441745281213
residual_v2,56,polygonal_holes,154,private-source://routeA_experiments/data/prospective_ood_rd_hddm_alpha001_v2/polygonal_holes/sample_0154.npz,9f4d2ecf074b40c504140d8737b60ab86136700c126bd6eada3ce22b6faeb44d,0.005667701014317572,0.0626519714036808,1.2924906088586718,0.9635176509618759,0.32953551981481716,0.6194828782230616
residual_v2,56,polygonal_holes,155,private-source://routeA_experiments/data/prospective_ood_rd_hddm_alpha001_v2/polygonal_holes/sample_0155.npz,b861e6158554f60e3b28f76ec9b128a9430ba6efcbba4fe54c56e55939f03657,0.005561024998314679,0.059604959707721145,0.7137750031413158,0.8077682256698608,0.3772406429052353,0.675210311114788
residual_v2,56,polygonal_holes,156,private-source://routeA_experiments/data/prospective_ood_rd_hddm_alpha001_v2/polygonal_holes/sample_0156.npz,14ef70e1036b06a4abd5ecf0c058f87e16a946222fa519b8f637fc45a36d83e7,0.005567088024690747,0.03724577306869428,0.37482961722968333,0.5364543795585632,0.19516584221273658,0.31766522198915476
residual_v2,56,polygonal_holes,157,private-source://routeA_experiments/data/prospective_ood_rd_hddm_alpha001_v2/polygonal_holes/sample_0157.npz,43dda95c9977101aa286a63d0342e83b3917f584fe93b176f50bf6a8863ee6ed,0.005565528990700841,0.05218045494881456,0.46300123888357353,0.5342180132865906,0.2474983321502804,0.44505852848291394
residual_v2,56,polygonal_holes,158,private-source://routeA_experiments/data/prospective_ood_rd_hddm_alpha001_v2/polygonal_holes/sample_0158.npz,d857465c10a280a070d862005f23339c491f8fbd2446b9a5938d6bcd7a0b3a1a,0.005802510946523398,0.04340862163666776,0.582781463721418,0.6650708317756653,0.18102824166417117,0.5161150810122489
residual_v2,56,polygonal_holes,159,private-source://routeA_experiments/data/prospective_ood_rd_hddm_alpha001_v2/polygonal_holes/sample_0159.npz,f59261ba874c415e72210524ff86466ef1835ff128db62c36864a13b554ff470,0.005541603022720665,0.05517610445549104,0.6811494698810706,0.7790398597717285,0.2906775131821631,0.6371698179841041
residual_v2,56,polygonal_holes,160,private-source://routeA_experiments/data/prospective_ood_rd_hddm_alpha001_v2/polygonal_holes/sample_0160.npz,39068f5d74d06b40549535b8f9ac00e3990cbbfd5ed4bbbfc7773dab1ec0dbbe,0.00555188296129927,0.06334135293057266,0.8257476955427393,0.8877266049385071,0.31565321087837217,0.6917067901790142
residual_v2,56,polygonal_holes,161,private-source://routeA_experiments/data/prospective_ood_rd_hddm_alpha001_v2/polygonal_holes/sample_0161.npz,e0831b7cf1e199a8bcddde4a7ba63fda2ec5358332f83876dc46e76b7a76fe72,0.005539623030927032,0.05871860667200944,0.8892704260456818,0.8626349866390228,0.2510884677991271,0.7077339312434197
residual_v2,56,polygonal_holes,162,private-source://routeA_experiments/data/prospective_ood_rd_hddm_alpha001_v2/polygonal_holes/sample_0162.npz,b57aaa46bc4b1f2b322a5c732792b6b0b627be08d494a2d21be8f93f764c1355,0.005533977993763983,0.053618852458700225,0.5461427716220554,0.6474626064300537,0.2947033479809759,0.5109480068087577
residual_v2,56,polygonal_holes,163,private-source://routeA_experiments/data/prospective_ood_rd_hddm_alpha001_v2/polygonal_holes/sample_0163.npz,1a3ca61d865205982770fbfd89f746ec95c9b76d83a2d8a357c31ac000e4dac4,0.0055095269926823676,0.04227862688160308,0.3903170934253503,0.483013391494751,0.19353970587253566,0.3953542476892471
residual_v2,56,polygonal_holes,164,private-source://routeA_experiments/data/prospective_ood_rd_hddm_alpha001_v2/polygonal_holes/sample_0164.npz,5d1ee014dbbe40884070a5a39acff629da86c4954a0b4ab2c84a9004a2202fd6,0.006260035966988653,0.0555328756001594,1.0256811227284233,0.9212460070848465,0.23948495835065836,0.6913592577725649
residual_v2,56,polygonal_holes,165,private-source://routeA_experiments/data/prospective_ood_rd_hddm_alpha001_v2/polygonal_holes/sample_0165.npz,259bca01e7e1d1c29bce2b41b1f1875945b910b6f1079e0f915a7977b1e9f893,0.0055300669628195465,0.0500372549315019,0.6108348292925911,0.7379006445407867,0.23980755358934394,0.551936248242855
residual_v2,56,polygonal_holes,166,private-source://routeA_experiments/data/prospective_ood_rd_hddm_alpha001_v2/polygonal_holes/sample_0166.npz,3d0e83e51a41e5c75d0f593269bfee27d32a16acbae58e27343d22ebcff431fa,0.006280734029132873,0.04821177137010813,0.5081180433967839,0.5397189557552338,0.21601392328739155,0.42706904619932173
residual_v2,56,polygonal_holes,167,private-source://routeA_experiments/data/prospective_ood_rd_hddm_alpha001_v2/polygonal_holes/sample_0167.npz,5a819bbcff1e88f2e84bade5f00f2f6aa0ce4917add5aa7ae2c972f7f2b2cd18,0.0055262609967030585,0.05781547388853862,0.693411700620814,0.7430387735366821,0.3325888991355891,0.6386412566900252
residual_v2,56,polygonal_holes,168,private-source://routeA_experiments/data/prospective_ood_rd_hddm_alpha001_v2/polygonal_holes/sample_0168.npz,a7cfabc5b8b40f9786fdf3721f364f746da39dc5df704ef1420678ea5be4ac01,0.005627708043903112,0.06103912456989513,0.914710393376321,0.9505025744438171,0.3461939210072158,0.7535344491899013
residual_v2,56,polygonal_holes,169,private-source://routeA_experiments/data/prospective_ood_rd_hddm_alpha001_v2/polygonal_holes/sample_0169.npz,f8b53cb3fd333ee1cb8d8489fc281f46ff7543a5218086725429358ac90c93cd,0.006284339004196227,0.08218410554877241,0.9467566861713544,0.9547521770000458,0.4637847961857915,0.7837698397040367
residual_v2,56,polygonal_holes,170,private-source://routeA_experiments/data/prospective_ood_rd_hddm_alpha001_v2/polygonal_holes/sample_0170.npz,531ec76af332ab8ef01be90231b69e059e9a8934f0f93d6913fbf46d169de030,0.005635569978039712,0.0424657091971009,0.35226086479140023,0.3676866590976715,0.18926555663347244,0.2478802132606506
residual_v2,56,polygonal_holes,171,private-source://routeA_experiments/data/prospective_ood_rd_hddm_alpha001_v2/polygonal_holes/sample_0171.npz,947ccbec00e5e3b68cdd69f3e3e633bff7ae1f93b4726f7be992a025d3253c92,0.005913159984629601,0.07213910844318551,0.8672014073885478,0.929497241973877,0.34948222413659086,0.8074855764210224
residual_v2,56,polygonal_holes,172,private-source://routeA_experiments/data/prospective_ood_rd_hddm_alpha001_v2/polygonal_holes/sample_0172.npz,8f15a2b58c17b5976e89c7be705afee763ca28bc4cc10a072fc3068929a6a3fa,0.00630511500639841,0.06627396326057705,0.844000853215856,0.8755184710025787,0.2902782332152128,0.6459498307108879
residual_v2,56,polygonal_holes,173,private-source://routeA_experiments/data/prospective_ood_rd_hddm_alpha001_v2/polygonal_holes/sample_0173.npz,44717b5111981b568d6b881d94fc32b107d2c09e4f89110f752fe8fd098ba1a9,0.006281392998062074,0.06010315608323211,0.5307373287701003,0.5567456185817719,0.28803616892546413,0.48012392580509183
residual_v2,56,polygonal_holes,174,private-source://routeA_experiments/data/prospective_ood_rd_hddm_alpha001_v2/polygonal_holes/sample_0174.npz,8b214cc2dccfbd9eeba4a0bbf1cf9592ace0d59fad777f0c1ef1da18aa1c1886,0.005556349002290517,0.05546475096905725,0.7065396577931289,0.8180819749832153,0.2888109222054479,0.7102553924918174
residual_v2,56,polygonal_holes,175,private-source://routeA_experiments/data/prospective_ood_rd_hddm_alpha001_v2/polygonal_holes/sample_0175.npz,0704e3f9778f3aedbd42b0385e81de58d71e4c2be75d9f126126775ca2425f28,0.0062914289883337915,0.03924408569698143,0.36529893283071313,0.4608411490917206,0.1959928214550018,0.35565881609916683
residual_v2,56,polygonal_holes,176,private-source://routeA_experiments/data/prospective_ood_rd_hddm_alpha001_v2/polygonal_holes/sample_0176.npz,a85484a8662f15305a5e709f13d1fa525a418acb00e7250756949427976b2dd8,0.005547437001951039,0.06554454810304756,0.8978136124268284,0.9443719983100891,0.2747552162036298,0.6643297056853771
residual_v2,56,polygonal_holes,177,private-source://routeA_experiments/data/prospective_ood_rd_hddm_alpha001_v2/polygonal_holes/sample_0177.npz,e0a3dc9763664c7fd06c84abf04a136fb5cdfe6c731d8094dd3d83ab720c189f,0.005607126047834754,0.051944108890058294,0.9158359412637737,0.8634392619132996,0.21760930242016902,0.6203343558311462
residual_v2,56,polygonal_holes,178,private-source://routeA_experiments/data/prospective_ood_rd_hddm_alpha001_v2/polygonal_holes/sample_0178.npz,481ca6c6499705706c2f66d7e79f45ecb746cb561d6a77790784658abee41ffe,0.00581781700020656,0.06188178839293654,0.8372296996138706,0.9223863035440445,0.3020571574568745,0.6818679624795914
residual_v2,56,polygonal_holes,179,private-source://routeA_experiments/data/prospective_ood_rd_hddm_alpha001_v2/polygonal_holes/sample_0179.npz,e4bc203a85df9f9977404e82f55cafb59262bc1ce46ea6ffe3b6aa2d04c126dc,0.006280840956605971,0.050883537706621004,0.5772023104931218,0.6808978915214539,0.2422741100192069,0.549922965466976
residual_v2,56,polygonal_holes,180,private-source://routeA_experiments/data/prospective_ood_rd_hddm_alpha001_v2/polygonal_holes/sample_0180.npz,81b84fdac3eccbe8d0928bc38881f8a0dd9d9e18b35f8f47b20caa177985fd3b,0.006314684986136854,0.05237994799248015,0.9227067276481213,0.9226373732089996,0.20192003082484003,0.7676282787322998
residual_v2,56,polygonal_holes,181,private-source://routeA_experiments/data/prospective_ood_rd_hddm_alpha001_v2/polygonal_holes/sample_0181.npz,5b6cc5d652fa4a1c887c4b0c1e164cd672bb9f5061ad1afead3751e70b213514,0.006312865007203072,0.06122010470362208,0.7118166976001888,0.7815745770931244,0.35111848115921007,0.702888342142105
residual_v2,56,polygonal_holes,182,private-source://routeA_experiments/data/prospective_ood_rd_hddm_alpha001_v2/polygonal_holes/sample_0182.npz,30d7eccb6acfa738a9e0d813c59d9fc3e7a337f419dc39e253bd748b1985e200,0.005559473996981978,0.07096189837951367,0.8006503664791879,0.805232897400856,0.31589700262993575,0.6464881049096584
residual_v2,56,polygonal_holes,183,private-source://routeA_experiments/data/prospective_ood_rd_hddm_alpha001_v2/polygonal_holes/sample_0183.npz,1373cf2f076ba6d96d76006b9bac7cafb13fe290e1c8db8eb0a021aa3ea6a877,0.0055375079973600805,0.0545378380912742,0.528221453587834,0.6555132269859314,0.2664180858060717,0.457118472456932
residual_v2,56,polygonal_holes,184,private-source://routeA_experiments/data/prospective_ood_rd_hddm_alpha001_v2/polygonal_holes/sample_0184.npz,ea319e2f477b8255fcaca1a8e04826d40a2c73352b1e4d184424b4c62b2442f5,0.005640365998260677,0.056653272909832075,0.7169878436341609,0.7882981300354004,0.29240503758192055,0.6577199038863182
residual_v2,56,polygonal_holes,185,private-source://routeA_experiments/data/prospective_ood_rd_hddm_alpha001_v2/polygonal_holes/sample_0185.npz,d003b9495650cf787afd4d3ddc6d86135228d769f54ad6312a6280421a596e3a,0.006333873025141656,0.05973322373116217,1.0721598625516637,0.9761693775653839,0.2366452327929437,0.7743328450620174
residual_v2,56,polygonal_holes,186,private-source://routeA_experiments/data/prospective_ood_rd_hddm_alpha001_v2/polygonal_holes/sample_0186.npz,842bbbe7603fa9c66898e0d3e41112951c43fa2013c25eff012bda7d90c34fc1,0.006306833995040506,0.048716905727423744,0.8478227240897436,0.7199936509132385,0.231671510823071,0.5614550031721591
residual_v2,56,polygonal_holes,187,private-source://routeA_experiments/data/prospective_ood_rd_hddm_alpha001_v2/polygonal_holes/sample_0187.npz,cb2d55c7982505cee18ae54c10f3a2561c5ffa076d5725faf703948555a281cd,0.00627397297648713,0.06711618412038386,1.2517601531968703,0.9665459543466568,0.27490320389624684,0.6227894869446751
residual_v2,56,polygonal_holes,188,private-source://routeA_experiments/data/prospective_ood_rd_hddm_alpha001_v2/polygonal_holes/sample_0188.npz,f3741286ab69ced697a71881032f01ee4b24b51cbaa12f72c9ef12b3e4744498,0.005845378967933357,0.057299076645626376,0.5066959755629041,0.6327668130397797,0.3544149488210678,0.5258592650294304
residual_v2,56,polygonal_holes,189,private-source://routeA_experiments/data/prospective_ood_rd_hddm_alpha001_v2/polygonal_holes/sample_0189.npz,f7b805f25ec992fb94efd23e0f85f979f2cf9c135f8ef20d0de20cb17df22844,0.006249599973671138,0.05696438213653007,1.092516319969186,0.915149636566639,0.2425173705909401,0.68858618684113
residual_v2,56,polygonal_holes,190,private-source://routeA_experiments/data/prospective_ood_rd_hddm_alpha001_v2/polygonal_holes/sample_0190.npz,dc1bbc2f69c79f99ee4574dff06f98bba6eb04d44fc3565781bf40b6efbb07e5,0.0055788710014894605,0.07115738323385573,0.7217959053185965,0.7805072367191315,0.334179726988077,0.5883519038558006
residual_v2,56,polygonal_holes,191,private-source://routeA_experiments/data/prospective_ood_rd_hddm_alpha001_v2/polygonal_holes/sample_0191.npz,f796f17a8112fa44e52a0f1a214586fb75df4a586120fd92593085ab7070cedd,0.005587634979747236,0.05270288108898197,0.5139071518787862,0.6085263788700104,0.2575606025755405,0.5331912109255791
residual_v2,56,polygonal_holes,192,private-source://routeA_experiments/data/prospective_ood_rd_hddm_alpha001_v2/polygonal_holes/sample_0192.npz,dda32192ec953c5b2b30b9664a031c0b2c32c18898206a837abd68a848dc6560,0.005606725986581296,0.04456617635825675,0.5373680540129371,0.6629530191421509,0.22702541053295108,0.555511103272438
residual_v2,56,polygonal_holes,193,private-source://routeA_experiments/data/prospective_ood_rd_hddm_alpha001_v2/polygonal_holes/sample_0193.npz,a0ecfb23ec91938da78978e535237a93cd3cdb1418404474f7a4b8e5e18ecb0e,0.005561947007663548,0.05508181866202803,0.47428710590012,0.6716932356357574,0.2762010909616947,0.4525983017683029
residual_v2,56,polygonal_holes,194,private-source://routeA_experiments/data/prospective_ood_rd_hddm_alpha001_v2/polygonal_holes/sample_0194.npz,41a07014c34cd5ab4b6bf8fb836e352f25011d3d9ee8ab7718601b8708c98a50,0.005544636980630457,0.04032499867817831,0.37661362733770215,0.5375482439994812,0.1899248728528619,0.39587876945734024
residual_v2,56,polygonal_holes,195,private-source://routeA_experiments/data/prospective_ood_rd_hddm_alpha001_v2/polygonal_holes/sample_0195.npz,bd513e0febd4c5373d80e2b7dcdd2b9486ed4ac7e6bc9ee5eb9dc273983b9ffe,0.005763458961155266,0.06222139394522235,1.141150941511737,0.9480132460594177,0.27612293786369263,0.734257095605135
residual_v2,56,polygonal_holes,196,private-source://routeA_experiments/data/prospective_ood_rd_hddm_alpha001_v2/polygonal_holes/sample_0196.npz,cb48f01e7dd800b18ce7cbe2c18858c2d9a44d38e5be7cf20f5254eafdbd0bf2,0.005548059998545796,0.05343384325619682,0.5637103171076854,0.6910827159881592,0.21575017422437662,0.49242953211069107
residual_v2,56,polygonal_holes,197,private-source://routeA_experiments/data/prospective_ood_rd_hddm_alpha001_v2/polygonal_holes/sample_0197.npz,d9edb4456fdfb320e3e8eddde4e164e04f26d3682accae421c9cb62372882d05,0.006324470974504948,0.05702417898193517,0.536463992362947,0.6517162621021271,0.2806537151336668,0.5266493359208106
residual_v2,56,polygonal_holes,198,private-source://routeA_experiments/data/prospective_ood_rd_hddm_alpha001_v2/polygonal_holes/sample_0198.npz,2bb222fb19e2658b1507bbec54c6820e146fa9b42297978674b5e3f02f9f1c57,0.005578840966336429,0.04249832816481305,0.4162458672793546,0.5254746377468109,0.2119932331144809,0.3969813108444214
residual_v2,56,polygonal_holes,199,private-source://routeA_experiments/data/prospective_ood_rd_hddm_alpha001_v2/polygonal_holes/sample_0199.npz,2eec775368a54d0cff3644f18d86a5d5b2aa3329ce09ee599ee904145cc74303,0.005526907974854112,0.04191564296211178,0.4316560338349817,0.5194308459758759,0.23675489276647563,0.44146562218666074
residual_v2,56,star_concave,0,private-source://routeA_experiments/data/prospective_ood_rd_hddm_alpha001_v2/star_concave/sample_0000.npz,009d2bb9aad63b794132f3b8fa2904650b88fb7b6b2d61561be4048deacc458b,0.0060885390266776085,0.07292194259223757,0.525526596400621,0.7053591907024384,0.32393156290054287,0.5770866042375563
residual_v2,56,star_concave,1,private-source://routeA_experiments/data/prospective_ood_rd_hddm_alpha001_v2/star_concave/sample_0001.npz,4e70bd655e98ee3d6e109ea5eb742794f0fa72f85104a738094fee80b6acaf70,0.005571186018642038,0.08045671301026806,0.4270537042627621,0.5097636878490448,0.33972542285919194,0.44912375003099453
residual_v2,56,star_concave,2,private-source://routeA_experiments/data/prospective_ood_rd_hddm_alpha001_v2/star_concave/sample_0002.npz,fb14453d8d3f30cf873c46a5e14b387674862f03260073cd0d05ebb7cb7f1faa,0.0064830760238692164,0.09196334416937503,0.7704374259220436,0.8502735495567322,0.5270352274179457,0.7863717567920685
residual_v2,56,star_concave,3,private-source://routeA_experiments/data/prospective_ood_rd_hddm_alpha001_v2/star_concave/sample_0003.npz,7b84face7333f39614fc62902f773a61730f623c80ef7fa990749cc5c4756204,0.006234696018509567,0.06275206770311313,0.44431584009709146,0.6699584126472473,0.31023718118667565,0.5432275736331941
residual_v2,56,star_concave,4,private-source://routeA_experiments/data/prospective_ood_rd_hddm_alpha001_v2/star_concave/sample_0004.npz,51a91eacf8ce921d71c6041d09cfae819f22d841cf2ffd3c2df664040d51186e,0.005646220990456641,0.06558622567578543,0.3551091228841226,0.5361425876617432,0.2826353073120116,0.4203178501129155
residual_v2,56,star_concave,5,private-source://routeA_experiments/data/prospective_ood_rd_hddm_alpha001_v2/star_concave/sample_0005.npz,6e222ada1b7d437bd5643c1ff273ebd5652f1f27b6415d45a1958ab41cdbedf5,0.005554214003495872,0.06003710992729365,0.2886596853851509,0.40216636657714844,0.20972750186920164,0.33940454006195075
residual_v2,56,star_concave,6,private-source://routeA_experiments/data/prospective_ood_rd_hddm_alpha001_v2/star_concave/sample_0006.npz,b575a4b1e23727607195accc5ab1eb6869a2fe6423bab8f28602429896d7ffb8,0.0058112809783779085,0.05931004641684937,0.2964502854229071,0.41053903102874756,0.20952657461166369,0.32375518441200263
residual_v2,56,star_concave,7,private-source://routeA_experiments/data/prospective_ood_rd_hddm_alpha001_v2/star_concave/sample_0007.npz,f97196e6f221830b1e3373486ee49466c07c1eb5991df8cbb16605589a488f5d,0.005593119014520198,0.10677261981853226,0.6493000451137554,0.7532693147659302,0.46831060945987685,0.6557860606908799
residual_v2,56,star_concave,8,private-source://routeA_experiments/data/prospective_ood_rd_hddm_alpha001_v2/star_concave/sample_0008.npz,244ac733232159a2a5cf34edfc0a50b5a2b69b36712de1f4063f137198172f85,0.005430675984825939,0.0558326204100808,0.32019407560577795,0.5028558969497681,0.23909695148468021,0.3999695736169816
residual_v2,56,star_concave,9,private-source://routeA_experiments/data/prospective_ood_rd_hddm_alpha001_v2/star_concave/sample_0009.npz,865cc26d2e038bce27105da09cc105452f707c4d4a4472925cb326eed10ece20,0.005560244026128203,0.08612626025379208,0.5647188872110588,0.7244460880756378,0.43215796202421164,0.6154315629601479
residual_v2,56,star_concave,10,private-source://routeA_experiments/data/prospective_ood_rd_hddm_alpha001_v2/star_concave/sample_0010.npz,1f4c91ba0f07fa9f6a175cb7d943878655d47fdbdb5f2efeac3ac31f77329fcd,0.005997686006594449,0.05775792045442966,0.29833547630996776,0.37869179248809814,0.21951456367969513,0.3230173997581005
residual_v2,56,star_concave,11,private-source://routeA_experiments/data/prospective_ood_rd_hddm_alpha001_v2/star_concave/sample_0011.npz,d05537de94b82a7904e0ead39deb6c54104c0ef42cea8bd4e9988913d494a83b,0.00574722996680066,0.08737205909190197,0.6658718446329419,0.8169432282447815,0.465100264549255,0.6941598594188693
residual_v2,56,star_concave,12,private-source://routeA_experiments/data/prospective_ood_rd_hddm_alpha001_v2/star_concave/sample_0012.npz,847d2b1c823f4408679f58979310ced7f8afe8a4c3b19a24d4319e73d2076d28,0.005675345018971711,0.07416999577653477,0.5146071281796758,0.6207789778709412,0.362343955039978,0.5453512454032896
residual_v2,56,star_concave,13,private-source://routeA_experiments/data/prospective_ood_rd_hddm_alpha001_v2/star_concave/sample_0013.npz,3fe68d6905e52aed96d1f6f6f4cbe94d1f51a46ec4751e2c26ac9892e870ac18,0.005277876975014806,0.07717604860586434,0.34067496816812226,0.4486857056617737,0.27088881731033304,0.3710164690017699
residual_v2,56,star_concave,14,private-source://routeA_experiments/data/prospective_ood_rd_hddm_alpha001_v2/star_concave/sample_0014.npz,98f86dc2bf4c9917d734d87999b0e333966cb92d96944b9e3a10a574bc3370b9,0.00583690800704062,0.07366559632795174,0.7961518174850185,0.9409734606742859,0.3621668279170988,0.7180769729614254
residual_v2,56,star_concave,15,private-source://routeA_experiments/data/prospective_ood_rd_hddm_alpha001_v2/star_concave/sample_0015.npz,fba340201e6025122f0cb1aa5a625e4ebb7a3504c0f9bf568c4b44c2453eab2f,0.005740571999922395,0.057129865486557935,0.3022592631200006,0.4526159167289734,0.22780422717332838,0.379729409217835
residual_v2,56,star_concave,16,private-source://routeA_experiments/data/prospective_ood_rd_hddm_alpha001_v2/star_concave/sample_0016.npz,11c4e40719a66e3ebb706e7cb800f94d382019f44e94ec85fe48ea3ec624cc4b,0.005851670983247459,0.07100719169832319,0.514796221383237,0.6558028161525726,0.37051285505294795,0.5932338261604302
residual_v2,56,star_concave,17,private-source://routeA_experiments/data/prospective_ood_rd_hddm_alpha001_v2/star_concave/sample_0017.npz,534607ed78b318ae68ab40a4d9a3980e1a5c64084762fc4b8475968cab9bb3bd,0.006523016025312245,0.07430040797881679,0.6918014571994872,0.8383281826972961,0.4291998684406279,0.7050918769836423
residual_v2,56,star_concave,18,private-source://routeA_experiments/data/prospective_ood_rd_hddm_alpha001_v2/star_concave/sample_0018.npz,7adaa9e1f0617e585e5d168eb48820003ec9fc031681cd26516d363ffd04328d,0.005588219966739416,0.08896559749348681,0.5947581857158302,0.7011292576789856,0.44265948534011806,0.6566488230228423
residual_v2,56,star_concave,19,private-source://routeA_experiments/data/prospective_ood_rd_hddm_alpha001_v2/star_concave/sample_0019.npz,f3759305bef8481b2756c6d9ec9fee197aa11185d2fabb3a2e12ab02723ee5e0,0.005762173037510365,0.06047629161750992,0.2902698718474533,0.5037741661071777,0.24973855912685394,0.3796941772103311
residual_v2,56,star_concave,20,private-source://routeA_experiments/data/prospective_ood_rd_hddm_alpha001_v2/star_concave/sample_0020.npz,dfd07f4fdae3c4b6150501a4e95619273fb09daa59e9478d21c8464a21d2ffc6,0.0056796889984980226,0.07788498686055786,0.588509126233073,0.7282317280769348,0.41884788274765006,0.6678112059831619
residual_v2,56,star_concave,21,private-source://routeA_experiments/data/prospective_ood_rd_hddm_alpha001_v2/star_concave/sample_0021.npz,3e932800183b8daa7efd551da65f2ff1400f15f2772817e610796baf64527c9a,0.005516870995052159,0.0827525008598085,0.4970671050150354,0.6756472885608673,0.3927711337804798,0.5595790356397647
residual_v2,56,star_concave,22,private-source://routeA_experiments/data/prospective_ood_rd_hddm_alpha001_v2/star_concave/sample_0022.npz,e59220a03ee588f4d0e70933b8159e2126e45953cd84f648928aedb295e2d081,0.0056714239763095975,0.10289558233372754,0.5431219115527527,0.6156657040119171,0.4342454433441162,0.5676726567745206
residual_v2,56,star_concave,23,private-source://routeA_experiments/data/prospective_ood_rd_hddm_alpha001_v2/star_concave/sample_0023.npz,17bae540596796b03e7a95a97ad0cf945587f7ff8e9f44c9cce961c2574b81b0,0.006470080988947302,0.07945522172908398,0.4926286671484859,0.7095888257026672,0.3917207792401314,0.5538374468684197
residual_v2,56,star_concave,24,private-source://routeA_experiments/data/prospective_ood_rd_hddm_alpha001_v2/star_concave/sample_0024.npz,9f190b5fe5c1ddecf149bf3831ed66888f1e09a84d81196006c11f5c214d28c6,0.006169574044179171,0.08208761757155165,0.4897290915212087,0.6399791836738586,0.37210348695516543,0.5513474747538568
residual_v2,56,star_concave,25,private-source://routeA_experiments/data/prospective_ood_rd_hddm_alpha001_v2/star_concave/sample_0025.npz,2add91952026915ae8ee90b1f1626a327209949a94357811791d4add186f8b6b,0.00576672499300912,0.06650292578011092,0.40706960112621243,0.5833662450313568,0.31928954422473904,0.4578163444995881
residual_v2,56,star_concave,26,private-source://routeA_experiments/data/prospective_ood_rd_hddm_alpha001_v2/star_concave/sample_0026.npz,7c60403165ae348c442df8620e166f060722ffe55139cb507fb6b3b0315acd67,0.005466333997901529,0.08315620325659916,0.6638017147294023,0.8008733987808228,0.48828669488430004,0.7240818834304806
residual_v2,56,star_concave,27,private-source://routeA_experiments/data/prospective_ood_rd_hddm_alpha001_v2/star_concave/sample_0027.npz,fcd28480ca1c369f591deb0760e991331bd2cf87de1f1ca707e06c2ffdf85715,0.006180909986142069,0.08423458120121508,0.5349238632837893,0.683706134557724,0.43553902357816654,0.5789804032444951
residual_v2,56,star_concave,28,private-source://routeA_experiments/data/prospective_ood_rd_hddm_alpha001_v2/star_concave/sample_0028.npz,97d115498a24206fd9a94b8e6ea8743ffb7337ed20941efef291ca99b062fb3d,0.006354662997182459,0.10940040269818264,0.7665054619785651,0.8184982538223267,0.44709105640649793,0.7585489064455031
residual_v2,56,star_concave,29,private-source://routeA_experiments/data/prospective_ood_rd_hddm_alpha001_v2/star_concave/sample_0029.npz,b912306c3e4cf84f055f4027c6cbc49c3fe645a5fc0bf485bb647d711e1ff63b,0.005335367983207107,0.07952741915031512,0.42292185088721446,0.4793728291988373,0.3329647660255428,0.4516001999378209
residual_v2,56,star_concave,30,private-source://routeA_experiments/data/prospective_ood_rd_hddm_alpha001_v2/star_concave/sample_0030.npz,1bd349edcd0fe24a85799a24dcbb53d56be86031ab54fcf679a4c4fde7107b8f,0.005732235033065081,0.058972611038918245,0.3636276343805693,0.5159941911697388,0.2762877345085144,0.41979787349700964
residual_v2,56,star_concave,31,private-source://routeA_experiments/data/prospective_ood_rd_hddm_alpha001_v2/star_concave/sample_0031.npz,3daaf895b3c605d8206001223ea51987d492384cfc95cffaef6b71828270eefc,0.005421877955086529,0.056053117902650766,0.3743242070311209,0.559259682893753,0.2807292312383652,0.4444290748238564
residual_v2,56,star_concave,32,private-source://routeA_experiments/data/prospective_ood_rd_hddm_alpha001_v2/star_concave/sample_0032.npz,49be9ff94661381e2571a267aba1a2060d7d7268dd348b9eb212f6af9b9674e3,0.005448223964776844,0.0829759914990432,0.6032958412629239,0.767039567232132,0.4596761725842952,0.7168247500061987
residual_v2,56,star_concave,33,private-source://routeA_experiments/data/prospective_ood_rd_hddm_alpha001_v2/star_concave/sample_0033.npz,e906aed2368936d827726997a5afb6856dea5ac228d3b90f881ec10af09186d9,0.005719585984479636,0.0773957851053486,0.5316720037227565,0.704124391078949,0.39516277015209195,0.5355267840623855
residual_v2,56,star_concave,34,private-source://routeA_experiments/data/prospective_ood_rd_hddm_alpha001_v2/star_concave/sample_0034.npz,ae0a839396f99c4485788322b985c85386b92669d4e870cd7a2410af15f5c24d,0.005575786984991282,0.07890947083212144,0.340981703037001,0.5154697597026825,0.2709375564008951,0.42138581722974777
residual_v2,56,star_concave,35,private-source://routeA_experiments/data/prospective_ood_rd_hddm_alpha001_v2/star_concave/sample_0035.npz,fb59f617f0622c77d8fbb2f2fe1967a6c60ff2dc46aaa3b2084991efd399b23f,0.006439240998588502,0.08007375250185209,0.5639686845913947,0.6934056878089905,0.4055666133761406,0.6149337804317474
residual_v2,56,star_concave,36,private-source://routeA_experiments/data/prospective_ood_rd_hddm_alpha001_v2/star_concave/sample_0036.npz,528b84c8ea17fb027544a4127081236bfc722f3a0ec2d9cbe46edd1bbc9ae09d,0.006179190007969737,0.08633566542716849,0.6622920028965237,0.8291769623756409,0.4689297512173652,0.7153856021165848
residual_v2,56,star_concave,37,private-source://routeA_experiments/data/prospective_ood_rd_hddm_alpha001_v2/star_concave/sample_0037.npz,ce4278bd066e42581dd68ea2402f3e7e51495b54c38492e0d6cfe639baedcd5f,0.005537511024158448,0.07281867083479127,0.3350856448264256,0.4256124496459961,0.2699106171727181,0.3733111453056336
residual_v2,56,star_concave,38,private-source://routeA_experiments/data/prospective_ood_rd_hddm_alpha001_v2/star_concave/sample_0038.npz,6ba9092a7f68d6d13493fceadb5e908dc631b20b2a917da96f2634c547cb7849,0.006242020986974239,0.07653306331611322,0.361676091347244,0.44884249567985535,0.29667322635650634,0.3674804478883744
residual_v2,56,star_concave,39,private-source://routeA_experiments/data/prospective_ood_rd_hddm_alpha001_v2/star_concave/sample_0039.npz,22652a3d0dc5499ddc059fd0199f955f000a9224a1f5619549bd84fa34b70755,0.005694284976925701,0.06824314998859449,0.42112758969258385,0.5698579251766205,0.3181878253817546,0.5188164055347443
residual_v2,56,star_concave,40,private-source://routeA_experiments/data/prospective_ood_rd_hddm_alpha001_v2/star_concave/sample_0040.npz,979af9334c1802b981da270d5875fa0c7b9ece1cdeae2d7ddab565fa7e35c3b0,0.006393151998054236,0.06813875444693634,0.4779634438414791,0.6266525983810425,0.3747165039181702,0.5658130866289137
residual_v2,56,star_concave,41,private-source://routeA_experiments/data/prospective_ood_rd_hddm_alpha001_v2/star_concave/sample_0041.npz,3e594e2e6d2ad746bc0157e3521e1d1f6090b162a1b92253789085a2dbb47654,0.005956762004643679,0.07914663323122487,0.4773620929971904,0.6495209336280823,0.37172846794128356,0.5332785260677336
residual_v2,56,star_concave,42,private-source://routeA_experiments/data/prospective_ood_rd_hddm_alpha001_v2/star_concave/sample_0042.npz,c4c10181a5a8723bab009727251b85f91867206e2a7e7b2f496d7cbd97bde9f3,0.005417537002358586,0.08307472543842254,0.615426244081006,0.7444643080234528,0.4415151521563528,0.6639530473947535
residual_v2,56,star_concave,43,private-source://routeA_experiments/data/prospective_ood_rd_hddm_alpha001_v2/star_concave/sample_0043.npz,60596fdaece0c19a7997da29479b7375b7dab588e93a500a17be8ad6540c5652,0.005633290973491967,0.08060206763258498,0.48907623809161177,0.5465161800384521,0.3820107147097588,0.5174840462207794
residual_v2,56,star_concave,44,private-source://routeA_experiments/data/prospective_ood_rd_hddm_alpha001_v2/star_concave/sample_0044.npz,1383081fd3815f2104988ac35e4d709121c4e13596804ade49dc4e610ea86679,0.0051836270140483975,0.08062680359994769,0.5186546868440566,0.6661988496780396,0.4405986219644546,0.6045008972287178
residual_v2,56,star_concave,45,private-source://routeA_experiments/data/prospective_ood_rd_hddm_alpha001_v2/star_concave/sample_0045.npz,023263165e13e05a212e40ecd70a27ba52200197231297219582d7e5bba3dbe2,0.00613333098590374,0.06314892261860867,0.37173084341867707,0.48869872093200684,0.2972322210669517,0.4156347969174379
residual_v2,56,star_concave,46,private-source://routeA_experiments/data/prospective_ood_rd_hddm_alpha001_v2/star_concave/sample_0046.npz,b15ee5f6922f4f24ee7033154d443e62434bd3a3733663097faabea670e06fc7,0.005532253009732813,0.08572775510226714,0.40263942406816705,0.5750269889831543,0.3092656478285789,0.43119316339492325
residual_v2,56,star_concave,47,private-source://routeA_experiments/data/prospective_ood_rd_hddm_alpha001_v2/star_concave/sample_0047.npz,0dd14136387bff8f2e808a1c1b23f92c0b77dcb3e67f86d25f7d8837c77575de,0.006451357970945537,0.060140533652781984,0.3543804065949907,0.4636266231536865,0.28153501749038706,0.38547771453857393
residual_v2,56,star_concave,48,private-source://routeA_experiments/data/prospective_ood_rd_hddm_alpha001_v2/star_concave/sample_0048.npz,170d40f333deaba43a45d4d2ea6cd73468bae603f4b0069e39c6200efecb0bcf,0.005408263998106122,0.0572993761272782,0.28188139402375734,0.38556450605392456,0.21008160710334778,0.30695085525512733
residual_v2,56,star_concave,49,private-source://routeA_experiments/data/prospective_ood_rd_hddm_alpha001_v2/star_concave/sample_0049.npz,3baa64b964e40f4d041934f78d820db94115a9f893482d40b5eb2c6868bd541f,0.0062286200118251145,0.09919308388931025,0.6764527501326683,0.7460173666477203,0.5120540261268616,0.7130252242088321
residual_v2,56,star_concave,50,private-source://routeA_experiments/data/prospective_ood_rd_hddm_alpha001_v2/star_concave/sample_0050.npz,1736fc66548c7d2e863a00e32a752906c88a567b1201f17522a5ad4de2a710f4,0.006915120990015566,0.08547932714433036,0.5810601675136908,0.7547676265239716,0.4253171354532241,0.6300332683324814
residual_v2,56,star_concave,51,private-source://routeA_experiments/data/prospective_ood_rd_hddm_alpha001_v2/star_concave/sample_0051.npz,bbee14e14361425abba154c6f545f34a6bc8991bef7312742393d461406dd03c,0.005502322048414499,0.07781593065693773,0.4949664253082441,0.6652075052261353,0.3199307665228844,0.5216088837385169
residual_v2,56,star_concave,52,private-source://routeA_experiments/data/prospective_ood_rd_hddm_alpha001_v2/star_concave/sample_0052.npz,ed45abe2c84a6a7a838830e4de837fa03cd05b8d959f2f8f0ce1a9d1d8665108,0.005643490992952138,0.09308188265547788,0.6617225699791014,0.7910191416740417,0.5313391447067255,0.7119746971130365
residual_v2,56,star_concave,53,private-source://routeA_experiments/data/prospective_ood_rd_hddm_alpha001_v2/star_concave/sample_0053.npz,2cde7d03eeb67287459dbeac592a42bb82c4515f561e6dd2b826e65efe9946be,0.005218259000685066,0.05436462322274664,0.2679251269149484,0.3945251703262329,0.2057579845190047,0.3239138877391815
residual_v2,56,star_concave,54,private-source://routeA_experiments/data/prospective_ood_rd_hddm_alpha001_v2/star_concave/sample_0054.npz,4cba00e0ed66cb2ac4d45603705ee8ce4570c268262d907c90c92a3a53a03f37,0.005804389016702771,0.06233261103664708,0.32306127260061757,0.4752041697502136,0.26892171204090115,0.3804206049442293
residual_v2,56,star_concave,55,private-source://routeA_experiments/data/prospective_ood_rd_hddm_alpha001_v2/star_concave/sample_0055.npz,dce22efcf9ad447d20a4f5bed0795d0132c8276ec8fd03667f04f5c47805d3f3,0.006352614029310644,0.05703409106123795,0.2957651585955656,0.45252877473831177,0.2261718675494192,0.3836983549594879
residual_v2,56,star_concave,56,private-source://routeA_experiments/data/prospective_ood_rd_hddm_alpha001_v2/star_concave/sample_0056.npz,235646d85b8c07970a3d8b865ffe8b58eda9eb036fb639d49673bb58d73de474,0.005583307007327676,0.057703140256416055,0.3141158221417838,0.44713857769966125,0.24964370280504217,0.3784092706441879
residual_v2,56,star_concave,57,private-source://routeA_experiments/data/prospective_ood_rd_hddm_alpha001_v2/star_concave/sample_0057.npz,fba47c2f217c4b06672bfd7c97f817bd5a9470721ee275dd6011e375a632fe55,0.005685934971552342,0.08041940739288596,0.5057839647990253,0.6501650512218475,0.37451648414135,0.5289130270481109
residual_v2,56,star_concave,58,private-source://routeA_experiments/data/prospective_ood_rd_hddm_alpha001_v2/star_concave/sample_0058.npz,18c38148eac2df3c48d00500e74d23a957b100253e58db77dda149b67191d166,0.0056395240244455636,0.09369335829371275,0.6408423716904026,0.7191717326641083,0.46249090433120726,0.6422792840003969
residual_v2,56,star_concave,59,private-source://routeA_experiments/data/prospective_ood_rd_hddm_alpha001_v2/star_concave/sample_0059.npz,f9d7dc0bbca24cb8eb66c7b813db7c767b0d3758dcf605d732bbcb3fea82bdc9,0.005775593046564609,0.07614725317063303,0.5166809737581826,0.5997948050498962,0.37043012976646433,0.540505197048188
residual_v2,56,star_concave,60,private-source://routeA_experiments/data/prospective_ood_rd_hddm_alpha001_v2/star_concave/sample_0060.npz,ad8bdeb51e8207d14e6ab8946808203d53cfbcd39ebdfb58ff8542e60a2ce5f7,0.005911238957196474,0.09523960169406206,0.5395107116268051,0.7097423076629639,0.4172574758529662,0.5704623591899871
residual_v2,56,star_concave,61,private-source://routeA_experiments/data/prospective_ood_rd_hddm_alpha001_v2/star_concave/sample_0061.npz,6a8d098fa3cf0e8607b55e7b07d030a5a0586678285f123530f988ef18a29c9f,0.006488358019851148,0.07312435931332943,0.43495506991100596,0.5319190621376038,0.34397539496421814,0.44605722427368166
residual_v2,56,star_concave,62,private-source://routeA_experiments/data/prospective_ood_rd_hddm_alpha001_v2/star_concave/sample_0062.npz,af2aa6263843eda66dc7a1fab1c879ffb7c49c81b11d63bf66e6a1d95823b5c9,0.0053789259982295334,0.06714726804933649,0.3533437765408193,0.4537813663482666,0.3208886802196503,0.41781925916671786
residual_v2,56,star_concave,63,private-source://routeA_experiments/data/prospective_ood_rd_hddm_alpha001_v2/star_concave/sample_0063.npz,1d64b549093de73ce0aefc5a37a4f60e6d676c1cd705eb98d536ff5d4bef87a7,0.00623346702195704,0.08129759466295375,0.4540553905486072,0.5320833921432495,0.3285924255847931,0.440089924633503
residual_v2,56,star_concave,64,private-source://routeA_experiments/data/prospective_ood_rd_hddm_alpha001_v2/star_concave/sample_0064.npz,df2e0d7751b94355ed613e5666bca2fb52173d2dcd42ae84fc71ea01084f44df,0.005935284018050879,0.10019048019721806,0.5969134032148509,0.6929115951061249,0.4290457561612127,0.6252118057012555
residual_v2,56,star_concave,65,private-source://routeA_experiments/data/prospective_ood_rd_hddm_alpha001_v2/star_concave/sample_0065.npz,6be62c8bf97c5e0d45b37e969d56e99f2cd1a93cbfa17aff04e3123165f38d67,0.005508223024662584,0.07970067091868123,0.41179813454716074,0.5035476386547089,0.3452388256788237,0.4618751806020737
residual_v2,56,star_concave,66,private-source://routeA_experiments/data/prospective_ood_rd_hddm_alpha001_v2/star_concave/sample_0066.npz,0b6d24abc0a7ac7e8c177054dfeb0fe09760ac17f68380edd5064919b3f5a1cb,0.0057219029986299574,0.10802701158012357,0.7469154627317864,0.7814297080039978,0.43403083086013794,0.6839160799980172
residual_v2,56,star_concave,67,private-source://routeA_experiments/data/prospective_ood_rd_hddm_alpha001_v2/star_concave/sample_0067.npz,0ca774ec08694066988a6ae4ef908c7dfb68e93c52137929de1a67ca05e2995a,0.005479502957314253,0.06931018334585073,0.3152492669200357,0.36768537759780884,0.2495087578892708,0.32157528638839705
residual_v2,56,star_concave,68,private-source://routeA_experiments/data/prospective_ood_rd_hddm_alpha001_v2/star_concave/sample_0068.npz,e76410fee1405db62c2b1b1129e514e7332ae0d1c54b743f299ee2fd119d95d8,0.006488432001788169,0.05790806688872198,0.442974065946649,0.5619482398033142,0.30317270755767833,0.46629379510879554
residual_v2,56,star_concave,69,private-source://routeA_experiments/data/prospective_ood_rd_hddm_alpha001_v2/star_concave/sample_0069.npz,364b7c5d47826d22443658d1cb9c8b05008763aa6dd8a85bfa73678203751c21,0.0062230179901234806,0.06875002614313697,0.4399026193207258,0.5981661379337311,0.34748009294271465,0.46529170095920563
residual_v2,56,star_concave,70,private-source://routeA_experiments/data/prospective_ood_rd_hddm_alpha001_v2/star_concave/sample_0070.npz,7ae2d6139034f24d5fa0ecd56cf638c38a469593bfea66160f4a003c37c778af,0.006704398954752833,0.10243461306690888,0.7545252044750361,0.8410660624504089,0.5288323163986206,0.7439742088317871
residual_v2,56,star_concave,71,private-source://routeA_experiments/data/prospective_ood_rd_hddm_alpha001_v2/star_concave/sample_0071.npz,387823e996225fc808f345546490c6cfd199eedc7843a0aa5f39fe248acd4320,0.006050930009223521,0.08591646155502736,0.6589645209754336,0.8114835023880005,0.4719764441251755,0.7182148694992065
residual_v2,56,star_concave,72,private-source://routeA_experiments/data/prospective_ood_rd_hddm_alpha001_v2/star_concave/sample_0072.npz,35ccb4b6c6fd7f8c488468219502bff16e032bd7df63bc8f74d635a6bc181457,0.005677938985172659,0.05946208451384156,0.27074564600462175,0.387328177690506,0.2223781347274779,0.3159018331766118
residual_v2,56,star_concave,73,private-source://routeA_experiments/data/prospective_ood_rd_hddm_alpha001_v2/star_concave/sample_0073.npz,2738195cdbe5996a364285abc0046a1cb2d15377f53b9fe666c06434481dc2f6,0.005229301052168012,0.08152202636657957,0.8008688201683302,0.8229809701442719,0.3599417507648463,0.7074463200569159
residual_v2,56,star_concave,74,private-source://routeA_experiments/data/prospective_ood_rd_hddm_alpha001_v2/star_concave/sample_0074.npz,d0d1391ed00492cecce69dfa827b340324d88adf3a584bf7899bf2ea4cc0314a,0.005451062985230237,0.08135900290580295,0.6262212967502789,0.714713990688324,0.3979891508817672,0.6599666157364844
residual_v2,56,star_concave,75,private-source://routeA_experiments/data/prospective_ood_rd_hddm_alpha001_v2/star_concave/sample_0075.npz,592a563399989b953ca42755b7dcf3082863fbc8512c089d574642d62bfa768f,0.005291907989885658,0.059579968084799914,0.3379833492183771,0.5376396775245667,0.2621284842491149,0.4715367841720581
residual_v2,56,star_concave,76,private-source://routeA_experiments/data/prospective_ood_rd_hddm_alpha001_v2/star_concave/sample_0076.npz,833a3a6d3d9ddba1bac61edee72bfdfb032a4ad685b0cec46d80805537b407fb,0.005413057981058955,0.06190614216169324,0.2863173589262782,0.3500925302505493,0.25324506498873234,0.3118221953511238
residual_v2,56,star_concave,77,private-source://routeA_experiments/data/prospective_ood_rd_hddm_alpha001_v2/star_concave/sample_0077.npz,cfd4cb676fb49608dfc569217160e8783cceaeb7579e08c111f5b81d17f661e2,0.005779537023045123,0.09095679391503596,0.5563744016980848,0.6125375032424927,0.44503334164619446,0.5715303719043732
residual_v2,56,star_concave,78,private-source://routeA_experiments/data/prospective_ood_rd_hddm_alpha001_v2/star_concave/sample_0078.npz,7f023420213a2f7e2fd89a7dba911906863dce1e53ef77466750637ab128e623,0.005728197982534766,0.06621874923037202,0.43590545063007824,0.6036309003829956,0.33083500862121534,0.5126910263299921
residual_v2,56,star_concave,79,private-source://routeA_experiments/data/prospective_ood_rd_hddm_alpha001_v2/star_concave/sample_0079.npz,af0530854ecbd25049782a6643d0e28babcca47a66f81ffebbdeb2bee3d4add5,0.005546125990804285,0.07027391570741773,0.3990045754653457,0.5515337884426117,0.370168074965477,0.4900433272123337
residual_v2,56,star_concave,80,private-source://routeA_experiments/data/prospective_ood_rd_hddm_alpha001_v2/star_concave/sample_0080.npz,0d8bf642f804cdb4c44ec3c97a7c8aa4aee2892c6e9e3f5615119b6231c98adb,0.005607397004496306,0.09919736056109006,0.5832774654569103,0.6864282190799713,0.409461669623851,0.6021809181571006
residual_v2,56,star_concave,81,private-source://routeA_experiments/data/prospective_ood_rd_hddm_alpha001_v2/star_concave/sample_0081.npz,fcf2bf5bfee08e8bfdd64849976df45af7e75bffcb95d99bd5340ec6e971576b,0.005557734984904528,0.08406177176362609,0.6517077661675819,0.8830714821815491,0.4760896801948546,0.6868553733825666
residual_v2,56,star_concave,82,private-source://routeA_experiments/data/prospective_ood_rd_hddm_alpha001_v2/star_concave/sample_0082.npz,eecebee0f558d9151ce9118d6aed764ce2ca8fb51723395fa7340defaa974edd,0.005731234035920352,0.09010043876025345,0.9595820353056935,0.8971746861934662,0.4237067364156246,0.6772578263282792
residual_v2,56,star_concave,83,private-source://routeA_experiments/data/prospective_ood_rd_hddm_alpha001_v2/star_concave/sample_0083.npz,e5abdab9321ee56ed869ed460fa271c06a6390dc7c65469ad1fde0bfbc3f052e,0.005376891989726573,0.08094513189596356,0.708731160077838,0.8337343633174896,0.4323260307312012,0.7080585432052601
residual_v2,56,star_concave,84,private-source://routeA_experiments/data/prospective_ood_rd_hddm_alpha001_v2/star_concave/sample_0084.npz,42b2e9080004dd7e87c755cf533ee961aee427788297acc5e783f709e47baeb3,0.005586649989709258,0.07812486098729449,0.5129097880830183,0.6710429787635803,0.3835888043045996,0.564691171050072
residual_v2,56,star_concave,85,private-source://routeA_experiments/data/prospective_ood_rd_hddm_alpha001_v2/star_concave/sample_0085.npz,307c7f1bcc7bff44abcc6a30dc1e3969ede6f73df314300a047b61ccf6c3a378,0.005502265994437039,0.0760696143081743,0.5644587684601403,0.7090115547180176,0.36047250032424927,0.6214263319969181
residual_v2,56,star_concave,86,private-source://routeA_experiments/data/prospective_ood_rd_hddm_alpha001_v2/star_concave/sample_0086.npz,b3bb0c62290c26c875c27ae948d6b587087d0569c3f356201eb0f22fdb2a3e09,0.006026119983289391,0.0839344580730027,0.5974336433044576,0.7925760746002197,0.43093154132366185,0.677110701799393
residual_v2,56,star_concave,87,private-source://routeA_experiments/data/prospective_ood_rd_hddm_alpha001_v2/star_concave/sample_0087.npz,7dbf43fba15e26840cbf500867302ab7673d25663cd48115751bfd9162ec41f8,0.006261410017032176,0.07952054668962863,0.34116672465629816,0.4120420813560486,0.24824113249778745,0.3648256266117099
residual_v2,56,star_concave,88,private-source://routeA_experiments/data/prospective_ood_rd_hddm_alpha001_v2/star_concave/sample_0088.npz,46b403b9b0883fb6fafe6d706ff132a9019b0523c686f8c32b2cf73973dc110b,0.006276364030782133,0.09676516781412521,0.6612042806955102,0.8066491186618805,0.5129422307014464,0.7055280447006222
residual_v2,56,star_concave,89,private-source://routeA_experiments/data/prospective_ood_rd_hddm_alpha001_v2/star_concave/sample_0089.npz,4b05a4955d6129f9c7936385ebb4ab230f3bef639b45cb994afa8092d2aa1480,0.006339327956084162,0.09160378455324432,0.7240680128479813,0.7994126081466675,0.4612850546836853,0.7350066757202143
residual_v2,56,star_concave,90,private-source://routeA_experiments/data/prospective_ood_rd_hddm_alpha001_v2/star_concave/sample_0090.npz,562c2f1d56afdd8da2679e39e24f0681dfc71b8a722e546b74aa0f3f574a15bc,0.005409888981375843,0.07793040997688654,0.564256030198197,0.6990929841995239,0.42020471096038814,0.6052771425247189
residual_v2,56,star_concave,91,private-source://routeA_experiments/data/prospective_ood_rd_hddm_alpha001_v2/star_concave/sample_0091.npz,f841635f22b41963248fac05366396a38bf40de493e33e45588fb8fd0d09f968,0.005692714999895543,0.07653638838342275,0.5300878353842376,0.6401990652084351,0.391492822766304,0.5626550585031509
residual_v2,56,star_concave,92,private-source://routeA_experiments/data/prospective_ood_rd_hddm_alpha001_v2/star_concave/sample_0092.npz,a4d8c9efc38c8dccdb95d6c4299d63e986137338f9a4d90ce862e166f09abfc5,0.00554990500677377,0.09560655909755765,0.6318118301251289,0.7906943261623383,0.47707057297229777,0.680676440000534
residual_v2,56,star_concave,93,private-source://routeA_experiments/data/prospective_ood_rd_hddm_alpha001_v2/star_concave/sample_0093.npz,aaa767ef1eddfd044b5bf6a9fbef6b61dc5de5a86360570f0a77b5f524e97dce,0.005953252024482936,0.08095863410882571,0.6166813877958204,0.7547291219234467,0.4276748329401013,0.6785977074503897
residual_v2,56,star_concave,94,private-source://routeA_experiments/data/prospective_ood_rd_hddm_alpha001_v2/star_concave/sample_0094.npz,a154a56ddefca8edbcf263aff519e91ce0f4e58465c7717e79c68dc97d11b9cd,0.005743256013374776,0.06049745337849867,0.2672827938719608,0.4183419942855835,0.20170341432094574,0.28787308335304235
residual_v2,56,star_concave,95,private-source://routeA_experiments/data/prospective_ood_rd_hddm_alpha001_v2/star_concave/sample_0095.npz,610bda6ba90ca73114af1042f6933531fbea7cab4fd66994183455d85a6010af,0.0054537010146304965,0.0825281402506107,0.4523178335634347,0.5377553999423981,0.4000118270516395,0.4925225445628167
residual_v2,56,star_concave,96,private-source://routeA_experiments/data/prospective_ood_rd_hddm_alpha001_v2/star_concave/sample_0096.npz,7917e7c1d6f0406fa9182f86bd5be59e3098f4dcff79f5930d3877b0a1e63145,0.0060113039799034595,0.07015072387711756,0.4860706568486559,0.6284083724021912,0.3722477495670316,0.503712872862816
residual_v2,56,star_concave,97,private-source://routeA_experiments/data/prospective_ood_rd_hddm_alpha001_v2/star_concave/sample_0097.npz,7d62afce33a59e7363d7fc907585bfe008936306d94881e9a078db26dc18157a,0.006301155022811145,0.09265191500322001,0.4865898021805891,0.5358407199382782,0.392198383808136,0.4479030966758728
residual_v2,56,star_concave,98,private-source://routeA_experiments/data/prospective_ood_rd_hddm_alpha001_v2/star_concave/sample_0098.npz,82c3fdcc10ce0484d81abe39a21224cfecabe860524345fd21840bdeb8f08905,0.006444249011110514,0.06419784221064935,0.3819014771742194,0.4413861632347107,0.2899996116757393,0.4131628677248956
residual_v2,56,star_concave,99,private-source://routeA_experiments/data/prospective_ood_rd_hddm_alpha001_v2/star_concave/sample_0099.npz,42899fd8a5f5a539afe710561c1d64b294124afd2a7fa4d6bfdc8dbb4cf853ae,0.00636095303343609,0.06578931436608591,0.2830560798336239,0.31026768684387207,0.21206492893397794,0.2537524712085724
residual_v2,56,star_concave,100,private-source://routeA_experiments/data/prospective_ood_rd_hddm_alpha001_v2/star_concave/sample_0100.npz,b2799e0a19e65139cf29cb348720c12f52c75ee9aecd3d993b39ffd6d77a7136,0.0062599669909104705,0.11078408674645562,0.64978245754863,0.7502123415470123,0.514049011468887,0.6807408988475799
residual_v2,56,star_concave,101,private-source://routeA_experiments/data/prospective_ood_rd_hddm_alpha001_v2/star_concave/sample_0101.npz,77f5771f7fb6794527efaea4da878ab24f6c10142a63483a9d2d7d0cc360d2d1,0.005668224999681115,0.05650539173201744,0.2841415553736861,0.41643083095550537,0.24335359036922455,0.3293533027172088
residual_v2,56,star_concave,102,private-source://routeA_experiments/data/prospective_ood_rd_hddm_alpha001_v2/star_concave/sample_0102.npz,7809a5edfb14edaf519c2b3af3950525a2e8c8a8afca6a8cd20dad8cca2ff262,0.006245827011298388,0.09704762520479375,0.6186102935181521,0.7652442157268524,0.44896604865789413,0.61923498660326
residual_v2,56,star_concave,103,private-source://routeA_experiments/data/prospective_ood_rd_hddm_alpha001_v2/star_concave/sample_0103.npz,1e622b0f01095983080bae30dd0105f2b63383dbb92566dee14bdc6b21842e3a,0.0065282880095764995,0.07327199481909166,0.5025081486343864,0.7060295939445496,0.38678073883056624,0.5725633794069289
residual_v2,56,star_concave,104,private-source://routeA_experiments/data/prospective_ood_rd_hddm_alpha001_v2/star_concave/sample_0104.npz,a586ef53200f2a2874d0bec4d38d819164ee1ad51b9a31172756a0acac53eb4f,0.005772183008957654,0.07691844632349094,0.4878634606272155,0.6207936108112335,0.4082561835646627,0.5411951029300689
residual_v2,56,star_concave,105,private-source://routeA_experiments/data/prospective_ood_rd_hddm_alpha001_v2/star_concave/sample_0105.npz,fbe036f3ba7e29c58ad15958277e4f0a631d9dbe9c9738a712d0e120979da252,0.006335462036076933,0.07426076538955227,0.3879994370882001,0.5162317156791687,0.3077010363340378,0.4035825082659727
residual_v2,56,star_concave,106,private-source://routeA_experiments/data/prospective_ood_rd_hddm_alpha001_v2/star_concave/sample_0106.npz,77ee446c4ec99eb4a4a69271d7442b40755008e0ba89f52f06102e4951fdcc97,0.006517590023577213,0.06379308039404971,0.4465790327778353,0.6137039959430695,0.3367922872304914,0.5135768255591389
residual_v2,56,star_concave,107,private-source://routeA_experiments/data/prospective_ood_rd_hddm_alpha001_v2/star_concave/sample_0107.npz,9909df5b2c8cb43975e27322a09dd30924b8b2486f3909f2d4c0263e6a420e1d,0.0064432870130985975,0.07538101654831575,0.509957719007277,0.6375980079174042,0.35698510110378245,0.5761026859283447
residual_v2,56,star_concave,108,private-source://routeA_experiments/data/prospective_ood_rd_hddm_alpha001_v2/star_concave/sample_0108.npz,f14296487a120c18b86ed5166d56b76a1092cb2d50d54253bdd3df784730f435,0.006498194998130202,0.08146299156518969,0.5366485433428088,0.6919500827789307,0.4356512427330017,0.6108661174774171
residual_v2,56,star_concave,109,private-source://routeA_experiments/data/prospective_ood_rd_hddm_alpha001_v2/star_concave/sample_0109.npz,5efae8b79d62692fd4d6c11d4acd9743008b0f6f1cfb22f8da84314c1ee13027,0.006227298988960683,0.06280370734348766,0.3227715969569721,0.4132152199745178,0.2724609181284903,0.3487485957145691
residual_v2,56,star_concave,110,private-source://routeA_experiments/data/prospective_ood_rd_hddm_alpha001_v2/star_concave/sample_0110.npz,6bee368483186df489d00f012aa97037205449bd3f079d246194cff1b1db79de,0.006418600969482213,0.0709445635662927,0.46978141067570894,0.6449242234230042,0.3336007058620439,0.5552068412303925
residual_v2,56,star_concave,111,private-source://routeA_experiments/data/prospective_ood_rd_hddm_alpha001_v2/star_concave/sample_0111.npz,fd36365012b8b08fa6dc5f679418b95a812fb25fcf02da8f8a2d78a1da20b90c,0.005966539029031992,0.08283700535292561,0.43985997104419555,0.45149219036102295,0.31144709438085577,0.3885538238286973
residual_v2,56,star_concave,112,private-source://routeA_experiments/data/prospective_ood_rd_hddm_alpha001_v2/star_concave/sample_0112.npz,b196163e725c5f13e063b03c2f311a38a83498677188bbaf9ac548c04137ff1d,0.0060938799870200455,0.06504236228989596,0.4536451352348887,0.5790507793426514,0.35167042464017834,0.5099359366297713
residual_v2,56,star_concave,113,private-source://routeA_experiments/data/prospective_ood_rd_hddm_alpha001_v2/star_concave/sample_0113.npz,7658116c35833629bbbdd3be7ac254197c8b3f70373a5754e1852a1c944adc54,0.006384312000591308,0.07019330481928769,0.3216851433683423,0.3528817445039749,0.24558218121528624,0.3020964872837065
residual_v2,56,star_concave,114,private-source://routeA_experiments/data/prospective_ood_rd_hddm_alpha001_v2/star_concave/sample_0114.npz,8f464174cd05f745a11b44e72ec62293d308f5bfee0b7c4c97ee27afabc9bf12,0.006223506003152579,0.06646253144168812,0.38709247729150764,0.49655088782310486,0.3161188930273055,0.40647917151451124
residual_v2,56,star_concave,115,private-source://routeA_experiments/data/prospective_ood_rd_hddm_alpha001_v2/star_concave/sample_0115.npz,55f49c70429cd725bd076dc190ba781d383feb5f68c35cbb727215adf3ca2cec,0.006269050994887948,0.08947679437023368,0.713724324756579,0.8592115640640259,0.5184371232986456,0.7812392699718474
residual_v2,56,star_concave,116,private-source://routeA_experiments/data/prospective_ood_rd_hddm_alpha001_v2/star_concave/sample_0116.npz,33ab98c78fdf1aa6324852fc2a61462352f31e540635776c19a0a5cb1b72349f,0.006234081985894591,0.054267324645603666,0.26376260666425705,0.40569788217544556,0.23687776923179626,0.3004189878702163
residual_v2,56,star_concave,117,private-source://routeA_experiments/data/prospective_ood_rd_hddm_alpha001_v2/star_concave/sample_0117.npz,63ca60b899abf7eb56048e8d86ac5f797ba727942040871be466de9220f807c3,0.006160710996482521,0.07186907049189147,0.5253498403576902,0.6661512553691864,0.386801153421402,0.5593004345893836
residual_v2,56,star_concave,118,private-source://routeA_experiments/data/prospective_ood_rd_hddm_alpha001_v2/star_concave/sample_0118.npz,5e1445f7a185641f6adb0d6871fb8cbda8664f8551f637d8f69b41e8462db0b1,0.006347011949401349,0.08351216606460922,0.5756211369585374,0.6770460903644562,0.4642597407102559,0.6148087099194526
residual_v2,56,star_concave,119,private-source://routeA_experiments/data/prospective_ood_rd_hddm_alpha001_v2/star_concave/sample_0119.npz,781b03ef3e3e9f67cd090b7ccee86f87669c7a22a2e3aa0b82e4560d2b21820f,0.006238758971448988,0.07275196476974423,0.5313437328679583,0.6476205587387085,0.32540936470031584,0.5199806010723109
residual_v2,56,star_concave,120,private-source://routeA_experiments/data/prospective_ood_rd_hddm_alpha001_v2/star_concave/sample_0120.npz,476685abe2472a157969c1f5a839fe7f1aded68fd5977ece1881cb5d6ed61345,0.006188121973536909,0.06543963477760478,0.3976323410292861,0.5351354479789734,0.272163197398185,0.40436557888984614
residual_v2,56,star_concave,121,private-source://routeA_experiments/data/prospective_ood_rd_hddm_alpha001_v2/star_concave/sample_0121.npz,d44dd313ef06efdc53842cbcd25e7c94f8002b26269a8d974d6b4e2189c7cf49,0.005885605001822114,0.07589654129274424,0.45979600207707044,0.6180854737758636,0.327417254447937,0.48796904087066656
residual_v2,56,star_concave,122,private-source://routeA_experiments/data/prospective_ood_rd_hddm_alpha001_v2/star_concave/sample_0122.npz,7c749504b1437233839eacfc2c94c00613d75381374e8f1ac33b9197daf4612f,0.006486281985417008,0.09342657382343117,0.5353961326818616,0.6347072422504425,0.4034979581832886,0.5818770384788513
residual_v2,56,star_concave,123,private-source://routeA_experiments/data/prospective_ood_rd_hddm_alpha001_v2/star_concave/sample_0123.npz,2f7b8f1084aa65d36f64bdfd0ad63dba1070e18b385551aaeeed4bd3345d07eb,0.005376040004193783,0.07930695940918185,0.5499347925694255,0.6674523651599884,0.39546213448047596,0.5970709651708602
residual_v2,56,star_concave,124,private-source://routeA_experiments/data/prospective_ood_rd_hddm_alpha001_v2/star_concave/sample_0124.npz,ee8cc9c9780afa5d2b0a24922a73005506c2939875b3c50b69bf8b4fb4097be6,0.005623202014248818,0.07771584776716099,0.5030254220085256,0.6191900968551636,0.4359908819198606,0.5639780536293982
residual_v2,56,star_concave,125,private-source://routeA_experiments/data/prospective_ood_rd_hddm_alpha001_v2/star_concave/sample_0125.npz,95c3cac8c54fe43f20a59431a44f07cf020825ee735ba75cd2bc048b4c3859ba,0.005774113989900798,0.07506783155254498,0.5601013418109321,0.7033247649669647,0.35830383449792896,0.6129622298479077
residual_v2,56,star_concave,126,private-source://routeA_experiments/data/prospective_ood_rd_hddm_alpha001_v2/star_concave/sample_0126.npz,92785828d21aa7474cbb2eead5c468fc662d8408973e402dbf64a5491b7aa6d3,0.006289239041507244,0.07185541995020082,0.3125420878434623,0.34788739681243896,0.24267100095748903,0.2855163025856018
residual_v2,56,star_concave,127,private-source://routeA_experiments/data/prospective_ood_rd_hddm_alpha001_v2/star_concave/sample_0127.npz,6240432158188c6377d1af044607ddc0d26482f74bd3ca875898f7064546cc93,0.005523085012100637,0.07054531118600013,0.4573133970579159,0.5946599245071411,0.32198998555541036,0.507448196709156
residual_v2,56,star_concave,128,private-source://routeA_experiments/data/prospective_ood_rd_hddm_alpha001_v2/star_concave/sample_0128.npz,0b59ec75f4c8496864064dfb32ae8a9d4126678dbd85fe5bd0591e5216f96aad,0.005624142999295145,0.06009041729403084,0.2858563650806473,0.4206122159957886,0.22692341729998577,0.30635984398424676
residual_v2,56,star_concave,129,private-source://routeA_experiments/data/prospective_ood_rd_hddm_alpha001_v2/star_concave/sample_0129.npz,490cffc887e2ec71d5a39def540ee809507583f309dc44b073e953a6e4be1aae,0.005313774978276342,0.0679821343546324,0.3888934970487177,0.5098685026168823,0.2945755571126938,0.4396366783976552
residual_v2,56,star_concave,130,private-source://routeA_experiments/data/prospective_ood_rd_hddm_alpha001_v2/star_concave/sample_0130.npz,4d1e8d96d7fcb07225ed2c80819afd45bed479d7b0276561f62b212b99b225f9,0.0055520860478281975,0.0675350617513689,0.36381243965050125,0.45455706119537354,0.29517186880111645,0.41851785242557515
residual_v2,56,star_concave,131,private-source://routeA_experiments/data/prospective_ood_rd_hddm_alpha001_v2/star_concave/sample_0131.npz,e67f5f3314eb9639b1a29bc2cf34e4154f8c3a4c6aa5b1e046f23015f1913345,0.005725313967559487,0.08044315719916958,0.5024840235690825,0.6528899669647217,0.36095717847347236,0.5912485527992252
residual_v2,56,star_concave,132,private-source://routeA_experiments/data/prospective_ood_rd_hddm_alpha001_v2/star_concave/sample_0132.npz,efbafa19d305c98c4298b184f17160dd263aea854458f681e045011684a4500f,0.005893239984288812,0.10314620575868753,0.6755245023507831,0.7882733345031738,0.4931452021002769,0.6813267815113067
residual_v2,56,star_concave,133,private-source://routeA_experiments/data/prospective_ood_rd_hddm_alpha001_v2/star_concave/sample_0133.npz,ac5b59374058467ba8a0e8d1038c302b291ebfe33dddcefd3485c09e5e9db034,0.005909751984290779,0.06160184410608072,0.33609176176346983,0.47107744216918945,0.2820667028427124,0.3774853587150575
residual_v2,56,star_concave,134,private-source://routeA_experiments/data/prospective_ood_rd_hddm_alpha001_v2/star_concave/sample_0134.npz,698cdfaf758c0ce8534b7887fe5c24d821ec04157ead34e39f7d1688a4d1fee6,0.00542050099465996,0.09093988657388008,0.5216035591332672,0.6293802857398987,0.4659722715616226,0.5720714828372007
residual_v2,56,star_concave,135,private-source://routeA_experiments/data/prospective_ood_rd_hddm_alpha001_v2/star_concave/sample_0135.npz,0d0c4a18379290c731fed21f2627bb012972aa932a5c0fa3600440ca617362f5,0.005602383986115456,0.07307929717307964,0.42811512265696017,0.5282063484191895,0.32630152106285104,0.44818689823150637
residual_v2,56,star_concave,136,private-source://routeA_experiments/data/prospective_ood_rd_hddm_alpha001_v2/star_concave/sample_0136.npz,a21474628f5ea2e01e6c6c31400fa79e80f00f083e5762d1d2ec8da62832bf51,0.00569098797859624,0.06408465150498537,0.417600292968471,0.5540518760681152,0.34027352184057236,0.461119268834591
residual_v2,56,star_concave,137,private-source://routeA_experiments/data/prospective_ood_rd_hddm_alpha001_v2/star_concave/sample_0137.npz,32270c08d5c4d02df1b251216ac2ec68396e8de703996d34c566047242ecf071,0.0056442630011588335,0.07496062600037649,0.6302906887142702,0.7088927924633026,0.338499920070171,0.6204325529932972
residual_v2,56,star_concave,138,private-source://routeA_experiments/data/prospective_ood_rd_hddm_alpha001_v2/star_concave/sample_0138.npz,56a5ba648e8989fd8e4fc2b097d1cf6bbd55365822d1df293d231a02772f474f,0.005436226958408952,0.06246254163554696,0.4382069491130123,0.5779789388179779,0.33796608448028564,0.513514941930771
residual_v2,56,star_concave,139,private-source://routeA_experiments/data/prospective_ood_rd_hddm_alpha001_v2/star_concave/sample_0139.npz,50a825fb9f6a3ca2a14f234f813b84e2393c4954818d874df32d742dd2c44f7b,0.0055213639861904085,0.07973982792090055,0.4822152029840504,0.6386407017707825,0.38429545909166335,0.5250857385993004
residual_v2,56,star_concave,140,private-source://routeA_experiments/data/prospective_ood_rd_hddm_alpha001_v2/star_concave/sample_0140.npz,6eed5033eeb5de188451d9e26ad8eacf53f167e16caf0c850f271c37e72a7343,0.005516632983926684,0.05968937167406448,0.3308953672224571,0.4586515426635742,0.26142561435699463,0.4028260231018066
residual_v2,56,star_concave,141,private-source://routeA_experiments/data/prospective_ood_rd_hddm_alpha001_v2/star_concave/sample_0141.npz,a907cd099a64c8511634df9793e5009356b21e455167b82fc179a582273ad2e0,0.005441499990411103,0.05748198506820929,0.2783504390953155,0.45908665657043457,0.23079539239406588,0.34652527809143074
residual_v2,56,star_concave,142,private-source://routeA_experiments/data/prospective_ood_rd_hddm_alpha001_v2/star_concave/sample_0142.npz,c351df90c2012fee03b759f7e74a2cc328cbd5e58c5ca8cb337cbb12147212f7,0.0056667589815333486,0.06846988359405022,0.4120721393783464,0.5869201719760895,0.3455417603254318,0.482845860719681
residual_v2,56,star_concave,143,private-source://routeA_experiments/data/prospective_ood_rd_hddm_alpha001_v2/star_concave/sample_0143.npz,098448b2527ae0bc73253fde5c87522c791cf59537cba8edcd6d7caf1b4e6865,0.006443432008381933,0.08581187617079412,0.8250355325933367,0.9017594456672668,0.4469492167234417,0.7809496355056761
residual_v2,56,star_concave,144,private-source://routeA_experiments/data/prospective_ood_rd_hddm_alpha001_v2/star_concave/sample_0144.npz,36e501d5cd401896953395e689dd63829d255ca199339df9d550472e654739f2,0.006221571005880833,0.07605599774492054,0.3644657373766423,0.4931262135505676,0.27304276823997503,0.3880661919713021
residual_v2,56,star_concave,145,private-source://routeA_experiments/data/prospective_ood_rd_hddm_alpha001_v2/star_concave/sample_0145.npz,0ad05974dcc3a0058ef1c0d09bc6dac91b0ff378c5f5b05dd51a53e776b533f1,0.005502287996932864,0.09032789088769135,0.6082196443458774,0.7225337326526642,0.4576486647129059,0.6621810048818588
residual_v2,56,star_concave,146,private-source://routeA_experiments/data/prospective_ood_rd_hddm_alpha001_v2/star_concave/sample_0146.npz,04fe2315b6738e155a6f486405ee2732ffd869607809f609396295991e3da6ca,0.006284186034463346,0.08588776795138778,0.7007537935812402,0.8089442253112793,0.477613627910614,0.7361190390586845
residual_v2,56,star_concave,147,private-source://routeA_experiments/data/prospective_ood_rd_hddm_alpha001_v2/star_concave/sample_0147.npz,9bf550380294c2bbc3282540dbb56f5b988b488b234567a6ee8ced872a31ed48,0.006398620957043022,0.07172809285389237,0.47988811166988543,0.6706140041351318,0.37248128652572654,0.5135548257827761
residual_v2,56,star_concave,148,private-source://routeA_experiments/data/prospective_ood_rd_hddm_alpha001_v2/star_concave/sample_0148.npz,a001adad8040c93bc67319afa17cd043927ab409b2e313f15a99d6459047bba9,0.006217279995325953,0.06401101927154927,0.35567688436751327,0.47215116024017334,0.28055878281593194,0.4160518556833271
residual_v2,56,star_concave,149,private-source://routeA_experiments/data/prospective_ood_rd_hddm_alpha001_v2/star_concave/sample_0149.npz,b1137e6b1881fb85aa272787edec47cc66bdc286b602033c5c62eca8ca8eb42f,0.005706527037546039,0.07388338903441133,0.5394458585598391,0.6380338966846466,0.38362182527780553,0.589329057633877
residual_v2,56,star_concave,150,private-source://routeA_experiments/data/prospective_ood_rd_hddm_alpha001_v2/star_concave/sample_0150.npz,1a1346fbc7a0a6b7a450694616d1bed605f9aea6a06aa42f6b0fc13fc0c1b237,0.005797679012175649,0.07330016155226812,0.32408558215564415,0.47319507598876953,0.24513826519250873,0.37732732653617873
residual_v2,56,star_concave,151,private-source://routeA_experiments/data/prospective_ood_rd_hddm_alpha001_v2/star_concave/sample_0151.npz,0c37adba479d7c1e405d14ee8ca362906b22789dcd73cd0025cea686b9d5868f,0.005505146982613951,0.0913856865550913,0.5999328220357842,0.69622802734375,0.4764393523335454,0.6509469103813171
residual_v2,56,star_concave,152,private-source://routeA_experiments/data/prospective_ood_rd_hddm_alpha001_v2/star_concave/sample_0152.npz,493bd2253a0889cc50e1ea615e373a8197fb7e27b206ad5689e02586553e761d,0.005194729019422084,0.07524018285163594,0.3250027359330483,0.36186790466308594,0.22861318290233612,0.2888382554054261
residual_v2,56,star_concave,153,private-source://routeA_experiments/data/prospective_ood_rd_hddm_alpha001_v2/star_concave/sample_0153.npz,ac82ba7a6e4d926236266e27b4eb944cfbb25cd0f65fa764d0c5b34ba6446fbc,0.005796048964839429,0.08063746845126048,0.49924429503846257,0.639577716588974,0.3866218402981758,0.5286810749769213
residual_v2,56,star_concave,154,private-source://routeA_experiments/data/prospective_ood_rd_hddm_alpha001_v2/star_concave/sample_0154.npz,5b375d8a82047d688b8f0bc6d7eda5883b59ffd29e73eda4a65465ff28977100,0.007040832948405296,0.07115799372602548,0.46247272807696704,0.5336304605007172,0.3760711252689361,0.4993546205759046
residual_v2,56,star_concave,155,private-source://routeA_experiments/data/prospective_ood_rd_hddm_alpha001_v2/star_concave/sample_0155.npz,c227feb4bc838ca459c2cdb6c2fe08d3c97cd3c54cb120325b6eb8829f0427da,0.00538314797449857,0.08003872480047913,0.485693650707061,0.6541301906108856,0.40434783250093453,0.5902219909429546
residual_v2,56,star_concave,156,private-source://routeA_experiments/data/prospective_ood_rd_hddm_alpha001_v2/star_concave/sample_0156.npz,d7923a77a7cd74c3df6621aa963a43fdaad4ae9ab5641757571ff70cccab19c3,0.006679196027107537,0.10411698533596943,0.5799548484056476,0.6999556422233582,0.4074623197317125,0.6146979355812073
residual_v2,56,star_concave,157,private-source://routeA_experiments/data/prospective_ood_rd_hddm_alpha001_v2/star_concave/sample_0157.npz,bf1ed5ee95cebaaeec4337c10cbb37257a3764baccb51eb2db3b192c4b7f0705,0.006480428972281516,0.07794688735773385,0.4986921087218759,0.5565434396266937,0.3954203113913527,0.5310433495044709
residual_v2,56,star_concave,158,private-source://routeA_experiments/data/prospective_ood_rd_hddm_alpha001_v2/star_concave/sample_0158.npz,2d48518d53f1d4302822bc23c36b8e9a725fccad2e348f481c1965dc1fd043e7,0.006214850000105798,0.08561914789750032,0.47851398434620535,0.6512424945831299,0.3694797679781914,0.5285330638289452
residual_v2,56,star_concave,159,private-source://routeA_experiments/data/prospective_ood_rd_hddm_alpha001_v2/star_concave/sample_0159.npz,afeaff165894f7669804972e11c2e6e7574a89f195a0fedaba5dcc77e4915143,0.0059869709657505155,0.08992422098418751,0.6610902412215915,0.7793449759483337,0.4688270032405853,0.6848820543289186
residual_v2,56,star_concave,160,private-source://routeA_experiments/data/prospective_ood_rd_hddm_alpha001_v2/star_concave/sample_0160.npz,93d98230e4954693c935e7b6a7af76c2fa25aefb83d1da6027d6e69f2937d6be,0.006444540980737656,0.06547129296343254,0.41533326390260494,0.5377917289733887,0.33739888072013857,0.46276191949844303
residual_v2,56,star_concave,161,private-source://routeA_experiments/data/prospective_ood_rd_hddm_alpha001_v2/star_concave/sample_0161.npz,00e0f59193a483fa4f91a44aba4dc7a7d193df42292ed52da041457e2e87fce9,0.006620489002671093,0.07668213364202538,0.3634767967990208,0.4519355893135071,0.29021449014544487,0.3688471883535401
residual_v2,56,star_concave,162,private-source://routeA_experiments/data/prospective_ood_rd_hddm_alpha001_v2/star_concave/sample_0162.npz,73adab284c949cf7286e1d55e2f7271f8e574888733c538e9bd6c7126210d7dc,0.005746525013819337,0.07626124400401804,0.44801373682272294,0.5972124934196472,0.31386079043149945,0.4961921808123585
residual_v2,56,star_concave,163,private-source://routeA_experiments/data/prospective_ood_rd_hddm_alpha001_v2/star_concave/sample_0163.npz,62f2fdf3ad685d63e6744d4c87f1be77f5f4f173f3ac97973519283437aec8be,0.005386806034948677,0.0656279572476642,0.3242693037933683,0.41941070556640625,0.272307938337326,0.3648273944854738
residual_v2,56,star_concave,164,private-source://routeA_experiments/data/prospective_ood_rd_hddm_alpha001_v2/star_concave/sample_0164.npz,9d5ca7a47c569f8001da60474a5d5cd6410704b0b88a94c1bbb617a3ff070b6f,0.00592681800480932,0.06358685373074478,0.33073276354608805,0.4352717995643616,0.22943200469017064,0.37217974424362177
residual_v2,56,star_concave,165,private-source://routeA_experiments/data/prospective_ood_rd_hddm_alpha001_v2/star_concave/sample_0165.npz,29665dc936a4f0885b352ba542d5b84c26ef8365b7471657a0b18a6199a4ec20,0.005673336971085519,0.08596919698338175,0.7763969236584325,0.8949698805809021,0.5260305583477017,0.7820762252807619
residual_v2,56,star_concave,166,private-source://routeA_experiments/data/prospective_ood_rd_hddm_alpha001_v2/star_concave/sample_0166.npz,cc601404792128ea7fb0b9e382daf4044b16752726051d33d189af92b63e9219,0.005619773000944406,0.0908098783400179,0.5941055553531295,0.7366818785667419,0.41911561191082,0.5747146987915043
residual_v2,56,star_concave,167,private-source://routeA_experiments/data/prospective_ood_rd_hddm_alpha001_v2/star_concave/sample_0167.npz,9fee3ab4e68d3386753b768109d90049f0d9ab17092f3bad0ae4e29e01fdff2e,0.005556482006795704,0.08781502200763872,0.5547418041645206,0.7160884737968445,0.46000418812036514,0.6388044387102126
residual_v2,56,star_concave,168,private-source://routeA_experiments/data/prospective_ood_rd_hddm_alpha001_v2/star_concave/sample_0168.npz,5b47765a6290b94b7d7ff73de6aabe979deba65e29f667e2494d93f1fe8e4c53,0.005693491955753416,0.10368252165858939,0.7269699552326582,0.8251118659973145,0.4899614006280899,0.7329575836658452
residual_v2,56,star_concave,169,private-source://routeA_experiments/data/prospective_ood_rd_hddm_alpha001_v2/star_concave/sample_0169.npz,67bb298709d810bd66de79e3e631cbfe3470c51d81de1358148a67ea69a6734a,0.005235849996097386,0.0670026642490073,0.36126069150830137,0.45520585775375366,0.2971937537193298,0.40804996252059933
residual_v2,56,star_concave,170,private-source://routeA_experiments/data/prospective_ood_rd_hddm_alpha001_v2/star_concave/sample_0170.npz,ea79ed68e7fcbed7d4821fb08f6d31cd221c7d535e9e6e347dbabbc6c225268f,0.006211536994669586,0.06803085975715653,0.3785572007342184,0.49431365728378296,0.3264844894409181,0.4690404802560804
residual_v2,56,star_concave,171,private-source://routeA_experiments/data/prospective_ood_rd_hddm_alpha001_v2/star_concave/sample_0171.npz,4dce99e393c3f3aeec70b32543086cd0503997a3c73bb6088a2ea5028ddb609e,0.006769847997929901,0.09105172323025086,0.3984160833432162,0.4911670982837677,0.29726371727883816,0.3867703288793567
residual_v2,56,star_concave,172,private-source://routeA_experiments/data/prospective_ood_rd_hddm_alpha001_v2/star_concave/sample_0172.npz,95062a2be872adfe3d433448a364573f1dcc6d23c46c7283098e1ff3266aa2cb,0.005514631979167461,0.06675534230360299,0.3716804015667562,0.4770883321762085,0.31878435611724854,0.39970681667327945
residual_v2,56,star_concave,173,private-source://routeA_experiments/data/prospective_ood_rd_hddm_alpha001_v2/star_concave/sample_0173.npz,f973c30b18b35d7e13fca880aa62b6d77b406606fa79bcf4e05ea9a183aaf747,0.005595383001491427,0.08947362524148102,0.6368692961301354,0.7040697336196899,0.46842770278453827,0.650180459022522
residual_v2,56,star_concave,174,private-source://routeA_experiments/data/prospective_ood_rd_hddm_alpha001_v2/star_concave/sample_0174.npz,da423e7fb1017a419fd9e39c9877f0fe4936a8ade7a8744fb4d05f24020d1525,0.0057599800056777894,0.08016563287119374,0.39170555285002273,0.4740542471408844,0.3310328841209412,0.384797425866127
residual_v2,56,star_concave,175,private-source://routeA_experiments/data/prospective_ood_rd_hddm_alpha001_v2/star_concave/sample_0175.npz,be6a60f58fa788e5509f48f70ce14bcccc9e8f4e06b149f5ea02f032e86a0c01,0.005534714960958809,0.06602587635508456,0.4352051163617733,0.5420296490192413,0.34043318778276443,0.4685538545250893
residual_v2,56,star_concave,176,private-source://routeA_experiments/data/prospective_ood_rd_hddm_alpha001_v2/star_concave/sample_0176.npz,8bca2d2f749dcf57abe9c29c0e66817254b5dd336a1895b563295dbe661c1ac8,0.005554920993745327,0.09097660656342994,0.5982373426746543,0.6627671718597412,0.41619449853897095,0.6267740309238441
residual_v2,56,star_concave,177,private-source://routeA_experiments/data/prospective_ood_rd_hddm_alpha001_v2/star_concave/sample_0177.npz,c146dae9f67d3f4d0626465827bfbba0af9e30abda534b39cabbf5dc3afd7c2b,0.005692823033314198,0.0823314037778693,0.6190087925946073,0.8023481070995331,0.38421958684921265,0.6494313359260571
residual_v2,56,star_concave,178,private-source://routeA_experiments/data/prospective_ood_rd_hddm_alpha001_v2/star_concave/sample_0178.npz,567152031c4a0bb7383960f1716de7f47aaa09e1c18c4a8edc5894592a36008b,0.005548762041144073,0.08483048513063361,0.545050094336174,0.6780912280082703,0.44591052532196046,0.5561481505632401
residual_v2,56,star_concave,179,private-source://routeA_experiments/data/prospective_ood_rd_hddm_alpha001_v2/star_concave/sample_0179.npz,c19450a9dbc614eb8e816ca15caa11f305314c88880e41a46b7a06a76270e9ef,0.0052182229701429605,0.09208665998580678,0.6795157914580928,0.7699625492095947,0.47658202052116394,0.708303532004357
residual_v2,56,star_concave,180,private-source://routeA_experiments/data/prospective_ood_rd_hddm_alpha001_v2/star_concave/sample_0180.npz,979feb1dc5c9097d8b179d7c9936fa43ca9a7ad06aef8e9ddfd57ec83d56543b,0.005794406984932721,0.06978213396352927,0.33962812174929063,0.49483591318130493,0.23712593223899603,0.3529186218976971
residual_v2,56,star_concave,181,private-source://routeA_experiments/data/prospective_ood_rd_hddm_alpha001_v2/star_concave/sample_0181.npz,9c2177662c7e7706987e5b9fc840e754df3531627695145c95cb0168891b0ec3,0.00544647901551798,0.09106819503214597,0.6619471220238042,0.74082151055336,0.5087075009942055,0.6831062823534011
residual_v2,56,star_concave,182,private-source://routeA_experiments/data/prospective_ood_rd_hddm_alpha001_v2/star_concave/sample_0182.npz,8e1f45388232b975857cf0eb5e800633511cd0fdc84fcac39506fd7ab06dd0ea,0.006319751963019371,0.08622880904497095,0.669540416821133,0.7406409978866577,0.35754822194576263,0.6349150717258453
residual_v2,56,star_concave,183,private-source://routeA_experiments/data/prospective_ood_rd_hddm_alpha001_v2/star_concave/sample_0183.npz,f6af694d75d001d3c452801ea94aa82b47a2951f62861ba1a2885df85ec62b14,0.005409909994341433,0.07886779375483567,0.3510939172849206,0.44030970335006714,0.25675611197948456,0.33327168226242065
residual_v2,56,star_concave,184,private-source://routeA_experiments/data/prospective_ood_rd_hddm_alpha001_v2/star_concave/sample_0184.npz,80d8e656007fb51095a1c187bc0dabfc69020fb316baf6af22ca45bdd6eedb55,0.005510133982170373,0.0846148218586948,0.5399851575129685,0.6917643845081329,0.41469767689704895,0.5835131838917732
residual_v2,56,star_concave,185,private-source://routeA_experiments/data/prospective_ood_rd_hddm_alpha001_v2/star_concave/sample_0185.npz,b5b247991e1e38b65af33f6e252ad30525ed1c2bb81d00bb8d67895a71fe25cc,0.005860821984242648,0.09105110715825562,0.6827672080899099,0.7892467975616455,0.4864278078079222,0.7136157697439192
residual_v2,56,star_concave,186,private-source://routeA_experiments/data/prospective_ood_rd_hddm_alpha001_v2/star_concave/sample_0186.npz,9cb3e8ed6dd35a1f1bd2884d7ccc37720ce91f97c87bb62db2bc7319ed7fa9ce,0.005375316017307341,0.07082132742633755,0.4539077185761017,0.542939156293869,0.3613664031028747,0.5012140920758248
residual_v2,56,star_concave,187,private-source://routeA_experiments/data/prospective_ood_rd_hddm_alpha001_v2/star_concave/sample_0187.npz,b8a01e68369ac0ae2301cde85ae4523b06b6f852ccb68151c27e7b7a2e264805,0.005568727967329323,0.04929263874543305,0.26088613020299317,0.44693678617477417,0.19863029569387436,0.30388023257255614
residual_v2,56,star_concave,188,private-source://routeA_experiments/data/prospective_ood_rd_hddm_alpha001_v2/star_concave/sample_0188.npz,402356ecf909dc7f80ce7a4fb74b2796d69e54097bc2e4bf1d0affd48a478691,0.0054453639895655215,0.07606062970070793,0.37949025834733374,0.500099241733551,0.2822403103113174,0.45225993633270306
residual_v2,56,star_concave,189,private-source://routeA_experiments/data/prospective_ood_rd_hddm_alpha001_v2/star_concave/sample_0189.npz,5d3af4e72fcbfb55abad2633b7b50c6ff1698d6149444cbb224faeb9fb80f7e1,0.005932272004429251,0.08309881601403467,0.4539640663970228,0.5268024206161499,0.36087339222431175,0.4857593446969986
residual_v2,56,star_concave,190,private-source://routeA_experiments/data/prospective_ood_rd_hddm_alpha001_v2/star_concave/sample_0190.npz,64ee3e78ef955d620e48dfc0c0575b217089daaeb07f6fd6b698b494d20cdc97,0.005580353026743978,0.07629392664366763,0.5024482071180055,0.6157484650611877,0.3106624610722066,0.5344220608472817
residual_v2,56,star_concave,191,private-source://routeA_experiments/data/prospective_ood_rd_hddm_alpha001_v2/star_concave/sample_0191.npz,6b6e2f1ef2a5225659b22dd222cfdeb623e3a9d34d146460b1201ec2c58ac5f2,0.005414296989329159,0.09418529606093827,0.5911401602378938,0.742296040058136,0.4924694448709488,0.6527097970247268
residual_v2,56,star_concave,192,private-source://routeA_experiments/data/prospective_ood_rd_hddm_alpha001_v2/star_concave/sample_0192.npz,81e07c354e8b9090deac2dd659d673aa62dcc492675457e68850919289c02ee1,0.005276488023810089,0.0693667858536191,0.5170087846350374,0.6247650980949402,0.3641636848449709,0.545575612783432
residual_v2,56,star_concave,193,private-source://routeA_experiments/data/prospective_ood_rd_hddm_alpha001_v2/star_concave/sample_0193.npz,2a055578d35dbeaf6f9777c70db61a17e59b21e0e089c4b73fe73fc8f30ee5c9,0.005592752015218139,0.07792304563533056,0.5964789217548442,0.7336211204528809,0.42993769943714166,0.6488924372196196
residual_v2,56,star_concave,194,private-source://routeA_experiments/data/prospective_ood_rd_hddm_alpha001_v2/star_concave/sample_0194.npz,015bc47bb4c5ba3f27b05a1792fbb44af4337d85c98d106323f3d69d268d8c7a,0.006269426958169788,0.0827540301260951,0.6215683579794314,0.7381339967250824,0.45935511589050293,0.692818307876585
residual_v2,56,star_concave,195,private-source://routeA_experiments/data/prospective_ood_rd_hddm_alpha001_v2/star_concave/sample_0195.npz,4dc63967e6d5bcb0dad8dc928ac1c21ef324161440414cdd69f8fa0670c5622c,0.005500389961525798,0.07883068921830438,0.5668153219980114,0.6768927276134491,0.37994432002305945,0.6394217181205747
residual_v2,56,star_concave,196,private-source://routeA_experiments/data/prospective_ood_rd_hddm_alpha001_v2/star_concave/sample_0196.npz,98c3c846abd7760ff75322a10ea69cbcf64050b1920000f30ac9ddef03a582bf,0.0053078209748491645,0.07151406561179172,0.4988193009665815,0.6493666768074036,0.3733305186033248,0.5781637176871298
residual_v2,56,star_concave,197,private-source://routeA_experiments/data/prospective_ood_rd_hddm_alpha001_v2/star_concave/sample_0197.npz,5b762b3e30b125a39b0866174933e4f32d3c35f9dd054ae1cb4d4c37788ff8d7,0.0064157419838011265,0.08070707306890207,0.365251083076279,0.49444615840911865,0.2666587010025978,0.3937537968158722
residual_v2,56,star_concave,198,private-source://routeA_experiments/data/prospective_ood_rd_hddm_alpha001_v2/star_concave/sample_0198.npz,f1d5bb05bec2186640d91bfa3cdc67b166bd2952867a20a2796076984771c3e5,0.00641338003333658,0.05684168938195368,0.26019932676713575,0.4517711102962494,0.21021439582109458,0.3437954950332643
residual_v2,56,star_concave,199,private-source://routeA_experiments/data/prospective_ood_rd_hddm_alpha001_v2/star_concave/sample_0199.npz,24e273c05359ecf1670b3cd5ef34d49ef6c28ef523b55d61e6ff7b4dfcb1f389,0.005416993983089924,0.07182245912060636,0.3697011810017994,0.5158937871456146,0.30089860260486595,0.443764045536518
