model,training_seed,shape,sample_id,sample_file,sample_sha256,inference_seconds,mae,relative_l2,max_abs_error,p95_abs_error,p99_abs_error
residual_v2,45,slit_bridge,0,private-source://routeA_experiments/data/final_ood_frozen_v1/slit_bridge/sample_0000.npz,30d9b3db72b5f04e7aed5aca69b177e736741d71d456678de2c366e94064976a,0.05397005658596754,0.07700520752473052,0.7591212848009177,0.8528147488832474,0.42170270904898643,0.7546242281794545
residual_v2,45,slit_bridge,1,private-source://routeA_experiments/data/final_ood_frozen_v1/slit_bridge/sample_0001.npz,35ca7668746e40038fbccaaf4b015e191d09a272260f8b2c67e05158beed58d9,0.010723850689828396,0.046980120552579226,0.3493600217794523,0.6077919751405716,0.22858917713165283,0.31946290135383587
residual_v2,45,slit_bridge,2,private-source://routeA_experiments/data/final_ood_frozen_v1/slit_bridge/sample_0002.npz,5aa31e0476a00717a676402ae73bf67f0900790fbaaba0689885a4f4d81b1d01,0.011042920872569084,0.06378155463532056,0.6206652029941505,0.8207928836345673,0.36288559436798096,0.7088949814438815
residual_v2,45,slit_bridge,3,private-source://routeA_experiments/data/final_ood_frozen_v1/slit_bridge/sample_0003.npz,fa2249a12bd45ebd5bf12289d408b399125153ec7a74d5498b2d06c116f8f405,0.0105082206428051,0.0662847734453869,0.804112221581621,0.8839381337165833,0.35051554068922997,0.7737571477890014
residual_v2,45,slit_bridge,4,private-source://routeA_experiments/data/final_ood_frozen_v1/slit_bridge/sample_0004.npz,4006cdfdceb8abe632e2df62c467d010fb9761bec6322c363b9f3abbc55829d4,0.010593454353511333,0.05714388034485468,0.48454130705843523,0.6900258585810661,0.27143336832523346,0.5422310292720782
residual_v2,45,slit_bridge,5,private-source://routeA_experiments/data/final_ood_frozen_v1/slit_bridge/sample_0005.npz,1ea410d183d08cc06714b087bb528e626a67090d2f8931f1f61a73ddeff9902a,0.010488620027899742,0.046731716220110756,0.8993955168119356,0.875879742205143,0.18056791089475155,0.7337599515914917
residual_v2,45,slit_bridge,6,private-source://routeA_experiments/data/final_ood_frozen_v1/slit_bridge/sample_0006.npz,2b2b41c1ab84aefad645e09329749a0c4789e3a60b3931b89e053a383e66541e,0.010692968964576721,0.05298854916455967,1.1175877510864105,0.9738736785948277,0.19288057030644268,0.49906933056190556
residual_v2,45,slit_bridge,7,private-source://routeA_experiments/data/final_ood_frozen_v1/slit_bridge/sample_0007.npz,e99898145655a5c1ce681d0eb3c7597d5032c10b823f0c114d9a1b16467ea524,0.011095650494098663,0.042300790193294815,0.34653787133885383,0.49463874101638794,0.22312311828136444,0.4014146000146864
residual_v2,45,slit_bridge,8,private-source://routeA_experiments/data/final_ood_frozen_v1/slit_bridge/sample_0008.npz,6e17a3aa2c3547f8d5c7c15a2ba8d09341c289bc2a2f8cc11cd61460dd0a75b4,0.011062338948249817,0.0658925210349284,0.5841502802777083,0.9304898679256439,0.3595755398273468,0.5551525831222518
residual_v2,45,slit_bridge,9,private-source://routeA_experiments/data/final_ood_frozen_v1/slit_bridge/sample_0009.npz,cc5b71a537246355e6aa5eb87b1ec934946edb1d31595b1d37e482e2b73e96e4,0.01065702922642231,0.06614502747892147,0.5336743779520379,0.5380205512046814,0.2943599298596382,0.44178550243377607
residual_v2,45,slit_bridge,10,private-source://routeA_experiments/data/final_ood_frozen_v1/slit_bridge/sample_0010.npz,87874a0f11d5ca1214cb1c831735689324f5d265f0ad734b920d4aea56a205a8,0.010510300286114216,0.0642845578603118,0.7490729694555823,0.8683253824710846,0.34411630779504776,0.7491030544042582
residual_v2,45,slit_bridge,11,private-source://routeA_experiments/data/final_ood_frozen_v1/slit_bridge/sample_0011.npz,a23d58d483f0ee7d7d9ad82447d292fdde0c9f6964a6ce9759730ce9671620fc,0.010676542297005653,0.06667856420399451,0.8069812211037847,0.9251778274774551,0.34503502398729324,0.7496836110949504
residual_v2,45,slit_bridge,12,private-source://routeA_experiments/data/final_ood_frozen_v1/slit_bridge/sample_0012.npz,1bf5b6c8a99e6b1af341524d638c181408e613ec93db7fb6986f600e0e3c65a1,0.010535216890275478,0.057240435773539926,0.5523950700455897,0.608788013458252,0.2748187631368637,0.4881944239139556
residual_v2,45,slit_bridge,13,private-source://routeA_experiments/data/final_ood_frozen_v1/slit_bridge/sample_0013.npz,1adafcde8c3f4e445b1b034d25421d3a48662f83f441bf0eecdee27f12cecbc3,0.01059530209749937,0.053532312668264914,0.5047730473809467,0.5758488774299622,0.31186123192310333,0.5212193638086319
residual_v2,45,slit_bridge,14,private-source://routeA_experiments/data/final_ood_frozen_v1/slit_bridge/sample_0014.npz,64b0e9dc29123e952cb0d300a00469414c7c7f76a16dd935a75e7624fe912b36,0.01055177953094244,0.06675022531155467,0.8465650768792626,0.9488262832164764,0.3316462319344282,0.7541410405188791
residual_v2,45,slit_bridge,15,private-source://routeA_experiments/data/final_ood_frozen_v1/slit_bridge/sample_0015.npz,b9c330fa4cfc004b6beec69ac0615be8854455f9775205c11364db4615c089be,0.011065608821809292,0.06886152742517732,0.6549742334394009,0.7250810116529465,0.3998212367296219,0.6392630666494367
residual_v2,45,slit_bridge,16,private-source://routeA_experiments/data/final_ood_frozen_v1/slit_bridge/sample_0016.npz,596996fb6aeff6e88332008eed32b4b95f86de86801a1640f6de12786cd403d3,0.011386198922991753,0.07180857878113728,0.7918011570487695,0.8896624445915222,0.41437748074531555,0.7881140649318694
residual_v2,45,slit_bridge,17,private-source://routeA_experiments/data/final_ood_frozen_v1/slit_bridge/sample_0017.npz,312eedbc05e5128aebccd1eda0cb448659dcf770824e39ef15c6231d604d0095,0.011167873628437519,0.06964294493597128,0.762041618059337,0.8539268225431442,0.33806341141462326,0.6999086081981644
residual_v2,45,slit_bridge,18,private-source://routeA_experiments/data/final_ood_frozen_v1/slit_bridge/sample_0018.npz,41e1f220b6752fc77a60ab80dca4c8628042e5d54833a97c9832832e8db500e2,0.011073960922658443,0.04330769296566152,0.28720959736008644,0.5299345254898071,0.17351511865854263,0.37308367192745123
residual_v2,45,slit_bridge,19,private-source://routeA_experiments/data/final_ood_frozen_v1/slit_bridge/sample_0019.npz,b97fe8016fb4c7d7995df4c42b480dce1072ee7db9abb641c503877913ffce9c,0.010524583980441093,0.06228192323198471,0.5816621859277077,0.6616600751876831,0.33230625092983246,0.5718616694211951
residual_v2,45,slit_bridge,20,private-source://routeA_experiments/data/final_ood_frozen_v1/slit_bridge/sample_0020.npz,994e03c5207e2ae7356bc74d2f380fd7f474af9a82fe4a9bb90585ddb10c1fb7,0.01061541959643364,0.06199511777467593,0.6900731808936641,0.8222132623195648,0.3188118115067482,0.6983848333358749
residual_v2,45,slit_bridge,21,private-source://routeA_experiments/data/final_ood_frozen_v1/slit_bridge/sample_0021.npz,1456683b4642362ec663cedabc21c8bb0ed3f06ae1beb9ca35a8ac02768d7f01,0.010507802478969097,0.07402753672252294,0.6914274994442079,0.7614889442920685,0.414691261947155,0.6911171913146972
residual_v2,45,slit_bridge,22,private-source://routeA_experiments/data/final_ood_frozen_v1/slit_bridge/sample_0022.npz,c36a4db85f26e6cbe9c3036e9cf2ad4c578008898c1405c54c1e0914ccc8ef1c,0.010511518456041813,0.06749816160668766,0.6282914907874952,0.6717696189880371,0.3750254139304161,0.574179461598396
residual_v2,45,slit_bridge,23,private-source://routeA_experiments/data/final_ood_frozen_v1/slit_bridge/sample_0023.npz,610587d7aa0593f777b96e6fdb4fdcf2ebc68a867c186890c7838e7b2d944c00,0.01052386686205864,0.07153177278628864,0.7379006425428355,0.8047807961702347,0.35971933603286743,0.653009781241417
residual_v2,45,slit_bridge,24,private-source://routeA_experiments/data/final_ood_frozen_v1/slit_bridge/sample_0024.npz,959eeaf23d4f71a25e7eff4fc4c4640be516df58074ab3dad10126c1ca5ed619,0.010830887593328953,0.05037634180424186,0.9684704703707112,0.9101542979478836,0.1883138297125697,0.6548373319208611
residual_v2,45,slit_bridge,25,private-source://routeA_experiments/data/final_ood_frozen_v1/slit_bridge/sample_0025.npz,12244099e66cc796717b1ac4a0197a86db0d3832ae8f92f8b6285b350ded04cd,0.010495887137949467,0.06059082437514651,0.4523303550038445,0.531374454498291,0.23722867667675018,0.40425035953521726
residual_v2,45,slit_bridge,26,private-source://routeA_experiments/data/final_ood_frozen_v1/slit_bridge/sample_0026.npz,8ec7e62775275cf1cdcb11a3a5070589032551c0222125cc6f2572c5b6100c1e,0.010618790984153748,0.08621480523051786,0.7202509986645137,0.8221084922552109,0.37681149784475565,0.678367261588573
residual_v2,45,slit_bridge,27,private-source://routeA_experiments/data/final_ood_frozen_v1/slit_bridge/sample_0027.npz,a57e3c4af7915d4277fe784929f02e1108f70b06739b89cc49e2f31db68759d6,0.010487404651939869,0.06837432149028581,0.6811229389949945,0.7890592217445374,0.38002342730760574,0.6799221366643896
residual_v2,45,slit_bridge,28,private-source://routeA_experiments/data/final_ood_frozen_v1/slit_bridge/sample_0028.npz,129f68b38d7e4376d96e492a23bdc037ec06345501698eb53f87dc4c2bdcf26b,0.010586995631456375,0.04386208480336291,0.322709733927748,0.4909321665763855,0.20323070883750916,0.33479554653167715
residual_v2,45,slit_bridge,29,private-source://routeA_experiments/data/final_ood_frozen_v1/slit_bridge/sample_0029.npz,d7be996266c698efe66a16bcc34de0aff06589c37bb8599f9f62b3c06206baa6,0.011154791340231895,0.06739024862490817,0.6291209408050253,0.7278679013252258,0.3699178993701935,0.6354665279388427
residual_v2,45,slit_bridge,30,private-source://routeA_experiments/data/final_ood_frozen_v1/slit_bridge/sample_0030.npz,b09f05e8c2f7a9d479d786d72d681814f27d08ee89b3d974343fd2b090a1ce6a,0.011115988716483116,0.052381853607595896,0.4470743707639909,0.5614917278289795,0.2653515934944153,0.47708226442337015
residual_v2,45,slit_bridge,31,private-source://routeA_experiments/data/final_ood_frozen_v1/slit_bridge/sample_0031.npz,bc00125fdaa393e280c5352531595db001f7ddb3deb151245917cd589e5c31f0,0.011179392226040363,0.04311622379349141,0.3188708886971537,0.43948179483413696,0.21498382091522217,0.3404561936855316
residual_v2,45,slit_bridge,32,private-source://routeA_experiments/data/final_ood_frozen_v1/slit_bridge/sample_0032.npz,210304fe0d7d8f0427af5f9a0754f958b13e7ca893e23870daca6089c7494849,0.011129233054816723,0.05532351882358608,0.4612622395903276,0.5720720887184143,0.275962769985199,0.47000188827514633
residual_v2,45,slit_bridge,33,private-source://routeA_experiments/data/final_ood_frozen_v1/slit_bridge/sample_0033.npz,27aec766b6350542fba91a6efe33f57848a74817bca29836eb0daa48b8186c28,0.010562332347035408,0.07742181923258902,0.870346751942412,0.9652056097984314,0.46106968075037,0.8635758608579631
residual_v2,45,slit_bridge,34,private-source://routeA_experiments/data/final_ood_frozen_v1/slit_bridge/sample_0034.npz,188e43a83a5baeee871f92676435b8b14ff91c60dfed2c7edaee32a7c3fe7437,0.010519042611122131,0.05856086050442546,0.656816760390276,0.8328635096549988,0.32297472655773163,0.7212799876928327
residual_v2,45,slit_bridge,35,private-source://routeA_experiments/data/final_ood_frozen_v1/slit_bridge/sample_0035.npz,7b87bcf793f11163ce8025e6ca4bc45abb9b34cf709bd1bb8b9fb68b3a8dabe4,0.0105142118409276,0.05242739351586448,0.48968165941406466,0.658196359872818,0.26777978241443634,0.4873373091220852
residual_v2,45,slit_bridge,36,private-source://routeA_experiments/data/final_ood_frozen_v1/slit_bridge/sample_0036.npz,4c37861366bb2835c656390a05790cc29a37a467fa5c97e436d4dc5e6180c227,0.010530289262533188,0.07349122093064413,0.7120586562300109,0.8187466263771057,0.3659450113773346,0.69671750664711
residual_v2,45,slit_bridge,37,private-source://routeA_experiments/data/final_ood_frozen_v1/slit_bridge/sample_0037.npz,8fbc3afcf65822fdaf99fdeb4b9caaacaaa2422144e57b088e882fc0dcbcdfe9,0.01055881753563881,0.08264538545263979,0.8072133924103552,0.8670629262924194,0.5018773060292006,0.7657461225986479
residual_v2,45,slit_bridge,38,private-source://routeA_experiments/data/final_ood_frozen_v1/slit_bridge/sample_0038.npz,d8aa380b826e09980e586e8dcd26acff520e462dddbb758d989ce305a62e2bd2,0.010577271692454815,0.06020856290442753,0.5025608041812972,0.6524941325187683,0.3087248206138611,0.5227551400661467
residual_v2,45,slit_bridge,39,private-source://routeA_experiments/data/final_ood_frozen_v1/slit_bridge/sample_0039.npz,5773aed921a57866510a828614cf323ba3e5c1f662198f68ba30e9cd435e428d,0.010477584786713123,0.06181675602530293,0.8408445717830902,0.9024616479873657,0.31276190280914307,0.7022077918052669
residual_v2,45,slit_bridge,40,private-source://routeA_experiments/data/final_ood_frozen_v1/slit_bridge/sample_0040.npz,10b3fc9be817d0fa28e4f2ad0ce1679a84b2986a85b9c817ff380bc606731884,0.010559472255408764,0.06066588469745352,0.6049618764040077,0.743914008140564,0.30023130774497986,0.6260586321353905
residual_v2,45,slit_bridge,41,private-source://routeA_experiments/data/final_ood_frozen_v1/slit_bridge/sample_0041.npz,cdde49a6f56183448eeefafbf84517c5719d37b8e33b5fb3d5907c79ec0c3d4d,0.010628553107380867,0.05730999871403888,0.5195720603207766,0.6587326377630234,0.2816598042845726,0.45914200246334064
residual_v2,45,slit_bridge,42,private-source://routeA_experiments/data/final_ood_frozen_v1/slit_bridge/sample_0042.npz,bd82adbf113c51db9c8fdb7ae61bdfb4b0de8fd0738107c1b16747edf214ed83,0.010565586388111115,0.045871989911911965,0.29667697441992263,0.577020063996315,0.1981300413608551,0.3193897128105154
residual_v2,45,slit_bridge,43,private-source://routeA_experiments/data/final_ood_frozen_v1/slit_bridge/sample_0043.npz,1b05a0e90cb92ad13e160cd9d88d3ccd24a5d5042572cbdeb6c780eb7c691723,0.010571376420557499,0.07302536992809583,0.9024031188664305,0.9300290793180466,0.3872968852519989,0.8040547236800192
residual_v2,45,slit_bridge,44,private-source://routeA_experiments/data/final_ood_frozen_v1/slit_bridge/sample_0044.npz,9eab1dd2e918e6415c0ac9317c974fb554285878086fbcec4685c90b0a603efd,0.01047517266124487,0.06853977696583038,0.8713553737003112,0.8799142688512802,0.34099302254617214,0.6983053967356682
residual_v2,45,slit_bridge,45,private-source://routeA_experiments/data/final_ood_frozen_v1/slit_bridge/sample_0045.npz,28399d49797881f5a264063c34c2a36369094141bb9cf4c05cbdaee4d1f32c15,0.01042428333312273,0.06618769936110272,1.0129565339259547,1.017715036869049,0.3816502019762993,0.8030156329274173
residual_v2,45,slit_bridge,46,private-source://routeA_experiments/data/final_ood_frozen_v1/slit_bridge/sample_0046.npz,137e9591ce0032a2d71b366e44219ca9b23cbd2f3a421043183f5c5f8e25cd7f,0.010478409938514233,0.06630906188164515,0.6823693451400575,0.7645220160484314,0.35750871896743774,0.6622972309589382
residual_v2,45,slit_bridge,47,private-source://routeA_experiments/data/final_ood_frozen_v1/slit_bridge/sample_0047.npz,a34fc43c7eb5b8809b22c7c026452d2278be0d7636bd62dbf7db0e72488bfe93,0.01051909476518631,0.05689995536814976,0.5351135713527041,0.8771286755800247,0.3295140713453293,0.7011677414178847
residual_v2,45,slit_bridge,48,private-source://routeA_experiments/data/final_ood_frozen_v1/slit_bridge/sample_0048.npz,d3dea4d451c780395aeec9e434f3f3426fa5b35717d062d652d0000cb4849ab0,0.010501590557396412,0.07550364915056833,0.8198047270814285,0.8441779315471649,0.44194578379392624,0.7308082565665243
residual_v2,45,slit_bridge,49,private-source://routeA_experiments/data/final_ood_frozen_v1/slit_bridge/sample_0049.npz,65ea22db20d21e0adb8290dfc006ce6871e3b0e95cbda2d1b6dc4212521b340d,0.010517668910324574,0.07548966831435693,0.7950245769650814,0.8669281601905823,0.4130220264196396,0.7353367149829863
residual_v2,45,slit_bridge,50,private-source://routeA_experiments/data/final_ood_frozen_v1/slit_bridge/sample_0050.npz,84c0049ab4231171d59431596c6d5ee4a6296eb0688530fec168df065e5f3736,0.011137349531054497,0.07401992698485779,0.8078626329422142,0.9047751277685165,0.42952935770154,0.7519585907459257
residual_v2,45,slit_bridge,51,private-source://routeA_experiments/data/final_ood_frozen_v1/slit_bridge/sample_0051.npz,4a2b9189cfb9e62a2d88e9b4f0538c291df4cf2365fc6101f7bcb0ca5ea19039,0.011073342524468899,0.06621209679143307,0.8904140130603996,0.8699425756931305,0.29993833415210247,0.7529266603291034
residual_v2,45,slit_bridge,52,private-source://routeA_experiments/data/final_ood_frozen_v1/slit_bridge/sample_0052.npz,7a6182ea0d10e503b4488744930d05c12fe0a98749a0f08c0bf9a0ade333130c,0.011106009595096111,0.06817986118313436,0.637721992435307,0.6952371001243591,0.3901256024837494,0.5876627311110496
residual_v2,45,slit_bridge,53,private-source://routeA_experiments/data/final_ood_frozen_v1/slit_bridge/sample_0053.npz,f38fc50a05bb0fe7cbe4b70cd13485a58e43ff94c9c22822cb929aed2391bc79,0.011116085574030876,0.06045529057178011,0.6482121778342981,0.8784140348434448,0.3002130836248398,0.5400128722190854
residual_v2,45,slit_bridge,54,private-source://routeA_experiments/data/final_ood_frozen_v1/slit_bridge/sample_0054.npz,523ec7f16e149a678ab1eee24891a839649693313f63f9f03417215898e364c2,0.011123718693852425,0.07539520497949304,0.8881910487354103,0.9311048984527588,0.4290206730365753,0.791654631495475
residual_v2,45,slit_bridge,55,private-source://routeA_experiments/data/final_ood_frozen_v1/slit_bridge/sample_0055.npz,a11a3648b53fa4f131e8a071f27bd07db354d48796864dbb9f50084862cbf7af,0.010504089295864105,0.061356026033889496,0.4516287407531229,0.645311713218689,0.2739366292953491,0.5020102649927136
residual_v2,45,slit_bridge,56,private-source://routeA_experiments/data/final_ood_frozen_v1/slit_bridge/sample_0056.npz,754e5a373c358a5e7e5648b5ee524f7f3caf5be3ad24ca01b4bbaa5930f3722f,0.0105697400867939,0.05360366062190371,0.405943329808232,0.7374104559421539,0.2326260805130005,0.5569018304347986
residual_v2,45,slit_bridge,57,private-source://routeA_experiments/data/final_ood_frozen_v1/slit_bridge/sample_0057.npz,88bdcbb6787810fba1f67ab1e1d706c0a0449080180a5731fe9e830cd5c1781e,0.010519963689148426,0.0678377959483511,0.5823068031639486,0.7031530737876892,0.3256983608007431,0.5205311626195908
residual_v2,45,slit_bridge,58,private-source://routeA_experiments/data/final_ood_frozen_v1/slit_bridge/sample_0058.npz,25dc8c7315b0e070c4b3619308cd7da2f67091e9d12652a39dff2c4abf512a48,0.011148683726787567,0.07234975258258625,0.658158179506362,0.6723982095718384,0.3338165879249573,0.553776168823242
residual_v2,45,slit_bridge,59,private-source://routeA_experiments/data/final_ood_frozen_v1/slit_bridge/sample_0059.npz,8537f0d12de7433ac2c634794f33eec0a1ef183fb6a9871cd07ec6fe9960e78c,0.011183196678757668,0.05237575491819131,0.640277585751245,0.7529096007347107,0.2900862470269203,0.6125283345580085
residual_v2,45,slit_bridge,60,private-source://routeA_experiments/data/final_ood_frozen_v1/slit_bridge/sample_0060.npz,ccb10d13e92987f9e92f19f57b8c828d1cec71baabf49eeda5b8131c81cffaae,0.011124788783490658,0.0688808062626529,0.7137369575653006,0.8658829033374786,0.3948565423488617,0.7374224483966824
residual_v2,45,slit_bridge,61,private-source://routeA_experiments/data/final_ood_frozen_v1/slit_bridge/sample_0061.npz,617d3d8d6e33e0cd8b2d68db50b259c76f1b572922b1f4eafd14d5c95f7f2927,0.011217577382922173,0.06464254467295967,0.5873526507323401,0.7162458002567291,0.3390604555606842,0.5914240360260009
residual_v2,45,slit_bridge,62,private-source://routeA_experiments/data/final_ood_frozen_v1/slit_bridge/sample_0062.npz,4cb6187852b50d7a648cc396d4b92a5199fc15e009d3e6afe856b73e4795fb3c,0.011124364100396633,0.09117430883994902,0.9080576244545582,0.89900341629982,0.5639107078313828,0.8364038407802575
residual_v2,45,slit_bridge,63,private-source://routeA_experiments/data/final_ood_frozen_v1/slit_bridge/sample_0063.npz,dac27c2cdc3cfd09038c74bf4bee8892e3fbd4242d4ae68cf068121304f4b392,0.010480520315468311,0.07622937279359052,0.8988151068575839,0.9430856481194496,0.393670491874218,0.8639940917491911
residual_v2,45,slit_bridge,64,private-source://routeA_experiments/data/final_ood_frozen_v1/slit_bridge/sample_0064.npz,42bf6e538ce7971d6bb267afcbb5017c74c7ee0a38eeeb22b770afd6da523ffd,0.010563435964286327,0.053164012906767526,0.4847092091374709,0.6513864547014236,0.2910470515489578,0.5555776178836821
residual_v2,45,slit_bridge,65,private-source://routeA_experiments/data/final_ood_frozen_v1/slit_bridge/sample_0065.npz,8ae70c1cc087b2cb14feefb626847c8e54e0ee1ff237949762758fc9fef1ccfe,0.010539238341152668,0.0769460699362552,0.7275516801729764,0.8298922777175903,0.45060329139232635,0.7525434046983717
residual_v2,45,slit_bridge,66,private-source://routeA_experiments/data/final_ood_frozen_v1/slit_bridge/sample_0066.npz,bf5bec0125f3e132a0234c3c65c18310c2a824fe299149a53c91065ba9684ebc,0.01054957415908575,0.04466810973180954,0.34339754610400436,0.48956477642059326,0.21217969805002213,0.32624392509460426
residual_v2,45,slit_bridge,67,private-source://routeA_experiments/data/final_ood_frozen_v1/slit_bridge/sample_0067.npz,c4c4d08eb71d2a88a3573896b8651cdf6ff3433eaf00aef21e8815ee63c8636b,0.010526012629270554,0.05560979351032846,0.488902302792644,0.794234961271286,0.27189306914806366,0.489520251750946
residual_v2,45,slit_bridge,68,private-source://routeA_experiments/data/final_ood_frozen_v1/slit_bridge/sample_0068.npz,9d5bf135c023eb440f5e2fcdbcd3144986ccea4a471e8d876188876d1f874f48,0.010497253388166428,0.058812644375345634,0.7244204849053266,0.8130668252706528,0.28709305450320244,0.5486405625939365
residual_v2,45,slit_bridge,69,private-source://routeA_experiments/data/final_ood_frozen_v1/slit_bridge/sample_0069.npz,5c786c1f5b59aea34b782d6d4f11df00e05c430f5d55022b5da71cb4fb8d0930,0.011214056983590126,0.07671195050197444,0.8241607194050083,0.950735367834568,0.46411703154444695,0.8056020975112899
residual_v2,45,slit_bridge,70,private-source://routeA_experiments/data/final_ood_frozen_v1/slit_bridge/sample_0070.npz,ed31a0aa3d983e019a2886acd9e424e492ee60dd9051fcd420f294aa7d65556d,0.010587169788777828,0.055253018983144817,0.5931074989550925,0.7294006943702698,0.3146287798881531,0.5648384794592853
residual_v2,45,slit_bridge,71,private-source://routeA_experiments/data/final_ood_frozen_v1/slit_bridge/sample_0071.npz,392690e82cd3c5edc07092ea1286bb31ee5ff623427f4ad994d7d81479d6dab4,0.010552392341196537,0.0709993765985343,0.8015984775328253,0.89534991979599,0.3939659297466278,0.7196011066436765
residual_v2,45,slit_bridge,72,private-source://routeA_experiments/data/final_ood_frozen_v1/slit_bridge/sample_0072.npz,13d1458cb7f3b3c59870f9253bb955db809110e13c2d3e0b7bd73b1dc03bcc6b,0.010497018694877625,0.0702161845033762,0.8184814490831348,0.9006529450416565,0.35426509380340576,0.6777656257152554
residual_v2,45,slit_bridge,73,private-source://routeA_experiments/data/final_ood_frozen_v1/slit_bridge/sample_0073.npz,abe7b6b76ff8f9f9514fc6c9452f5d49124e62bec9ef2160c3a275b0c13db251,0.010540463030338287,0.05571924768373018,0.6612965125250193,0.7265278995037079,0.3095941096544266,0.6263794235885142
residual_v2,45,slit_bridge,74,private-source://routeA_experiments/data/final_ood_frozen_v1/slit_bridge/sample_0074.npz,51ff9c6ba58e09f4038fba26fc78e8d866d805ea092ff9a4834e7d07d5b953c3,0.010510292835533619,0.06752942069214421,0.5902621179649389,0.6645954847335815,0.3736685514450073,0.5632137238979334
residual_v2,45,slit_bridge,75,private-source://routeA_experiments/data/final_ood_frozen_v1/slit_bridge/sample_0075.npz,295242b0a3c4441b1839c2e51ada10cd8d911b42bc383c1c876668ed7db69aca,0.010534603148698807,0.05627438379259143,0.5723485819870193,0.6531073451042175,0.28239715099334717,0.5491649448871608
residual_v2,45,slit_bridge,76,private-source://routeA_experiments/data/final_ood_frozen_v1/slit_bridge/sample_0076.npz,beb19109c76423a493f2dce420b9e7186ae828c5f8afa7330784720dd627942a,0.010503494180738926,0.058395581507040606,0.5264981769970354,0.575147807598114,0.30679816752672195,0.49524383544921874
residual_v2,45,slit_bridge,77,private-source://routeA_experiments/data/final_ood_frozen_v1/slit_bridge/sample_0077.npz,2b930b075d3b18dc862520638716d3ca8b214cccc86033c8a5389cf1eee32caf,0.010546235367655754,0.07339887299043438,0.8421740211896191,0.9252402484416962,0.35570914298295975,0.8150864943861951
residual_v2,45,slit_bridge,78,private-source://routeA_experiments/data/final_ood_frozen_v1/slit_bridge/sample_0078.npz,81766226a2c457e6280404619b8b2ac47bc63cd5302a18b5988528768c89a906,0.01050153560936451,0.06920700953549619,0.7775523710150563,0.879654586315155,0.39115461707115173,0.7289464488625511
residual_v2,45,slit_bridge,79,private-source://routeA_experiments/data/final_ood_frozen_v1/slit_bridge/sample_0079.npz,39d04f6918bf1e91b48064494be9aa05bd75bf2d12d1b69e17182fdccc736084,0.01115040760487318,0.06572813543303935,0.5180026237993736,0.645081102848053,0.33279839158058167,0.5327920138835905
residual_v2,45,slit_bridge,80,private-source://routeA_experiments/data/final_ood_frozen_v1/slit_bridge/sample_0080.npz,34759e2ce25b3deafb7b86e4a166e29aa7b6ad6312b24ec108b7195308a75605,0.011077402159571648,0.06993222824815604,0.9369900620649864,0.993897333741188,0.3220296539366245,0.8454846307635291
residual_v2,45,slit_bridge,81,private-source://routeA_experiments/data/final_ood_frozen_v1/slit_bridge/sample_0081.npz,c09c71d395b921fd42317ee8257d8e8ca0fefc88548e7044fde1c9427bc01d57,0.010564642958343029,0.053081542950003335,0.37863189850191714,0.598219633102417,0.22686263918876648,0.48248924911022084
residual_v2,45,slit_bridge,82,private-source://routeA_experiments/data/final_ood_frozen_v1/slit_bridge/sample_0082.npz,76690bbcb43ff947e8588630e8c1f5eaeae09d80c05290dd16299c07f4b07db3,0.010397044010460377,0.03852776522299533,0.27751546994866294,0.3811413645744324,0.16495439410209656,0.3219341933727263
residual_v2,45,slit_bridge,83,private-source://routeA_experiments/data/final_ood_frozen_v1/slit_bridge/sample_0083.npz,b13467cf03c2c8574ad8306306835f018286494378025cc13aa4b84ebb20ce43,0.010508345440030098,0.05788751152166745,1.2217754603851825,0.961654894053936,0.1937045095837675,0.625667656958103
residual_v2,45,slit_bridge,84,private-source://routeA_experiments/data/final_ood_frozen_v1/slit_bridge/sample_0084.npz,9c49b44f5bee1f5433dbba97fd43f3fbe29009da78b18d356f171b5351154266,0.010559676215052605,0.045491985883791414,0.3879188212093356,0.4921361207962036,0.23931367695331573,0.3891003727912902
residual_v2,45,slit_bridge,85,private-source://routeA_experiments/data/final_ood_frozen_v1/slit_bridge/sample_0085.npz,f99b2ecfc893456f4094ee49f725dacd918863f2c57f06cd9486ed733ef4c220,0.010519922710955143,0.05942593782519548,0.7287344626511283,0.8280998319387436,0.31908354442566633,0.6977567434310905
residual_v2,45,slit_bridge,86,private-source://routeA_experiments/data/final_ood_frozen_v1/slit_bridge/sample_0086.npz,fa0010c85def531807bfac046d520a0e1fcfa53f399129a530872a5ed7c486e8,0.010637197643518448,0.07776363289153572,0.7597527752999426,0.8402369022369385,0.4480922520160675,0.7077173024415966
residual_v2,45,slit_bridge,87,private-source://routeA_experiments/data/final_ood_frozen_v1/slit_bridge/sample_0087.npz,c71c435433f07e222a9c7657e14158b1582d4eb606c1feec9a70429635dc0db8,0.010547900572419167,0.06911590894845553,0.7875823749900681,0.8437973856925964,0.41454489529132843,0.750914143025875
residual_v2,45,slit_bridge,88,private-source://routeA_experiments/data/final_ood_frozen_v1/slit_bridge/sample_0088.npz,356663c8d9f185922d520ff8cab4336c663ae05fa5851257b47fd5a7f2890d38,0.010561692528426647,0.06965019680231142,0.6504745418354463,0.7123366594314575,0.3641764372587204,0.6103825330734252
residual_v2,45,slit_bridge,89,private-source://routeA_experiments/data/final_ood_frozen_v1/slit_bridge/sample_0089.npz,8a9067dfbc0e5c2e206260b72a5ca217d4c4ab8591213e41f21555fef28ede5c,0.01052540261298418,0.052429732825709875,0.54507677864419,0.7313122153282166,0.26591916382312775,0.5438973546028135
residual_v2,45,slit_bridge,90,private-source://routeA_experiments/data/final_ood_frozen_v1/slit_bridge/sample_0090.npz,e8f22014254e79ac9ea4af542bb6a6578f4d3903902c242153233437a8df0eca,0.01050516776740551,0.07155724716943566,0.6938402192018479,0.6606636047363281,0.4189303368330002,0.6236702233552932
residual_v2,45,slit_bridge,91,private-source://routeA_experiments/data/final_ood_frozen_v1/slit_bridge/sample_0091.npz,9ac5d5dae9509b1d341ae8236d8e0bd3b682e73f0fabd2327bc777955fc68672,0.011150576174259186,0.06296889634021424,0.5102141119814526,0.6447319388389587,0.4094531536102295,0.5567768156528472
residual_v2,45,slit_bridge,92,private-source://routeA_experiments/data/final_ood_frozen_v1/slit_bridge/sample_0092.npz,fce6d4931689f991567299750cb2e58ba69a69fb8a7ea9ca2b6623d311e269b9,0.011092842556536198,0.06443307528302657,0.5995097952914181,0.653127521276474,0.3569030314683914,0.5443760365247726
residual_v2,45,slit_bridge,93,private-source://routeA_experiments/data/final_ood_frozen_v1/slit_bridge/sample_0093.npz,ba68ade9b7a7667d9de5bbb4e80fd05e409e86460843549762f31a41447162d1,0.01115501020103693,0.07219290584896285,0.8367043226529738,0.8842098116874695,0.4235144555568695,0.7442687094211577
residual_v2,45,slit_bridge,94,private-source://routeA_experiments/data/final_ood_frozen_v1/slit_bridge/sample_0094.npz,ccba8ddededbe3b30aeff76d268cff5c811b3ec60c50fc5e9c8ad0ef75b4658f,0.011164817027747631,0.0638160769118955,0.6070736404645308,0.6364094987511635,0.3338814526796341,0.48940632343292234
residual_v2,45,slit_bridge,95,private-source://routeA_experiments/data/final_ood_frozen_v1/slit_bridge/sample_0095.npz,d8673dac77deb264dbb605e3b8da123628dc8c82574f2e781ca0ed91d7e7ce88,0.01059392187744379,0.06657240735588614,0.8155399158938877,0.9433901309967041,0.387549951672554,0.7686353713274001
residual_v2,45,slit_bridge,96,private-source://routeA_experiments/data/final_ood_frozen_v1/slit_bridge/sample_0096.npz,88387af9839890df82ba2388bdcdfa95d6200c6b8848f9cbfc0dda3b8e1f5f31,0.011187500320374966,0.0746972215866739,0.713014487318253,0.8367673754692078,0.41856343671679497,0.7040927827358245
residual_v2,45,slit_bridge,97,private-source://routeA_experiments/data/final_ood_frozen_v1/slit_bridge/sample_0097.npz,042e86e783efa3942e62430f3045cf582a6d959709c938cb225b92bc44bcc64f,0.011162465438246727,0.07082803920715822,0.5608339391836743,0.7235299944877625,0.3813711851835251,0.5316770233213899
residual_v2,45,slit_bridge,98,private-source://routeA_experiments/data/final_ood_frozen_v1/slit_bridge/sample_0098.npz,f76accedd1c25ec4c7b700fef8f7e440bff7ca6d234800cb8d3b4cd6f7f7b8e6,0.011195369064807892,0.07287528864664786,0.7342881996978622,0.8141719102859497,0.3478343188762665,0.7364192724227899
residual_v2,45,slit_bridge,99,private-source://routeA_experiments/data/final_ood_frozen_v1/slit_bridge/sample_0099.npz,6a4b39b6a971b50d0cd5a3eefaf6a1f3f142b0d9ecee397ce1ff23093f6a46d9,0.011196518316864967,0.07280144990641088,0.6354527306554649,0.7664431929588318,0.3875516206026077,0.6787788480520243
residual_v2,45,slit_bridge,100,private-source://routeA_experiments/data/final_ood_frozen_v1/slit_bridge/sample_0100.npz,09c098f8500ef7ae13df30b97fd58bdcffba8843b115a610318dc18f65ef3540,0.011141808703541756,0.08040663138423586,0.90800050512872,0.9856014847755432,0.40385235846042633,0.8130555480718612
residual_v2,45,slit_bridge,101,private-source://routeA_experiments/data/final_ood_frozen_v1/slit_bridge/sample_0101.npz,3671b99524219e4e7f1acd583f0a9f657d15a23a30ed3d575564b8f9d92d770e,0.011099646799266338,0.07802287366644678,0.6323930070531997,0.7283044457435608,0.4650941491127014,0.6479236185550689
residual_v2,45,slit_bridge,102,private-source://routeA_experiments/data/final_ood_frozen_v1/slit_bridge/sample_0102.npz,b8b9ab3a97d31d7c91628f73ac4db6371901871d302b30af028ae7297b2b153b,0.011158380657434464,0.05051728908672557,1.0273979392478914,0.9679200984537601,0.17124797275755554,0.734414337016639
residual_v2,45,slit_bridge,103,private-source://routeA_experiments/data/final_ood_frozen_v1/slit_bridge/sample_0103.npz,9f972861588cfdfdfbc3d1b3492908230dc44d640058083aa85270fbceb816f9,0.011171841993927956,0.07213773258136785,0.7324754885526108,0.7913334369659424,0.4038102477788925,0.7007028788328168
residual_v2,45,slit_bridge,104,private-source://routeA_experiments/data/final_ood_frozen_v1/slit_bridge/sample_0104.npz,762aadec5fa91e8e7a7f85a7683286f4a4fa0192f736680d733b0707b91d4494,0.010507642291486263,0.08499199524633307,0.8536504488071518,0.8815930783748627,0.41011108458042145,0.795394453406333
residual_v2,45,slit_bridge,105,private-source://routeA_experiments/data/final_ood_frozen_v1/slit_bridge/sample_0105.npz,713c1a733e7b6f8c51dfe4d3f144d58d7ee189053361d35b7cb0099d093f55b6,0.010508803650736809,0.06406072104638107,0.7083338792765738,0.8257027119398117,0.3598170690238476,0.6942410707473752
residual_v2,45,slit_bridge,106,private-source://routeA_experiments/data/final_ood_frozen_v1/slit_bridge/sample_0106.npz,73c88046498ca7cb948857d6c873d10ec1b1bb70ce8813a259156f5e49c803e0,0.010550823993980885,0.07396444297761684,0.8758929437163807,0.9509535729885101,0.41840606182813644,0.7805005311965936
residual_v2,45,slit_bridge,107,private-source://routeA_experiments/data/final_ood_frozen_v1/slit_bridge/sample_0107.npz,8e962067b4a867a40f8b8f07d19dbcf42eb4d7a6b08ac522bd140e761933b129,0.010521761141717434,0.07537395382549217,0.7636862697937151,0.8169493079185486,0.39380211010575294,0.6988021090626715
residual_v2,45,slit_bridge,108,private-source://routeA_experiments/data/final_ood_frozen_v1/slit_bridge/sample_0108.npz,23bb0eb2ffb8522d891e10b78e9f4fcf6ea2c8b5136c119d1353dc41e81126a2,0.01055372878909111,0.07275935860065809,0.6588380334300112,0.8919317722320557,0.4176333546638489,0.8314968526363372
residual_v2,45,slit_bridge,109,private-source://routeA_experiments/data/final_ood_frozen_v1/slit_bridge/sample_0109.npz,ee7d8642727cde846b418e0d6ef6f3d525513d8f7c13d4e21a694399a5887809,0.010661630891263485,0.08085589994805119,0.8027932470463218,0.8550648838281631,0.4021734446287155,0.6796633675694463
residual_v2,45,slit_bridge,110,private-source://routeA_experiments/data/final_ood_frozen_v1/slit_bridge/sample_0110.npz,2cb9d93c491c746797690b373d3873b13231a0144087e5c6f98bc1674dcf9aa9,0.01117514818906784,0.10725824190036362,0.9543343696334564,0.9560491740703583,0.5005392394959927,0.8304793715476986
residual_v2,45,slit_bridge,111,private-source://routeA_experiments/data/final_ood_frozen_v1/slit_bridge/sample_0111.npz,20cb4a3d10bd1589b41836354fc8ffcea2f716f9c4d860e668becadedadd9f38,0.011186213232576847,0.06225258509873482,0.6099168603880918,0.7466180920600891,0.36132553219795227,0.6077255994081497
residual_v2,45,slit_bridge,112,private-source://routeA_experiments/data/final_ood_frozen_v1/slit_bridge/sample_0112.npz,37a74f8306ed3c59b31377d7e4a65031205ca4f453cf06b54132466f7b6b4a27,0.010551550425589085,0.08212400307209154,0.8907430987404751,0.9205909222364426,0.4695683475583792,0.8511506721377372
residual_v2,45,slit_bridge,113,private-source://routeA_experiments/data/final_ood_frozen_v1/slit_bridge/sample_0113.npz,ef235deec817e178c9aadff18419bfa34a077733d1176a3329f0534a76dc2a36,0.010614513419568539,0.06806330726155162,0.7660843045637025,0.8409130126237869,0.38125670701265335,0.6759139772504568
residual_v2,45,slit_bridge,114,private-source://routeA_experiments/data/final_ood_frozen_v1/slit_bridge/sample_0114.npz,fee8722c5da8ec155bbe8e819b2eefa2d11a554066c684e422d739ef76676fdc,0.011142486706376076,0.05927224362046578,0.5502951762866786,0.6716614365577698,0.31931122392416,0.5245186239480967
residual_v2,45,slit_bridge,115,private-source://routeA_experiments/data/final_ood_frozen_v1/slit_bridge/sample_0115.npz,c0ff037ccc5a055bf9e6049f73b19eb3ef3c759d34e01dde7782629ee5155b1a,0.011196603998541832,0.07239298760336624,0.6874158483023661,0.7691330313682556,0.3613666594028473,0.6609395623207092
residual_v2,45,slit_bridge,116,private-source://routeA_experiments/data/final_ood_frozen_v1/slit_bridge/sample_0116.npz,89796e3463ade62e6165c2220b9206d7e09c13d435e41116a44b4b2b72d8a7e2,0.010528908111155033,0.07544502308033595,0.9147203189979729,0.9376803338527679,0.45525026321411133,0.8307449206709857
residual_v2,45,slit_bridge,117,private-source://routeA_experiments/data/final_ood_frozen_v1/slit_bridge/sample_0117.npz,0b5ddb4fbb4b1abaaecda668cf96d47108c2d0634e698e348798412ad2c8bd5b,0.010506018064916134,0.058038499534525695,0.45495947172510776,0.6211777925491333,0.27867966890335083,0.4986380338668822
residual_v2,45,slit_bridge,118,private-source://routeA_experiments/data/final_ood_frozen_v1/slit_bridge/sample_0118.npz,67c9870824a0cf24261c14ee2ee54260350b87c984724da8b7b3239ef5f4f8f2,0.011202226392924786,0.08369543828645676,0.7928876140345903,0.8934778422117233,0.40449945628643036,0.7804054170846937
residual_v2,45,slit_bridge,119,private-source://routeA_experiments/data/final_ood_frozen_v1/slit_bridge/sample_0119.npz,3cd3c867da52bc984e6b469d03b48c1d502d3c379c3a09320042c00db34b1f2f,0.011129358783364296,0.06826201469785631,0.8135524091785867,0.8999926596879959,0.42775457724928856,0.7702275693416595
residual_v2,45,slit_bridge,120,private-source://routeA_experiments/data/final_ood_frozen_v1/slit_bridge/sample_0120.npz,321a3cdc9661e8fd1679cfceed9f566fa138dcdcf45b5bb5a1d8fce6ede740f1,0.011116118170320988,0.06436970888670002,0.8381414591711687,0.845766544342041,0.2787017151713371,0.6661736235022538
residual_v2,45,slit_bridge,121,private-source://routeA_experiments/data/final_ood_frozen_v1/slit_bridge/sample_0121.npz,947ac005aaaab451b701b3285288d12286101f1936826903031becc4a8c82912,0.011186322197318077,0.0651481781002736,0.755672699736872,0.8493942767381668,0.3298609256744385,0.6970796778798103
residual_v2,45,slit_bridge,122,private-source://routeA_experiments/data/final_ood_frozen_v1/slit_bridge/sample_0122.npz,f86df5b1facc0d81f78a07017d7a1169d59fc90ab287dd52fa7ef79d790e2e91,0.011175526306033134,0.06740202490853715,0.5098398921226898,0.5291111469268799,0.326618492603302,0.4538895815610885
residual_v2,45,slit_bridge,123,private-source://routeA_experiments/data/final_ood_frozen_v1/slit_bridge/sample_0123.npz,dd8d213055c704fdaab30fa56f42a33f2b17cda2608934ee3c8395f1fa3ac372,0.011160948313772678,0.08053088249025572,0.9946718518688084,0.9853401035070419,0.3496834486722946,0.844751651585102
residual_v2,45,slit_bridge,124,private-source://routeA_experiments/data/final_ood_frozen_v1/slit_bridge/sample_0124.npz,989ca5a6639d386f9ba2fbbe4929a51151c1d1f58f0b02af5979a213ce187952,0.011131038889288902,0.058194872715203926,0.8579942658000829,0.9206591844558716,0.29348210990428925,0.6552772983908645
residual_v2,45,slit_bridge,125,private-source://routeA_experiments/data/final_ood_frozen_v1/slit_bridge/sample_0125.npz,a70aa7c2b0ab69e05a1bdac27c118b00080fd91ce4b14294cf3d802c7d9815c3,0.011153259314596653,0.05619849213499331,0.577443361834614,0.7780371308326721,0.27725881338119507,0.6753397405147548
residual_v2,45,slit_bridge,126,private-source://routeA_experiments/data/final_ood_frozen_v1/slit_bridge/sample_0126.npz,093585a00e910cd41c9a8b1050dbde9900de283da5c8bcf64b0e6657b12ce6c0,0.01108414027839899,0.08003258578481405,0.6278937451970321,0.6789078712463379,0.4167997017502785,0.537256896495819
residual_v2,45,slit_bridge,127,private-source://routeA_experiments/data/final_ood_frozen_v1/slit_bridge/sample_0127.npz,fbaeeb14ed4064772eccd6ad5d7ce8b30fd2cd571f89be44730cad2f429acd53,0.011211848817765713,0.06284517377681322,0.5964084709883862,0.6954330503940582,0.3939696252346039,0.5950458049774169
residual_v2,45,slit_bridge,128,private-source://routeA_experiments/data/final_ood_frozen_v1/slit_bridge/sample_0128.npz,f8dcb1ad9a029b0aaa0eb4226be5e9fb26f98253b2ac2ee759238972e2b35793,0.011180955916643143,0.05969506496453328,0.4867255122476051,0.5089849978685379,0.28575173020362854,0.4190250888466833
residual_v2,45,slit_bridge,129,private-source://routeA_experiments/data/final_ood_frozen_v1/slit_bridge/sample_0129.npz,4fde72568a862f65ab802425b157856bd372d3c84dff9690b725526c7c4caa72,0.011167001910507679,0.059864441696804764,0.4918414878646772,0.7075902223587036,0.2800343632698059,0.49898452162742596
residual_v2,45,slit_bridge,130,private-source://routeA_experiments/data/final_ood_frozen_v1/slit_bridge/sample_0130.npz,c5fc37a33ccfde0c5c1bc91a423ff22369761aa4a2358c6bf448d552f93ebe9f,0.011188868433237076,0.029899258696206313,0.2116376497070661,0.2984488904476166,0.13948843628168106,0.19593793749809216
residual_v2,45,slit_bridge,131,private-source://routeA_experiments/data/final_ood_frozen_v1/slit_bridge/sample_0131.npz,816e62f42925e1228f1925aa9a64af845857cc8af393bef8edcc95e0b32ae811,0.011152501218020916,0.05807874505106967,0.47395746433052016,0.5707515180110931,0.26183533668518066,0.44226643294095974
residual_v2,45,slit_bridge,132,private-source://routeA_experiments/data/final_ood_frozen_v1/slit_bridge/sample_0132.npz,0fe2c82d437426e3d5e3a8a69a3eaf8444f65273028a83b43642500191be1de2,0.011159760877490044,0.07670245622529294,0.9141185391792409,0.9448001980781555,0.3997446969151497,0.7597032219171508
residual_v2,45,slit_bridge,133,private-source://routeA_experiments/data/final_ood_frozen_v1/slit_bridge/sample_0133.npz,158533d38705bbe83ad1aff888d4d281d11c259abc75e687100337a1169b6b79,0.011176477186381817,0.07767350395754712,0.7217651315505118,0.8233879208564758,0.4912593215703964,0.7725054740905761
residual_v2,45,slit_bridge,134,private-source://routeA_experiments/data/final_ood_frozen_v1/slit_bridge/sample_0134.npz,809d1f61ff74bd28a60a9ee3e93980572061abc432bf497071f850cf295e5a22,0.011150775477290154,0.07900619054449004,0.8072139749860338,0.8863012492656708,0.41109806299209595,0.8209931269288059
residual_v2,45,slit_bridge,135,private-source://routeA_experiments/data/final_ood_frozen_v1/slit_bridge/sample_0135.npz,49a6d2f84ef15ae562f31d7f8186dcf515a22bd150120c9ef7592236bc4da560,0.011174718849360943,0.04837406715204698,0.5951266460645305,0.6971897333860397,0.28200158663094044,0.5002620160579669
residual_v2,45,slit_bridge,136,private-source://routeA_experiments/data/final_ood_frozen_v1/slit_bridge/sample_0136.npz,0aaf02ec1906882bedac48878d8b32168a7bb9aa28e664600efcf7880eeb0a09,0.01118251122534275,0.04852986475677435,0.34903164624419536,0.45762747526168823,0.24333806335926056,0.41077269911766034
residual_v2,45,slit_bridge,137,private-source://routeA_experiments/data/final_ood_frozen_v1/slit_bridge/sample_0137.npz,3060120b449129fec3dadb659d3c9a7989d9e4319138bf42de3acdc3ba915c02,0.011195184662938118,0.05970702108302309,0.5472872596161164,0.605525553226471,0.3075515925884247,0.508883613348007
residual_v2,45,slit_bridge,138,private-source://routeA_experiments/data/final_ood_frozen_v1/slit_bridge/sample_0138.npz,6ed13d9162ca3514a314258b8d24016c2bc8875b25b0b38c5cdfa938f2a1eee2,0.011190591380000114,0.08155815370517606,0.926116043403933,0.9907920509576797,0.3795531243085861,0.7564755126833911
residual_v2,45,slit_bridge,139,private-source://routeA_experiments/data/final_ood_frozen_v1/slit_bridge/sample_0139.npz,658f1ca5a3c9c31ef1d3034e1fa4b0a5769e9c38a410ad1b72996a2aa8abf1a0,0.011134429834783077,0.060292621833471595,0.5585563161017176,0.6995790004730225,0.34559620916843414,0.5418970346450802
residual_v2,45,slit_bridge,140,private-source://routeA_experiments/data/final_ood_frozen_v1/slit_bridge/sample_0140.npz,4cb2e3c95ee8b50b37549ea056e6b5e6349cac539e85f6c167d54902061606d1,0.011166967451572418,0.06862712410936149,0.6336467578237466,0.7383249849081039,0.32339470088481903,0.5556862592697144
residual_v2,45,slit_bridge,141,private-source://routeA_experiments/data/final_ood_frozen_v1/slit_bridge/sample_0141.npz,72511c727388df3bf5af40ee47932e5d0ea12cec9268d07a95eff4200660e42e,0.01121096033602953,0.08078212630956857,0.8297275681720633,0.9090086668729782,0.47839396446943283,0.7658953085541724
residual_v2,45,slit_bridge,142,private-source://routeA_experiments/data/final_ood_frozen_v1/slit_bridge/sample_0142.npz,306a40af48edd29b46f137a9e1015dba90eef9f89a216e9034ab8c4e810088cb,0.0111447898671031,0.07138215090397083,0.9301316840280882,0.9841815680265427,0.39229950308799744,0.805398559570312
residual_v2,45,slit_bridge,143,private-source://routeA_experiments/data/final_ood_frozen_v1/slit_bridge/sample_0143.npz,9143fda697b9d0ca554a018b16f7dcedf9ce17f64344f4de043fd7612877a3d2,0.01123456098139286,0.07395630720080269,0.9473979679581722,0.9620170518755913,0.4281552489846945,0.7595088824629773
residual_v2,45,slit_bridge,144,private-source://routeA_experiments/data/final_ood_frozen_v1/slit_bridge/sample_0144.npz,cede0fd6d7f85a69aeaae09213236482ad3047e9130d14dd79693b9e243f783b,0.011169279925525188,0.08028434758419721,0.9517786538795344,0.9894101023674011,0.4334355741739273,0.8897089213132852
residual_v2,45,slit_bridge,145,private-source://routeA_experiments/data/final_ood_frozen_v1/slit_bridge/sample_0145.npz,2d9fdb82c8a7275b63a15c4d95ab584a0842ebd21fd6762928d68475fe8cc330,0.011182604357600212,0.07736022553128599,0.7390163452843392,0.8567229956388474,0.4690205305814743,0.7402862131595608
residual_v2,45,slit_bridge,146,private-source://routeA_experiments/data/final_ood_frozen_v1/slit_bridge/sample_0146.npz,207f5f551061e628bde8bc221dd64138c07612d4245a97390961be3ea5e16611,0.011178899556398392,0.04112025257591565,0.35433001803570113,0.40278488397598267,0.21460703760385513,0.34706712365150433
residual_v2,45,slit_bridge,147,private-source://routeA_experiments/data/final_ood_frozen_v1/slit_bridge/sample_0147.npz,82d0e49e8401c09f0e3e6a3547b29f4d5a1dedbc6b0f06beea92cbeb4866ea11,0.01116757933050394,0.07743414731265204,0.7890956025827693,0.8297273516654968,0.31325679272413254,0.650152564048766
residual_v2,45,slit_bridge,148,private-source://routeA_experiments/data/final_ood_frozen_v1/slit_bridge/sample_0148.npz,e38da3693d172092572c7f2754a94e44ef94b0502f3919d896ce0c2fbe38e009,0.011168885976076126,0.0753512673540364,0.7486714192209329,0.8761316537857056,0.41190342605113983,0.7263741984963411
residual_v2,45,slit_bridge,149,private-source://routeA_experiments/data/final_ood_frozen_v1/slit_bridge/sample_0149.npz,afc272ad1c582032ceafc263f98a9500852bcc9f113906a40f63ad64c40aee4c,0.010522791184484959,0.04653981141557772,1.0057800914767334,0.9373939335346222,0.16284622717648745,0.7551067989319558
residual_v2,45,slit_bridge,150,private-source://routeA_experiments/data/final_ood_frozen_v1/slit_bridge/sample_0150.npz,3d18460af3363948da3a01a3d1b31a48effc40aa616a1b5dd39689622a7ec45c,0.010574494488537312,0.05796158780747555,0.46551456585683154,0.7310234606266022,0.26209477335214615,0.5372162699699378
residual_v2,45,slit_bridge,151,private-source://routeA_experiments/data/final_ood_frozen_v1/slit_bridge/sample_0151.npz,d5753da7388ebb54f9cf2699537d139086e01002d7a59190bb63986a17939a32,0.010582602582871914,0.06509655395492851,0.5617883461815139,0.645014762878418,0.3197801262140274,0.5759832322597501
residual_v2,45,slit_bridge,152,private-source://routeA_experiments/data/final_ood_frozen_v1/slit_bridge/sample_0152.npz,9695aa6ea858785b103e16fd61c266f988f64686cfbdc88b2899662da023ea05,0.010491776280105114,0.06331764114702507,0.6570935186877261,0.6951143741607666,0.32602643966674805,0.5744895994663238
residual_v2,45,slit_bridge,153,private-source://routeA_experiments/data/final_ood_frozen_v1/slit_bridge/sample_0153.npz,60ac6a052ff2a92b7086357b74a96c31e33d7255ddf407c4f70bc5fe58806b60,0.010580984875559807,0.053918367254573246,1.045993712459583,1.0018381476402283,0.19320236518979073,0.743763351440429
residual_v2,45,slit_bridge,154,private-source://routeA_experiments/data/final_ood_frozen_v1/slit_bridge/sample_0154.npz,02efeff9d6ba6e84c68ab742c168c4ca40609c73d6f82146e8a2f5b10a657897,0.010588382370769978,0.04947420332799424,1.1025135184142787,0.9706382565200329,0.1770696434250567,0.5993817741051307
residual_v2,45,slit_bridge,155,private-source://routeA_experiments/data/final_ood_frozen_v1/slit_bridge/sample_0155.npz,ea8bfa01563270f5d6e2ec9dbe473f05772c2e4989b937a57ae2104227258fed,0.010542476549744606,0.0575225156934201,0.47720800222105514,0.5897550582885742,0.3141707479953766,0.5130488425493239
residual_v2,45,slit_bridge,156,private-source://routeA_experiments/data/final_ood_frozen_v1/slit_bridge/sample_0156.npz,5005fb0814bda784608be7da52a32e34a6544ba7bd358a95694b62e213f8f2c2,0.011236143298447132,0.07341793131095528,0.7271769883525248,0.815277136862278,0.38097431138157845,0.699823197722435
residual_v2,45,slit_bridge,157,private-source://routeA_experiments/data/final_ood_frozen_v1/slit_bridge/sample_0157.npz,ac48ebb841e2622ef6bc4ba966dad1b3b604f8d724d29e6f2fab1b6641ee1921,0.011112037114799023,0.08662841259946624,0.8923944065367911,0.9216207712888718,0.4917230559512973,0.8349683329463005
residual_v2,45,slit_bridge,158,private-source://routeA_experiments/data/final_ood_frozen_v1/slit_bridge/sample_0158.npz,2f49624ea36882b03b9786cab30360722cade76c056bea230f9c9ba4ac764c8b,0.011173509061336517,0.05773825775798003,0.43956979044555217,0.7596996426582336,0.27609194815158844,0.5293686717748641
residual_v2,45,slit_bridge,159,private-source://routeA_experiments/data/final_ood_frozen_v1/slit_bridge/sample_0159.npz,d0b13a51187a418d7efe2e93a19604a3d01c818ea9736b5aa09b4607fad5fa55,0.011183359660208225,0.0540302031993275,0.5102367420954076,0.5725855529308319,0.30097541213035583,0.498437255620956
residual_v2,45,slit_bridge,160,private-source://routeA_experiments/data/final_ood_frozen_v1/slit_bridge/sample_0160.npz,622f4d8070ecdd9d0a824ce72f84fecc0c78f83011ff11259ebc6bb846de281e,0.011232567019760609,0.0659206815231658,0.5747816478067096,0.712942361831665,0.3425230383872986,0.5652165174484252
residual_v2,45,slit_bridge,161,private-source://routeA_experiments/data/final_ood_frozen_v1/slit_bridge/sample_0161.npz,178f02f0e3b5995f2619dd6bf52ad3a7508f806bd4e13ba9ceeb9a36f1649f16,0.011166077107191086,0.06536156107505461,0.879212278112294,0.9670485407114029,0.34168168157339096,0.7111368134617804
residual_v2,45,slit_bridge,162,private-source://routeA_experiments/data/final_ood_frozen_v1/slit_bridge/sample_0162.npz,7dac1f84d357180521999872dd329573241cb8c42feeb442891197f01199c66b,0.011171940714120865,0.054918147282666266,0.9333155565833922,0.9664140343666077,0.23645340092480183,0.6840774849057192
residual_v2,45,slit_bridge,163,private-source://routeA_experiments/data/final_ood_frozen_v1/slit_bridge/sample_0163.npz,b7a7aa86a9bdc19977f06da4caff68d49a340edbf4f1a1c1187591366b6636d2,0.010623310692608356,0.08884222119771466,0.7136256246854471,0.7264230698347092,0.42031729221343994,0.6079982429742813
residual_v2,45,slit_bridge,164,private-source://routeA_experiments/data/final_ood_frozen_v1/slit_bridge/sample_0164.npz,779949d863880f5d16a879e81f20fad07ea4f966fba7da8ee22f0adaa6fc32af,0.010567628778517246,0.08300902996436454,0.7972936282449479,0.7946022003889084,0.5207939594984055,0.7312808215618131
residual_v2,45,slit_bridge,165,private-source://routeA_experiments/data/final_ood_frozen_v1/slit_bridge/sample_0165.npz,dc423b6d998084bf0149349c297bb1babad5e99fb236b7c05dfa975cb5183082,0.011166203767061234,0.07928021285940617,0.6768389608259568,0.7220675349235535,0.43513259291648865,0.6560292720794674
residual_v2,45,slit_bridge,166,private-source://routeA_experiments/data/final_ood_frozen_v1/slit_bridge/sample_0166.npz,351a161f32941f870662dc54b1d5ae59e25dc38cb8501ca4493dd08e6d42d64a,0.0111888088285923,0.08337451956255,0.7465760543634986,0.7498644888401031,0.401878297328949,0.6052828103303907
residual_v2,45,slit_bridge,167,private-source://routeA_experiments/data/final_ood_frozen_v1/slit_bridge/sample_0167.npz,aa66574c4716561ec10258da0ac13914768f1d14f665ebf1ec534f148bd0abd7,0.011176031082868576,0.056286729601521986,0.5599575983908337,0.6579028964042664,0.32413090020418167,0.5529554367065429
residual_v2,45,slit_bridge,168,private-source://routeA_experiments/data/final_ood_frozen_v1/slit_bridge/sample_0168.npz,b0b356c11f56258bb6f3db09bd66c6dcd1bcd41614b20e67f8e907402ec13485,0.011162595823407173,0.06782160732732115,0.750816669674142,0.891586035490036,0.39214419573545456,0.7224593013525009
residual_v2,45,slit_bridge,169,private-source://routeA_experiments/data/final_ood_frozen_v1/slit_bridge/sample_0169.npz,a469b2c4e556282ed62e13e26cd27398331a9ba05d88ee1913966198103238d6,0.011170214042067528,0.09066794293995245,0.9416251912413588,0.9798817336559296,0.4886058382689953,0.7907677128911016
residual_v2,45,slit_bridge,170,private-source://routeA_experiments/data/final_ood_frozen_v1/slit_bridge/sample_0170.npz,36fbd3c3d23a1204142c49ecd37ef44c2ba54ac4467ddb41d832464267e85212,0.011168132536113262,0.07343614918186571,0.8845505524930493,0.9251004606485367,0.43206800520420074,0.73555466979742
residual_v2,45,slit_bridge,171,private-source://routeA_experiments/data/final_ood_frozen_v1/slit_bridge/sample_0171.npz,d535ac50a902c9794c7c816a49047dfd9c3f701564b69ce35cc24a4b731afa97,0.011172701604664326,0.05662468183854429,1.056217561181507,0.9691464751958847,0.2495197748648934,0.7670235371217129
residual_v2,45,slit_bridge,172,private-source://routeA_experiments/data/final_ood_frozen_v1/slit_bridge/sample_0172.npz,4e4eeb0f4d4f14aa76bc67064de00f38d35024c2470cfc77d2414c6da16f99f2,0.011195765808224678,0.06185073602015119,0.507104545794008,0.7819704413414001,0.30556340515613556,0.5207193017005919
residual_v2,45,slit_bridge,173,private-source://routeA_experiments/data/final_ood_frozen_v1/slit_bridge/sample_0173.npz,4c3d97c818e4c1aaa20fd773230ef107c1e90a4328ebbfb020186474b8b391e2,0.011132760904729366,0.06281843766814107,0.5986166106758714,0.7014046311378479,0.30296941101551056,0.5581913322210309
residual_v2,45,slit_bridge,174,private-source://routeA_experiments/data/final_ood_frozen_v1/slit_bridge/sample_0174.npz,c764cef11e9744e2347bf095a3ad20fd9c9a40516623d0e6687f000cea70736b,0.011126757599413395,0.07039740876791148,0.8363045430538627,0.8944285809993744,0.3952346406877041,0.701231706142425
residual_v2,45,slit_bridge,175,private-source://routeA_experiments/data/final_ood_frozen_v1/slit_bridge/sample_0175.npz,22afae3ce0b327b65855609e847dcf168cbfa0c3da01d0e00d7ff822a2f93dab,0.011152033694088459,0.07540698449931912,0.5565123773808951,0.8526929616928101,0.35291557759046555,0.4855280369520187
residual_v2,45,slit_bridge,176,private-source://routeA_experiments/data/final_ood_frozen_v1/slit_bridge/sample_0176.npz,3615c8f32a0156e435a991da99bea493288394630d64ca1402e46469b4ae4561,0.011125637218356133,0.06600726657168143,0.4788507528339089,0.5476367473602295,0.29904891550540924,0.47929700911045053
residual_v2,45,slit_bridge,177,private-source://routeA_experiments/data/final_ood_frozen_v1/slit_bridge/sample_0177.npz,bde9b0878d1f9163cd3460df65d8fbaa6d012659d97271692cd52839664004d8,0.011173692531883717,0.07670749312824988,0.8083542926859919,0.860558807849884,0.4756806343793869,0.7645093768835067
residual_v2,45,slit_bridge,178,private-source://routeA_experiments/data/final_ood_frozen_v1/slit_bridge/sample_0178.npz,dffe6643c77429e0e5ed595fcd8553b626ac374c0226c86babb86bb23700de20,0.011171959340572357,0.0414176264770961,0.3453371164023209,0.5185871720314026,0.21957603096961975,0.3714883789420126
residual_v2,45,slit_bridge,179,private-source://routeA_experiments/data/final_ood_frozen_v1/slit_bridge/sample_0179.npz,fca36c52c6cfb0110fbe78721de423d99487a00561b0c6b6b9f826917f42aede,0.01115958858281374,0.06211243540385565,0.4111263779597805,0.5403946042060852,0.2740404009819031,0.41110330969095216
residual_v2,45,slit_bridge,180,private-source://routeA_experiments/data/final_ood_frozen_v1/slit_bridge/sample_0180.npz,6f19672ce01e21e2c280e4be06a3e54680e018ff4c226cbe757f44ebad3e1910,0.011210392229259014,0.04857777804671168,0.3321950055693776,0.5945369005203247,0.20328710228204727,0.40978151261806456
residual_v2,45,slit_bridge,181,private-source://routeA_experiments/data/final_ood_frozen_v1/slit_bridge/sample_0181.npz,ec877344fcdbfdbdaddf529e85e3cc5c3aab339963def6c7349014d86c8140d4,0.011156625114381313,0.07453452813382458,0.7067789597690048,0.7684610486030579,0.39238936454057693,0.7006815761327744
residual_v2,45,slit_bridge,182,private-source://routeA_experiments/data/final_ood_frozen_v1/slit_bridge/sample_0182.npz,85955e8644eeb0dcc33c4aed80df2c7439e5bab709258a2875ce1a3a61c5ebfb,0.011095304042100906,0.062271712607868956,0.5039080686778256,0.5890747010707855,0.31515704095363617,0.44507188051939
residual_v2,45,slit_bridge,183,private-source://routeA_experiments/data/final_ood_frozen_v1/slit_bridge/sample_0183.npz,7db60f93fba5ad9147fed2dc7ad510080993a1ba5cacff680d8f7315ac009961,0.01113647036254406,0.06208767364264917,0.6186797730893661,0.8363757729530334,0.2990206927061081,0.6942457020282745
residual_v2,45,slit_bridge,184,private-source://routeA_experiments/data/final_ood_frozen_v1/slit_bridge/sample_0184.npz,8121820fc993132420a3854bde14b0b1742133b65c0a82ff2248b97133f07f34,0.011197170242667198,0.07742657821080672,0.8554439938879708,0.941817581653595,0.40969326347112656,0.755245071649551
residual_v2,45,slit_bridge,185,private-source://routeA_experiments/data/final_ood_frozen_v1/slit_bridge/sample_0185.npz,6cddc80ef7290697c6e5ddae659d68aa20dcd10104ab9b2cd5f9708afe9f741d,0.011063873767852783,0.0498767185199651,0.40408067166841904,0.6558228135108948,0.24497947096824646,0.47346419095993
residual_v2,45,slit_bridge,186,private-source://routeA_experiments/data/final_ood_frozen_v1/slit_bridge/sample_0186.npz,325ef30f2da8a65dac78a1b06a65f887f2d9947c96e2faee9e6a8ec03323351a,0.01115444302558899,0.07219878677909751,0.6597266657903352,0.8145025819540024,0.35837195068597794,0.7325903043150901
residual_v2,45,slit_bridge,187,private-source://routeA_experiments/data/final_ood_frozen_v1/slit_bridge/sample_0187.npz,119b85212c8b4744bf1d62d7dfe261550cb6d3e5d22f4790dbe62e75609d0922,0.011206959374248981,0.05227279268002584,0.44596373534968575,0.6596966981887817,0.24917086213827133,0.536211466789245
residual_v2,45,slit_bridge,188,private-source://routeA_experiments/data/final_ood_frozen_v1/slit_bridge/sample_0188.npz,dcf9852e45123cccfdad55cec5cd89ffd610e5287252fbe34ba1dd1786992a3e,0.011113411746919155,0.07101520921921534,0.6597323935319758,0.7513954490423203,0.42364177107810974,0.6751622587442394
residual_v2,45,slit_bridge,189,private-source://routeA_experiments/data/final_ood_frozen_v1/slit_bridge/sample_0189.npz,286c7744959bebf561fcf60d6510f810deadc11b4f49e589e2e9473d32de82f7,0.01113493088632822,0.06104192981128765,0.6668160542893565,0.8646298348903656,0.34255026280879974,0.6324440419673905
residual_v2,45,slit_bridge,190,private-source://routeA_experiments/data/final_ood_frozen_v1/slit_bridge/sample_0190.npz,fe702ecba390c3dc04a9733afe0b132a016fcf5c4eaffcad11aaea841c4e382e,0.010498180985450745,0.08955891665629391,0.8472286856666768,0.8417399078607559,0.36359576135873795,0.658505906164646
residual_v2,45,slit_bridge,191,private-source://routeA_experiments/data/final_ood_frozen_v1/slit_bridge/sample_0191.npz,cc046fa8afaf7d479712359b932e246ff1ee8e9d4f1365bd79dc2f10196be05c,0.011110477149486542,0.07805333794086984,0.9375553929306333,0.98600172996521,0.44163886085152626,0.8656544536352156
residual_v2,45,slit_bridge,192,private-source://routeA_experiments/data/final_ood_frozen_v1/slit_bridge/sample_0192.npz,12a887fa1b92770140bbc308300406b9f45be794a2802dc5d4318f9f90964304,0.010551398620009422,0.08064949283402104,0.7294774726087002,0.8791969120502472,0.42229273170232773,0.7589731544256207
residual_v2,45,slit_bridge,193,private-source://routeA_experiments/data/final_ood_frozen_v1/slit_bridge/sample_0193.npz,ea535161153d10af3f779e6ce92ab576cb6f01bb2b84270e675cb8a7ca3bff3d,0.01051262766122818,0.052016026434913355,0.397930251874381,0.48905476927757263,0.26306235790252686,0.3904905796051024
residual_v2,45,slit_bridge,194,private-source://routeA_experiments/data/final_ood_frozen_v1/slit_bridge/sample_0194.npz,8488a62661fcd5432a193ca5c2bdaf1492f33731b7131ad3e367f5731ec70c37,0.010595033876597881,0.07147075681601278,0.8180297899964526,0.9026615172624588,0.36803368479013443,0.7909267649054524
residual_v2,45,slit_bridge,195,private-source://routeA_experiments/data/final_ood_frozen_v1/slit_bridge/sample_0195.npz,7e1d374879fa5f6a96ebc3990a10958313440dc33a9ef060976f12e925232108,0.010518169961869717,0.05747165765139995,0.4287567926985373,0.5890741050243378,0.24334818124771118,0.4862540602684019
residual_v2,45,slit_bridge,196,private-source://routeA_experiments/data/final_ood_frozen_v1/slit_bridge/sample_0196.npz,d4848a4e772e741b625e10aec676527f984e3943b470a872754331769f8b94bb,0.010526895523071289,0.07048490360767916,0.8685802207835212,0.929024800658226,0.4132702648639679,0.7738181933760634
residual_v2,45,slit_bridge,197,private-source://routeA_experiments/data/final_ood_frozen_v1/slit_bridge/sample_0197.npz,2b37447cf0d376d2e2021ecf8d29a5d17437f6bb153943e0f306b31930209b3e,0.010584341362118721,0.0835688145390728,0.8226662225628223,0.9430968761444092,0.5179990418255329,0.8321420773863776
residual_v2,45,slit_bridge,198,private-source://routeA_experiments/data/final_ood_frozen_v1/slit_bridge/sample_0198.npz,8030be12303215e83fab9a6e2360c32b7958cadc693426ae4437ff9ce9a38d91,0.011246060952544212,0.06189103563810872,0.5516579806457255,0.6347903311252594,0.3350571319460869,0.5544863432645794
residual_v2,45,slit_bridge,199,private-source://routeA_experiments/data/final_ood_frozen_v1/slit_bridge/sample_0199.npz,cc6a52511cc16e98c96e4753d529c21a8e0ccbe95013bc0584ae491523d2bb83,0.011165051721036434,0.052078837837972146,0.49875681892978047,0.6389495730400085,0.2631498873233795,0.5174204647541037
residual_v2,45,three_hole_asymmetric,0,private-source://routeA_experiments/data/final_ood_frozen_v1/three_hole_asymmetric/sample_0000.npz,76239d9d4cae31805b23350941f6924762ca8e0eb2de53f5e0014a3050004492,0.011225361377000809,0.06557334024801428,0.6701178187357122,0.665122389793396,0.2943513711215928,0.5384496986865996
residual_v2,45,three_hole_asymmetric,1,private-source://routeA_experiments/data/final_ood_frozen_v1/three_hole_asymmetric/sample_0001.npz,c8138e48b2b5450756ab6ea06ad8018a0f03fd49507fdf70f7602513883c6d79,0.011168447323143482,0.052688502721042606,0.9823281939440326,1.0347567200660706,0.2420462816953659,0.745963518321514
residual_v2,45,three_hole_asymmetric,2,private-source://routeA_experiments/data/final_ood_frozen_v1/three_hole_asymmetric/sample_0002.npz,8415d3f4052cfa250de2e615b5f135c4cbc51665e9780ba0c740b7bc68b0b8d0,0.011281338520348072,0.05794232804958819,0.8455241278577491,0.8763705193996429,0.2984734997153282,0.726785764843225
residual_v2,45,three_hole_asymmetric,3,private-source://routeA_experiments/data/final_ood_frozen_v1/three_hole_asymmetric/sample_0003.npz,126883ed7a18270534e81fc020b354d6a09b3d0b37130be0a213f6e3fe3611cf,0.011229041032493114,0.06910574407499724,0.7567264331160558,0.7835426479578018,0.3581148274242878,0.6793394826352588
residual_v2,45,three_hole_asymmetric,4,private-source://routeA_experiments/data/final_ood_frozen_v1/three_hole_asymmetric/sample_0004.npz,73fddad29aef7a16eeabb39f9b70e218861d55037c0d2745430816f9076f8b8f,0.011237099766731262,0.05329118380702039,0.9037998007843974,0.9325235933065414,0.2355055995285511,0.6162660270929327
residual_v2,45,three_hole_asymmetric,5,private-source://routeA_experiments/data/final_ood_frozen_v1/three_hole_asymmetric/sample_0005.npz,0cce2a32a88505f1a40318561d466c31de7f2eb63e0449cf3df2f644c64a0108,0.01122595090419054,0.05640019972871258,0.7336440410730384,0.788394033908844,0.30874480307102203,0.6693796560168265
residual_v2,45,three_hole_asymmetric,6,private-source://routeA_experiments/data/final_ood_frozen_v1/three_hole_asymmetric/sample_0006.npz,05b9798f8cd5b5b832e909e747bb49397a06d4bc8291718bcb52ee39573eb619,0.010585255920886993,0.08164135697705077,1.063517808903053,1.0263572931289673,0.4159655626863241,0.8260916188359247
residual_v2,45,three_hole_asymmetric,7,private-source://routeA_experiments/data/final_ood_frozen_v1/three_hole_asymmetric/sample_0007.npz,6ba61082fc82270f3f31ed8952fcbbd145b31d5361d264f2bd66a5366e0bc340,0.01049051247537136,0.05877162315948968,0.8299459462675407,0.9256342053413391,0.2920365333557129,0.7048528090119348
residual_v2,45,three_hole_asymmetric,8,private-source://routeA_experiments/data/final_ood_frozen_v1/three_hole_asymmetric/sample_0008.npz,853331caeb1b23865ccb78c9a2f431c6c5268c039e4b02388b3e7b2950cb9a7f,0.011145554482936859,0.06476096477150842,0.7324350946487173,0.7427458465099335,0.30761934258043766,0.5941007658839222
residual_v2,45,three_hole_asymmetric,9,private-source://routeA_experiments/data/final_ood_frozen_v1/three_hole_asymmetric/sample_0009.npz,9970adef6a8aee3680702738f4b4535ec99d53fd695e57178ef1d947c3890f8c,0.011087201535701752,0.07438455774901999,0.8443967168160621,0.877678632736206,0.3465759428218007,0.6344270095229149
residual_v2,45,three_hole_asymmetric,10,private-source://routeA_experiments/data/final_ood_frozen_v1/three_hole_asymmetric/sample_0010.npz,ca5bef464b218ce33227b66ed886a6d671ca7ebab5b66b551b37435087ee4d86,0.011273601092398167,0.06944949773924468,0.8601087678743055,0.8905601352453232,0.34310023579746485,0.7565674234181641
residual_v2,45,three_hole_asymmetric,11,private-source://routeA_experiments/data/final_ood_frozen_v1/three_hole_asymmetric/sample_0011.npz,ed6e65591f32cddee3a621d0a802c4d3ce1e222eac7e0ad7a6d66916367e9015,0.011227277107536793,0.06133838155817283,1.001839425663925,1.018445760011673,0.35273364186286926,0.7865953847765913
residual_v2,45,three_hole_asymmetric,12,private-source://routeA_experiments/data/final_ood_frozen_v1/three_hole_asymmetric/sample_0012.npz,81ff39c1f360e63cd187c00763f0e47af4b7b964b23c0036bbcc2118bcfa7335,0.0111626498401165,0.06253425812816857,0.7566595364308721,0.7502703070640564,0.30846298299729824,0.6214943312108507
residual_v2,45,three_hole_asymmetric,13,private-source://routeA_experiments/data/final_ood_frozen_v1/three_hole_asymmetric/sample_0013.npz,7b336e409d0b1be61aa8152652f7727a997afad669670d5dbedef898f8385d62,0.011134009808301926,0.052442765934031146,0.7320984299844114,0.7601430118083954,0.25347616989165545,0.5602040164172648
residual_v2,45,three_hole_asymmetric,14,private-source://routeA_experiments/data/final_ood_frozen_v1/three_hole_asymmetric/sample_0014.npz,14b2727426b78377e48754867160238048d5c11e6a60c8244c17e2f5d349c674,0.01114016491919756,0.0640597808623238,0.838208300142559,0.8605682998895645,0.341510321944952,0.6778376117348668
residual_v2,45,three_hole_asymmetric,15,private-source://routeA_experiments/data/final_ood_frozen_v1/three_hole_asymmetric/sample_0015.npz,f1f557f0e4338c64350ec1c2218ae556b5ee258eeeb85ed87e15e06d69e7949f,0.011158376932144165,0.054720922349761565,0.8797813122390581,0.8455209583044052,0.25439158169319853,0.6300418421626091
residual_v2,45,three_hole_asymmetric,16,private-source://routeA_experiments/data/final_ood_frozen_v1/three_hole_asymmetric/sample_0016.npz,e72396fee8a43a2b8ddefe735291ca8705c65690b680b4a18f84ae974e873213,0.011127331294119358,0.07232453284500585,0.9543880227493573,0.8845657333731651,0.3293785583227873,0.6854716397821891
residual_v2,45,three_hole_asymmetric,17,private-source://routeA_experiments/data/final_ood_frozen_v1/three_hole_asymmetric/sample_0017.npz,e985edd4b5fd67f0812b23ba168c67faea3aeed38dc497bd3554f7bd6760ce23,0.011038952507078648,0.05713757787820681,0.8310335633098543,0.8113970011472702,0.2818667907267809,0.6384109314531085
residual_v2,45,three_hole_asymmetric,18,private-source://routeA_experiments/data/final_ood_frozen_v1/three_hole_asymmetric/sample_0018.npz,822a1ae4756152a1ca58caa1ec6d5f81a08654b749358283fdc1e93ee4e96c05,0.011072938330471516,0.058741411302576374,0.5609489614968486,0.6412935256958008,0.263434324413538,0.4485605090856552
residual_v2,45,three_hole_asymmetric,19,private-source://routeA_experiments/data/final_ood_frozen_v1/three_hole_asymmetric/sample_0019.npz,930b0ac62993246d762ab2fade330a6323a28dfa631309dcd025ccc1955464d2,0.011092454195022583,0.05513612234359516,0.6682594604554376,0.6282592415809631,0.2669347617775202,0.5164822734892361
residual_v2,45,three_hole_asymmetric,20,private-source://routeA_experiments/data/final_ood_frozen_v1/three_hole_asymmetric/sample_0020.npz,ebe95ab8adce4e5f03a8c032f3f82d5b37362c40745ec8db423913bbcdbc36cc,0.010533059015870094,0.050499936558003035,0.8036376391198996,0.7398888766765594,0.2829988822340965,0.5742922581732268
residual_v2,45,three_hole_asymmetric,21,private-source://routeA_experiments/data/final_ood_frozen_v1/three_hole_asymmetric/sample_0021.npz,54558d7be0dcfa75da26d4b23bc274c3c188b6521dea1d6a7af66329fa9f8251,0.01116506289690733,0.0611945682377978,0.631902369047313,0.7195547968149185,0.3339936174452305,0.5392863109707828
residual_v2,45,three_hole_asymmetric,22,private-source://routeA_experiments/data/final_ood_frozen_v1/three_hole_asymmetric/sample_0022.npz,6bdc3c8942ace2076e15642c82251ef4fb1abdcb025262d5cbf4bf8159949c89,0.011075802147388458,0.059304704257930295,0.9360664979328371,0.9663890302181244,0.2677872069180012,0.7977116867899892
residual_v2,45,three_hole_asymmetric,23,private-source://routeA_experiments/data/final_ood_frozen_v1/three_hole_asymmetric/sample_0023.npz,fb7b07378547ca5def525e00c556fd80770b515ccf896b8db2c472e26a09e5de,0.01114650908857584,0.0556881287211985,1.148777724334294,1.0297993272542953,0.2138342324178666,0.6337753474712363
residual_v2,45,three_hole_asymmetric,24,private-source://routeA_experiments/data/final_ood_frozen_v1/three_hole_asymmetric/sample_0024.npz,2db1bdfbff80836e6a8d01f12b7e3e3ccb933bc7fa29a6c580e28e0a5d564196,0.010524692013859749,0.06653281265488557,0.7314531254494296,0.8267075717449188,0.3197365775704384,0.6938486956059932
residual_v2,45,three_hole_asymmetric,25,private-source://routeA_experiments/data/final_ood_frozen_v1/three_hole_asymmetric/sample_0025.npz,d3dd37382fca909602f329cf5ca0868fdf4906bc68d239b517c7b63904d4d71e,0.01053850818425417,0.0735515151052648,0.850528972911677,0.8775670826435089,0.3296027609612793,0.7734879624098533
residual_v2,45,three_hole_asymmetric,26,private-source://routeA_experiments/data/final_ood_frozen_v1/three_hole_asymmetric/sample_0026.npz,ab2b827142dff4076d7ccc83b71215ae118cd4367f57c2e1f1a596a261244546,0.010573993436992168,0.07734227356652978,0.8288400245840627,0.845757745206356,0.4135586731135845,0.6981613822281357
residual_v2,45,three_hole_asymmetric,27,private-source://routeA_experiments/data/final_ood_frozen_v1/three_hole_asymmetric/sample_0027.npz,502e0384dcc52c88b8d7686ef96396b3cb52f6aaceef7f024eb2b099d1a4007a,0.010539448820054531,0.057379659513383786,1.0798472875533032,0.9653856679797173,0.2115027123290929,0.7672600019723168
residual_v2,45,three_hole_asymmetric,28,private-source://routeA_experiments/data/final_ood_frozen_v1/three_hole_asymmetric/sample_0028.npz,9350fce83bcaffdab0c4c8e8d9620ad9255df6368a78acb778f31f6d4d74c766,0.01053558848798275,0.06006926104673375,1.0013390009615915,0.9647576212882996,0.36336674354970455,0.7401472583413123
residual_v2,45,three_hole_asymmetric,29,private-source://routeA_experiments/data/final_ood_frozen_v1/three_hole_asymmetric/sample_0029.npz,f5870c4d60ab26a07f238eaa0997f6136bebb56604eb5c97e4b9a2fda2f9dc4e,0.01053503155708313,0.04919651302220923,0.4241754718728717,0.6940212547779083,0.2014784812927246,0.45656405240297243
residual_v2,45,three_hole_asymmetric,30,private-source://routeA_experiments/data/final_ood_frozen_v1/three_hole_asymmetric/sample_0030.npz,6fd7dea4e1eb48c71994c0c450b08928f5ea2504ed659d879044b9b6c1644f3b,0.010589919984340668,0.046894966244309236,0.9433519735939734,0.9418533742427826,0.1924432534724474,0.7288275063037871
residual_v2,45,three_hole_asymmetric,31,private-source://routeA_experiments/data/final_ood_frozen_v1/three_hole_asymmetric/sample_0031.npz,4ba2ed02c426f61c1986b2240ee86afd7314ebbbe8b539e56f9600ba0cbbc1d6,0.010519524104893208,0.0571063845005378,0.9498240585459041,0.9834230840206146,0.30564597249031067,0.7133825033903117
residual_v2,45,three_hole_asymmetric,32,private-source://routeA_experiments/data/final_ood_frozen_v1/three_hole_asymmetric/sample_0032.npz,19561acd47d971095affbf1d7482c2543969e7efe2e017cce9662594c2409591,0.011196671053767204,0.05703926843044219,0.8047016827566412,0.7993265092372894,0.29652182781137526,0.5452112868428216
residual_v2,45,three_hole_asymmetric,33,private-source://routeA_experiments/data/final_ood_frozen_v1/three_hole_asymmetric/sample_0033.npz,299a816b59d1641a415a05ef717681b17573aad62ca3c0dc9711e90793f0d5b1,0.011159449815750122,0.06614263235876425,0.9427397342614785,0.9450196921825409,0.33654993027448654,0.716058610379694
residual_v2,45,three_hole_asymmetric,34,private-source://routeA_experiments/data/final_ood_frozen_v1/three_hole_asymmetric/sample_0034.npz,d9c1345372b974ce89c979d52478ef6d491162f017535e9466a777f808423d7d,0.011139885522425175,0.058271847478364294,0.7817270466752402,0.8258073925971985,0.32359708845615387,0.6734051361680017
residual_v2,45,three_hole_asymmetric,35,private-source://routeA_experiments/data/final_ood_frozen_v1/three_hole_asymmetric/sample_0035.npz,bbc5468f3342befdbe4e2f23d133af48d348c7ec0465af4103305de397fa0309,0.010537472553551197,0.06243720995606954,0.7528002019916066,0.7480849325656891,0.3416837975382805,0.6753477856516835
residual_v2,45,three_hole_asymmetric,36,private-source://routeA_experiments/data/final_ood_frozen_v1/three_hole_asymmetric/sample_0036.npz,f42f3b5b47bedfb758af7282d3853313d2f8cd91228aa5ad8456fe5f4ab773e7,0.010588794946670532,0.07237759691490599,0.7524690528322449,0.8425445556640625,0.43358898162841797,0.7100224256515503
residual_v2,45,three_hole_asymmetric,37,private-source://routeA_experiments/data/final_ood_frozen_v1/three_hole_asymmetric/sample_0037.npz,70b02216f9922d40a0913ae98c1656101a148ee3d0036600db73f132e9e21930,0.010484653525054455,0.06855612911055584,0.8266168572020104,0.9121208339929581,0.3437294438481331,0.6867197886109352
residual_v2,45,three_hole_asymmetric,38,private-source://routeA_experiments/data/final_ood_frozen_v1/three_hole_asymmetric/sample_0038.npz,fa7d466e58601cc7ae42f28b80b74fe105c87c60ec45af33a67b9404e69917f3,0.010568358935415745,0.04983605603843639,0.5350504298951703,0.7487864941358566,0.19168918579816818,0.6115093097090717
residual_v2,45,three_hole_asymmetric,39,private-source://routeA_experiments/data/final_ood_frozen_v1/three_hole_asymmetric/sample_0039.npz,6729ed9a2fcaa8077240d781da78727ef103709fb74147547087f09e654d3eeb,0.010502622462809086,0.06339623133371275,0.8226116394634085,0.8391925692558289,0.38118166849017143,0.7393632709980005
residual_v2,45,three_hole_asymmetric,40,private-source://routeA_experiments/data/final_ood_frozen_v1/three_hole_asymmetric/sample_0040.npz,4dc1b2b4a3bf9267ac51874c458885168a31fd1142276944c4d12ad9b44e5100,0.0104588707908988,0.06094134527664711,0.8755274260041843,0.8620965778827667,0.3134409664198756,0.7576093588024375
residual_v2,45,three_hole_asymmetric,41,private-source://routeA_experiments/data/final_ood_frozen_v1/three_hole_asymmetric/sample_0041.npz,1b3c5a766f7f80111c7c5b2d1e785760caa4ac76416598c810f62f378e2dbb64,0.010541173629462719,0.06922523190823211,0.9540861376153337,0.9602731168270111,0.3435989674180746,0.7526649534702298
residual_v2,45,three_hole_asymmetric,42,private-source://routeA_experiments/data/final_ood_frozen_v1/three_hole_asymmetric/sample_0042.npz,71baba454d946efdf1ed77d43d057be7b5cb937b31204d3f9a34e5b759e1f944,0.01046181470155716,0.0559774479424716,0.6518577864498711,0.7034671306610107,0.33871984109282494,0.5862250521779058
residual_v2,45,three_hole_asymmetric,43,private-source://routeA_experiments/data/final_ood_frozen_v1/three_hole_asymmetric/sample_0043.npz,2ede2163e09a9b392d4845b6523de16898b67b651acecab632146f022bcfc1f4,0.010520365089178085,0.06439014867684302,0.8451913237286993,0.8866134881973267,0.35211977642029524,0.7010823383927343
residual_v2,45,three_hole_asymmetric,44,private-source://routeA_experiments/data/final_ood_frozen_v1/three_hole_asymmetric/sample_0044.npz,752790623dc514ac3a960bd67bd0cc3d73c861a4598060b92da04b2669e579d1,0.010542376898229122,0.05125778572996314,1.0415801276008865,0.9914111644029617,0.22354741394519806,0.6755074487999079
residual_v2,45,three_hole_asymmetric,45,private-source://routeA_experiments/data/final_ood_frozen_v1/three_hole_asymmetric/sample_0045.npz,f93c887a4af2aa5861e233d5e8c99ba90ed0d24be1f48007e736b60f2d82baa0,0.010523664765059948,0.04325496005007704,0.777071165515435,0.788395345211029,0.19046291708946228,0.5615179717540704
residual_v2,45,three_hole_asymmetric,46,private-source://routeA_experiments/data/final_ood_frozen_v1/three_hole_asymmetric/sample_0046.npz,7d5d9a6e64d8ae8a1e9c7319dfb573f33de06eedee213c902c4b6812faa42d0f,0.010504547506570816,0.06022555184441698,0.9817884007064804,0.9131708964705467,0.23508454230614007,0.7461988244205691
residual_v2,45,three_hole_asymmetric,47,private-source://routeA_experiments/data/final_ood_frozen_v1/three_hole_asymmetric/sample_0047.npz,95e07fc5463827a0ac7d058d0e1aeb9765b781fcc9901e3615d3cde6d0c42f72,0.010559610091149807,0.0797338955375246,0.7623556486992739,0.8602021783590317,0.42483447305858135,0.6270552545785898
residual_v2,45,three_hole_asymmetric,48,private-source://routeA_experiments/data/final_ood_frozen_v1/three_hole_asymmetric/sample_0048.npz,741a820e5ca03d114c8d4ed90e51db19c9ac4733b4f826ec2ddcc36cdcac9b62,0.010502922348678112,0.0559328386762448,0.5007878430957482,0.5489642024040222,0.2814040184020996,0.44632286429405166
residual_v2,45,three_hole_asymmetric,49,private-source://routeA_experiments/data/final_ood_frozen_v1/three_hole_asymmetric/sample_0049.npz,9317a9055bfd4093fea4ae0bf2d7e1d3d9c8669629d159a06ce9f1c11ad7714e,0.01050289161503315,0.07426769827917096,0.9404556563427785,0.7950567007064819,0.40951176173985004,0.543427749723196
residual_v2,45,three_hole_asymmetric,50,private-source://routeA_experiments/data/final_ood_frozen_v1/three_hole_asymmetric/sample_0050.npz,88a36cb1ba6df1b25c02998dd5f645924a13a886bbdfd8571e6f74a10d39880a,0.010492795147001743,0.05885152519900935,0.9018249017053229,0.9291724190115929,0.26534586772322655,0.7646902475506065
residual_v2,45,three_hole_asymmetric,51,private-source://routeA_experiments/data/final_ood_frozen_v1/three_hole_asymmetric/sample_0051.npz,4d85c5da827c71859348f936a1bae9663c3aa6086f7d0a08035af48235a64ac0,0.010502086952328682,0.05365581520407539,0.9391426356463757,0.9458623826503754,0.24503187835216522,0.7601401366293425
residual_v2,45,three_hole_asymmetric,52,private-source://routeA_experiments/data/final_ood_frozen_v1/three_hole_asymmetric/sample_0052.npz,89347f4a5c2576ca481b684f9f7a77f38b7ae53c4ffdc77eeb307666b58e7af9,0.010464979335665703,0.06657171525968356,0.9278212884964878,0.9693339169025421,0.3611331880092621,0.7726998999714849
residual_v2,45,three_hole_asymmetric,53,private-source://routeA_experiments/data/final_ood_frozen_v1/three_hole_asymmetric/sample_0053.npz,68b58c6932346fa5b469420b06037edb861502f1184f5455c6a69240285d7df0,0.010512984357774258,0.05020829560561804,0.6298592435570565,0.7160521447658539,0.2355079986155033,0.5798617154359813
residual_v2,45,three_hole_asymmetric,54,private-source://routeA_experiments/data/final_ood_frozen_v1/three_hole_asymmetric/sample_0054.npz,8a3d74a7607b5928b4762b9ca74c6b9275b177ed92746be0574f4816d05444cd,0.011091525666415691,0.06136522186060596,0.8964032669419522,0.9116994217038155,0.29361211822833866,0.7192133836448183
residual_v2,45,three_hole_asymmetric,55,private-source://routeA_experiments/data/final_ood_frozen_v1/three_hole_asymmetric/sample_0055.npz,35e8e631f17a95d6289143b7bc8633f62ae4fcbfedd60929228f07fdfb4340db,0.01108566951006651,0.05951256734723865,1.0136011810020678,1.0078063905239105,0.3150393180549145,0.7847166176885361
residual_v2,45,three_hole_asymmetric,56,private-source://routeA_experiments/data/final_ood_frozen_v1/three_hole_asymmetric/sample_0056.npz,445a3665a73f0ceaa2ced3d30b7da490d69d77b0d8a04d8eeb849db3eed04dd1,0.011174379847943783,0.04970090289892264,0.7135325940689291,0.7784647941589355,0.25070276856422424,0.5834456503391255
residual_v2,45,three_hole_asymmetric,57,private-source://routeA_experiments/data/final_ood_frozen_v1/three_hole_asymmetric/sample_0057.npz,e6cd4f4e82b85801bd6e1f55cd798f136d06cef8b5699b3b132aae856fc4f8c6,0.011118014343082905,0.07276047159323963,0.8355873051327406,0.8649764209985733,0.350274296477437,0.7496350601315496
residual_v2,45,three_hole_asymmetric,58,private-source://routeA_experiments/data/final_ood_frozen_v1/three_hole_asymmetric/sample_0058.npz,cd8c02f16d5cb5b76ccf7d1ec24d90c99eadd3a3beb517f14abd993c4185db88,0.010528083890676498,0.05956973145124117,0.5664397225803033,0.6230457723140717,0.2555769942700863,0.4264597110450266
residual_v2,45,three_hole_asymmetric,59,private-source://routeA_experiments/data/final_ood_frozen_v1/three_hole_asymmetric/sample_0059.npz,8b2f19de3b7d84f2e94fee0e2534974e7bb4e568d67f3a1c9928750c5d681d54,0.010520393960177898,0.05814027238415073,0.5433734682173808,0.5696366429328918,0.29520971700549126,0.4558280494064091
residual_v2,45,three_hole_asymmetric,60,private-source://routeA_experiments/data/final_ood_frozen_v1/three_hole_asymmetric/sample_0060.npz,9a762eaafc0ad4943d42da4f1c2f1324b21b6ee9e3faaf6bd0e21961c2c74f37,0.010476654395461082,0.07843511482783833,1.0447585202045508,0.9864617586135864,0.3656275102403015,0.7988298393785953
residual_v2,45,three_hole_asymmetric,61,private-source://routeA_experiments/data/final_ood_frozen_v1/three_hole_asymmetric/sample_0061.npz,f363192d56ff237222c6af805a0435cdace76f73899372ae7a684b627192c2cf,0.010494066402316093,0.046959733709155835,0.6981880926655603,0.7704551219940186,0.29859255999326706,0.6072489738464346
residual_v2,45,three_hole_asymmetric,62,private-source://routeA_experiments/data/final_ood_frozen_v1/three_hole_asymmetric/sample_0062.npz,2f26a4605d7e2c878f5be76227c29d3c349d949c85a3fd078ad080cee6cfff90,0.010455042123794556,0.06561257636725026,0.7861026292704021,0.8304037153720856,0.3554314486682415,0.6580968998372535
residual_v2,45,three_hole_asymmetric,63,private-source://routeA_experiments/data/final_ood_frozen_v1/three_hole_asymmetric/sample_0063.npz,17c7bdafaf1ee584c9e013fbb7431229a839fea3282cdae21417ce64c07803f3,0.010531480424106121,0.06548790475273987,0.7038246680100124,0.7111826837062836,0.28223682940006256,0.6274225831031794
residual_v2,45,three_hole_asymmetric,64,private-source://routeA_experiments/data/final_ood_frozen_v1/three_hole_asymmetric/sample_0064.npz,793cbf94a8f0ee09dd55e7baf6508b26cc685f59f0c6758686e2412286c50e95,0.010637237690389156,0.06572197892188865,0.6037268185748899,0.6769267320632935,0.35306086018681526,0.5138357812538743
residual_v2,45,three_hole_asymmetric,65,private-source://routeA_experiments/data/final_ood_frozen_v1/three_hole_asymmetric/sample_0065.npz,1a010370114984ac96012fd00665935431ad026ab4d7339462e9ede18dcde1d9,0.010538561269640923,0.062294889706845415,0.8869896803269873,0.9327405840158463,0.30760104209184647,0.6849106281995768
residual_v2,45,three_hole_asymmetric,66,private-source://routeA_experiments/data/final_ood_frozen_v1/three_hole_asymmetric/sample_0066.npz,b4fb5ef8fe25b228082cf73d25bf64834fc6a386885f1003e912cc5461f36d56,0.010571803897619247,0.06586060632768491,0.9653602958941825,0.9501795768737793,0.35161374509334564,0.7890707880258558
residual_v2,45,three_hole_asymmetric,67,private-source://routeA_experiments/data/final_ood_frozen_v1/three_hole_asymmetric/sample_0067.npz,9966203f8926dbc05a509af06ae061895e57e0716bd5f4d7fbf1f94ef0a45954,0.01072083692997694,0.052879871644899025,0.7228966196694951,0.7408168613910675,0.24307018145918846,0.5656995594501486
residual_v2,45,three_hole_asymmetric,68,private-source://routeA_experiments/data/final_ood_frozen_v1/three_hole_asymmetric/sample_0068.npz,3441c1ef60f7fd85c99941996ff1e1187f19859561c6ad1e959ad510a070dfcb,0.010556451044976711,0.06719830925423201,0.9301306108271674,0.9215758591890335,0.3560082372277975,0.8037413664162155
residual_v2,45,three_hole_asymmetric,69,private-source://routeA_experiments/data/final_ood_frozen_v1/three_hole_asymmetric/sample_0069.npz,957b4c4b2aca791503277fca2b6d349af9cb542bc497b1dfb5a2641ef5e16b1e,0.010548550635576248,0.07441681070413463,0.9395974788416279,0.9729549735784531,0.41634836606681347,0.7924057163298118
residual_v2,45,three_hole_asymmetric,70,private-source://routeA_experiments/data/final_ood_frozen_v1/three_hole_asymmetric/sample_0070.npz,bf042f87f987b456925f37ee22c985a855b18b686770e5b97a394d3c0c2acbe6,0.010506140068173409,0.0615693504324487,0.893649619776502,0.900221049785614,0.37716317223384976,0.7193866182118651
residual_v2,45,three_hole_asymmetric,71,private-source://routeA_experiments/data/final_ood_frozen_v1/three_hole_asymmetric/sample_0071.npz,d8ecc3806b2dd2950185d128052672533a7ecff47ea474de8708ce8b3e391105,0.010570457205176353,0.03876787340717132,0.7456350816171583,0.764176607131958,0.17378194630146027,0.581971764564514
residual_v2,45,three_hole_asymmetric,72,private-source://routeA_experiments/data/final_ood_frozen_v1/three_hole_asymmetric/sample_0072.npz,6fb1d638377a02897f21ad9678d3a93e1ed734ef1ade5a6f69a1c16b0d92646b,0.010542303323745728,0.056744879008940166,1.0254914635476138,0.9868864268064499,0.2648131656460464,0.7703078106045721
residual_v2,45,three_hole_asymmetric,73,private-source://routeA_experiments/data/final_ood_frozen_v1/three_hole_asymmetric/sample_0073.npz,aa1f55a954bf5a5a2a0fc55c80c60d0c6c3bcfed40697329e85d1f1150b3beb1,0.010477839969098568,0.057492240634578314,0.8741601122544387,0.9048347771167755,0.30509229376912117,0.7085923723876474
residual_v2,45,three_hole_asymmetric,74,private-source://routeA_experiments/data/final_ood_frozen_v1/three_hole_asymmetric/sample_0074.npz,7efa7bbcf05970d90ea88b07b297960e2591bdf9454367d39202dd0eea0baf1c,0.010563398711383343,0.04916500649264275,0.8953100193209236,0.9070316851139069,0.2373716253787279,0.6933167234063147
residual_v2,45,three_hole_asymmetric,75,private-source://routeA_experiments/data/final_ood_frozen_v1/three_hole_asymmetric/sample_0075.npz,797d1d48df61dcc794ea9c42bd7cbe3fb5904ac3207e4c22d07fd98d6cba6889,0.010679819621145725,0.06792135315472797,0.8344995456007196,0.9026709198951721,0.37128448113799095,0.7801601231098175
residual_v2,45,three_hole_asymmetric,76,private-source://routeA_experiments/data/final_ood_frozen_v1/three_hole_asymmetric/sample_0076.npz,ed8628f781c6e4e0f944c54b129e12897361e0950bc2b545bb2c4111835b1aa3,0.010597104206681252,0.06201211842506721,1.0028513886516122,0.9990289211273193,0.29469803627580404,0.6867714896798125
residual_v2,45,three_hole_asymmetric,77,private-source://routeA_experiments/data/final_ood_frozen_v1/three_hole_asymmetric/sample_0077.npz,e1e3d0aa07a5e03fbc7d7cd2e5822d6d019cc78a74b2a133771301fca0c23ab6,0.011128404177725315,0.07895700207427801,0.711771411925024,0.7162794768810272,0.38916909135878086,0.5914805099368092
residual_v2,45,three_hole_asymmetric,78,private-source://routeA_experiments/data/final_ood_frozen_v1/three_hole_asymmetric/sample_0078.npz,b8c9c9f9a9d7c2106857e098ccf52a7ed33b76dda547cbe28fa76263b27cde39,0.010531424544751644,0.07260877955888044,0.8811274276898552,0.9070369303226471,0.3563733033952303,0.6998609703034157
residual_v2,45,three_hole_asymmetric,79,private-source://routeA_experiments/data/final_ood_frozen_v1/three_hole_asymmetric/sample_0079.npz,6600329ca06c105c508bd49db109ca5aa0861398ccd222389fac3dd5f02b058c,0.011149952188134193,0.058104628943599045,0.9254912012153705,0.8422259837388992,0.283597880450543,0.5955208361148824
residual_v2,45,three_hole_asymmetric,80,private-source://routeA_experiments/data/final_ood_frozen_v1/three_hole_asymmetric/sample_0080.npz,ffbc158abeb51a4eb3928201634706c040d340dabbe33426cdc7b7127fe13543,0.011198359541594982,0.056806311188863166,0.8961003440263229,0.9041754007339478,0.3152971975505352,0.7099870383739454
residual_v2,45,three_hole_asymmetric,81,private-source://routeA_experiments/data/final_ood_frozen_v1/three_hole_asymmetric/sample_0081.npz,a87e60b7c7797fddf37237be730cdc9809205a80b44cb6b2262de1a6d7645693,0.010556390509009361,0.07526089888199013,0.9734316878440715,0.9011017680168152,0.36863591941073537,0.6328696679323909
residual_v2,45,three_hole_asymmetric,82,private-source://routeA_experiments/data/final_ood_frozen_v1/three_hole_asymmetric/sample_0082.npz,067daeb253b7553c2df8a4b49429eea3aa5169264dc4c11e08a931320e7ddff4,0.010544462129473686,0.0528324709803275,0.7627439048200619,0.8199807405471802,0.32641371339559555,0.6602797448635096
residual_v2,45,three_hole_asymmetric,83,private-source://routeA_experiments/data/final_ood_frozen_v1/three_hole_asymmetric/sample_0083.npz,f1d60eebc050728f5777b4668048e76d34dee796f6835ce90e1158999fa44fd4,0.01050398126244545,0.05146620209826153,0.909317317038946,0.9461411312222481,0.27212434634566307,0.7580964379012584
residual_v2,45,three_hole_asymmetric,84,private-source://routeA_experiments/data/final_ood_frozen_v1/three_hole_asymmetric/sample_0084.npz,412d7cf0b8e7473beabae2d73d6f51672f2e2290c5eb4f6594fefd3da8d64992,0.01111174188554287,0.06271559278720307,0.70670675665621,0.7113596051931381,0.3322203364223242,0.5778237551450727
residual_v2,45,three_hole_asymmetric,85,private-source://routeA_experiments/data/final_ood_frozen_v1/three_hole_asymmetric/sample_0085.npz,254ac982dfb840962b732a7f58d26007ad7175788b3d22740ac1a0de93037713,0.011132398620247841,0.05906882995451941,0.7320852657925211,0.7643384337425232,0.36384429037570953,0.6489144563674927
residual_v2,45,three_hole_asymmetric,86,private-source://routeA_experiments/data/final_ood_frozen_v1/three_hole_asymmetric/sample_0086.npz,c521fb24ed492b9981db7f659459473625677c7b0d7e4c9095384fc6551b4657,0.011115787550807,0.050925893547557374,0.9936005878567861,0.8849614262580872,0.21083885215921327,0.5992953795939676
residual_v2,45,three_hole_asymmetric,87,private-source://routeA_experiments/data/final_ood_frozen_v1/three_hole_asymmetric/sample_0087.npz,7946973bee1306c79f4c36bb2e32fb4b5c210f4c5eee0944367ba30e9fdd9e31,0.011165137402713299,0.043130071517549926,0.6303661576127392,0.674281120300293,0.2218904085457325,0.5015097826719284
residual_v2,45,three_hole_asymmetric,88,private-source://routeA_experiments/data/final_ood_frozen_v1/three_hole_asymmetric/sample_0088.npz,11f5514ff6bbacbe263aded7875193bf5aad8a00011357f6c74f2f464c5b23a1,0.011132332496345043,0.056556968697496844,0.5762774729117683,0.632993072271347,0.27478033024817705,0.5018116638530042
residual_v2,45,three_hole_asymmetric,89,private-source://routeA_experiments/data/final_ood_frozen_v1/three_hole_asymmetric/sample_0089.npz,a61b51e0b645bb67e96064efeeb018bd2d7b048c8350145b4efca94cd3cced4a,0.010492858476936817,0.0721557102118504,0.8085116087517578,0.8467689603567123,0.4630950093269348,0.7570459470152845
residual_v2,45,three_hole_asymmetric,90,private-source://routeA_experiments/data/final_ood_frozen_v1/three_hole_asymmetric/sample_0090.npz,f238f1b73bfe633977814f4ee8efd7678f1da09cdadc96667ab86b42fd9c84b8,0.010609447956085205,0.06762272968346354,0.9933144313349423,0.9650991559028625,0.3406572714447975,0.8010541446506976
residual_v2,45,three_hole_asymmetric,91,private-source://routeA_experiments/data/final_ood_frozen_v1/three_hole_asymmetric/sample_0091.npz,908dee8055af09e682db2290282512110ad8b8134b5a3c698b0b1e27d1298733,0.01052516233175993,0.05303500443514563,0.6895580368236515,0.7590725421905518,0.30300064384937286,0.6433266192674632
residual_v2,45,three_hole_asymmetric,92,private-source://routeA_experiments/data/final_ood_frozen_v1/three_hole_asymmetric/sample_0092.npz,235f3d7bb93d6ff69897dc532f9c0175c97fc98f43fc1a6c18061f36b3b6c3ef,0.010524763725697994,0.0635445419421579,0.6568698248130034,0.748358353972435,0.3518824353814125,0.6008112497627729
residual_v2,45,three_hole_asymmetric,93,private-source://routeA_experiments/data/final_ood_frozen_v1/three_hole_asymmetric/sample_0093.npz,a7d0da11a92287a27a4a6c11ca702f3f2f17ff721a0f0279d690f8abf94252be,0.01054350659251213,0.04225358795385822,0.6108242918719794,0.6809019446372986,0.24382440000772476,0.5400694489479053
residual_v2,45,three_hole_asymmetric,94,private-source://routeA_experiments/data/final_ood_frozen_v1/three_hole_asymmetric/sample_0094.npz,d0aa584876f99691aeeb8026d5ead955e7cc17621019a851ef37a13edaf58971,0.010469650849699974,0.07028803199367498,0.8802221213211485,0.9100666493177414,0.3567989282310009,0.6773468315601349
residual_v2,45,three_hole_asymmetric,95,private-source://routeA_experiments/data/final_ood_frozen_v1/three_hole_asymmetric/sample_0095.npz,d203d6745345a12b29597ac2d26caea89ab17bb23083688666fb462296530e05,0.010515770874917507,0.05742839035555313,0.7091187078829844,0.718830794095993,0.28884822502732277,0.5718633525073525
residual_v2,45,three_hole_asymmetric,96,private-source://routeA_experiments/data/final_ood_frozen_v1/three_hole_asymmetric/sample_0096.npz,78f0808d535501b8d16b5386431081df41fe126d96ffeb5bfc34b71693bd5714,0.010592535138130188,0.0651568772964096,0.9697566189889371,0.9166436940431595,0.3268316611647606,0.6918037623167035
residual_v2,45,three_hole_asymmetric,97,private-source://routeA_experiments/data/final_ood_frozen_v1/three_hole_asymmetric/sample_0097.npz,a19b074a2ef168ce2028edf5abd4394ddadac3e42eb7badae29852dcd87b8c01,0.010522942058742046,0.07447588848557364,0.9958389350765942,0.9956329166889191,0.38480227068066597,0.8460594102740279
residual_v2,45,three_hole_asymmetric,98,private-source://routeA_experiments/data/final_ood_frozen_v1/three_hole_asymmetric/sample_0098.npz,e628a052cb301d1ccddc36abc3e756605d05d755311cc580cb8638d0283e8a28,0.011121244169771671,0.052365733176596006,0.7987148992501807,0.8577336668968201,0.2744276151061058,0.6481934607028961
residual_v2,45,three_hole_asymmetric,99,private-source://routeA_experiments/data/final_ood_frozen_v1/three_hole_asymmetric/sample_0099.npz,c4c58ccc92851ab150fbcfb7929b45da22b8f4be00f48239dbac5a4033fb8247,0.011156068183481693,0.05269557967845453,0.8380219050640919,0.9029350876808167,0.30553948134183884,0.7743637777864931
residual_v2,45,three_hole_asymmetric,100,private-source://routeA_experiments/data/final_ood_frozen_v1/three_hole_asymmetric/sample_0100.npz,7735aa807c0bade0596ab7163387935e7d8a6420ea91ac0b71468f037f55c595,0.010593737475574017,0.049607968046618524,0.5030033754131774,0.7449261844158173,0.230894036591053,0.5208553478121742
residual_v2,45,three_hole_asymmetric,101,private-source://routeA_experiments/data/final_ood_frozen_v1/three_hole_asymmetric/sample_0101.npz,50903f9da861e8e4b8d2ee84d0c4eea498c76f1b91f5cc6b26cca7661f51f13b,0.010516509413719177,0.08116631922787519,1.0536315198783168,0.9182741120457649,0.31288210293860175,0.7640580452978604
residual_v2,45,three_hole_asymmetric,102,private-source://routeA_experiments/data/final_ood_frozen_v1/three_hole_asymmetric/sample_0102.npz,393185e3a3667ce8030757bd68d94410eee1772700c16b445a0af74c993e2d3e,0.011159474030137062,0.06724115222178288,1.0200471742011796,0.965003527700901,0.2782801827415824,0.7415345724672079
residual_v2,45,three_hole_asymmetric,103,private-source://routeA_experiments/data/final_ood_frozen_v1/three_hole_asymmetric/sample_0103.npz,d8e3e01787f23ef6a1dabb9edf23da79e0637aeb7fd538143355fccbedc02bc1,0.010468036867678165,0.06892396988798356,0.6484306748959724,0.7048625648021698,0.3557973578572273,0.5517213791608809
residual_v2,45,three_hole_asymmetric,104,private-source://routeA_experiments/data/final_ood_frozen_v1/three_hole_asymmetric/sample_0104.npz,d6cc18e29b7582dec1b5602f9fa8218e7d40d0e0ed08552c1d6acc779fc36a17,0.010586214251816273,0.0530645247721282,0.8406177368082619,0.7831028401851654,0.25890252739191055,0.7111901231110094
residual_v2,45,three_hole_asymmetric,105,private-source://routeA_experiments/data/final_ood_frozen_v1/three_hole_asymmetric/sample_0105.npz,35bd0c998f7436861f71be50f8aba64a3461c822cf292b3e6694660f55a3b0f1,0.011141249909996986,0.06181634392962114,0.5981956930784699,0.6963207721710205,0.32378508895635605,0.5576521188020703
residual_v2,45,three_hole_asymmetric,106,private-source://routeA_experiments/data/final_ood_frozen_v1/three_hole_asymmetric/sample_0106.npz,6888edd52db8cf29388af634eedf7f9be35793c07c18644b7f86f8a441acc780,0.01112066488713026,0.05732494712680804,0.6913667365301562,0.6989790797233582,0.3369387537240982,0.5566113978624342
residual_v2,45,three_hole_asymmetric,107,private-source://routeA_experiments/data/final_ood_frozen_v1/three_hole_asymmetric/sample_0107.npz,40b2ef1f23b501bfde64a13fe7258035909f0d78e1d54eb6e1443c804305ecf4,0.011148928664624691,0.05029495658541844,1.0808666022351316,0.9544299282133579,0.2314923491794616,0.5795048492960628
residual_v2,45,three_hole_asymmetric,108,private-source://routeA_experiments/data/final_ood_frozen_v1/three_hole_asymmetric/sample_0108.npz,79b8dfa34c2b35a10fea27f09a0f9f798b0367fc5192ed59d1361f1b53799bdd,0.011118208989501,0.06293442762891131,0.8190524782813204,0.8112618178129196,0.27796384564135224,0.6004911702126249
residual_v2,45,three_hole_asymmetric,109,private-source://routeA_experiments/data/final_ood_frozen_v1/three_hole_asymmetric/sample_0109.npz,8ce37dd8adb5cefec81dbd0f448aa24fd957fd04fe733656a07aef732c8cc2eb,0.01112760417163372,0.07370871380559672,0.8157462777397795,1.1136196106672287,0.4025820284150541,0.6456633076071728
residual_v2,45,three_hole_asymmetric,110,private-source://routeA_experiments/data/final_ood_frozen_v1/three_hole_asymmetric/sample_0110.npz,4f2615c8cb85f9158644a5c730014c3884dbecc44b41e4c6525efb9d86c8caf8,0.011184705421328545,0.06603064391575082,1.0128286832884459,0.9657353460788727,0.28535580332390964,0.8282928988337513
residual_v2,45,three_hole_asymmetric,111,private-source://routeA_experiments/data/final_ood_frozen_v1/three_hole_asymmetric/sample_0111.npz,0935578871a0f3a49acfc526c2f37c216dd91c68bd2a8bfb1b536326e94f5a44,0.011166665703058243,0.05257585821703214,1.0958718511243062,0.9882801994681358,0.23771124426275492,0.6278440222144126
residual_v2,45,three_hole_asymmetric,112,private-source://routeA_experiments/data/final_ood_frozen_v1/three_hole_asymmetric/sample_0112.npz,75f3066ea740d92e454646a086e63a485bf69922e759ad6ffeae0e0cb87dfaa8,0.011167154647409916,0.07247012284929251,0.9356500353990566,0.9500652402639389,0.35654182359576225,0.8079006507992741
residual_v2,45,three_hole_asymmetric,113,private-source://routeA_experiments/data/final_ood_frozen_v1/three_hole_asymmetric/sample_0113.npz,e697a839e7548feb3a5b14360c3973b92e38a87052d3b7365b32a7cd0a753191,0.010549256578087807,0.06063975256357679,0.7881224003594093,0.876345306634903,0.3838978745043278,0.7276227533817279
residual_v2,45,three_hole_asymmetric,114,private-source://routeA_experiments/data/final_ood_frozen_v1/three_hole_asymmetric/sample_0114.npz,7afaaf3601e6ed30886241051a0637c969fab4fdc7321968e3389ce030c7486a,0.010531661100685596,0.06530766633216746,0.8250412694465251,0.853540688753128,0.45808178931474686,0.7426811710000036
residual_v2,45,three_hole_asymmetric,115,private-source://routeA_experiments/data/final_ood_frozen_v1/three_hole_asymmetric/sample_0115.npz,c61c1f6680ef22cfbb61c3b59a74537ff91a7a97eefe05a24d1215c5eff14175,0.010509452782571316,0.06287208300285306,0.9014248660073064,0.9160549938678741,0.3067112863063812,0.7505263105034827
residual_v2,45,three_hole_asymmetric,116,private-source://routeA_experiments/data/final_ood_frozen_v1/three_hole_asymmetric/sample_0116.npz,9630b36b29d980654e8e8af10a050b5b22f9036bbc0eaf53ddfff402e0574e30,0.010550118051469326,0.07033608259331915,0.8891356765473627,0.821435421705246,0.2906188641063636,0.6932594224810599
residual_v2,45,three_hole_asymmetric,117,private-source://routeA_experiments/data/final_ood_frozen_v1/three_hole_asymmetric/sample_0117.npz,d3d1cc5eb6165ce5dd1eb46f3b7422b7a91b41002dd8e244fb5807270ef54ae0,0.010541649535298347,0.057612155459966154,1.0500128351976064,0.9623274356126785,0.25582244715769775,0.6614060916006562
residual_v2,45,three_hole_asymmetric,118,private-source://routeA_experiments/data/final_ood_frozen_v1/three_hole_asymmetric/sample_0118.npz,8e2be99501a03f3deba60278c03b5af400416cb985c121c2fa7d7d7827ff8328,0.010547826066613197,0.06036311895399234,0.8124688857515365,0.8554405122995377,0.33128684014081955,0.6233020719140767
residual_v2,45,three_hole_asymmetric,119,private-source://routeA_experiments/data/final_ood_frozen_v1/three_hole_asymmetric/sample_0119.npz,a47277e2b3beb0d89ef7b03bc2d99a8b043b3ba5b66636730dd832240fb5bf67,0.01051601953804493,0.07327202161213327,0.9247377176004495,0.9166733846068382,0.35705080395564437,0.7315529454499474
residual_v2,45,three_hole_asymmetric,120,private-source://routeA_experiments/data/final_ood_frozen_v1/three_hole_asymmetric/sample_0120.npz,460897fcccde1db2e8ba9079e66abd4ea55bf6c9fcc14cc7507c17ec7571d07d,0.010548152960836887,0.04970949017474582,0.7644854757820638,0.8276787102222443,0.2936326079070568,0.6648258119821547
residual_v2,45,three_hole_asymmetric,121,private-source://routeA_experiments/data/final_ood_frozen_v1/three_hole_asymmetric/sample_0121.npz,7463cebd5dcf30b0f53bfbcec6ed3cd938cae4ff1c7cb5a51f6b6208a020a4d2,0.01051317434757948,0.03991962688953078,0.6381616044234151,0.7914151549339294,0.21760058403015137,0.5449816644191741
residual_v2,45,three_hole_asymmetric,122,private-source://routeA_experiments/data/final_ood_frozen_v1/three_hole_asymmetric/sample_0122.npz,0b1f50e6483c4bd20f2eb7b1a5ad3ca903b7158558b6379b0a1c87cfb444d395,0.010570496320724487,0.05860871848414891,0.9779238019291934,0.9126808345317841,0.23360885254805908,0.7313915185630321
residual_v2,45,three_hole_asymmetric,123,private-source://routeA_experiments/data/final_ood_frozen_v1/three_hole_asymmetric/sample_0123.npz,65e171101675b5cb87eb5555f716856d756743e6d3447dfa2efbde71ac332e67,0.010533267632126808,0.05507529369850447,0.7667479178698089,0.7763600200414658,0.26111671328544617,0.6470957666635507
residual_v2,45,three_hole_asymmetric,124,private-source://routeA_experiments/data/final_ood_frozen_v1/three_hole_asymmetric/sample_0124.npz,d3c7c52167944c7ed7ee06f79272238419f46b0150fe90a2589d3153747fbf2f,0.011196615174412727,0.05939172541151513,0.7814771661331584,0.7607984691858292,0.308167876675725,0.5838838219642639
residual_v2,45,three_hole_asymmetric,125,private-source://routeA_experiments/data/final_ood_frozen_v1/three_hole_asymmetric/sample_0125.npz,629b8f9d37de5d037c8e33f97e602bf5d06a112e8c988084322626ed3cfa0db4,0.0105089470744133,0.07407153285484017,0.845737577242855,0.7909353822469711,0.4002660233527422,0.5997509807348248
residual_v2,45,three_hole_asymmetric,126,private-source://routeA_experiments/data/final_ood_frozen_v1/three_hole_asymmetric/sample_0126.npz,d79d0f135637e2841b3453a53add5c4bf624f15ae92f2562acb09afebef0ede1,0.010586973279714584,0.07119019077649853,0.8269263098897475,0.848304033279419,0.3580835834145546,0.7542284652590752
residual_v2,45,three_hole_asymmetric,127,private-source://routeA_experiments/data/final_ood_frozen_v1/three_hole_asymmetric/sample_0127.npz,7cee35213e8863690074459c24d7fd282a7630a45f0f4fab56f69cc5187ced3c,0.010553491301834583,0.05064390994959896,0.5877802201404545,0.6065263152122498,0.23602449893951416,0.5244556382298466
residual_v2,45,three_hole_asymmetric,128,private-source://routeA_experiments/data/final_ood_frozen_v1/three_hole_asymmetric/sample_0128.npz,66f17e3594dd9beaddc30078e0aea012c36ea89ec3780e24ab5e66ada4aa0aee,0.010591489262878895,0.06056762992079437,0.5600147551159609,0.6646066009998322,0.28514227271080017,0.49441840499639506
residual_v2,45,three_hole_asymmetric,129,private-source://routeA_experiments/data/final_ood_frozen_v1/three_hole_asymmetric/sample_0129.npz,0513a13dc15142aa7035ad92a4d92696cde53f4f938fba0b6258ba43ff994ce4,0.010531644336879253,0.06488089678351472,0.8835338880247119,0.8972025066614151,0.3182659335434437,0.7248935230076311
residual_v2,45,three_hole_asymmetric,130,private-source://routeA_experiments/data/final_ood_frozen_v1/three_hole_asymmetric/sample_0130.npz,0b7e254aff9dacc784e6945d18e32da0372125ff81dc9fb35dcf29f7e12504f6,0.010602511465549469,0.07356045456661398,0.744724928137541,0.8026494234800339,0.42033624928444624,0.6530752442777156
residual_v2,45,three_hole_asymmetric,131,private-source://routeA_experiments/data/final_ood_frozen_v1/three_hole_asymmetric/sample_0131.npz,b7bf7aa4688f48d7c78174369c23732d337ae6ffd998cf06bb7a4edda3a5063d,0.010507096536457539,0.044909540669839924,0.6059873065756994,0.5385185480117798,0.28004906326532364,0.4624988734722136
residual_v2,45,three_hole_asymmetric,132,private-source://routeA_experiments/data/final_ood_frozen_v1/three_hole_asymmetric/sample_0132.npz,37fe2cf79de29a9b7e04b5fe118372c54173e6f10125f0854cf4d171d4776d59,0.010552875697612762,0.04299054889800493,0.7854716225343238,0.8997230529785156,0.17198316007852554,0.6350892603397361
residual_v2,45,three_hole_asymmetric,133,private-source://routeA_experiments/data/final_ood_frozen_v1/three_hole_asymmetric/sample_0133.npz,3683c8dae119211360b0dbaa1ac9e1693a1728caddc3c1bb3768f981c2091e26,0.010521520860493183,0.05894208741059366,0.5600642437063837,0.5682786107063293,0.29738590121269226,0.4824160650372505
residual_v2,45,three_hole_asymmetric,134,private-source://routeA_experiments/data/final_ood_frozen_v1/three_hole_asymmetric/sample_0134.npz,322bc5ec6225e978895e341b9dfdf38fbfa0681b5b329fe286739337905a2e67,0.010546754114329815,0.06517427385342268,0.9491600460306717,0.9118996188044548,0.3557015061378479,0.709867443144321
residual_v2,45,three_hole_asymmetric,135,private-source://routeA_experiments/data/final_ood_frozen_v1/three_hole_asymmetric/sample_0135.npz,b3bc13b4ad513f7b7c47e8dfedda3871bfe1d969ceb542243518b1f1661a7b7d,0.010450569912791252,0.06613497144363727,1.000106770398024,0.9696823060512543,0.34572738222777843,0.7690492242574681
residual_v2,45,three_hole_asymmetric,136,private-source://routeA_experiments/data/final_ood_frozen_v1/three_hole_asymmetric/sample_0136.npz,20f73113304cb007ce9ee5b010405b3b08c38b719993477582e1adb17921d82b,0.010516418144106865,0.05604698059444086,0.681691058140954,0.7716901898384094,0.3102721571922302,0.6170849561691284
residual_v2,45,three_hole_asymmetric,137,private-source://routeA_experiments/data/final_ood_frozen_v1/three_hole_asymmetric/sample_0137.npz,9c029bad505c34e3cca11e8187bc4fdf7d1417417883641e5c92c0e2b1861711,0.011104586534202099,0.055887804957271844,0.6901102195300187,0.7943514734506607,0.2897641249001026,0.5515454702079294
residual_v2,45,three_hole_asymmetric,138,private-source://routeA_experiments/data/final_ood_frozen_v1/three_hole_asymmetric/sample_0138.npz,2a95dd7d60712bbde64ddb2f3b9b174a2da8a71e64f53104448b1fda6898cb87,0.010495990514755249,0.06346599192519829,1.1084003780553746,1.0099397599697113,0.28848059094161727,0.6844668190926312
residual_v2,45,three_hole_asymmetric,139,private-source://routeA_experiments/data/final_ood_frozen_v1/three_hole_asymmetric/sample_0139.npz,f356651d5f0fbe76d7b23cee9c305931b8e8fe879d3fc560e174e6ff4a4bcbc9,0.010542526841163635,0.06516736130294629,0.7156905800166914,0.7631887644529343,0.30736530665308237,0.6677496962249275
residual_v2,45,three_hole_asymmetric,140,private-source://routeA_experiments/data/final_ood_frozen_v1/three_hole_asymmetric/sample_0140.npz,c22b26c249410214ce91ba779d94c82c7d58648110a4aac0c4246990ecc43bba,0.011173145845532417,0.0709998744727486,0.7660369892719832,0.7487896457314491,0.38927299343049526,0.6793390303850172
residual_v2,45,three_hole_asymmetric,141,private-source://routeA_experiments/data/final_ood_frozen_v1/three_hole_asymmetric/sample_0141.npz,581b8c08fb25b0697b98b87164ebaafe6cd559b41136643d44f9de35e975d7b9,0.011101200245320797,0.06654603340240776,0.9884761510822586,0.9796753823757172,0.3265474811196327,0.7818681281059979
residual_v2,45,three_hole_asymmetric,142,private-source://routeA_experiments/data/final_ood_frozen_v1/three_hole_asymmetric/sample_0142.npz,578e8f60d4da9f74071ab8374b88b7be266d5d1e67dec13929a7acf811b163a8,0.010521813295781612,0.07334209715704663,1.0151222023173374,0.9836351573467255,0.35403816867619753,0.8300404913723465
residual_v2,45,three_hole_asymmetric,143,private-source://routeA_experiments/data/final_ood_frozen_v1/three_hole_asymmetric/sample_0143.npz,b6b2551b71fdf3da0d4ca84d9f08c6aa2f3008f1962bd943296cbf9612880efc,0.011092170141637325,0.05589894404363839,0.9014746783886358,0.9216538742184639,0.22720507392659783,0.7907822839915742
residual_v2,45,three_hole_asymmetric,144,private-source://routeA_experiments/data/final_ood_frozen_v1/three_hole_asymmetric/sample_0144.npz,8329648a6f54e17ec6911f4a2a43086a79f241b8ea2247f84b00d977ee02610d,0.010581019334495068,0.050786730828424984,0.976107594764361,0.9749560430645943,0.2121721198054729,0.7541137322783467
residual_v2,45,three_hole_asymmetric,145,private-source://routeA_experiments/data/final_ood_frozen_v1/three_hole_asymmetric/sample_0145.npz,9e07276be4c9a737eae17e3917bc3cdc5d0dfa1bce9663bd981f358519eb110c,0.01047568954527378,0.07525681160990687,0.8300762036733605,0.8082122504711151,0.4245457607321441,0.6115095049142837
residual_v2,45,three_hole_asymmetric,146,private-source://routeA_experiments/data/final_ood_frozen_v1/three_hole_asymmetric/sample_0146.npz,67f3ee8daff2c978cbe4cd399a7f2ad4874665b5c644a341c057c304af1127c1,0.011140531860291958,0.06224479129396169,0.8585910319777769,0.8581819981336594,0.3007097609806806,0.7449756067246197
residual_v2,45,three_hole_asymmetric,147,private-source://routeA_experiments/data/final_ood_frozen_v1/three_hole_asymmetric/sample_0147.npz,e85347f74d9b0184043eda85a8b0b42fe6515b3c49ceeec50b7b4d6dfff4a07d,0.010455268435180187,0.05652639811394647,0.7226585054473994,0.8065970242023468,0.3644173592329025,0.7009825810790059
residual_v2,45,three_hole_asymmetric,148,private-source://routeA_experiments/data/final_ood_frozen_v1/three_hole_asymmetric/sample_0148.npz,245fe71d4768340cf55e028f00a51ef269352046fcee78a0376200f4998c9360,0.010560993105173111,0.044171997709203464,0.6954967964099029,0.7625017166137695,0.23437714576721191,0.5222806215286254
residual_v2,45,three_hole_asymmetric,149,private-source://routeA_experiments/data/final_ood_frozen_v1/three_hole_asymmetric/sample_0149.npz,e4131c7833d7b32f7f309cc922c788dde6f66644cd7c84c3995c3e66ca6ec058,0.011077219620347023,0.05489768633293733,0.9983423292340863,0.9526934325695038,0.24817567318677902,0.7634203545749186
residual_v2,45,three_hole_asymmetric,150,private-source://routeA_experiments/data/final_ood_frozen_v1/three_hole_asymmetric/sample_0150.npz,14d7c4793f64ce9d612ac24093c5fbe0dae12baa2ebcc0e606416070b0010be4,0.011150192469358444,0.06306146268660749,1.0045619983385747,0.9458457380533218,0.2909121074480936,0.7329292722046371
residual_v2,45,three_hole_asymmetric,151,private-source://routeA_experiments/data/final_ood_frozen_v1/three_hole_asymmetric/sample_0151.npz,3c828906fd7ab01c163402ae535f03a420e0b8d29d63467e8f5e0ac8bb2069f1,0.011110193096101284,0.06239260598785378,0.776190826617373,0.8576694428920746,0.30476178880780935,0.668207164108753
residual_v2,45,three_hole_asymmetric,152,private-source://routeA_experiments/data/final_ood_frozen_v1/three_hole_asymmetric/sample_0152.npz,2dd677fdf441a2d0d82994893dd167d20bc429686f9d05c84662f972384de6c2,0.011148710735142231,0.05396939863184003,0.9306758698810479,0.9186753034591675,0.243412833660841,0.7869582422077648
residual_v2,45,three_hole_asymmetric,153,private-source://routeA_experiments/data/final_ood_frozen_v1/three_hole_asymmetric/sample_0153.npz,e09e2ec653206737b870b71f517fcc81353db939fd7d890bfde2a8715648f046,0.010516264475882053,0.05834697006633872,0.9797332197798034,0.8842055127024651,0.24391243676654994,0.6816692292690268
residual_v2,45,three_hole_asymmetric,154,private-source://routeA_experiments/data/final_ood_frozen_v1/three_hole_asymmetric/sample_0154.npz,354f1ec9c8bb281306006c931744c6710f378713690c48b9dfc924d8e03155dc,0.010504079051315784,0.060840356266502624,0.8025773763803652,0.8170236498117447,0.28173474967479706,0.6783544450998304
residual_v2,45,three_hole_asymmetric,155,private-source://routeA_experiments/data/final_ood_frozen_v1/three_hole_asymmetric/sample_0155.npz,4feb6d42b1ba8f3891917e887c391dac5ab83213398859f8c4d1343a08f81523,0.011064715683460236,0.04126827555345338,0.7401568734425396,0.7672296166419983,0.1746789552271366,0.5300087034702273
residual_v2,45,three_hole_asymmetric,156,private-source://routeA_experiments/data/final_ood_frozen_v1/three_hole_asymmetric/sample_0156.npz,2ed681cf4ebe76dc5ff83597e8f424f37faa8aa01f50048685eb1a9f8504ef64,0.010506810620427132,0.058034705747694,0.849720177132001,0.9104365184903145,0.2933571860194206,0.6162447258830069
residual_v2,45,three_hole_asymmetric,157,private-source://routeA_experiments/data/final_ood_frozen_v1/three_hole_asymmetric/sample_0157.npz,8f86d834f785485f1110f7ae10b681508b7fb7293834bdeabad4cd9e0ff581e7,0.011087059043347836,0.053510201940343026,0.7160295717323857,0.7403033971786499,0.29484137147665024,0.5400576658546921
residual_v2,45,three_hole_asymmetric,158,private-source://routeA_experiments/data/final_ood_frozen_v1/three_hole_asymmetric/sample_0158.npz,b7838937a002adfbc7581e42e80020a5cc8ff317b9ef609ec1903087a3d31c3e,0.010478721931576729,0.05771501113093183,0.8200793755761328,0.862544059753418,0.28053779480978847,0.6716332852840421
residual_v2,45,three_hole_asymmetric,159,private-source://routeA_experiments/data/final_ood_frozen_v1/three_hole_asymmetric/sample_0159.npz,7ec05d300291c51dfc519a7d08b75bd3be917f67a3673dfe18849f585f9f709e,0.010458751581609249,0.053337002959851755,0.6947583771355781,0.7331208437681198,0.2468644306063652,0.5462241932749748
residual_v2,45,three_hole_asymmetric,160,private-source://routeA_experiments/data/final_ood_frozen_v1/three_hole_asymmetric/sample_0160.npz,406b5d01c559ad3764a887df63a81ab6aeb54deb0e03ab5546863badf9a16f35,0.010442989878356457,0.051219779324810887,1.0511327784276536,0.939118042588234,0.2090832117246464,0.5722879853099571
residual_v2,45,three_hole_asymmetric,161,private-source://routeA_experiments/data/final_ood_frozen_v1/three_hole_asymmetric/sample_0161.npz,e022a734e6aba3a7301b06bd77c79e73047ff290f57525b8dee053bdfa5b4988,0.011085526086390018,0.04385780491994062,0.6803546708945146,0.6864905953407288,0.26182276755571365,0.6172842800617216
residual_v2,45,three_hole_asymmetric,162,private-source://routeA_experiments/data/final_ood_frozen_v1/three_hole_asymmetric/sample_0162.npz,2b13f73876bba396b8fa67ab174be82ee1a554b9e4c19a3a7412ffc39aba0b13,0.011144489981234074,0.05613912829092328,0.7421022587522,0.780710756778717,0.29961905628442764,0.5947105377912518
residual_v2,45,three_hole_asymmetric,163,private-source://routeA_experiments/data/final_ood_frozen_v1/three_hole_asymmetric/sample_0163.npz,e9b740089bb1f2d4e21a0999405d9bdba3a57bd51c7e58ea5ed47d11ee6595a2,0.011053848080337048,0.04769860700833172,0.8371345581283723,0.8473737239837646,0.25611547008156776,0.6828518062829957
residual_v2,45,three_hole_asymmetric,164,private-source://routeA_experiments/data/final_ood_frozen_v1/three_hole_asymmetric/sample_0164.npz,9f206330bd07c9c4847fddf539ce746ee66390d885f3c33bc1d444adbbd318ac,0.01115279272198677,0.05730347861587009,0.6203849646746634,0.6069531738758087,0.34406067430973053,0.5320814457722006
residual_v2,45,three_hole_asymmetric,165,private-source://routeA_experiments/data/final_ood_frozen_v1/three_hole_asymmetric/sample_0165.npz,59ec0f1c680bf9149906ed38b4dd3a4aa7612d7147f9c53c5dcfa06ecca43366,0.011134743690490723,0.06467734486016033,0.8271268683555328,0.8600453734397888,0.3857769537717104,0.7377109721302986
residual_v2,45,three_hole_asymmetric,166,private-source://routeA_experiments/data/final_ood_frozen_v1/three_hole_asymmetric/sample_0166.npz,acdabcd30120f1b891f11b4fee7490ecf1c73a42827cec6684949a026c1d238b,0.010478219017386436,0.06686297131661526,0.8073506194496028,0.8153128027915955,0.32742816396057606,0.7013377536088219
residual_v2,45,three_hole_asymmetric,167,private-source://routeA_experiments/data/final_ood_frozen_v1/three_hole_asymmetric/sample_0167.npz,2d64cbb7ed13e9d5493b3bcffc548a37e43f77cfe686d4bd90f395d9b3dedcd2,0.01053669024258852,0.057118189844296126,0.937309399479742,0.9618167355656624,0.2487126998603344,0.693658373504876
residual_v2,45,three_hole_asymmetric,168,private-source://routeA_experiments/data/final_ood_frozen_v1/three_hole_asymmetric/sample_0168.npz,ce1811b3b58e1cf01845e9ffb4fac5caa62f765929be1337c8260c13d9b65d5d,0.010559845715761185,0.05336558160765843,1.0663631790427084,0.9910873994231224,0.22283091091048846,0.7119714844971883
residual_v2,45,three_hole_asymmetric,169,private-source://routeA_experiments/data/final_ood_frozen_v1/three_hole_asymmetric/sample_0169.npz,c8bdae4b5e47fcfb5a99f1ccde0ca1ecf2011b5c092fc8bd8e61595f8c50518c,0.010547486133873463,0.04836551403756101,0.9318273973534952,0.9259564876556396,0.22516155242919922,0.7106050617992862
residual_v2,45,three_hole_asymmetric,170,private-source://routeA_experiments/data/final_ood_frozen_v1/three_hole_asymmetric/sample_0170.npz,33251f1d994ef521e7ed6646d939e7b5f6ae05ade833fce7f91910e3aa7b2d74,0.010540034621953964,0.062480332611700384,0.9730536420667845,0.9608010649681091,0.26281839283183217,0.7449074409902094
residual_v2,45,three_hole_asymmetric,171,private-source://routeA_experiments/data/final_ood_frozen_v1/three_hole_asymmetric/sample_0171.npz,3304230b1d8bbdd9fc2dfda78714484a468749cddd223bba1c2dbf29c548831e,0.010464063845574856,0.060622527894693246,0.6858687486805546,0.7326820194721222,0.3378409594297409,0.6107462093234061
residual_v2,45,three_hole_asymmetric,172,private-source://routeA_experiments/data/final_ood_frozen_v1/three_hole_asymmetric/sample_0172.npz,a740cace37940a1e2252703d9381d4b9f3f3b166a52d68121a24aaca6473c237,0.011173132807016373,0.062468732472525774,0.8379625638155478,0.8594289124011993,0.33042246848344803,0.7663059160113332
residual_v2,45,three_hole_asymmetric,173,private-source://routeA_experiments/data/final_ood_frozen_v1/three_hole_asymmetric/sample_0173.npz,7fbe985e9871b0fea23dcd48b5658d0febd6965ccb34e4430a248d8ea7884c13,0.011135851964354515,0.051089518638123846,0.841707024793099,0.8610809743404388,0.2271117102354765,0.6544116996228693
residual_v2,45,three_hole_asymmetric,174,private-source://routeA_experiments/data/final_ood_frozen_v1/three_hole_asymmetric/sample_0174.npz,71542cbeea7c7322472596a11b9ea2cf6285893af2fd8caaacd78a77cf1d83fd,0.011148575693368912,0.04687940587430645,0.6104672323442707,0.7065494954586029,0.23874901235103607,0.5102849334478374
residual_v2,45,three_hole_asymmetric,175,private-source://routeA_experiments/data/final_ood_frozen_v1/three_hole_asymmetric/sample_0175.npz,0f2191f55e786a9cc0197b9d38b5849150523e7f0e95da026a8b7282892dd7e7,0.01111658290028572,0.06454477060552197,1.0231876461920564,1.0028939247131348,0.30292671732604504,0.7552782706916309
residual_v2,45,three_hole_asymmetric,176,private-source://routeA_experiments/data/final_ood_frozen_v1/three_hole_asymmetric/sample_0176.npz,1d5d110e1725a11891d26e004b83d93d33e264f9f0cc612cea71237c93485c91,0.011070583015680313,0.06522577468901702,0.7732316299318776,0.8710466921329498,0.3512922152876854,0.7177630111575121
residual_v2,45,three_hole_asymmetric,177,private-source://routeA_experiments/data/final_ood_frozen_v1/three_hole_asymmetric/sample_0177.npz,491128641f9815a0257fe2c5da3e9ef510909b89c7efe14041aaf988dd54d374,0.011088495142757893,0.0606481333669626,0.966724721991726,0.9622102379798889,0.2959769293665886,0.7682142352685328
residual_v2,45,three_hole_asymmetric,178,private-source://routeA_experiments/data/final_ood_frozen_v1/three_hole_asymmetric/sample_0178.npz,8ad8976324d69fa900282a701c1176bec4bd066428ab6af4d07f98b6226c1440,0.01054825447499752,0.07439390366825681,0.9356190223242259,0.9111669212579727,0.4068104885518551,0.8141543924808501
residual_v2,45,three_hole_asymmetric,179,private-source://routeA_experiments/data/final_ood_frozen_v1/three_hole_asymmetric/sample_0179.npz,ed3c4408215897e333b3a88a790f6b3b965edbc5f729ee1ca00b514638a22db3,0.01048352476209402,0.05193429759966376,0.4918912512990713,0.5899606943130493,0.22691572830080986,0.43439630120992656
residual_v2,45,three_hole_asymmetric,180,private-source://routeA_experiments/data/final_ood_frozen_v1/three_hole_asymmetric/sample_0180.npz,026ec17f7ba5561155ad7d2d26d4b774202c9e9d3be82846603703294b1c6599,0.010463365353643894,0.06421808937329619,0.9172690464884317,0.9536620676517487,0.30836711172014475,0.7814538445323703
residual_v2,45,three_hole_asymmetric,181,private-source://routeA_experiments/data/final_ood_frozen_v1/three_hole_asymmetric/sample_0181.npz,ae31a16b8c81593e19306a84399bfd2a84ac55c7910ef8823c67abd4642aa2f6,0.010484199970960617,0.059589097997690715,0.7637988693138976,0.7899077385663986,0.25001027435064316,0.5699264720082279
residual_v2,45,three_hole_asymmetric,182,private-source://routeA_experiments/data/final_ood_frozen_v1/three_hole_asymmetric/sample_0182.npz,3c898c6349f36f90b3d5a9fe1ea363190f3864ec9904027b2c82073b2f828008,0.010466533713042736,0.05638925889495733,0.8028042671566888,0.8868322968482971,0.2774253860116005,0.7171695411205272
residual_v2,45,three_hole_asymmetric,183,private-source://routeA_experiments/data/final_ood_frozen_v1/three_hole_asymmetric/sample_0183.npz,7960bd5136007fe9e53aaf26195ec050cd3f170be4ea0892e9c50801de1e2a57,0.010549935512244701,0.061371270551683406,0.8697079661506726,0.9248406291007996,0.32059061992913485,0.7457761205732799
residual_v2,45,three_hole_asymmetric,184,private-source://routeA_experiments/data/final_ood_frozen_v1/three_hole_asymmetric/sample_0184.npz,d0af476fd13dfb1d250ce9a4ca56a9e4e7747143d266e251a2d3bed91fdc35c3,0.010516373440623283,0.06462327135908866,0.6667364040959576,0.7044574618339539,0.3115704283118248,0.5133809462189671
residual_v2,45,three_hole_asymmetric,185,private-source://routeA_experiments/data/final_ood_frozen_v1/three_hole_asymmetric/sample_0185.npz,825925d58976a37ca694d695a027e07bfbaaceb34012d307f2f1821037baf144,0.010490898974239826,0.06209042124310192,0.8916222680514837,0.8844876289367676,0.3255004771053791,0.738438461720943
residual_v2,45,three_hole_asymmetric,186,private-source://routeA_experiments/data/final_ood_frozen_v1/three_hole_asymmetric/sample_0186.npz,77e809def7ac8044a4e55b9ef623158afda39a6477b671e128605d4b47566db6,0.010460050776600838,0.05571349672662889,0.9629415470207388,0.9642369523644447,0.22681426326744258,0.6742279961705206
residual_v2,45,three_hole_asymmetric,187,private-source://routeA_experiments/data/final_ood_frozen_v1/three_hole_asymmetric/sample_0187.npz,d41acb81beffee4db9203e1cf0266797359f026ace1ea8ca9bcd6ccb1e2af128,0.01050789188593626,0.058729209222438024,0.740766183464756,0.7239432036876678,0.287414725869894,0.5758894436061376
residual_v2,45,three_hole_asymmetric,188,private-source://routeA_experiments/data/final_ood_frozen_v1/three_hole_asymmetric/sample_0188.npz,0ee1d93b5b155a3545c539b9ebd208096d5da786ac320abbe96a9ddff30d88d7,0.010587482713162899,0.05714841948648369,0.7697772273231434,0.6995232552289963,0.27942848950624466,0.4925066009163855
residual_v2,45,three_hole_asymmetric,189,private-source://routeA_experiments/data/final_ood_frozen_v1/three_hole_asymmetric/sample_0189.npz,70be7056cd13692af26bab63a3df9b9a64678831ef39fdb9582375ceecca7edf,0.010514450259506702,0.06001421131987976,1.0697425343130476,0.9817394278943539,0.2624813291768078,0.6789511014707371
residual_v2,45,three_hole_asymmetric,190,private-source://routeA_experiments/data/final_ood_frozen_v1/three_hole_asymmetric/sample_0190.npz,a8c424ee2056e12af66d0be34289a252d77172e5cb127ec57c8550e3415ab90b,0.011125343851745129,0.06161435911206491,0.8845298470798922,0.8968001902103424,0.3053906373679638,0.6637459460645907
residual_v2,45,three_hole_asymmetric,191,private-source://routeA_experiments/data/final_ood_frozen_v1/three_hole_asymmetric/sample_0191.npz,26c2bd071beec9742e0a4f1e5466aa608a15434494059de80e606e4679fa8ed3,0.011180614121258259,0.060863770029100796,0.9010064749938419,0.9186331629753113,0.2697047032415867,0.7590302113443613
residual_v2,45,three_hole_asymmetric,192,private-source://routeA_experiments/data/final_ood_frozen_v1/three_hole_asymmetric/sample_0192.npz,40d02fa0627c6deec298290103575257705efed18a0e5475ecaa7bf465aa9b99,0.011119823902845383,0.06372623850350162,0.8164695039047023,0.8544075787067413,0.34760937094688416,0.6870125979185101
residual_v2,45,three_hole_asymmetric,193,private-source://routeA_experiments/data/final_ood_frozen_v1/three_hole_asymmetric/sample_0193.npz,e2291d430c4ed65b595a26a1bfd29617e6a29836d02a7642cee85cd276392050,0.011132135055959225,0.06403394995257013,0.8069924468282359,0.8235603868961334,0.28949009254574776,0.6969960339367386
residual_v2,45,three_hole_asymmetric,194,private-source://routeA_experiments/data/final_ood_frozen_v1/three_hole_asymmetric/sample_0194.npz,31e35937f5e42fb742834cdcb1fc165dd1ffc423ac83933409ddf9f346655de1,0.011079885065555573,0.07425891364826616,0.6754574689118383,0.7732310891151428,0.3334459625184536,0.6137329723685975
residual_v2,45,three_hole_asymmetric,195,private-source://routeA_experiments/data/final_ood_frozen_v1/three_hole_asymmetric/sample_0195.npz,40442c552a2016d07c97d9c05bd7232ba672eeab612657250b9c7529d4f8fba5,0.010431751608848572,0.0634988919976855,0.6289059399765494,0.6691702902317047,0.2930638361722231,0.46276476234197617
residual_v2,45,three_hole_asymmetric,196,private-source://routeA_experiments/data/final_ood_frozen_v1/three_hole_asymmetric/sample_0196.npz,dd2106f958610c899c170e0e932d315a715401be9a89fd9bfb0ce4af7422b23f,0.010533962398767471,0.06609882345772015,0.9345668665159799,0.913782998919487,0.4021850489079952,0.7910062409937378
residual_v2,45,three_hole_asymmetric,197,private-source://routeA_experiments/data/final_ood_frozen_v1/three_hole_asymmetric/sample_0197.npz,aa854427cd50f074116bdad2e4371e42c0402350e5d180482ef4c364d2ad2cf8,0.010465411469340324,0.07045374745199867,0.7122839649594114,0.9137366265058517,0.3235824075527489,0.5533033788204192
residual_v2,45,three_hole_asymmetric,198,private-source://routeA_experiments/data/final_ood_frozen_v1/three_hole_asymmetric/sample_0198.npz,f829be15d56c832505226b17681dbe66656bc2100714eb438d609a588f6574fe,0.01048007421195507,0.053593206195514415,0.65285998578101,0.7501165866851807,0.30588702112436295,0.6229014217853538
residual_v2,45,three_hole_asymmetric,199,private-source://routeA_experiments/data/final_ood_frozen_v1/three_hole_asymmetric/sample_0199.npz,52333eb8bbb0f95e069bd2d38db9cab28b55c6f86387da7cd28a27818fe1041a,0.010454920120537281,0.062191226228627536,0.8084205670610596,0.951316624879837,0.2874078927561641,0.7622746974229807
