model,training_seed,shape,sample_id,sample_file,sample_sha256,inference_seconds,mae,relative_l2,max_abs_error,p95_abs_error,p99_abs_error
residual_v2,46,polygonal_holes,0,private-source://routeA_experiments/data/prospective_ood_rd_hddm_alpha001_v2/polygonal_holes/sample_0000.npz,2813ec3127ac6b2d6e5ea2bdec57dc3842288d486f16a3ac630d975e79544104,0.012279865331947803,0.05969817828036099,0.9364253731293687,0.944267138838768,0.2524256594479083,0.7197572764754295
residual_v2,46,polygonal_holes,1,private-source://routeA_experiments/data/prospective_ood_rd_hddm_alpha001_v2/polygonal_holes/sample_0001.npz,9d77838f7901837e5e6668df3993510bb8ecebaae9c24dafd7c33dd27713ca91,0.012165539897978306,0.06224775544747356,0.6145462631382255,0.7754699885845184,0.33279002308845496,0.5674218991398808
residual_v2,46,polygonal_holes,2,private-source://routeA_experiments/data/prospective_ood_rd_hddm_alpha001_v2/polygonal_holes/sample_0002.npz,64d684a0c62d3af4e0e79525c5a8144d60264714c3b90c3683941cb3669199db,0.012148410081863403,0.059668497877069945,0.7123546021581514,0.8060509860515594,0.24902816265821437,0.6639208969473839
residual_v2,46,polygonal_holes,3,private-source://routeA_experiments/data/prospective_ood_rd_hddm_alpha001_v2/polygonal_holes/sample_0003.npz,cee6732562ef0f85cfd1d4207fb826b90bc31335f8fdf22bc7991a2b2d3e3818,0.011444016359746456,0.047203275798858614,0.4699055433963412,0.6050916314125061,0.2377252697944641,0.5024254158139229
residual_v2,46,polygonal_holes,4,private-source://routeA_experiments/data/prospective_ood_rd_hddm_alpha001_v2/polygonal_holes/sample_0004.npz,f922f8aa230eb7f988651778a187a8f75ff947a239987aa900cd3c050a887ec0,0.011430044658482075,0.06082735595107389,0.7423948849465457,0.8467342853546143,0.35153658986091607,0.6572210261225699
residual_v2,46,polygonal_holes,5,private-source://routeA_experiments/data/prospective_ood_rd_hddm_alpha001_v2/polygonal_holes/sample_0005.npz,7aa5ae995dda3a749c78e6b8b3aff037f07301dbda012f49af7c1983a95fd554,0.01137701328843832,0.05542879869625903,1.0321413047708228,0.9498293399810791,0.2249130476266145,0.643363731652498
residual_v2,46,polygonal_holes,6,private-source://routeA_experiments/data/prospective_ood_rd_hddm_alpha001_v2/polygonal_holes/sample_0006.npz,a2ab3adff33e2b825261f9f156651d6d226b45d7900ef8697f84935c734df80a,0.011432110331952572,0.04501473864906403,0.4983437021399264,0.6059412360191345,0.24783239513635633,0.4696781608462334
residual_v2,46,polygonal_holes,7,private-source://routeA_experiments/data/prospective_ood_rd_hddm_alpha001_v2/polygonal_holes/sample_0007.npz,b504795f95e5481635b933ab900699fe66f38076ab5132e6b57a48c641abbf2b,0.011394403874874115,0.050518221967530426,0.6804269493594077,0.774798184633255,0.21398042440414367,0.5888506653904915
residual_v2,46,polygonal_holes,8,private-source://routeA_experiments/data/prospective_ood_rd_hddm_alpha001_v2/polygonal_holes/sample_0008.npz,b93c334e8e48c8fd6d52b05cd3ff40f15d4f5cc62702a435f3e0247d6b59a334,0.012859409675002098,0.04736128160636528,0.565507105074311,0.6737934947013855,0.28783407658338533,0.5805598413944244
residual_v2,46,polygonal_holes,9,private-source://routeA_experiments/data/prospective_ood_rd_hddm_alpha001_v2/polygonal_holes/sample_0009.npz,f2ef70e3326ae2f2447ff2754173f923c307e7972ebbe15dd38aabeb5f047c49,0.012902134098112583,0.0520763586175292,0.5547926544769153,0.6694898009300232,0.25223121456801884,0.4755897915363311
residual_v2,46,polygonal_holes,10,private-source://routeA_experiments/data/prospective_ood_rd_hddm_alpha001_v2/polygonal_holes/sample_0010.npz,0078bb96d0f452027931ba3a5cabdd927aa298f7c3cb3cc2d89e7cb23acaf539,0.012900877743959427,0.06227158858716415,0.693618621406907,0.8231523036956787,0.37031767815351485,0.7045267695188521
residual_v2,46,polygonal_holes,11,private-source://routeA_experiments/data/prospective_ood_rd_hddm_alpha001_v2/polygonal_holes/sample_0011.npz,9ee5588e761180b233891dd5a6f16fa8ca4f4c5906cdb841e4c8020cee441584,0.01288541592657566,0.044625623494075624,0.3687275108621096,0.4593696594238281,0.20717205405235278,0.3670013257861137
residual_v2,46,polygonal_holes,12,private-source://routeA_experiments/data/prospective_ood_rd_hddm_alpha001_v2/polygonal_holes/sample_0012.npz,9cdd74ea7cb7425efc2f3f4d80c0363bd50ea50709fe03b3d060f71ff605dd84,0.012852237559854984,0.06707981430815102,0.8240417641751147,0.9210076630115509,0.3846834897994994,0.8086983013153076
residual_v2,46,polygonal_holes,13,private-source://routeA_experiments/data/prospective_ood_rd_hddm_alpha001_v2/polygonal_holes/sample_0013.npz,7ee1a4ed3ed8a784612d742e8ed75f38441bf2f5701f264e582c39a5158ad1ce,0.01288534328341484,0.06486271255183043,0.7604227512026615,0.8001171946525574,0.36188938319683067,0.6882202765345573
residual_v2,46,polygonal_holes,14,private-source://routeA_experiments/data/prospective_ood_rd_hddm_alpha001_v2/polygonal_holes/sample_0014.npz,d1818732f452567ad0ecd2f58c757bb8290572b117528bb1e5aaefa970313cc6,0.012814278714358807,0.056193103196599044,0.699862074392007,0.8086123764514923,0.36117768436670294,0.729896523952484
residual_v2,46,polygonal_holes,15,private-source://routeA_experiments/data/prospective_ood_rd_hddm_alpha001_v2/polygonal_holes/sample_0015.npz,445b87e8c24a47bfb4d118389ef483a360b0d5074dc815ae35513aab4a27864d,0.012878336943686008,0.06122204551358057,0.7672766015927185,0.8531975150108337,0.32374910973012444,0.6941551595926284
residual_v2,46,polygonal_holes,16,private-source://routeA_experiments/data/prospective_ood_rd_hddm_alpha001_v2/polygonal_holes/sample_0016.npz,1a99ec371d63848f62228b959ed0924574356c0cccfdd1260268c8dfa0c9cdb0,0.012907520867884159,0.06033398255500466,1.1287454874481846,0.9182762131094933,0.24954253534087908,0.641658560633659
residual_v2,46,polygonal_holes,17,private-source://routeA_experiments/data/prospective_ood_rd_hddm_alpha001_v2/polygonal_holes/sample_0017.npz,0cdbf63c17b90ff3b3512ee0966f5d174bfb3232348a9e49b05f2d9ee4d89a26,0.01286628283560276,0.0526256758177298,0.6455471116450591,0.7324780821800232,0.2920075595378875,0.6348128670454024
residual_v2,46,polygonal_holes,18,private-source://routeA_experiments/data/prospective_ood_rd_hddm_alpha001_v2/polygonal_holes/sample_0018.npz,47317c8f9d3ed8f1a54c8b96ba91af510560b8aa7f805ade7143c1d16ca55e66,0.012879530899226665,0.04417682908905843,0.3891475724144428,0.4827963411808014,0.20932013019919396,0.35248634338378904
residual_v2,46,polygonal_holes,19,private-source://routeA_experiments/data/prospective_ood_rd_hddm_alpha001_v2/polygonal_holes/sample_0019.npz,14a537fef9ee78090f18c68c7c2bb65ef6d197ce349231291c03aa4206e7dbef,0.012860437855124474,0.058868279976964887,0.7566516783537827,0.8512929081916809,0.3048366770148277,0.6602881804108619
residual_v2,46,polygonal_holes,20,private-source://routeA_experiments/data/prospective_ood_rd_hddm_alpha001_v2/polygonal_holes/sample_0020.npz,7c814a3de56a037a81fd975f53b5567efeb9d9662b615203546bc0899290fd90,0.012871505692601204,0.040802157975429056,0.449243766813879,0.6508936583995819,0.1859374336898325,0.5089350351691245
residual_v2,46,polygonal_holes,21,private-source://routeA_experiments/data/prospective_ood_rd_hddm_alpha001_v2/polygonal_holes/sample_0021.npz,8ce53160fe69d5b6413cde92d321f24dc4d1d44cc5f0f2a3eca07d60a4da1104,0.012893185019493103,0.0542913918085656,0.5292765305573776,0.5721176862716675,0.1996714526874711,0.4296869027614593
residual_v2,46,polygonal_holes,22,private-source://routeA_experiments/data/prospective_ood_rd_hddm_alpha001_v2/polygonal_holes/sample_0022.npz,ebe02bed5b22de6ec65b6c54aaa34f7a9e9daf45fb56c3455386ee7beeca83bd,0.01287554856389761,0.06361455841773268,0.8662933879243363,0.9248229265213013,0.350572533905506,0.7553804206848145
residual_v2,46,polygonal_holes,23,private-source://routeA_experiments/data/prospective_ood_rd_hddm_alpha001_v2/polygonal_holes/sample_0023.npz,d6cabc05bb35909896ec365f876db62334e617b13b08c9e40694e2791b0db121,0.01292108278721571,0.04974526143162519,0.5844131103251504,0.7101604342460632,0.2931081116199493,0.5892045539617536
residual_v2,46,polygonal_holes,24,private-source://routeA_experiments/data/prospective_ood_rd_hddm_alpha001_v2/polygonal_holes/sample_0024.npz,cc607c6b4a44a20de7c0d072b11d3585668469f46fe26a9e5a4601a8839b18e3,0.012890881858766079,0.05086629827623508,0.7061355336978159,0.8067743182182312,0.2331316761672495,0.5629021622240541
residual_v2,46,polygonal_holes,25,private-source://routeA_experiments/data/prospective_ood_rd_hddm_alpha001_v2/polygonal_holes/sample_0025.npz,6624bf5fe6d196079fb76fb31c85860e096a142c03b130cd1e70002ae755b942,0.012863466516137123,0.07746605627397452,0.7624338665255602,0.8050797581672668,0.3489735566079614,0.6352891215682028
residual_v2,46,polygonal_holes,26,private-source://routeA_experiments/data/prospective_ood_rd_hddm_alpha001_v2/polygonal_holes/sample_0026.npz,c98d8e8d3d0a88d1da87415faeb5bf9178e88e1f30adc9ecf7cd6cf0dbd9277f,0.012845508754253387,0.05823081690630542,0.5763549371266595,0.718267560005188,0.23280894011259054,0.5632406356930733
residual_v2,46,polygonal_holes,27,private-source://routeA_experiments/data/prospective_ood_rd_hddm_alpha001_v2/polygonal_holes/sample_0027.npz,a8830b8166a10f61db4814b54f56ca4808e3c93da85d47b565e4eddec6598b7d,0.012887374497950077,0.051260200779970545,0.5757055931275351,0.7964327335357666,0.2857325926423071,0.5796062192320823
residual_v2,46,polygonal_holes,28,private-source://routeA_experiments/data/prospective_ood_rd_hddm_alpha001_v2/polygonal_holes/sample_0028.npz,7a7df2263baaa71cbccf62f82307a4ec9364e586142fc46aecffcb33cae7cae8,0.012845300137996674,0.055663360285275555,0.6742148864257945,0.7230539321899414,0.3296639077365393,0.6280372416973113
residual_v2,46,polygonal_holes,29,private-source://routeA_experiments/data/prospective_ood_rd_hddm_alpha001_v2/polygonal_holes/sample_0029.npz,1792cfc778015639447d8549da9e8e6ae065b2de6e8a35808550ab1f2eaa6d12,0.012901071459054947,0.04735453206290711,0.6963348136943902,0.7746071815490723,0.2802766814827917,0.6469417291879653
residual_v2,46,polygonal_holes,30,private-source://routeA_experiments/data/prospective_ood_rd_hddm_alpha001_v2/polygonal_holes/sample_0030.npz,0361f263ac7c96ee87583959a04a88d5d85ed0d0bf6e7d378681151774f385f2,0.012905648909509182,0.04119802818163685,0.45313582162243854,0.5783565640449524,0.2048189563211053,0.4588348051905632
residual_v2,46,polygonal_holes,31,private-source://routeA_experiments/data/prospective_ood_rd_hddm_alpha001_v2/polygonal_holes/sample_0031.npz,05f616ed447a9ab8e71b77b9398fe7f5bdca3822ed0cb7c0b89a4802fff7e34a,0.012882946990430355,0.052658756183875,0.5323957302659416,0.7737708985805511,0.23060888499021528,0.42948398917913433
residual_v2,46,polygonal_holes,32,private-source://routeA_experiments/data/prospective_ood_rd_hddm_alpha001_v2/polygonal_holes/sample_0032.npz,b84ee66df3e51a313acfa70a8d8f17e55d0f28293bfc848be6da74369c6efe7e,0.012875720858573914,0.05884298499686641,0.6431978005289212,0.7866728901863098,0.3686026506125925,0.666796423792839
residual_v2,46,polygonal_holes,33,private-source://routeA_experiments/data/prospective_ood_rd_hddm_alpha001_v2/polygonal_holes/sample_0033.npz,daa13b8f28a70003a1c8a3b22cc6fb6ba7cd514feb1f0dde8861d77cced138db,0.012884609401226044,0.0611880314701124,0.7323030962262558,0.7940758466720581,0.30197383239865294,0.6778739568591118
residual_v2,46,polygonal_holes,34,private-source://routeA_experiments/data/prospective_ood_rd_hddm_alpha001_v2/polygonal_holes/sample_0034.npz,f1007728ae6fc8cc7b887f70cb682b003162557fe09bc505313c9852da9b0395,0.011439762078225613,0.06418732860616691,0.7782902193429522,0.853967010974884,0.3365827426314354,0.6367295473814009
residual_v2,46,polygonal_holes,35,private-source://routeA_experiments/data/prospective_ood_rd_hddm_alpha001_v2/polygonal_holes/sample_0035.npz,74480bc8be2b0c3f792eeafe7931aa43f6eabf7fab66f1f8889ff83f9343aacf,0.01138713676482439,0.04069581405216973,0.3933878940719577,0.523045539855957,0.1988847330212592,0.3905226722359657
residual_v2,46,polygonal_holes,36,private-source://routeA_experiments/data/prospective_ood_rd_hddm_alpha001_v2/polygonal_holes/sample_0036.npz,d380cc325dc38fac34101ad898621f7a706e5ef3145fb50b48cd8a3550e915f6,0.011439096182584763,0.045920820070186386,0.4742652891746055,0.6947556436061859,0.20461399555206272,0.543364970088005
residual_v2,46,polygonal_holes,37,private-source://routeA_experiments/data/prospective_ood_rd_hddm_alpha001_v2/polygonal_holes/sample_0037.npz,562b92269c11eb7a4d6d2b96c70e8334d3b1e90f788bd3d9e801d09a075eee3a,0.012925483286380768,0.058447844640470537,1.0727545945442005,0.9627161622047424,0.2391534995054826,0.612372403293848
residual_v2,46,polygonal_holes,38,private-source://routeA_experiments/data/prospective_ood_rd_hddm_alpha001_v2/polygonal_holes/sample_0038.npz,ad000ee37c0e1a9ba734e4dd9459946f4b3df5f603b980b12d442bca1f8ed9f9,0.012897007167339325,0.051060041334802186,0.5629324011303433,0.7235448062419891,0.24079339206218706,0.5129794812202454
residual_v2,46,polygonal_holes,39,private-source://routeA_experiments/data/prospective_ood_rd_hddm_alpha001_v2/polygonal_holes/sample_0039.npz,522d3ecbc2d9edc149dc3f03b6cf36d68fca66badfbb0f6dd3482d5e5f254b68,0.012841279618442059,0.05254756942147954,0.4946756354426914,0.6635236740112305,0.24226161744445554,0.47970444142818447
residual_v2,46,polygonal_holes,40,private-source://routeA_experiments/data/prospective_ood_rd_hddm_alpha001_v2/polygonal_holes/sample_0040.npz,254ab846e9a8b91265cad089e47a668ba206ceeb02e23540aaf1b8dded5c5277,0.012790427543222904,0.05220141869003202,0.6721278763912708,0.7463923692703247,0.2655030131340024,0.5861039200425148
residual_v2,46,polygonal_holes,41,private-source://routeA_experiments/data/prospective_ood_rd_hddm_alpha001_v2/polygonal_holes/sample_0041.npz,8c7f049970c19d0bf9df6a56540e33a405e9b6f637a802fc3a679bd78cbd2f7b,0.011407772079110146,0.05355267754502567,0.6543959353446247,0.8020090758800507,0.31484194099903107,0.6246783226728438
residual_v2,46,polygonal_holes,42,private-source://routeA_experiments/data/prospective_ood_rd_hddm_alpha001_v2/polygonal_holes/sample_0042.npz,6d8ce4ad2a0fbe386141c305df0df82390863da91466b3772de47905aac327ac,0.011393317952752113,0.0632573506134962,0.7667387737962473,0.8442350924015045,0.32874893769621844,0.6898472356796265
residual_v2,46,polygonal_holes,43,private-source://routeA_experiments/data/prospective_ood_rd_hddm_alpha001_v2/polygonal_holes/sample_0043.npz,cce44f1d73fbe7f76182aa7fd07a69f90b93524ef2f5d7c4c6a1bb4566cb8ff9,0.012891287915408611,0.06678032111772761,0.9007113446707932,0.9367415606975555,0.2771955400705334,0.7482952719926834
residual_v2,46,polygonal_holes,44,private-source://routeA_experiments/data/prospective_ood_rd_hddm_alpha001_v2/polygonal_holes/sample_0044.npz,ae4b89782186c636597bbf28ff74a3d03e0c2dbac42260653f9d140ab9229119,0.012841160409152508,0.05330604129827306,0.5629942293036799,0.6975491642951965,0.3260585814714432,0.607478688955307
residual_v2,46,polygonal_holes,45,private-source://routeA_experiments/data/prospective_ood_rd_hddm_alpha001_v2/polygonal_holes/sample_0045.npz,1777cf5189ac8f43461ae20e5ef1f4c739e91a493823c36ad21eedc9d1d3abf4,0.012871954590082169,0.055922612117755205,0.7071836872006795,0.7921570539474487,0.2841862753033637,0.620108098387718
residual_v2,46,polygonal_holes,46,private-source://routeA_experiments/data/prospective_ood_rd_hddm_alpha001_v2/polygonal_holes/sample_0046.npz,cc55794e1940c234f9da149d83ee01ead8d8277520e38b89220b19e02e70f238,0.012951644137501717,0.06054384712218896,1.1144047844003713,0.9433257728815079,0.25493320073001086,0.6586070501431822
residual_v2,46,polygonal_holes,47,private-source://routeA_experiments/data/prospective_ood_rd_hddm_alpha001_v2/polygonal_holes/sample_0047.npz,7f42f867baf3b1c126f27ae2157ef3dd2a34a07d8d1a1f5aead8d062722664f9,0.012839779257774353,0.05418604242192441,0.5849903879944679,0.7624368965625763,0.29208253026008607,0.5351362439990043
residual_v2,46,polygonal_holes,48,private-source://routeA_experiments/data/prospective_ood_rd_hddm_alpha001_v2/polygonal_holes/sample_0048.npz,6e05df606b756d9cfd5f6305cc0eac033208a8444ad64ad8e48815757862935e,0.012855366803705692,0.05672650847427351,0.8613169398046225,0.9022875428199768,0.26600198596715924,0.6993973675370216
residual_v2,46,polygonal_holes,49,private-source://routeA_experiments/data/prospective_ood_rd_hddm_alpha001_v2/polygonal_holes/sample_0049.npz,8e60acf35c436ea7681e8f6ecb99e7889c6309505da38ab1a1de5fdd50c8d25a,0.01290915533900261,0.04164663279981971,0.4819341882021358,0.6763760447502136,0.21566601991653436,0.42409034132957446
residual_v2,46,polygonal_holes,50,private-source://routeA_experiments/data/prospective_ood_rd_hddm_alpha001_v2/polygonal_holes/sample_0050.npz,67ff652aacb37c18501691c8d65846f7fd6786aa6ab39d47d601c53560a81ffb,0.012915315106511116,0.04419520017801612,0.48403513451352675,0.6584365963935852,0.22531758546829217,0.49933283537626266
residual_v2,46,polygonal_holes,51,private-source://routeA_experiments/data/prospective_ood_rd_hddm_alpha001_v2/polygonal_holes/sample_0051.npz,d178ebe9f5d54994c88f44993765bce335075010cff7e29e1ff0070188cd3350,0.01289681252092123,0.06250660334200339,1.0841606889056714,0.8952766805887222,0.2410307884798385,0.7035470040142536
residual_v2,46,polygonal_holes,52,private-source://routeA_experiments/data/prospective_ood_rd_hddm_alpha001_v2/polygonal_holes/sample_0052.npz,a3a862fcadf321c577317885abc8e5b33930f4e0f1c7fe81f71f61e570dec552,0.012915910221636295,0.04826633765790903,0.7035220900905655,0.8693647682666779,0.21343013942241668,0.5727479085326194
residual_v2,46,polygonal_holes,53,private-source://routeA_experiments/data/prospective_ood_rd_hddm_alpha001_v2/polygonal_holes/sample_0053.npz,ab5fddb822d6b9316b54ab76c4527ea073e575a3e421c7d3825dddaa22fc27e5,0.0129047567024827,0.058042468752238896,0.8980070836652622,0.9517395496368408,0.22853881223127243,0.7475686560571191
residual_v2,46,polygonal_holes,54,private-source://routeA_experiments/data/prospective_ood_rd_hddm_alpha001_v2/polygonal_holes/sample_0054.npz,a1022a21b18e6e40b38eb55a0b8587d544f733833a4d7f12d4de108015563cc3,0.012857128866016865,0.05011808279077678,0.42453811328448576,0.4723747670650482,0.23577435612678518,0.40861283421516403
residual_v2,46,polygonal_holes,55,private-source://routeA_experiments/data/prospective_ood_rd_hddm_alpha001_v2/polygonal_holes/sample_0055.npz,4365d7d047747c0c5587594149f7905cf8d0fbc2fc11cdade3a1001f8d10a489,0.012865100987255573,0.05953422175493339,0.8485361875052343,0.9006520062685013,0.3000456929206847,0.7318406477570528
residual_v2,46,polygonal_holes,56,private-source://routeA_experiments/data/prospective_ood_rd_hddm_alpha001_v2/polygonal_holes/sample_0056.npz,c64e194ceeb73588bea71d967fed493a69e7f31422958700a5a894c51dad8af4,0.012848538346588612,0.06417390977640682,0.7710888707618017,0.8173966407775879,0.3375334985554218,0.6454855367541312
residual_v2,46,polygonal_holes,57,private-source://routeA_experiments/data/prospective_ood_rd_hddm_alpha001_v2/polygonal_holes/sample_0057.npz,b7ec701204ebf0f91ed0f653ab9750798681ad55c0be7bccc78661334dd8a05a,0.01288666296750307,0.054247501539439136,0.8851458401580281,0.8334974050521851,0.21443373803049326,0.6096472483873365
residual_v2,46,polygonal_holes,58,private-source://routeA_experiments/data/prospective_ood_rd_hddm_alpha001_v2/polygonal_holes/sample_0058.npz,d7d338d7ed7396d7013682fdeda699683e01e2e0a6b355ea8245cd50209f5837,0.011401188559830189,0.05234490363691293,0.6734562836664215,0.7981687188148499,0.322006207704544,0.6515742522478101
residual_v2,46,polygonal_holes,59,private-source://routeA_experiments/data/prospective_ood_rd_hddm_alpha001_v2/polygonal_holes/sample_0059.npz,520dc2e58678e87e5e0b109e52f119bf6f1955d7aa102dba7f2e2aa5f6870b26,0.012951254844665527,0.04144933250630503,0.5958316992146061,0.7090780735015869,0.21635572910308837,0.5203098303079604
residual_v2,46,polygonal_holes,60,private-source://routeA_experiments/data/prospective_ood_rd_hddm_alpha001_v2/polygonal_holes/sample_0060.npz,65f37cdde81f35866d4ad5d443aea651ab7719a2aeaeacecb6c6f004e4a9a519,0.012851598672568798,0.061690913245662005,0.8482193425792841,0.9154309034347534,0.30122499689459803,0.7508745521306992
residual_v2,46,polygonal_holes,61,private-source://routeA_experiments/data/prospective_ood_rd_hddm_alpha001_v2/polygonal_holes/sample_0061.npz,7743695b88cdc254e55b4fad952747f08a99a59b47940f19b05996b3aacfdd4f,0.011355750262737274,0.07753359890520484,0.9807808604469547,0.964780330657959,0.39068453088402744,0.8399934113025666
residual_v2,46,polygonal_holes,62,private-source://routeA_experiments/data/prospective_ood_rd_hddm_alpha001_v2/polygonal_holes/sample_0062.npz,277f1102a42eb919881a684fdf02f8fe32f35c413c403026302cd12d4097853a,0.011380868032574654,0.05975943216533526,0.5504381608610337,0.6359391808509827,0.2625306919217107,0.5043743458390235
residual_v2,46,polygonal_holes,63,private-source://routeA_experiments/data/prospective_ood_rd_hddm_alpha001_v2/polygonal_holes/sample_0063.npz,6d764776066ab82c5cc65c85d8e8609d9930055835d54417aa78c6b4a6b03531,0.011394714005291462,0.06509275387764117,0.9195799718247142,0.9109703600406647,0.3513720944523808,0.75704438701272
residual_v2,46,polygonal_holes,64,private-source://routeA_experiments/data/prospective_ood_rd_hddm_alpha001_v2/polygonal_holes/sample_0064.npz,faf90b633e638b9635077cf9b6ad138791b71dcf9f9c87c2643fdaa9321e9469,0.01288911234587431,0.04840488365423899,0.5789332615297816,0.7189021706581116,0.26963047385215727,0.5750447535514831
residual_v2,46,polygonal_holes,65,private-source://routeA_experiments/data/prospective_ood_rd_hddm_alpha001_v2/polygonal_holes/sample_0065.npz,5a1f909a1a33de701ff5e43850c8a0f624f0fe67bb2628856e8b2ff716aa4d8f,0.011496146209537983,0.05112117720859209,0.586800934987766,0.8366349041461945,0.24631800353527064,0.5756244158744812
residual_v2,46,polygonal_holes,66,private-source://routeA_experiments/data/prospective_ood_rd_hddm_alpha001_v2/polygonal_holes/sample_0066.npz,231255ce916639b7963636d7ecd7e8496e2daf50b0681c71f8c26d117d19a6a3,0.01134677417576313,0.06249298136099292,0.663098340502926,0.709947019815445,0.340314981341362,0.5846110963821409
residual_v2,46,polygonal_holes,67,private-source://routeA_experiments/data/prospective_ood_rd_hddm_alpha001_v2/polygonal_holes/sample_0067.npz,2ea120f390b13387af7e81bbf689609188cf789c089380be9954a01ab04383ce,0.012903004884719849,0.05151563338566322,0.8258312325943467,0.9558635354042053,0.21048204153776154,0.6808549952507017
residual_v2,46,polygonal_holes,68,private-source://routeA_experiments/data/prospective_ood_rd_hddm_alpha001_v2/polygonal_holes/sample_0068.npz,99dcf586e3c772fa34c409836b87dba473578ad4267323fe4c1021c49bea2156,0.012851693667471409,0.05277688083074736,0.48762218224652654,0.5030138492584229,0.23135067522525785,0.4230187624692916
residual_v2,46,polygonal_holes,69,private-source://routeA_experiments/data/prospective_ood_rd_hddm_alpha001_v2/polygonal_holes/sample_0069.npz,371011e0087841ce62fd475615c1487b9008b14cc2c8239b698c21a3f404f4ae,0.012891116552054882,0.06124864203297307,0.5334368744698882,0.5619495511054993,0.311729499697685,0.514430561363697
residual_v2,46,polygonal_holes,70,private-source://routeA_experiments/data/prospective_ood_rd_hddm_alpha001_v2/polygonal_holes/sample_0070.npz,76a38f00a38c09a4a5e0ce282801ee31b62717ad9405afde4dfaded58ac68adf,0.012866758741438389,0.05561761019058445,0.6310811571420318,0.717558890581131,0.2673767417669296,0.5687362715601921
residual_v2,46,polygonal_holes,71,private-source://routeA_experiments/data/prospective_ood_rd_hddm_alpha001_v2/polygonal_holes/sample_0071.npz,725f819b9cff979f22d3fb2826bbeb093e79eac51bc6aeeece1bf9cca9411e3c,0.012917662970721722,0.05237136461420941,0.5352613572630607,0.5884144902229309,0.31743594408035275,0.5036803993582725
residual_v2,46,polygonal_holes,72,private-source://routeA_experiments/data/prospective_ood_rd_hddm_alpha001_v2/polygonal_holes/sample_0072.npz,29b11ddc75faadb72de6975449a2b31a3d5383776b7675881284f27b7dca3cab,0.012861941009759903,0.06811005509102566,0.7436602527277628,0.842684268951416,0.40848789066076274,0.7039311563968658
residual_v2,46,polygonal_holes,73,private-source://routeA_experiments/data/prospective_ood_rd_hddm_alpha001_v2/polygonal_holes/sample_0073.npz,1ab85a6c8ae26e0fbf4793862ad906cb7254045320b5796aeaa896f42f2bacd4,0.012879319489002228,0.053733111741298925,0.5706998598990805,0.6863473057746887,0.27117058038711545,0.52216368496418
residual_v2,46,polygonal_holes,74,private-source://routeA_experiments/data/prospective_ood_rd_hddm_alpha001_v2/polygonal_holes/sample_0074.npz,bacd1d3e820fbf01f8d4acce5297dc3b9f8dc25652253988c73470e23a9f8ac1,0.011378228664398193,0.05721405467953749,0.7640320217944012,0.8201941549777985,0.2813510209321973,0.6253457742929457
residual_v2,46,polygonal_holes,75,private-source://routeA_experiments/data/prospective_ood_rd_hddm_alpha001_v2/polygonal_holes/sample_0075.npz,3287c7e51fa026555fd19d375af6e3d4cc8cc42fa1205cc3bfc8cd6cf1579cd3,0.011416754685342312,0.04469175700116062,0.5269860098102919,0.6228233873844147,0.23454420715570437,0.5273990082740784
residual_v2,46,polygonal_holes,76,private-source://routeA_experiments/data/prospective_ood_rd_hddm_alpha001_v2/polygonal_holes/sample_0076.npz,574f2300d179a3831f3582318cd7b95acfd3405093d6a47af47ad93d2178f2e1,0.011373776942491531,0.058496465514712305,0.9857080770699946,0.8247881531715393,0.2185126146301627,0.5936987157166003
residual_v2,46,polygonal_holes,77,private-source://routeA_experiments/data/prospective_ood_rd_hddm_alpha001_v2/polygonal_holes/sample_0077.npz,4376fb3c5dd37b190c566754832a3e3ba85331c8e3e4f837d406cdef3bfffa17,0.012880442664027214,0.059961907947668903,0.6857149543274239,0.7067795693874359,0.30974491313099844,0.5760453155636788
residual_v2,46,polygonal_holes,78,private-source://routeA_experiments/data/prospective_ood_rd_hddm_alpha001_v2/polygonal_holes/sample_0078.npz,ae2f838a41311b1cab760c47b71bb43be39b91fa594b946c3571522b2c1a813d,0.01296086423099041,0.06152726964635955,0.651463927337512,0.8014747202396393,0.3240060612559317,0.6797519636154172
residual_v2,46,polygonal_holes,79,private-source://routeA_experiments/data/prospective_ood_rd_hddm_alpha001_v2/polygonal_holes/sample_0079.npz,adbb28bf9488acd23de73cd9711ec3b2e05ffc6733eb9f5e5d052cf61e664a70,0.012977694161236286,0.06023508329448381,0.8783523999153502,0.8508954346179962,0.2448256989941,0.6590187510848045
residual_v2,46,polygonal_holes,80,private-source://routeA_experiments/data/prospective_ood_rd_hddm_alpha001_v2/polygonal_holes/sample_0080.npz,4a47f541a2cd868c83938f15092e28469ad5819a5b3e93180979feb578a2ce05,0.012874188832938671,0.04793805299561654,0.5085266186187476,0.6618979573249817,0.2639501959085464,0.4646861469745635
residual_v2,46,polygonal_holes,81,private-source://routeA_experiments/data/prospective_ood_rd_hddm_alpha001_v2/polygonal_holes/sample_0081.npz,4d25b3696b4e9ae0a17a8594fbd72f84735c32ee8f1f0b28d6a67a85a3343360,0.012903713621199131,0.06742232918644255,0.9352652268984022,0.9540314078330994,0.2525061473250388,0.7281933756172656
residual_v2,46,polygonal_holes,82,private-source://routeA_experiments/data/prospective_ood_rd_hddm_alpha001_v2/polygonal_holes/sample_0082.npz,a6c4e742890618c770a2aba2764df55ef3584d9cf57866efbbc096b98dec6a48,0.012877400033175945,0.057410867495727616,0.6280678789170184,0.8051066696643829,0.34038728028535814,0.561561327278614
residual_v2,46,polygonal_holes,83,private-source://routeA_experiments/data/prospective_ood_rd_hddm_alpha001_v2/polygonal_holes/sample_0083.npz,b8eeb414ab12e5fe35f84aa19979bdbca0f1a1f75eeb25da9aad6a52d8cbeb30,0.012901642359793186,0.0577297765494884,0.5301249190052013,0.672183632850647,0.2763363875448701,0.5171620735526085
residual_v2,46,polygonal_holes,84,private-source://routeA_experiments/data/prospective_ood_rd_hddm_alpha001_v2/polygonal_holes/sample_0084.npz,67deca7af2005178ad0c93d16ab381b5a3df2ac09b8b5738e4fc2773a2546f62,0.011395941488444805,0.058201612779427404,0.6239486526975556,0.7504249215126038,0.3402938529849051,0.6473616468906402
residual_v2,46,polygonal_holes,85,private-source://routeA_experiments/data/prospective_ood_rd_hddm_alpha001_v2/polygonal_holes/sample_0085.npz,ddb7b814e040d8c047a4649f33bf151654d032650e5a173001aca20b14905ab3,0.011458509601652622,0.0466205823824771,0.9246840027213449,0.8584842681884766,0.19657059004530308,0.5641370967030523
residual_v2,46,polygonal_holes,86,private-source://routeA_experiments/data/prospective_ood_rd_hddm_alpha001_v2/polygonal_holes/sample_0086.npz,d6433754926d38ddb5772e7cb405f78b5aec43e5ca3eade0ba8b62b103a7dc27,0.011410784907639027,0.055789598634499324,0.7295903319991393,0.8547216355800629,0.25420519858598695,0.5963515391945835
residual_v2,46,polygonal_holes,87,private-source://routeA_experiments/data/prospective_ood_rd_hddm_alpha001_v2/polygonal_holes/sample_0087.npz,8d3eec568a4d74c6a51e6da3cc28ade1037e57e722994fd947f5a01f53d41edf,0.012886316515505314,0.05613447348826287,1.1190485504628975,0.9302668571472168,0.23149905977770682,0.6921247465908525
residual_v2,46,polygonal_holes,88,private-source://routeA_experiments/data/prospective_ood_rd_hddm_alpha001_v2/polygonal_holes/sample_0088.npz,af9662e794a12464829c6fac98a3cb18e6e3e6857c1576994cbe01eedf1f246c,0.012896470725536346,0.06447759842132175,0.9649294737470646,0.9418568313121796,0.28358288034796714,0.7411284671723842
residual_v2,46,polygonal_holes,89,private-source://routeA_experiments/data/prospective_ood_rd_hddm_alpha001_v2/polygonal_holes/sample_0089.npz,c5a95474e5636d974aeee3dcde6837bf3c6a3704353407477c81f4240bbdc388,0.012878688983619213,0.06394208690456633,1.050285428213569,0.9594955295324326,0.24973901095800102,0.771610578969121
residual_v2,46,polygonal_holes,90,private-source://routeA_experiments/data/prospective_ood_rd_hddm_alpha001_v2/polygonal_holes/sample_0090.npz,69177a4934a4e7ec9786358ba08b301291e30633bfc8079703a3ad634dbe6555,0.012881691567599773,0.05333982787217881,0.6499486162453475,0.7697399258613586,0.29990448355674726,0.6360608625411988
residual_v2,46,polygonal_holes,91,private-source://routeA_experiments/data/prospective_ood_rd_hddm_alpha001_v2/polygonal_holes/sample_0091.npz,017495cf13436ccb34417f1d078194fbbb1bb9e889c2a05714fdfef6208a7922,0.011405717581510544,0.05453871097642074,1.1342588019913125,0.9661647230386734,0.21813538367860014,0.6496549960225817
residual_v2,46,polygonal_holes,92,private-source://routeA_experiments/data/prospective_ood_rd_hddm_alpha001_v2/polygonal_holes/sample_0092.npz,6fb319a462e5729cc33034f1576388ff60d99f8ed26dcf3ed67437d1ea1bca54,0.011416779831051826,0.04746982561992101,0.4743480872361364,0.6117386519908905,0.2599480777978896,0.49169614791870114
residual_v2,46,polygonal_holes,93,private-source://routeA_experiments/data/prospective_ood_rd_hddm_alpha001_v2/polygonal_holes/sample_0093.npz,52cbc18f79056f45df5b059b191b91f8510f55d9c2edcd661f81df8375d9e0d1,0.012867816723883152,0.05366507431932468,0.7527226108100895,0.8242491781711578,0.27623731344938274,0.6965746673941612
residual_v2,46,polygonal_holes,94,private-source://routeA_experiments/data/prospective_ood_rd_hddm_alpha001_v2/polygonal_holes/sample_0094.npz,164da7452288a5d8a7302027741566652f575e6558c5ce9ce09db0163255c7ab,0.012801989912986755,0.05320042309482687,0.549174242331625,0.6206133961677551,0.24276162385940533,0.5581233498454093
residual_v2,46,polygonal_holes,95,private-source://routeA_experiments/data/prospective_ood_rd_hddm_alpha001_v2/polygonal_holes/sample_0095.npz,1c76e3d378b35c6a9e36e37471d1c5bcd6e753f69e666218ce23590f33585d3e,0.012888466939330101,0.06146210285396187,0.889546432836901,0.951836347579956,0.33294711112976033,0.7581657975912094
residual_v2,46,polygonal_holes,96,private-source://routeA_experiments/data/prospective_ood_rd_hddm_alpha001_v2/polygonal_holes/sample_0096.npz,49ad587763214bcda7cccaa69cfff09cf001c7b2c7f38d85251e3f2672a35569,0.012859096750617027,0.05918742753599505,0.5802101908395854,0.7217368483543396,0.2854291766881939,0.6005055171251297
residual_v2,46,polygonal_holes,97,private-source://routeA_experiments/data/prospective_ood_rd_hddm_alpha001_v2/polygonal_holes/sample_0097.npz,8390688b322ed3b47b14ae6c8deb192bc662ca519072cc4456004520d93634eb,0.01292107068002224,0.0531211725691138,0.5156428533121187,0.6669279038906097,0.26464618444442733,0.4947825345396994
residual_v2,46,polygonal_holes,98,private-source://routeA_experiments/data/prospective_ood_rd_hddm_alpha001_v2/polygonal_holes/sample_0098.npz,d664b5cd66446712fa2fc0050a3eea16c06ebbf4a5f3665cb9b62018873ee112,0.01285282801836729,0.04378223594605212,0.3706347831072176,0.5718411505222321,0.21188330724835353,0.45411331683397294
residual_v2,46,polygonal_holes,99,private-source://routeA_experiments/data/prospective_ood_rd_hddm_alpha001_v2/polygonal_holes/sample_0099.npz,ffb0fcbe82635372bfaaf9dfad830078cc7e245cb5df18fc4cf3ee7d7ed08f2c,0.012916856445372105,0.055957238702153675,0.6717331027948744,0.8273233771324158,0.3246015086770056,0.6797533756494522
residual_v2,46,polygonal_holes,100,private-source://routeA_experiments/data/prospective_ood_rd_hddm_alpha001_v2/polygonal_holes/sample_0100.npz,83db9e1bf734e4318e7310d414f020dde016065b78e5ec40e0bf63cbdc30cd69,0.012848962098360062,0.050833793795958024,0.5509361077068045,0.579135000705719,0.2246197707951067,0.4369032442569729
residual_v2,46,polygonal_holes,101,private-source://routeA_experiments/data/prospective_ood_rd_hddm_alpha001_v2/polygonal_holes/sample_0101.npz,628d4ef4e48f4e11212826ea73354e04acbb5cf5218cf61a5f450ffe072e463a,0.011427796445786953,0.05626360111407343,0.6630370454677343,0.8149867653846741,0.3002780362963676,0.6410901176929473
residual_v2,46,polygonal_holes,102,private-source://routeA_experiments/data/prospective_ood_rd_hddm_alpha001_v2/polygonal_holes/sample_0102.npz,53967bde920053230113301d67f3965fb24710c7b37e3b7e2a11053964188c70,0.011346857994794846,0.05533842644469183,0.7109689366794476,0.7619738876819611,0.2352955095469951,0.6513242346048355
residual_v2,46,polygonal_holes,103,private-source://routeA_experiments/data/prospective_ood_rd_hddm_alpha001_v2/polygonal_holes/sample_0103.npz,31c2e4b05f2f012dc480a56d1b1cc60ea8f4b239b39e292c8f0a6dac54ebd19b,0.011357220821082592,0.06346103012327578,0.8868582406913976,0.9037527143955231,0.3329100221395491,0.7651337340474128
residual_v2,46,polygonal_holes,104,private-source://routeA_experiments/data/prospective_ood_rd_hddm_alpha001_v2/polygonal_holes/sample_0104.npz,9eb06fccb4a1502bf602c71b5f5036161537259059eb86654e50a1438639f459,0.012878235429525375,0.04363531067720032,0.43291276623019287,0.5841096937656403,0.22454792112112038,0.4589463213086128
residual_v2,46,polygonal_holes,105,private-source://routeA_experiments/data/prospective_ood_rd_hddm_alpha001_v2/polygonal_holes/sample_0105.npz,95cbcc94abd4de91c834c528dda2319a03fb7099f469d400f93c5b03afcbc4a8,0.012862212024629116,0.06734701975135651,0.8412228461942256,0.9023287892341614,0.4111679509282112,0.7966532716155051
residual_v2,46,polygonal_holes,106,private-source://routeA_experiments/data/prospective_ood_rd_hddm_alpha001_v2/polygonal_holes/sample_0106.npz,98106d828e41a1c5eb346df2a0b0a1e1e58665b84eceba9935ef6099e5563495,0.012890993617475033,0.05554953822272222,1.0406142048291884,0.84556545317173,0.2320493460516445,0.6590875928103924
residual_v2,46,polygonal_holes,107,private-source://routeA_experiments/data/prospective_ood_rd_hddm_alpha001_v2/polygonal_holes/sample_0107.npz,9cbd0d60ca7ebba2116f8c16d91b310978edea4d0da468204842b7a23670a89d,0.012896411120891571,0.05978112276321042,0.7172505187490489,0.7572837173938751,0.24345956072211247,0.5308522367477416
residual_v2,46,polygonal_holes,108,private-source://routeA_experiments/data/prospective_ood_rd_hddm_alpha001_v2/polygonal_holes/sample_0108.npz,b9853bfdbfac230c0bfabbae3453e3f905065de73973a4e6e03d679b043f8a93,0.012887172400951385,0.05898607309855935,0.6382558821641982,0.7039374113082886,0.2593770459294316,0.5617969599366187
residual_v2,46,polygonal_holes,109,private-source://routeA_experiments/data/prospective_ood_rd_hddm_alpha001_v2/polygonal_holes/sample_0109.npz,ad81e157b0fe4b56f9cb232ff544261abab7b40e2fd40998cf5365e8c2ecbf9c,0.012827382422983646,0.05359959866481417,0.9976269094887782,0.9383176565170288,0.22850248697213826,0.6103279015421866
residual_v2,46,polygonal_holes,110,private-source://routeA_experiments/data/prospective_ood_rd_hddm_alpha001_v2/polygonal_holes/sample_0110.npz,2379cde8dfcb4012259c110621bb82cac632e8758fc6470fc5fb50c0d6567705,0.012865704484283924,0.050433437735614366,0.5701796856495902,0.612930178642273,0.23095288723707197,0.4622906813025474
residual_v2,46,polygonal_holes,111,private-source://routeA_experiments/data/prospective_ood_rd_hddm_alpha001_v2/polygonal_holes/sample_0111.npz,e77470dcfcba1f6bdb33c318c2e6cecb38ae797f62d39e0bb08e7a08dd6e974a,0.012893198058009148,0.05423418478642235,0.7461377577987308,0.8753921687602997,0.29413408637046795,0.6900889736413954
residual_v2,46,polygonal_holes,112,private-source://routeA_experiments/data/prospective_ood_rd_hddm_alpha001_v2/polygonal_holes/sample_0112.npz,88df74d2052fa5cb450aa5d9be2814b467df7bbe8db5582a180089122655cee2,0.01284350361675024,0.04037983678910425,0.3601827713111237,0.3874024748802185,0.1837317518889904,0.32272701561450956
residual_v2,46,polygonal_holes,113,private-source://routeA_experiments/data/prospective_ood_rd_hddm_alpha001_v2/polygonal_holes/sample_0113.npz,3a1fa1b65775b0275cf639b12a72525a77828d847796be0e003df1bdbad952ec,0.011356343515217304,0.042690682456038756,0.3912272781770043,0.5706362426280975,0.18155356347560875,0.34047932028770445
residual_v2,46,polygonal_holes,114,private-source://routeA_experiments/data/prospective_ood_rd_hddm_alpha001_v2/polygonal_holes/sample_0114.npz,ee8527e088d5dac6fcb1c475159e6c302f9ad53ec6da27fe11138620a0ca68fd,0.011377778835594654,0.06362712635426622,0.8082090606260667,0.839434951543808,0.36487952396273593,0.7404874923825263
residual_v2,46,polygonal_holes,115,private-source://routeA_experiments/data/prospective_ood_rd_hddm_alpha001_v2/polygonal_holes/sample_0115.npz,f7ffa5978118fd94c3600a0f477fa283eca44223a4090163c2e4bf5b6bcf3f85,0.01142276730388403,0.04664943685671157,0.579833468780904,0.6893279552459717,0.25800326317548733,0.6022968813776969
residual_v2,46,polygonal_holes,116,private-source://routeA_experiments/data/prospective_ood_rd_hddm_alpha001_v2/polygonal_holes/sample_0116.npz,40826f4a1aca3233236ea6a2e03d2f7953a031f2a735af2bc36b9a978760b21d,0.012820580042898655,0.05588869925051477,0.7394446898825047,0.8341560959815979,0.27744711339473704,0.6360289496183394
residual_v2,46,polygonal_holes,117,private-source://routeA_experiments/data/prospective_ood_rd_hddm_alpha001_v2/polygonal_holes/sample_0117.npz,e1cd5ab17ebc52bc630594c80acdbe1ac1cf83a82b72806653c360f585aa540a,0.012897512875497341,0.044007855915874326,0.3496671425906276,0.41589784622192383,0.17106785178184508,0.27025944948196406
residual_v2,46,polygonal_holes,118,private-source://routeA_experiments/data/prospective_ood_rd_hddm_alpha001_v2/polygonal_holes/sample_0118.npz,e0b81737032bd6118a094dfd0c6797f942b4d7ff21e1c6636fe9e0c0fa7456e2,0.01286882534623146,0.04559763663299817,0.5590627057707018,0.7214249968528748,0.23038136959075914,0.5770706903934478
residual_v2,46,polygonal_holes,119,private-source://routeA_experiments/data/prospective_ood_rd_hddm_alpha001_v2/polygonal_holes/sample_0119.npz,274e7d80ddc1fb4c43974f1671c4b357b5fd97510b63ae2caa29395f57fb9bd2,0.01291653048247099,0.0689307377710395,0.8421838699657488,0.8591013699769974,0.4162132546305652,0.7238494050502775
residual_v2,46,polygonal_holes,120,private-source://routeA_experiments/data/prospective_ood_rd_hddm_alpha001_v2/polygonal_holes/sample_0120.npz,a6dd086ec33a9883183e8a146acf4fded479067a6034fee0630258588079fc8d,0.012833666987717152,0.04471711200406212,0.6012495547547735,0.7335122227668762,0.26864369213581085,0.5877172684669494
residual_v2,46,polygonal_holes,121,private-source://routeA_experiments/data/prospective_ood_rd_hddm_alpha001_v2/polygonal_holes/sample_0121.npz,ac81dd72fd79f7e2354039b8d04c60f5f5bbfca723e2447359de622ff26efbb1,0.01137892622500658,0.05855858514050637,0.9531142015434674,0.899750255048275,0.22549453787505622,0.6743313133716582
residual_v2,46,polygonal_holes,122,private-source://routeA_experiments/data/prospective_ood_rd_hddm_alpha001_v2/polygonal_holes/sample_0122.npz,759193356a467c09e2b8edbb533e17359fce60da51877df5de5350a541b599c5,0.011368762701749802,0.0531510965226092,0.6933094030829969,0.7471752166748047,0.22415311671793453,0.5608387053012847
residual_v2,46,polygonal_holes,123,private-source://routeA_experiments/data/prospective_ood_rd_hddm_alpha001_v2/polygonal_holes/sample_0123.npz,043378324eecf8d22f90a8b04f7e31a6758753cb437e9e0dfbe72c96271d4ff4,0.012919380329549313,0.0427741615775469,0.3491332254741857,0.4842548370361328,0.19693866372108457,0.34687802776694293
residual_v2,46,polygonal_holes,124,private-source://routeA_experiments/data/prospective_ood_rd_hddm_alpha001_v2/polygonal_holes/sample_0124.npz,cd51fc274b14dfb5fac39f5cfe064e526357b88b7d094e98b25666df1b414ebf,0.012848079204559326,0.06971435927738273,0.6277603713970753,0.7435126006603241,0.3390099786221981,0.5453154404461383
residual_v2,46,polygonal_holes,125,private-source://routeA_experiments/data/prospective_ood_rd_hddm_alpha001_v2/polygonal_holes/sample_0125.npz,ed9c8de9705fd444fe459e4bfda13bcb047be60ede95d8334f14a4765b9738c1,0.012930816039443016,0.0720889019751785,0.8198413828056899,0.8735244274139404,0.37277675271034233,0.7423049905896186
residual_v2,46,polygonal_holes,126,private-source://routeA_experiments/data/prospective_ood_rd_hddm_alpha001_v2/polygonal_holes/sample_0126.npz,665752506b08a3f3e3fe30b2921a1800be6cc7503caeb2bbb5078b9732f246a1,0.012808414176106453,0.05593815567713389,0.585403507442576,0.6600798070430756,0.24480462297797198,0.543779125213623
residual_v2,46,polygonal_holes,127,private-source://routeA_experiments/data/prospective_ood_rd_hddm_alpha001_v2/polygonal_holes/sample_0127.npz,c816a31178bdc5d064cf91181e9c7932847ba43e355ab3c1d6ccd62738e6e38a,0.012823590077459812,0.05914192296833183,0.8017035692726527,0.8921720087528229,0.307211662083864,0.7318918570876122
residual_v2,46,polygonal_holes,128,private-source://routeA_experiments/data/prospective_ood_rd_hddm_alpha001_v2/polygonal_holes/sample_0128.npz,1ff4fae644b7094e6f782b7b687fd6b1fbd82aac67e72ea7769b3fb09fa6e48f,0.01290107611566782,0.04475587591337116,0.3674438480332229,0.3399510979652405,0.20600856691598887,0.27930262207984924
residual_v2,46,polygonal_holes,129,private-source://routeA_experiments/data/prospective_ood_rd_hddm_alpha001_v2/polygonal_holes/sample_0129.npz,304ae224f67a5af8163de1ab49c40dd4fedca4580b143be96af616abffc6891f,0.012842885218560696,0.04654910299359219,0.5534292759157489,0.6756504476070404,0.22523535490036004,0.4448692348599434
residual_v2,46,polygonal_holes,130,private-source://routeA_experiments/data/prospective_ood_rd_hddm_alpha001_v2/polygonal_holes/sample_0130.npz,e1ce49f7ee7274aa7c46a7774918dbf0b33c86fdbf83110ebf21a577b52b49c2,0.011403397656977177,0.04588853724735477,0.4884846862295068,0.6811957061290741,0.21068944074213503,0.4716570961475369
residual_v2,46,polygonal_holes,131,private-source://routeA_experiments/data/prospective_ood_rd_hddm_alpha001_v2/polygonal_holes/sample_0131.npz,ed41aea98fee101c256811beb8de8b6cd7eaa2613cc541b40b00b980b3f85711,0.01287288498133421,0.03593639388231976,0.3132554703746292,0.4236166477203369,0.15815934650599955,0.28840681940317153
residual_v2,46,polygonal_holes,132,private-source://routeA_experiments/data/prospective_ood_rd_hddm_alpha001_v2/polygonal_holes/sample_0132.npz,f6a02e95496e34f2bd023b24cbfad8d8efcd430331804e20e35c1a3a87b3105a,0.011425179429352283,0.05725571516042578,0.5965077811266108,0.6982281059026718,0.2801963604986667,0.5072892743349076
residual_v2,46,polygonal_holes,133,private-source://routeA_experiments/data/prospective_ood_rd_hddm_alpha001_v2/polygonal_holes/sample_0133.npz,2d0b9657c30dbaee8ac6254ea143fd42d06b5d9334a9daae61f959b4d768189d,0.012887319549918175,0.0538164103635932,0.7519753730853412,0.8436054587364197,0.32539194822311374,0.7175456494092941
residual_v2,46,polygonal_holes,134,private-source://routeA_experiments/data/prospective_ood_rd_hddm_alpha001_v2/polygonal_holes/sample_0134.npz,6fc1d8ad41d98e5533dcb17000bd621df4413b0bc230e17a01f9f1042863dc00,0.012861745432019234,0.04345360111942316,0.4194512412231557,0.5801599621772766,0.2136309087276458,0.41958545237779615
residual_v2,46,polygonal_holes,135,private-source://routeA_experiments/data/prospective_ood_rd_hddm_alpha001_v2/polygonal_holes/sample_0135.npz,5f7f06f2a09a51cb1bdbf1f8f76c7dcebd7292b16ad5d06e2bd7e5e2a241a7b4,0.012881824746727943,0.05470962906032569,0.9069100271733381,0.8354013115167618,0.20815488230437038,0.6105665776133538
residual_v2,46,polygonal_holes,136,private-source://routeA_experiments/data/prospective_ood_rd_hddm_alpha001_v2/polygonal_holes/sample_0136.npz,00531c0b831dc08973faac55a2933c5636dd9ca8276c59ce5b933fd5d249b087,0.012868309393525124,0.050216266604048515,0.4170188730402352,0.5416647046804428,0.24850618988275522,0.3974105842411518
residual_v2,46,polygonal_holes,137,private-source://routeA_experiments/data/prospective_ood_rd_hddm_alpha001_v2/polygonal_holes/sample_0137.npz,d001d2eb3c3220ffed4f07f5378b2f2433947704e933286823ec2f721961990d,0.01286183949559927,0.05204345758569465,0.5106524545608124,0.5460614860057831,0.26427857428789137,0.4115693891048431
residual_v2,46,polygonal_holes,138,private-source://routeA_experiments/data/prospective_ood_rd_hddm_alpha001_v2/polygonal_holes/sample_0138.npz,f220ed2d2bb7df025848597f7eaca2bacd1707ff56291afdc47c8afdf6b2c8b5,0.011360674165189266,0.0804584280046169,0.7236429098927932,0.9862464964389801,0.3493328742682933,0.7760332116484642
residual_v2,46,polygonal_holes,139,private-source://routeA_experiments/data/prospective_ood_rd_hddm_alpha001_v2/polygonal_holes/sample_0139.npz,17b888ed07f6657c9849c552aad413cfe46048c4c7895f05178724c0fa7f87ca,0.011411822400987148,0.06949242757100213,0.8534812829988198,0.9240599870681763,0.3478145268280058,0.7546676355600357
residual_v2,46,polygonal_holes,140,private-source://routeA_experiments/data/prospective_ood_rd_hddm_alpha001_v2/polygonal_holes/sample_0140.npz,e02540d429db3b7126f4bff11bc5fa61a336ec8a85e95e0c1221371ba5a47ef6,0.012896100990474224,0.060321305189506805,0.8938853685369116,0.9217972159385681,0.26107103461399656,0.5835951896011828
residual_v2,46,polygonal_holes,141,private-source://routeA_experiments/data/prospective_ood_rd_hddm_alpha001_v2/polygonal_holes/sample_0141.npz,bb22d84f5f6c83f45e1de2d4ab15f3186ec26d2a148f8904619bdd7a66c8171f,0.012929943390190601,0.06285105426154562,0.7889279663481356,0.8887929916381836,0.39121955633163447,0.7519501054286957
residual_v2,46,polygonal_holes,142,private-source://routeA_experiments/data/prospective_ood_rd_hddm_alpha001_v2/polygonal_holes/sample_0142.npz,a1cc8c41b7c1a468be244e07ec2ff48e53d77459c7644d4e6eb2022f904ed782,0.01290801540017128,0.051305705855517976,0.8163841186161679,0.9175838232040405,0.24464879631996145,0.6806554856896398
residual_v2,46,polygonal_holes,143,private-source://routeA_experiments/data/prospective_ood_rd_hddm_alpha001_v2/polygonal_holes/sample_0143.npz,4b97a95ed4fe7c8cb1b5fa7d4ef80edede472fcfc57e6cfa5eadb9c8a4df27a5,0.012893951497972012,0.06751148884798781,1.1337843116243942,0.9542372822761536,0.26700221449136735,0.7120197030901909
residual_v2,46,polygonal_holes,144,private-source://routeA_experiments/data/prospective_ood_rd_hddm_alpha001_v2/polygonal_holes/sample_0144.npz,3acfb67f378c2daf8e69098ba9558f45f6fc6a8a6e8672333f2e8c054a6bc2bf,0.012875842861831188,0.060664235640277044,1.0129936808263946,0.9684923887252808,0.22897813823074104,0.6662221619486808
residual_v2,46,polygonal_holes,145,private-source://routeA_experiments/data/prospective_ood_rd_hddm_alpha001_v2/polygonal_holes/sample_0145.npz,b65d0851c245b707a2ac32228f305f7569c9d1859d64e5f4927b75c27e5a7c2b,0.012902909889817238,0.05021546340196664,0.5042255567045694,0.7080450057983398,0.23381668999791144,0.44661049216985704
residual_v2,46,polygonal_holes,146,private-source://routeA_experiments/data/prospective_ood_rd_hddm_alpha001_v2/polygonal_holes/sample_0146.npz,201b532444ea007bfb07628e9165c885156dffac34abbcb9c7006c661f8345f2,0.011341305449604988,0.059698438026303445,0.7544978084096512,0.8693308234214783,0.32121024131774895,0.6886625325679778
residual_v2,46,polygonal_holes,147,private-source://routeA_experiments/data/prospective_ood_rd_hddm_alpha001_v2/polygonal_holes/sample_0147.npz,d9d3e2c0e75e05c8d6a983a93cdbeec7eefce5027ca61ee3fe73ed223cb22f7a,0.011370916850864887,0.0697690317794651,0.8210219452453889,0.8432640433311462,0.33806838542222956,0.6952597211301327
residual_v2,46,polygonal_holes,148,private-source://routeA_experiments/data/prospective_ood_rd_hddm_alpha001_v2/polygonal_holes/sample_0148.npz,fed8390888705bfd8ae6d9f074b0386d8310a40128ec7eed3742e6689c9930f5,0.012896732427179813,0.05410718385474663,0.6548064896182862,0.7523856163024902,0.32310654968023234,0.6547100073099136
residual_v2,46,polygonal_holes,149,private-source://routeA_experiments/data/prospective_ood_rd_hddm_alpha001_v2/polygonal_holes/sample_0149.npz,1fc1409b3b58a0ee4fe9462eb8610281be13a9e52d04be45b8155c8b093b6826,0.012942432425916195,0.045681018689657425,0.46576668181376546,0.5960288643836975,0.25803155303001396,0.4796123933792114
residual_v2,46,polygonal_holes,150,private-source://routeA_experiments/data/prospective_ood_rd_hddm_alpha001_v2/polygonal_holes/sample_0150.npz,2757539f9ec46c666cbf7b9c228a40503df7a8a8f2124fac5c87a43bd9ed14dc,0.01145645510405302,0.04826288554945134,0.9132762909804306,0.8915728330612183,0.1929024314973503,0.6123053327202796
residual_v2,46,polygonal_holes,151,private-source://routeA_experiments/data/prospective_ood_rd_hddm_alpha001_v2/polygonal_holes/sample_0151.npz,891875b4effc70758dab8ca57b0d6819863a7b492d90d1bfdb2bd22bc48d0cad,0.012932882644236088,0.07034310575117868,0.7902372646145868,0.8485435545444489,0.3698767155408859,0.7486281019449234
residual_v2,46,polygonal_holes,152,private-source://routeA_experiments/data/prospective_ood_rd_hddm_alpha001_v2/polygonal_holes/sample_0152.npz,56b12d3d13026cd3288b7c1885cbd85b8a1bc4dc3f9807dd8858aa67d50f721d,0.011381037533283234,0.058093172498005226,0.6072531740617543,0.673924058675766,0.25790558326989405,0.5449434414505958
residual_v2,46,polygonal_holes,153,private-source://routeA_experiments/data/prospective_ood_rd_hddm_alpha001_v2/polygonal_holes/sample_0153.npz,af02edfbeda154165dee016399e47068fbe6b8c0e34593331fe7bf97c763c6ed,0.012875336222350597,0.03995907673945516,0.3200758472114734,0.3925994038581848,0.18631850155070415,0.3161221195012331
residual_v2,46,polygonal_holes,154,private-source://routeA_experiments/data/prospective_ood_rd_hddm_alpha001_v2/polygonal_holes/sample_0154.npz,9f4d2ecf074b40c504140d8737b60ab86136700c126bd6eada3ce22b6faeb44d,0.012902172282338142,0.05725981730353968,1.1762601816334861,0.9659634232521057,0.24029805246682373,0.6128942722082138
residual_v2,46,polygonal_holes,155,private-source://routeA_experiments/data/prospective_ood_rd_hddm_alpha001_v2/polygonal_holes/sample_0155.npz,b861e6158554f60e3b28f76ec9b128a9430ba6efcbba4fe54c56e55939f03657,0.012858782894909382,0.05963503899682976,0.7093573236305948,0.8189283311367035,0.3611063659191122,0.6791453158855437
residual_v2,46,polygonal_holes,156,private-source://routeA_experiments/data/prospective_ood_rd_hddm_alpha001_v2/polygonal_holes/sample_0156.npz,14ef70e1036b06a4abd5ecf0c058f87e16a946222fa519b8f637fc45a36d83e7,0.012907925061881542,0.04364113629543984,0.42397388656184665,0.5443235337734222,0.20784512422978874,0.37513376682996746
residual_v2,46,polygonal_holes,157,private-source://routeA_experiments/data/prospective_ood_rd_hddm_alpha001_v2/polygonal_holes/sample_0157.npz,43dda95c9977101aa286a63d0342e83b3917f584fe93b176f50bf6a8863ee6ed,0.0129400584846735,0.050869724825010454,0.43405976030217414,0.508967250585556,0.2296828046441074,0.40691484421491614
residual_v2,46,polygonal_holes,158,private-source://routeA_experiments/data/prospective_ood_rd_hddm_alpha001_v2/polygonal_holes/sample_0158.npz,d857465c10a280a070d862005f23339c491f8fbd2446b9a5938d6bcd7a0b3a1a,0.012882629409432411,0.03913468957545061,0.5804498756380925,0.7095801830291748,0.17284803986549352,0.5459222173690794
residual_v2,46,polygonal_holes,159,private-source://routeA_experiments/data/prospective_ood_rd_hddm_alpha001_v2/polygonal_holes/sample_0159.npz,f59261ba874c415e72210524ff86466ef1835ff128db62c36864a13b554ff470,0.012887934222817421,0.05178755426966139,0.6612031782149212,0.8072957992553711,0.2657240286469459,0.6722688809037208
residual_v2,46,polygonal_holes,160,private-source://routeA_experiments/data/prospective_ood_rd_hddm_alpha001_v2/polygonal_holes/sample_0160.npz,39068f5d74d06b40549535b8f9ac00e3990cbbfd5ed4bbbfc7773dab1ec0dbbe,0.012886163778603077,0.061990456159236755,0.7917776829095253,0.8669816553592682,0.29975750045850874,0.6681045188009739
residual_v2,46,polygonal_holes,161,private-source://routeA_experiments/data/prospective_ood_rd_hddm_alpha001_v2/polygonal_holes/sample_0161.npz,e0831b7cf1e199a8bcddde4a7ba63fda2ec5358332f83876dc46e76b7a76fe72,0.012880013324320316,0.05820552758273878,0.8819123183866234,0.8837133049964905,0.21944012492895112,0.6929933434724808
residual_v2,46,polygonal_holes,162,private-source://routeA_experiments/data/prospective_ood_rd_hddm_alpha001_v2/polygonal_holes/sample_0162.npz,b57aaa46bc4b1f2b322a5c732792b6b0b627be08d494a2d21be8f93f764c1355,0.012880226597189903,0.047024802003126955,0.49893492583747584,0.6363297402858734,0.2603768870234488,0.4727324867248534
residual_v2,46,polygonal_holes,163,private-source://routeA_experiments/data/prospective_ood_rd_hddm_alpha001_v2/polygonal_holes/sample_0163.npz,1a3ca61d865205982770fbfd89f746ec95c9b76d83a2d8a357c31ac000e4dac4,0.012864376418292522,0.053430928446093984,0.5201528534998178,0.6000158488750458,0.2671917051076888,0.5355369547009468
residual_v2,46,polygonal_holes,164,private-source://routeA_experiments/data/prospective_ood_rd_hddm_alpha001_v2/polygonal_holes/sample_0164.npz,5d1ee014dbbe40884070a5a39acff629da86c4954a0b4ab2c84a9004a2202fd6,0.01288897916674614,0.056484597013839274,1.021271015653871,0.9076657742261887,0.23632133295759558,0.6924127405881881
residual_v2,46,polygonal_holes,165,private-source://routeA_experiments/data/prospective_ood_rd_hddm_alpha001_v2/polygonal_holes/sample_0165.npz,259bca01e7e1d1c29bce2b41b1f1875945b910b6f1079e0f915a7977b1e9f893,0.012859704904258251,0.055283953928312965,0.6970582797036056,0.8417913913726807,0.2560985445976257,0.6252951306104659
residual_v2,46,polygonal_holes,166,private-source://routeA_experiments/data/prospective_ood_rd_hddm_alpha001_v2/polygonal_holes/sample_0166.npz,3d0e83e51a41e5c75d0f593269bfee27d32a16acbae58e27343d22ebcff431fa,0.012900041416287422,0.04529439287307595,0.47018122059002593,0.46550846099853516,0.22383749186992644,0.3688364523649216
residual_v2,46,polygonal_holes,167,private-source://routeA_experiments/data/prospective_ood_rd_hddm_alpha001_v2/polygonal_holes/sample_0167.npz,5a819bbcff1e88f2e84bade5f00f2f6aa0ce4917add5aa7ae2c972f7f2b2cd18,0.012892769649624825,0.05988035843743281,0.7156373321796047,0.7862635850906372,0.33667761534452406,0.6692349699139594
residual_v2,46,polygonal_holes,168,private-source://routeA_experiments/data/prospective_ood_rd_hddm_alpha001_v2/polygonal_holes/sample_0168.npz,a7cfabc5b8b40f9786fdf3721f364f746da39dc5df704ef1420678ea5be4ac01,0.012919573113322258,0.063091564045356,0.9028078014835369,0.9524741917848587,0.32694794246926895,0.7234790942072867
residual_v2,46,polygonal_holes,169,private-source://routeA_experiments/data/prospective_ood_rd_hddm_alpha001_v2/polygonal_holes/sample_0169.npz,f8b53cb3fd333ee1cb8d8489fc281f46ff7543a5218086725429358ac90c93cd,0.012879502959549427,0.06921039202268446,0.8343967445922736,0.9076515436172485,0.37388357296586033,0.7335243937373159
residual_v2,46,polygonal_holes,170,private-source://routeA_experiments/data/prospective_ood_rd_hddm_alpha001_v2/polygonal_holes/sample_0170.npz,531ec76af332ab8ef01be90231b69e059e9a8934f0f93d6913fbf46d169de030,0.012917688116431236,0.042730972603431935,0.3447515118480051,0.4355650544166565,0.18568502217531202,0.256320441365242
residual_v2,46,polygonal_holes,171,private-source://routeA_experiments/data/prospective_ood_rd_hddm_alpha001_v2/polygonal_holes/sample_0171.npz,947ccbec00e5e3b68cdd69f3e3e633bff7ae1f93b4726f7be992a025d3253c92,0.012872271239757538,0.06355361372611801,0.7380934518673131,0.8609491139650345,0.28799743652343746,0.6702993379533291
residual_v2,46,polygonal_holes,172,private-source://routeA_experiments/data/prospective_ood_rd_hddm_alpha001_v2/polygonal_holes/sample_0172.npz,8f15a2b58c17b5976e89c7be705afee763ca28bc4cc10a072fc3068929a6a3fa,0.012815467081964016,0.05561898625442811,0.7251161391996355,0.8234117478132248,0.2654780952259897,0.5702032870054244
residual_v2,46,polygonal_holes,173,private-source://routeA_experiments/data/prospective_ood_rd_hddm_alpha001_v2/polygonal_holes/sample_0173.npz,44717b5111981b568d6b881d94fc32b107d2c09e4f89110f752fe8fd098ba1a9,0.012919956818223,0.055074021829580204,0.4300108561056072,0.40801024436950684,0.2207420151680708,0.34987351208925244
residual_v2,46,polygonal_holes,174,private-source://routeA_experiments/data/prospective_ood_rd_hddm_alpha001_v2/polygonal_holes/sample_0174.npz,8b214cc2dccfbd9eeba4a0bbf1cf9592ace0d59fad777f0c1ef1da18aa1c1886,0.012845710851252079,0.05516187926175336,0.7165112015312768,0.8282651901245117,0.3220127336680888,0.7246815794706344
residual_v2,46,polygonal_holes,175,private-source://routeA_experiments/data/prospective_ood_rd_hddm_alpha001_v2/polygonal_holes/sample_0175.npz,0704e3f9778f3aedbd42b0385e81de58d71e4c2be75d9f126126775ca2425f28,0.012869812548160553,0.035973557376639494,0.3080941888880789,0.39373427629470825,0.17038733065128323,0.29019900530576703
residual_v2,46,polygonal_holes,176,private-source://routeA_experiments/data/prospective_ood_rd_hddm_alpha001_v2/polygonal_holes/sample_0176.npz,a85484a8662f15305a5e709f13d1fa525a418acb00e7250756949427976b2dd8,0.011470770463347435,0.06573530322622244,0.8925965701607185,0.9279965609312057,0.2908950887620449,0.6570407818257807
residual_v2,46,polygonal_holes,177,private-source://routeA_experiments/data/prospective_ood_rd_hddm_alpha001_v2/polygonal_holes/sample_0177.npz,e0a3dc9763664c7fd06c84abf04a136fb5cdfe6c731d8094dd3d83ab720c189f,0.011416889727115631,0.05326281948162152,0.9176112887471305,0.8840856552124023,0.2102039742283523,0.6336047333478927
residual_v2,46,polygonal_holes,178,private-source://routeA_experiments/data/prospective_ood_rd_hddm_alpha001_v2/polygonal_holes/sample_0178.npz,481ca6c6499705706c2f66d7e79f45ecb746cb561d6a77790784658abee41ffe,0.011421551927924156,0.06402844049828155,0.8320127262005098,0.9337102770805359,0.33443369716405863,0.666959534585476
residual_v2,46,polygonal_holes,179,private-source://routeA_experiments/data/prospective_ood_rd_hddm_alpha001_v2/polygonal_holes/sample_0179.npz,e4bc203a85df9f9977404e82f55cafb59262bc1ce46ea6ffe3b6aa2d04c126dc,0.011380515992641449,0.04878054629476083,0.6190135733434313,0.7552241683006287,0.2812158972024914,0.6370249503850937
residual_v2,46,polygonal_holes,180,private-source://routeA_experiments/data/prospective_ood_rd_hddm_alpha001_v2/polygonal_holes/sample_0180.npz,81b84fdac3eccbe8d0928bc38881f8a0dd9d9e18b35f8f47b20caa177985fd3b,0.01287635788321495,0.05152321993497118,0.9003992108947908,0.9162645041942596,0.19563749823719256,0.7558949810266494
residual_v2,46,polygonal_holes,181,private-source://routeA_experiments/data/prospective_ood_rd_hddm_alpha001_v2/polygonal_holes/sample_0181.npz,5b6cc5d652fa4a1c887c4b0c1e164cd672bb9f5061ad1afead3751e70b213514,0.012934433296322823,0.06256676700865885,0.7413824771494338,0.8341758251190186,0.3547049298882481,0.7420439100265502
residual_v2,46,polygonal_holes,182,private-source://routeA_experiments/data/prospective_ood_rd_hddm_alpha001_v2/polygonal_holes/sample_0182.npz,30d7eccb6acfa738a9e0d813c59d9fc3e7a337f419dc39e253bd748b1985e200,0.012853453867137432,0.05979298288150782,0.643234549332008,0.6660656034946442,0.253672545403242,0.49769137442111966
residual_v2,46,polygonal_holes,183,private-source://routeA_experiments/data/prospective_ood_rd_hddm_alpha001_v2/polygonal_holes/sample_0183.npz,1373cf2f076ba6d96d76006b9bac7cafb13fe290e1c8db8eb0a021aa3ea6a877,0.012890627607703209,0.05100722746992359,0.42881720419211433,0.48764660954475403,0.20712659060955046,0.31363428771495816
residual_v2,46,polygonal_holes,184,private-source://routeA_experiments/data/prospective_ood_rd_hddm_alpha001_v2/polygonal_holes/sample_0184.npz,ea319e2f477b8255fcaca1a8e04826d40a2c73352b1e4d184424b4c62b2442f5,0.012902474962174892,0.056245381218267755,0.7300948708166481,0.8458126783370972,0.2814067378640174,0.7029621720314025
residual_v2,46,polygonal_holes,185,private-source://routeA_experiments/data/prospective_ood_rd_hddm_alpha001_v2/polygonal_holes/sample_0185.npz,d003b9495650cf787afd4d3ddc6d86135228d769f54ad6312a6280421a596e3a,0.012867473997175694,0.060572648231246244,1.0543287361142508,0.964490607380867,0.21856371066533026,0.7658907842636108
residual_v2,46,polygonal_holes,186,private-source://routeA_experiments/data/prospective_ood_rd_hddm_alpha001_v2/polygonal_holes/sample_0186.npz,842bbbe7603fa9c66898e0d3e41112951c43fa2013c25eff012bda7d90c34fc1,0.012808809988200665,0.05150747166124066,0.8518862041880351,0.7583094984292984,0.2082536733709275,0.5459870103001594
residual_v2,46,polygonal_holes,187,private-source://routeA_experiments/data/prospective_ood_rd_hddm_alpha001_v2/polygonal_holes/sample_0187.npz,cb2d55c7982505cee18ae54c10f3a2561c5ffa076d5725faf703948555a281cd,0.012871642597019672,0.0691091654750299,1.2332473543408586,0.9579231813549995,0.24989687200286417,0.6201411308348176
residual_v2,46,polygonal_holes,188,private-source://routeA_experiments/data/prospective_ood_rd_hddm_alpha001_v2/polygonal_holes/sample_0188.npz,f3741286ab69ced697a71881032f01ee4b24b51cbaa12f72c9ef12b3e4744498,0.01288119051605463,0.053204619959980035,0.4726538278354424,0.5983110964298248,0.32316806055605407,0.4932040750980377
residual_v2,46,polygonal_holes,189,private-source://routeA_experiments/data/prospective_ood_rd_hddm_alpha001_v2/polygonal_holes/sample_0189.npz,f7b805f25ec992fb94efd23e0f85f979f2cf9c135f8ef20d0de20cb17df22844,0.012912185862660408,0.059984316336915776,1.100616717919789,0.913024939596653,0.2285907755838707,0.6828560610115525
residual_v2,46,polygonal_holes,190,private-source://routeA_experiments/data/prospective_ood_rd_hddm_alpha001_v2/polygonal_holes/sample_0190.npz,dc1bbc2f69c79f99ee4574dff06f98bba6eb04d44fc3565781bf40b6efbb07e5,0.012844610027968884,0.06582496607667015,0.6358805606270631,0.7877212464809418,0.29395616948604564,0.49012286484241485
residual_v2,46,polygonal_holes,191,private-source://routeA_experiments/data/prospective_ood_rd_hddm_alpha001_v2/polygonal_holes/sample_0191.npz,f796f17a8112fa44e52a0f1a214586fb75df4a586120fd92593085ab7070cedd,0.012882482260465622,0.05357367353701963,0.5663056309862092,0.692141056060791,0.2967183768749237,0.6115924161672592
residual_v2,46,polygonal_holes,192,private-source://routeA_experiments/data/prospective_ood_rd_hddm_alpha001_v2/polygonal_holes/sample_0192.npz,dda32192ec953c5b2b30b9664a031c0b2c32c18898206a837abd68a848dc6560,0.0128408782184124,0.049949048963847976,0.6297329127196618,0.7281729578971863,0.2975030496716499,0.6037096613645552
residual_v2,46,polygonal_holes,193,private-source://routeA_experiments/data/prospective_ood_rd_hddm_alpha001_v2/polygonal_holes/sample_0193.npz,a0ecfb23ec91938da78978e535237a93cd3cdb1418404474f7a4b8e5e18ecb0e,0.011381574906408787,0.05316025091068797,0.41384015069416435,0.6592013388872147,0.2124003306031227,0.3914318519830703
residual_v2,46,polygonal_holes,194,private-source://routeA_experiments/data/prospective_ood_rd_hddm_alpha001_v2/polygonal_holes/sample_0194.npz,41a07014c34cd5ab4b6bf8fb836e352f25011d3d9ee8ab7718601b8708c98a50,0.011417897418141365,0.04130264028290589,0.36618654873071593,0.5239489078521729,0.1676659673452377,0.39195437788963305
residual_v2,46,polygonal_holes,195,private-source://routeA_experiments/data/prospective_ood_rd_hddm_alpha001_v2/polygonal_holes/sample_0195.npz,bd513e0febd4c5373d80e2b7dcdd2b9486ed4ac7e6bc9ee5eb9dc273983b9ffe,0.011381911113858223,0.06230171406564859,1.1193597943552245,0.9384256899356842,0.25420110746053975,0.7264222878962755
residual_v2,46,polygonal_holes,196,private-source://routeA_experiments/data/prospective_ood_rd_hddm_alpha001_v2/polygonal_holes/sample_0196.npz,cb48f01e7dd800b18ce7cbe2c18858c2d9a44d38e5be7cf20f5254eafdbd0bf2,0.011455005034804344,0.05853928045563786,0.6041327562678431,0.6883358359336853,0.25772184580564494,0.5535320192575454
residual_v2,46,polygonal_holes,197,private-source://routeA_experiments/data/prospective_ood_rd_hddm_alpha001_v2/polygonal_holes/sample_0197.npz,d9edb4456fdfb320e3e8eddde4e164e04f26d3682accae421c9cb62372882d05,0.012848910875618458,0.0467193373163271,0.4243388999251636,0.5385417938232422,0.23974260836839667,0.39574905991554254
residual_v2,46,polygonal_holes,198,private-source://routeA_experiments/data/prospective_ood_rd_hddm_alpha001_v2/polygonal_holes/sample_0198.npz,2bb222fb19e2658b1507bbec54c6820e146fa9b42297978674b5e3f02f9f1c57,0.012836175970733166,0.04224228775595091,0.4109009036320017,0.552623838186264,0.19858636558055867,0.39138545155525206
residual_v2,46,polygonal_holes,199,private-source://routeA_experiments/data/prospective_ood_rd_hddm_alpha001_v2/polygonal_holes/sample_0199.npz,2eec775368a54d0cff3644f18d86a5d5b2aa3329ce09ee599ee904145cc74303,0.012853830121457577,0.051721270017787646,0.5904933434618314,0.6896031498908997,0.34489187449216835,0.6130769675970077
residual_v2,46,star_concave,0,private-source://routeA_experiments/data/prospective_ood_rd_hddm_alpha001_v2/star_concave/sample_0000.npz,009d2bb9aad63b794132f3b8fa2904650b88fb7b6b2d61561be4048deacc458b,0.012347500771284103,0.09195584006301662,0.6688537311282176,0.782234251499176,0.4589656770229339,0.6728214406967157
residual_v2,46,star_concave,1,private-source://routeA_experiments/data/prospective_ood_rd_hddm_alpha001_v2/star_concave/sample_0001.npz,4e70bd655e98ee3d6e109ea5eb742794f0fa72f85104a738094fee80b6acaf70,0.012127935886383057,0.08473778918650349,0.46041104599375676,0.5989914536476135,0.36192913055419923,0.5365858659148219
residual_v2,46,star_concave,2,private-source://routeA_experiments/data/prospective_ood_rd_hddm_alpha001_v2/star_concave/sample_0002.npz,fb14453d8d3f30cf873c46a5e14b387674862f03260073cd0d05ebb7cb7f1faa,0.012972886674106121,0.0891945647442709,0.731882182713837,0.8129305243492126,0.4904548853635784,0.7442335975170137
residual_v2,46,star_concave,3,private-source://routeA_experiments/data/prospective_ood_rd_hddm_alpha001_v2/star_concave/sample_0003.npz,7b84face7333f39614fc62902f773a61730f623c80ef7fa990749cc5c4756204,0.013022773899137974,0.07541199539944811,0.4903470429522536,0.6578999161720276,0.3517889976501463,0.5175364470481875
residual_v2,46,star_concave,4,private-source://routeA_experiments/data/prospective_ood_rd_hddm_alpha001_v2/star_concave/sample_0004.npz,51a91eacf8ce921d71c6041d09cfae819f22d841cf2ffd3c2df664040d51186e,0.01302578765898943,0.08715442676890546,0.48769588022490873,0.678062915802002,0.4157937765121459,0.6049070155620577
residual_v2,46,star_concave,5,private-source://routeA_experiments/data/prospective_ood_rd_hddm_alpha001_v2/star_concave/sample_0005.npz,6e222ada1b7d437bd5643c1ff273ebd5652f1f27b6415d45a1958ab41cdbedf5,0.013018183410167694,0.08082052132940944,0.42031661927861774,0.5215880870819092,0.37731164693832386,0.4695316457748419
residual_v2,46,star_concave,6,private-source://routeA_experiments/data/prospective_ood_rd_hddm_alpha001_v2/star_concave/sample_0006.npz,b575a4b1e23727607195accc5ab1eb6869a2fe6423bab8f28602429896d7ffb8,0.012929665856063366,0.07475677126592813,0.3744791184851158,0.48593461513519287,0.263078111410141,0.40427543699741364
residual_v2,46,star_concave,7,private-source://routeA_experiments/data/prospective_ood_rd_hddm_alpha001_v2/star_concave/sample_0007.npz,f97196e6f221830b1e3373486ee49466c07c1eb5991df8cbb16605589a488f5d,0.013071151450276375,0.09761350226830982,0.6127257386424146,0.7382861375808716,0.46806368231773365,0.632196770608425
residual_v2,46,star_concave,8,private-source://routeA_experiments/data/prospective_ood_rd_hddm_alpha001_v2/star_concave/sample_0008.npz,244ac733232159a2a5cf34edfc0a50b5a2b69b36712de1f4063f137198172f85,0.013000154867768288,0.05923954783193116,0.35886992993541833,0.5631830990314484,0.2806691601872445,0.42155368983745656
residual_v2,46,star_concave,9,private-source://routeA_experiments/data/prospective_ood_rd_hddm_alpha001_v2/star_concave/sample_0009.npz,865cc26d2e038bce27105da09cc105452f707c4d4a4472925cb326eed10ece20,0.012942282482981682,0.08735413193186885,0.5895377488049861,0.719646692276001,0.4553632766008371,0.6559069997072218
residual_v2,46,star_concave,10,private-source://routeA_experiments/data/prospective_ood_rd_hddm_alpha001_v2/star_concave/sample_0010.npz,1f4c91ba0f07fa9f6a175cb7d943878655d47fdbdb5f2efeac3ac31f77329fcd,0.013016103766858578,0.0634187314224345,0.32888511332454384,0.41726817190647125,0.24035343155264854,0.3726244121789932
residual_v2,46,star_concave,11,private-source://routeA_experiments/data/prospective_ood_rd_hddm_alpha001_v2/star_concave/sample_0011.npz,d05537de94b82a7904e0ead39deb6c54104c0ef42cea8bd4e9988913d494a83b,0.012870793230831623,0.09006129099993376,0.6899239017117068,0.8349622488021851,0.47907012701034496,0.7177682626247407
residual_v2,46,star_concave,12,private-source://routeA_experiments/data/prospective_ood_rd_hddm_alpha001_v2/star_concave/sample_0012.npz,847d2b1c823f4408679f58979310ced7f8afe8a4c3b19a24d4319e73d2076d28,0.012979783117771149,0.07917769655257462,0.5642697750831194,0.6793676614761353,0.42049579620361316,0.6162108063697814
residual_v2,46,star_concave,13,private-source://routeA_experiments/data/prospective_ood_rd_hddm_alpha001_v2/star_concave/sample_0013.npz,3fe68d6905e52aed96d1f6f6f4cbe94d1f51a46ec4751e2c26ac9892e870ac18,0.013002188876271248,0.08510140113913661,0.3806548634428218,0.5972315073013306,0.31305592656135534,0.43865422725677455
residual_v2,46,star_concave,14,private-source://routeA_experiments/data/prospective_ood_rd_hddm_alpha001_v2/star_concave/sample_0014.npz,98f86dc2bf4c9917d734d87999b0e333966cb92d96944b9e3a10a574bc3370b9,0.013008495792746544,0.07728691847033545,0.774942983408635,0.8984134197235107,0.33545058965682867,0.6878157067298883
residual_v2,46,star_concave,15,private-source://routeA_experiments/data/prospective_ood_rd_hddm_alpha001_v2/star_concave/sample_0015.npz,fba340201e6025122f0cb1aa5a625e4ebb7a3504c0f9bf568c4b44c2453eab2f,0.012968553230166435,0.09199752466447424,0.5341710059104218,0.6617074310779572,0.4626252710819243,0.6060848215222361
residual_v2,46,star_concave,16,private-source://routeA_experiments/data/prospective_ood_rd_hddm_alpha001_v2/star_concave/sample_0016.npz,11c4e40719a66e3ebb706e7cb800f94d382019f44e94ec85fe48ea3ec624cc4b,0.012327413074672222,0.08249497646106795,0.5733185288790874,0.6995616555213928,0.41651907116174686,0.6079505145549772
residual_v2,46,star_concave,17,private-source://routeA_experiments/data/prospective_ood_rd_hddm_alpha001_v2/star_concave/sample_0017.npz,534607ed78b318ae68ab40a4d9a3980e1a5c64084762fc4b8475968cab9bb3bd,0.012927771545946598,0.075589454068857,0.692757848132415,0.8434083461761475,0.43052486181259153,0.7073384118080135
residual_v2,46,star_concave,18,private-source://routeA_experiments/data/prospective_ood_rd_hddm_alpha001_v2/star_concave/sample_0018.npz,7adaa9e1f0617e585e5d168eb48820003ec9fc031681cd26516d363ffd04328d,0.012146051041781902,0.09069755117050475,0.6197029573091566,0.7340319752693176,0.4703325450420378,0.6788600409030913
residual_v2,46,star_concave,19,private-source://routeA_experiments/data/prospective_ood_rd_hddm_alpha001_v2/star_concave/sample_0019.npz,f3759305bef8481b2756c6d9ec9fee197aa11185d2fabb3a2e12ab02723ee5e0,0.012334334664046764,0.07852551785642421,0.3925251820143046,0.5089663863182068,0.36258380860090256,0.4582605347037316
residual_v2,46,star_concave,20,private-source://routeA_experiments/data/prospective_ood_rd_hddm_alpha001_v2/star_concave/sample_0020.npz,dfd07f4fdae3c4b6150501a4e95619273fb09daa59e9478d21c8464a21d2ffc6,0.012294531799852848,0.08124336580074895,0.6212820349545944,0.7418237924575806,0.44362830519676205,0.663682260513306
residual_v2,46,star_concave,21,private-source://routeA_experiments/data/prospective_ood_rd_hddm_alpha001_v2/star_concave/sample_0021.npz,3e932800183b8daa7efd551da65f2ff1400f15f2772817e610796baf64527c9a,0.012160034850239754,0.09160004266090517,0.5483205236631066,0.658214271068573,0.44026940464973485,0.6009914284944536
residual_v2,46,star_concave,22,private-source://routeA_experiments/data/prospective_ood_rd_hddm_alpha001_v2/star_concave/sample_0022.npz,e59220a03ee588f4d0e70933b8159e2126e45953cd84f648928aedb295e2d081,0.012958670035004616,0.09781596161507479,0.5340673499689794,0.6586465835571289,0.44927333593368524,0.5833104109764098
residual_v2,46,star_concave,23,private-source://routeA_experiments/data/prospective_ood_rd_hddm_alpha001_v2/star_concave/sample_0023.npz,17bae540596796b03e7a95a97ad0cf945587f7ff8e9f44c9cce961c2574b81b0,0.012340283952653408,0.08797535737814385,0.5571110306417281,0.7742668390274048,0.43260352313518524,0.6538500338792809
residual_v2,46,star_concave,24,private-source://routeA_experiments/data/prospective_ood_rd_hddm_alpha001_v2/star_concave/sample_0024.npz,9f190b5fe5c1ddecf149bf3831ed66888f1e09a84d81196006c11f5c214d28c6,0.012288404628634453,0.09296966914138728,0.5494471464489894,0.6922603249549866,0.42433225065469715,0.6154196926951411
residual_v2,46,star_concave,25,private-source://routeA_experiments/data/prospective_ood_rd_hddm_alpha001_v2/star_concave/sample_0025.npz,2add91952026915ae8ee90b1f1626a327209949a94357811791d4add186f8b6b,0.01220752764493227,0.07105415468261486,0.43122031578668074,0.5806400179862976,0.33272124528884883,0.48335258424282085
residual_v2,46,star_concave,26,private-source://routeA_experiments/data/prospective_ood_rd_hddm_alpha001_v2/star_concave/sample_0026.npz,7c60403165ae348c442df8620e166f060722ffe55139cb507fb6b3b0315acd67,0.012809298932552338,0.09127495118094005,0.719176266371781,0.8487780690193176,0.5556706368923187,0.7694958567619321
residual_v2,46,star_concave,27,private-source://routeA_experiments/data/prospective_ood_rd_hddm_alpha001_v2/star_concave/sample_0027.npz,fcd28480ca1c369f591deb0760e991331bd2cf87de1f1ca707e06c2ffdf85715,0.012255309149622917,0.0983098535629471,0.6409251436426249,0.7464681267738342,0.5212689518928526,0.6993312996625898
residual_v2,46,star_concave,28,private-source://routeA_experiments/data/prospective_ood_rd_hddm_alpha001_v2/star_concave/sample_0028.npz,97d115498a24206fd9a94b8e6ea8743ffb7337ed20941efef291ca99b062fb3d,0.012192481197416782,0.10496716422417428,0.7552208279233389,0.8494466543197632,0.46401693522930126,0.784926889538765
residual_v2,46,star_concave,29,private-source://routeA_experiments/data/prospective_ood_rd_hddm_alpha001_v2/star_concave/sample_0029.npz,b912306c3e4cf84f055f4027c6cbc49c3fe645a5fc0bf485bb647d711e1ff63b,0.013024059124290943,0.08090403146241794,0.46589593103896665,0.5367564558982849,0.39710844755172703,0.5063273400068283
residual_v2,46,star_concave,30,private-source://routeA_experiments/data/prospective_ood_rd_hddm_alpha001_v2/star_concave/sample_0030.npz,1bd349edcd0fe24a85799a24dcbb53d56be86031ab54fcf679a4c4fde7107b8f,0.01296448614448309,0.07075816651123507,0.4564476961494198,0.6575033366680145,0.3414679765701294,0.574123442173005
residual_v2,46,star_concave,31,private-source://routeA_experiments/data/prospective_ood_rd_hddm_alpha001_v2/star_concave/sample_0031.npz,3daaf895b3c605d8206001223ea51987d492384cfc95cffaef6b71828270eefc,0.012223529629409313,0.05897358785127177,0.36298139272534735,0.5054090619087219,0.25644567608833285,0.37300674974918385
residual_v2,46,star_concave,32,private-source://routeA_experiments/data/prospective_ood_rd_hddm_alpha001_v2/star_concave/sample_0032.npz,49be9ff94661381e2571a267aba1a2060d7d7268dd348b9eb212f6af9b9674e3,0.012288562953472137,0.08923606207613624,0.6538312573478028,0.7973097860813141,0.5056092739105222,0.7564726313948631
residual_v2,46,star_concave,33,private-source://routeA_experiments/data/prospective_ood_rd_hddm_alpha001_v2/star_concave/sample_0033.npz,e906aed2368936d827726997a5afb6856dea5ac228d3b90f881ec10af09186d9,0.012359004467725754,0.07747509573311039,0.5597127208749195,0.6835645437240601,0.4237049698829649,0.5718103608489036
residual_v2,46,star_concave,34,private-source://routeA_experiments/data/prospective_ood_rd_hddm_alpha001_v2/star_concave/sample_0034.npz,ae0a839396f99c4485788322b985c85386b92669d4e870cd7a2410af15f5c24d,0.012881453149020672,0.09945502983712413,0.41005314125380965,0.4296291321516037,0.3443419635295868,0.40368700586259365
residual_v2,46,star_concave,35,private-source://routeA_experiments/data/prospective_ood_rd_hddm_alpha001_v2/star_concave/sample_0035.npz,fb59f617f0622c77d8fbb2f2fe1967a6c60ff2dc46aaa3b2084991efd399b23f,0.012866368517279625,0.08130587534531541,0.5718305302257674,0.6997630000114441,0.42861311435699456,0.6185583353042603
residual_v2,46,star_concave,36,private-source://routeA_experiments/data/prospective_ood_rd_hddm_alpha001_v2/star_concave/sample_0036.npz,528b84c8ea17fb027544a4127081236bfc722f3a0ec2d9cbe46edd1bbc9ae09d,0.01296597346663475,0.08922034841875856,0.6805143399794278,0.7945677638053894,0.5040602877736091,0.7346148473024369
residual_v2,46,star_concave,37,private-source://routeA_experiments/data/prospective_ood_rd_hddm_alpha001_v2/star_concave/sample_0037.npz,ce4278bd066e42581dd68ea2402f3e7e51495b54c38492e0d6cfe639baedcd5f,0.012915365397930145,0.07334722117645599,0.3483935864888459,0.45477449893951416,0.31379814408719564,0.38281724512577064
residual_v2,46,star_concave,38,private-source://routeA_experiments/data/prospective_ood_rd_hddm_alpha001_v2/star_concave/sample_0038.npz,6ba9092a7f68d6d13493fceadb5e908dc631b20b2a917da96f2634c547cb7849,0.012995542958378792,0.09892385226889973,0.45817487399510565,0.5044246315956116,0.3501311808824541,0.4773065200448037
residual_v2,46,star_concave,39,private-source://routeA_experiments/data/prospective_ood_rd_hddm_alpha001_v2/star_concave/sample_0039.npz,22652a3d0dc5499ddc059fd0199f955f000a9224a1f5619549bd84fa34b70755,0.01290090661495924,0.06598097596375882,0.38463547000568393,0.4569956064224243,0.3267879068851469,0.39094792187213906
residual_v2,46,star_concave,40,private-source://routeA_experiments/data/prospective_ood_rd_hddm_alpha001_v2/star_concave/sample_0040.npz,979af9334c1802b981da270d5875fa0c7b9ece1cdeae2d7ddab565fa7e35c3b0,0.012975329533219337,0.07936856220538274,0.5501554263056679,0.6975743770599365,0.43244022130966153,0.6402045607566832
residual_v2,46,star_concave,41,private-source://routeA_experiments/data/prospective_ood_rd_hddm_alpha001_v2/star_concave/sample_0041.npz,3e594e2e6d2ad746bc0157e3521e1d1f6090b162a1b92253789085a2dbb47654,0.012903626076877117,0.09220101824959684,0.5485421611926751,0.7367015182971954,0.42409151792526223,0.5782836127281178
residual_v2,46,star_concave,42,private-source://routeA_experiments/data/prospective_ood_rd_hddm_alpha001_v2/star_concave/sample_0042.npz,c4c10181a5a8723bab009727251b85f91867206e2a7e7b2f496d7cbd97bde9f3,0.012285534292459488,0.08517878484438984,0.6063998198189551,0.7171849012374878,0.4257907837629318,0.6291322976350806
residual_v2,46,star_concave,43,private-source://routeA_experiments/data/prospective_ood_rd_hddm_alpha001_v2/star_concave/sample_0043.npz,60596fdaece0c19a7997da29479b7375b7dab588e93a500a17be8ad6540c5652,0.012253555469214916,0.0699065079264277,0.41913216359194394,0.5513379573822021,0.3320553064346314,0.4456302547454834
residual_v2,46,star_concave,44,private-source://routeA_experiments/data/prospective_ood_rd_hddm_alpha001_v2/star_concave/sample_0044.npz,1383081fd3815f2104988ac35e4d709121c4e13596804ade49dc4e610ea86679,0.01292234007269144,0.08753875917157236,0.5482488465548009,0.7244440913200378,0.43638920336961734,0.6448944324254987
residual_v2,46,star_concave,45,private-source://routeA_experiments/data/prospective_ood_rd_hddm_alpha001_v2/star_concave/sample_0045.npz,023263165e13e05a212e40ecd70a27ba52200197231297219582d7e5bba3dbe2,0.012994413264095783,0.07770804086331799,0.4811889308369729,0.6367779672145844,0.3957567349076271,0.5461973723769187
residual_v2,46,star_concave,46,private-source://routeA_experiments/data/prospective_ood_rd_hddm_alpha001_v2/star_concave/sample_0046.npz,b15ee5f6922f4f24ee7033154d443e62434bd3a3733663097faabea670e06fc7,0.013036473654210567,0.09586490437375574,0.4530318185222805,0.5364981889724731,0.3584552943706509,0.4545207273960113
residual_v2,46,star_concave,47,private-source://routeA_experiments/data/prospective_ood_rd_hddm_alpha001_v2/star_concave/sample_0047.npz,0dd14136387bff8f2e808a1c1b23f92c0b77dcb3e67f86d25f7d8837c77575de,0.012988745234906673,0.07870788940001747,0.5137588834407188,0.6290653645992279,0.4236788272857666,0.5985029089450828
residual_v2,46,star_concave,48,private-source://routeA_experiments/data/prospective_ood_rd_hddm_alpha001_v2/star_concave/sample_0048.npz,170d40f333deaba43a45d4d2ea6cd73468bae603f4b0069e39c6200efecb0bcf,0.012922295369207859,0.0693565056712377,0.36666323256806443,0.5091905891895294,0.30745333433151245,0.4328088998794556
residual_v2,46,star_concave,49,private-source://routeA_experiments/data/prospective_ood_rd_hddm_alpha001_v2/star_concave/sample_0049.npz,3baa64b964e40f4d041934f78d820db94115a9f893482d40b5eb2c6868bd541f,0.012910046614706516,0.09938721414433192,0.6734446675210447,0.7471636831760406,0.5125140845775604,0.7208402752876283
residual_v2,46,star_concave,50,private-source://routeA_experiments/data/prospective_ood_rd_hddm_alpha001_v2/star_concave/sample_0050.npz,1736fc66548c7d2e863a00e32a752906c88a567b1201f17522a5ad4de2a710f4,0.012287765741348267,0.08644990753867197,0.6090583771337396,0.767852395772934,0.4401181995868679,0.680113313794136
residual_v2,46,star_concave,51,private-source://routeA_experiments/data/prospective_ood_rd_hddm_alpha001_v2/star_concave/sample_0051.npz,bbee14e14361425abba154c6f545f34a6bc8991bef7312742393d461406dd03c,0.012307622469961643,0.09088129411633375,0.5898809747783,0.6813141703605652,0.41301796436309807,0.6107264578342436
residual_v2,46,star_concave,52,private-source://routeA_experiments/data/prospective_ood_rd_hddm_alpha001_v2/star_concave/sample_0052.npz,ed45abe2c84a6a7a838830e4de837fa03cd05b8d959f2f8f0ce1a9d1d8665108,0.012340715155005455,0.09527935711425366,0.6809701398619976,0.8076374530792236,0.5544086813926687,0.7282590794563287
residual_v2,46,star_concave,53,private-source://routeA_experiments/data/prospective_ood_rd_hddm_alpha001_v2/star_concave/sample_0053.npz,2cde7d03eeb67287459dbeac592a42bb82c4515f561e6dd2b826e65efe9946be,0.013015372678637505,0.06214518231185693,0.3323650920730127,0.5172996520996094,0.2618344292044639,0.3904833734035496
residual_v2,46,star_concave,54,private-source://routeA_experiments/data/prospective_ood_rd_hddm_alpha001_v2/star_concave/sample_0054.npz,4cba00e0ed66cb2ac4d45603705ee8ce4570c268262d907c90c92a3a53a03f37,0.013027193024754524,0.07891170111842394,0.4143139172812554,0.5013680756092072,0.37481598854064924,0.4559532046318055
residual_v2,46,star_concave,55,private-source://routeA_experiments/data/prospective_ood_rd_hddm_alpha001_v2/star_concave/sample_0055.npz,dce22efcf9ad447d20a4f5bed0795d0132c8276ec8fd03667f04f5c47805d3f3,0.012934251688420773,0.07342122773430532,0.4058650739761679,0.6049818992614746,0.34855175018310475,0.5263659954071042
residual_v2,46,star_concave,56,private-source://routeA_experiments/data/prospective_ood_rd_hddm_alpha001_v2/star_concave/sample_0056.npz,235646d85b8c07970a3d8b865ffe8b58eda9eb036fb639d49673bb58d73de474,0.012163943611085415,0.06573260643813107,0.3659570764199419,0.5429924428462982,0.28434509336948355,0.448998327851295
residual_v2,46,star_concave,57,private-source://routeA_experiments/data/prospective_ood_rd_hddm_alpha001_v2/star_concave/sample_0057.npz,fba47c2f217c4b06672bfd7c97f817bd5a9470721ee275dd6011e375a632fe55,0.01296562422066927,0.08342572428045969,0.5560550208100745,0.7099024057388306,0.44432980865240096,0.6248993661999701
residual_v2,46,star_concave,58,private-source://routeA_experiments/data/prospective_ood_rd_hddm_alpha001_v2/star_concave/sample_0058.npz,18c38148eac2df3c48d00500e74d23a957b100253e58db77dda149b67191d166,0.012877501547336578,0.08519155894185872,0.5827070645532192,0.6585465669631958,0.4180406272411344,0.6017694389820112
residual_v2,46,star_concave,59,private-source://routeA_experiments/data/prospective_ood_rd_hddm_alpha001_v2/star_concave/sample_0059.npz,f9d7dc0bbca24cb8eb66c7b813db7c767b0d3758dcf605d732bbcb3fea82bdc9,0.0128634013235569,0.0839912872947316,0.5824345577468985,0.7133765816688538,0.42988033294677763,0.6166738176345828
residual_v2,46,star_concave,60,private-source://routeA_experiments/data/prospective_ood_rd_hddm_alpha001_v2/star_concave/sample_0060.npz,ad8bdeb51e8207d14e6ab8946808203d53cfbcd39ebdfb58ff8542e60a2ce5f7,0.012955095618963242,0.0995504469614178,0.5892350601184078,0.6986907720565796,0.47776786684989925,0.6148023414611816
residual_v2,46,star_concave,61,private-source://routeA_experiments/data/prospective_ood_rd_hddm_alpha001_v2/star_concave/sample_0061.npz,6a8d098fa3cf0e8607b55e7b07d030a5a0586678285f123530f988ef18a29c9f,0.013043106533586979,0.07040771985055468,0.41794257723095896,0.5918934941291809,0.29533204436302185,0.4951498150825506
residual_v2,46,star_concave,62,private-source://routeA_experiments/data/prospective_ood_rd_hddm_alpha001_v2/star_concave/sample_0062.npz,af2aa6263843eda66dc7a1fab1c879ffb7c49c81b11d63bf66e6a1d95823b5c9,0.013017883524298668,0.08008220581125362,0.42556807439922983,0.52337646484375,0.3907986640930175,0.49003856778144866
residual_v2,46,star_concave,63,private-source://routeA_experiments/data/prospective_ood_rd_hddm_alpha001_v2/star_concave/sample_0063.npz,1d64b549093de73ce0aefc5a37a4f60e6d676c1cd705eb98d536ff5d4bef87a7,0.012253623455762863,0.0830249511041971,0.48404718889606724,0.5852247476577759,0.3878494217991832,0.5104779925942422
residual_v2,46,star_concave,64,private-source://routeA_experiments/data/prospective_ood_rd_hddm_alpha001_v2/star_concave/sample_0064.npz,df2e0d7751b94355ed613e5666bca2fb52173d2dcd42ae84fc71ea01084f44df,0.012272011488676071,0.10592384975043247,0.669372029560471,0.7803364992141724,0.5383549720048905,0.7154374146461483
residual_v2,46,star_concave,65,private-source://routeA_experiments/data/prospective_ood_rd_hddm_alpha001_v2/star_concave/sample_0065.npz,6be62c8bf97c5e0d45b37e969d56e99f2cd1a93cbfa17aff04e3123165f38d67,0.012265782803297043,0.07995485606144358,0.39297305991372466,0.4701736271381378,0.309318423271179,0.42618245124816895
residual_v2,46,star_concave,66,private-source://routeA_experiments/data/prospective_ood_rd_hddm_alpha001_v2/star_concave/sample_0066.npz,0b6d24abc0a7ac7e8c177054dfeb0fe09760ac17f68380edd5064919b3f5a1cb,0.012222269549965858,0.10041068243119655,0.7202904992105794,0.8159958124160767,0.45195111632347107,0.709240233898163
residual_v2,46,star_concave,67,private-source://routeA_experiments/data/prospective_ood_rd_hddm_alpha001_v2/star_concave/sample_0067.npz,0ca774ec08694066988a6ae4ef908c7dfb68e93c52137929de1a67ca05e2995a,0.012420286424458027,0.06874949359845275,0.3128056590033133,0.36720408499240875,0.25897192955017095,0.30937452793121334
residual_v2,46,star_concave,68,private-source://routeA_experiments/data/prospective_ood_rd_hddm_alpha001_v2/star_concave/sample_0068.npz,e76410fee1405db62c2b1b1129e514e7332ae0d1c54b743f299ee2fd119d95d8,0.012218775227665901,0.06417747228569282,0.5021745957994531,0.6003278493881226,0.3717286527156832,0.5004467535018922
residual_v2,46,star_concave,69,private-source://routeA_experiments/data/prospective_ood_rd_hddm_alpha001_v2/star_concave/sample_0069.npz,364b7c5d47826d22443658d1cb9c8b05008763aa6dd8a85bfa73678203751c21,0.012142803519964218,0.0844181584125181,0.5408089173335475,0.665037602186203,0.4302857533097266,0.5652353680133819
residual_v2,46,star_concave,70,private-source://routeA_experiments/data/prospective_ood_rd_hddm_alpha001_v2/star_concave/sample_0070.npz,7ae2d6139034f24d5fa0ecd56cf638c38a469593bfea66160f4a003c37c778af,0.01237067673355341,0.09364939435784882,0.7033053681988063,0.8213255703449249,0.5021683573722839,0.7181980609893799
residual_v2,46,star_concave,71,private-source://routeA_experiments/data/prospective_ood_rd_hddm_alpha001_v2/star_concave/sample_0071.npz,387823e996225fc808f345546490c6cfd199eedc7843a0aa5f39fe248acd4320,0.012239839881658554,0.09695214338597875,0.7130332047878989,0.8357651233673096,0.5167701989412308,0.7456184402108192
residual_v2,46,star_concave,72,private-source://routeA_experiments/data/prospective_ood_rd_hddm_alpha001_v2/star_concave/sample_0072.npz,35ccb4b6c6fd7f8c488468219502bff16e032bd7df63bc8f74d635a6bc181457,0.012253840453922749,0.08017235376076445,0.36387590482257975,0.46993619203567505,0.312201601266861,0.39850650727748754
residual_v2,46,star_concave,73,private-source://routeA_experiments/data/prospective_ood_rd_hddm_alpha001_v2/star_concave/sample_0073.npz,2738195cdbe5996a364285abc0046a1cb2d15377f53b9fe666c06434481dc2f6,0.012311415746808052,0.0847016082138468,0.8233352250478608,0.8653948307037354,0.3861641168594353,0.7466399866342548
residual_v2,46,star_concave,74,private-source://routeA_experiments/data/prospective_ood_rd_hddm_alpha001_v2/star_concave/sample_0074.npz,d0d1391ed00492cecce69dfa827b340324d88adf3a584bf7899bf2ea4cc0314a,0.013012776151299477,0.08125375241679682,0.6199052768877729,0.7351181507110596,0.3993012398481368,0.6371920433640479
residual_v2,46,star_concave,75,private-source://routeA_experiments/data/prospective_ood_rd_hddm_alpha001_v2/star_concave/sample_0075.npz,592a563399989b953ca42755b7dcf3082863fbc8512c089d574642d62bfa768f,0.012963009998202324,0.07411726707212435,0.4382046552844855,0.7068061828613281,0.32556585073470795,0.6225047540664672
residual_v2,46,star_concave,76,private-source://routeA_experiments/data/prospective_ood_rd_hddm_alpha001_v2/star_concave/sample_0076.npz,833a3a6d3d9ddba1bac61edee72bfdfb032a4ad685b0cec46d80805537b407fb,0.012888399884104729,0.07838761601009499,0.36164973280057827,0.4523671269416809,0.29086990654468536,0.394985346496105
residual_v2,46,star_concave,77,private-source://routeA_experiments/data/prospective_ood_rd_hddm_alpha001_v2/star_concave/sample_0077.npz,cfd4cb676fb49608dfc569217160e8783cceaeb7579e08c111f5b81d17f661e2,0.013013145886361599,0.09358563106504096,0.5749657474201268,0.6209411025047302,0.4630773067474365,0.5790189802646637
residual_v2,46,star_concave,78,private-source://routeA_experiments/data/prospective_ood_rd_hddm_alpha001_v2/star_concave/sample_0078.npz,7f023420213a2f7e2fd89a7dba911906863dce1e53ef77466750637ab128e623,0.013010743074119091,0.07318171215534158,0.5053956341437676,0.6643126606941223,0.383744871616363,0.568759340643881
residual_v2,46,star_concave,79,private-source://routeA_experiments/data/prospective_ood_rd_hddm_alpha001_v2/star_concave/sample_0079.npz,af0530854ecbd25049782a6643d0e28babcca47a66f81ffebbdeb2bee3d4add5,0.012971185147762299,0.07974135617581637,0.45465278500887124,0.6415632665157318,0.40336939692497253,0.5595248937606812
residual_v2,46,star_concave,80,private-source://routeA_experiments/data/prospective_ood_rd_hddm_alpha001_v2/star_concave/sample_0080.npz,0d8bf642f804cdb4c44ec3c97a7c8aa4aee2892c6e9e3f5615119b6231c98adb,0.012938580475747585,0.0976177645895216,0.6064437915898693,0.7625243067741394,0.4633202925324434,0.6594508692622179
residual_v2,46,star_concave,81,private-source://routeA_experiments/data/prospective_ood_rd_hddm_alpha001_v2/star_concave/sample_0081.npz,fcf2bf5bfee08e8bfdd64849976df45af7e75bffcb95d99bd5340ec6e971576b,0.013040113262832165,0.08848578238830868,0.6586383846929157,0.8154051601886749,0.4586123585700982,0.6921975803375233
residual_v2,46,star_concave,82,private-source://routeA_experiments/data/prospective_ood_rd_hddm_alpha001_v2/star_concave/sample_0082.npz,eecebee0f558d9151ce9118d6aed764ce2ca8fb51723395fa7340defaa974edd,0.012880482710897923,0.07119655929489487,0.769029480125027,0.8696771562099457,0.2506136491894723,0.6465918809175502
residual_v2,46,star_concave,83,private-source://routeA_experiments/data/prospective_ood_rd_hddm_alpha001_v2/star_concave/sample_0083.npz,e5abdab9321ee56ed869ed460fa271c06a6390dc7c65469ad1fde0bfbc3f052e,0.012905930168926716,0.08011850589241817,0.6961466220939379,0.8481415510177612,0.41194636225700365,0.7278079795837401
residual_v2,46,star_concave,84,private-source://routeA_experiments/data/prospective_ood_rd_hddm_alpha001_v2/star_concave/sample_0084.npz,42b2e9080004dd7e87c755cf533ee961aee427788297acc5e783f709e47baeb3,0.012942812405526638,0.08232665139133856,0.5306203168171157,0.7304534912109375,0.38272093683481156,0.5993648517131807
residual_v2,46,star_concave,85,private-source://routeA_experiments/data/prospective_ood_rd_hddm_alpha001_v2/star_concave/sample_0085.npz,307c7f1bcc7bff44abcc6a30dc1e3969ede6f73df314300a047b61ccf6c3a378,0.01224728673696518,0.07961438129104174,0.6053176991257495,0.7602695822715759,0.38418370485305786,0.6623918175697334
residual_v2,46,star_concave,86,private-source://routeA_experiments/data/prospective_ood_rd_hddm_alpha001_v2/star_concave/sample_0086.npz,b3bb0c62290c26c875c27ae948d6b587087d0569c3f356201eb0f22fdb2a3e09,0.012280602008104324,0.09528049742820058,0.6633088264681398,0.8530084490776062,0.49967468380928093,0.7433436501026156
residual_v2,46,star_concave,87,private-source://routeA_experiments/data/prospective_ood_rd_hddm_alpha001_v2/star_concave/sample_0087.npz,7dbf43fba15e26840cbf500867302ab7673d25663cd48115751bfd9162ec41f8,0.012310665100812912,0.08811815046292007,0.37048972712526396,0.43002907931804657,0.2896127015352249,0.3424650198221211
residual_v2,46,star_concave,88,private-source://routeA_experiments/data/prospective_ood_rd_hddm_alpha001_v2/star_concave/sample_0088.npz,46b403b9b0883fb6fafe6d706ff132a9019b0523c686f8c32b2cf73973dc110b,0.012991243973374367,0.09475960403232131,0.6611180002944367,0.8227950930595398,0.49807225465774496,0.7109221601486201
residual_v2,46,star_concave,89,private-source://routeA_experiments/data/prospective_ood_rd_hddm_alpha001_v2/star_concave/sample_0089.npz,4b05a4955d6129f9c7936385ebb4ab230f3bef639b45cb994afa8092d2aa1480,0.013047466985881329,0.0838716271645913,0.6859837048132844,0.7822732329368591,0.45454484224319436,0.7085499358177185
residual_v2,46,star_concave,90,private-source://routeA_experiments/data/prospective_ood_rd_hddm_alpha001_v2/star_concave/sample_0090.npz,562c2f1d56afdd8da2679e39e24f0681dfc71b8a722e546b74aa0f3f574a15bc,0.013026775792241096,0.08960477406911486,0.6401406045939363,0.7521532773971558,0.4800450205802917,0.6646691536903376
residual_v2,46,star_concave,91,private-source://routeA_experiments/data/prospective_ood_rd_hddm_alpha001_v2/star_concave/sample_0091.npz,f841635f22b41963248fac05366396a38bf40de493e33e45588fb8fd0d09f968,0.01290567684918642,0.08884857371580264,0.635401743144746,0.7699039578437805,0.4797224462032317,0.675582456588745
residual_v2,46,star_concave,92,private-source://routeA_experiments/data/prospective_ood_rd_hddm_alpha001_v2/star_concave/sample_0092.npz,a4d8c9efc38c8dccdb95d6c4299d63e986137338f9a4d90ce862e166f09abfc5,0.013038604520261288,0.09492971282366745,0.6431273459145749,0.7781507968902588,0.4907209008932115,0.7125716012716292
residual_v2,46,star_concave,93,private-source://routeA_experiments/data/prospective_ood_rd_hddm_alpha001_v2/star_concave/sample_0093.npz,aaa767ef1eddfd044b5bf6a9fbef6b61dc5de5a86360570f0a77b5f524e97dce,0.012980131432414055,0.08291456976720614,0.5965990909987503,0.7311769127845764,0.4182856425642967,0.6466585406661032
residual_v2,46,star_concave,94,private-source://routeA_experiments/data/prospective_ood_rd_hddm_alpha001_v2/star_concave/sample_0094.npz,a154a56ddefca8edbcf263aff519e91ce0f4e58465c7717e79c68dc97d11b9cd,0.012334203347563744,0.06826745985305055,0.29000843783367247,0.40120214223861694,0.21912850439548492,0.29843417406082146
residual_v2,46,star_concave,95,private-source://routeA_experiments/data/prospective_ood_rd_hddm_alpha001_v2/star_concave/sample_0095.npz,610bda6ba90ca73114af1042f6933531fbea7cab4fd66994183455d85a6010af,0.012281923554837704,0.09930053636076082,0.5306279283543419,0.5968195796012878,0.45949399322271334,0.5577241018414497
residual_v2,46,star_concave,96,private-source://routeA_experiments/data/prospective_ood_rd_hddm_alpha001_v2/star_concave/sample_0096.npz,7917e7c1d6f0406fa9182f86bd5be59e3098f4dcff79f5930d3877b0a1e63145,0.012160995975136757,0.06500761515635305,0.4400197607899385,0.6137782335281372,0.31160483658313676,0.46677775800228194
residual_v2,46,star_concave,97,private-source://routeA_experiments/data/prospective_ood_rd_hddm_alpha001_v2/star_concave/sample_0097.npz,7d62afce33a59e7363d7fc907585bfe008936306d94881e9a078db26dc18157a,0.013037308119237423,0.1063770294810703,0.558282925548249,0.6993656754493713,0.394977331161499,0.6109421253204346
residual_v2,46,star_concave,98,private-source://routeA_experiments/data/prospective_ood_rd_hddm_alpha001_v2/star_concave/sample_0098.npz,82c3fdcc10ce0484d81abe39a21224cfecabe860524345fd21840bdeb8f08905,0.01286537479609251,0.0710309197744786,0.4678306611438888,0.6148827075958252,0.36065633594989777,0.5821818381547931
residual_v2,46,star_concave,99,private-source://routeA_experiments/data/prospective_ood_rd_hddm_alpha001_v2/star_concave/sample_0099.npz,42899fd8a5f5a539afe710561c1d64b294124afd2a7fa4d6bfdc8dbb4cf853ae,0.01297549344599247,0.05209632569929942,0.22928863683179532,0.35331791639328003,0.18153144121170042,0.26096329964697373
residual_v2,46,star_concave,100,private-source://routeA_experiments/data/prospective_ood_rd_hddm_alpha001_v2/star_concave/sample_0100.npz,b2799e0a19e65139cf29cb348720c12f52c75ee9aecd3d993b39ffd6d77a7136,0.012942892499268055,0.10473932085199136,0.6233466220145841,0.7775053977966309,0.4861754059791564,0.6611280047893526
residual_v2,46,star_concave,101,private-source://routeA_experiments/data/prospective_ood_rd_hddm_alpha001_v2/star_concave/sample_0101.npz,77f5771f7fb6794527efaea4da878ab24f6c10142a63483a9d2d7d0cc360d2d1,0.013005385175347328,0.05617917133897536,0.2869283847116528,0.47686827182769775,0.23461872339248657,0.36826347708702084
residual_v2,46,star_concave,102,private-source://routeA_experiments/data/prospective_ood_rd_hddm_alpha001_v2/star_concave/sample_0102.npz,7809a5edfb14edaf519c2b3af3950525a2e8c8a8afca6a8cd20dad8cca2ff262,0.012972225435078144,0.09905333500657384,0.6475563968332215,0.7747305631637573,0.4843352362513542,0.6830391436815262
residual_v2,46,star_concave,103,private-source://routeA_experiments/data/prospective_ood_rd_hddm_alpha001_v2/star_concave/sample_0103.npz,1e622b0f01095983080bae30dd0105f2b63383dbb92566dee14bdc6b21842e3a,0.013027956709265709,0.08768435925174665,0.5952161116169368,0.7420083284378052,0.4609160780906675,0.6427963578701018
residual_v2,46,star_concave,104,private-source://routeA_experiments/data/prospective_ood_rd_hddm_alpha001_v2/star_concave/sample_0104.npz,a586ef53200f2a2874d0bec4d38d819164ee1ad51b9a31172756a0acac53eb4f,0.012925484217703342,0.08498800293731147,0.5476864949428204,0.6597572565078735,0.4619744360446928,0.6040537977218627
residual_v2,46,star_concave,105,private-source://routeA_experiments/data/prospective_ood_rd_hddm_alpha001_v2/star_concave/sample_0105.npz,fbe036f3ba7e29c58ad15958277e4f0a631d9dbe9c9738a712d0e120979da252,0.012864647433161736,0.06818839766915333,0.36789262984964205,0.5317810773849487,0.29957457482814787,0.41837624073028573
residual_v2,46,star_concave,106,private-source://routeA_experiments/data/prospective_ood_rd_hddm_alpha001_v2/star_concave/sample_0106.npz,77ee446c4ec99eb4a4a69271d7442b40755008e0ba89f52f06102e4951fdcc97,0.012938710860908031,0.06463737148070599,0.42169888161268654,0.5226723551750183,0.3180905103683471,0.4560824066400526
residual_v2,46,star_concave,107,private-source://routeA_experiments/data/prospective_ood_rd_hddm_alpha001_v2/star_concave/sample_0107.npz,9909df5b2c8cb43975e27322a09dd30924b8b2486f3909f2d4c0263e6a420e1d,0.01300719566643238,0.07774454185710769,0.5144152798046236,0.6292888820171356,0.3788092464208602,0.575682134926319
residual_v2,46,star_concave,108,private-source://routeA_experiments/data/prospective_ood_rd_hddm_alpha001_v2/star_concave/sample_0108.npz,f14296487a120c18b86ed5166d56b76a1092cb2d50d54253bdd3df784730f435,0.012270496226847172,0.0946051904063724,0.612135809769498,0.7330871820449829,0.5021710991859436,0.675719976425171
residual_v2,46,star_concave,109,private-source://routeA_experiments/data/prospective_ood_rd_hddm_alpha001_v2/star_concave/sample_0109.npz,5efae8b79d62692fd4d6c11d4acd9743008b0f6f1cfb22f8da84314c1ee13027,0.012963265180587769,0.06492085586728429,0.33937718492855534,0.508950412273407,0.27450825572013837,0.3670879420638087
residual_v2,46,star_concave,110,private-source://routeA_experiments/data/prospective_ood_rd_hddm_alpha001_v2/star_concave/sample_0110.npz,6bee368483186df489d00f012aa97037205449bd3f079d246194cff1b1db79de,0.01306089572608471,0.08423458960207758,0.5439911565020489,0.6906686425209045,0.3921990036964414,0.6177318596839905
residual_v2,46,star_concave,111,private-source://routeA_experiments/data/prospective_ood_rd_hddm_alpha001_v2/star_concave/sample_0111.npz,fd36365012b8b08fa6dc5f679418b95a812fb25fcf02da8f8a2d78a1da20b90c,0.013051860965788364,0.07464784522160686,0.44180460485023415,0.5633850395679474,0.30906520336866394,0.5215542250871665
residual_v2,46,star_concave,112,private-source://routeA_experiments/data/prospective_ood_rd_hddm_alpha001_v2/star_concave/sample_0112.npz,b196163e725c5f13e063b03c2f311a38a83498677188bbaf9ac548c04137ff1d,0.01293160393834114,0.07354851190140584,0.5010763801685247,0.6188906133174896,0.38744012713432274,0.5623035877943033
residual_v2,46,star_concave,113,private-source://routeA_experiments/data/prospective_ood_rd_hddm_alpha001_v2/star_concave/sample_0113.npz,7658116c35833629bbbdd3be7ac254197c8b3f70373a5754e1852a1c944adc54,0.013070052489638329,0.09817981399769017,0.4330080355540994,0.46651598811149597,0.34616575390100474,0.3939629249274729
residual_v2,46,star_concave,114,private-source://routeA_experiments/data/prospective_ood_rd_hddm_alpha001_v2/star_concave/sample_0114.npz,8f464174cd05f745a11b44e72ec62293d308f5bfee0b7c4c97ee27afabc9bf12,0.012923331931233406,0.08646489835994356,0.5051776847095822,0.5798428058624268,0.4114577800035475,0.5455731731653214
residual_v2,46,star_concave,115,private-source://routeA_experiments/data/prospective_ood_rd_hddm_alpha001_v2/star_concave/sample_0115.npz,55f49c70429cd725bd076dc190ba781d383feb5f68c35cbb727215adf3ca2cec,0.01294617634266615,0.08703450689992653,0.6972096391785002,0.8419792652130127,0.49889404177665736,0.7690491652488708
residual_v2,46,star_concave,116,private-source://routeA_experiments/data/prospective_ood_rd_hddm_alpha001_v2/star_concave/sample_0116.npz,33ab98c78fdf1aa6324852fc2a61462352f31e540635776c19a0a5cb1b72349f,0.013002127408981323,0.07220863129376615,0.3449086903910725,0.4266512244939804,0.29496491700410843,0.37813307046890254
residual_v2,46,star_concave,117,private-source://routeA_experiments/data/prospective_ood_rd_hddm_alpha001_v2/star_concave/sample_0117.npz,63ca60b899abf7eb56048e8d86ac5f797ba727942040871be466de9220f807c3,0.012989607639610767,0.08200384781518114,0.5918792820256413,0.6925665736198425,0.42928463220596313,0.6302106022834773
residual_v2,46,star_concave,118,private-source://routeA_experiments/data/prospective_ood_rd_hddm_alpha001_v2/star_concave/sample_0118.npz,5e1445f7a185641f6adb0d6871fb8cbda8664f8551f637d8f69b41e8462db0b1,0.012982306070625782,0.09190912995626395,0.6107460337570664,0.7044795155525208,0.4870585486292835,0.6235462880134582
residual_v2,46,star_concave,119,private-source://routeA_experiments/data/prospective_ood_rd_hddm_alpha001_v2/star_concave/sample_0119.npz,781b03ef3e3e9f67cd090b7ccee86f87669c7a22a2e3aa0b82e4560d2b21820f,0.012869751080870628,0.07437978622989551,0.5553826725741299,0.7132183313369751,0.36481069326400695,0.5271188873052591
residual_v2,46,star_concave,120,private-source://routeA_experiments/data/prospective_ood_rd_hddm_alpha001_v2/star_concave/sample_0120.npz,476685abe2472a157969c1f5a839fe7f1aded68fd5977ece1881cb5d6ed61345,0.012944991700351238,0.07331779309578242,0.459236808058746,0.5584906935691833,0.3480819508433342,0.47974439442157735
residual_v2,46,star_concave,121,private-source://routeA_experiments/data/prospective_ood_rd_hddm_alpha001_v2/star_concave/sample_0121.npz,d44dd313ef06efdc53842cbcd25e7c94f8002b26269a8d974d6b4e2189c7cf49,0.012938201427459717,0.0841819739672288,0.506392912493493,0.6317166090011597,0.3485367149114609,0.5218519628047943
residual_v2,46,star_concave,122,private-source://routeA_experiments/data/prospective_ood_rd_hddm_alpha001_v2/star_concave/sample_0122.npz,7c749504b1437233839eacfc2c94c00613d75381374e8f1ac33b9197daf4612f,0.012302455492317677,0.10546542714150746,0.6236956507463786,0.6913245916366577,0.48307094573974607,0.6543074846267702
residual_v2,46,star_concave,123,private-source://routeA_experiments/data/prospective_ood_rd_hddm_alpha001_v2/star_concave/sample_0123.npz,2f7b8f1084aa65d36f64bdfd0ad63dba1070e18b385551aaeeed4bd3345d07eb,0.01227913610637188,0.08299638397784842,0.6002147579937392,0.7326548099517822,0.45922446846961934,0.6614047205448149
residual_v2,46,star_concave,124,private-source://routeA_experiments/data/prospective_ood_rd_hddm_alpha001_v2/star_concave/sample_0124.npz,ee8cc9c9780afa5d2b0a24922a73005506c2939875b3c50b69bf8b4fb4097be6,0.012501773424446583,0.08688600582827921,0.547346528412325,0.6623273491859436,0.47054347097873683,0.6066137629747387
residual_v2,46,star_concave,125,private-source://routeA_experiments/data/prospective_ood_rd_hddm_alpha001_v2/star_concave/sample_0125.npz,95c3cac8c54fe43f20a59431a44f07cf020825ee735ba75cd2bc048b4c3859ba,0.01300856750458479,0.08803551514051797,0.670077187647568,0.7734037339687347,0.4988547861576081,0.6889142516255373
residual_v2,46,star_concave,126,private-source://routeA_experiments/data/prospective_ood_rd_hddm_alpha001_v2/star_concave/sample_0126.npz,92785828d21aa7474cbb2eead5c468fc662d8408973e402dbf64a5491b7aa6d3,0.013021127320826054,0.0831072644621987,0.3866625760464588,0.5077221989631653,0.32223075032234194,0.47181165695190436
residual_v2,46,star_concave,127,private-source://routeA_experiments/data/prospective_ood_rd_hddm_alpha001_v2/star_concave/sample_0127.npz,6240432158188c6377d1af044607ddc0d26482f74bd3ca875898f7064546cc93,0.012848480604588985,0.0866215600638946,0.5813744476976395,0.704390287399292,0.4303434550762173,0.6237401813268656
residual_v2,46,star_concave,128,private-source://routeA_experiments/data/prospective_ood_rd_hddm_alpha001_v2/star_concave/sample_0128.npz,0b59ec75f4c8496864064dfb32ae8a9d4126678dbd85fe5bd0591e5216f96aad,0.012924409471452236,0.06157060854190507,0.2903674491239862,0.3893260955810547,0.22971691489219662,0.3081093034148217
residual_v2,46,star_concave,129,private-source://routeA_experiments/data/prospective_ood_rd_hddm_alpha001_v2/star_concave/sample_0129.npz,490cffc887e2ec71d5a39def540ee809507583f309dc44b073e953a6e4be1aae,0.012983846478164196,0.07793735171702505,0.4249663000113616,0.510501891374588,0.3181469142436981,0.43558769941329945
residual_v2,46,star_concave,130,private-source://routeA_experiments/data/prospective_ood_rd_hddm_alpha001_v2/star_concave/sample_0130.npz,4d1e8d96d7fcb07225ed2c80819afd45bed479d7b0276561f62b212b99b225f9,0.012809962965548038,0.07285071810008241,0.4119459248408654,0.5127528309822083,0.34163633733987714,0.4755986586213112
residual_v2,46,star_concave,131,private-source://routeA_experiments/data/prospective_ood_rd_hddm_alpha001_v2/star_concave/sample_0131.npz,e67f5f3314eb9639b1a29bc2cf34e4154f8c3a4c6aa5b1e046f23015f1913345,0.01289327908307314,0.08900164765389534,0.5908126371644555,0.7891575992107391,0.4456526845693588,0.6939732080698015
residual_v2,46,star_concave,132,private-source://routeA_experiments/data/prospective_ood_rd_hddm_alpha001_v2/star_concave/sample_0132.npz,efbafa19d305c98c4298b184f17160dd263aea854458f681e045011684a4500f,0.012942129746079445,0.09458800822060759,0.682807049669985,0.7717918753623962,0.5383231297135352,0.7199863478541367
residual_v2,46,star_concave,133,private-source://routeA_experiments/data/prospective_ood_rd_hddm_alpha001_v2/star_concave/sample_0133.npz,ac5b59374058467ba8a0e8d1038c302b291ebfe33dddcefd3485c09e5e9db034,0.012211760506033897,0.06721977350811706,0.3829920968181071,0.540334165096283,0.32586610317230225,0.47227092981338537
residual_v2,46,star_concave,134,private-source://routeA_experiments/data/prospective_ood_rd_hddm_alpha001_v2/star_concave/sample_0134.npz,698cdfaf758c0ce8534b7887fe5c24d821ec04157ead34e39f7d1688a4d1fee6,0.012273060157895088,0.10045016862359549,0.5963036386873929,0.6982830166816711,0.5290053844451896,0.6780556631088261
residual_v2,46,star_concave,135,private-source://routeA_experiments/data/prospective_ood_rd_hddm_alpha001_v2/star_concave/sample_0135.npz,0d0c4a18379290c731fed21f2627bb012972aa932a5c0fa3600440ca617362f5,0.012180715799331665,0.08678036517509753,0.5264925965693711,0.6415198445320129,0.4405923664569855,0.5589832592010499
residual_v2,46,star_concave,136,private-source://routeA_experiments/data/prospective_ood_rd_hddm_alpha001_v2/star_concave/sample_0136.npz,a21474628f5ea2e01e6c6c31400fa79e80f00f083e5762d1d2ec8da62832bf51,0.01303817331790924,0.08146824274370483,0.5306895911960866,0.6338674426078796,0.4197586923837662,0.5853331416845322
residual_v2,46,star_concave,137,private-source://routeA_experiments/data/prospective_ood_rd_hddm_alpha001_v2/star_concave/sample_0137.npz,32270c08d5c4d02df1b251216ac2ec68396e8de703996d34c566047242ecf071,0.012898847460746765,0.08544964117949705,0.7158448057956915,0.7873516976833344,0.3995484791696063,0.6936045137047766
residual_v2,46,star_concave,138,private-source://routeA_experiments/data/prospective_ood_rd_hddm_alpha001_v2/star_concave/sample_0138.npz,56a5ba648e8989fd8e4fc2b097d1cf6bbd55365822d1df293d231a02772f474f,0.01306761335581541,0.07733046197594792,0.5350251739941344,0.6103723049163818,0.42488938570022583,0.5951742172241217
residual_v2,46,star_concave,139,private-source://routeA_experiments/data/prospective_ood_rd_hddm_alpha001_v2/star_concave/sample_0139.npz,50a825fb9f6a3ca2a14f234f813b84e2393c4954818d874df32d742dd2c44f7b,0.01305960863828659,0.08148122595999893,0.5125156979481568,0.6500462293624878,0.40810842663049696,0.5535857385396958
residual_v2,46,star_concave,140,private-source://routeA_experiments/data/prospective_ood_rd_hddm_alpha001_v2/star_concave/sample_0140.npz,6eed5033eeb5de188451d9e26ad8eacf53f167e16caf0c850f271c37e72a7343,0.01301259733736515,0.07775340418500999,0.4369991739335954,0.5742838382720947,0.3664032369852066,0.5127127110958096
residual_v2,46,star_concave,141,private-source://routeA_experiments/data/prospective_ood_rd_hddm_alpha001_v2/star_concave/sample_0141.npz,a907cd099a64c8511634df9793e5009356b21e455167b82fc179a582273ad2e0,0.012988029047846794,0.06592963732763506,0.30092563989898724,0.3943995535373688,0.24429069161415104,0.3494342410564423
residual_v2,46,star_concave,142,private-source://routeA_experiments/data/prospective_ood_rd_hddm_alpha001_v2/star_concave/sample_0142.npz,c351df90c2012fee03b759f7e74a2cc328cbd5e58c5ca8cb337cbb12147212f7,0.013071169145405293,0.07694211136540442,0.49040981894652774,0.6497604250907898,0.4138116016983986,0.6019147485494615
residual_v2,46,star_concave,143,private-source://routeA_experiments/data/prospective_ood_rd_hddm_alpha001_v2/star_concave/sample_0143.npz,098448b2527ae0bc73253fde5c87522c791cf59537cba8edcd6d7caf1b4e6865,0.01288080308586359,0.08524774359083677,0.8036920968969142,0.8912913203239441,0.42254714965820295,0.7684311270713806
residual_v2,46,star_concave,144,private-source://routeA_experiments/data/prospective_ood_rd_hddm_alpha001_v2/star_concave/sample_0144.npz,36e501d5cd401896953395e689dd63829d255ca199339df9d550472e654739f2,0.012914151884615421,0.08849234400978324,0.44597289372411697,0.6890917122364044,0.33585055395960844,0.5655374822020531
residual_v2,46,star_concave,145,private-source://routeA_experiments/data/prospective_ood_rd_hddm_alpha001_v2/star_concave/sample_0145.npz,0ad05974dcc3a0058ef1c0d09bc6dac91b0ff378c5f5b05dd51a53e776b533f1,0.012348610907793045,0.08596913725907092,0.5596849147003663,0.6291861534118652,0.4256816953420639,0.5912718400359154
residual_v2,46,star_concave,146,private-source://routeA_experiments/data/prospective_ood_rd_hddm_alpha001_v2/star_concave/sample_0146.npz,04fe2315b6738e155a6f486405ee2732ffd869607809f609396295991e3da6ca,0.012354684062302113,0.08334772038191372,0.6769322253101544,0.7687013149261475,0.45219565629959096,0.7140304112434387
residual_v2,46,star_concave,147,private-source://routeA_experiments/data/prospective_ood_rd_hddm_alpha001_v2/star_concave/sample_0147.npz,9bf550380294c2bbc3282540dbb56f5b988b488b234567a6ee8ced872a31ed48,0.012288836762309074,0.08471898626658525,0.5508197337101386,0.6767110824584961,0.41887103021144867,0.5823328423500062
residual_v2,46,star_concave,148,private-source://routeA_experiments/data/prospective_ood_rd_hddm_alpha001_v2/star_concave/sample_0148.npz,a001adad8040c93bc67319afa17cd043927ab409b2e313f15a99d6459047bba9,0.012326307594776154,0.07192682232155038,0.3945762196090574,0.5702283680438995,0.3161750644445419,0.4584908491373065
residual_v2,46,star_concave,149,private-source://routeA_experiments/data/prospective_ood_rd_hddm_alpha001_v2/star_concave/sample_0149.npz,b1137e6b1881fb85aa272787edec47cc66bdc286b602033c5c62eca8ca8eb42f,0.012279342859983444,0.07886681290202176,0.5376642717469837,0.5927115380764008,0.37195340096950547,0.5549632352590562
residual_v2,46,star_concave,150,private-source://routeA_experiments/data/prospective_ood_rd_hddm_alpha001_v2/star_concave/sample_0150.npz,1a1346fbc7a0a6b7a450694616d1bed605f9aea6a06aa42f6b0fc13fc0c1b237,0.012289116159081459,0.07527818251636369,0.3220090423143096,0.4031200408935547,0.267157518863678,0.32206357806921027
residual_v2,46,star_concave,151,private-source://routeA_experiments/data/prospective_ood_rd_hddm_alpha001_v2/star_concave/sample_0151.npz,0c37adba479d7c1e405d14ee8ca362906b22789dcd73cd0025cea686b9d5868f,0.012312998063862324,0.09338834848215732,0.6247183452535687,0.7529551982879639,0.4855705648660659,0.6977365165948868
residual_v2,46,star_concave,152,private-source://routeA_experiments/data/prospective_ood_rd_hddm_alpha001_v2/star_concave/sample_0152.npz,493bd2253a0889cc50e1ea615e373a8197fb7e27b206ad5689e02586553e761d,0.012331080622971058,0.0861910342083234,0.3772842066696639,0.5026120394468307,0.2720372676849365,0.377286630868912
residual_v2,46,star_concave,153,private-source://routeA_experiments/data/prospective_ood_rd_hddm_alpha001_v2/star_concave/sample_0153.npz,ac82ba7a6e4d926236266e27b4eb944cfbb25cd0f65fa764d0c5b34ba6446fbc,0.013058625161647797,0.08666872017096808,0.5530825175038386,0.7000268697738647,0.43035701215267164,0.586022042632103
residual_v2,46,star_concave,154,private-source://routeA_experiments/data/prospective_ood_rd_hddm_alpha001_v2/star_concave/sample_0154.npz,5b375d8a82047d688b8f0bc6d7eda5883b59ffd29e73eda4a65465ff28977100,0.013110202737152576,0.08238032971821989,0.5701072039532664,0.6714342832565308,0.47406722903251614,0.628016802072525
residual_v2,46,star_concave,155,private-source://routeA_experiments/data/prospective_ood_rd_hddm_alpha001_v2/star_concave/sample_0155.npz,c227feb4bc838ca459c2cdb6c2fe08d3c97cd3c54cb120325b6eb8829f0427da,0.012893234379589558,0.08781520256908987,0.5398044416903011,0.7013565301895142,0.44794782251119614,0.6360303908586499
residual_v2,46,star_concave,156,private-source://routeA_experiments/data/prospective_ood_rd_hddm_alpha001_v2/star_concave/sample_0156.npz,d7923a77a7cd74c3df6621aa963a43fdaad4ae9ab5641757571ff70cccab19c3,0.012885629199445248,0.0989656559475052,0.6033619166263443,0.7538828551769257,0.468378719687462,0.6826602953672415
residual_v2,46,star_concave,157,private-source://routeA_experiments/data/prospective_ood_rd_hddm_alpha001_v2/star_concave/sample_0157.npz,bf1ed5ee95cebaaeec4337c10cbb37257a3764baccb51eb2db3b192c4b7f0705,0.012975282035768032,0.08830407956884141,0.5723880898868203,0.6597287952899933,0.4446052059531212,0.6283911508321763
residual_v2,46,star_concave,158,private-source://routeA_experiments/data/prospective_ood_rd_hddm_alpha001_v2/star_concave/sample_0158.npz,2d48518d53f1d4302822bc23c36b8e9a725fccad2e348f481c1965dc1fd043e7,0.01291948277503252,0.09695403588756567,0.5739882161114872,0.730493426322937,0.48456689715385437,0.6579481065273285
residual_v2,46,star_concave,159,private-source://routeA_experiments/data/prospective_ood_rd_hddm_alpha001_v2/star_concave/sample_0159.npz,afeaff165894f7669804972e11c2e6e7574a89f195a0fedaba5dcc77e4915143,0.013035666197538376,0.09179230400430141,0.6715083592297731,0.7897427380084991,0.4559594482183455,0.6936440747976307
residual_v2,46,star_concave,160,private-source://routeA_experiments/data/prospective_ood_rd_hddm_alpha001_v2/star_concave/sample_0160.npz,93d98230e4954693c935e7b6a7af76c2fa25aefb83d1da6027d6e69f2937d6be,0.012945343740284443,0.07579582006880697,0.48365708375641786,0.5920968651771545,0.3890612065792084,0.5256209325790405
residual_v2,46,star_concave,161,private-source://routeA_experiments/data/prospective_ood_rd_hddm_alpha001_v2/star_concave/sample_0161.npz,00e0f59193a483fa4f91a44aba4dc7a7d193df42292ed52da041457e2e87fce9,0.012391632422804832,0.0798916030932028,0.3771119529141665,0.4130982756614685,0.31084299087524414,0.3689587347209455
residual_v2,46,star_concave,162,private-source://routeA_experiments/data/prospective_ood_rd_hddm_alpha001_v2/star_concave/sample_0162.npz,73adab284c949cf7286e1d55e2f7271f8e574888733c538e9bd6c7126210d7dc,0.013101018965244293,0.0820890036884412,0.4819072444896061,0.6252049207687378,0.33302764892578124,0.5393914926052092
residual_v2,46,star_concave,163,private-source://routeA_experiments/data/prospective_ood_rd_hddm_alpha001_v2/star_concave/sample_0163.npz,62f2fdf3ad685d63e6744d4c87f1be77f5f4f173f3ac97973519283437aec8be,0.01286191213876009,0.07506933372210918,0.391421060999665,0.5156530737876892,0.3488144874572752,0.48731040954589916
residual_v2,46,star_concave,164,private-source://routeA_experiments/data/prospective_ood_rd_hddm_alpha001_v2/star_concave/sample_0164.npz,9d5ca7a47c569f8001da60474a5d5cd6410704b0b88a94c1bbb617a3ff070b6f,0.013004659675061703,0.0762365190195116,0.40933647021731195,0.5552645325660706,0.3097110390663147,0.48799975216388686
residual_v2,46,star_concave,165,private-source://routeA_experiments/data/prospective_ood_rd_hddm_alpha001_v2/star_concave/sample_0165.npz,29665dc936a4f0885b352ba542d5b84c26ef8365b7471657a0b18a6199a4ec20,0.013031265698373318,0.08987113632367023,0.7673955398646033,0.8732554912567139,0.5217131257057189,0.7598410731554032
residual_v2,46,star_concave,166,private-source://routeA_experiments/data/prospective_ood_rd_hddm_alpha001_v2/star_concave/sample_0166.npz,cc601404792128ea7fb0b9e382daf4044b16752726051d33d189af92b63e9219,0.013036978431046009,0.09316698670689204,0.642661059661345,0.7518682181835175,0.4787577733397476,0.6613242262601854
residual_v2,46,star_concave,167,private-source://routeA_experiments/data/prospective_ood_rd_hddm_alpha001_v2/star_concave/sample_0167.npz,9fee3ab4e68d3386753b768109d90049f0d9ab17092f3bad0ae4e29e01fdff2e,0.013093753717839718,0.09294837686402863,0.5777629615369873,0.7674264013767242,0.45387910306453705,0.6649496600031851
residual_v2,46,star_concave,168,private-source://routeA_experiments/data/prospective_ood_rd_hddm_alpha001_v2/star_concave/sample_0168.npz,5b47765a6290b94b7d7ff73de6aabe979deba65e29f667e2494d93f1fe8e4c53,0.012917899526655674,0.09395600118225539,0.6876764695562185,0.7992014288902283,0.481023371219635,0.6974800169467891
residual_v2,46,star_concave,169,private-source://routeA_experiments/data/prospective_ood_rd_hddm_alpha001_v2/star_concave/sample_0169.npz,67bb298709d810bd66de79e3e631cbfe3470c51d81de1358148a67ea69a6734a,0.012922526337206364,0.06392809170226393,0.3242909280229956,0.46622368693351746,0.2346995770931244,0.35377650022506707
residual_v2,46,star_concave,170,private-source://routeA_experiments/data/prospective_ood_rd_hddm_alpha001_v2/star_concave/sample_0170.npz,ea79ed68e7fcbed7d4821fb08f6d31cd221c7d535e9e6e347dbabbc6c225268f,0.012965556234121323,0.07844257092978728,0.43245841433873394,0.6091135740280151,0.35752684772014626,0.558378208875656
residual_v2,46,star_concave,171,private-source://routeA_experiments/data/prospective_ood_rd_hddm_alpha001_v2/star_concave/sample_0171.npz,4dce99e393c3f3aeec70b32543086cd0503997a3c73bb6088a2ea5028ddb609e,0.01305514108389616,0.10627869919375524,0.4769056323929776,0.5504368841648102,0.40901732817292213,0.47295461893081736
residual_v2,46,star_concave,172,private-source://routeA_experiments/data/prospective_ood_rd_hddm_alpha001_v2/star_concave/sample_0172.npz,95062a2be872adfe3d433448a364573f1dcc6d23c46c7283098e1ff3266aa2cb,0.013046438805758953,0.06695143422231423,0.3687601429760409,0.49503111839294434,0.30865538120269775,0.4486318826675417
residual_v2,46,star_concave,173,private-source://routeA_experiments/data/prospective_ood_rd_hddm_alpha001_v2/star_concave/sample_0173.npz,f973c30b18b35d7e13fca880aa62b6d77b406606fa79bcf4e05ea9a183aaf747,0.012967296876013279,0.08731584243928758,0.638110515799621,0.7091692686080933,0.469077505171299,0.6546140760183334
residual_v2,46,star_concave,174,private-source://routeA_experiments/data/prospective_ood_rd_hddm_alpha001_v2/star_concave/sample_0174.npz,da423e7fb1017a419fd9e39c9877f0fe4936a8ade7a8744fb4d05f24020d1525,0.012904229573905468,0.09060568569285535,0.4266788944563845,0.5352616012096405,0.3335857689380646,0.4228897154331206
residual_v2,46,star_concave,175,private-source://routeA_experiments/data/prospective_ood_rd_hddm_alpha001_v2/star_concave/sample_0175.npz,be6a60f58fa788e5509f48f70ce14bcccc9e8f4e06b149f5ea02f032e86a0c01,0.012993795797228813,0.07715586829456286,0.5354819953799906,0.6678987145423889,0.3921148478984833,0.576165944337845
residual_v2,46,star_concave,176,private-source://routeA_experiments/data/prospective_ood_rd_hddm_alpha001_v2/star_concave/sample_0176.npz,8bca2d2f749dcf57abe9c29c0e66817254b5dd336a1895b563295dbe661c1ac8,0.0130166532471776,0.08678469954029741,0.5711788047554471,0.694004476070404,0.4119876027107239,0.6105141937732698
residual_v2,46,star_concave,177,private-source://routeA_experiments/data/prospective_ood_rd_hddm_alpha001_v2/star_concave/sample_0177.npz,c146dae9f67d3f4d0626465827bfbba0af9e30abda534b39cabbf5dc3afd7c2b,0.012985027395188808,0.0877108130593285,0.650189083301527,0.7969632744789124,0.4076775312423706,0.6820231676101688
residual_v2,46,star_concave,178,private-source://routeA_experiments/data/prospective_ood_rd_hddm_alpha001_v2/star_concave/sample_0178.npz,567152031c4a0bb7383960f1716de7f47aaa09e1c18c4a8edc5894592a36008b,0.012974468059837818,0.0979927421723381,0.6319203358475215,0.7417763471603394,0.5310338422656059,0.6446030285954475
residual_v2,46,star_concave,179,private-source://routeA_experiments/data/prospective_ood_rd_hddm_alpha001_v2/star_concave/sample_0179.npz,c19450a9dbc614eb8e816ca15caa11f305314c88880e41a46b7a06a76270e9ef,0.013086975552141666,0.09220314115617037,0.6763187590075608,0.7834193706512451,0.4797201603651047,0.7102059587836276
residual_v2,46,star_concave,180,private-source://routeA_experiments/data/prospective_ood_rd_hddm_alpha001_v2/star_concave/sample_0180.npz,979feb1dc5c9097d8b179d7c9936fa43ca9a7ad06aef8e9ddfd57ec83d56543b,0.012368511408567429,0.08559991340969741,0.4428600988465485,0.5860386788845062,0.3573317602276802,0.49099315106868735
residual_v2,46,star_concave,181,private-source://routeA_experiments/data/prospective_ood_rd_hddm_alpha001_v2/star_concave/sample_0181.npz,9c2177662c7e7706987e5b9fc840e754df3531627695145c95cb0168891b0ec3,0.012220140546560287,0.09837362647985094,0.6896135705975438,0.7494163513183594,0.5211027711629868,0.6985115200281141
residual_v2,46,star_concave,182,private-source://routeA_experiments/data/prospective_ood_rd_hddm_alpha001_v2/star_concave/sample_0182.npz,8e1f45388232b975857cf0eb5e800633511cd0fdc84fcac39506fd7ab06dd0ea,0.012280871160328388,0.08372264815943387,0.6635406512832601,0.75690096616745,0.3644248992204666,0.6884485006332396
residual_v2,46,star_concave,183,private-source://routeA_experiments/data/prospective_ood_rd_hddm_alpha001_v2/star_concave/sample_0183.npz,f6af694d75d001d3c452801ea94aa82b47a2951f62861ba1a2885df85ec62b14,0.012386821210384369,0.08472220129737307,0.3860448375852007,0.507339358329773,0.31363406777381897,0.38382555916905403
residual_v2,46,star_concave,184,private-source://routeA_experiments/data/prospective_ood_rd_hddm_alpha001_v2/star_concave/sample_0184.npz,80d8e656007fb51095a1c187bc0dabfc69020fb316baf6af22ca45bdd6eedb55,0.012326089665293694,0.10115627625905249,0.6458439384443811,0.759449303150177,0.510043740272522,0.6800240889191622
residual_v2,46,star_concave,185,private-source://routeA_experiments/data/prospective_ood_rd_hddm_alpha001_v2/star_concave/sample_0185.npz,b5b247991e1e38b65af33f6e252ad30525ed1c2bb81d00bb8d67895a71fe25cc,0.01230343896895647,0.09776663160873501,0.7176508801877961,0.8302680850028992,0.49696530699729896,0.7366240400075907
residual_v2,46,star_concave,186,private-source://routeA_experiments/data/prospective_ood_rd_hddm_alpha001_v2/star_concave/sample_0186.npz,9cb3e8ed6dd35a1f1bd2884d7ccc37720ce91f97c87bb62db2bc7319ed7fa9ce,0.01217576302587986,0.09148967878238552,0.5969330862828756,0.6770062446594238,0.4874637871980664,0.6356921729445458
residual_v2,46,star_concave,187,private-source://routeA_experiments/data/prospective_ood_rd_hddm_alpha001_v2/star_concave/sample_0187.npz,b8a01e68369ac0ae2301cde85ae4523b06b6f852ccb68151c27e7b7a2e264805,0.012932665646076202,0.0682858681553935,0.3888729657444757,0.6113880276679993,0.313254714012146,0.4623977497220043
residual_v2,46,star_concave,188,private-source://routeA_experiments/data/prospective_ood_rd_hddm_alpha001_v2/star_concave/sample_0188.npz,402356ecf909dc7f80ce7a4fb74b2796d69e54097bc2e4bf1d0affd48a478691,0.012244204990565777,0.0982471266461788,0.529229236630164,0.5755371376872063,0.4418699495494365,0.5435126288235188
residual_v2,46,star_concave,189,private-source://routeA_experiments/data/prospective_ood_rd_hddm_alpha001_v2/star_concave/sample_0189.npz,5d3af4e72fcbfb55abad2633b7b50c6ff1698d6149444cbb224faeb9fb80f7e1,0.012212016619741917,0.08617804272444919,0.5031947565953189,0.6215691864490509,0.4245491534471511,0.5770274332165718
residual_v2,46,star_concave,190,private-source://routeA_experiments/data/prospective_ood_rd_hddm_alpha001_v2/star_concave/sample_0190.npz,64ee3e78ef955d620e48dfc0c0575b217089daaeb07f6fd6b698b494d20cdc97,0.013071051798760891,0.08313384029001086,0.5663900428720621,0.6851371228694916,0.4109618961811066,0.5859494662284842
residual_v2,46,star_concave,191,private-source://routeA_experiments/data/prospective_ood_rd_hddm_alpha001_v2/star_concave/sample_0191.npz,6b6e2f1ef2a5225659b22dd222cfdeb623e3a9d34d146460b1201ec2c58ac5f2,0.012989080511033535,0.09391055874054934,0.5941828930482447,0.7063953280448914,0.4877100884914398,0.6552269309759139
residual_v2,46,star_concave,192,private-source://routeA_experiments/data/prospective_ood_rd_hddm_alpha001_v2/star_concave/sample_0192.npz,81e07c354e8b9090deac2dd659d673aa62dcc492675457e68850919289c02ee1,0.01295280922204256,0.07807810385441193,0.5814410711524759,0.6886354684829712,0.4173919677734375,0.6109849119186402
residual_v2,46,star_concave,193,private-source://routeA_experiments/data/prospective_ood_rd_hddm_alpha001_v2/star_concave/sample_0193.npz,2a055578d35dbeaf6f9777c70db61a17e59b21e0e089c4b73fe73fc8f30ee5c9,0.01305170264095068,0.08583951154052065,0.6480158884729981,0.7867816686630249,0.449587777256966,0.7122652304172515
residual_v2,46,star_concave,194,private-source://routeA_experiments/data/prospective_ood_rd_hddm_alpha001_v2/star_concave/sample_0194.npz,015bc47bb4c5ba3f27b05a1792fbb44af4337d85c98d106323f3d69d268d8c7a,0.013051801361143589,0.08817493272165039,0.6620656541929785,0.7418531775474548,0.48961853981018066,0.7020243644714356
residual_v2,46,star_concave,195,private-source://routeA_experiments/data/prospective_ood_rd_hddm_alpha001_v2/star_concave/sample_0195.npz,4dc63967e6d5bcb0dad8dc928ac1c21ef324161440414cdd69f8fa0670c5622c,0.012145083397626877,0.07944947099366921,0.5501149074883063,0.632983922958374,0.363064232468605,0.5982194083929062
residual_v2,46,star_concave,196,private-source://routeA_experiments/data/prospective_ood_rd_hddm_alpha001_v2/star_concave/sample_0196.npz,98c3c846abd7760ff75322a10ea69cbcf64050b1920000f30ac9ddef03a582bf,0.01221475750207901,0.08120864426376405,0.5713500836569811,0.687086284160614,0.429133677482605,0.6174008744955061
residual_v2,46,star_concave,197,private-source://routeA_experiments/data/prospective_ood_rd_hddm_alpha001_v2/star_concave/sample_0197.npz,5b762b3e30b125a39b0866174933e4f32d3c35f9dd054ae1cb4d4c37788ff8d7,0.012304313480854034,0.08764097666599156,0.4052976009213506,0.5338335037231445,0.3314443528652191,0.4714897349476814
residual_v2,46,star_concave,198,private-source://routeA_experiments/data/prospective_ood_rd_hddm_alpha001_v2/star_concave/sample_0198.npz,f1d5bb05bec2186640d91bfa3cdc67b166bd2952867a20a2796076984771c3e5,0.012356054969131947,0.06325633104944813,0.28917207506791537,0.4974351227283478,0.2472214698791504,0.36694312334060686
residual_v2,46,star_concave,199,private-source://routeA_experiments/data/prospective_ood_rd_hddm_alpha001_v2/star_concave/sample_0199.npz,24e273c05359ecf1670b3cd5ef34d49ef6c28ef523b55d61e6ff7b4dfcb1f389,0.012250821106135845,0.09509348168038877,0.5218405430390313,0.6843556761741638,0.4538556575775146,0.6262753063440323
