model,training_seed,shape,sample_id,sample_file,sample_sha256,inference_seconds,mae,relative_l2,max_abs_error,p95_abs_error,p99_abs_error
mesh_gnn,54,slit_bridge,0,private-source://routeA_experiments/data/final_ood_frozen_v1/slit_bridge/sample_0000.npz,30d9b3db72b5f04e7aed5aca69b177e736741d71d456678de2c366e94064976a,0.0014778569748159498,0.0812385318913794,0.7305535609176632,0.8001743853092194,0.3859367333352566,0.7317690879106521
mesh_gnn,54,slit_bridge,1,private-source://routeA_experiments/data/final_ood_frozen_v1/slit_bridge/sample_0001.npz,35ca7668746e40038fbccaaf4b015e191d09a272260f8b2c67e05158beed58d9,0.0016524649981874973,0.05259425017476796,0.3370094447904228,0.3594956621527672,0.20503977686166763,0.28196597546339025
mesh_gnn,54,slit_bridge,2,private-source://routeA_experiments/data/final_ood_frozen_v1/slit_bridge/sample_0002.npz,5aa31e0476a00717a676402ae73bf67f0900790fbaaba0689885a4f4d81b1d01,0.0014491409820038825,0.06942013660258076,0.571676073203534,0.7335220277309418,0.34043578803539276,0.6315201416611669
mesh_gnn,54,slit_bridge,3,private-source://routeA_experiments/data/final_ood_frozen_v1/slit_bridge/sample_0003.npz,fa2249a12bd45ebd5bf12289d408b399125153ec7a74d5498b2d06c116f8f405,0.0015850609925109893,0.0803275169014811,0.8077928302840636,0.896704725921154,0.32892735954374075,0.7379959702491755
mesh_gnn,54,slit_bridge,4,private-source://routeA_experiments/data/final_ood_frozen_v1/slit_bridge/sample_0004.npz,4006cdfdceb8abe632e2df62c467d010fb9761bec6322c363b9f3abbc55829d4,0.0017533650097902864,0.06224794375054013,0.42908344552297256,0.5450292080640793,0.2508048042654991,0.4220717430114745
mesh_gnn,54,slit_bridge,5,private-source://routeA_experiments/data/final_ood_frozen_v1/slit_bridge/sample_0005.npz,1ea410d183d08cc06714b087bb528e626a67090d2f8931f1f61a73ddeff9902a,0.0016830789973028004,0.07231796463726543,1.048976701833178,0.9355316758155823,0.24002174993802328,0.7689822703599926
mesh_gnn,54,slit_bridge,6,private-source://routeA_experiments/data/final_ood_frozen_v1/slit_bridge/sample_0006.npz,2b2b41c1ab84aefad645e09329749a0c4789e3a60b3931b89e053a383e66541e,0.0015548219962511212,0.05698347844481418,1.0889984450252104,0.9715917631983757,0.15670799533836544,0.49261119114234997
mesh_gnn,54,slit_bridge,7,private-source://routeA_experiments/data/final_ood_frozen_v1/slit_bridge/sample_0007.npz,e99898145655a5c1ce681d0eb3c7597d5032c10b823f0c114d9a1b16467ea524,0.0015761799877509475,0.04606912353293599,0.2998191308552225,0.4084030091762543,0.17634670436382294,0.3106038451194761
mesh_gnn,54,slit_bridge,8,private-source://routeA_experiments/data/final_ood_frozen_v1/slit_bridge/sample_0008.npz,6e17a3aa2c3547f8d5c7c15a2ba8d09341c289bc2a2f8cc11cd61460dd0a75b4,0.0017975039954762906,0.061604393018194,0.42988018287541324,0.46571606397628784,0.24612734001129866,0.37996199578046774
mesh_gnn,54,slit_bridge,9,private-source://routeA_experiments/data/final_ood_frozen_v1/slit_bridge/sample_0009.npz,cc5b71a537246355e6aa5eb87b1ec934946edb1d31595b1d37e482e2b73e96e4,0.0015355120121967047,0.06668076056344566,0.5391739408700635,0.5781729221343994,0.3012368530035019,0.5058433115482326
mesh_gnn,54,slit_bridge,10,private-source://routeA_experiments/data/final_ood_frozen_v1/slit_bridge/sample_0010.npz,87874a0f11d5ca1214cb1c831735689324f5d265f0ad734b920d4aea56a205a8,0.0015766710275784135,0.07379171894270907,0.6827316835992621,0.8722860813140869,0.3171764053404331,0.5469803452491757
mesh_gnn,54,slit_bridge,11,private-source://routeA_experiments/data/final_ood_frozen_v1/slit_bridge/sample_0011.npz,a23d58d483f0ee7d7d9ad82447d292fdde0c9f6964a6ce9759730ce9671620fc,0.0016614269989077002,0.08880031330052558,0.8756079753726248,0.9139447286725044,0.38046345487236977,0.7582120291888713
mesh_gnn,54,slit_bridge,12,private-source://routeA_experiments/data/final_ood_frozen_v1/slit_bridge/sample_0012.npz,1bf5b6c8a99e6b1af341524d638c181408e613ec93db7fb6986f600e0e3c65a1,0.0016272639913950115,0.05556331093678434,0.5445401781961358,0.5669065415859222,0.3015543296933174,0.4579133421182628
mesh_gnn,54,slit_bridge,13,private-source://routeA_experiments/data/final_ood_frozen_v1/slit_bridge/sample_0013.npz,1adafcde8c3f4e445b1b034d25421d3a48662f83f441bf0eecdee27f12cecbc3,0.0016873640124686062,0.05938117117562859,0.4525740154434,0.4970857501029968,0.27039431035518646,0.43465279638767207
mesh_gnn,54,slit_bridge,14,private-source://routeA_experiments/data/final_ood_frozen_v1/slit_bridge/sample_0014.npz,64b0e9dc29123e952cb0d300a00469414c7c7f76a16dd935a75e7624fe912b36,0.001495511009125039,0.07345927114583954,0.7476664219057996,0.8235395103693008,0.24938457552343607,0.6754500985145557
mesh_gnn,54,slit_bridge,15,private-source://routeA_experiments/data/final_ood_frozen_v1/slit_bridge/sample_0015.npz,b9c330fa4cfc004b6beec69ac0615be8854455f9775205c11364db4615c089be,0.0018309379811398685,0.07622788388728463,0.6528772029986141,0.8015687614679337,0.3333175629377365,0.6734021559357639
mesh_gnn,54,slit_bridge,16,private-source://routeA_experiments/data/final_ood_frozen_v1/slit_bridge/sample_0016.npz,596996fb6aeff6e88332008eed32b4b95f86de86801a1640f6de12786cd403d3,0.0015704819816164672,0.050951206403881094,0.47683114580552843,0.5704218745231628,0.25444017350673676,0.4396009713411326
mesh_gnn,54,slit_bridge,17,private-source://routeA_experiments/data/final_ood_frozen_v1/slit_bridge/sample_0017.npz,312eedbc05e5128aebccd1eda0cb448659dcf770824e39ef15c6231d604d0095,0.0016110209980979562,0.0745856852593866,0.6706395893035217,0.777453824877739,0.2895032577216625,0.5860839501023286
mesh_gnn,54,slit_bridge,18,private-source://routeA_experiments/data/final_ood_frozen_v1/slit_bridge/sample_0018.npz,41e1f220b6752fc77a60ab80dca4c8628042e5d54833a97c9832832e8db500e2,0.001697103987680748,0.03481220182881329,0.19649537662243452,0.3018624782562256,0.12573827430605888,0.19623600542545316
mesh_gnn,54,slit_bridge,19,private-source://routeA_experiments/data/final_ood_frozen_v1/slit_bridge/sample_0019.npz,b97fe8016fb4c7d7995df4c42b480dce1072ee7db9abb641c503877913ffce9c,0.0018927589990198612,0.06839018679142561,0.5909046141633657,0.703607589006424,0.31197865679860115,0.5893205314874649
mesh_gnn,54,slit_bridge,20,private-source://routeA_experiments/data/final_ood_frozen_v1/slit_bridge/sample_0020.npz,994e03c5207e2ae7356bc74d2f380fd7f474af9a82fe4a9bb90585ddb10c1fb7,0.0016586010169703513,0.07494736146475683,0.7767056962908724,0.866114005446434,0.3690202343277633,0.7675604030489919
mesh_gnn,54,slit_bridge,21,private-source://routeA_experiments/data/final_ood_frozen_v1/slit_bridge/sample_0021.npz,1456683b4642362ec663cedabc21c8bb0ed3f06ae1beb9ca35a8ac02768d7f01,0.0015316880017053336,0.07017069814962076,0.5600951509264933,0.6439540386199951,0.31983889639377594,0.5536231040954589
mesh_gnn,54,slit_bridge,22,private-source://routeA_experiments/data/final_ood_frozen_v1/slit_bridge/sample_0022.npz,c36a4db85f26e6cbe9c3036e9cf2ad4c578008898c1405c54c1e0914ccc8ef1c,0.0014924230054020882,0.0748841158049776,0.5934398210903441,0.6051682233810425,0.3448594957590103,0.5046618938446044
mesh_gnn,54,slit_bridge,23,private-source://routeA_experiments/data/final_ood_frozen_v1/slit_bridge/sample_0023.npz,610587d7aa0593f777b96e6fdb4fdcf2ebc68a867c186890c7838e7b2d944c00,0.0016422330227214843,0.07339987141979075,0.6910009034524384,0.782567948102951,0.3259093016386032,0.6481761410832405
mesh_gnn,54,slit_bridge,24,private-source://routeA_experiments/data/final_ood_frozen_v1/slit_bridge/sample_0024.npz,959eeaf23d4f71a25e7eff4fc4c4640be516df58074ab3dad10126c1ca5ed619,0.0016688100004103035,0.08021292818369112,1.120744728565687,0.944453950971365,0.26155353616923094,0.683483317494392
mesh_gnn,54,slit_bridge,25,private-source://routeA_experiments/data/final_ood_frozen_v1/slit_bridge/sample_0025.npz,12244099e66cc796717b1ac4a0197a86db0d3832ae8f92f8b6285b350ded04cd,0.0015227780095301569,0.050188764938999465,0.3614254879584755,0.43944355845451355,0.20859909057617188,0.32836113870143885
mesh_gnn,54,slit_bridge,26,private-source://routeA_experiments/data/final_ood_frozen_v1/slit_bridge/sample_0026.npz,8ec7e62775275cf1cdcb11a3a5070589032551c0222125cc6f2572c5b6100c1e,0.0017379600030835718,0.08356684802761696,0.6913707808958937,0.8061189949512482,0.3693007826805115,0.6903977185487744
mesh_gnn,54,slit_bridge,27,private-source://routeA_experiments/data/final_ood_frozen_v1/slit_bridge/sample_0027.npz,a57e3c4af7915d4277fe784929f02e1108f70b06739b89cc49e2f31db68759d6,0.00182409500121139,0.05985343621603338,0.5076361205662785,0.6863001435995102,0.2676345407962799,0.47606773972511285
mesh_gnn,54,slit_bridge,28,private-source://routeA_experiments/data/final_ood_frozen_v1/slit_bridge/sample_0028.npz,129f68b38d7e4376d96e492a23bdc037ec06345501698eb53f87dc4c2bdcf26b,0.001640552975004539,0.06307114024945878,0.4240263172557175,0.43065744638442993,0.2821836322546005,0.3641559183597564
mesh_gnn,54,slit_bridge,29,private-source://routeA_experiments/data/final_ood_frozen_v1/slit_bridge/sample_0029.npz,d7be996266c698efe66a16bcc34de0aff06589c37bb8599f9f62b3c06206baa6,0.0016666300070937723,0.05545186677968119,0.46116013018635943,0.48212292790412903,0.2854660749435425,0.3992191791534423
mesh_gnn,54,slit_bridge,30,private-source://routeA_experiments/data/final_ood_frozen_v1/slit_bridge/sample_0030.npz,b09f05e8c2f7a9d479d786d72d681814f27d08ee89b3d974343fd2b090a1ce6a,0.0016648749879095703,0.0651446123318331,0.5072802003247371,0.6303055584430695,0.2766154110431671,0.5131852880120278
mesh_gnn,54,slit_bridge,31,private-source://routeA_experiments/data/final_ood_frozen_v1/slit_bridge/sample_0031.npz,bc00125fdaa393e280c5352531595db001f7ddb3deb151245917cd589e5c31f0,0.0016901330091059208,0.038459166806598964,0.2504569564088355,0.36177200078964233,0.15550565719604492,0.2617808938026428
mesh_gnn,54,slit_bridge,32,private-source://routeA_experiments/data/final_ood_frozen_v1/slit_bridge/sample_0032.npz,210304fe0d7d8f0427af5f9a0754f958b13e7ca893e23870daca6089c7494849,0.0015935730189085007,0.05344037334149832,0.43363693448344454,0.4600081741809845,0.2864183783531189,0.4035401195287704
mesh_gnn,54,slit_bridge,33,private-source://routeA_experiments/data/final_ood_frozen_v1/slit_bridge/sample_0033.npz,27aec766b6350542fba91a6efe33f57848a74817bca29836eb0daa48b8186c28,0.0016871209954842925,0.08304139630200523,0.7648710131440328,0.8345259428024292,0.3726174049079418,0.7528580829501151
mesh_gnn,54,slit_bridge,34,private-source://routeA_experiments/data/final_ood_frozen_v1/slit_bridge/sample_0034.npz,188e43a83a5baeee871f92676435b8b14ff91c60dfed2c7edaee32a7c3fe7437,0.0017078290111385286,0.058499695920440305,0.5008593170971679,0.6585236489772797,0.25132065266370773,0.4324365526437749
mesh_gnn,54,slit_bridge,35,private-source://routeA_experiments/data/final_ood_frozen_v1/slit_bridge/sample_0035.npz,7b87bcf793f11163ce8025e6ca4bc45abb9b34cf709bd1bb8b9fb68b3a8dabe4,0.0016834079870022833,0.07791373106337697,0.6221323068205125,0.6843524873256683,0.3537523001432419,0.5605017244815824
mesh_gnn,54,slit_bridge,36,private-source://routeA_experiments/data/final_ood_frozen_v1/slit_bridge/sample_0036.npz,4c37861366bb2835c656390a05790cc29a37a467fa5c97e436d4dc5e6180c227,0.0015625319792889059,0.054695498365360126,0.5235688094487007,0.6961767971515656,0.24096791446208954,0.5312217980623244
mesh_gnn,54,slit_bridge,37,private-source://routeA_experiments/data/final_ood_frozen_v1/slit_bridge/sample_0037.npz,8fbc3afcf65822fdaf99fdeb4b9caaacaaa2422144e57b088e882fc0dcbcdfe9,0.0016480199992656708,0.07634742471586468,0.6544971012379436,0.780301421880722,0.35826675593852997,0.665957869589328
mesh_gnn,54,slit_bridge,38,private-source://routeA_experiments/data/final_ood_frozen_v1/slit_bridge/sample_0038.npz,d8aa380b826e09980e586e8dcd26acff520e462dddbb758d989ce305a62e2bd2,0.0015358460077550262,0.06407635275049797,0.5543766156731609,0.7092412412166595,0.335482195019722,0.6325287550687785
mesh_gnn,54,slit_bridge,39,private-source://routeA_experiments/data/final_ood_frozen_v1/slit_bridge/sample_0039.npz,5773aed921a57866510a828614cf323ba3e5c1f662198f68ba30e9cd435e428d,0.0016592820174992085,0.060938309578123476,0.730048909075205,0.8163187950849533,0.2602294012904167,0.6192510813474653
mesh_gnn,54,slit_bridge,40,private-source://routeA_experiments/data/final_ood_frozen_v1/slit_bridge/sample_0040.npz,10b3fc9be817d0fa28e4f2ad0ce1679a84b2986a85b9c817ff380bc606731884,0.0014775879972148687,0.07928374044138432,0.6841779800242265,0.7619217038154602,0.36206237226724625,0.6454521462321275
mesh_gnn,54,slit_bridge,41,private-source://routeA_experiments/data/final_ood_frozen_v1/slit_bridge/sample_0041.npz,cdde49a6f56183448eeefafbf84517c5719d37b8e33b5fb3d5907c79ec0c3d4d,0.001828959007980302,0.05024110566815005,0.39826987218119075,0.47830352932214737,0.19883349537849426,0.35348629951477045
mesh_gnn,54,slit_bridge,42,private-source://routeA_experiments/data/final_ood_frozen_v1/slit_bridge/sample_0042.npz,bd82adbf113c51db9c8fdb7ae61bdfb4b0de8fd0738107c1b16747edf214ed83,0.0015664880047552288,0.03308537266448692,0.17544977669177833,0.24634847044944763,0.11418123543262482,0.16268885135650604
mesh_gnn,54,slit_bridge,43,private-source://routeA_experiments/data/final_ood_frozen_v1/slit_bridge/sample_0043.npz,1b05a0e90cb92ad13e160cd9d88d3ccd24a5d5042572cbdeb6c780eb7c691723,0.0016586770070716739,0.07773815723308777,0.8763158738567378,0.9198681488633156,0.37055059894919395,0.751209601014852
mesh_gnn,54,slit_bridge,44,private-source://routeA_experiments/data/final_ood_frozen_v1/slit_bridge/sample_0044.npz,9eab1dd2e918e6415c0ac9317c974fb554285878086fbcec4685c90b0a603efd,0.0018770750029943883,0.06771896240129194,0.7302754122405594,0.7860757261514664,0.25369641184806824,0.6020891904830923
mesh_gnn,54,slit_bridge,45,private-source://routeA_experiments/data/final_ood_frozen_v1/slit_bridge/sample_0045.npz,28399d49797881f5a264063c34c2a36369094141bb9cf4c05cbdaee4d1f32c15,0.0016438929887954146,0.07984215857823027,0.9530528185884848,0.9360422864556313,0.2962600365281105,0.7213002033531664
mesh_gnn,54,slit_bridge,46,private-source://routeA_experiments/data/final_ood_frozen_v1/slit_bridge/sample_0046.npz,137e9591ce0032a2d71b366e44219ca9b23cbd2f3a421043183f5c5f8e25cd7f,0.0014906190044712275,0.053652545192226724,0.5187294710998324,0.6351512670516968,0.2837337404489517,0.4902886450290674
mesh_gnn,54,slit_bridge,47,private-source://routeA_experiments/data/final_ood_frozen_v1/slit_bridge/sample_0047.npz,a34fc43c7eb5b8809b22c7c026452d2278be0d7636bd62dbf7db0e72488bfe93,0.001366938027786091,0.07865692388405718,0.5390650323731218,0.5182044506072998,0.3630373179912567,0.43852662276476595
mesh_gnn,54,slit_bridge,48,private-source://routeA_experiments/data/final_ood_frozen_v1/slit_bridge/sample_0048.npz,d3dea4d451c780395aeec9e434f3f3426fa5b35717d062d652d0000cb4849ab0,0.0016633269842714071,0.07483760345861756,0.6942941621458921,0.7893825769424438,0.33219926804304123,0.6288782760500906
mesh_gnn,54,slit_bridge,49,private-source://routeA_experiments/data/final_ood_frozen_v1/slit_bridge/sample_0049.npz,65ea22db20d21e0adb8290dfc006ce6871e3b0e95cbda2d1b6dc4212521b340d,0.0014873109757900238,0.06284389750151047,0.6009895425557458,0.693254292011261,0.287632018327713,0.5779845833778374
mesh_gnn,54,slit_bridge,50,private-source://routeA_experiments/data/final_ood_frozen_v1/slit_bridge/sample_0050.npz,84c0049ab4231171d59431596c6d5ee4a6296eb0688530fec168df065e5f3736,0.0014957499806769192,0.0773293117374593,0.7132967129601958,0.8442227989435196,0.33899398148059845,0.6591569423675536
mesh_gnn,54,slit_bridge,51,private-source://routeA_experiments/data/final_ood_frozen_v1/slit_bridge/sample_0051.npz,4a2b9189cfb9e62a2d88e9b4f0538c291df4cf2365fc6101f7bcb0ca5ea19039,0.001658499997574836,0.07038276037256537,0.8883049866330684,0.9515278339385986,0.2974807135760784,0.7448348954319952
mesh_gnn,54,slit_bridge,52,private-source://routeA_experiments/data/final_ood_frozen_v1/slit_bridge/sample_0052.npz,7a6182ea0d10e503b4488744930d05c12fe0a98749a0f08c0bf9a0ade333130c,0.0016242880083154887,0.08687844974011852,0.7185730166609015,0.8147152811288834,0.411762535572052,0.731104527413845
mesh_gnn,54,slit_bridge,53,private-source://routeA_experiments/data/final_ood_frozen_v1/slit_bridge/sample_0053.npz,f38fc50a05bb0fe7cbe4b70cd13485a58e43ff94c9c22822cb929aed2391bc79,0.00157809499069117,0.05089479025966097,0.5278793013192793,0.6171248257160187,0.2404395416378975,0.48280846774578084
mesh_gnn,54,slit_bridge,54,private-source://routeA_experiments/data/final_ood_frozen_v1/slit_bridge/sample_0054.npz,523ec7f16e149a678ab1eee24891a839649693313f63f9f03417215898e364c2,0.001666160998865962,0.07630849318899094,0.7319880826783978,0.7457694262266159,0.34082075022161007,0.6340902969241139
mesh_gnn,54,slit_bridge,55,private-source://routeA_experiments/data/final_ood_frozen_v1/slit_bridge/sample_0055.npz,a11a3648b53fa4f131e8a071f27bd07db354d48796864dbb9f50084862cbf7af,0.0014353909937199205,0.06289722697752012,0.35758778411553266,0.3705226182937622,0.21228225529193878,0.2948588848114012
mesh_gnn,54,slit_bridge,56,private-source://routeA_experiments/data/final_ood_frozen_v1/slit_bridge/sample_0056.npz,754e5a373c358a5e7e5648b5ee524f7f3caf5be3ad24ca01b4bbaa5930f3722f,0.0016269850020762533,0.05065390822827466,0.3175183984491487,0.3906598687171936,0.22213399410247803,0.3446665763854979
mesh_gnn,54,slit_bridge,57,private-source://routeA_experiments/data/final_ood_frozen_v1/slit_bridge/sample_0057.npz,88bdcbb6787810fba1f67ab1e1d706c0a0449080180a5731fe9e830cd5c1781e,0.001535749004688114,0.06777854021343728,0.4968118784346875,0.5084238648414612,0.28544554859399796,0.4065846413373945
mesh_gnn,54,slit_bridge,58,private-source://routeA_experiments/data/final_ood_frozen_v1/slit_bridge/sample_0058.npz,25dc8c7315b0e070c4b3619308cd7da2f67091e9d12652a39dff2c4abf512a48,0.001526181004010141,0.0541665468257942,0.5137246259003768,0.5662250220775604,0.2545766085386276,0.48366672992706267
mesh_gnn,54,slit_bridge,59,private-source://routeA_experiments/data/final_ood_frozen_v1/slit_bridge/sample_0059.npz,8537f0d12de7433ac2c634794f33eec0a1ef183fb6a9871cd07ec6fe9960e78c,0.0015170539845712483,0.07560313309431287,0.7327353167435525,0.8842515051364899,0.31896448135375977,0.6689716964960097
mesh_gnn,54,slit_bridge,60,private-source://routeA_experiments/data/final_ood_frozen_v1/slit_bridge/sample_0060.npz,ccb10d13e92987f9e92f19f57b8c828d1cec71baabf49eeda5b8131c81cffaae,0.0015393229841720313,0.062387386994231006,0.5495503879084586,0.6943785697221756,0.2643582746386528,0.5981253966689107
mesh_gnn,54,slit_bridge,61,private-source://routeA_experiments/data/final_ood_frozen_v1/slit_bridge/sample_0061.npz,617d3d8d6e33e0cd8b2d68db50b259c76f1b572922b1f4eafd14d5c95f7f2927,0.0017380839854013175,0.06344604739355474,0.45481285455145026,0.5155602991580963,0.2446305900812149,0.3943098783493036
mesh_gnn,54,slit_bridge,62,private-source://routeA_experiments/data/final_ood_frozen_v1/slit_bridge/sample_0062.npz,4cb6187852b50d7a648cc396d4b92a5199fc15e009d3e6afe856b73e4795fb3c,0.0014629219949711114,0.08195295664385271,0.7389040587419008,0.8338016718626022,0.4157205745577812,0.7685275919735431
mesh_gnn,54,slit_bridge,63,private-source://routeA_experiments/data/final_ood_frozen_v1/slit_bridge/sample_0063.npz,dac27c2cdc3cfd09038c74bf4bee8892e3fbd4242d4ae68cf068121304f4b392,0.0015126010111998767,0.08272009701409387,0.8895123867965428,0.9377191215753555,0.3546215742826462,0.8520505197346209
mesh_gnn,54,slit_bridge,64,private-source://routeA_experiments/data/final_ood_frozen_v1/slit_bridge/sample_0064.npz,42bf6e538ce7971d6bb267afcbb5017c74c7ee0a38eeeb22b770afd6da523ffd,0.001471889001550153,0.05725036151725534,0.39885879229164223,0.4452075958251953,0.22796713560819626,0.3580278277397152
mesh_gnn,54,slit_bridge,65,private-source://routeA_experiments/data/final_ood_frozen_v1/slit_bridge/sample_0065.npz,8ae70c1cc087b2cb14feefb626847c8e54e0ee1ff237949762758fc9fef1ccfe,0.0015328529989346862,0.07533341058666068,0.6046675486115876,0.7221677303314209,0.30258291959762573,0.6165715649723997
mesh_gnn,54,slit_bridge,66,private-source://routeA_experiments/data/final_ood_frozen_v1/slit_bridge/sample_0066.npz,bf5bec0125f3e132a0234c3c65c18310c2a824fe299149a53c91065ba9684ebc,0.0016593979962635785,0.03775876176640393,0.25365950026580864,0.31017959117889404,0.14082090556621552,0.24187352657318115
mesh_gnn,54,slit_bridge,67,private-source://routeA_experiments/data/final_ood_frozen_v1/slit_bridge/sample_0067.npz,c4c4d08eb71d2a88a3573896b8651cdf6ff3433eaf00aef21e8815ee63c8636b,0.0016645340074319392,0.048481993298710946,0.3317671342386189,0.40340501070022583,0.18043766170740128,0.2701605349779128
mesh_gnn,54,slit_bridge,68,private-source://routeA_experiments/data/final_ood_frozen_v1/slit_bridge/sample_0068.npz,9d5bf135c023eb440f5e2fcdbcd3144986ccea4a471e8d876188876d1f874f48,0.0013720799761358649,0.07436944886689896,0.7660766126210478,0.7695921361446381,0.29768796265125275,0.5390844732522964
mesh_gnn,54,slit_bridge,69,private-source://routeA_experiments/data/final_ood_frozen_v1/slit_bridge/sample_0069.npz,5c786c1f5b59aea34b782d6d4f11df00e05c430f5d55022b5da71cb4fb8d0930,0.0016545090184081346,0.07448162864887393,0.6808239577010953,0.7862250357866287,0.34499500691890717,0.6793123006820677
mesh_gnn,54,slit_bridge,70,private-source://routeA_experiments/data/final_ood_frozen_v1/slit_bridge/sample_0070.npz,ed31a0aa3d983e019a2886acd9e424e492ee60dd9051fcd420f294aa7d65556d,0.0016221299883909523,0.07208844718939592,0.6588006446141953,0.7320551574230194,0.32982170581817627,0.558860784769058
mesh_gnn,54,slit_bridge,71,private-source://routeA_experiments/data/final_ood_frozen_v1/slit_bridge/sample_0071.npz,392690e82cd3c5edc07092ea1286bb31ee5ff623427f4ad994d7d81479d6dab4,0.0015205500239972025,0.060430667876277426,0.6660373815591654,0.7782451659440994,0.31964854523539543,0.6214304678142062
mesh_gnn,54,slit_bridge,72,private-source://routeA_experiments/data/final_ood_frozen_v1/slit_bridge/sample_0072.npz,13d1458cb7f3b3c59870f9253bb955db809110e13c2d3e0b7bd73b1dc03bcc6b,0.0015425419842358679,0.059388185059574716,0.6989984912958699,0.7942619770765305,0.2828804776072502,0.6201327517628669
mesh_gnn,54,slit_bridge,73,private-source://routeA_experiments/data/final_ood_frozen_v1/slit_bridge/sample_0073.npz,abe7b6b76ff8f9f9514fc6c9452f5d49124e62bec9ef2160c3a275b0c13db251,0.0014084750146139413,0.08182868716210036,0.7460811201631704,0.7106319665908813,0.35227655386552215,0.5705651059746741
mesh_gnn,54,slit_bridge,74,private-source://routeA_experiments/data/final_ood_frozen_v1/slit_bridge/sample_0074.npz,51ff9c6ba58e09f4038fba26fc78e8d866d805ea092ff9a4834e7d07d5b953c3,0.0018382169946562499,0.043735528627947835,0.324370283955207,0.3691370040178299,0.1936260461807251,0.2815696880221366
mesh_gnn,54,slit_bridge,75,private-source://routeA_experiments/data/final_ood_frozen_v1/slit_bridge/sample_0075.npz,295242b0a3c4441b1839c2e51ada10cd8d911b42bc383c1c876668ed7db69aca,0.0016745410102885216,0.05849597223245612,0.535819398449632,0.6174207329750061,0.2615255266427994,0.5246720135211944
mesh_gnn,54,slit_bridge,76,private-source://routeA_experiments/data/final_ood_frozen_v1/slit_bridge/sample_0076.npz,beb19109c76423a493f2dce420b9e7186ae828c5f8afa7330784720dd627942a,0.0016545009857509285,0.07754237443554282,0.6408458212390203,0.7248151153326035,0.3793618083000183,0.6413419142365455
mesh_gnn,54,slit_bridge,77,private-source://routeA_experiments/data/final_ood_frozen_v1/slit_bridge/sample_0077.npz,2b930b075d3b18dc862520638716d3ca8b214cccc86033c8a5389cf1eee32caf,0.0015760530077386647,0.07881379866643569,0.7628477976985286,0.7862613350152969,0.31868404522538185,0.7028691984713072
mesh_gnn,54,slit_bridge,78,private-source://routeA_experiments/data/final_ood_frozen_v1/slit_bridge/sample_0078.npz,81766226a2c457e6280404619b8b2ac47bc63cd5302a18b5988528768c89a906,0.0016900349874049425,0.07369465634746905,0.7233007194881699,0.8659595772624016,0.3505049906671047,0.6698048546910285
mesh_gnn,54,slit_bridge,79,private-source://routeA_experiments/data/final_ood_frozen_v1/slit_bridge/sample_0079.npz,39d04f6918bf1e91b48064494be9aa05bd75bf2d12d1b69e17182fdccc736084,0.0014712260162923485,0.06315397519549715,0.46672344404347693,0.6100442111492157,0.2999134957790375,0.5022112786769866
mesh_gnn,54,slit_bridge,80,private-source://routeA_experiments/data/final_ood_frozen_v1/slit_bridge/sample_0080.npz,34759e2ce25b3deafb7b86e4a166e29aa7b6ad6312b24ec108b7195308a75605,0.0016155609919223934,0.08123011951524155,0.9365720401302638,0.9178088828921318,0.35207119677215815,0.76675275415182
mesh_gnn,54,slit_bridge,81,private-source://routeA_experiments/data/final_ood_frozen_v1/slit_bridge/sample_0081.npz,c09c71d395b921fd42317ee8257d8e8ca0fefc88548e7044fde1c9427bc01d57,0.0016929120174609125,0.04414577970471509,0.2672168909650405,0.4634661227464676,0.17576313018798828,0.265274131298065
mesh_gnn,54,slit_bridge,82,private-source://routeA_experiments/data/final_ood_frozen_v1/slit_bridge/sample_0082.npz,76690bbcb43ff947e8588630e8c1f5eaeae09d80c05290dd16299c07f4b07db3,0.0015820520056877285,0.04552465087891254,0.306509558775937,0.40157127380371094,0.18350011110305786,0.3188095152378081
mesh_gnn,54,slit_bridge,83,private-source://routeA_experiments/data/final_ood_frozen_v1/slit_bridge/sample_0083.npz,b13467cf03c2c8574ad8306306835f018286494378025cc13aa4b84ebb20ce43,0.0014856749912723899,0.07001220051418441,1.2872084555826948,0.9731595255434513,0.2019309220413561,0.6235769190825515
mesh_gnn,54,slit_bridge,84,private-source://routeA_experiments/data/final_ood_frozen_v1/slit_bridge/sample_0084.npz,9c49b44f5bee1f5433dbba97fd43f3fbe29009da78b18d356f171b5351154266,0.0015987749793566763,0.03869264847941655,0.2973588885051674,0.5045206993818283,0.1432829648256302,0.30249127149581884
mesh_gnn,54,slit_bridge,85,private-source://routeA_experiments/data/final_ood_frozen_v1/slit_bridge/sample_0085.npz,f99b2ecfc893456f4094ee49f725dacd918863f2c57f06cd9486ed733ef4c220,0.001663913019001484,0.07744452781367482,0.8097730343914131,0.8935239389538765,0.31900039315223694,0.7065371960401521
mesh_gnn,54,slit_bridge,86,private-source://routeA_experiments/data/final_ood_frozen_v1/slit_bridge/sample_0086.npz,fa0010c85def531807bfac046d520a0e1fcfa53f399129a530872a5ed7c486e8,0.001636682980461046,0.08304377232111763,0.7657093053775299,0.8463728874921799,0.4670613780617714,0.7323804333806038
mesh_gnn,54,slit_bridge,87,private-source://routeA_experiments/data/final_ood_frozen_v1/slit_bridge/sample_0087.npz,c71c435433f07e222a9c7657e14158b1582d4eb606c1feec9a70429635dc0db8,0.0016170720045920461,0.06776993959863939,0.6825592240679711,0.7594818323850632,0.34525081515312195,0.6426843136548991
mesh_gnn,54,slit_bridge,88,private-source://routeA_experiments/data/final_ood_frozen_v1/slit_bridge/sample_0088.npz,356663c8d9f185922d520ff8cab4336c663ae05fa5851257b47fd5a7f2890d38,0.0017229070072062314,0.07667760313737797,0.6276294166244121,0.6622996628284454,0.31835634261369705,0.586277031898498
mesh_gnn,54,slit_bridge,89,private-source://routeA_experiments/data/final_ood_frozen_v1/slit_bridge/sample_0089.npz,8a9067dfbc0e5c2e206260b72a5ca217d4c4ab8591213e41f21555fef28ede5c,0.001667286007432267,0.05818571418139309,0.47894893789529935,0.5156708657741547,0.2491319477558136,0.3993163377046582
mesh_gnn,54,slit_bridge,90,private-source://routeA_experiments/data/final_ood_frozen_v1/slit_bridge/sample_0090.npz,e8f22014254e79ac9ea4af542bb6a6578f4d3903902c242153233437a8df0eca,0.0016554140020161867,0.08021071049386777,0.7085608875449587,0.8159258216619492,0.35615334287285805,0.679242268204689
mesh_gnn,54,slit_bridge,91,private-source://routeA_experiments/data/final_ood_frozen_v1/slit_bridge/sample_0091.npz,9ac5d5dae9509b1d341ae8236d8e0bd3b682e73f0fabd2327bc777955fc68672,0.001682530011748895,0.040888382273167906,0.25764806187077194,0.3907478153705597,0.1641116738319397,0.2783059209585189
mesh_gnn,54,slit_bridge,92,private-source://routeA_experiments/data/final_ood_frozen_v1/slit_bridge/sample_0092.npz,fce6d4931689f991567299750cb2e58ba69a69fb8a7ea9ca2b6623d311e269b9,0.001495106000220403,0.05767574404935791,0.4333313422572999,0.4638850688934326,0.2126934826374054,0.3739020198583602
mesh_gnn,54,slit_bridge,93,private-source://routeA_experiments/data/final_ood_frozen_v1/slit_bridge/sample_0093.npz,ba68ade9b7a7667d9de5bbb4e80fd05e409e86460843549762f31a41447162d1,0.0015452259976882488,0.07276176694007548,0.7192039504197314,0.7333604246377945,0.33190126717090607,0.6083745628595352
mesh_gnn,54,slit_bridge,94,private-source://routeA_experiments/data/final_ood_frozen_v1/slit_bridge/sample_0094.npz,ccba8ddededbe3b30aeff76d268cff5c811b3ec60c50fc5e9c8ad0ef75b4658f,0.0016503299993928522,0.062474246187717186,0.6151660600510738,0.7145203351974487,0.32749174535274506,0.5400300711393352
mesh_gnn,54,slit_bridge,95,private-source://routeA_experiments/data/final_ood_frozen_v1/slit_bridge/sample_0095.npz,d8673dac77deb264dbb605e3b8da123628dc8c82574f2e781ca0ed91d7e7ce88,0.0014879060036037117,0.07449280409153458,0.7301722949336682,0.7671466022729874,0.31962020322680473,0.647450990974903
mesh_gnn,54,slit_bridge,96,private-source://routeA_experiments/data/final_ood_frozen_v1/slit_bridge/sample_0096.npz,88387af9839890df82ba2388bdcdfa95d6200c6b8848f9cbfc0dda3b8e1f5f31,0.0014886090066283941,0.0835936720715922,0.7145201162042389,0.8309180736541748,0.3903411738574505,0.7208147600293159
mesh_gnn,54,slit_bridge,97,private-source://routeA_experiments/data/final_ood_frozen_v1/slit_bridge/sample_0097.npz,042e86e783efa3942e62430f3045cf582a6d959709c938cb225b92bc44bcc64f,0.0015231480065267533,0.06310799642224746,0.42460578399524584,0.5700395703315735,0.22775061428546906,0.4232716768980026
mesh_gnn,54,slit_bridge,98,private-source://routeA_experiments/data/final_ood_frozen_v1/slit_bridge/sample_0098.npz,f76accedd1c25ec4c7b700fef8f7e440bff7ca6d234800cb8d3b4cd6f7f7b8e6,0.0015068280044943094,0.061727789513657844,0.583423020750846,0.6714269369840622,0.31203150749206543,0.5455313175916671
mesh_gnn,54,slit_bridge,99,private-source://routeA_experiments/data/final_ood_frozen_v1/slit_bridge/sample_0099.npz,6a4b39b6a971b50d0cd5a3eefaf6a1f3f142b0d9ecee397ce1ff23093f6a46d9,0.0018338229856453836,0.05563627536593246,0.41217547172149965,0.5018520057201385,0.2158348485827446,0.4279649049043655
mesh_gnn,54,slit_bridge,100,private-source://routeA_experiments/data/final_ood_frozen_v1/slit_bridge/sample_0100.npz,09c098f8500ef7ae13df30b97fd58bdcffba8843b115a610318dc18f65ef3540,0.0015199560148175806,0.07673689706431075,0.7746193425270316,0.8376279026269913,0.3476383611559868,0.6708855591714381
mesh_gnn,54,slit_bridge,101,private-source://routeA_experiments/data/final_ood_frozen_v1/slit_bridge/sample_0101.npz,3671b99524219e4e7f1acd583f0a9f657d15a23a30ed3d575564b8f9d92d770e,0.0016029939870350063,0.04947326382844941,0.3534483081414461,0.45106685161590576,0.2413845658302307,0.38492263555526723
mesh_gnn,54,slit_bridge,102,private-source://routeA_experiments/data/final_ood_frozen_v1/slit_bridge/sample_0102.npz,b8b9ab3a97d31d7c91628f73ac4db6371901871d302b30af028ae7297b2b153b,0.00144765101140365,0.0763789544196289,1.1746294040623653,0.9645763635635376,0.3044691343093291,0.714801378548143
mesh_gnn,54,slit_bridge,103,private-source://routeA_experiments/data/final_ood_frozen_v1/slit_bridge/sample_0103.npz,9f972861588cfdfdfbc3d1b3492908230dc44d640058083aa85270fbceb816f9,0.0015821240085642785,0.06604587283643557,0.6326845319037158,0.6659126281738281,0.3127511590719223,0.5905528545379638
mesh_gnn,54,slit_bridge,104,private-source://routeA_experiments/data/final_ood_frozen_v1/slit_bridge/sample_0104.npz,762aadec5fa91e8e7a7f85a7683286f4a4fa0192f736680d733b0707b91d4494,0.0016706280002836138,0.0839674130719917,0.8162323684558527,0.863726980984211,0.4132458046078682,0.7305358879268163
mesh_gnn,54,slit_bridge,105,private-source://routeA_experiments/data/final_ood_frozen_v1/slit_bridge/sample_0105.npz,713c1a733e7b6f8c51dfe4d3f144d58d7ee189053361d35b7cb0099d093f55b6,0.0014717729936819524,0.07477924408813802,0.675573611051232,0.7591700851917267,0.29910415783524513,0.6469093352556212
mesh_gnn,54,slit_bridge,106,private-source://routeA_experiments/data/final_ood_frozen_v1/slit_bridge/sample_0106.npz,73c88046498ca7cb948857d6c873d10ec1b1bb70ce8813a259156f5e49c803e0,0.0015822239802218974,0.06557748649819492,0.639972509445736,0.7926561832427979,0.26002124696969986,0.5374770671129218
mesh_gnn,54,slit_bridge,107,private-source://routeA_experiments/data/final_ood_frozen_v1/slit_bridge/sample_0107.npz,8e962067b4a867a40f8b8f07d19dbcf42eb4d7a6b08ac522bd140e761933b129,0.001471600990043953,0.08424229074175879,0.7536104064419569,0.7882817089557648,0.3662448637187481,0.6811367869377131
mesh_gnn,54,slit_bridge,108,private-source://routeA_experiments/data/final_ood_frozen_v1/slit_bridge/sample_0108.npz,23bb0eb2ffb8522d891e10b78e9f4fcf6ea2c8b5136c119d1353dc41e81126a2,0.0017152490036096424,0.05246945755625619,0.3702039356187052,0.4308541417121887,0.2754729837179184,0.37613805234432196
mesh_gnn,54,slit_bridge,109,private-source://routeA_experiments/data/final_ood_frozen_v1/slit_bridge/sample_0109.npz,ee7d8642727cde846b418e0d6ef6f3d525513d8f7c13d4e21a694399a5887809,0.0014586169854737818,0.09091860743446008,0.8447962085325494,0.8552288264036179,0.4269196204841137,0.7210075162351128
mesh_gnn,54,slit_bridge,110,private-source://routeA_experiments/data/final_ood_frozen_v1/slit_bridge/sample_0110.npz,2cb9d93c491c746797690b373d3873b13231a0144087e5c6f98bc1674dcf9aa9,0.0016525090031791478,0.10297864704734086,0.896066673444499,0.8867529705166817,0.47606764547526836,0.7537069335579866
mesh_gnn,54,slit_bridge,111,private-source://routeA_experiments/data/final_ood_frozen_v1/slit_bridge/sample_0111.npz,20cb4a3d10bd1589b41836354fc8ffcea2f716f9c4d860e668becadedadd9f38,0.0016531709989067167,0.047136179771955146,0.36102923898602113,0.4977639764547348,0.18909360468387604,0.3275308564305297
mesh_gnn,54,slit_bridge,112,private-source://routeA_experiments/data/final_ood_frozen_v1/slit_bridge/sample_0112.npz,37a74f8306ed3c59b31377d7e4a65031205ca4f453cf06b54132466f7b6b4a27,0.001695033977739513,0.0893327481165059,0.8389585428744967,0.8813736736774445,0.41677953489124775,0.7896705940365789
mesh_gnn,54,slit_bridge,113,private-source://routeA_experiments/data/final_ood_frozen_v1/slit_bridge/sample_0113.npz,ef235deec817e178c9aadff18419bfa34a077733d1176a3329f0534a76dc2a36,0.001827737025450915,0.07732821091580408,0.8145959378217863,0.8911465927958488,0.38121073693037033,0.722977109253406
mesh_gnn,54,slit_bridge,114,private-source://routeA_experiments/data/final_ood_frozen_v1/slit_bridge/sample_0114.npz,fee8722c5da8ec155bbe8e819b2eefa2d11a554066c684e422d739ef76676fdc,0.0018049310019705445,0.054759670137716925,0.43053204707670384,0.5562118589878082,0.21383550763130188,0.37937154769897424
mesh_gnn,54,slit_bridge,115,private-source://routeA_experiments/data/final_ood_frozen_v1/slit_bridge/sample_0115.npz,c0ff037ccc5a055bf9e6049f73b19eb3ef3c759d34e01dde7782629ee5155b1a,0.001506752974819392,0.08030716393418097,0.6193141136349726,0.6691169440746307,0.3188449963927269,0.5083764851093285
mesh_gnn,54,slit_bridge,116,private-source://routeA_experiments/data/final_ood_frozen_v1/slit_bridge/sample_0116.npz,89796e3463ade62e6165c2220b9206d7e09c13d435e41116a44b4b2b72d8a7e2,0.0014632450183853507,0.07157191846208383,0.7830243652031943,0.8510512113571167,0.3574512116611004,0.7031946688890451
mesh_gnn,54,slit_bridge,117,private-source://routeA_experiments/data/final_ood_frozen_v1/slit_bridge/sample_0117.npz,0b5ddb4fbb4b1abaaecda668cf96d47108c2d0634e698e348798412ad2c8bd5b,0.001641345996176824,0.05616010922972487,0.35844309058225354,0.39439260959625244,0.20864060148596764,0.32850847244262693
mesh_gnn,54,slit_bridge,118,private-source://routeA_experiments/data/final_ood_frozen_v1/slit_bridge/sample_0118.npz,67c9870824a0cf24261c14ee2ee54260350b87c984724da8b7b3239ef5f4f8f2,0.001712313009193167,0.07032151254380711,0.6499411645396311,0.7606191486120224,0.3375474438071251,0.6899208411574362
mesh_gnn,54,slit_bridge,119,private-source://routeA_experiments/data/final_ood_frozen_v1/slit_bridge/sample_0119.npz,3cd3c867da52bc984e6b469d03b48c1d502d3c379c3a09320042c00db34b1f2f,0.0013095660251565278,0.07728665374939711,0.7615831224742423,0.8253768533468246,0.3690711259841919,0.7132821947336196
mesh_gnn,54,slit_bridge,120,private-source://routeA_experiments/data/final_ood_frozen_v1/slit_bridge/sample_0120.npz,321a3cdc9661e8fd1679cfceed9f566fa138dcdcf45b5bb5a1d8fce6ede740f1,0.0014231870009098202,0.0701025705592881,0.7692241736647043,0.7375483512878418,0.2845354825258255,0.5393879905343044
mesh_gnn,54,slit_bridge,121,private-source://routeA_experiments/data/final_ood_frozen_v1/slit_bridge/sample_0121.npz,947ac005aaaab451b701b3285288d12286101f1936826903031becc4a8c82912,0.001398703985614702,0.07295334239597943,0.6989104615378217,0.7337122559547424,0.2990036942064762,0.6064929977059363
mesh_gnn,54,slit_bridge,122,private-source://routeA_experiments/data/final_ood_frozen_v1/slit_bridge/sample_0122.npz,f86df5b1facc0d81f78a07017d7a1169d59fc90ab287dd52fa7ef79d790e2e91,0.0017082129779737443,0.06200973722101721,0.42092859117917936,0.4212377965450287,0.25817716121673584,0.3646821498870849
mesh_gnn,54,slit_bridge,123,private-source://routeA_experiments/data/final_ood_frozen_v1/slit_bridge/sample_0123.npz,dd8d213055c704fdaab30fa56f42a33f2b17cda2608934ee3c8395f1fa3ac372,0.00181389698991552,0.08620540979608858,0.9618475752394807,0.9512259736657143,0.367491964250803,0.7817516230046744
mesh_gnn,54,slit_bridge,124,private-source://routeA_experiments/data/final_ood_frozen_v1/slit_bridge/sample_0124.npz,989ca5a6639d386f9ba2fbbe4929a51151c1d1f58f0b02af5979a213ce187952,0.0016043429786805063,0.06819444640820638,0.8450643331781461,0.8529856503009796,0.2794722802937031,0.5968392387032506
mesh_gnn,54,slit_bridge,125,private-source://routeA_experiments/data/final_ood_frozen_v1/slit_bridge/sample_0125.npz,a70aa7c2b0ab69e05a1bdac27c118b00080fd91ce4b14294cf3d802c7d9815c3,0.001954309002030641,0.03411680835083511,0.24208989240661438,0.29123538732528687,0.11552826315164566,0.19881891012191732
mesh_gnn,54,slit_bridge,126,private-source://routeA_experiments/data/final_ood_frozen_v1/slit_bridge/sample_0126.npz,093585a00e910cd41c9a8b1050dbde9900de283da5c8bcf64b0e6657b12ce6c0,0.001585368998348713,0.0889128646776439,0.7200284731809925,0.8293068557977676,0.42530637606978416,0.7193268820643424
mesh_gnn,54,slit_bridge,127,private-source://routeA_experiments/data/final_ood_frozen_v1/slit_bridge/sample_0127.npz,fbaeeb14ed4064772eccd6ad5d7ce8b30fd2cd571f89be44730cad2f429acd53,0.0016143490211106837,0.04260435019691248,0.33432213453410836,0.42865508794784546,0.1841868832707405,0.3556400448083876
mesh_gnn,54,slit_bridge,128,private-source://routeA_experiments/data/final_ood_frozen_v1/slit_bridge/sample_0128.npz,f8dcb1ad9a029b0aaa0eb4226be5e9fb26f98253b2ac2ee759238972e2b35793,0.0017300330218859017,0.06738563419854066,0.5472253323253803,0.6058229506015778,0.29887461103498936,0.5322453141212462
mesh_gnn,54,slit_bridge,129,private-source://routeA_experiments/data/final_ood_frozen_v1/slit_bridge/sample_0129.npz,4fde72568a862f65ab802425b157856bd372d3c84dff9690b725526c7c4caa72,0.0015929350047372282,0.0600778007447237,0.4314025614165542,0.4590626657009125,0.24098533391952515,0.3927328884601585
mesh_gnn,54,slit_bridge,130,private-source://routeA_experiments/data/final_ood_frozen_v1/slit_bridge/sample_0130.npz,c5fc37a33ccfde0c5c1bc91a423ff22369761aa4a2358c6bf448d552f93ebe9f,0.0017951549962162971,0.027538688996774457,0.168152196702102,0.23293977975845337,0.09289064817130566,0.15283813476562408
mesh_gnn,54,slit_bridge,131,private-source://routeA_experiments/data/final_ood_frozen_v1/slit_bridge/sample_0131.npz,816e62f42925e1228f1925aa9a64af845857cc8af393bef8edcc95e0b32ae811,0.0016938170010689646,0.05923409240151989,0.42469997997182524,0.4926725924015045,0.2153075486421585,0.3992791339755054
mesh_gnn,54,slit_bridge,132,private-source://routeA_experiments/data/final_ood_frozen_v1/slit_bridge/sample_0132.npz,0fe2c82d437426e3d5e3a8a69a3eaf8444f65273028a83b43642500191be1de2,0.001669402001425624,0.07326223986648803,0.7930418934953304,0.8259375244379044,0.3189959404990077,0.6670830607414244
mesh_gnn,54,slit_bridge,133,private-source://routeA_experiments/data/final_ood_frozen_v1/slit_bridge/sample_0133.npz,158533d38705bbe83ad1aff888d4d281d11c259abc75e687100337a1169b6b79,0.001527757995063439,0.04582013267593053,0.2945782445600492,0.37460851669311523,0.16203592717647552,0.27208223342895493
mesh_gnn,54,slit_bridge,134,private-source://routeA_experiments/data/final_ood_frozen_v1/slit_bridge/sample_0134.npz,809d1f61ff74bd28a60a9ee3e93980572061abc432bf497071f850cf295e5a22,0.0014782710059080273,0.08193622269081044,0.703288994207838,0.7151302993297577,0.36999450996518135,0.5968502894043922
mesh_gnn,54,slit_bridge,135,private-source://routeA_experiments/data/final_ood_frozen_v1/slit_bridge/sample_0135.npz,49a6d2f84ef15ae562f31d7f8186dcf515a22bd150120c9ef7592236bc4da560,0.0016361050074920058,0.07183923253985743,0.6717400561517233,0.6234882175922394,0.3097471874207258,0.48345693349838254
mesh_gnn,54,slit_bridge,136,private-source://routeA_experiments/data/final_ood_frozen_v1/slit_bridge/sample_0136.npz,0aaf02ec1906882bedac48878d8b32168a7bb9aa28e664600efcf7880eeb0a09,0.0016667009913362563,0.029304305524464485,0.18027755058676037,0.29600168764591217,0.10300843417644501,0.20660556852817535
mesh_gnn,54,slit_bridge,137,private-source://routeA_experiments/data/final_ood_frozen_v1/slit_bridge/sample_0137.npz,3060120b449129fec3dadb659d3c9a7989d9e4319138bf42de3acdc3ba915c02,0.0014655200066044927,0.05142410392439451,0.4115838813537059,0.5919312834739685,0.21249441802501678,0.34708967804908686
mesh_gnn,54,slit_bridge,138,private-source://routeA_experiments/data/final_ood_frozen_v1/slit_bridge/sample_0138.npz,6ed13d9162ca3514a314258b8d24016c2bc8875b25b0b38c5cdfa938f2a1eee2,0.001473434007493779,0.07662819429691442,0.7725967680003184,0.8149268329143524,0.3084940640255809,0.5956122875213614
mesh_gnn,54,slit_bridge,139,private-source://routeA_experiments/data/final_ood_frozen_v1/slit_bridge/sample_0139.npz,658f1ca5a3c9c31ef1d3034e1fa4b0a5769e9c38a410ad1b72996a2aa8abf1a0,0.001700454013189301,0.05016243360702589,0.4154401003345838,0.5599987804889679,0.23915435373783112,0.41849917769432055
mesh_gnn,54,slit_bridge,140,private-source://routeA_experiments/data/final_ood_frozen_v1/slit_bridge/sample_0140.npz,4cb2e3c95ee8b50b37549ea056e6b5e6349cac539e85f6c167d54902061606d1,0.0017078450182452798,0.0851259850101495,0.7183342309650241,0.7356975823640823,0.3489263243973255,0.616206443309783
mesh_gnn,54,slit_bridge,141,private-source://routeA_experiments/data/final_ood_frozen_v1/slit_bridge/sample_0141.npz,72511c727388df3bf5af40ee47932e5d0ea12cec9268d07a95eff4200660e42e,0.001817935990402475,0.0734641533124139,0.6912625955924195,0.8030202686786652,0.4019935503602028,0.632734381407498
mesh_gnn,54,slit_bridge,142,private-source://routeA_experiments/data/final_ood_frozen_v1/slit_bridge/sample_0142.npz,306a40af48edd29b46f137a9e1015dba90eef9f89a216e9034ab8c4e810088cb,0.0015390200132969767,0.07264632145356949,0.816917350182603,0.8732862025499344,0.32679735496640205,0.6833140254020675
mesh_gnn,54,slit_bridge,143,private-source://routeA_experiments/data/final_ood_frozen_v1/slit_bridge/sample_0143.npz,9143fda697b9d0ca554a018b16f7dcedf9ce17f64344f4de043fd7612877a3d2,0.001667169010033831,0.07524779242519668,0.8214756494462465,0.8713760077953339,0.2987878490239382,0.6849037490785118
mesh_gnn,54,slit_bridge,144,private-source://routeA_experiments/data/final_ood_frozen_v1/slit_bridge/sample_0144.npz,cede0fd6d7f85a69aeaae09213236482ad3047e9130d14dd79693b9e243f783b,0.0016139829822350293,0.0888168109231589,0.90821357394167,0.8636540025472641,0.39936884865164757,0.7686516016721724
mesh_gnn,54,slit_bridge,145,private-source://routeA_experiments/data/final_ood_frozen_v1/slit_bridge/sample_0145.npz,2d9fdb82c8a7275b63a15c4d95ab584a0842ebd21fd6762928d68475fe8cc330,0.001514008006779477,0.08669199511722857,0.7687063443926958,0.8976612314581871,0.43793459236621857,0.7694039821624753
mesh_gnn,54,slit_bridge,146,private-source://routeA_experiments/data/final_ood_frozen_v1/slit_bridge/sample_0146.npz,207f5f551061e628bde8bc221dd64138c07612d4245a97390961be3ea5e16611,0.0017207640048582107,0.05377087703743324,0.4146374265173875,0.5430798828601837,0.20291639864444733,0.4095033735036849
mesh_gnn,54,slit_bridge,147,private-source://routeA_experiments/data/final_ood_frozen_v1/slit_bridge/sample_0147.npz,82d0e49e8401c09f0e3e6a3547b29f4d5a1dedbc6b0f06beea92cbeb4866ea11,0.0014315339794848114,0.07751993325400511,0.7929841249638442,0.8574739992618561,0.3185023330152035,0.6589598841965195
mesh_gnn,54,slit_bridge,148,private-source://routeA_experiments/data/final_ood_frozen_v1/slit_bridge/sample_0148.npz,e38da3693d172092572c7f2754a94e44ef94b0502f3919d896ce0c2fbe38e009,0.0016860479954630136,0.07569260053754616,0.6571004812604925,0.7647365480661392,0.3343925140798092,0.6122112393379208
mesh_gnn,54,slit_bridge,149,private-source://routeA_experiments/data/final_ood_frozen_v1/slit_bridge/sample_0149.npz,afc272ad1c582032ceafc263f98a9500852bcc9f113906a40f63ad64c40aee4c,0.0016791880188975483,0.0657967775476662,1.075629971356074,0.9591250903904438,0.1956274313852191,0.7480055972933761
mesh_gnn,54,slit_bridge,150,private-source://routeA_experiments/data/final_ood_frozen_v1/slit_bridge/sample_0150.npz,3d18460af3363948da3a01a3d1b31a48effc40aa616a1b5dd39689622a7ec45c,0.001584173005539924,0.05238030962994363,0.3412254827248559,0.46847626101225615,0.20004290901124477,0.3484296499751506
mesh_gnn,54,slit_bridge,151,private-source://routeA_experiments/data/final_ood_frozen_v1/slit_bridge/sample_0151.npz,d5753da7388ebb54f9cf2699537d139086e01002d7a59190bb63986a17939a32,0.0015283380053006113,0.05181139306400648,0.47525021003570933,0.6729921698570251,0.25126349925994873,0.5024430349469181
mesh_gnn,54,slit_bridge,152,private-source://routeA_experiments/data/final_ood_frozen_v1/slit_bridge/sample_0152.npz,9695aa6ea858785b103e16fd61c266f988f64686cfbdc88b2899662da023ea05,0.0015471320075448602,0.059510183444659234,0.5560940897617472,0.6371842920780182,0.2750331088900566,0.4821637019515034
mesh_gnn,54,slit_bridge,153,private-source://routeA_experiments/data/final_ood_frozen_v1/slit_bridge/sample_0153.npz,60ac6a052ff2a92b7086357b74a96c31e33d7255ddf407c4f70bc5fe58806b60,0.0014550290070474148,0.06333231675387763,1.0059443781575956,0.9357179179787636,0.16628107521682978,0.6927914198487989
mesh_gnn,54,slit_bridge,154,private-source://routeA_experiments/data/final_ood_frozen_v1/slit_bridge/sample_0154.npz,02efeff9d6ba6e84c68ab742c168c4ca40609c73d6f82146e8a2f5b10a657897,0.0016655640210956335,0.06958389340379492,1.2107998979196612,0.9774578958749771,0.21167432234506123,0.5972013890743253
mesh_gnn,54,slit_bridge,155,private-source://routeA_experiments/data/final_ood_frozen_v1/slit_bridge/sample_0155.npz,ea8bfa01563270f5d6e2ec9dbe473f05772c2e4989b937a57ae2104227258fed,0.001667424017796293,0.04685885081703361,0.32465881065557733,0.41740959882736206,0.19824373722076416,0.31818097904324527
mesh_gnn,54,slit_bridge,156,private-source://routeA_experiments/data/final_ood_frozen_v1/slit_bridge/sample_0156.npz,5005fb0814bda784608be7da52a32e34a6544ba7bd358a95694b62e213f8f2c2,0.001308835984673351,0.06863484868952269,0.618221998177551,0.7444271892309189,0.3065427467226982,0.6211546421051023
mesh_gnn,54,slit_bridge,157,private-source://routeA_experiments/data/final_ood_frozen_v1/slit_bridge/sample_0157.npz,ac48ebb841e2622ef6bc4ba966dad1b3b604f8d724d29e6f2fab1b6641ee1921,0.001549315027659759,0.08868375594492503,0.829564316707765,0.9130407571792603,0.43245311826467514,0.7629774838685988
mesh_gnn,54,slit_bridge,158,private-source://routeA_experiments/data/final_ood_frozen_v1/slit_bridge/sample_0158.npz,2f49624ea36882b03b9786cab30360722cade76c056bea230f9c9ba4ac764c8b,0.0016420479805674404,0.0487441994190558,0.3246132054301431,0.5450751781463623,0.19493988156318665,0.3802917450666425
mesh_gnn,54,slit_bridge,159,private-source://routeA_experiments/data/final_ood_frozen_v1/slit_bridge/sample_0159.npz,d0b13a51187a418d7efe2e93a19604a3d01c818ea9736b5aa09b4607fad5fa55,0.001581305987201631,0.04920183738632397,0.4306986000543906,0.5426335334777832,0.230143659748137,0.4652218312025066
mesh_gnn,54,slit_bridge,160,private-source://routeA_experiments/data/final_ood_frozen_v1/slit_bridge/sample_0160.npz,622f4d8070ecdd9d0a824ce72f84fecc0c78f83011ff11259ebc6bb846de281e,0.0014631499943789095,0.04145931654457457,0.3078958767147894,0.46108686923980713,0.14241434633731842,0.33283059000968934
mesh_gnn,54,slit_bridge,161,private-source://routeA_experiments/data/final_ood_frozen_v1/slit_bridge/sample_0161.npz,178f02f0e3b5995f2619dd6bf52ad3a7508f806bd4e13ba9ceeb9a36f1649f16,0.0015745309938210994,0.0811587010958235,0.8530188007173426,0.8656400442123413,0.32820024341344833,0.5691812003031372
mesh_gnn,54,slit_bridge,162,private-source://routeA_experiments/data/final_ood_frozen_v1/slit_bridge/sample_0162.npz,7dac1f84d357180521999872dd329573241cb8c42feeb442891197f01199c66b,0.0015610370028298348,0.07649521100621932,1.064997288587335,0.9288470558822155,0.31659807777032256,0.729896419122812
mesh_gnn,54,slit_bridge,163,private-source://routeA_experiments/data/final_ood_frozen_v1/slit_bridge/sample_0163.npz,b7a7aa86a9bdc19977f06da4caff68d49a340edbf4f1a1c1187591366b6636d2,0.0015016210090834647,0.08709560039187003,0.7538800630809289,0.7943481802940369,0.46171966940164566,0.7322679214179514
mesh_gnn,54,slit_bridge,164,private-source://routeA_experiments/data/final_ood_frozen_v1/slit_bridge/sample_0164.npz,779949d863880f5d16a879e81f20fad07ea4f966fba7da8ee22f0adaa6fc32af,0.0014637249987572432,0.07778821880599969,0.6009987595390329,0.6378079950809479,0.31099049746990204,0.5638076037168501
mesh_gnn,54,slit_bridge,165,private-source://routeA_experiments/data/final_ood_frozen_v1/slit_bridge/sample_0165.npz,dc423b6d998084bf0149349c297bb1babad5e99fb236b7c05dfa975cb5183082,0.0015090250235516578,0.055720399930138526,0.49366643965249796,0.6448844373226166,0.29513637349009514,0.55620113313198
mesh_gnn,54,slit_bridge,166,private-source://routeA_experiments/data/final_ood_frozen_v1/slit_bridge/sample_0166.npz,351a161f32941f870662dc54b1d5ae59e25dc38cb8501ca4493dd08e6d42d64a,0.0016492090071551502,0.08733908564212559,0.7560982606018136,0.7261689454317093,0.3859623931348324,0.6407935574650762
mesh_gnn,54,slit_bridge,167,private-source://routeA_experiments/data/final_ood_frozen_v1/slit_bridge/sample_0167.npz,aa66574c4716561ec10258da0ac13914768f1d14f665ebf1ec534f148bd0abd7,0.001665187010075897,0.059267644829352185,0.5115648355519813,0.5623662918806076,0.25870728492736816,0.4880763590335846
mesh_gnn,54,slit_bridge,168,private-source://routeA_experiments/data/final_ood_frozen_v1/slit_bridge/sample_0168.npz,b0b356c11f56258bb6f3db09bd66c6dcd1bcd41614b20e67f8e907402ec13485,0.001791938004316762,0.07638340922775953,0.6192903342792822,0.5325689911842346,0.32826652377843857,0.46859315931797024
mesh_gnn,54,slit_bridge,169,private-source://routeA_experiments/data/final_ood_frozen_v1/slit_bridge/sample_0169.npz,a469b2c4e556282ed62e13e26cd27398331a9ba05d88ee1913966198103238d6,0.0017648950160946697,0.08775920706843195,0.7760133342358513,0.8123711794614792,0.3876115195453167,0.5945260301232336
mesh_gnn,54,slit_bridge,170,private-source://routeA_experiments/data/final_ood_frozen_v1/slit_bridge/sample_0170.npz,36fbd3c3d23a1204142c49ecd37ef44c2ba54ac4467ddb41d832464267e85212,0.001523342012660578,0.08296268318030166,0.7671946385426728,0.6837480664253235,0.35231222212314606,0.5327886551618561
mesh_gnn,54,slit_bridge,171,private-source://routeA_experiments/data/final_ood_frozen_v1/slit_bridge/sample_0171.npz,d535ac50a902c9794c7c816a49047dfd9c3f701564b69ce35cc24a4b731afa97,0.0015086960047483444,0.07735147737394663,1.108669163153072,0.9562945552170277,0.27952059160452336,0.73958140052855
mesh_gnn,54,slit_bridge,172,private-source://routeA_experiments/data/final_ood_frozen_v1/slit_bridge/sample_0172.npz,4e4eeb0f4d4f14aa76bc67064de00f38d35024c2470cfc77d2414c6da16f99f2,0.001606905017979443,0.05120665821164772,0.32984888116426275,0.41066646575927734,0.19352133944630623,0.30390730202198013
mesh_gnn,54,slit_bridge,173,private-source://routeA_experiments/data/final_ood_frozen_v1/slit_bridge/sample_0173.npz,4c3d97c818e4c1aaa20fd773230ef107c1e90a4328ebbfb020186474b8b391e2,0.001745524990838021,0.07741388118447438,0.7061878775200547,0.7699374705553055,0.35658005625009537,0.656636357307434
mesh_gnn,54,slit_bridge,174,private-source://routeA_experiments/data/final_ood_frozen_v1/slit_bridge/sample_0174.npz,c764cef11e9744e2347bf095a3ad20fd9c9a40516623d0e6687f000cea70736b,0.00153254100587219,0.07571968546101991,0.7303265089797396,0.8081905692815781,0.2908465228974819,0.6054421089589593
mesh_gnn,54,slit_bridge,175,private-source://routeA_experiments/data/final_ood_frozen_v1/slit_bridge/sample_0175.npz,22afae3ce0b327b65855609e847dcf168cbfa0c3da01d0e00d7ff822a2f93dab,0.001515724987257272,0.04858399026140391,0.28425081493282395,0.3610125482082367,0.15235977433621883,0.2503557950258254
mesh_gnn,54,slit_bridge,176,private-source://routeA_experiments/data/final_ood_frozen_v1/slit_bridge/sample_0176.npz,3615c8f32a0156e435a991da99bea493288394630d64ca1402e46469b4ae4561,0.0015556259895674884,0.05618296534961798,0.41150642270966403,0.5748637914657593,0.2474062442779541,0.464377650618553
mesh_gnn,54,slit_bridge,177,private-source://routeA_experiments/data/final_ood_frozen_v1/slit_bridge/sample_0177.npz,bde9b0878d1f9163cd3460df65d8fbaa6d012659d97271692cd52839664004d8,0.0014816639886703342,0.06436035931217274,0.5344294171549634,0.5498507022857666,0.27379871904850006,0.49587922990322103
mesh_gnn,54,slit_bridge,178,private-source://routeA_experiments/data/final_ood_frozen_v1/slit_bridge/sample_0178.npz,dffe6643c77429e0e5ed595fcd8553b626ac374c0226c86babb86bb23700de20,0.0014849269937258214,0.05726475031024166,0.4804825434487564,0.6139602214097977,0.311662957072258,0.5235217005014418
mesh_gnn,54,slit_bridge,179,private-source://routeA_experiments/data/final_ood_frozen_v1/slit_bridge/sample_0179.npz,fca36c52c6cfb0110fbe78721de423d99487a00561b0c6b6b9f826917f42aede,0.0016985100228339434,0.034981956422296005,0.2020802856634317,0.32182615995407104,0.12540198862552643,0.21054314970970153
mesh_gnn,54,slit_bridge,180,private-source://routeA_experiments/data/final_ood_frozen_v1/slit_bridge/sample_0180.npz,6f19672ce01e21e2c280e4be06a3e54680e018ff4c226cbe757f44ebad3e1910,0.0016691760101821274,0.05716520565940435,0.35414768207483993,0.4430016875267029,0.24490388482809067,0.3545304372906684
mesh_gnn,54,slit_bridge,181,private-source://routeA_experiments/data/final_ood_frozen_v1/slit_bridge/sample_0181.npz,ec877344fcdbfdbdaddf529e85e3cc5c3aab339963def6c7349014d86c8140d4,0.0014763229992240667,0.07149188216560931,0.5970631388649253,0.6546989530324936,0.288328280672431,0.569578370451927
mesh_gnn,54,slit_bridge,182,private-source://routeA_experiments/data/final_ood_frozen_v1/slit_bridge/sample_0182.npz,85955e8644eeb0dcc33c4aed80df2c7439e5bab709258a2875ce1a3a61c5ebfb,0.001465027016820386,0.05164201532501577,0.40555626274221135,0.45903898775577545,0.25378449261188507,0.3765167504549026
mesh_gnn,54,slit_bridge,183,private-source://routeA_experiments/data/final_ood_frozen_v1/slit_bridge/sample_0183.npz,7db60f93fba5ad9147fed2dc7ad510080993a1ba5cacff680d8f7315ac009961,0.001565454003866762,0.07223624852765569,0.5830548878449087,0.5958211123943329,0.32791463285684586,0.5354483217000959
mesh_gnn,54,slit_bridge,184,private-source://routeA_experiments/data/final_ood_frozen_v1/slit_bridge/sample_0184.npz,8121820fc993132420a3854bde14b0b1742133b65c0a82ff2248b97133f07f34,0.0015355400100816041,0.07287653485984935,0.6610499109189705,0.7397722154855728,0.3097249614074826,0.5436328127980224
mesh_gnn,54,slit_bridge,185,private-source://routeA_experiments/data/final_ood_frozen_v1/slit_bridge/sample_0185.npz,6cddc80ef7290697c6e5ddae659d68aa20dcd10104ab9b2cd5f9708afe9f741d,0.0015407419996336102,0.04819860832144868,0.3386000103033695,0.5275163650512695,0.2203683704137802,0.3255213648080826
mesh_gnn,54,slit_bridge,186,private-source://routeA_experiments/data/final_ood_frozen_v1/slit_bridge/sample_0186.npz,325ef30f2da8a65dac78a1b06a65f887f2d9947c96e2faee9e6a8ec03323351a,0.0014883980038575828,0.07315329016335005,0.549324252539547,0.5829504728317261,0.34062160551548004,0.4865147918462753
mesh_gnn,54,slit_bridge,187,private-source://routeA_experiments/data/final_ood_frozen_v1/slit_bridge/sample_0187.npz,119b85212c8b4744bf1d62d7dfe261550cb6d3e5d22f4790dbe62e75609d0922,0.0016957340121734887,0.05886241872956761,0.4705318329297739,0.5760137438774109,0.28590986132621765,0.5198219418525695
mesh_gnn,54,slit_bridge,188,private-source://routeA_experiments/data/final_ood_frozen_v1/slit_bridge/sample_0188.npz,dcf9852e45123cccfdad55cec5cd89ffd610e5287252fbe34ba1dd1786992a3e,0.0016852730186656117,0.07866789623699512,0.6973002708975006,0.7492209225893021,0.46308902092278004,0.6713680669665328
mesh_gnn,54,slit_bridge,189,private-source://routeA_experiments/data/final_ood_frozen_v1/slit_bridge/sample_0189.npz,286c7744959bebf561fcf60d6510f810deadc11b4f49e589e2e9473d32de82f7,0.001789761008694768,0.060754663553186816,0.5064579177777842,0.5529575943946838,0.24484636634588242,0.42481181696057274
mesh_gnn,54,slit_bridge,190,private-source://routeA_experiments/data/final_ood_frozen_v1/slit_bridge/sample_0190.npz,fe702ecba390c3dc04a9733afe0b132a016fcf5c4eaffcad11aaea841c4e382e,0.0017342469946015626,0.07510840827448238,0.7371489330996293,0.7714620977640152,0.3006035052239895,0.6364674672484396
mesh_gnn,54,slit_bridge,191,private-source://routeA_experiments/data/final_ood_frozen_v1/slit_bridge/sample_0191.npz,cc046fa8afaf7d479712359b932e246ff1ee8e9d4f1365bd79dc2f10196be05c,0.0017145379970315844,0.0860084689380554,0.8004710854691052,0.7654374539852142,0.3660747818648815,0.6011562138795851
mesh_gnn,54,slit_bridge,192,private-source://routeA_experiments/data/final_ood_frozen_v1/slit_bridge/sample_0192.npz,12a887fa1b92770140bbc308300406b9f45be794a2802dc5d4318f9f90964304,0.001631453022127971,0.0860895156702713,0.7035897919356571,0.7476151958107948,0.40610209107398987,0.6612507030367845
mesh_gnn,54,slit_bridge,193,private-source://routeA_experiments/data/final_ood_frozen_v1/slit_bridge/sample_0193.npz,ea535161153d10af3f779e6ce92ab576cb6f01bb2b84270e675cb8a7ca3bff3d,0.001561416982440278,0.03558269244694575,0.252315892173467,0.4886367470026016,0.1486184448003769,0.2686535693705081
mesh_gnn,54,slit_bridge,194,private-source://routeA_experiments/data/final_ood_frozen_v1/slit_bridge/sample_0194.npz,8488a62661fcd5432a193ca5c2bdaf1492f33731b7131ad3e367f5731ec70c37,0.0015604789950884879,0.08149199014877798,0.8332703922460892,0.9034015759825706,0.39699650544207543,0.7916117347776889
mesh_gnn,54,slit_bridge,195,private-source://routeA_experiments/data/final_ood_frozen_v1/slit_bridge/sample_0195.npz,7e1d374879fa5f6a96ebc3990a10958313440dc33a9ef060976f12e925232108,0.0017145420133601874,0.05077375024385855,0.3473466690523797,0.5138584971427917,0.18998030573129654,0.37954378128051697
mesh_gnn,54,slit_bridge,196,private-source://routeA_experiments/data/final_ood_frozen_v1/slit_bridge/sample_0196.npz,d4848a4e772e741b625e10aec676527f984e3943b470a872754331769f8b94bb,0.001490624010330066,0.07098089893090478,0.7252278039316902,0.8403005301952362,0.3146337680518627,0.6215383991599079
mesh_gnn,54,slit_bridge,197,private-source://routeA_experiments/data/final_ood_frozen_v1/slit_bridge/sample_0197.npz,2b37447cf0d376d2e2021ecf8d29a5d17437f6bb153943e0f306b31930209b3e,0.001709350006422028,0.08386406662402075,0.759123190874826,0.8851141706109047,0.4737437218427658,0.7771527647972106
mesh_gnn,54,slit_bridge,198,private-source://routeA_experiments/data/final_ood_frozen_v1/slit_bridge/sample_0198.npz,8030be12303215e83fab9a6e2360c32b7958cadc693426ae4437ff9ce9a38d91,0.0018374790088273585,0.06235146568903653,0.525897271751175,0.6577472388744354,0.2893596291542053,0.5538810312747955
mesh_gnn,54,slit_bridge,199,private-source://routeA_experiments/data/final_ood_frozen_v1/slit_bridge/sample_0199.npz,cc6a52511cc16e98c96e4753d529c21a8e0ccbe95013bc0584ae491523d2bb83,0.0014930480101611465,0.04758174812776193,0.412187979606344,0.49764466285705566,0.2189638465642929,0.43440667688846585
mesh_gnn,54,three_hole_asymmetric,0,private-source://routeA_experiments/data/final_ood_frozen_v1/three_hole_asymmetric/sample_0000.npz,76239d9d4cae31805b23350941f6924762ca8e0eb2de53f5e0014a3050004492,0.0015712149906903505,0.05999324353824633,0.5967290050447863,0.6559694409370422,0.22739999592886306,0.5390176050364966
mesh_gnn,54,three_hole_asymmetric,1,private-source://routeA_experiments/data/final_ood_frozen_v1/three_hole_asymmetric/sample_0001.npz,c8138e48b2b5450756ab6ea06ad8018a0f03fd49507fdf70f7602513883c6d79,0.0014777129981666803,0.058806700599378245,0.8678417276386962,0.9221920296549797,0.20705647766590118,0.6192660508677362
mesh_gnn,54,three_hole_asymmetric,2,private-source://routeA_experiments/data/final_ood_frozen_v1/three_hole_asymmetric/sample_0002.npz,8415d3f4052cfa250de2e615b5f135c4cbc51665e9780ba0c740b7bc68b0b8d0,0.0016925609961617738,0.06801465736385837,0.7916439968280582,0.7315170764923096,0.3071013055741787,0.6325472041964525
mesh_gnn,54,three_hole_asymmetric,3,private-source://routeA_experiments/data/final_ood_frozen_v1/three_hole_asymmetric/sample_0003.npz,126883ed7a18270534e81fc020b354d6a09b3d0b37130be0a213f6e3fe3611cf,0.0017441190138924867,0.0875407978630068,0.805816979369119,0.7686519622802734,0.3728419318795204,0.6435669705271718
mesh_gnn,54,three_hole_asymmetric,4,private-source://routeA_experiments/data/final_ood_frozen_v1/three_hole_asymmetric/sample_0004.npz,73fddad29aef7a16eeabb39f9b70e218861d55037c0d2745430816f9076f8b8f,0.0017085559957195073,0.06279301176335207,0.8257767084567367,0.8498534709215164,0.2118623576243408,0.5591673504561175
mesh_gnn,54,three_hole_asymmetric,5,private-source://routeA_experiments/data/final_ood_frozen_v1/three_hole_asymmetric/sample_0005.npz,0cce2a32a88505f1a40318561d466c31de7f2eb63e0449cf3df2f644c64a0108,0.0015187360113486648,0.06570280144238069,0.7543289803722728,0.7682784646749496,0.3125934824347496,0.6494293943047523
mesh_gnn,54,three_hole_asymmetric,6,private-source://routeA_experiments/data/final_ood_frozen_v1/three_hole_asymmetric/sample_0006.npz,05b9798f8cd5b5b832e909e747bb49397a06d4bc8291718bcb52ee39573eb619,0.001666723983362317,0.08284481543904423,0.9390112586655108,0.8894561529159546,0.31450536026386544,0.7084360774606464
mesh_gnn,54,three_hole_asymmetric,7,private-source://routeA_experiments/data/final_ood_frozen_v1/three_hole_asymmetric/sample_0007.npz,6ba61082fc82270f3f31ed8952fcbbd145b31d5361d264f2bd66a5366e0bc340,0.0015727829886600375,0.06019681466306589,0.6553819753973584,0.6416347622871399,0.2408857299014926,0.5107062339782704
mesh_gnn,54,three_hole_asymmetric,8,private-source://routeA_experiments/data/final_ood_frozen_v1/three_hole_asymmetric/sample_0008.npz,853331caeb1b23865ccb78c9a2f431c6c5268c039e4b02388b3e7b2950cb9a7f,0.0016605730052106082,0.07613840055233628,0.8437049559019347,0.8787810578942299,0.33263975754380226,0.747381468862295
mesh_gnn,54,three_hole_asymmetric,9,private-source://routeA_experiments/data/final_ood_frozen_v1/three_hole_asymmetric/sample_0009.npz,9970adef6a8aee3680702738f4b4535ec99d53fd695e57178ef1d947c3890f8c,0.0017777520115487278,0.07004871108866075,0.7116606436296306,0.6866014003753662,0.300265084952116,0.5649455204606053
mesh_gnn,54,three_hole_asymmetric,10,private-source://routeA_experiments/data/final_ood_frozen_v1/three_hole_asymmetric/sample_0010.npz,ca5bef464b218ce33227b66ed886a6d671ca7ebab5b66b551b37435087ee4d86,0.001699715998256579,0.06943708432484036,0.7931009244435651,0.8431505411863327,0.31739622820168734,0.7090396411716929
mesh_gnn,54,three_hole_asymmetric,11,private-source://routeA_experiments/data/final_ood_frozen_v1/three_hole_asymmetric/sample_0011.npz,ed6e65591f32cddee3a621d0a802c4d3ce1e222eac7e0ad7a6d66916367e9015,0.0016507359978277236,0.06077652154194739,0.7682159141303423,0.7893468886613846,0.2024647444486618,0.5917020212858913
mesh_gnn,54,three_hole_asymmetric,12,private-source://routeA_experiments/data/final_ood_frozen_v1/three_hole_asymmetric/sample_0012.npz,81ff39c1f360e63cd187c00763f0e47af4b7b964b23c0036bbcc2118bcfa7335,0.0015008079935796559,0.07355573794787787,0.7999019984205096,0.7922254949808121,0.34220909975556424,0.6348451938480134
mesh_gnn,54,three_hole_asymmetric,13,private-source://routeA_experiments/data/final_ood_frozen_v1/three_hole_asymmetric/sample_0013.npz,7b336e409d0b1be61aa8152652f7727a997afad669670d5dbedef898f8385d62,0.0014996429963503033,0.06222789984119398,0.7693939045179866,0.7985250949859619,0.24847797770053148,0.6007514096796488
mesh_gnn,54,three_hole_asymmetric,14,private-source://routeA_experiments/data/final_ood_frozen_v1/three_hole_asymmetric/sample_0014.npz,14b2727426b78377e48754867160238048d5c11e6a60c8244c17e2f5d349c674,0.0017038269725162536,0.06126277495913441,0.6472416936532168,0.6867030262947083,0.2318380461074412,0.4813209258019907
mesh_gnn,54,three_hole_asymmetric,15,private-source://routeA_experiments/data/final_ood_frozen_v1/three_hole_asymmetric/sample_0015.npz,f1f557f0e4338c64350ec1c2218ae556b5ee258eeeb85ed87e15e06d69e7949f,0.001544277009088546,0.07047552461517505,0.963871087788041,0.9190772771835327,0.2918791444390081,0.6549359548836936
mesh_gnn,54,three_hole_asymmetric,16,private-source://routeA_experiments/data/final_ood_frozen_v1/three_hole_asymmetric/sample_0016.npz,e72396fee8a43a2b8ddefe735291ca8705c65690b680b4a18f84ae974e873213,0.001635969994822517,0.0765617868155597,0.9002089322185288,0.937389399856329,0.30850207433104515,0.6197940986603492
mesh_gnn,54,three_hole_asymmetric,17,private-source://routeA_experiments/data/final_ood_frozen_v1/three_hole_asymmetric/sample_0017.npz,e985edd4b5fd67f0812b23ba168c67faea3aeed38dc497bd3554f7bd6760ce23,0.0015757459914311767,0.0699842758800674,0.8125063612956421,0.739973396062851,0.23136680976313073,0.5798703372478465
mesh_gnn,54,three_hole_asymmetric,18,private-source://routeA_experiments/data/final_ood_frozen_v1/three_hole_asymmetric/sample_0018.npz,822a1ae4756152a1ca58caa1ec6d5f81a08654b749358283fdc1e93ee4e96c05,0.001461126987123862,0.071444290962167,0.6241279783160796,0.6636131405830383,0.30681100487709045,0.5474257126450538
mesh_gnn,54,three_hole_asymmetric,19,private-source://routeA_experiments/data/final_ood_frozen_v1/three_hole_asymmetric/sample_0019.npz,930b0ac62993246d762ab2fade330a6323a28dfa631309dcd025ccc1955464d2,0.0015495760017074645,0.06650764367475251,0.747200807636657,0.7093838155269623,0.31055494397878647,0.5423011787235732
mesh_gnn,54,three_hole_asymmetric,20,private-source://routeA_experiments/data/final_ood_frozen_v1/three_hole_asymmetric/sample_0020.npz,ebe95ab8adce4e5f03a8c032f3f82d5b37362c40745ec8db423913bbcdbc36cc,0.0014514809881802648,0.06614167848563583,0.8715127449705882,0.8524856418371201,0.24200190455303527,0.6216380350291721
mesh_gnn,54,three_hole_asymmetric,21,private-source://routeA_experiments/data/final_ood_frozen_v1/three_hole_asymmetric/sample_0021.npz,54558d7be0dcfa75da26d4b23bc274c3c188b6521dea1d6a7af66329fa9f8251,0.001512140006525442,0.07621174015916997,0.6882630606846792,0.7064778506755829,0.3418337991461158,0.624470117688179
mesh_gnn,54,three_hole_asymmetric,22,private-source://routeA_experiments/data/final_ood_frozen_v1/three_hole_asymmetric/sample_0022.npz,6bdc3c8942ace2076e15642c82251ef4fb1abdcb025262d5cbf4bf8159949c89,0.0016953909944277257,0.06086157376721848,0.7752842880076278,0.7661055624485016,0.23258414771407843,0.6176391668617716
mesh_gnn,54,three_hole_asymmetric,23,private-source://routeA_experiments/data/final_ood_frozen_v1/three_hole_asymmetric/sample_0023.npz,fb7b07378547ca5def525e00c556fd80770b515ccf896b8db2c472e26a09e5de,0.0016682000132277608,0.059816466102855785,1.0541265647361062,0.9184805378317833,0.23811018583364785,0.5260716043412662
mesh_gnn,54,three_hole_asymmetric,24,private-source://routeA_experiments/data/final_ood_frozen_v1/three_hole_asymmetric/sample_0024.npz,2db1bdfbff80836e6a8d01f12b7e3e3ccb933bc7fa29a6c580e28e0a5d564196,0.0016294279776047915,0.06989441467181225,0.7403817180545365,0.8644342049956322,0.35532190557569265,0.7065047055482857
mesh_gnn,54,three_hole_asymmetric,25,private-source://routeA_experiments/data/final_ood_frozen_v1/three_hole_asymmetric/sample_0025.npz,d3dd37382fca909602f329cf5ca0868fdf4906bc68d239b517c7b63904d4d71e,0.0016257940151263028,0.08207716453369752,0.8459321040504137,0.8714762181043625,0.35637593176215887,0.7510361611843104
mesh_gnn,54,three_hole_asymmetric,26,private-source://routeA_experiments/data/final_ood_frozen_v1/three_hole_asymmetric/sample_0026.npz,ab2b827142dff4076d7ccc83b71215ae118cd4367f57c2e1f1a596a261244546,0.0016647620068397373,0.07221636488756793,0.7380050748472632,0.8424865752458572,0.3422992592677474,0.6842001363635063
mesh_gnn,54,three_hole_asymmetric,27,private-source://routeA_experiments/data/final_ood_frozen_v1/three_hole_asymmetric/sample_0027.npz,502e0384dcc52c88b8d7686ef96396b3cb52f6aaceef7f024eb2b099d1a4007a,0.001503848994616419,0.06270193455756791,1.0613513902660379,0.9562230333685875,0.19848699513568135,0.7522066276520479
mesh_gnn,54,three_hole_asymmetric,28,private-source://routeA_experiments/data/final_ood_frozen_v1/three_hole_asymmetric/sample_0028.npz,9350fce83bcaffdab0c4c8e8d9620ad9255df6368a78acb778f31f6d4d74c766,0.0016211649926844984,0.0651467850518812,0.8970846720773914,0.9061665162444115,0.2783196223899722,0.6423028044402597
mesh_gnn,54,three_hole_asymmetric,29,private-source://routeA_experiments/data/final_ood_frozen_v1/three_hole_asymmetric/sample_0029.npz,f5870c4d60ab26a07f238eaa0997f6136bebb56604eb5c97e4b9a2fda2f9dc4e,0.0015867949987296015,0.06694084049734436,0.49689864216025637,0.5789735913276672,0.26538171619176865,0.45726554691791527
mesh_gnn,54,three_hole_asymmetric,30,private-source://routeA_experiments/data/final_ood_frozen_v1/three_hole_asymmetric/sample_0030.npz,6fd7dea4e1eb48c71994c0c450b08928f5ea2504ed659d879044b9b6c1644f3b,0.0014584099990315735,0.052752977295366245,0.8314143245689064,0.8150495141744614,0.15810081479139626,0.6061446629464614
mesh_gnn,54,three_hole_asymmetric,31,private-source://routeA_experiments/data/final_ood_frozen_v1/three_hole_asymmetric/sample_0031.npz,4ba2ed02c426f61c1986b2240ee86afd7314ebbbe8b539e56f9600ba0cbbc1d6,0.0014587889891117811,0.06577708185442117,0.8461849023050287,0.8716746270656586,0.26200936175882816,0.6202700588852167
mesh_gnn,54,three_hole_asymmetric,32,private-source://routeA_experiments/data/final_ood_frozen_v1/three_hole_asymmetric/sample_0032.npz,19561acd47d971095affbf1d7482c2543969e7efe2e017cce9662594c2409591,0.001461178995668888,0.06476689531903639,0.7717726658184034,0.7478192299604416,0.24387163209030405,0.523867748677729
mesh_gnn,54,three_hole_asymmetric,33,private-source://routeA_experiments/data/final_ood_frozen_v1/three_hole_asymmetric/sample_0033.npz,299a816b59d1641a415a05ef717681b17573aad62ca3c0dc9711e90793f0d5b1,0.0014108949981164187,0.0740065225041434,0.9035685179364851,0.893993653357029,0.3045901209115982,0.6600204225629558
mesh_gnn,54,three_hole_asymmetric,34,private-source://routeA_experiments/data/final_ood_frozen_v1/three_hole_asymmetric/sample_0034.npz,d9c1345372b974ce89c979d52478ef6d491162f017535e9466a777f808423d7d,0.0014616539992857724,0.06102082666300184,0.6539209720507946,0.739353284239769,0.22886842989828438,0.5163464151322833
mesh_gnn,54,three_hole_asymmetric,35,private-source://routeA_experiments/data/final_ood_frozen_v1/three_hole_asymmetric/sample_0035.npz,bbc5468f3342befdbe4e2f23d133af48d348c7ec0465af4103305de397fa0309,0.0014874380140099674,0.06459604207575088,0.6864949496817636,0.7050252854824066,0.3092353381216526,0.6024808570742605
mesh_gnn,54,three_hole_asymmetric,36,private-source://routeA_experiments/data/final_ood_frozen_v1/three_hole_asymmetric/sample_0036.npz,f42f3b5b47bedfb758af7282d3853313d2f8cd91228aa5ad8456fe5f4ab773e7,0.0014587990008294582,0.06998796266945287,0.6039738609010529,0.6535771191120148,0.3160877674818039,0.5863584600389001
mesh_gnn,54,three_hole_asymmetric,37,private-source://routeA_experiments/data/final_ood_frozen_v1/three_hole_asymmetric/sample_0037.npz,70b02216f9922d40a0913ae98c1656101a148ee3d0036600db73f132e9e21930,0.0013702060095965862,0.07132945060799503,0.8112550836254127,0.8708157390356064,0.32452424662187696,0.6858630865812283
mesh_gnn,54,three_hole_asymmetric,38,private-source://routeA_experiments/data/final_ood_frozen_v1/three_hole_asymmetric/sample_0038.npz,fa7d466e58601cc7ae42f28b80b74fe105c87c60ec45af33a67b9404e69917f3,0.0016315399843733758,0.06894069023667736,0.6778323574891857,0.7593947201967239,0.3642419259995222,0.6383037112653254
mesh_gnn,54,three_hole_asymmetric,39,private-source://routeA_experiments/data/final_ood_frozen_v1/three_hole_asymmetric/sample_0039.npz,6729ed9a2fcaa8077240d781da78727ef103709fb74147547087f09e654d3eeb,0.0015325220010709018,0.05521723267118251,0.5773025955097192,0.6936330795288086,0.2398792952299118,0.4758496001362799
mesh_gnn,54,three_hole_asymmetric,40,private-source://routeA_experiments/data/final_ood_frozen_v1/three_hole_asymmetric/sample_0040.npz,4dc1b2b4a3bf9267ac51874c458885168a31fd1142276944c4d12ad9b44e5100,0.0017023459949996322,0.0725594639931837,0.9064045750055533,0.8926918730139732,0.312927957624197,0.7386644095182409
mesh_gnn,54,three_hole_asymmetric,41,private-source://routeA_experiments/data/final_ood_frozen_v1/three_hole_asymmetric/sample_0041.npz,1b3c5a766f7f80111c7c5b2d1e785760caa4ac76416598c810f62f378e2dbb64,0.0016113230085466057,0.07825074339399973,0.916633181452398,0.8772789239883423,0.32853639917448163,0.6511182412505145
mesh_gnn,54,three_hole_asymmetric,42,private-source://routeA_experiments/data/final_ood_frozen_v1/three_hole_asymmetric/sample_0042.npz,71baba454d946efdf1ed77d43d057be7b5cb937b31204d3f9a34e5b759e1f944,0.001628496975172311,0.05908795291606872,0.5520150358651575,0.5855062901973724,0.26928840205073357,0.47038190811872466
mesh_gnn,54,three_hole_asymmetric,43,private-source://routeA_experiments/data/final_ood_frozen_v1/three_hole_asymmetric/sample_0043.npz,2ede2163e09a9b392d4845b6523de16898b67b651acecab632146f022bcfc1f4,0.0017546119925100356,0.06304504379754708,0.651785053250275,0.6431104838848114,0.24167924746870995,0.4934362366795537
mesh_gnn,54,three_hole_asymmetric,44,private-source://routeA_experiments/data/final_ood_frozen_v1/three_hole_asymmetric/sample_0044.npz,752790623dc514ac3a960bd67bd0cc3d73c861a4598060b92da04b2669e579d1,0.0013678509858436882,0.06979855904767648,1.0881208418677328,0.9543629549443722,0.28547159617301077,0.6352404011413454
mesh_gnn,54,three_hole_asymmetric,45,private-source://routeA_experiments/data/final_ood_frozen_v1/three_hole_asymmetric/sample_0045.npz,f93c887a4af2aa5861e233d5e8c99ba90ed0d24be1f48007e736b60f2d82baa0,0.0017829549906309694,0.05694745032972161,0.8392370453899812,0.8566197007894516,0.19073599576950073,0.5440187260508537
mesh_gnn,54,three_hole_asymmetric,46,private-source://routeA_experiments/data/final_ood_frozen_v1/three_hole_asymmetric/sample_0046.npz,7d5d9a6e64d8ae8a1e9c7319dfb573f33de06eedee213c902c4b6812faa42d0f,0.0016503450169693679,0.08457675015037373,1.1172303246003943,0.9430717043578625,0.33300436520949006,0.7585617952048767
mesh_gnn,54,three_hole_asymmetric,47,private-source://routeA_experiments/data/final_ood_frozen_v1/three_hole_asymmetric/sample_0047.npz,95e07fc5463827a0ac7d058d0e1aeb9765b781fcc9901e3615d3cde6d0c42f72,0.0014654949773102999,0.07566368190992592,0.627116179118126,0.5360124707221985,0.3274632170214318,0.4620044156908984
mesh_gnn,54,three_hole_asymmetric,48,private-source://routeA_experiments/data/final_ood_frozen_v1/three_hole_asymmetric/sample_0048.npz,741a820e5ca03d114c8d4ed90e51db19c9ac4733b4f826ec2ddcc36cdcac9b62,0.0014994849916547537,0.06452531402155604,0.5197231859404371,0.6394793540239334,0.2657524459064007,0.4604664176702497
mesh_gnn,54,three_hole_asymmetric,49,private-source://routeA_experiments/data/final_ood_frozen_v1/three_hole_asymmetric/sample_0049.npz,9317a9055bfd4093fea4ae0bf2d7e1d3d9c8669629d159a06ce9f1c11ad7714e,0.0017149329942185432,0.06277139317196026,0.7453284466437845,0.6506830006837845,0.2592264208942652,0.5244372878223653
mesh_gnn,54,three_hole_asymmetric,50,private-source://routeA_experiments/data/final_ood_frozen_v1/three_hole_asymmetric/sample_0050.npz,88a36cb1ba6df1b25c02998dd5f645924a13a886bbdfd8571e6f74a10d39880a,0.001698331005172804,0.07050964939308015,0.87204959085243,0.8949882909655571,0.22621048241853714,0.7264690380543459
mesh_gnn,54,three_hole_asymmetric,51,private-source://routeA_experiments/data/final_ood_frozen_v1/three_hole_asymmetric/sample_0051.npz,4d85c5da827c71859348f936a1bae9663c3aa6086f7d0a08035af48235a64ac0,0.0013626650033984333,0.06146482843863431,0.8549010742875689,0.8852304741740227,0.20213117625098675,0.6996525283902878
mesh_gnn,54,three_hole_asymmetric,52,private-source://routeA_experiments/data/final_ood_frozen_v1/three_hole_asymmetric/sample_0052.npz,89347f4a5c2576ca481b684f9f7a77f38b7ae53c4ffdc77eeb307666b58e7af9,0.001500855985796079,0.06968842212841349,0.842866221150238,0.8728656023740768,0.30970028787851334,0.6901085302233696
mesh_gnn,54,three_hole_asymmetric,53,private-source://routeA_experiments/data/final_ood_frozen_v1/three_hole_asymmetric/sample_0053.npz,68b58c6932346fa5b469420b06037edb861502f1184f5455c6a69240285d7df0,0.0017928400193341076,0.054873024256008825,0.5637587584364423,0.5803269743919373,0.22946224361658096,0.4752645298838615
mesh_gnn,54,three_hole_asymmetric,54,private-source://routeA_experiments/data/final_ood_frozen_v1/three_hole_asymmetric/sample_0054.npz,8a3d74a7607b5928b4762b9ca74c6b9275b177ed92746be0574f4816d05444cd,0.0017119119875133038,0.07198533423117505,0.8912474043456408,0.8565099239349365,0.276566912420094,0.7077861439436671
mesh_gnn,54,three_hole_asymmetric,55,private-source://routeA_experiments/data/final_ood_frozen_v1/three_hole_asymmetric/sample_0055.npz,35e8e631f17a95d6289143b7bc8633f62ae4fcbfedd60929228f07fdfb4340db,0.0016623029951006174,0.07194190371413166,0.9295519839851191,0.8985279127955437,0.2749239606782794,0.6978180892765521
mesh_gnn,54,three_hole_asymmetric,56,private-source://routeA_experiments/data/final_ood_frozen_v1/three_hole_asymmetric/sample_0056.npz,445a3665a73f0ceaa2ced3d30b7da490d69d77b0d8a04d8eeb849db3eed04dd1,0.0018349949968978763,0.05660420689125905,0.6931525473544343,0.7640770077705383,0.20507388841360807,0.5678727459162469
mesh_gnn,54,three_hole_asymmetric,57,private-source://routeA_experiments/data/final_ood_frozen_v1/three_hole_asymmetric/sample_0057.npz,e6cd4f4e82b85801bd6e1f55cd798f136d06cef8b5699b3b132aae856fc4f8c6,0.0015258729981724173,0.07562355244460915,0.7861833519080625,0.8151584565639496,0.33422729931771755,0.69861718788743
mesh_gnn,54,three_hole_asymmetric,58,private-source://routeA_experiments/data/final_ood_frozen_v1/three_hole_asymmetric/sample_0058.npz,cd8c02f16d5cb5b76ccf7d1ec24d90c99eadd3a3beb517f14abd993c4185db88,0.0017028930014930665,0.06036759811655817,0.5356279169430477,0.5157110691070557,0.23598952870815992,0.43358993679285035
mesh_gnn,54,three_hole_asymmetric,59,private-source://routeA_experiments/data/final_ood_frozen_v1/three_hole_asymmetric/sample_0059.npz,8b2f19de3b7d84f2e94fee0e2534974e7bb4e568d67f3a1c9928750c5d681d54,0.0013375949929468334,0.061375436218996986,0.4443561197424776,0.4030861258506775,0.21372391656041145,0.3306841135025023
mesh_gnn,54,three_hole_asymmetric,60,private-source://routeA_experiments/data/final_ood_frozen_v1/three_hole_asymmetric/sample_0060.npz,9a762eaafc0ad4943d42da4f1c2f1324b21b6ee9e3faaf6bd0e21961c2c74f37,0.0014401930093299598,0.07448085226934568,0.8672475496747596,0.8280142098665237,0.2813695123477373,0.6664221368730063
mesh_gnn,54,three_hole_asymmetric,61,private-source://routeA_experiments/data/final_ood_frozen_v1/three_hole_asymmetric/sample_0061.npz,f363192d56ff237222c6af805a0435cdace76f73899372ae7a684b627192c2cf,0.0014353249862324446,0.04987555513540607,0.6222373091524646,0.6937435865402222,0.24713349156081676,0.5673885382711882
mesh_gnn,54,three_hole_asymmetric,62,private-source://routeA_experiments/data/final_ood_frozen_v1/three_hole_asymmetric/sample_0062.npz,2f26a4605d7e2c878f5be76227c29d3c349d949c85a3fd078ad080cee6cfff90,0.0014300309994723648,0.07167104656448856,0.7718395117048478,0.8562507852911949,0.32426973059773445,0.6710923068225381
mesh_gnn,54,three_hole_asymmetric,63,private-source://routeA_experiments/data/final_ood_frozen_v1/three_hole_asymmetric/sample_0063.npz,17c7bdafaf1ee584c9e013fbb7431229a839fea3282cdae21417ce64c07803f3,0.0015263320237863809,0.06324810840053227,0.6040388778207113,0.6264658570289612,0.23966553062200546,0.5073457866907114
mesh_gnn,54,three_hole_asymmetric,64,private-source://routeA_experiments/data/final_ood_frozen_v1/three_hole_asymmetric/sample_0064.npz,793cbf94a8f0ee09dd55e7baf6508b26cc685f59f0c6758686e2412286c50e95,0.001552050991449505,0.06687151998742216,0.5861512379462815,0.7508654743432999,0.2869245372712612,0.5617734707891939
mesh_gnn,54,three_hole_asymmetric,65,private-source://routeA_experiments/data/final_ood_frozen_v1/three_hole_asymmetric/sample_0065.npz,1a010370114984ac96012fd00665935431ad026ab4d7339462e9ede18dcde1d9,0.0015023600135464221,0.0667327620813389,0.7700784728875029,0.8431375324726105,0.22962175938300788,0.5575215220451345
mesh_gnn,54,three_hole_asymmetric,66,private-source://routeA_experiments/data/final_ood_frozen_v1/three_hole_asymmetric/sample_0066.npz,b4fb5ef8fe25b228082cf73d25bf64834fc6a386885f1003e912cc5461f36d56,0.0015160629991441965,0.07282054173284136,0.8832093184134975,0.8591222763061523,0.32259294018149376,0.6954082421958445
mesh_gnn,54,three_hole_asymmetric,67,private-source://routeA_experiments/data/final_ood_frozen_v1/three_hole_asymmetric/sample_0067.npz,9966203f8926dbc05a509af06ae061895e57e0716bd5f4d7fbf1f94ef0a45954,0.0016610049933660775,0.06768086371422001,0.8088095581821226,0.7089775502681732,0.3027297593653202,0.5625402830541131
mesh_gnn,54,three_hole_asymmetric,68,private-source://routeA_experiments/data/final_ood_frozen_v1/three_hole_asymmetric/sample_0068.npz,3441c1ef60f7fd85c99941996ff1e1187f19859561c6ad1e959ad510a070dfcb,0.0015509110235143453,0.07752780247052252,0.9156111888083124,0.914890319108963,0.33238188922405243,0.7732942342758162
mesh_gnn,54,three_hole_asymmetric,69,private-source://routeA_experiments/data/final_ood_frozen_v1/three_hole_asymmetric/sample_0069.npz,957b4c4b2aca791503277fca2b6d349af9cb542bc497b1dfb5a2641ef5e16b1e,0.0016326150216627866,0.08199951515634005,0.8891394630073983,0.9399398975074291,0.36473157815635204,0.7359336581081148
mesh_gnn,54,three_hole_asymmetric,70,private-source://routeA_experiments/data/final_ood_frozen_v1/three_hole_asymmetric/sample_0070.npz,bf042f87f987b456925f37ee22c985a855b18b686770e5b97a394d3c0c2acbe6,0.0014356650062836707,0.0708580150435833,0.865083527522586,0.8632763251662254,0.3367364164441824,0.6922888997942206
mesh_gnn,54,three_hole_asymmetric,71,private-source://routeA_experiments/data/final_ood_frozen_v1/three_hole_asymmetric/sample_0071.npz,d8ecc3806b2dd2950185d128052672533a7ecff47ea474de8708ce8b3e391105,0.0014706660003867,0.050216834518231696,0.7658230982750519,0.832542210817337,0.15063730627298355,0.541363894939421
mesh_gnn,54,three_hole_asymmetric,72,private-source://routeA_experiments/data/final_ood_frozen_v1/three_hole_asymmetric/sample_0072.npz,6fb1d638377a02897f21ad9678d3a93e1ed734ef1ade5a6f69a1c16b0d92646b,0.0015661040088161826,0.06058965656922866,0.883767655670949,0.9012465998530388,0.24553690338507295,0.6183079794049257
mesh_gnn,54,three_hole_asymmetric,73,private-source://routeA_experiments/data/final_ood_frozen_v1/three_hole_asymmetric/sample_0073.npz,aa1f55a954bf5a5a2a0fc55c80c60d0c6c3bcfed40697329e85d1f1150b3beb1,0.0015756770153529942,0.06739316626794797,0.8193671973142751,0.8532831966876984,0.2450469471514225,0.6084350485354659
mesh_gnn,54,three_hole_asymmetric,74,private-source://routeA_experiments/data/final_ood_frozen_v1/three_hole_asymmetric/sample_0074.npz,7efa7bbcf05970d90ea88b07b297960e2591bdf9454367d39202dd0eea0baf1c,0.0015289389993995428,0.055670326327625905,0.8191012953077208,0.8232820928096771,0.19914571940898895,0.6474506612867116
mesh_gnn,54,three_hole_asymmetric,75,private-source://routeA_experiments/data/final_ood_frozen_v1/three_hole_asymmetric/sample_0075.npz,797d1d48df61dcc794ea9c42bd7cbe3fb5904ac3207e4c22d07fd98d6cba6889,0.0014732859854120761,0.0762453939537504,0.7477210449906048,0.7620868235826492,0.3118305802345276,0.6322519525885579
mesh_gnn,54,three_hole_asymmetric,76,private-source://routeA_experiments/data/final_ood_frozen_v1/three_hole_asymmetric/sample_0076.npz,ed8628f781c6e4e0f944c54b129e12897361e0950bc2b545bb2c4111835b1aa3,0.0015396460075862706,0.06658055924806819,0.8982699037988545,0.8277812302112579,0.2695712950080633,0.6093533631414159
mesh_gnn,54,three_hole_asymmetric,77,private-source://routeA_experiments/data/final_ood_frozen_v1/three_hole_asymmetric/sample_0077.npz,e1e3d0aa07a5e03fbc7d7cd2e5822d6d019cc78a74b2a133771301fca0c23ab6,0.0015045299951452762,0.07440655552636735,0.685037339547845,0.8028967529535294,0.34019333124160767,0.6731731537729497
mesh_gnn,54,three_hole_asymmetric,78,private-source://routeA_experiments/data/final_ood_frozen_v1/three_hole_asymmetric/sample_0078.npz,b8c9c9f9a9d7c2106857e098ccf52a7ed33b76dda547cbe28fa76263b27cde39,0.0013505809765774757,0.07442254711336573,0.803415013957771,0.7838269472122192,0.3537522984261159,0.5954167984426021
mesh_gnn,54,three_hole_asymmetric,79,private-source://routeA_experiments/data/final_ood_frozen_v1/three_hole_asymmetric/sample_0079.npz,6600329ca06c105c508bd49db109ca5aa0861398ccd222389fac3dd5f02b058c,0.001834113005315885,0.07092314108835356,0.9923522133110119,0.8269374072551727,0.28138247202150524,0.6157252807170137
mesh_gnn,54,three_hole_asymmetric,80,private-source://routeA_experiments/data/final_ood_frozen_v1/three_hole_asymmetric/sample_0080.npz,ffbc158abeb51a4eb3928201634706c040d340dabbe33426cdc7b7127fe13543,0.0016719260020181537,0.05785940063997475,0.6663835620207539,0.6213017404079437,0.25117890536785126,0.48451323732733576
mesh_gnn,54,three_hole_asymmetric,81,private-source://routeA_experiments/data/final_ood_frozen_v1/three_hole_asymmetric/sample_0081.npz,a87e60b7c7797fddf37237be730cdc9809205a80b44cb6b2262de1a6d7645693,0.0016644509742036462,0.0680342205079537,0.8966708135943727,0.92691720277071,0.3323653759434819,0.676937046460806
mesh_gnn,54,three_hole_asymmetric,82,private-source://routeA_experiments/data/final_ood_frozen_v1/three_hole_asymmetric/sample_0082.npz,067daeb253b7553c2df8a4b49429eea3aa5169264dc4c11e08a931320e7ddff4,0.0014937050000298768,0.05259382153776662,0.6000425012005218,0.6729625761508942,0.24094745889306068,0.45622647479176504
mesh_gnn,54,three_hole_asymmetric,83,private-source://routeA_experiments/data/final_ood_frozen_v1/three_hole_asymmetric/sample_0083.npz,f1d60eebc050728f5777b4668048e76d34dee796f6835ce90e1158999fa44fd4,0.0016676739905960858,0.06495816682199498,0.8813148133160834,0.8778262212872505,0.2635870296508074,0.7041590314358468
mesh_gnn,54,three_hole_asymmetric,84,private-source://routeA_experiments/data/final_ood_frozen_v1/three_hole_asymmetric/sample_0084.npz,412d7cf0b8e7473beabae2d73d6f51672f2e2290c5eb4f6594fefd3da8d64992,0.00171054300153628,0.07016891056964152,0.7919229275438829,0.8179083317518234,0.3445241618901491,0.7120871111750602
mesh_gnn,54,three_hole_asymmetric,85,private-source://routeA_experiments/data/final_ood_frozen_v1/three_hole_asymmetric/sample_0085.npz,254ac982dfb840962b732a7f58d26007ad7175788b3d22740ac1a0de93037713,0.001537879987154156,0.05452509380556687,0.5371989192077117,0.5040984451770782,0.2947666123509407,0.4205880787223574
mesh_gnn,54,three_hole_asymmetric,86,private-source://routeA_experiments/data/final_ood_frozen_v1/three_hole_asymmetric/sample_0086.npz,c521fb24ed492b9981db7f659459473625677c7b0d7e4c9095384fc6551b4657,0.0014748079993296415,0.06883129990792551,1.1043714537361704,0.9349735304713249,0.24361359723843634,0.6318794470280388
mesh_gnn,54,three_hole_asymmetric,87,private-source://routeA_experiments/data/final_ood_frozen_v1/three_hole_asymmetric/sample_0087.npz,7946973bee1306c79f4c36bb2e32fb4b5c210f4c5eee0944367ba30e9fdd9e31,0.0016208149900194257,0.0573697336840593,0.684353305534705,0.8475933372974396,0.1930792643688619,0.5563395597040641
mesh_gnn,54,three_hole_asymmetric,88,private-source://routeA_experiments/data/final_ood_frozen_v1/three_hole_asymmetric/sample_0088.npz,11f5514ff6bbacbe263aded7875193bf5aad8a00011357f6c74f2f464c5b23a1,0.001465765992179513,0.059872868229538426,0.48739128376085367,0.4757196754217148,0.23404022306203842,0.3429297909140586
mesh_gnn,54,three_hole_asymmetric,89,private-source://routeA_experiments/data/final_ood_frozen_v1/three_hole_asymmetric/sample_0089.npz,a61b51e0b645bb67e96064efeeb018bd2d7b048c8350145b4efca94cd3cced4a,0.0015396809903904796,0.06817536047051859,0.6975917615088812,0.7970137894153595,0.33376799151301384,0.7032269537448882
mesh_gnn,54,three_hole_asymmetric,90,private-source://routeA_experiments/data/final_ood_frozen_v1/three_hole_asymmetric/sample_0090.npz,f238f1b73bfe633977814f4ee8efd7678f1da09cdadc96667ab86b42fd9c84b8,0.0014577230031136423,0.08005635226824227,0.9687693833267418,0.9262106493115425,0.32971548607747536,0.7246476180851457
mesh_gnn,54,three_hole_asymmetric,91,private-source://routeA_experiments/data/final_ood_frozen_v1/three_hole_asymmetric/sample_0091.npz,908dee8055af09e682db2290282512110ad8b8134b5a3c698b0b1e27d1298733,0.0014324669900815934,0.0554980173660739,0.5512634881463686,0.6363536417484283,0.2285313494503498,0.450434273481369
mesh_gnn,54,three_hole_asymmetric,92,private-source://routeA_experiments/data/final_ood_frozen_v1/three_hole_asymmetric/sample_0092.npz,235f3d7bb93d6ff69897dc532f9c0175c97fc98f43fc1a6c18061f36b3b6c3ef,0.0016640760004520416,0.07277495596336286,0.660533965410375,0.7263022512197495,0.3555742874741554,0.5659382916986934
mesh_gnn,54,three_hole_asymmetric,93,private-source://routeA_experiments/data/final_ood_frozen_v1/three_hole_asymmetric/sample_0093.npz,a7d0da11a92287a27a4a6c11ca702f3f2f17ff721a0f0279d690f8abf94252be,0.001462068990804255,0.04824783154187746,0.5781239517594119,0.5717846155166626,0.25755001977086067,0.4805586021393536
mesh_gnn,54,three_hole_asymmetric,94,private-source://routeA_experiments/data/final_ood_frozen_v1/three_hole_asymmetric/sample_0094.npz,d0aa584876f99691aeeb8026d5ead955e7cc17621019a851ef37a13edaf58971,0.0014593479863833636,0.07062461967492531,0.8125637808558724,0.8524767607450485,0.3128861542791128,0.660352113097906
mesh_gnn,54,three_hole_asymmetric,95,private-source://routeA_experiments/data/final_ood_frozen_v1/three_hole_asymmetric/sample_0095.npz,d203d6745345a12b29597ac2d26caea89ab17bb23083688666fb462296530e05,0.0014012900064699352,0.06509034234690261,0.7138979473325874,0.7377154678106308,0.2361183539032936,0.5965958185493945
mesh_gnn,54,three_hole_asymmetric,96,private-source://routeA_experiments/data/final_ood_frozen_v1/three_hole_asymmetric/sample_0096.npz,78f0808d535501b8d16b5386431081df41fe126d96ffeb5bfc34b71693bd5714,0.001429033000022173,0.06948297177954299,0.9179975649875749,0.9274181723594666,0.2936276588588953,0.6535039965063331
mesh_gnn,54,three_hole_asymmetric,97,private-source://routeA_experiments/data/final_ood_frozen_v1/three_hole_asymmetric/sample_0097.npz,a19b074a2ef168ce2028edf5abd4394ddadac3e42eb7badae29852dcd87b8c01,0.0014648249780293554,0.0703203517252927,0.8467439377910381,0.8432493060827255,0.3224304849281907,0.7232490938156836
mesh_gnn,54,three_hole_asymmetric,98,private-source://routeA_experiments/data/final_ood_frozen_v1/three_hole_asymmetric/sample_0098.npz,e628a052cb301d1ccddc36abc3e756605d05d755311cc580cb8638d0283e8a28,0.0014691929973196238,0.07094575901323291,0.8668092215282147,0.8615042716264725,0.27372690360061824,0.664801644906401
mesh_gnn,54,three_hole_asymmetric,99,private-source://routeA_experiments/data/final_ood_frozen_v1/three_hole_asymmetric/sample_0099.npz,c4c58ccc92851ab150fbcfb7929b45da22b8f4be00f48239dbac5a4033fb8247,0.0014823449891991913,0.061441588780999215,0.780766434414987,0.808618038892746,0.2775311227887869,0.6914880879223331
mesh_gnn,54,three_hole_asymmetric,100,private-source://routeA_experiments/data/final_ood_frozen_v1/three_hole_asymmetric/sample_0100.npz,7735aa807c0bade0596ab7163387935e7d8a6420ea91ac0b71468f037f55c595,0.0016590339946560562,0.05176591726958415,0.39703414348724064,0.44006526470184326,0.17411964759230614,0.28458185642957673
mesh_gnn,54,three_hole_asymmetric,101,private-source://routeA_experiments/data/final_ood_frozen_v1/three_hole_asymmetric/sample_0101.npz,50903f9da861e8e4b8d2ee84d0c4eea498c76f1b91f5cc6b26cca7661f51f13b,0.0014673679834231734,0.080630267233327,0.9773064701251191,0.8863221779465675,0.30059244291624054,0.698621205985546
mesh_gnn,54,three_hole_asymmetric,102,private-source://routeA_experiments/data/final_ood_frozen_v1/three_hole_asymmetric/sample_0102.npz,393185e3a3667ce8030757bd68d94410eee1772700c16b445a0af74c993e2d3e,0.0015537469880655408,0.07820165493210861,1.0442213845643022,0.9329865202307701,0.2986913453787565,0.7194983620196573
mesh_gnn,54,three_hole_asymmetric,103,private-source://routeA_experiments/data/final_ood_frozen_v1/three_hole_asymmetric/sample_0103.npz,d8e3e01787f23ef6a1dabb9edf23da79e0637aeb7fd538143355fccbedc02bc1,0.001339625014225021,0.0723846270775389,0.5834455138044023,0.5900321304798126,0.2970057278871536,0.4971024263650177
mesh_gnn,54,three_hole_asymmetric,104,private-source://routeA_experiments/data/final_ood_frozen_v1/three_hole_asymmetric/sample_0104.npz,d6cc18e29b7582dec1b5602f9fa8218e7d40d0e0ed08552c1d6acc779fc36a17,0.0014746139931958169,0.06492180963642892,0.9442478030929332,0.9170684590935707,0.24998029333073646,0.7913619976490721
mesh_gnn,54,three_hole_asymmetric,105,private-source://routeA_experiments/data/final_ood_frozen_v1/three_hole_asymmetric/sample_0105.npz,35bd0c998f7436861f71be50f8aba64a3461c822cf292b3e6694660f55a3b0f1,0.0014994049852248281,0.06641186137108723,0.5554279455082847,0.6871375739574432,0.27706486359238625,0.498929202556609
mesh_gnn,54,three_hole_asymmetric,106,private-source://routeA_experiments/data/final_ood_frozen_v1/three_hole_asymmetric/sample_0106.npz,6888edd52db8cf29388af634eedf7f9be35793c07c18644b7f86f8a441acc780,0.001508968009147793,0.058780489809285706,0.5856225051958317,0.611511766910553,0.22716666385531425,0.46160623878240564
mesh_gnn,54,three_hole_asymmetric,107,private-source://routeA_experiments/data/final_ood_frozen_v1/three_hole_asymmetric/sample_0107.npz,40b2ef1f23b501bfde64a13fe7258035909f0d78e1d54eb6e1443c804305ecf4,0.0016367869975510985,0.06506428523772965,1.142589770574583,0.9608763419091702,0.22630038170609623,0.5634818409103889
mesh_gnn,54,three_hole_asymmetric,108,private-source://routeA_experiments/data/final_ood_frozen_v1/three_hole_asymmetric/sample_0108.npz,79b8dfa34c2b35a10fea27f09a0f9f798b0367fc5192ed59d1361f1b53799bdd,0.0016709520132280886,0.07990020949836324,0.9735942386473415,0.918425902724266,0.35062878020107746,0.6779102813452478
mesh_gnn,54,three_hole_asymmetric,109,private-source://routeA_experiments/data/final_ood_frozen_v1/three_hole_asymmetric/sample_0109.npz,8ce37dd8adb5cefec81dbd0f448aa24fd957fd04fe733656a07aef732c8cc2eb,0.0017493810155428946,0.05277845027407719,0.46532851922551766,0.4555240273475647,0.23239661194384098,0.33336418718099586
mesh_gnn,54,three_hole_asymmetric,110,private-source://routeA_experiments/data/final_ood_frozen_v1/three_hole_asymmetric/sample_0110.npz,4f2615c8cb85f9158644a5c730014c3884dbecc44b41e4c6525efb9d86c8caf8,0.0017127010214608163,0.07489386371201825,0.9813045349701358,0.9154015332460403,0.3384008905850351,0.7845088344067335
mesh_gnn,54,three_hole_asymmetric,111,private-source://routeA_experiments/data/final_ood_frozen_v1/three_hole_asymmetric/sample_0111.npz,0935578871a0f3a49acfc526c2f37c216dd91c68bd2a8bfb1b536326e94f5a44,0.001652337989071384,0.060518241597861365,1.0052650503273055,0.9164228960871696,0.2136893980205059,0.5163166642189011
mesh_gnn,54,three_hole_asymmetric,112,private-source://routeA_experiments/data/final_ood_frozen_v1/three_hole_asymmetric/sample_0112.npz,75f3066ea740d92e454646a086e63a485bf69922e759ad6ffeae0e0cb87dfaa8,0.0014768510009162128,0.08539222028420623,0.9096572134740312,0.9137767106294632,0.32791821379214525,0.7449797313660377
mesh_gnn,54,three_hole_asymmetric,113,private-source://routeA_experiments/data/final_ood_frozen_v1/three_hole_asymmetric/sample_0113.npz,e697a839e7548feb3a5b14360c3973b92e38a87052d3b7365b32a7cd0a753191,0.0013925129896961153,0.06250886423249323,0.6096209448047897,0.6520535051822662,0.2829313166439533,0.5111496515572068
mesh_gnn,54,three_hole_asymmetric,114,private-source://routeA_experiments/data/final_ood_frozen_v1/three_hole_asymmetric/sample_0114.npz,7afaaf3601e6ed30886241051a0637c969fab4fdc7321968e3389ce030c7486a,0.0015591559931635857,0.06560202041359428,0.6375707752575038,0.6124792695045471,0.33957123197615147,0.5330342926084992
mesh_gnn,54,three_hole_asymmetric,115,private-source://routeA_experiments/data/final_ood_frozen_v1/three_hole_asymmetric/sample_0115.npz,c61c1f6680ef22cfbb61c3b59a74537ff91a7a97eefe05a24d1215c5eff14175,0.0014947509916964918,0.07020394063647634,0.8293166801130296,0.8223742991685867,0.3154964689165354,0.6446605481207369
mesh_gnn,54,three_hole_asymmetric,116,private-source://routeA_experiments/data/final_ood_frozen_v1/three_hole_asymmetric/sample_0116.npz,9630b36b29d980654e8e8af10a050b5b22f9036bbc0eaf53ddfff402e0574e30,0.0014486769796349108,0.08332792990414074,0.9570795080632608,0.8733596950769424,0.3436757442250382,0.7320508182048797
mesh_gnn,54,three_hole_asymmetric,117,private-source://routeA_experiments/data/final_ood_frozen_v1/three_hole_asymmetric/sample_0117.npz,d3d1cc5eb6165ce5dd1eb46f3b7422b7a91b41002dd8e244fb5807270ef54ae0,0.0018305980192963034,0.06543642199298097,1.0586419631695003,0.9224229976534843,0.2905620700767031,0.6208439771085972
mesh_gnn,54,three_hole_asymmetric,118,private-source://routeA_experiments/data/final_ood_frozen_v1/three_hole_asymmetric/sample_0118.npz,8e2be99501a03f3deba60278c03b5af400416cb985c121c2fa7d7d7827ff8328,0.0016675170045346022,0.06469400129039198,0.7704801232933488,0.8644799739122391,0.29928310215473175,0.6022883012890813
mesh_gnn,54,three_hole_asymmetric,119,private-source://routeA_experiments/data/final_ood_frozen_v1/three_hole_asymmetric/sample_0119.npz,a47277e2b3beb0d89ef7b03bc2d99a8b043b3ba5b66636730dd832240fb5bf67,0.0015013660013210028,0.07333819449903346,0.8650172671442792,0.908975400030613,0.3128491797251627,0.7154371485114082
mesh_gnn,54,three_hole_asymmetric,120,private-source://routeA_experiments/data/final_ood_frozen_v1/three_hole_asymmetric/sample_0120.npz,460897fcccde1db2e8ba9079e66abd4ea55bf6c9fcc14cc7507c17ec7571d07d,0.0014514849754050374,0.048334500740942705,0.638127892320691,0.7051936686038971,0.23965482972562313,0.5365076646208762
mesh_gnn,54,three_hole_asymmetric,121,private-source://routeA_experiments/data/final_ood_frozen_v1/three_hole_asymmetric/sample_0121.npz,7463cebd5dcf30b0f53bfbcec6ed3cd938cae4ff1c7cb5a51f6b6208a020a4d2,0.0014771429996471852,0.05403697802655308,0.6387904753893794,0.6633893251419067,0.20577281340956688,0.5050187423825261
mesh_gnn,54,three_hole_asymmetric,122,private-source://routeA_experiments/data/final_ood_frozen_v1/three_hole_asymmetric/sample_0122.npz,0b1f50e6483c4bd20f2eb7b1a5ad3ca903b7158558b6379b0a1c87cfb444d395,0.0016813820111565292,0.0634997081773874,0.9766620851281328,0.9367483742535114,0.2030882711187587,0.7582247106358395
mesh_gnn,54,three_hole_asymmetric,123,private-source://routeA_experiments/data/final_ood_frozen_v1/three_hole_asymmetric/sample_0123.npz,65e171101675b5cb87eb5555f716856d756743e6d3447dfa2efbde71ac332e67,0.0016720019921194762,0.06787075723245033,0.8250461006005383,0.8479215279221535,0.2797251408919692,0.6510591410100459
mesh_gnn,54,three_hole_asymmetric,124,private-source://routeA_experiments/data/final_ood_frozen_v1/three_hole_asymmetric/sample_0124.npz,d3c7c52167944c7ed7ee06f79272238419f46b0150fe90a2589d3153747fbf2f,0.0014327009848784655,0.06738617188543745,0.8203986319827403,0.8756179586052895,0.26194202338228934,0.6742619324475523
mesh_gnn,54,three_hole_asymmetric,125,private-source://routeA_experiments/data/final_ood_frozen_v1/three_hole_asymmetric/sample_0125.npz,629b8f9d37de5d037c8e33f97e602bf5d06a112e8c988084322626ed3cfa0db4,0.0016293610096909106,0.08580631102869082,0.9330213545910754,0.8998364135622978,0.40853742114268243,0.7365246135741467
mesh_gnn,54,three_hole_asymmetric,126,private-source://routeA_experiments/data/final_ood_frozen_v1/three_hole_asymmetric/sample_0126.npz,d79d0f135637e2841b3453a53add5c4bf624f15ae92f2562acb09afebef0ede1,0.001802540005883202,0.06441847489236817,0.6108952505350829,0.6243057250976562,0.24479226575931534,0.4828795135021205
mesh_gnn,54,three_hole_asymmetric,127,private-source://routeA_experiments/data/final_ood_frozen_v1/three_hole_asymmetric/sample_0127.npz,7cee35213e8863690074459c24d7fd282a7630a45f0f4fab56f69cc5187ced3c,0.001697960018645972,0.06551843172909991,0.6907914599940611,0.7698458433151245,0.2543482296168804,0.6272239163517945
mesh_gnn,54,three_hole_asymmetric,128,private-source://routeA_experiments/data/final_ood_frozen_v1/three_hole_asymmetric/sample_0128.npz,66f17e3594dd9beaddc30078e0aea012c36ea89ec3780e24ab5e66ada4aa0aee,0.0014814500173088163,0.06746896126400646,0.5274827978938459,0.4846208989620209,0.26597847416996956,0.40988898575305927
mesh_gnn,54,three_hole_asymmetric,129,private-source://routeA_experiments/data/final_ood_frozen_v1/three_hole_asymmetric/sample_0129.npz,0513a13dc15142aa7035ad92a4d92696cde53f4f938fba0b6258ba43ff994ce4,0.0014815989998169243,0.07236157104558585,0.8757366094345548,0.9322646260261536,0.284391907742247,0.6969485793262719
mesh_gnn,54,three_hole_asymmetric,130,private-source://routeA_experiments/data/final_ood_frozen_v1/three_hole_asymmetric/sample_0130.npz,0b7e254aff9dacc784e6945d18e32da0372125ff81dc9fb35dcf29f7e12504f6,0.0016648060118313879,0.08786615480585144,0.8047885492302606,0.8583352565765381,0.44136757031083107,0.6921497475355861
mesh_gnn,54,three_hole_asymmetric,131,private-source://routeA_experiments/data/final_ood_frozen_v1/three_hole_asymmetric/sample_0131.npz,b7bf7aa4688f48d7c78174369c23732d337ae6ffd998cf06bb7a4edda3a5063d,0.0017035850032698363,0.060155279061617224,0.6785747200994896,0.6439788639545441,0.2772901188582182,0.5309792786836623
mesh_gnn,54,three_hole_asymmetric,132,private-source://routeA_experiments/data/final_ood_frozen_v1/three_hole_asymmetric/sample_0132.npz,37fe2cf79de29a9b7e04b5fe118372c54173e6f10125f0854cf4d171d4776d59,0.001590711995959282,0.054511027533119,0.7990485319078635,0.7991182804107666,0.1911620805040002,0.6041004940867417
mesh_gnn,54,three_hole_asymmetric,133,private-source://routeA_experiments/data/final_ood_frozen_v1/three_hole_asymmetric/sample_0133.npz,3683c8dae119211360b0dbaa1ac9e1693a1728caddc3c1bb3768f981c2091e26,0.001667874021222815,0.06736558277933244,0.6165324540086554,0.7292218059301376,0.3542174771428108,0.5556190043687815
mesh_gnn,54,three_hole_asymmetric,134,private-source://routeA_experiments/data/final_ood_frozen_v1/three_hole_asymmetric/sample_0134.npz,322bc5ec6225e978895e341b9dfdf38fbfa0681b5b329fe286739337905a2e67,0.0016704330046195537,0.06869526578443472,0.8780637848418894,0.9146105572581291,0.2919625323265791,0.6681976899504661
mesh_gnn,54,three_hole_asymmetric,135,private-source://routeA_experiments/data/final_ood_frozen_v1/three_hole_asymmetric/sample_0135.npz,b3bc13b4ad513f7b7c47e8dfedda3871bfe1d969ceb542243518b1f1661a7b7d,0.0017662429891061038,0.06357045183577603,0.7790588104581204,0.7049522399902344,0.23640766832977533,0.5755730397999285
mesh_gnn,54,three_hole_asymmetric,136,private-source://routeA_experiments/data/final_ood_frozen_v1/three_hole_asymmetric/sample_0136.npz,20f73113304cb007ce9ee5b010405b3b08c38b719993477582e1adb17921d82b,0.0015104299818631262,0.05574686992596871,0.5568104138678732,0.5992794632911682,0.2603824734687805,0.48900593891739824
mesh_gnn,54,three_hole_asymmetric,137,private-source://routeA_experiments/data/final_ood_frozen_v1/three_hole_asymmetric/sample_0137.npz,9c029bad505c34e3cca11e8187bc4fdf7d1417417883641e5c92c0e2b1861711,0.001503576000686735,0.063180029589176,0.6119211472948038,0.49511925876140594,0.27229148894548416,0.43166089057922336
mesh_gnn,54,three_hole_asymmetric,138,private-source://routeA_experiments/data/final_ood_frozen_v1/three_hole_asymmetric/sample_0138.npz,2a95dd7d60712bbde64ddb2f3b9b174a2da8a71e64f53104448b1fda6898cb87,0.0014565909805241972,0.07650060860458914,1.091397610584254,0.9654372781515121,0.2620829529300863,0.6449407959356902
mesh_gnn,54,three_hole_asymmetric,139,private-source://routeA_experiments/data/final_ood_frozen_v1/three_hole_asymmetric/sample_0139.npz,f356651d5f0fbe76d7b23cee9c305931b8e8fe879d3fc560e174e6ff4a4bcbc9,0.0017042609979398549,0.07472848237068427,0.7202009755057921,0.7762200683355331,0.2963736988604069,0.6409415498375888
mesh_gnn,54,three_hole_asymmetric,140,private-source://routeA_experiments/data/final_ood_frozen_v1/three_hole_asymmetric/sample_0140.npz,c22b26c249410214ce91ba779d94c82c7d58648110a4aac0c4246990ecc43bba,0.0014857030182611197,0.07519910434369899,0.774917189144282,0.8104085177183151,0.3741922425106168,0.7222652107477187
mesh_gnn,54,three_hole_asymmetric,141,private-source://routeA_experiments/data/final_ood_frozen_v1/three_hole_asymmetric/sample_0141.npz,581b8c08fb25b0697b98b87164ebaafe6cd559b41136643d44f9de35e975d7b9,0.0014865339908283204,0.07095373722827886,0.9238930210791233,0.9018412530422211,0.2710867151618004,0.7385420285165307
mesh_gnn,54,three_hole_asymmetric,142,private-source://routeA_experiments/data/final_ood_frozen_v1/three_hole_asymmetric/sample_0142.npz,578e8f60d4da9f74071ab8374b88b7be266d5d1e67dec13929a7acf811b163a8,0.0014599150163121521,0.07834951905792584,0.9104086727636173,0.8673940747976303,0.33298756065778434,0.672129899635911
mesh_gnn,54,three_hole_asymmetric,143,private-source://routeA_experiments/data/final_ood_frozen_v1/three_hole_asymmetric/sample_0143.npz,b6b2551b71fdf3da0d4ca84d9f08c6aa2f3008f1962bd943296cbf9612880efc,0.0016124540125019848,0.07050013753999047,0.9306150127797782,0.9089241027832031,0.24840877763926983,0.7868451621383427
mesh_gnn,54,three_hole_asymmetric,144,private-source://routeA_experiments/data/final_ood_frozen_v1/three_hole_asymmetric/sample_0144.npz,8329648a6f54e17ec6911f4a2a43086a79f241b8ea2247f84b00d977ee02610d,0.0015402170247398317,0.07158021044039622,1.0183056966503532,0.9400529786944389,0.22148746255334117,0.7429672501981247
mesh_gnn,54,three_hole_asymmetric,145,private-source://routeA_experiments/data/final_ood_frozen_v1/three_hole_asymmetric/sample_0145.npz,9e07276be4c9a737eae17e3917bc3cdc5d0dfa1bce9663bd981f358519eb110c,0.0014683289919048548,0.06915868809059349,0.6905686280123408,0.7736184448003769,0.2911309154005721,0.608527991920709
mesh_gnn,54,three_hole_asymmetric,146,private-source://routeA_experiments/data/final_ood_frozen_v1/three_hole_asymmetric/sample_0146.npz,67f3ee8daff2c978cbe4cd399a7f2ad4874665b5c644a341c057c304af1127c1,0.0015129809908103198,0.07288244902979166,0.8684821792924946,0.8772052302956581,0.2810996249318123,0.7374660015106197
mesh_gnn,54,three_hole_asymmetric,147,private-source://routeA_experiments/data/final_ood_frozen_v1/three_hole_asymmetric/sample_0147.npz,e85347f74d9b0184043eda85a8b0b42fe6515b3c49ceeec50b7b4d6dfff4a07d,0.0015691289736423641,0.05713772421821066,0.5761498767626101,0.6238968074321747,0.3155618868768215,0.49398706853389734
mesh_gnn,54,three_hole_asymmetric,148,private-source://routeA_experiments/data/final_ood_frozen_v1/three_hole_asymmetric/sample_0148.npz,245fe71d4768340cf55e028f00a51ef269352046fcee78a0376200f4998c9360,0.0016487200045958161,0.05088828244997123,0.6850130303949201,0.8458931148052216,0.20399204269051552,0.5393489476293325
mesh_gnn,54,three_hole_asymmetric,149,private-source://routeA_experiments/data/final_ood_frozen_v1/three_hole_asymmetric/sample_0149.npz,e4131c7833d7b32f7f309cc922c788dde6f66644cd7c84c3995c3e66ca6ec058,0.0016705580055713654,0.0660989947016009,0.9582245839559191,0.9163814410567284,0.20113909244537354,0.7051621880382284
mesh_gnn,54,three_hole_asymmetric,150,private-source://routeA_experiments/data/final_ood_frozen_v1/three_hole_asymmetric/sample_0150.npz,14d7c4793f64ce9d612ac24093c5fbe0dae12baa2ebcc0e606416070b0010be4,0.0015001239953562617,0.06931811279755602,0.9208490901128281,0.8677294701337814,0.25952856783987954,0.6262751206755635
mesh_gnn,54,three_hole_asymmetric,151,private-source://routeA_experiments/data/final_ood_frozen_v1/three_hole_asymmetric/sample_0151.npz,3c828906fd7ab01c163402ae535f03a420e0b8d29d63467e8f5e0ac8bb2069f1,0.0014628150092903525,0.06444204045397516,0.6761330970637303,0.7402581498026848,0.2626521848142147,0.5875531867146477
mesh_gnn,54,three_hole_asymmetric,152,private-source://routeA_experiments/data/final_ood_frozen_v1/three_hole_asymmetric/sample_0152.npz,2dd677fdf441a2d0d82994893dd167d20bc429686f9d05c84662f972384de6c2,0.0015804569993633777,0.0679539549392783,0.8645834412081187,0.8027473539113998,0.22465057019144297,0.6666010245680799
mesh_gnn,54,three_hole_asymmetric,153,private-source://routeA_experiments/data/final_ood_frozen_v1/three_hole_asymmetric/sample_0153.npz,e09e2ec653206737b870b71f517fcc81353db939fd7d890bfde2a8715648f046,0.0015455629909411073,0.061331623342780056,0.9720458115862791,0.9076131731271744,0.1891110602300614,0.7124145904555906
mesh_gnn,54,three_hole_asymmetric,154,private-source://routeA_experiments/data/final_ood_frozen_v1/three_hole_asymmetric/sample_0154.npz,354f1ec9c8bb281306006c931744c6710f378713690c48b9dfc924d8e03155dc,0.0015072929963935167,0.059866102231909926,0.7052948057408459,0.6923948526382446,0.23893721561762504,0.5532846473157403
mesh_gnn,54,three_hole_asymmetric,155,private-source://routeA_experiments/data/final_ood_frozen_v1/three_hole_asymmetric/sample_0155.npz,4feb6d42b1ba8f3891917e887c391dac5ab83213398859f8c4d1343a08f81523,0.0015085320046637207,0.056778324862873174,0.7937967679642522,0.7580046653747559,0.21791371516883373,0.5172033488750457
mesh_gnn,54,three_hole_asymmetric,156,private-source://routeA_experiments/data/final_ood_frozen_v1/three_hole_asymmetric/sample_0156.npz,2ed681cf4ebe76dc5ff83597e8f424f37faa8aa01f50048685eb1a9f8504ef64,0.0014341780042741448,0.06568303609302358,0.8096622224770741,0.8870223686099052,0.24738682806491852,0.5914925698190927
mesh_gnn,54,three_hole_asymmetric,157,private-source://routeA_experiments/data/final_ood_frozen_v1/three_hole_asymmetric/sample_0157.npz,8f86d834f785485f1110f7ae10b681508b7fb7293834bdeabad4cd9e0ff581e7,0.0015389890177175403,0.06818002287472334,0.7708829729101118,0.9301437214016914,0.2814780957996845,0.5729617524892087
mesh_gnn,54,three_hole_asymmetric,158,private-source://routeA_experiments/data/final_ood_frozen_v1/three_hole_asymmetric/sample_0158.npz,b7838937a002adfbc7581e42e80020a5cc8ff317b9ef609ec1903087a3d31c3e,0.0013493960141204298,0.07325615997208706,0.8255076785405282,0.7610332071781158,0.30475989356637,0.5395029269158835
mesh_gnn,54,three_hole_asymmetric,159,private-source://routeA_experiments/data/final_ood_frozen_v1/three_hole_asymmetric/sample_0159.npz,7ec05d300291c51dfc519a7d08b75bd3be917f67a3673dfe18849f585f9f709e,0.001456343976315111,0.06796319596722923,0.7477555890570448,0.697075754404068,0.3110085502266884,0.5353560179471967
mesh_gnn,54,three_hole_asymmetric,160,private-source://routeA_experiments/data/final_ood_frozen_v1/three_hole_asymmetric/sample_0160.npz,406b5d01c559ad3764a887df63a81ab6aeb54deb0e03ab5546863badf9a16f35,0.0016999159997794777,0.0630109413402062,1.049689828210503,0.8831194192171097,0.2319525280763628,0.49908253848552486
mesh_gnn,54,three_hole_asymmetric,161,private-source://routeA_experiments/data/final_ood_frozen_v1/three_hole_asymmetric/sample_0161.npz,e022a734e6aba3a7301b06bd77c79e73047ff290f57525b8dee053bdfa5b4988,0.0016589300066698343,0.051900935665468814,0.6500495665514368,0.6905202865600586,0.21350554376840591,0.5882925882935518
mesh_gnn,54,three_hole_asymmetric,162,private-source://routeA_experiments/data/final_ood_frozen_v1/three_hole_asymmetric/sample_0162.npz,2b13f73876bba396b8fa67ab174be82ee1a554b9e4c19a3a7412ffc39aba0b13,0.0018464039894752204,0.055027954363339106,0.7079685606445322,0.8849964961409569,0.24373286589980125,0.6333082325756548
mesh_gnn,54,three_hole_asymmetric,163,private-source://routeA_experiments/data/final_ood_frozen_v1/three_hole_asymmetric/sample_0163.npz,e9b740089bb1f2d4e21a0999405d9bdba3a57bd51c7e58ea5ed47d11ee6595a2,0.001505483000073582,0.05899787790589678,0.7836540429693413,0.8527591675519943,0.21027682162821293,0.5777768022846426
mesh_gnn,54,three_hole_asymmetric,164,private-source://routeA_experiments/data/final_ood_frozen_v1/three_hole_asymmetric/sample_0164.npz,9f206330bd07c9c4847fddf539ce746ee66390d885f3c33bc1d444adbbd318ac,0.0015899450227152556,0.06730012581997043,0.6602379212962867,0.7667835205793381,0.34777722135186195,0.5910800993442521
mesh_gnn,54,three_hole_asymmetric,165,private-source://routeA_experiments/data/final_ood_frozen_v1/three_hole_asymmetric/sample_0165.npz,59ec0f1c680bf9149906ed38b4dd3a4aa7612d7147f9c53c5dcfa06ecca43366,0.001457542006392032,0.07973852189862848,0.8348085786879872,0.8740650862455368,0.35387592390179634,0.713576864451169
mesh_gnn,54,three_hole_asymmetric,166,private-source://routeA_experiments/data/final_ood_frozen_v1/three_hole_asymmetric/sample_0166.npz,acdabcd30120f1b891f11b4fee7490ecf1c73a42827cec6684949a026c1d238b,0.0015595989825669676,0.07013161752557494,0.8252463094630532,0.8765672519803047,0.293840479105711,0.753215657919644
mesh_gnn,54,three_hole_asymmetric,167,private-source://routeA_experiments/data/final_ood_frozen_v1/three_hole_asymmetric/sample_0167.npz,2d64cbb7ed13e9d5493b3bcffc548a37e43f77cfe686d4bd90f395d9b3dedcd2,0.001466260990127921,0.07421822561420072,0.9532894072949448,0.9040219113230705,0.24576083244755864,0.647585970908403
mesh_gnn,54,three_hole_asymmetric,168,private-source://routeA_experiments/data/final_ood_frozen_v1/three_hole_asymmetric/sample_0168.npz,ce1811b3b58e1cf01845e9ffb4fac5caa62f765929be1337c8260c13d9b65d5d,0.0014714770077262074,0.06264411053249774,1.0609434853117752,0.9720754399895668,0.21987924324639607,0.6986252791713923
mesh_gnn,54,three_hole_asymmetric,169,private-source://routeA_experiments/data/final_ood_frozen_v1/three_hole_asymmetric/sample_0169.npz,c8bdae4b5e47fcfb5a99f1ccde0ca1ecf2011b5c092fc8bd8e61595f8c50518c,0.001381467009196058,0.06720488070068406,0.9672534665402461,0.9475499391555786,0.2187393202475505,0.6866240955889222
mesh_gnn,54,three_hole_asymmetric,170,private-source://routeA_experiments/data/final_ood_frozen_v1/three_hole_asymmetric/sample_0170.npz,33251f1d994ef521e7ed6646d939e7b5f6ae05ade833fce7f91910e3aa7b2d74,0.0014781159989070147,0.06783867646589688,0.8817336770276958,0.915614403784275,0.2272552466019988,0.628427328169345
mesh_gnn,54,three_hole_asymmetric,171,private-source://routeA_experiments/data/final_ood_frozen_v1/three_hole_asymmetric/sample_0171.npz,3304230b1d8bbdd9fc2dfda78714484a468749cddd223bba1c2dbf29c548831e,0.001471305004088208,0.06661583297249686,0.70462177456972,0.812397375702858,0.27794443257153034,0.6424536760896439
mesh_gnn,54,three_hole_asymmetric,172,private-source://routeA_experiments/data/final_ood_frozen_v1/three_hole_asymmetric/sample_0172.npz,a740cace37940a1e2252703d9381d4b9f3f3b166a52d68121a24aaca6473c237,0.001371504011331126,0.0636415550552083,0.6937639695815424,0.7984888404607773,0.2358698733150959,0.6490975618362413
mesh_gnn,54,three_hole_asymmetric,173,private-source://routeA_experiments/data/final_ood_frozen_v1/three_hole_asymmetric/sample_0173.npz,7fbe985e9871b0fea23dcd48b5658d0febd6965ccb34e4430a248d8ea7884c13,0.001487476984038949,0.06481639225346326,0.8721814902895303,0.8558043390512466,0.26616208255290985,0.6090585447847843
mesh_gnn,54,three_hole_asymmetric,174,private-source://routeA_experiments/data/final_ood_frozen_v1/three_hole_asymmetric/sample_0174.npz,71542cbeea7c7322472596a11b9ea2cf6285893af2fd8caaacd78a77cf1d83fd,0.0014732230047229677,0.05703238160409039,0.6884733423573964,0.7514300793409348,0.25570960715413094,0.6193214230239391
mesh_gnn,54,three_hole_asymmetric,175,private-source://routeA_experiments/data/final_ood_frozen_v1/three_hole_asymmetric/sample_0175.npz,0f2191f55e786a9cc0197b9d38b5849150523e7f0e95da026a8b7282892dd7e7,0.0016252530040219426,0.07115116654641801,0.926291728030962,0.9483482018113136,0.20609592273831367,0.6634381230920539
mesh_gnn,54,three_hole_asymmetric,176,private-source://routeA_experiments/data/final_ood_frozen_v1/three_hole_asymmetric/sample_0176.npz,1d5d110e1725a11891d26e004b83d93d33e264f9f0cc612cea71237c93485c91,0.0017975890077650547,0.05976211934861068,0.6130229621225144,0.7018585205078125,0.2517820782959461,0.5907384544610976
mesh_gnn,54,three_hole_asymmetric,177,private-source://routeA_experiments/data/final_ood_frozen_v1/three_hole_asymmetric/sample_0177.npz,491128641f9815a0257fe2c5da3e9ef510909b89c7efe14041aaf988dd54d374,0.0014219600125215948,0.06876583320130025,0.9363435523695298,0.9377775751054287,0.27284364867955446,0.7292652817443013
mesh_gnn,54,three_hole_asymmetric,178,private-source://routeA_experiments/data/final_ood_frozen_v1/three_hole_asymmetric/sample_0178.npz,8ad8976324d69fa900282a701c1176bec4bd066428ab6af4d07f98b6226c1440,0.001674972998443991,0.0696670850630068,0.8174643649836251,0.8854974433779716,0.3230311330407858,0.7193820983171448
mesh_gnn,54,three_hole_asymmetric,179,private-source://routeA_experiments/data/final_ood_frozen_v1/three_hole_asymmetric/sample_0179.npz,ed3c4408215897e333b3a88a790f6b3b965edbc5f729ee1ca00b514638a22db3,0.0013907859975006431,0.0653045898595336,0.5946997976885268,0.6947748214006424,0.276270879432559,0.5708650521934029
mesh_gnn,54,three_hole_asymmetric,180,private-source://routeA_experiments/data/final_ood_frozen_v1/three_hole_asymmetric/sample_0180.npz,026ec17f7ba5561155ad7d2d26d4b774202c9e9d3be82846603703294b1c6599,0.0016583579999860376,0.06523685093429966,0.8035911383934058,0.872928075492382,0.26519811898469925,0.6798954959958783
mesh_gnn,54,three_hole_asymmetric,181,private-source://routeA_experiments/data/final_ood_frozen_v1/three_hole_asymmetric/sample_0181.npz,ae31a16b8c81593e19306a84399bfd2a84ac55c7910ef8823c67abd4642aa2f6,0.0014840209914837033,0.07139693205793006,0.846190848556007,0.8255205303430557,0.2618558967951685,0.6227319464087484
mesh_gnn,54,three_hole_asymmetric,182,private-source://routeA_experiments/data/final_ood_frozen_v1/three_hole_asymmetric/sample_0182.npz,3c898c6349f36f90b3d5a9fe1ea363190f3864ec9904027b2c82073b2f828008,0.0016131860029418021,0.07353122630256567,0.8289659176769686,0.7904278337955475,0.2935613077133894,0.6265408553183078
mesh_gnn,54,three_hole_asymmetric,183,private-source://routeA_experiments/data/final_ood_frozen_v1/three_hole_asymmetric/sample_0183.npz,7960bd5136007fe9e53aaf26195ec050cd3f170be4ea0892e9c50801de1e2a57,0.0014588529884349555,0.06196506861235764,0.6790753584716953,0.7633077725768089,0.24808919377392158,0.48924663588404615
mesh_gnn,54,three_hole_asymmetric,184,private-source://routeA_experiments/data/final_ood_frozen_v1/three_hole_asymmetric/sample_0184.npz,d0af476fd13dfb1d250ce9a4ca56a9e4e7747143d266e251a2d3bed91fdc35c3,0.001456533995224163,0.065670170568357,0.6337351362217524,0.5436338186264038,0.3116671070456505,0.47238025367259934
mesh_gnn,54,three_hole_asymmetric,185,private-source://routeA_experiments/data/final_ood_frozen_v1/three_hole_asymmetric/sample_0185.npz,825925d58976a37ca694d695a027e07bfbaaceb34012d307f2f1821037baf144,0.0013244700094219297,0.06577973556690798,0.801179454496764,0.7898302674293518,0.2752793171675876,0.6611027684062718
mesh_gnn,54,three_hole_asymmetric,186,private-source://routeA_experiments/data/final_ood_frozen_v1/three_hole_asymmetric/sample_0186.npz,77e809def7ac8044a4e55b9ef623158afda39a6477b671e128605d4b47566db6,0.001459818973671645,0.06381021075977242,0.9287736531488741,0.8802850469946861,0.236331109656021,0.6400694582611306
mesh_gnn,54,three_hole_asymmetric,187,private-source://routeA_experiments/data/final_ood_frozen_v1/three_hole_asymmetric/sample_0187.npz,d41acb81beffee4db9203e1cf0266797359f026ace1ea8ca9bcd6ccb1e2af128,0.0017956490046344697,0.06771155371246063,0.7512915089497738,0.7305659055709839,0.28345921635627747,0.5419677875936028
mesh_gnn,54,three_hole_asymmetric,188,private-source://routeA_experiments/data/final_ood_frozen_v1/three_hole_asymmetric/sample_0188.npz,0ee1d93b5b155a3545c539b9ebd208096d5da786ac320abbe96a9ddff30d88d7,0.0014411560259759426,0.06087971934975683,0.6852714657611121,0.5237108469009399,0.24956202693283558,0.3825356215238569
mesh_gnn,54,three_hole_asymmetric,189,private-source://routeA_experiments/data/final_ood_frozen_v1/three_hole_asymmetric/sample_0189.npz,70be7056cd13692af26bab63a3df9b9a64678831ef39fdb9582375ceecca7edf,0.0014312709972728044,0.07498263966282162,1.1334099273274858,0.9353373199701309,0.3042173526046099,0.6389582786709063
mesh_gnn,54,three_hole_asymmetric,190,private-source://routeA_experiments/data/final_ood_frozen_v1/three_hole_asymmetric/sample_0190.npz,a8c424ee2056e12af66d0be34289a252d77172e5cb127ec57c8550e3415ab90b,0.0014733300195075572,0.06181482153126938,0.756426979099654,0.790467843413353,0.20415854081511497,0.5732230246067035
mesh_gnn,54,three_hole_asymmetric,191,private-source://routeA_experiments/data/final_ood_frozen_v1/three_hole_asymmetric/sample_0191.npz,26c2bd071beec9742e0a4f1e5466aa608a15434494059de80e606e4679fa8ed3,0.0015404269797727466,0.07415468778635126,0.8979499649953009,0.8757432177662849,0.27046150533715263,0.7330727934837339
mesh_gnn,54,three_hole_asymmetric,192,private-source://routeA_experiments/data/final_ood_frozen_v1/three_hole_asymmetric/sample_0192.npz,40d02fa0627c6deec298290103575257705efed18a0e5475ecaa7bf465aa9b99,0.0015062869933899492,0.07130704641574864,0.7297081934489424,0.8002906143665314,0.2977161593735218,0.5722735844552511
mesh_gnn,54,three_hole_asymmetric,193,private-source://routeA_experiments/data/final_ood_frozen_v1/three_hole_asymmetric/sample_0193.npz,e2291d430c4ed65b595a26a1bfd29617e6a29836d02a7642cee85cd276392050,0.00133341399487108,0.06947926296478633,0.7586317634103272,0.7680304497480392,0.31662945449352264,0.6122983414679762
mesh_gnn,54,three_hole_asymmetric,194,private-source://routeA_experiments/data/final_ood_frozen_v1/three_hole_asymmetric/sample_0194.npz,31e35937f5e42fb742834cdcb1fc165dd1ffc423ac83933409ddf9f346655de1,0.0014629499928560108,0.07409727401161831,0.6152745574407309,0.6727427542209625,0.30502839369000867,0.5053134128451345
mesh_gnn,54,three_hole_asymmetric,195,private-source://routeA_experiments/data/final_ood_frozen_v1/three_hole_asymmetric/sample_0195.npz,40442c552a2016d07c97d9c05bd7232ba672eeab612657250b9c7529d4f8fba5,0.0016757480043452233,0.06338451073711086,0.5635694445502941,0.5472942888736725,0.2529892884194851,0.44001037776470175
mesh_gnn,54,three_hole_asymmetric,196,private-source://routeA_experiments/data/final_ood_frozen_v1/three_hole_asymmetric/sample_0196.npz,dd2106f958610c899c170e0e932d315a715401be9a89fd9bfb0ce4af7422b23f,0.0015737079957034439,0.07721153109102023,0.9074270199820944,0.9233477637171745,0.33678362518548965,0.7569439634680737
mesh_gnn,54,three_hole_asymmetric,197,private-source://routeA_experiments/data/final_ood_frozen_v1/three_hole_asymmetric/sample_0197.npz,aa854427cd50f074116bdad2e4371e42c0402350e5d180482ef4c364d2ad2cf8,0.001356741995550692,0.05643864277035972,0.4702801040669861,0.4982510209083557,0.19941240723710507,0.38085835911333554
mesh_gnn,54,three_hole_asymmetric,198,private-source://routeA_experiments/data/final_ood_frozen_v1/three_hole_asymmetric/sample_0198.npz,f829be15d56c832505226b17681dbe66656bc2100714eb438d609a588f6574fe,0.0014673029945697635,0.05335952907428172,0.5724046023069613,0.6879770755767822,0.2915615290403366,0.515271634608507
mesh_gnn,54,three_hole_asymmetric,199,private-source://routeA_experiments/data/final_ood_frozen_v1/three_hole_asymmetric/sample_0199.npz,52333eb8bbb0f95e069bd2d38db9cab28b55c6f86387da7cd28a27818fe1041a,0.0016807049978524446,0.061581346280996895,0.6133091583762238,0.6544900834560394,0.2412591129541397,0.5120226070284843
