model,training_seed,shape,sample_id,sample_file,sample_sha256,inference_seconds,mae,relative_l2,max_abs_error,p95_abs_error,p99_abs_error
residual_v2,57,slit_bridge,0,private-source://routeA_experiments/data/final_ood_frozen_v1/slit_bridge/sample_0000.npz,30d9b3db72b5f04e7aed5aca69b177e736741d71d456678de2c366e94064976a,0.054164152999874204,0.07474393776086596,0.7095369619231819,0.7999808043241501,0.3859618604183197,0.6866548687219618
residual_v2,57,slit_bridge,1,private-source://routeA_experiments/data/final_ood_frozen_v1/slit_bridge/sample_0001.npz,35ca7668746e40038fbccaaf4b015e191d09a272260f8b2c67e05158beed58d9,0.007628716004546732,0.05190213125302477,0.39013548983342666,0.5137641727924347,0.2386140376329422,0.4002226546406745
residual_v2,57,slit_bridge,2,private-source://routeA_experiments/data/final_ood_frozen_v1/slit_bridge/sample_0002.npz,5aa31e0476a00717a676402ae73bf67f0900790fbaaba0689885a4f4d81b1d01,0.005705810006475076,0.08034672276112229,0.6727844748094898,0.8379417061805725,0.39473555982112885,0.718847920000553
residual_v2,57,slit_bridge,3,private-source://routeA_experiments/data/final_ood_frozen_v1/slit_bridge/sample_0003.npz,fa2249a12bd45ebd5bf12289d408b399125153ec7a74d5498b2d06c116f8f405,0.00613095800508745,0.08686419139011523,0.8796954266494184,0.9149393886327744,0.3358452245593071,0.8012183785438536
residual_v2,57,slit_bridge,4,private-source://routeA_experiments/data/final_ood_frozen_v1/slit_bridge/sample_0004.npz,4006cdfdceb8abe632e2df62c467d010fb9761bec6322c363b9f3abbc55829d4,0.005503236025106162,0.06791204867636762,0.494143257434501,0.5902725458145142,0.29138609766960144,0.5068124592304222
residual_v2,57,slit_bridge,5,private-source://routeA_experiments/data/final_ood_frozen_v1/slit_bridge/sample_0005.npz,1ea410d183d08cc06714b087bb528e626a67090d2f8931f1f61a73ddeff9902a,0.006938057020306587,0.06205599890808388,1.0344121805272903,0.9296145141124725,0.2938228028360754,0.7883696462959044
residual_v2,57,slit_bridge,6,private-source://routeA_experiments/data/final_ood_frozen_v1/slit_bridge/sample_0006.npz,2b2b41c1ab84aefad645e09329749a0c4789e3a60b3931b89e053a383e66541e,0.005897434981307015,0.0547823704791225,1.122740044969656,0.9815792366862297,0.19817015645094216,0.47168248072266555
residual_v2,57,slit_bridge,7,private-source://routeA_experiments/data/final_ood_frozen_v1/slit_bridge/sample_0007.npz,e99898145655a5c1ce681d0eb3c7597d5032c10b823f0c114d9a1b16467ea524,0.005980029993224889,0.047315091017272826,0.34659138669429473,0.4722144603729248,0.2153717577457428,0.38734791278839104
residual_v2,57,slit_bridge,8,private-source://routeA_experiments/data/final_ood_frozen_v1/slit_bridge/sample_0008.npz,6e17a3aa2c3547f8d5c7c15a2ba8d09341c289bc2a2f8cc11cd61460dd0a75b4,0.007109188998583704,0.08020640787118052,0.6343557349441453,0.7069916725158691,0.3906566649675369,0.6321080431342124
residual_v2,57,slit_bridge,9,private-source://routeA_experiments/data/final_ood_frozen_v1/slit_bridge/sample_0009.npz,cc5b71a537246355e6aa5eb87b1ec934946edb1d31595b1d37e482e2b73e96e4,0.005977777997031808,0.07302274977586087,0.5928547001619355,0.6382960677146912,0.3473738133907318,0.5380866289138789
residual_v2,57,slit_bridge,10,private-source://routeA_experiments/data/final_ood_frozen_v1/slit_bridge/sample_0010.npz,87874a0f11d5ca1214cb1c831735689324f5d265f0ad734b920d4aea56a205a8,0.007362040021689609,0.07276687781926289,0.8260875060582671,0.9551318287849426,0.3675270527601242,0.8265497624874083
residual_v2,57,slit_bridge,11,private-source://routeA_experiments/data/final_ood_frozen_v1/slit_bridge/sample_0011.npz,a23d58d483f0ee7d7d9ad82447d292fdde0c9f6964a6ce9759730ce9671620fc,0.006179361982503906,0.07482414694290838,0.8535314198935531,0.9517698511481285,0.37259235978126526,0.7775677934288973
residual_v2,57,slit_bridge,12,private-source://routeA_experiments/data/final_ood_frozen_v1/slit_bridge/sample_0012.npz,1bf5b6c8a99e6b1af341524d638c181408e613ec93db7fb6986f600e0e3c65a1,0.007310632994631305,0.07423938244395267,0.6579031399279477,0.6900753378868103,0.31986093521118164,0.5629422605037689
residual_v2,57,slit_bridge,13,private-source://routeA_experiments/data/final_ood_frozen_v1/slit_bridge/sample_0013.npz,1adafcde8c3f4e445b1b034d25421d3a48662f83f441bf0eecdee27f12cecbc3,0.007939245988382027,0.06672641442776293,0.5668646501209238,0.6343607902526855,0.3391747623682022,0.5772938966751097
residual_v2,57,slit_bridge,14,private-source://routeA_experiments/data/final_ood_frozen_v1/slit_bridge/sample_0014.npz,64b0e9dc29123e952cb0d300a00469414c7c7f76a16dd935a75e7624fe912b36,0.005770721996668726,0.07720529678160355,0.89617352577235,0.9668894782662392,0.3515284061431885,0.7993069998919962
residual_v2,57,slit_bridge,15,private-source://routeA_experiments/data/final_ood_frozen_v1/slit_bridge/sample_0015.npz,b9c330fa4cfc004b6beec69ac0615be8854455f9775205c11364db4615c089be,0.006249341007787734,0.07963593692990148,0.6818547865737346,0.7511270046234131,0.405039981007576,0.6207404404878616
residual_v2,57,slit_bridge,16,private-source://routeA_experiments/data/final_ood_frozen_v1/slit_bridge/sample_0016.npz,596996fb6aeff6e88332008eed32b4b95f86de86801a1640f6de12786cd403d3,0.007123215007595718,0.07508910042348196,0.7324324759514644,0.7396303415298462,0.42851725220680237,0.6536041945219037
residual_v2,57,slit_bridge,17,private-source://routeA_experiments/data/final_ood_frozen_v1/slit_bridge/sample_0017.npz,312eedbc05e5128aebccd1eda0cb448659dcf770824e39ef15c6231d604d0095,0.00584490699111484,0.08193303742351019,0.8472915461471421,0.8787028193473816,0.385100731626153,0.7454410761594757
residual_v2,57,slit_bridge,18,private-source://routeA_experiments/data/final_ood_frozen_v1/slit_bridge/sample_0018.npz,41e1f220b6752fc77a60ab80dca4c8628042e5d54833a97c9832832e8db500e2,0.007145962008507922,0.041786625630649464,0.271310528267695,0.4578878879547119,0.17901566624641418,0.332282656431198
residual_v2,57,slit_bridge,19,private-source://routeA_experiments/data/final_ood_frozen_v1/slit_bridge/sample_0019.npz,b97fe8016fb4c7d7995df4c42b480dce1072ee7db9abb641c503877913ffce9c,0.0060642510070465505,0.06521562164051095,0.5452266743760033,0.5948725044727325,0.32383279502391815,0.47951253354549406
residual_v2,57,slit_bridge,20,private-source://routeA_experiments/data/final_ood_frozen_v1/slit_bridge/sample_0020.npz,994e03c5207e2ae7356bc74d2f380fd7f474af9a82fe4a9bb90585ddb10c1fb7,0.007594059978146106,0.08131427392467473,0.8348157919388322,0.900105819106102,0.3960028141736984,0.7895430386066425
residual_v2,57,slit_bridge,21,private-source://routeA_experiments/data/final_ood_frozen_v1/slit_bridge/sample_0021.npz,1456683b4642362ec663cedabc21c8bb0ed3f06ae1beb9ca35a8ac02768d7f01,0.0059662389976438135,0.08622781732818054,0.768270233455886,0.9040619134902954,0.4872058257460594,0.7534427285194396
residual_v2,57,slit_bridge,22,private-source://routeA_experiments/data/final_ood_frozen_v1/slit_bridge/sample_0022.npz,c36a4db85f26e6cbe9c3036e9cf2ad4c578008898c1405c54c1e0914ccc8ef1c,0.007198736013378948,0.07649751427807368,0.6497420147834894,0.7370699793100357,0.38061219453811646,0.5863474339246736
residual_v2,57,slit_bridge,23,private-source://routeA_experiments/data/final_ood_frozen_v1/slit_bridge/sample_0023.npz,610587d7aa0593f777b96e6fdb4fdcf2ebc68a867c186890c7838e7b2d944c00,0.005961832997854799,0.0732552835732885,0.7552582373988916,0.7839160412549973,0.3980066254734993,0.6700467526912688
residual_v2,57,slit_bridge,24,private-source://routeA_experiments/data/final_ood_frozen_v1/slit_bridge/sample_0024.npz,959eeaf23d4f71a25e7eff4fc4c4640be516df58074ab3dad10126c1ca5ed619,0.006780492985853925,0.07139353203921661,1.103266459507236,0.9039110615849495,0.3015300991246477,0.6616876222193239
residual_v2,57,slit_bridge,25,private-source://routeA_experiments/data/final_ood_frozen_v1/slit_bridge/sample_0025.npz,12244099e66cc796717b1ac4a0197a86db0d3832ae8f92f8b6285b350ded04cd,0.006154194998089224,0.05989101734043793,0.4793900981045438,0.5855757594108582,0.26220227032899857,0.4818694233894348
residual_v2,57,slit_bridge,26,private-source://routeA_experiments/data/final_ood_frozen_v1/slit_bridge/sample_0026.npz,8ec7e62775275cf1cdcb11a3a5070589032551c0222125cc6f2572c5b6100c1e,0.006010751996655017,0.07650419769379066,0.6765351580237392,0.7620818316936493,0.3807809576392174,0.6400082394480702
residual_v2,57,slit_bridge,27,private-source://routeA_experiments/data/final_ood_frozen_v1/slit_bridge/sample_0027.npz,a57e3c4af7915d4277fe784929f02e1108f70b06739b89cc49e2f31db68759d6,0.005550653004320338,0.07496304221036539,0.7454423161365106,0.8651553392410278,0.41470202803611755,0.7530840516090392
residual_v2,57,slit_bridge,28,private-source://routeA_experiments/data/final_ood_frozen_v1/slit_bridge/sample_0028.npz,129f68b38d7e4376d96e492a23bdc037ec06345501698eb53f87dc4c2bdcf26b,0.0060605180042330176,0.05335389615552779,0.4104673289776744,0.609092652797699,0.24636779725551605,0.43867761194705907
residual_v2,57,slit_bridge,29,private-source://routeA_experiments/data/final_ood_frozen_v1/slit_bridge/sample_0029.npz,d7be996266c698efe66a16bcc34de0aff06589c37bb8599f9f62b3c06206baa6,0.007681143004447222,0.07657113849796139,0.6714490684558545,0.7333698868751526,0.3829125761985779,0.646363639831543
residual_v2,57,slit_bridge,30,private-source://routeA_experiments/data/final_ood_frozen_v1/slit_bridge/sample_0030.npz,b09f05e8c2f7a9d479d786d72d681814f27d08ee89b3d974343fd2b090a1ce6a,0.006347825023112819,0.06650040431148978,0.5389981640567768,0.6691892743110657,0.31158073246479034,0.5628580212593078
residual_v2,57,slit_bridge,31,private-source://routeA_experiments/data/final_ood_frozen_v1/slit_bridge/sample_0031.npz,bc00125fdaa393e280c5352531595db001f7ddb3deb151245917cd589e5c31f0,0.006133602000772953,0.05584238153064213,0.3764196965014567,0.5068012475967407,0.24076740443706512,0.3910470724105831
residual_v2,57,slit_bridge,32,private-source://routeA_experiments/data/final_ood_frozen_v1/slit_bridge/sample_0032.npz,210304fe0d7d8f0427af5f9a0754f958b13e7ca893e23870daca6089c7494849,0.007534072996350005,0.06477581626666257,0.4983167511590285,0.6173796653747559,0.3032785952091217,0.49075655043125016
residual_v2,57,slit_bridge,33,private-source://routeA_experiments/data/final_ood_frozen_v1/slit_bridge/sample_0033.npz,27aec766b6350542fba91a6efe33f57848a74817bca29836eb0daa48b8186c28,0.007534809003118426,0.07708190612641762,0.7837732840777465,0.8611424416303635,0.40863409638404846,0.7741678863763806
residual_v2,57,slit_bridge,34,private-source://routeA_experiments/data/final_ood_frozen_v1/slit_bridge/sample_0034.npz,188e43a83a5baeee871f92676435b8b14ff91c60dfed2c7edaee32a7c3fe7437,0.006171803979668766,0.06258455271262249,0.5298129842310201,0.6516807377338409,0.2725045159459114,0.45643751323223064
residual_v2,57,slit_bridge,35,private-source://routeA_experiments/data/final_ood_frozen_v1/slit_bridge/sample_0035.npz,7b87bcf793f11163ce8025e6ca4bc45abb9b34cf709bd1bb8b9fb68b3a8dabe4,0.007333273009862751,0.06056615654337896,0.5243310999073046,0.7015333771705627,0.2631375342607498,0.5204295516014098
residual_v2,57,slit_bridge,36,private-source://routeA_experiments/data/final_ood_frozen_v1/slit_bridge/sample_0036.npz,4c37861366bb2835c656390a05790cc29a37a467fa5c97e436d4dc5e6180c227,0.007167903007939458,0.0810225254187739,0.7832443927455884,0.8227723836898804,0.43287888169288635,0.722233098745346
residual_v2,57,slit_bridge,37,private-source://routeA_experiments/data/final_ood_frozen_v1/slit_bridge/sample_0037.npz,8fbc3afcf65822fdaf99fdeb4b9caaacaaa2422144e57b088e882fc0dcbcdfe9,0.006262965995119885,0.08960410530342205,0.8280157171020727,0.8968453705310822,0.5184049978852272,0.7727726444602012
residual_v2,57,slit_bridge,38,private-source://routeA_experiments/data/final_ood_frozen_v1/slit_bridge/sample_0038.npz,d8aa380b826e09980e586e8dcd26acff520e462dddbb758d989ce305a62e2bd2,0.005746477982029319,0.07562317063939106,0.6129960778485869,0.7467109262943268,0.37804175913333893,0.6483618646860116
residual_v2,57,slit_bridge,39,private-source://routeA_experiments/data/final_ood_frozen_v1/slit_bridge/sample_0039.npz,5773aed921a57866510a828614cf323ba3e5c1f662198f68ba30e9cd435e428d,0.006267115008085966,0.06820929262413829,0.8262581748315072,0.8783507943153381,0.29920732975006104,0.6784060329198831
residual_v2,57,slit_bridge,40,private-source://routeA_experiments/data/final_ood_frozen_v1/slit_bridge/sample_0040.npz,10b3fc9be817d0fa28e4f2ad0ce1679a84b2986a85b9c817ff380bc606731884,0.006160516000818461,0.0682632291548626,0.6147168518236563,0.7909459322690964,0.29614561796188354,0.6201404646039008
residual_v2,57,slit_bridge,41,private-source://routeA_experiments/data/final_ood_frozen_v1/slit_bridge/sample_0041.npz,cdde49a6f56183448eeefafbf84517c5719d37b8e33b5fb3d5907c79ec0c3d4d,0.006428427994251251,0.0652539296870923,0.5705842664736087,0.5787455439567566,0.3163107670843601,0.49575167298316924
residual_v2,57,slit_bridge,42,private-source://routeA_experiments/data/final_ood_frozen_v1/slit_bridge/sample_0042.npz,bd82adbf113c51db9c8fdb7ae61bdfb4b0de8fd0738107c1b16747edf214ed83,0.007145896001020446,0.046754860903198685,0.29843299153978525,0.6419382244348526,0.1790035367012024,0.36162391304969677
residual_v2,57,slit_bridge,43,private-source://routeA_experiments/data/final_ood_frozen_v1/slit_bridge/sample_0043.npz,1b05a0e90cb92ad13e160cd9d88d3ccd24a5d5042572cbdeb6c780eb7c691723,0.00639100102125667,0.0737659231511314,0.8997455866820266,0.8901453614234924,0.40004396066069603,0.7945549786090847
residual_v2,57,slit_bridge,44,private-source://routeA_experiments/data/final_ood_frozen_v1/slit_bridge/sample_0044.npz,9eab1dd2e918e6415c0ac9317c974fb554285878086fbcec4685c90b0a603efd,0.007433724997099489,0.07631969265603887,0.8704025287098878,0.8999049812555313,0.33465584740042686,0.6454804912209489
residual_v2,57,slit_bridge,45,private-source://routeA_experiments/data/final_ood_frozen_v1/slit_bridge/sample_0045.npz,28399d49797881f5a264063c34c2a36369094141bb9cf4c05cbdaee4d1f32c15,0.007752777019049972,0.06840463851783748,0.9501389768584871,0.9706875458359718,0.32489819824695587,0.7607288748025893
residual_v2,57,slit_bridge,46,private-source://routeA_experiments/data/final_ood_frozen_v1/slit_bridge/sample_0046.npz,137e9591ce0032a2d71b366e44219ca9b23cbd2f3a421043183f5c5f8e25cd7f,0.007269393012393266,0.06469784445409586,0.6375884017058147,0.7272894978523254,0.33307933807373047,0.6316318422555921
residual_v2,57,slit_bridge,47,private-source://routeA_experiments/data/final_ood_frozen_v1/slit_bridge/sample_0047.npz,a34fc43c7eb5b8809b22c7c026452d2278be0d7636bd62dbf7db0e72488bfe93,0.0072167449980042875,0.061608567788281235,0.48935111212976895,0.6838907599449158,0.3335985392332077,0.5345142632722849
residual_v2,57,slit_bridge,48,private-source://routeA_experiments/data/final_ood_frozen_v1/slit_bridge/sample_0048.npz,d3dea4d451c780395aeec9e434f3f3426fa5b35717d062d652d0000cb4849ab0,0.005585279985098168,0.08287244465206228,0.8916481923832891,0.9721487164497375,0.472902312874794,0.8088508039712905
residual_v2,57,slit_bridge,49,private-source://routeA_experiments/data/final_ood_frozen_v1/slit_bridge/sample_0049.npz,65ea22db20d21e0adb8290dfc006ce6871e3b0e95cbda2d1b6dc4212521b340d,0.006045192014425993,0.06687906711184945,0.7339107832741687,0.8697628378868103,0.37199848890304565,0.7071290493011471
residual_v2,57,slit_bridge,50,private-source://routeA_experiments/data/final_ood_frozen_v1/slit_bridge/sample_0050.npz,84c0049ab4231171d59431596c6d5ee4a6296eb0688530fec168df065e5f3736,0.006349317991407588,0.07991909553430214,0.8409046808603597,0.9044741690158844,0.4611319825053215,0.7713374376296985
residual_v2,57,slit_bridge,51,private-source://routeA_experiments/data/final_ood_frozen_v1/slit_bridge/sample_0051.npz,4a2b9189cfb9e62a2d88e9b4f0538c291df4cf2365fc6101f7bcb0ca5ea19039,0.007585621991893277,0.06679757583625948,0.8875580523645403,0.894537664949894,0.3091344218701124,0.7390079744160168
residual_v2,57,slit_bridge,52,private-source://routeA_experiments/data/final_ood_frozen_v1/slit_bridge/sample_0052.npz,7a6182ea0d10e503b4488744930d05c12fe0a98749a0f08c0bf9a0ade333130c,0.007636606984306127,0.07184683540795093,0.6014842612366765,0.6612453162670135,0.3779822587966919,0.593096002936363
residual_v2,57,slit_bridge,53,private-source://routeA_experiments/data/final_ood_frozen_v1/slit_bridge/sample_0053.npz,f38fc50a05bb0fe7cbe4b70cd13485a58e43ff94c9c22822cb929aed2391bc79,0.0071951840072870255,0.06429113982151338,0.6541132638524542,0.838029146194458,0.2940426170825958,0.5566198408603663
residual_v2,57,slit_bridge,54,private-source://routeA_experiments/data/final_ood_frozen_v1/slit_bridge/sample_0054.npz,523ec7f16e149a678ab1eee24891a839649693313f63f9f03417215898e364c2,0.005132192018209025,0.08587399020950241,0.9560023177736384,0.9889658689498901,0.48919089138507843,0.8495392858982085
residual_v2,57,slit_bridge,55,private-source://routeA_experiments/data/final_ood_frozen_v1/slit_bridge/sample_0055.npz,a11a3648b53fa4f131e8a071f27bd07db354d48796864dbb9f50084862cbf7af,0.005508093978278339,0.058651543851127176,0.412325653290046,0.5598962903022766,0.2800322622060776,0.4165637344121931
residual_v2,57,slit_bridge,56,private-source://routeA_experiments/data/final_ood_frozen_v1/slit_bridge/sample_0056.npz,754e5a373c358a5e7e5648b5ee524f7f3caf5be3ad24ca01b4bbaa5930f3722f,0.0060188560164533556,0.051932709272842895,0.3174220541146753,0.5837623178958893,0.19266277551651,0.3343591101467606
residual_v2,57,slit_bridge,57,private-source://routeA_experiments/data/final_ood_frozen_v1/slit_bridge/sample_0057.npz,88bdcbb6787810fba1f67ab1e1d706c0a0449080180a5731fe9e830cd5c1781e,0.006354730983730406,0.0637145556155744,0.5813895741449215,0.7601134181022644,0.3244443014264107,0.5786328941583633
residual_v2,57,slit_bridge,58,private-source://routeA_experiments/data/final_ood_frozen_v1/slit_bridge/sample_0058.npz,25dc8c7315b0e070c4b3619308cd7da2f67091e9d12652a39dff2c4abf512a48,0.00646950799273327,0.05334257264769215,0.5165396346099126,0.6360858082771301,0.2094070166349411,0.5215705335140228
residual_v2,57,slit_bridge,59,private-source://routeA_experiments/data/final_ood_frozen_v1/slit_bridge/sample_0059.npz,8537f0d12de7433ac2c634794f33eec0a1ef183fb6a9871cd07ec6fe9960e78c,0.007433752005454153,0.06732321448961762,0.7184106942212657,0.7552407085895538,0.33533334732055664,0.6488292545080183
residual_v2,57,slit_bridge,60,private-source://routeA_experiments/data/final_ood_frozen_v1/slit_bridge/sample_0060.npz,ccb10d13e92987f9e92f19f57b8c828d1cec71baabf49eeda5b8131c81cffaae,0.007093527994584292,0.06295926090495228,0.6174330518818866,0.7675946354866028,0.3444880545139313,0.5982147514820099
residual_v2,57,slit_bridge,61,private-source://routeA_experiments/data/final_ood_frozen_v1/slit_bridge/sample_0061.npz,617d3d8d6e33e0cd8b2d68db50b259c76f1b572922b1f4eafd14d5c95f7f2927,0.007644933008123189,0.08588125137317351,0.680849373315821,0.7602855563163757,0.38024044036865234,0.6192413359880448
residual_v2,57,slit_bridge,62,private-source://routeA_experiments/data/final_ood_frozen_v1/slit_bridge/sample_0062.npz,4cb6187852b50d7a648cc396d4b92a5199fc15e009d3e6afe856b73e4795fb3c,0.006882912013679743,0.08540853354305189,0.7987364119227758,0.832046315073967,0.4848519414663315,0.7719855941832066
residual_v2,57,slit_bridge,63,private-source://routeA_experiments/data/final_ood_frozen_v1/slit_bridge/sample_0063.npz,dac27c2cdc3cfd09038c74bf4bee8892e3fbd4242d4ae68cf068121304f4b392,0.007618821982759982,0.08808734757915862,0.8958899317379412,0.9242092370986938,0.3877822458744049,0.7910304158925998
residual_v2,57,slit_bridge,64,private-source://routeA_experiments/data/final_ood_frozen_v1/slit_bridge/sample_0064.npz,42bf6e538ce7971d6bb267afcbb5017c74c7ee0a38eeeb22b770afd6da523ffd,0.007376203982857987,0.06624968412712015,0.5786783852725033,0.7312500774860382,0.3344801068305969,0.6750364959239957
residual_v2,57,slit_bridge,65,private-source://routeA_experiments/data/final_ood_frozen_v1/slit_bridge/sample_0065.npz,8ae70c1cc087b2cb14feefb626847c8e54e0ee1ff237949762758fc9fef1ccfe,0.0058971570106223226,0.08244900703354446,0.638013139234232,0.7761369943618774,0.35032906383275986,0.5674660265445708
residual_v2,57,slit_bridge,66,private-source://routeA_experiments/data/final_ood_frozen_v1/slit_bridge/sample_0066.npz,bf5bec0125f3e132a0234c3c65c18310c2a824fe299149a53c91065ba9684ebc,0.006773624976631254,0.06300137736383066,0.46762527426228845,0.6172770857810974,0.28975604474544525,0.4296777129173272
residual_v2,57,slit_bridge,67,private-source://routeA_experiments/data/final_ood_frozen_v1/slit_bridge/sample_0067.npz,c4c4d08eb71d2a88a3573896b8651cdf6ff3433eaf00aef21e8815ee63c8636b,0.006872464990010485,0.056331365433612605,0.432017495067267,0.5362918339669704,0.25763533636927605,0.3610139682888983
residual_v2,57,slit_bridge,68,private-source://routeA_experiments/data/final_ood_frozen_v1/slit_bridge/sample_0068.npz,9d5bf135c023eb440f5e2fcdbcd3144986ccea4a471e8d876188876d1f874f48,0.006166097999084741,0.07371659837107052,0.8236621941432916,0.85809226334095,0.33302948251366615,0.6010905168950554
residual_v2,57,slit_bridge,69,private-source://routeA_experiments/data/final_ood_frozen_v1/slit_bridge/sample_0069.npz,5c786c1f5b59aea34b782d6d4f11df00e05c430f5d55022b5da71cb4fb8d0930,0.006148237996967509,0.0699524786051166,0.726031268326584,0.88719093054533,0.3482450544834137,0.7455880552530286
residual_v2,57,slit_bridge,70,private-source://routeA_experiments/data/final_ood_frozen_v1/slit_bridge/sample_0070.npz,ed31a0aa3d983e019a2886acd9e424e492ee60dd9051fcd420f294aa7d65556d,0.006202334014233202,0.061748307523551454,0.5385700526671215,0.6651826649904251,0.24329577013850212,0.46673517823219296
residual_v2,57,slit_bridge,71,private-source://routeA_experiments/data/final_ood_frozen_v1/slit_bridge/sample_0071.npz,392690e82cd3c5edc07092ea1286bb31ee5ff623427f4ad994d7d81479d6dab4,0.00672682499862276,0.06733057321089152,0.7250086637412051,0.8870673179626465,0.32268721610307693,0.6776161313056944
residual_v2,57,slit_bridge,72,private-source://routeA_experiments/data/final_ood_frozen_v1/slit_bridge/sample_0072.npz,13d1458cb7f3b3c59870f9253bb955db809110e13c2d3e0b7bd73b1dc03bcc6b,0.0075150310003664345,0.07015136955781077,0.7721657607490483,0.9064124822616577,0.3256010413169861,0.6239981234073624
residual_v2,57,slit_bridge,73,private-source://routeA_experiments/data/final_ood_frozen_v1/slit_bridge/sample_0073.npz,abe7b6b76ff8f9f9514fc6c9452f5d49124e62bec9ef2160c3a275b0c13db251,0.007295931980479509,0.07697251167626554,0.8091094710293806,0.8103304207324982,0.3855877071619034,0.6845768138766283
residual_v2,57,slit_bridge,74,private-source://routeA_experiments/data/final_ood_frozen_v1/slit_bridge/sample_0074.npz,51ff9c6ba58e09f4038fba26fc78e8d866d805ea092ff9a4834e7d07d5b953c3,0.007461210974724963,0.0607241666928725,0.4818512296381326,0.6487979888916016,0.27274903655052185,0.46428720951080293
residual_v2,57,slit_bridge,75,private-source://routeA_experiments/data/final_ood_frozen_v1/slit_bridge/sample_0075.npz,295242b0a3c4441b1839c2e51ada10cd8d911b42bc383c1c876668ed7db69aca,0.007521628984250128,0.05679950418569801,0.5626489968259373,0.66315096616745,0.27839142084121704,0.5560195535421368
residual_v2,57,slit_bridge,76,private-source://routeA_experiments/data/final_ood_frozen_v1/slit_bridge/sample_0076.npz,beb19109c76423a493f2dce420b9e7186ae828c5f8afa7330784720dd627942a,0.007447188982041553,0.08022601594834125,0.6397536847541003,0.6503681540489197,0.3740955591201782,0.5729819148778915
residual_v2,57,slit_bridge,77,private-source://routeA_experiments/data/final_ood_frozen_v1/slit_bridge/sample_0077.npz,2b930b075d3b18dc862520638716d3ca8b214cccc86033c8a5389cf1eee32caf,0.007874477974837646,0.06911307251038504,0.7450336338680402,0.8257687613368034,0.3034789338707924,0.7389224931597707
residual_v2,57,slit_bridge,78,private-source://routeA_experiments/data/final_ood_frozen_v1/slit_bridge/sample_0078.npz,81766226a2c457e6280404619b8b2ac47bc63cd5302a18b5988528768c89a906,0.00755616498645395,0.07143611038817979,0.757746109007018,0.9130917489528656,0.3560301400721073,0.7271206304430952
residual_v2,57,slit_bridge,79,private-source://routeA_experiments/data/final_ood_frozen_v1/slit_bridge/sample_0079.npz,39d04f6918bf1e91b48064494be9aa05bd75bf2d12d1b69e17182fdccc736084,0.006267744000069797,0.07733667952707782,0.576944557344445,0.6600886583328247,0.37218882143497467,0.5520595222711561
residual_v2,57,slit_bridge,80,private-source://routeA_experiments/data/final_ood_frozen_v1/slit_bridge/sample_0080.npz,34759e2ce25b3deafb7b86e4a166e29aa7b6ad6312b24ec108b7195308a75605,0.0066868689900729805,0.07297437895786385,0.9194895344987692,0.9402887970209122,0.3253193013370037,0.7826267212629302
residual_v2,57,slit_bridge,81,private-source://routeA_experiments/data/final_ood_frozen_v1/slit_bridge/sample_0081.npz,c09c71d395b921fd42317ee8257d8e8ca0fefc88548e7044fde1c9427bc01d57,0.006215153000084683,0.057927995160459815,0.3615654705162791,0.4747926592826843,0.23006979376077652,0.39476255476474686
residual_v2,57,slit_bridge,82,private-source://routeA_experiments/data/final_ood_frozen_v1/slit_bridge/sample_0082.npz,76690bbcb43ff947e8588630e8c1f5eaeae09d80c05290dd16299c07f4b07db3,0.0074267369927838445,0.04613236926989612,0.3229574985048276,0.4057087302207947,0.19670777022838593,0.3182148754596701
residual_v2,57,slit_bridge,83,private-source://routeA_experiments/data/final_ood_frozen_v1/slit_bridge/sample_0083.npz,b13467cf03c2c8574ad8306306835f018286494378025cc13aa4b84ebb20ce43,0.005351262982003391,0.0639499838042435,1.2966934399553889,0.9489540085196495,0.23680195248743985,0.6156613409519193
residual_v2,57,slit_bridge,84,private-source://routeA_experiments/data/final_ood_frozen_v1/slit_bridge/sample_0084.npz,9c49b44f5bee1f5433dbba97fd43f3fbe29009da78b18d356f171b5351154266,0.007038240990368649,0.05559202701182929,0.4239884682095052,0.5210235714912415,0.22683271765708923,0.40222115516662477
residual_v2,57,slit_bridge,85,private-source://routeA_experiments/data/final_ood_frozen_v1/slit_bridge/sample_0085.npz,f99b2ecfc893456f4094ee49f725dacd918863f2c57f06cd9486ed733ef4c220,0.006887787982122973,0.06587407810183832,0.7814658268400703,0.8533593267202377,0.32262436486780643,0.7466918446123599
residual_v2,57,slit_bridge,86,private-source://routeA_experiments/data/final_ood_frozen_v1/slit_bridge/sample_0086.npz,fa0010c85def531807bfac046d520a0e1fcfa53f399129a530872a5ed7c486e8,0.0068897969904355705,0.08007808555322354,0.7579843775382189,0.8657530546188354,0.45034417510032654,0.7085619211196891
residual_v2,57,slit_bridge,87,private-source://routeA_experiments/data/final_ood_frozen_v1/slit_bridge/sample_0087.npz,c71c435433f07e222a9c7657e14158b1582d4eb606c1feec9a70429635dc0db8,0.006633616023464128,0.08256898257331567,0.815126703365828,0.8397125005722046,0.40448012202978134,0.7641431033611297
residual_v2,57,slit_bridge,88,private-source://routeA_experiments/data/final_ood_frozen_v1/slit_bridge/sample_0088.npz,356663c8d9f185922d520ff8cab4336c663ae05fa5851257b47fd5a7f2890d38,0.007315002992982045,0.07391847858832333,0.6783315063249505,0.7340924441814423,0.3611099496483803,0.625536482036113
residual_v2,57,slit_bridge,89,private-source://routeA_experiments/data/final_ood_frozen_v1/slit_bridge/sample_0089.npz,8a9067dfbc0e5c2e206260b72a5ca217d4c4ab8591213e41f21555fef28ede5c,0.007538614998338744,0.05268049433946843,0.551735997471605,0.7619551122188568,0.2718326151371002,0.5588342994451522
residual_v2,57,slit_bridge,90,private-source://routeA_experiments/data/final_ood_frozen_v1/slit_bridge/sample_0090.npz,e8f22014254e79ac9ea4af542bb6a6578f4d3903902c242153233437a8df0eca,0.007562111975857988,0.07101340989547386,0.6439488112068594,0.7889444530010223,0.3084796816110611,0.6407242521643639
residual_v2,57,slit_bridge,91,private-source://routeA_experiments/data/final_ood_frozen_v1/slit_bridge/sample_0091.npz,9ac5d5dae9509b1d341ae8236d8e0bd3b682e73f0fabd2327bc777955fc68672,0.005945927026914433,0.06713325376245458,0.5249345660229221,0.6632673144340515,0.38759614527225494,0.5952352911233894
residual_v2,57,slit_bridge,92,private-source://routeA_experiments/data/final_ood_frozen_v1/slit_bridge/sample_0092.npz,fce6d4931689f991567299750cb2e58ba69a69fb8a7ea9ca2b6623d311e269b9,0.004942269006278366,0.08210694789226984,0.7098482576497167,0.7882448434829712,0.4014538824558258,0.6282634019851683
residual_v2,57,slit_bridge,93,private-source://routeA_experiments/data/final_ood_frozen_v1/slit_bridge/sample_0093.npz,ba68ade9b7a7667d9de5bbb4e80fd05e409e86460843549762f31a41447162d1,0.005202738975640386,0.06942279483151692,0.7325181827077708,0.7917208075523376,0.31563497334718704,0.6528000682592392
residual_v2,57,slit_bridge,94,private-source://routeA_experiments/data/final_ood_frozen_v1/slit_bridge/sample_0094.npz,ccba8ddededbe3b30aeff76d268cff5c811b3ec60c50fc5e9c8ad0ef75b4658f,0.006787909020204097,0.07328499149396973,0.6561276000461487,0.6699087023735046,0.35312576591968536,0.521403104066848
residual_v2,57,slit_bridge,95,private-source://routeA_experiments/data/final_ood_frozen_v1/slit_bridge/sample_0095.npz,d8673dac77deb264dbb605e3b8da123628dc8c82574f2e781ca0ed91d7e7ce88,0.006842677015811205,0.07416906317082551,0.7940962895451026,0.9287725687026978,0.3308081813156605,0.7365471944212914
residual_v2,57,slit_bridge,96,private-source://routeA_experiments/data/final_ood_frozen_v1/slit_bridge/sample_0096.npz,88387af9839890df82ba2388bdcdfa95d6200c6b8848f9cbfc0dda3b8e1f5f31,0.005084992997581139,0.07330644033008218,0.6590522770621893,0.7637061476707458,0.38889850676059723,0.6714170038700101
residual_v2,57,slit_bridge,97,private-source://routeA_experiments/data/final_ood_frozen_v1/slit_bridge/sample_0097.npz,042e86e783efa3942e62430f3045cf582a6d959709c938cb225b92bc44bcc64f,0.005566601001191884,0.07290632298787486,0.511933539537214,0.7917458415031433,0.3082592487335205,0.47226804494857777
residual_v2,57,slit_bridge,98,private-source://routeA_experiments/data/final_ood_frozen_v1/slit_bridge/sample_0098.npz,f76accedd1c25ec4c7b700fef8f7e440bff7ca6d234800cb8d3b4cd6f7f7b8e6,0.007223042979603633,0.07000474321464607,0.6724240812116643,0.7338377833366394,0.3172011226415634,0.6876850664615629
residual_v2,57,slit_bridge,99,private-source://routeA_experiments/data/final_ood_frozen_v1/slit_bridge/sample_0099.npz,6a4b39b6a971b50d0cd5a3eefaf6a1f3f142b0d9ecee397ce1ff23093f6a46d9,0.0070507659984286875,0.060689017971833105,0.4986479199845853,0.5765678584575653,0.3181445449590683,0.48699494600295945
residual_v2,57,slit_bridge,100,private-source://routeA_experiments/data/final_ood_frozen_v1/slit_bridge/sample_0100.npz,09c098f8500ef7ae13df30b97fd58bdcffba8843b115a610318dc18f65ef3540,0.006269451987463981,0.085511117568659,0.9096781969598012,0.9374162554740906,0.3898046463727951,0.772100707888603
residual_v2,57,slit_bridge,101,private-source://routeA_experiments/data/final_ood_frozen_v1/slit_bridge/sample_0101.npz,3671b99524219e4e7f1acd583f0a9f657d15a23a30ed3d575564b8f9d92d770e,0.00550229600048624,0.08020408962747995,0.6162248812366861,0.6900043487548828,0.457350954413414,0.6086658954620359
residual_v2,57,slit_bridge,102,private-source://routeA_experiments/data/final_ood_frozen_v1/slit_bridge/sample_0102.npz,b8b9ab3a97d31d7c91628f73ac4db6371901871d302b30af028ae7297b2b153b,0.0071532659931108356,0.052099225897620914,0.9952477588596303,0.9363034181296825,0.2004592036246322,0.67955655939877
residual_v2,57,slit_bridge,103,private-source://routeA_experiments/data/final_ood_frozen_v1/slit_bridge/sample_0103.npz,9f972861588cfdfdfbc3d1b3492908230dc44d640058083aa85270fbceb816f9,0.0061899849970359355,0.06312240223631069,0.6337493668191401,0.6739950776100159,0.3624271899461746,0.5825681090354919
residual_v2,57,slit_bridge,104,private-source://routeA_experiments/data/final_ood_frozen_v1/slit_bridge/sample_0104.npz,762aadec5fa91e8e7a7f85a7683286f4a4fa0192f736680d733b0707b91d4494,0.00636500702239573,0.07744412412218477,0.7718342820184517,0.7940636426210403,0.3577427640557289,0.7173958897590637
residual_v2,57,slit_bridge,105,private-source://routeA_experiments/data/final_ood_frozen_v1/slit_bridge/sample_0105.npz,713c1a733e7b6f8c51dfe4d3f144d58d7ee189053361d35b7cb0099d093f55b6,0.00726908101933077,0.06575444589703387,0.7058197708609866,0.8344641476869583,0.3225051760673523,0.7221912980079648
residual_v2,57,slit_bridge,106,private-source://routeA_experiments/data/final_ood_frozen_v1/slit_bridge/sample_0106.npz,73c88046498ca7cb948857d6c873d10ec1b1bb70ce8813a259156f5e49c803e0,0.00685051700565964,0.08490847996946574,0.9636850359686632,1.0521116256713867,0.45675326883792877,0.8724169015884399
residual_v2,57,slit_bridge,107,private-source://routeA_experiments/data/final_ood_frozen_v1/slit_bridge/sample_0107.npz,8e962067b4a867a40f8b8f07d19dbcf42eb4d7a6b08ac522bd140e761933b129,0.007266380998771638,0.07837105063564714,0.7618789511571161,0.8182401359081268,0.37838369235396385,0.702108760178089
residual_v2,57,slit_bridge,108,private-source://routeA_experiments/data/final_ood_frozen_v1/slit_bridge/sample_0108.npz,23bb0eb2ffb8522d891e10b78e9f4fcf6ea2c8b5136c119d1353dc41e81126a2,0.006861016998300329,0.06100028154509114,0.44905448558849975,0.555393397808075,0.3204442262649536,0.4857743382453918
residual_v2,57,slit_bridge,109,private-source://routeA_experiments/data/final_ood_frozen_v1/slit_bridge/sample_0109.npz,ee7d8642727cde846b418e0d6ef6f3d525513d8f7c13d4e21a694399a5887809,0.006334523990517482,0.08390695821061599,0.8146333038268915,0.8426980823278427,0.42631643265485764,0.6995468392968176
residual_v2,57,slit_bridge,110,private-source://routeA_experiments/data/final_ood_frozen_v1/slit_bridge/sample_0110.npz,2cb9d93c491c746797690b373d3873b13231a0144087e5c6f98bc1674dcf9aa9,0.0059968470013700426,0.09198614514453132,0.8408019360560729,0.8596124947071075,0.44502561539411545,0.7412830501794809
residual_v2,57,slit_bridge,111,private-source://routeA_experiments/data/final_ood_frozen_v1/slit_bridge/sample_0111.npz,20cb4a3d10bd1589b41836354fc8ffcea2f716f9c4d860e668becadedadd9f38,0.006166175997350365,0.05550522220885221,0.46426808357150906,0.5691604614257812,0.26030056178569794,0.4478794753551481
residual_v2,57,slit_bridge,112,private-source://routeA_experiments/data/final_ood_frozen_v1/slit_bridge/sample_0112.npz,37a74f8306ed3c59b31377d7e4a65031205ca4f453cf06b54132466f7b6b4a27,0.005923938995692879,0.0888279058696108,0.8824073312275229,0.8971367478370667,0.43082016333937645,0.8233966119587418
residual_v2,57,slit_bridge,113,private-source://routeA_experiments/data/final_ood_frozen_v1/slit_bridge/sample_0113.npz,ef235deec817e178c9aadff18419bfa34a077733d1176a3329f0534a76dc2a36,0.006328096991637722,0.07755424279908102,0.8075497694806693,0.839282214641571,0.37786389142274857,0.7134341724216929
residual_v2,57,slit_bridge,114,private-source://routeA_experiments/data/final_ood_frozen_v1/slit_bridge/sample_0114.npz,fee8722c5da8ec155bbe8e819b2eefa2d11a554066c684e422d739ef76676fdc,0.0067452760122250766,0.06190039053058118,0.5063375279754124,0.6270233392715454,0.25712747871875763,0.4488634184002874
residual_v2,57,slit_bridge,115,private-source://routeA_experiments/data/final_ood_frozen_v1/slit_bridge/sample_0115.npz,c0ff037ccc5a055bf9e6049f73b19eb3ef3c759d34e01dde7782629ee5155b1a,0.007600123004522175,0.08717507526867822,0.7770559534435328,0.8173903822898865,0.4357870742678642,0.675422087311744
residual_v2,57,slit_bridge,116,private-source://routeA_experiments/data/final_ood_frozen_v1/slit_bridge/sample_0116.npz,89796e3463ade62e6165c2220b9206d7e09c13d435e41116a44b4b2b72d8a7e2,0.00628505100030452,0.07579578660445681,0.8683422085380825,0.890335738658905,0.4239386022090912,0.7798731788992876
residual_v2,57,slit_bridge,117,private-source://routeA_experiments/data/final_ood_frozen_v1/slit_bridge/sample_0117.npz,0b5ddb4fbb4b1abaaecda668cf96d47108c2d0634e698e348798412ad2c8bd5b,0.006020624976372346,0.054643754596078536,0.40275260943811864,0.5179752558469772,0.26235029101371765,0.3952450215816493
residual_v2,57,slit_bridge,118,private-source://routeA_experiments/data/final_ood_frozen_v1/slit_bridge/sample_0118.npz,67c9870824a0cf24261c14ee2ee54260350b87c984724da8b7b3239ef5f4f8f2,0.0063595079991500825,0.09714445948286948,0.9197397558204271,0.9544211328029633,0.5218541026115417,0.8581119343638419
residual_v2,57,slit_bridge,119,private-source://routeA_experiments/data/final_ood_frozen_v1/slit_bridge/sample_0119.npz,3cd3c867da52bc984e6b469d03b48c1d502d3c379c3a09320042c00db34b1f2f,0.007320981007069349,0.06835089294299215,0.7721982605783255,0.8849715441465378,0.3967355936765671,0.7172362595796582
residual_v2,57,slit_bridge,120,private-source://routeA_experiments/data/final_ood_frozen_v1/slit_bridge/sample_0120.npz,321a3cdc9661e8fd1679cfceed9f566fa138dcdcf45b5bb5a1d8fce6ede740f1,0.006334120000246912,0.07823344843427414,0.9256296016540111,0.8923024982213974,0.31328535825014114,0.7012223973870267
residual_v2,57,slit_bridge,121,private-source://routeA_experiments/data/final_ood_frozen_v1/slit_bridge/sample_0121.npz,947ac005aaaab451b701b3285288d12286101f1936826903031becc4a8c82912,0.0057963810104411095,0.07996093133189558,0.8504629970267816,0.8707089126110077,0.4156054686754942,0.7361950978636738
residual_v2,57,slit_bridge,122,private-source://routeA_experiments/data/final_ood_frozen_v1/slit_bridge/sample_0122.npz,f86df5b1facc0d81f78a07017d7a1169d59fc90ab287dd52fa7ef79d790e2e91,0.006385167973348871,0.06897202366679411,0.5471840460003007,0.5808624923229218,0.34077103435993195,0.5317221045494077
residual_v2,57,slit_bridge,123,private-source://routeA_experiments/data/final_ood_frozen_v1/slit_bridge/sample_0123.npz,dd8d213055c704fdaab30fa56f42a33f2b17cda2608934ee3c8395f1fa3ac372,0.007532280025770888,0.10442746130201369,1.1263265836029426,1.0003091245889664,0.39528441056609154,0.8691445529460903
residual_v2,57,slit_bridge,124,private-source://routeA_experiments/data/final_ood_frozen_v1/slit_bridge/sample_0124.npz,989ca5a6639d386f9ba2fbbe4929a51151c1d1f58f0b02af5979a213ce187952,0.005925320991082117,0.07105528420143756,0.8932116209154395,0.9181543290615082,0.2947097234427929,0.6415705151855943
residual_v2,57,slit_bridge,125,private-source://routeA_experiments/data/final_ood_frozen_v1/slit_bridge/sample_0125.npz,a70aa7c2b0ab69e05a1bdac27c118b00080fd91ce4b14294cf3d802c7d9815c3,0.0060041630058549345,0.056181851720544906,0.5225687020311972,0.6158627271652222,0.26741923391819,0.5437369823455808
residual_v2,57,slit_bridge,126,private-source://routeA_experiments/data/final_ood_frozen_v1/slit_bridge/sample_0126.npz,093585a00e910cd41c9a8b1050dbde9900de283da5c8bcf64b0e6657b12ce6c0,0.006271377991652116,0.08667687706838702,0.7073952871981896,0.8262695223093033,0.45458565652370453,0.6847720474004743
residual_v2,57,slit_bridge,127,private-source://routeA_experiments/data/final_ood_frozen_v1/slit_bridge/sample_0127.npz,fbaeeb14ed4064772eccd6ad5d7ce8b30fd2cd571f89be44730cad2f429acd53,0.0061198930197861046,0.06588451282588538,0.5660052233541369,0.6366468966007233,0.3393617048859596,0.5437234699726101
residual_v2,57,slit_bridge,128,private-source://routeA_experiments/data/final_ood_frozen_v1/slit_bridge/sample_0128.npz,f8dcb1ad9a029b0aaa0eb4226be5e9fb26f98253b2ac2ee759238972e2b35793,0.0063113869982771575,0.06581834517884613,0.5315748484075544,0.615498423576355,0.26198577880859375,0.5023307740688323
residual_v2,57,slit_bridge,129,private-source://routeA_experiments/data/final_ood_frozen_v1/slit_bridge/sample_0129.npz,4fde72568a862f65ab802425b157856bd372d3c84dff9690b725526c7c4caa72,0.007325308979488909,0.06297255522306268,0.5076214888566785,0.7369506359100342,0.2743857800960541,0.4937698215246195
residual_v2,57,slit_bridge,130,private-source://routeA_experiments/data/final_ood_frozen_v1/slit_bridge/sample_0130.npz,c5fc37a33ccfde0c5c1bc91a423ff22369761aa4a2358c6bf448d552f93ebe9f,0.004820255999220535,0.04323687224434523,0.2941624270998407,0.39006075263023376,0.18987242877483368,0.2753707319498059
residual_v2,57,slit_bridge,131,private-source://routeA_experiments/data/final_ood_frozen_v1/slit_bridge/sample_0131.npz,816e62f42925e1228f1925aa9a64af845857cc8af393bef8edcc95e0b32ae811,0.005853668990312144,0.06531391458751776,0.5018292179656163,0.7618220448493958,0.2684312374331057,0.44648521244525846
residual_v2,57,slit_bridge,132,private-source://routeA_experiments/data/final_ood_frozen_v1/slit_bridge/sample_0132.npz,0fe2c82d437426e3d5e3a8a69a3eaf8444f65273028a83b43642500191be1de2,0.004806762997759506,0.0786686374214616,0.8910182640861212,0.9260475635528564,0.376610005274415,0.7416895821690547
residual_v2,57,slit_bridge,133,private-source://routeA_experiments/data/final_ood_frozen_v1/slit_bridge/sample_0133.npz,158533d38705bbe83ad1aff888d4d281d11c259abc75e687100337a1169b6b79,0.006690231995889917,0.07560776474980443,0.6138485696029917,0.6464264988899231,0.40909214317798615,0.5987095355987547
residual_v2,57,slit_bridge,134,private-source://routeA_experiments/data/final_ood_frozen_v1/slit_bridge/sample_0134.npz,809d1f61ff74bd28a60a9ee3e93980572061abc432bf497071f850cf295e5a22,0.006891547003760934,0.09513217216305216,0.8890308161290641,0.8772479891777039,0.43344297260046005,0.8225988760590554
residual_v2,57,slit_bridge,135,private-source://routeA_experiments/data/final_ood_frozen_v1/slit_bridge/sample_0135.npz,49a6d2f84ef15ae562f31d7f8186dcf515a22bd150120c9ef7592236bc4da560,0.005421314999694005,0.05659307875046975,0.6300668936806054,0.7610407769680023,0.2922767698764801,0.5608878552913665
residual_v2,57,slit_bridge,136,private-source://routeA_experiments/data/final_ood_frozen_v1/slit_bridge/sample_0136.npz,0aaf02ec1906882bedac48878d8b32168a7bb9aa28e664600efcf7880eeb0a09,0.006976948003284633,0.04125354340611506,0.27014450021025954,0.385116383433342,0.17513808608055115,0.3017171323299407
residual_v2,57,slit_bridge,137,private-source://routeA_experiments/data/final_ood_frozen_v1/slit_bridge/sample_0137.npz,3060120b449129fec3dadb659d3c9a7989d9e4319138bf42de3acdc3ba915c02,0.006805723009165376,0.05623026183860626,0.4875598675503315,0.5696072280406952,0.26437440514564514,0.4701751321554181
residual_v2,57,slit_bridge,138,private-source://routeA_experiments/data/final_ood_frozen_v1/slit_bridge/sample_0138.npz,6ed13d9162ca3514a314258b8d24016c2bc8875b25b0b38c5cdfa938f2a1eee2,0.006718745018588379,0.09514958859972261,0.9523389610152898,0.9776153862476349,0.38439347594976425,0.7366008847951885
residual_v2,57,slit_bridge,139,private-source://routeA_experiments/data/final_ood_frozen_v1/slit_bridge/sample_0139.npz,658f1ca5a3c9c31ef1d3034e1fa4b0a5769e9c38a410ad1b72996a2aa8abf1a0,0.005328847008058801,0.05958120783905,0.5351624516248925,0.7252257466316223,0.33164308965206146,0.4952684462070465
residual_v2,57,slit_bridge,140,private-source://routeA_experiments/data/final_ood_frozen_v1/slit_bridge/sample_0140.npz,4cb2e3c95ee8b50b37549ea056e6b5e6349cac539e85f6c167d54902061606d1,0.0051329570123925805,0.07981145710594778,0.632824456483882,0.7127803564071655,0.3002473786473274,0.5001677393913266
residual_v2,57,slit_bridge,141,private-source://routeA_experiments/data/final_ood_frozen_v1/slit_bridge/sample_0141.npz,72511c727388df3bf5af40ee47932e5d0ea12cec9268d07a95eff4200660e42e,0.006460172007791698,0.07417913199367179,0.698855381290854,0.801119014620781,0.3857904002070427,0.6313351705670356
residual_v2,57,slit_bridge,142,private-source://routeA_experiments/data/final_ood_frozen_v1/slit_bridge/sample_0142.npz,306a40af48edd29b46f137a9e1015dba90eef9f89a216e9034ab8c4e810088cb,0.00688920498942025,0.07677236852322937,0.9196850365411355,0.9871881008148193,0.3550712764263153,0.8041535854339599
residual_v2,57,slit_bridge,143,private-source://routeA_experiments/data/final_ood_frozen_v1/slit_bridge/sample_0143.npz,9143fda697b9d0ca554a018b16f7dcedf9ce17f64344f4de043fd7612877a3d2,0.007180786982644349,0.07753007317413708,0.9589238599190845,0.9582424089312553,0.4083181880414486,0.7582406669855108
residual_v2,57,slit_bridge,144,private-source://routeA_experiments/data/final_ood_frozen_v1/slit_bridge/sample_0144.npz,cede0fd6d7f85a69aeaae09213236482ad3047e9130d14dd79693b9e243f783b,0.0070379539974965155,0.0828622056645275,0.8986927953125274,0.981512039899826,0.3451143801212311,0.8487735643982883
residual_v2,57,slit_bridge,145,private-source://routeA_experiments/data/final_ood_frozen_v1/slit_bridge/sample_0145.npz,2d9fdb82c8a7275b63a15c4d95ab584a0842ebd21fd6762928d68475fe8cc330,0.00508616998558864,0.0956343389884816,0.8552154674166419,0.9165898859500885,0.5322866886854172,0.8174916028976438
residual_v2,57,slit_bridge,146,private-source://routeA_experiments/data/final_ood_frozen_v1/slit_bridge/sample_0146.npz,207f5f551061e628bde8bc221dd64138c07612d4245a97390961be3ea5e16611,0.005541800026549026,0.06165886196887837,0.49413770905450216,0.5957131087779999,0.27337872982025146,0.49410786032676646
residual_v2,57,slit_bridge,147,private-source://routeA_experiments/data/final_ood_frozen_v1/slit_bridge/sample_0147.npz,82d0e49e8401c09f0e3e6a3547b29f4d5a1dedbc6b0f06beea92cbeb4866ea11,0.00532549200579524,0.06725797973930168,0.7075281794956418,0.833106130361557,0.2789589539170265,0.5878751501441002
residual_v2,57,slit_bridge,148,private-source://routeA_experiments/data/final_ood_frozen_v1/slit_bridge/sample_0148.npz,e38da3693d172092572c7f2754a94e44ef94b0502f3919d896ce0c2fbe38e009,0.0048794719914440066,0.07030256846223713,0.6729362089386832,0.794344037771225,0.36777227371931076,0.6543514907360066
residual_v2,57,slit_bridge,149,private-source://routeA_experiments/data/final_ood_frozen_v1/slit_bridge/sample_0149.npz,afc272ad1c582032ceafc263f98a9500852bcc9f113906a40f63ad64c40aee4c,0.005456068989587948,0.055014479165981976,1.0680606077612844,0.9745098613202572,0.19274952821433544,0.7642793301492926
residual_v2,57,slit_bridge,150,private-source://routeA_experiments/data/final_ood_frozen_v1/slit_bridge/sample_0150.npz,3d18460af3363948da3a01a3d1b31a48effc40aa616a1b5dd39689622a7ec45c,0.005970289988908917,0.06725212975505346,0.45195162924397986,0.6047844290733337,0.27985140681266785,0.4316577143967132
residual_v2,57,slit_bridge,151,private-source://routeA_experiments/data/final_ood_frozen_v1/slit_bridge/sample_0151.npz,d5753da7388ebb54f9cf2699537d139086e01002d7a59190bb63986a17939a32,0.005280749988742173,0.07119462209341695,0.6064091679111294,0.7387899160385132,0.33829760551452637,0.6575154364109036
residual_v2,57,slit_bridge,152,private-source://routeA_experiments/data/final_ood_frozen_v1/slit_bridge/sample_0152.npz,9695aa6ea858785b103e16fd61c266f988f64686cfbdc88b2899662da023ea05,0.005623012024443597,0.06231774419326408,0.6386429863134078,0.6968187689781189,0.3345549702644348,0.5738478779792785
residual_v2,57,slit_bridge,153,private-source://routeA_experiments/data/final_ood_frozen_v1/slit_bridge/sample_0153.npz,60ac6a052ff2a92b7086357b74a96c31e33d7255ddf407c4f70bc5fe58806b60,0.005672358995070681,0.06553063681671145,1.1242819974304794,0.9921822994947433,0.29877854185178876,0.7320484377443783
residual_v2,57,slit_bridge,154,private-source://routeA_experiments/data/final_ood_frozen_v1/slit_bridge/sample_0154.npz,02efeff9d6ba6e84c68ab742c168c4ca40609c73d6f82146e8a2f5b10a657897,0.00550251200911589,0.058390462085526854,1.1375342855879451,0.9402538537979126,0.19858432150795124,0.5776051912456741
residual_v2,57,slit_bridge,155,private-source://routeA_experiments/data/final_ood_frozen_v1/slit_bridge/sample_0155.npz,ea8bfa01563270f5d6e2ec9dbe473f05772c2e4989b937a57ae2104227258fed,0.006491598003776744,0.06192305130563439,0.43503111673602357,0.5137290358543396,0.2909284085035324,0.4258440285921096
residual_v2,57,slit_bridge,156,private-source://routeA_experiments/data/final_ood_frozen_v1/slit_bridge/sample_0156.npz,5005fb0814bda784608be7da52a32e34a6544ba7bd358a95694b62e213f8f2c2,0.006810895021772012,0.0828458179620018,0.8135845028842766,0.8564139753580093,0.44343986362218857,0.7391305759549138
residual_v2,57,slit_bridge,157,private-source://routeA_experiments/data/final_ood_frozen_v1/slit_bridge/sample_0157.npz,ac48ebb841e2622ef6bc4ba966dad1b3b604f8d724d29e6f2fab1b6641ee1921,0.005574373004492372,0.08571931234023819,0.8369888375905215,0.9296896159648895,0.42091256752610207,0.7816834621131414
residual_v2,57,slit_bridge,158,private-source://routeA_experiments/data/final_ood_frozen_v1/slit_bridge/sample_0158.npz,2f49624ea36882b03b9786cab30360722cade76c056bea230f9c9ba4ac764c8b,0.007125668984372169,0.06420529548561689,0.406371098898996,0.5699326395988464,0.24425217509269714,0.413432729244232
residual_v2,57,slit_bridge,159,private-source://routeA_experiments/data/final_ood_frozen_v1/slit_bridge/sample_0159.npz,d0b13a51187a418d7efe2e93a19604a3d01c818ea9736b5aa09b4607fad5fa55,0.006290329009061679,0.06318306958309562,0.4986770602905057,0.5012126266956329,0.28539974987506866,0.43658281564712526
residual_v2,57,slit_bridge,160,private-source://routeA_experiments/data/final_ood_frozen_v1/slit_bridge/sample_0160.npz,622f4d8070ecdd9d0a824ce72f84fecc0c78f83011ff11259ebc6bb846de281e,0.0071344700118061155,0.06685805684667606,0.5638504624049079,0.6320814490318298,0.3464251905679703,0.5537382334470742
residual_v2,57,slit_bridge,161,private-source://routeA_experiments/data/final_ood_frozen_v1/slit_bridge/sample_0161.npz,178f02f0e3b5995f2619dd6bf52ad3a7508f806bd4e13ba9ceeb9a36f1649f16,0.007082258991431445,0.05738062095490594,0.7231070619804671,0.8568815737962723,0.2649022527039051,0.5854322619736193
residual_v2,57,slit_bridge,162,private-source://routeA_experiments/data/final_ood_frozen_v1/slit_bridge/sample_0162.npz,7dac1f84d357180521999872dd329573241cb8c42feeb442891197f01199c66b,0.007131360995117575,0.06468923050721204,0.9548254554464668,0.917530432343483,0.285487097222358,0.6495005622506134
residual_v2,57,slit_bridge,163,private-source://routeA_experiments/data/final_ood_frozen_v1/slit_bridge/sample_0163.npz,b7a7aa86a9bdc19977f06da4caff68d49a340edbf4f1a1c1187591366b6636d2,0.007176198007073253,0.0846498245392515,0.7077253064646492,0.8141077160835266,0.4078025445342064,0.6500928238034243
residual_v2,57,slit_bridge,164,private-source://routeA_experiments/data/final_ood_frozen_v1/slit_bridge/sample_0164.npz,779949d863880f5d16a879e81f20fad07ea4f966fba7da8ee22f0adaa6fc32af,0.006587981974007562,0.09243406770774756,0.8645875966785044,0.9110511764883995,0.553193598985672,0.7728641778230666
residual_v2,57,slit_bridge,165,private-source://routeA_experiments/data/final_ood_frozen_v1/slit_bridge/sample_0165.npz,dc423b6d998084bf0149349c297bb1babad5e99fb236b7c05dfa975cb5183082,0.005356907000532374,0.08368442297156763,0.6685029570143796,0.7028219103813171,0.4158285856246948,0.6406128168106077
residual_v2,57,slit_bridge,166,private-source://routeA_experiments/data/final_ood_frozen_v1/slit_bridge/sample_0166.npz,351a161f32941f870662dc54b1d5ae59e25dc38cb8501ca4493dd08e6d42d64a,0.006999745994107798,0.08844944005524029,0.7334686344573119,0.7240789383649826,0.35673990100622177,0.5735347688198089
residual_v2,57,slit_bridge,167,private-source://routeA_experiments/data/final_ood_frozen_v1/slit_bridge/sample_0167.npz,aa66574c4716561ec10258da0ac13914768f1d14f665ebf1ec534f148bd0abd7,0.00715203900472261,0.07058196078629786,0.6777183421587809,0.709892749786377,0.40178239345550537,0.6526211678981781
residual_v2,57,slit_bridge,168,private-source://routeA_experiments/data/final_ood_frozen_v1/slit_bridge/sample_0168.npz,b0b356c11f56258bb6f3db09bd66c6dcd1bcd41614b20e67f8e907402ec13485,0.006432296009734273,0.07520572434314352,0.7125519744856476,0.850888729095459,0.3410630486905575,0.7050182670354836
residual_v2,57,slit_bridge,169,private-source://routeA_experiments/data/final_ood_frozen_v1/slit_bridge/sample_0169.npz,a469b2c4e556282ed62e13e26cd27398331a9ba05d88ee1913966198103238d6,0.00733217500965111,0.10070864651121322,0.9891628526184421,0.995965763926506,0.49131906032562256,0.7808159455657003
residual_v2,57,slit_bridge,170,private-source://routeA_experiments/data/final_ood_frozen_v1/slit_bridge/sample_0170.npz,36fbd3c3d23a1204142c49ecd37ef44c2ba54ac4467ddb41d832464267e85212,0.007342543016420677,0.0760171489956437,0.7715280014575228,0.8351486921310425,0.3154608476907015,0.6278518378734571
residual_v2,57,slit_bridge,171,private-source://routeA_experiments/data/final_ood_frozen_v1/slit_bridge/sample_0171.npz,d535ac50a902c9794c7c816a49047dfd9c3f701564b69ce35cc24a4b731afa97,0.007499723986256868,0.07544084710311737,1.1836387391236567,0.9678817726671696,0.3412916362285614,0.7734197065234183
residual_v2,57,slit_bridge,172,private-source://routeA_experiments/data/final_ood_frozen_v1/slit_bridge/sample_0172.npz,4e4eeb0f4d4f14aa76bc67064de00f38d35024c2470cfc77d2414c6da16f99f2,0.007497799000702798,0.06630604523892054,0.4713188367774183,0.6054874658584595,0.3000761419534683,0.46003133356571196
residual_v2,57,slit_bridge,173,private-source://routeA_experiments/data/final_ood_frozen_v1/slit_bridge/sample_0173.npz,4c3d97c818e4c1aaa20fd773230ef107c1e90a4328ebbfb020186474b8b391e2,0.007273640017956495,0.07315302049640239,0.6802320838983157,0.7822427898645401,0.35578545182943344,0.6080552980303763
residual_v2,57,slit_bridge,174,private-source://routeA_experiments/data/final_ood_frozen_v1/slit_bridge/sample_0174.npz,c764cef11e9744e2347bf095a3ad20fd9c9a40516623d0e6687f000cea70736b,0.007750641991151497,0.07730522971781482,0.867801784912063,0.9218106865882874,0.3939621150493622,0.7138935729861243
residual_v2,57,slit_bridge,175,private-source://routeA_experiments/data/final_ood_frozen_v1/slit_bridge/sample_0175.npz,22afae3ce0b327b65855609e847dcf168cbfa0c3da01d0e00d7ff822a2f93dab,0.006415064999600872,0.07231950197605548,0.521438197619392,0.6129637956619263,0.3145995959639549,0.5830557271838187
residual_v2,57,slit_bridge,176,private-source://routeA_experiments/data/final_ood_frozen_v1/slit_bridge/sample_0176.npz,3615c8f32a0156e435a991da99bea493288394630d64ca1402e46469b4ae4561,0.007564052008092403,0.06957214455860344,0.48814360703690307,0.5134859085083008,0.314265638589859,0.47802847325801845
residual_v2,57,slit_bridge,177,private-source://routeA_experiments/data/final_ood_frozen_v1/slit_bridge/sample_0177.npz,bde9b0878d1f9163cd3460df65d8fbaa6d012659d97271692cd52839664004d8,0.0064208320109173656,0.08117344296563778,0.8266757539314802,0.9237098693847656,0.4976120740175247,0.7697599381208419
residual_v2,57,slit_bridge,178,private-source://routeA_experiments/data/final_ood_frozen_v1/slit_bridge/sample_0178.npz,dffe6643c77429e0e5ed595fcd8553b626ac374c0226c86babb86bb23700de20,0.0057948419998865575,0.06004079501684323,0.4638683614800617,0.64093217253685,0.2825392335653305,0.48508390486240355
residual_v2,57,slit_bridge,179,private-source://routeA_experiments/data/final_ood_frozen_v1/slit_bridge/sample_0179.npz,fca36c52c6cfb0110fbe78721de423d99487a00561b0c6b6b9f826917f42aede,0.006053096993127838,0.05919652223292056,0.36296872764686416,0.5300683975219727,0.22313467785716057,0.3436665415763854
residual_v2,57,slit_bridge,180,private-source://routeA_experiments/data/final_ood_frozen_v1/slit_bridge/sample_0180.npz,6f19672ce01e21e2c280e4be06a3e54680e018ff4c226cbe757f44ebad3e1910,0.007258022989844903,0.0625330752680607,0.4059246384414773,0.6872556805610657,0.24878863245248795,0.49703249931335414
residual_v2,57,slit_bridge,181,private-source://routeA_experiments/data/final_ood_frozen_v1/slit_bridge/sample_0181.npz,ec877344fcdbfdbdaddf529e85e3cc5c3aab339963def6c7349014d86c8140d4,0.007055420021060854,0.09447801464892225,0.8636089374090803,0.8807955980300903,0.48424632102251053,0.8066282615065572
residual_v2,57,slit_bridge,182,private-source://routeA_experiments/data/final_ood_frozen_v1/slit_bridge/sample_0182.npz,85955e8644eeb0dcc33c4aed80df2c7439e5bab709258a2875ce1a3a61c5ebfb,0.007292308000614867,0.06455755655086244,0.523367414882832,0.6816574335098267,0.2968859411776066,0.4893482923507686
residual_v2,57,slit_bridge,183,private-source://routeA_experiments/data/final_ood_frozen_v1/slit_bridge/sample_0183.npz,7db60f93fba5ad9147fed2dc7ad510080993a1ba5cacff680d8f7315ac009961,0.0077205859997775406,0.08436642406284589,0.7797445122628942,0.9579294323921204,0.4286867007613182,0.8145009517669677
residual_v2,57,slit_bridge,184,private-source://routeA_experiments/data/final_ood_frozen_v1/slit_bridge/sample_0184.npz,8121820fc993132420a3854bde14b0b1742133b65c0a82ff2248b97133f07f34,0.006034646008629352,0.06740689466849678,0.7644090990774568,0.9343132972717285,0.36400094628334045,0.741107407212256
residual_v2,57,slit_bridge,185,private-source://routeA_experiments/data/final_ood_frozen_v1/slit_bridge/sample_0185.npz,6cddc80ef7290697c6e5ddae659d68aa20dcd10104ab9b2cd5f9708afe9f741d,0.0061370359908323735,0.06122296149159647,0.4341254439514698,0.49836137890815735,0.2915893644094467,0.4629323512315746
residual_v2,57,slit_bridge,186,private-source://routeA_experiments/data/final_ood_frozen_v1/slit_bridge/sample_0186.npz,325ef30f2da8a65dac78a1b06a65f887f2d9947c96e2faee9e6a8ec03323351a,0.006879855005536228,0.0754544482738486,0.6892319279692414,0.8965421319007874,0.34568048641085625,0.8300633966922759
residual_v2,57,slit_bridge,187,private-source://routeA_experiments/data/final_ood_frozen_v1/slit_bridge/sample_0187.npz,119b85212c8b4744bf1d62d7dfe261550cb6d3e5d22f4790dbe62e75609d0922,0.007616170012624934,0.05339892997427398,0.4028747761183316,0.5362405478954315,0.2533288896083832,0.41565820574760437
residual_v2,57,slit_bridge,188,private-source://routeA_experiments/data/final_ood_frozen_v1/slit_bridge/sample_0188.npz,dcf9852e45123cccfdad55cec5cd89ffd610e5287252fbe34ba1dd1786992a3e,0.00701521200244315,0.07127490811649581,0.66049151913765,0.7986554205417633,0.41010524332523346,0.6576965868473053
residual_v2,57,slit_bridge,189,private-source://routeA_experiments/data/final_ood_frozen_v1/slit_bridge/sample_0189.npz,286c7744959bebf561fcf60d6510f810deadc11b4f49e589e2e9473d32de82f7,0.0059216240188106894,0.05835349012497157,0.5521649012327511,0.7221518754959106,0.26175127923488617,0.5126385241746898
residual_v2,57,slit_bridge,190,private-source://routeA_experiments/data/final_ood_frozen_v1/slit_bridge/sample_0190.npz,fe702ecba390c3dc04a9733afe0b132a016fcf5c4eaffcad11aaea841c4e382e,0.006007132993545383,0.06618124077330594,0.7178492827553478,0.7846736162900925,0.3056831397116184,0.6110876381397244
residual_v2,57,slit_bridge,191,private-source://routeA_experiments/data/final_ood_frozen_v1/slit_bridge/sample_0191.npz,cc046fa8afaf7d479712359b932e246ff1ee8e9d4f1365bd79dc2f10196be05c,0.007580698002129793,0.08609004987524788,0.8909510644428339,0.9392252117395401,0.4071778506040573,0.7557756841182706
residual_v2,57,slit_bridge,192,private-source://routeA_experiments/data/final_ood_frozen_v1/slit_bridge/sample_0192.npz,12a887fa1b92770140bbc308300406b9f45be794a2802dc5d4318f9f90964304,0.005914347973885015,0.0711596709851511,0.6017577107494881,0.7710586488246918,0.29860807955265045,0.6050453275442124
residual_v2,57,slit_bridge,193,private-source://routeA_experiments/data/final_ood_frozen_v1/slit_bridge/sample_0193.npz,ea535161153d10af3f779e6ce92ab576cb6f01bb2b84270e675cb8a7ca3bff3d,0.007295856979908422,0.05481917531762611,0.38048560151859906,0.48092859983444214,0.23588386178016663,0.36845939755439744
residual_v2,57,slit_bridge,194,private-source://routeA_experiments/data/final_ood_frozen_v1/slit_bridge/sample_0194.npz,8488a62661fcd5432a193ca5c2bdaf1492f33731b7131ad3e367f5731ec70c37,0.007699602982029319,0.0873335187788864,0.906949691355762,0.9240328818559647,0.438083253800869,0.8215272977948187
residual_v2,57,slit_bridge,195,private-source://routeA_experiments/data/final_ood_frozen_v1/slit_bridge/sample_0195.npz,7e1d374879fa5f6a96ebc3990a10958313440dc33a9ef060976f12e925232108,0.007483074004994705,0.06663592822875083,0.4135553609216534,0.48300671577453613,0.25765522569417953,0.3620108783245081
residual_v2,57,slit_bridge,196,private-source://routeA_experiments/data/final_ood_frozen_v1/slit_bridge/sample_0196.npz,d4848a4e772e741b625e10aec676527f984e3943b470a872754331769f8b94bb,0.0064008720219135284,0.06847289287878246,0.7981780161151155,0.9068072438240051,0.3677135854959488,0.7270575031638145
residual_v2,57,slit_bridge,197,private-source://routeA_experiments/data/final_ood_frozen_v1/slit_bridge/sample_0197.npz,2b37447cf0d376d2e2021ecf8d29a5d17437f6bb153943e0f306b31930209b3e,0.00692258300841786,0.09330820591314634,0.8586225316460668,0.9278039783239365,0.528770174831152,0.8426520422101019
residual_v2,57,slit_bridge,198,private-source://routeA_experiments/data/final_ood_frozen_v1/slit_bridge/sample_0198.npz,8030be12303215e83fab9a6e2360c32b7958cadc693426ae4437ff9ce9a38d91,0.006157488998724148,0.06284941758752075,0.5184253404036496,0.6560018062591553,0.28344202786684036,0.528593143820762
residual_v2,57,slit_bridge,199,private-source://routeA_experiments/data/final_ood_frozen_v1/slit_bridge/sample_0199.npz,cc6a52511cc16e98c96e4753d529c21a8e0ccbe95013bc0584ae491523d2bb83,0.006335985992336646,0.05241091016426895,0.5027143288560295,0.6651929318904877,0.2630440443754196,0.5288091659545872
residual_v2,57,three_hole_asymmetric,0,private-source://routeA_experiments/data/final_ood_frozen_v1/three_hole_asymmetric/sample_0000.npz,76239d9d4cae31805b23350941f6924762ca8e0eb2de53f5e0014a3050004492,0.007392641971819103,0.05950145637840987,0.6692391303393967,0.7453367859125137,0.29963001795113087,0.5910779178142546
residual_v2,57,three_hole_asymmetric,1,private-source://routeA_experiments/data/final_ood_frozen_v1/three_hole_asymmetric/sample_0001.npz,c8138e48b2b5450756ab6ea06ad8018a0f03fd49507fdf70f7602513883c6d79,0.005901908007217571,0.04571303536902276,0.9080777845193139,1.022170066833496,0.20895587094128132,0.7259544730186461
residual_v2,57,three_hole_asymmetric,2,private-source://routeA_experiments/data/final_ood_frozen_v1/three_hole_asymmetric/sample_0002.npz,8415d3f4052cfa250de2e615b5f135c4cbc51665e9780ba0c740b7bc68b0b8d0,0.006178429001010954,0.06601069430222345,0.838689662931443,0.8192663490772247,0.2972962483763695,0.6775975972414009
residual_v2,57,three_hole_asymmetric,3,private-source://routeA_experiments/data/final_ood_frozen_v1/three_hole_asymmetric/sample_0003.npz,126883ed7a18270534e81fc020b354d6a09b3d0b37130be0a213f6e3fe3611cf,0.007517182006267831,0.0794320111937276,0.8346926391749422,0.8689819425344467,0.40786109445616603,0.7151876777410504
residual_v2,57,three_hole_asymmetric,4,private-source://routeA_experiments/data/final_ood_frozen_v1/three_hole_asymmetric/sample_0004.npz,73fddad29aef7a16eeabb39f9b70e218861d55037c0d2745430816f9076f8b8f,0.006566477008163929,0.05739758604763968,0.9202005336871617,0.9380365908145905,0.23874184174928814,0.637956157326697
residual_v2,57,three_hole_asymmetric,5,private-source://routeA_experiments/data/final_ood_frozen_v1/three_hole_asymmetric/sample_0005.npz,0cce2a32a88505f1a40318561d466c31de7f2eb63e0449cf3df2f644c64a0108,0.007226539979455993,0.06434041880086717,0.7896064070114582,0.7988430559635162,0.3276953101158142,0.6850345119833946
residual_v2,57,three_hole_asymmetric,6,private-source://routeA_experiments/data/final_ood_frozen_v1/three_hole_asymmetric/sample_0006.npz,05b9798f8cd5b5b832e909e747bb49397a06d4bc8291718bcb52ee39573eb619,0.005154935992322862,0.08534607510999215,1.1003459674371383,0.9854624271392822,0.44173756800591946,0.7928889609873291
residual_v2,57,three_hole_asymmetric,7,private-source://routeA_experiments/data/final_ood_frozen_v1/three_hole_asymmetric/sample_0007.npz,6ba61082fc82270f3f31ed8952fcbbd145b31d5361d264f2bd66a5366e0bc340,0.006983397004660219,0.07683069268038618,0.8899440820341035,0.8734820187091827,0.32594551471993327,0.7059761241078375
residual_v2,57,three_hole_asymmetric,8,private-source://routeA_experiments/data/final_ood_frozen_v1/three_hole_asymmetric/sample_0008.npz,853331caeb1b23865ccb78c9a2f431c6c5268c039e4b02388b3e7b2950cb9a7f,0.006519152986584231,0.08312519624615662,0.8337870637749114,0.7603558003902435,0.3595273056998849,0.599251338839531
residual_v2,57,three_hole_asymmetric,9,private-source://routeA_experiments/data/final_ood_frozen_v1/three_hole_asymmetric/sample_0009.npz,9970adef6a8aee3680702738f4b4535ec99d53fd695e57178ef1d947c3890f8c,0.006043235014658421,0.08525216688142262,0.8836461514172952,0.830008327960968,0.3470630329102278,0.6367366611957544
residual_v2,57,three_hole_asymmetric,10,private-source://routeA_experiments/data/final_ood_frozen_v1/three_hole_asymmetric/sample_0010.npz,ca5bef464b218ce33227b66ed886a6d671ca7ebab5b66b551b37435087ee4d86,0.0071041680057533085,0.06802295089055936,0.8554945764113079,0.8992191851139069,0.33609812008216977,0.7667307823896408
residual_v2,57,three_hole_asymmetric,11,private-source://routeA_experiments/data/final_ood_frozen_v1/three_hole_asymmetric/sample_0011.npz,ed6e65591f32cddee3a621d0a802c4d3ce1e222eac7e0ad7a6d66916367e9015,0.00701798201771453,0.06497440311357032,0.9812054498201777,1.0192937850952148,0.2784300856292248,0.7627261728048322
residual_v2,57,three_hole_asymmetric,12,private-source://routeA_experiments/data/final_ood_frozen_v1/three_hole_asymmetric/sample_0012.npz,81ff39c1f360e63cd187c00763f0e47af4b7b964b23c0036bbcc2118bcfa7335,0.007179759006248787,0.060826191541736824,0.7458177052132592,0.7930241376161575,0.29167113173753023,0.6333253331482405
residual_v2,57,three_hole_asymmetric,13,private-source://routeA_experiments/data/final_ood_frozen_v1/three_hole_asymmetric/sample_0013.npz,7b336e409d0b1be61aa8152652f7727a997afad669670d5dbedef898f8385d62,0.006199652998475358,0.07433310318068899,0.9510044610936763,0.8486278057098389,0.3849731180816889,0.6378260467201459
residual_v2,57,three_hole_asymmetric,14,private-source://routeA_experiments/data/final_ood_frozen_v1/three_hole_asymmetric/sample_0014.npz,14b2727426b78377e48754867160238048d5c11e6a60c8244c17e2f5d349c674,0.005935485998634249,0.06357902180870457,0.7073526311568298,0.7318924367427826,0.3053285628557205,0.5137765228748321
residual_v2,57,three_hole_asymmetric,15,private-source://routeA_experiments/data/final_ood_frozen_v1/three_hole_asymmetric/sample_0015.npz,f1f557f0e4338c64350ec1c2218ae556b5ee258eeeb85ed87e15e06d69e7949f,0.007057898008497432,0.07474109723929112,1.0499012730501456,0.8830226585268974,0.3985832567559555,0.6627326235175129
residual_v2,57,three_hole_asymmetric,16,private-source://routeA_experiments/data/final_ood_frozen_v1/three_hole_asymmetric/sample_0016.npz,e72396fee8a43a2b8ddefe735291ca8705c65690b680b4a18f84ae974e873213,0.0061401359853334725,0.07913769968693168,1.0209890444151728,0.9662300050258636,0.3468402121216059,0.7627346888184533
residual_v2,57,three_hole_asymmetric,17,private-source://routeA_experiments/data/final_ood_frozen_v1/three_hole_asymmetric/sample_0017.npz,e985edd4b5fd67f0812b23ba168c67faea3aeed38dc497bd3554f7bd6760ce23,0.006412232993170619,0.07008465834306925,0.9227769874542856,0.8122538477182388,0.3246751883998513,0.6765743095427743
residual_v2,57,three_hole_asymmetric,18,private-source://routeA_experiments/data/final_ood_frozen_v1/three_hole_asymmetric/sample_0018.npz,822a1ae4756152a1ca58caa1ec6d5f81a08654b749358283fdc1e93ee4e96c05,0.006103410996729508,0.061812426000546906,0.5808115703992031,0.8075596839189529,0.25741614773869514,0.551210638880728
residual_v2,57,three_hole_asymmetric,19,private-source://routeA_experiments/data/final_ood_frozen_v1/three_hole_asymmetric/sample_0019.npz,930b0ac62993246d762ab2fade330a6323a28dfa631309dcd025ccc1955464d2,0.007274656993104145,0.054651380109640484,0.6300674670369321,0.5947600901126862,0.2230391235789284,0.4751124501228329
residual_v2,57,three_hole_asymmetric,20,private-source://routeA_experiments/data/final_ood_frozen_v1/three_hole_asymmetric/sample_0020.npz,ebe95ab8adce4e5f03a8c032f3f82d5b37362c40745ec8db423913bbcdbc36cc,0.005975767009658739,0.055739784255403275,0.8109485348209841,0.7577001452445984,0.2778569860383868,0.6027695752680298
residual_v2,57,three_hole_asymmetric,21,private-source://routeA_experiments/data/final_ood_frozen_v1/three_hole_asymmetric/sample_0021.npz,54558d7be0dcfa75da26d4b23bc274c3c188b6521dea1d6a7af66329fa9f8251,0.007110739010386169,0.06487560966858934,0.6522942968738019,0.7271739542484283,0.3628226388245821,0.5766057103872297
residual_v2,57,three_hole_asymmetric,22,private-source://routeA_experiments/data/final_ood_frozen_v1/three_hole_asymmetric/sample_0022.npz,6bdc3c8942ace2076e15642c82251ef4fb1abdcb025262d5cbf4bf8159949c89,0.006165391998365521,0.06756779677676404,0.8772407322990372,0.7978835850954056,0.3184828907251358,0.6654894635081287
residual_v2,57,three_hole_asymmetric,23,private-source://routeA_experiments/data/final_ood_frozen_v1/three_hole_asymmetric/sample_0023.npz,fb7b07378547ca5def525e00c556fd80770b515ccf896b8db2c472e26a09e5de,0.0072489930025767535,0.05016627941575806,1.0751789040299502,0.962843582034111,0.21366619860054925,0.5807584069669237
residual_v2,57,three_hole_asymmetric,24,private-source://routeA_experiments/data/final_ood_frozen_v1/three_hole_asymmetric/sample_0024.npz,2db1bdfbff80836e6a8d01f12b7e3e3ccb933bc7fa29a6c580e28e0a5d564196,0.006944307999219745,0.07620386327729443,0.7749042959911716,0.8387382477521896,0.3531939424574375,0.7242192782461639
residual_v2,57,three_hole_asymmetric,25,private-source://routeA_experiments/data/final_ood_frozen_v1/three_hole_asymmetric/sample_0025.npz,d3dd37382fca909602f329cf5ca0868fdf4906bc68d239b517c7b63904d4d71e,0.007283098006155342,0.08937825983728294,0.9086450587236607,0.8754135221242905,0.3404704655986279,0.7801230370998373
residual_v2,57,three_hole_asymmetric,26,private-source://routeA_experiments/data/final_ood_frozen_v1/three_hole_asymmetric/sample_0026.npz,ab2b827142dff4076d7ccc83b71215ae118cd4367f57c2e1f1a596a261244546,0.007323119003558531,0.0828384211578213,0.8346327236565064,0.7856522500514984,0.4150061223190278,0.6619524709880349
residual_v2,57,three_hole_asymmetric,27,private-source://routeA_experiments/data/final_ood_frozen_v1/three_hole_asymmetric/sample_0027.npz,502e0384dcc52c88b8d7686ef96396b3cb52f6aaceef7f024eb2b099d1a4007a,0.007332373992539942,0.07160753593501654,1.2586205413761706,0.9519870430231094,0.3914485734603659,0.7584654562175265
residual_v2,57,three_hole_asymmetric,28,private-source://routeA_experiments/data/final_ood_frozen_v1/three_hole_asymmetric/sample_0028.npz,9350fce83bcaffdab0c4c8e8d9620ad9255df6368a78acb778f31f6d4d74c766,0.007479969004634768,0.06873155574054751,0.968909055666435,0.9260517656803131,0.31272301729768515,0.6944300983101128
residual_v2,57,three_hole_asymmetric,29,private-source://routeA_experiments/data/final_ood_frozen_v1/three_hole_asymmetric/sample_0029.npz,f5870c4d60ab26a07f238eaa0997f6136bebb56604eb5c97e4b9a2fda2f9dc4e,0.005776031001005322,0.058394289959848286,0.45202091299850033,0.6009346842765808,0.2145054116845131,0.5123971477150913
residual_v2,57,three_hole_asymmetric,30,private-source://routeA_experiments/data/final_ood_frozen_v1/three_hole_asymmetric/sample_0030.npz,6fd7dea4e1eb48c71994c0c450b08928f5ea2504ed659d879044b9b6c1644f3b,0.005996289983158931,0.0463325851483798,0.8502557141520148,0.8268592655658722,0.16195725090801716,0.6674701556563377
residual_v2,57,three_hole_asymmetric,31,private-source://routeA_experiments/data/final_ood_frozen_v1/three_hole_asymmetric/sample_0031.npz,4ba2ed02c426f61c1986b2240ee86afd7314ebbbe8b539e56f9600ba0cbbc1d6,0.0073667280084919184,0.0594838840436624,0.9207048698696447,0.9949776083230972,0.2512132078409195,0.6904320681467652
residual_v2,57,three_hole_asymmetric,32,private-source://routeA_experiments/data/final_ood_frozen_v1/three_hole_asymmetric/sample_0032.npz,19561acd47d971095affbf1d7482c2543969e7efe2e017cce9662594c2409591,0.007325418991968036,0.08064267432579844,1.0074375749755047,0.8342985361814499,0.3937954808352515,0.5940308962017298
residual_v2,57,three_hole_asymmetric,33,private-source://routeA_experiments/data/final_ood_frozen_v1/three_hole_asymmetric/sample_0033.npz,299a816b59d1641a415a05ef717681b17573aad62ca3c0dc9711e90793f0d5b1,0.00732075099949725,0.06838746406571078,0.9291384440073591,0.9000142961740494,0.3250781446695328,0.709367190301418
residual_v2,57,three_hole_asymmetric,34,private-source://routeA_experiments/data/final_ood_frozen_v1/three_hole_asymmetric/sample_0034.npz,d9c1345372b974ce89c979d52478ef6d491162f017535e9466a777f808423d7d,0.007215729012386873,0.07793744631760063,0.9105612421298407,0.8664168417453766,0.4120144322514534,0.7226648174226273
residual_v2,57,three_hole_asymmetric,35,private-source://routeA_experiments/data/final_ood_frozen_v1/three_hole_asymmetric/sample_0035.npz,bbc5468f3342befdbe4e2f23d133af48d348c7ec0465af4103305de397fa0309,0.007297653995919973,0.06707118642623924,0.789662384936739,0.7973013520240784,0.37595994025468826,0.7049676150083536
residual_v2,57,three_hole_asymmetric,36,private-source://routeA_experiments/data/final_ood_frozen_v1/three_hole_asymmetric/sample_0036.npz,f42f3b5b47bedfb758af7282d3853313d2f8cd91228aa5ad8456fe5f4ab773e7,0.007610063999891281,0.07434361685077887,0.6366700202761609,0.6563791632652283,0.34622930735349655,0.5589034005999565
residual_v2,57,three_hole_asymmetric,37,private-source://routeA_experiments/data/final_ood_frozen_v1/three_hole_asymmetric/sample_0037.npz,70b02216f9922d40a0913ae98c1656101a148ee3d0036600db73f132e9e21930,0.0061571740079671144,0.08431806476643136,0.9226620388731722,0.8975616544485092,0.3835489177145064,0.7579527616500847
residual_v2,57,three_hole_asymmetric,38,private-source://routeA_experiments/data/final_ood_frozen_v1/three_hole_asymmetric/sample_0038.npz,fa7d466e58601cc7ae42f28b80b74fe105c87c60ec45af33a67b9404e69917f3,0.007354701985605061,0.05371820561596244,0.5428101516840411,0.7444946020841599,0.23685944452881813,0.6027591377496716
residual_v2,57,three_hole_asymmetric,39,private-source://routeA_experiments/data/final_ood_frozen_v1/three_hole_asymmetric/sample_0039.npz,6729ed9a2fcaa8077240d781da78727ef103709fb74147547087f09e654d3eeb,0.007592965994263068,0.05446111714959382,0.6784428150610444,0.7769668698310852,0.2888377606868744,0.6370169579982757
residual_v2,57,three_hole_asymmetric,40,private-source://routeA_experiments/data/final_ood_frozen_v1/three_hole_asymmetric/sample_0040.npz,4dc1b2b4a3bf9267ac51874c458885168a31fd1142276944c4d12ad9b44e5100,0.007334435998927802,0.08185784713690228,0.983720699620566,0.8846239820122719,0.32264538621529937,0.7627230428159234
residual_v2,57,three_hole_asymmetric,41,private-source://routeA_experiments/data/final_ood_frozen_v1/three_hole_asymmetric/sample_0041.npz,1b3c5a766f7f80111c7c5b2d1e785760caa4ac76416598c810f62f378e2dbb64,0.005912113003432751,0.08107570566074851,0.9981894036030866,0.9351653754711151,0.35567472502589226,0.7494551472365856
residual_v2,57,three_hole_asymmetric,42,private-source://routeA_experiments/data/final_ood_frozen_v1/three_hole_asymmetric/sample_0042.npz,71baba454d946efdf1ed77d43d057be7b5cb937b31204d3f9a34e5b759e1f944,0.006934542005183175,0.05632868065981339,0.5828829942551366,0.6861101686954498,0.26374542340636253,0.5574211344122872
residual_v2,57,three_hole_asymmetric,43,private-source://routeA_experiments/data/final_ood_frozen_v1/three_hole_asymmetric/sample_0043.npz,2ede2163e09a9b392d4845b6523de16898b67b651acecab632146f022bcfc1f4,0.007226710004033521,0.07109297166028385,0.8266484209214141,0.7997691631317139,0.31102270632982254,0.6370446667075155
residual_v2,57,three_hole_asymmetric,44,private-source://routeA_experiments/data/final_ood_frozen_v1/three_hole_asymmetric/sample_0044.npz,752790623dc514ac3a960bd67bd0cc3d73c861a4598060b92da04b2669e579d1,0.006869728997116908,0.0750035206177405,1.2231248608572807,0.9852992594242096,0.3850438830559142,0.6709559259936209
residual_v2,57,three_hole_asymmetric,45,private-source://routeA_experiments/data/final_ood_frozen_v1/three_hole_asymmetric/sample_0045.npz,f93c887a4af2aa5861e233d5e8c99ba90ed0d24be1f48007e736b60f2d82baa0,0.005882978002773598,0.04563205829664964,0.7590607773320986,0.7995303869247437,0.1770917682442814,0.5008851289749132
residual_v2,57,three_hole_asymmetric,46,private-source://routeA_experiments/data/final_ood_frozen_v1/three_hole_asymmetric/sample_0046.npz,7d5d9a6e64d8ae8a1e9c7319dfb573f33de06eedee213c902c4b6812faa42d0f,0.005820329999551177,0.07129014059756349,1.0604443271123982,0.950917050242424,0.2865564657840878,0.7602293297648421
residual_v2,57,three_hole_asymmetric,47,private-source://routeA_experiments/data/final_ood_frozen_v1/three_hole_asymmetric/sample_0047.npz,95e07fc5463827a0ac7d058d0e1aeb9765b781fcc9901e3615d3cde6d0c42f72,0.0059555449988693,0.08507501930662133,0.7771011683445311,0.8341643065214157,0.3941291570663452,0.6549244225025174
residual_v2,57,three_hole_asymmetric,48,private-source://routeA_experiments/data/final_ood_frozen_v1/three_hole_asymmetric/sample_0048.npz,741a820e5ca03d114c8d4ed90e51db19c9ac4733b4f826ec2ddcc36cdcac9b62,0.007158326974604279,0.08085836764406498,0.6236240747042409,0.5638111233711243,0.3403553068637848,0.4706470102071761
residual_v2,57,three_hole_asymmetric,49,private-source://routeA_experiments/data/final_ood_frozen_v1/three_hole_asymmetric/sample_0049.npz,9317a9055bfd4093fea4ae0bf2d7e1d3d9c8669629d159a06ce9f1c11ad7714e,0.007003812002949417,0.06565392479811172,0.8323785347845384,0.8090033084154129,0.3266557864844799,0.5337286632508035
residual_v2,57,three_hole_asymmetric,50,private-source://routeA_experiments/data/final_ood_frozen_v1/three_hole_asymmetric/sample_0050.npz,88a36cb1ba6df1b25c02998dd5f645924a13a886bbdfd8571e6f74a10d39880a,0.0074342520092613995,0.06962227051837533,0.9649209562787271,0.9520683139562607,0.28427532128989697,0.7881024179980154
residual_v2,57,three_hole_asymmetric,51,private-source://routeA_experiments/data/final_ood_frozen_v1/three_hole_asymmetric/sample_0051.npz,4d85c5da827c71859348f936a1bae9663c3aa6086f7d0a08035af48235a64ac0,0.005766396003309637,0.06922065866128696,1.0040949492190354,0.9084409326314926,0.33242579249781556,0.7319940671324727
residual_v2,57,three_hole_asymmetric,52,private-source://routeA_experiments/data/final_ood_frozen_v1/three_hole_asymmetric/sample_0052.npz,89347f4a5c2576ca481b684f9f7a77f38b7ae53c4ffdc77eeb307666b58e7af9,0.006393153016688302,0.08365675083579975,1.010537521425992,0.9665979743003845,0.38129666820168495,0.7883453324437141
residual_v2,57,three_hole_asymmetric,53,private-source://routeA_experiments/data/final_ood_frozen_v1/three_hole_asymmetric/sample_0053.npz,68b58c6932346fa5b469420b06037edb861502f1184f5455c6a69240285d7df0,0.006061773019609973,0.0587211024426574,0.6176912271676305,0.7009794116020203,0.2185552641749382,0.5278391689062112
residual_v2,57,three_hole_asymmetric,54,private-source://routeA_experiments/data/final_ood_frozen_v1/three_hole_asymmetric/sample_0054.npz,8a3d74a7607b5928b4762b9ca74c6b9275b177ed92746be0574f4816d05444cd,0.006063072010874748,0.09144402853965312,1.1010042126097837,0.949654147028923,0.40093173093919177,0.7627731300890441
residual_v2,57,three_hole_asymmetric,55,private-source://routeA_experiments/data/final_ood_frozen_v1/three_hole_asymmetric/sample_0055.npz,35e8e631f17a95d6289143b7bc8633f62ae4fcbfedd60929228f07fdfb4340db,0.006990552006755024,0.07684436760396296,1.07717985289577,0.9731881618499756,0.3745999011443928,0.738038104027509
residual_v2,57,three_hole_asymmetric,56,private-source://routeA_experiments/data/final_ood_frozen_v1/three_hole_asymmetric/sample_0056.npz,445a3665a73f0ceaa2ced3d30b7da490d69d77b0d8a04d8eeb849db3eed04dd1,0.00602250499650836,0.06179779279662947,0.8070610966248661,0.8255763053894043,0.2977474704384804,0.6114410817623136
residual_v2,57,three_hole_asymmetric,57,private-source://routeA_experiments/data/final_ood_frozen_v1/three_hole_asymmetric/sample_0057.npz,e6cd4f4e82b85801bd6e1f55cd798f136d06cef8b5699b3b132aae856fc4f8c6,0.006789300008676946,0.08623311775787211,0.890181637928974,0.874978095293045,0.374869242310524,0.7559019722044468
residual_v2,57,three_hole_asymmetric,58,private-source://routeA_experiments/data/final_ood_frozen_v1/three_hole_asymmetric/sample_0058.npz,cd8c02f16d5cb5b76ccf7d1ec24d90c99eadd3a3beb517f14abd993c4185db88,0.007265235995873809,0.06361420863999719,0.6172072959386716,0.6590559482574463,0.27610743371769786,0.5100205533206461
residual_v2,57,three_hole_asymmetric,59,private-source://routeA_experiments/data/final_ood_frozen_v1/three_hole_asymmetric/sample_0059.npz,8b2f19de3b7d84f2e94fee0e2534974e7bb4e568d67f3a1c9928750c5d681d54,0.006291706988122314,0.05884033294343754,0.5096589154278524,0.7871163189411163,0.2511265743523836,0.43876461982727
residual_v2,57,three_hole_asymmetric,60,private-source://routeA_experiments/data/final_ood_frozen_v1/three_hole_asymmetric/sample_0060.npz,9a762eaafc0ad4943d42da4f1c2f1324b21b6ee9e3faaf6bd0e21961c2c74f37,0.006952777999686077,0.08594555728979521,1.0815293067636,0.9960491061210632,0.40200683480361477,0.8054927185177803
residual_v2,57,three_hole_asymmetric,61,private-source://routeA_experiments/data/final_ood_frozen_v1/three_hole_asymmetric/sample_0061.npz,f363192d56ff237222c6af805a0435cdace76f73899372ae7a684b627192c2cf,0.007184109010268003,0.05068067774547325,0.6952167612968511,0.7759312391281128,0.279679112136364,0.6260752081871026
residual_v2,57,three_hole_asymmetric,62,private-source://routeA_experiments/data/final_ood_frozen_v1/three_hole_asymmetric/sample_0062.npz,2f26a4605d7e2c878f5be76227c29d3c349d949c85a3fd078ad080cee6cfff90,0.007303257996682078,0.07074711243694441,0.7687498823792863,0.866595983505249,0.31152448430657387,0.6436433412134638
residual_v2,57,three_hole_asymmetric,63,private-source://routeA_experiments/data/final_ood_frozen_v1/three_hole_asymmetric/sample_0063.npz,17c7bdafaf1ee584c9e013fbb7431229a839fea3282cdae21417ce64c07803f3,0.006498921982711181,0.05946970880683273,0.6042177378083068,0.5718890428543091,0.26390745490789413,0.5174398005008695
residual_v2,57,three_hole_asymmetric,64,private-source://routeA_experiments/data/final_ood_frozen_v1/three_hole_asymmetric/sample_0064.npz,793cbf94a8f0ee09dd55e7baf6508b26cc685f59f0c6758686e2412286c50e95,0.007358251983532682,0.07555760825695153,0.615785534263441,0.6009108424186707,0.34656568989157677,0.4872008055448532
residual_v2,57,three_hole_asymmetric,65,private-source://routeA_experiments/data/final_ood_frozen_v1/three_hole_asymmetric/sample_0065.npz,1a010370114984ac96012fd00665935431ad026ab4d7339462e9ede18dcde1d9,0.005825890024425462,0.0771735430172857,0.9818745044070216,0.9393125474452972,0.34612698036653455,0.7166335597634316
residual_v2,57,three_hole_asymmetric,66,private-source://routeA_experiments/data/final_ood_frozen_v1/three_hole_asymmetric/sample_0066.npz,b4fb5ef8fe25b228082cf73d25bf64834fc6a386885f1003e912cc5461f36d56,0.007302883022930473,0.06587496633219714,0.9273723096358361,0.9232200384140015,0.31241709738969803,0.7583687156438828
residual_v2,57,three_hole_asymmetric,67,private-source://routeA_experiments/data/final_ood_frozen_v1/three_hole_asymmetric/sample_0067.npz,9966203f8926dbc05a509af06ae061895e57e0716bd5f4d7fbf1f94ef0a45954,0.006107376015279442,0.0675803272261569,0.8067525794836287,0.7217555046081543,0.3053488079458475,0.5379243806004517
residual_v2,57,three_hole_asymmetric,68,private-source://routeA_experiments/data/final_ood_frozen_v1/three_hole_asymmetric/sample_0068.npz,3441c1ef60f7fd85c99941996ff1e1187f19859561c6ad1e959ad510a070dfcb,0.0062897499883547425,0.06911971696982054,0.9078525014989755,0.9120839089155197,0.3359578624367714,0.7900767475366589
residual_v2,57,three_hole_asymmetric,69,private-source://routeA_experiments/data/final_ood_frozen_v1/three_hole_asymmetric/sample_0069.npz,957b4c4b2aca791503277fca2b6d349af9cb542bc497b1dfb5a2641ef5e16b1e,0.006525359000079334,0.07975977786037354,0.9016096738102395,0.9327773600816727,0.36670123878866434,0.744217082113027
residual_v2,57,three_hole_asymmetric,70,private-source://routeA_experiments/data/final_ood_frozen_v1/three_hole_asymmetric/sample_0070.npz,bf042f87f987b456925f37ee22c985a855b18b686770e5b97a394d3c0c2acbe6,0.007396190019790083,0.0703023753422693,0.9451080476678376,0.9685234278440475,0.4015652257949114,0.7537841133773323
residual_v2,57,three_hole_asymmetric,71,private-source://routeA_experiments/data/final_ood_frozen_v1/three_hole_asymmetric/sample_0071.npz,d8ecc3806b2dd2950185d128052672533a7ecff47ea474de8708ce8b3e391105,0.007143952010665089,0.03994594440830223,0.6783699666495259,0.7668493390083313,0.15787540539167821,0.5139145553112027
residual_v2,57,three_hole_asymmetric,72,private-source://routeA_experiments/data/final_ood_frozen_v1/three_hole_asymmetric/sample_0072.npz,6fb1d638377a02897f21ad9678d3a93e1ed734ef1ade5a6f69a1c16b0d92646b,0.0073214849981013685,0.05517219255744047,0.9944463366096461,0.9906272292137146,0.2324192076921463,0.772899848222731
residual_v2,57,three_hole_asymmetric,73,private-source://routeA_experiments/data/final_ood_frozen_v1/three_hole_asymmetric/sample_0073.npz,aa1f55a954bf5a5a2a0fc55c80c60d0c6c3bcfed40697329e85d1f1150b3beb1,0.006393690011464059,0.061174636732126135,0.834143385816149,0.7887461930513382,0.29146856954321265,0.6450460791587826
residual_v2,57,three_hole_asymmetric,74,private-source://routeA_experiments/data/final_ood_frozen_v1/three_hole_asymmetric/sample_0074.npz,7efa7bbcf05970d90ea88b07b297960e2591bdf9454367d39202dd0eea0baf1c,0.006159388984087855,0.057095844073209986,0.8696793592334581,0.8537753820419312,0.21022984571754932,0.6495032608509062
residual_v2,57,three_hole_asymmetric,75,private-source://routeA_experiments/data/final_ood_frozen_v1/three_hole_asymmetric/sample_0075.npz,797d1d48df61dcc794ea9c42bd7cbe3fb5904ac3207e4c22d07fd98d6cba6889,0.006268569006351754,0.07914624362834444,0.8584967557781139,0.8807353973388672,0.36889422312378883,0.7635704763233662
residual_v2,57,three_hole_asymmetric,76,private-source://routeA_experiments/data/final_ood_frozen_v1/three_hole_asymmetric/sample_0076.npz,ed8628f781c6e4e0f944c54b129e12897361e0950bc2b545bb2c4111835b1aa3,0.006998225988354534,0.06509830401628015,0.9641230063285716,0.9590386599302292,0.2771643754094839,0.6521586123853919
residual_v2,57,three_hole_asymmetric,77,private-source://routeA_experiments/data/final_ood_frozen_v1/three_hole_asymmetric/sample_0077.npz,e1e3d0aa07a5e03fbc7d7cd2e5822d6d019cc78a74b2a133771301fca0c23ab6,0.006094059004681185,0.0867411678934316,0.7645960226224745,0.689552366733551,0.3994569554924965,0.6237161338329313
residual_v2,57,three_hole_asymmetric,78,private-source://routeA_experiments/data/final_ood_frozen_v1/three_hole_asymmetric/sample_0078.npz,b8c9c9f9a9d7c2106857e098ccf52a7ed33b76dda547cbe28fa76263b27cde39,0.006115443975431845,0.10279104040474443,1.1291919711404013,1.0229286849498749,0.48490690253674984,0.7912242829799646
residual_v2,57,three_hole_asymmetric,79,private-source://routeA_experiments/data/final_ood_frozen_v1/three_hole_asymmetric/sample_0079.npz,6600329ca06c105c508bd49db109ca5aa0861398ccd222389fac3dd5f02b058c,0.00635459300247021,0.08029532304779192,1.104612483802854,0.8844817280769348,0.3226003166055307,0.6263338752090912
residual_v2,57,three_hole_asymmetric,80,private-source://routeA_experiments/data/final_ood_frozen_v1/three_hole_asymmetric/sample_0080.npz,ffbc158abeb51a4eb3928201634706c040d340dabbe33426cdc7b7127fe13543,0.006119728001067415,0.054395510389358026,0.8042642250089521,0.8126079142093658,0.28123671747744083,0.6159280046820639
residual_v2,57,three_hole_asymmetric,81,private-source://routeA_experiments/data/final_ood_frozen_v1/three_hole_asymmetric/sample_0081.npz,a87e60b7c7797fddf37237be730cdc9809205a80b44cb6b2262de1a6d7645693,0.006141482008388266,0.06559718679591146,0.8945478515509121,0.8185871839523315,0.35656753554940224,0.6009781196713436
residual_v2,57,three_hole_asymmetric,82,private-source://routeA_experiments/data/final_ood_frozen_v1/three_hole_asymmetric/sample_0082.npz,067daeb253b7553c2df8a4b49429eea3aa5169264dc4c11e08a931320e7ddff4,0.007287734013516456,0.05450709412847449,0.7010137693159376,0.7679997086524963,0.30073681473731995,0.6217542082071289
residual_v2,57,three_hole_asymmetric,83,private-source://routeA_experiments/data/final_ood_frozen_v1/three_hole_asymmetric/sample_0083.npz,f1d60eebc050728f5777b4668048e76d34dee796f6835ce90e1158999fa44fd4,0.0074303690053056926,0.06018772856336679,0.9196866482120044,0.939697340130806,0.24330202490091324,0.741721341013908
residual_v2,57,three_hole_asymmetric,84,private-source://routeA_experiments/data/final_ood_frozen_v1/three_hole_asymmetric/sample_0084.npz,412d7cf0b8e7473beabae2d73d6f51672f2e2290c5eb4f6594fefd3da8d64992,0.00587367799016647,0.0728132883196934,0.7759309926337237,0.827061802148819,0.3070391033543274,0.6736767873167984
residual_v2,57,three_hole_asymmetric,85,private-source://routeA_experiments/data/final_ood_frozen_v1/three_hole_asymmetric/sample_0085.npz,254ac982dfb840962b732a7f58d26007ad7175788b3d22740ac1a0de93037713,0.005814556003315374,0.05270785860744395,0.5646957904829278,0.681882917881012,0.25258711725473404,0.4996348932385441
residual_v2,57,three_hole_asymmetric,86,private-source://routeA_experiments/data/final_ood_frozen_v1/three_hole_asymmetric/sample_0086.npz,c521fb24ed492b9981db7f659459473625677c7b0d7e4c9095384fc6551b4657,0.0068605100095737725,0.05644388076071393,1.0615903038993668,0.9353618621826172,0.22935456014238298,0.6546975350007409
residual_v2,57,three_hole_asymmetric,87,private-source://routeA_experiments/data/final_ood_frozen_v1/three_hole_asymmetric/sample_0087.npz,7946973bee1306c79f4c36bb2e32fb4b5c210f4c5eee0944367ba30e9fdd9e31,0.007264631014550105,0.0504489438838622,0.6172570008019056,0.6833851337432861,0.2036655694246292,0.5065368592739093
residual_v2,57,three_hole_asymmetric,88,private-source://routeA_experiments/data/final_ood_frozen_v1/three_hole_asymmetric/sample_0088.npz,11f5514ff6bbacbe263aded7875193bf5aad8a00011357f6c74f2f464c5b23a1,0.007419184024911374,0.09306563253159937,0.7921965632277382,0.6175160109996796,0.37942072516307235,0.5146876201033592
residual_v2,57,three_hole_asymmetric,89,private-source://routeA_experiments/data/final_ood_frozen_v1/three_hole_asymmetric/sample_0089.npz,a61b51e0b645bb67e96064efeeb018bd2d7b048c8350145b4efca94cd3cced4a,0.007115432992577553,0.0630446361651311,0.6336549378641698,0.7000359892845154,0.3387961760163307,0.5914666056632993
residual_v2,57,three_hole_asymmetric,90,private-source://routeA_experiments/data/final_ood_frozen_v1/three_hole_asymmetric/sample_0090.npz,f238f1b73bfe633977814f4ee8efd7678f1da09cdadc96667ab86b42fd9c84b8,0.00696179800434038,0.07308522362407217,0.9591431703532534,0.9558001607656479,0.3345956541597843,0.7346803139895194
residual_v2,57,three_hole_asymmetric,91,private-source://routeA_experiments/data/final_ood_frozen_v1/three_hole_asymmetric/sample_0091.npz,908dee8055af09e682db2290282512110ad8b8134b5a3c698b0b1e27d1298733,0.00607234300696291,0.06578768979002443,0.7420814224288611,0.7417106032371521,0.33570076525211334,0.6492380768060682
residual_v2,57,three_hole_asymmetric,92,private-source://routeA_experiments/data/final_ood_frozen_v1/three_hole_asymmetric/sample_0092.npz,235f3d7bb93d6ff69897dc532f9c0175c97fc98f43fc1a6c18061f36b3b6c3ef,0.006066280009690672,0.06744435062538853,0.6741338241289762,0.7510668188333511,0.3442657142877579,0.612622625380754
residual_v2,57,three_hole_asymmetric,93,private-source://routeA_experiments/data/final_ood_frozen_v1/three_hole_asymmetric/sample_0093.npz,a7d0da11a92287a27a4a6c11ca702f3f2f17ff721a0f0279d690f8abf94252be,0.0071101789944805205,0.040513428277906355,0.54147452195416,0.6715950965881348,0.1892530359327793,0.5141592696309066
residual_v2,57,three_hole_asymmetric,94,private-source://routeA_experiments/data/final_ood_frozen_v1/three_hole_asymmetric/sample_0094.npz,d0aa584876f99691aeeb8026d5ead955e7cc17621019a851ef37a13edaf58971,0.007069943007081747,0.08019273145453233,0.927116219571307,0.9308800101280212,0.35425282875075936,0.7080790311098096
residual_v2,57,three_hole_asymmetric,95,private-source://routeA_experiments/data/final_ood_frozen_v1/three_hole_asymmetric/sample_0095.npz,d203d6745345a12b29597ac2d26caea89ab17bb23083688666fb462296530e05,0.00654918298823759,0.0801511269855157,0.862295008476153,0.7351770997047424,0.360147213563323,0.6077256202697752
residual_v2,57,three_hole_asymmetric,96,private-source://routeA_experiments/data/final_ood_frozen_v1/three_hole_asymmetric/sample_0096.npz,78f0808d535501b8d16b5386431081df41fe126d96ffeb5bfc34b71693bd5714,0.0055839960114099085,0.0630070958080281,0.8679904327535509,0.7937148809432983,0.26250242069363594,0.6226736821234226
residual_v2,57,three_hole_asymmetric,97,private-source://routeA_experiments/data/final_ood_frozen_v1/three_hole_asymmetric/sample_0097.npz,a19b074a2ef168ce2028edf5abd4394ddadac3e42eb7badae29852dcd87b8c01,0.005636145011521876,0.06827398899833009,0.9335065914146384,0.9825277328491211,0.3528831675648689,0.8110635459423053
residual_v2,57,three_hole_asymmetric,98,private-source://routeA_experiments/data/final_ood_frozen_v1/three_hole_asymmetric/sample_0098.npz,e628a052cb301d1ccddc36abc3e756605d05d755311cc580cb8638d0283e8a28,0.00715458401828073,0.05663009869973788,0.8086278097959103,0.8745601773262024,0.26669251918792725,0.6661878332495684
residual_v2,57,three_hole_asymmetric,99,private-source://routeA_experiments/data/final_ood_frozen_v1/three_hole_asymmetric/sample_0099.npz,c4c58ccc92851ab150fbcfb7929b45da22b8f4be00f48239dbac5a4033fb8247,0.006832576997112483,0.052898514866207454,0.7607223200051887,0.844333678483963,0.26258542388677597,0.6706023506820189
residual_v2,57,three_hole_asymmetric,100,private-source://routeA_experiments/data/final_ood_frozen_v1/three_hole_asymmetric/sample_0100.npz,7735aa807c0bade0596ab7163387935e7d8a6420ea91ac0b71468f037f55c595,0.00630271399859339,0.06145897714165949,0.5533019415826729,0.767646074295044,0.26441933028399944,0.4606442540884011
residual_v2,57,three_hole_asymmetric,101,private-source://routeA_experiments/data/final_ood_frozen_v1/three_hole_asymmetric/sample_0101.npz,50903f9da861e8e4b8d2ee84d0c4eea498c76f1b91f5cc6b26cca7661f51f13b,0.007073540007695556,0.08794199608814353,1.0987931158171482,0.9106903150677681,0.408307122066617,0.7418058391660429
residual_v2,57,three_hole_asymmetric,102,private-source://routeA_experiments/data/final_ood_frozen_v1/three_hole_asymmetric/sample_0102.npz,393185e3a3667ce8030757bd68d94410eee1772700c16b445a0af74c993e2d3e,0.006355076999170706,0.08059330067887979,1.1246747727296516,0.9926353842020035,0.31239600625121966,0.7674889791756865
residual_v2,57,three_hole_asymmetric,103,private-source://routeA_experiments/data/final_ood_frozen_v1/three_hole_asymmetric/sample_0103.npz,d8e3e01787f23ef6a1dabb9edf23da79e0637aeb7fd538143355fccbedc02bc1,0.007274883973877877,0.0881387693574349,0.7279378396838297,0.7197032421827316,0.39416463300585747,0.5654986955225465
residual_v2,57,three_hole_asymmetric,104,private-source://routeA_experiments/data/final_ood_frozen_v1/three_hole_asymmetric/sample_0104.npz,d6cc18e29b7582dec1b5602f9fa8218e7d40d0e0ed08552c1d6acc779fc36a17,0.006278818007558584,0.05673355928801131,0.8843513342497146,0.8384103626012802,0.254084886983037,0.748507149517536
residual_v2,57,three_hole_asymmetric,105,private-source://routeA_experiments/data/final_ood_frozen_v1/three_hole_asymmetric/sample_0105.npz,35bd0c998f7436861f71be50f8aba64a3461c822cf292b3e6694660f55a3b0f1,0.007301519013708457,0.06124658222765388,0.5427550055950378,0.5997152030467987,0.2757222056388855,0.5025337785482406
residual_v2,57,three_hole_asymmetric,106,private-source://routeA_experiments/data/final_ood_frozen_v1/three_hole_asymmetric/sample_0106.npz,6888edd52db8cf29388af634eedf7f9be35793c07c18644b7f86f8a441acc780,0.007399668975267559,0.06326539141875663,0.6511834841231222,0.6383874714374542,0.29071735590696335,0.5001615718007086
residual_v2,57,three_hole_asymmetric,107,private-source://routeA_experiments/data/final_ood_frozen_v1/three_hole_asymmetric/sample_0107.npz,40b2ef1f23b501bfde64a13fe7258035909f0d78e1d54eb6e1443c804305ecf4,0.005897725990507752,0.05760133174298163,1.105282113229835,0.9469609931111336,0.2284033363685012,0.5804830491542814
residual_v2,57,three_hole_asymmetric,108,private-source://routeA_experiments/data/final_ood_frozen_v1/three_hole_asymmetric/sample_0108.npz,79b8dfa34c2b35a10fea27f09a0f9f798b0367fc5192ed59d1361f1b53799bdd,0.006215336004970595,0.07249204699805169,0.8976248586690662,0.8464047461748123,0.32263909821631387,0.6100707747042177
residual_v2,57,three_hole_asymmetric,109,private-source://routeA_experiments/data/final_ood_frozen_v1/three_hole_asymmetric/sample_0109.npz,8ce37dd8adb5cefec81dbd0f448aa24fd957fd04fe733656a07aef732c8cc2eb,0.007053403998725116,0.08818989159808441,0.8758746600534009,0.9261077046394348,0.4673700351268053,0.6418069750070554
residual_v2,57,three_hole_asymmetric,110,private-source://routeA_experiments/data/final_ood_frozen_v1/three_hole_asymmetric/sample_0110.npz,4f2615c8cb85f9158644a5c730014c3884dbecc44b41e4c6525efb9d86c8caf8,0.0073224510124418885,0.0704350545038137,0.9784894489613786,0.9183201789855957,0.2616771818138659,0.7821573756635188
residual_v2,57,three_hole_asymmetric,111,private-source://routeA_experiments/data/final_ood_frozen_v1/three_hole_asymmetric/sample_0111.npz,0935578871a0f3a49acfc526c2f37c216dd91c68bd2a8bfb1b536326e94f5a44,0.0075201189902145416,0.06671957111504168,1.2080514370379922,0.9488232284784317,0.33841788284189533,0.5972921015694729
residual_v2,57,three_hole_asymmetric,112,private-source://routeA_experiments/data/final_ood_frozen_v1/three_hole_asymmetric/sample_0112.npz,75f3066ea740d92e454646a086e63a485bf69922e759ad6ffeae0e0cb87dfaa8,0.006829199992353097,0.07901285577349848,0.9428167954139807,0.927186906337738,0.3483663387596607,0.7848555803298934
residual_v2,57,three_hole_asymmetric,113,private-source://routeA_experiments/data/final_ood_frozen_v1/three_hole_asymmetric/sample_0113.npz,e697a839e7548feb3a5b14360c3973b92e38a87052d3b7365b32a7cd0a753191,0.0067636939929798245,0.05724804478258805,0.695947890561142,0.834800124168396,0.34348070435225964,0.6542689800262443
residual_v2,57,three_hole_asymmetric,114,private-source://routeA_experiments/data/final_ood_frozen_v1/three_hole_asymmetric/sample_0114.npz,7afaaf3601e6ed30886241051a0637c969fab4fdc7321968e3389ce030c7486a,0.005893784022191539,0.07253744119610821,0.7856332820478851,0.8635798990726471,0.40699618496000767,0.7044288627803321
residual_v2,57,three_hole_asymmetric,115,private-source://routeA_experiments/data/final_ood_frozen_v1/three_hole_asymmetric/sample_0115.npz,c61c1f6680ef22cfbb61c3b59a74537ff91a7a97eefe05a24d1215c5eff14175,0.0057496720110066235,0.061345511073415765,0.8036171409351772,0.8085201680660248,0.2974884882569313,0.6503183171153067
residual_v2,57,three_hole_asymmetric,116,private-source://routeA_experiments/data/final_ood_frozen_v1/three_hole_asymmetric/sample_0116.npz,9630b36b29d980654e8e8af10a050b5b22f9036bbc0eaf53ddfff402e0574e30,0.004985503997886553,0.09649490112059582,1.0529945329875523,0.8485170602798462,0.38476806692779064,0.7047938138246536
residual_v2,57,three_hole_asymmetric,117,private-source://routeA_experiments/data/final_ood_frozen_v1/three_hole_asymmetric/sample_0117.npz,d3d1cc5eb6165ce5dd1eb46f3b7422b7a91b41002dd8e244fb5807270ef54ae0,0.006605850998312235,0.057583945347905105,1.003872134141417,0.8806084096431732,0.26806948269950226,0.5980521615594624
residual_v2,57,three_hole_asymmetric,118,private-source://routeA_experiments/data/final_ood_frozen_v1/three_hole_asymmetric/sample_0118.npz,8e2be99501a03f3deba60278c03b5af400416cb985c121c2fa7d7d7827ff8328,0.005070305982371792,0.07568089128062613,0.8930549699446215,0.8850388079881668,0.36078850110061467,0.6083881627768274
residual_v2,57,three_hole_asymmetric,119,private-source://routeA_experiments/data/final_ood_frozen_v1/three_hole_asymmetric/sample_0119.npz,a47277e2b3beb0d89ef7b03bc2d99a8b043b3ba5b66636730dd832240fb5bf67,0.005846084008226171,0.08141543637557482,0.9694130701184231,0.9211399257183075,0.3574228323996067,0.7412638001143919
residual_v2,57,three_hole_asymmetric,120,private-source://routeA_experiments/data/final_ood_frozen_v1/three_hole_asymmetric/sample_0120.npz,460897fcccde1db2e8ba9079e66abd4ea55bf6c9fcc14cc7507c17ec7571d07d,0.00544814599561505,0.05220788599495401,0.7417238267557634,0.8234043717384338,0.28317613527178764,0.6271801054477688
residual_v2,57,three_hole_asymmetric,121,private-source://routeA_experiments/data/final_ood_frozen_v1/three_hole_asymmetric/sample_0121.npz,7463cebd5dcf30b0f53bfbcec6ed3cd938cae4ff1c7cb5a51f6b6208a020a4d2,0.007189706986537203,0.04630904877218608,0.6197578952083678,0.7285426557064056,0.1804140992462635,0.5212521582841874
residual_v2,57,three_hole_asymmetric,122,private-source://routeA_experiments/data/final_ood_frozen_v1/three_hole_asymmetric/sample_0122.npz,0b1f50e6483c4bd20f2eb7b1a5ad3ca903b7158558b6379b0a1c87cfb444d395,0.006104397005401552,0.07561383118101019,1.121535140479318,0.9080680757761002,0.3365973513573408,0.749742126464842
residual_v2,57,three_hole_asymmetric,123,private-source://routeA_experiments/data/final_ood_frozen_v1/three_hole_asymmetric/sample_0123.npz,65e171101675b5cb87eb5555f716856d756743e6d3447dfa2efbde71ac332e67,0.0063103699940256774,0.07933847133732266,0.9977767122668505,0.9887280762195587,0.3298121243715286,0.7991402573883533
residual_v2,57,three_hole_asymmetric,124,private-source://routeA_experiments/data/final_ood_frozen_v1/three_hole_asymmetric/sample_0124.npz,d3c7c52167944c7ed7ee06f79272238419f46b0150fe90a2589d3153747fbf2f,0.006306473020231351,0.060815825970535864,0.7775088826758113,0.8641987442970276,0.27928670961409807,0.6642834417521949
residual_v2,57,three_hole_asymmetric,125,private-source://routeA_experiments/data/final_ood_frozen_v1/three_hole_asymmetric/sample_0125.npz,629b8f9d37de5d037c8e33f97e602bf5d06a112e8c988084322626ed3cfa0db4,0.006847541983006522,0.08261840334642277,0.9056081294605025,0.8430285304784775,0.3603824768215418,0.6696317616850131
residual_v2,57,three_hole_asymmetric,126,private-source://routeA_experiments/data/final_ood_frozen_v1/three_hole_asymmetric/sample_0126.npz,d79d0f135637e2841b3453a53add5c4bf624f15ae92f2562acb09afebef0ede1,0.005771251016994938,0.07685717123180302,0.8139643420230948,0.7895350158214569,0.3463244214653969,0.6814304322004314
residual_v2,57,three_hole_asymmetric,127,private-source://routeA_experiments/data/final_ood_frozen_v1/three_hole_asymmetric/sample_0127.npz,7cee35213e8863690074459c24d7fd282a7630a45f0f4fab56f69cc5187ced3c,0.007562368002254516,0.0667116617742352,0.6814823846599721,0.6116859614849091,0.29559326684102416,0.5322066530585287
residual_v2,57,three_hole_asymmetric,128,private-source://routeA_experiments/data/final_ood_frozen_v1/three_hole_asymmetric/sample_0128.npz,66f17e3594dd9beaddc30078e0aea012c36ea89ec3780e24ab5e66ada4aa0aee,0.006890363001730293,0.08517596480099039,0.6962981841636532,0.6273602247238159,0.3522032151231542,0.528840236365795
residual_v2,57,three_hole_asymmetric,129,private-source://routeA_experiments/data/final_ood_frozen_v1/three_hole_asymmetric/sample_0129.npz,0513a13dc15142aa7035ad92a4d92696cde53f4f938fba0b6258ba43ff994ce4,0.007254760013893247,0.06560380791616088,0.8647952862333447,0.8752166032791138,0.30220696330070496,0.6984643474221225
residual_v2,57,three_hole_asymmetric,130,private-source://routeA_experiments/data/final_ood_frozen_v1/three_hole_asymmetric/sample_0130.npz,0b7e254aff9dacc784e6945d18e32da0372125ff81dc9fb35dcf29f7e12504f6,0.005984354997053742,0.08418774540992754,0.7684197786020199,0.8491527587175369,0.404734767973423,0.6624062985181804
residual_v2,57,three_hole_asymmetric,131,private-source://routeA_experiments/data/final_ood_frozen_v1/three_hole_asymmetric/sample_0131.npz,b7bf7aa4688f48d7c78174369c23732d337ae6ffd998cf06bb7a4edda3a5063d,0.006937881000339985,0.058981522939264376,0.6974490096794013,0.6933174133300781,0.2847750149667263,0.5568581238389012
residual_v2,57,three_hole_asymmetric,132,private-source://routeA_experiments/data/final_ood_frozen_v1/three_hole_asymmetric/sample_0132.npz,37fe2cf79de29a9b7e04b5fe118372c54173e6f10125f0854cf4d171d4776d59,0.0058408440090715885,0.04558704742066766,0.7588607446457103,0.9036515951156616,0.15876596327871084,0.5999176084995267
residual_v2,57,three_hole_asymmetric,133,private-source://routeA_experiments/data/final_ood_frozen_v1/three_hole_asymmetric/sample_0133.npz,3683c8dae119211360b0dbaa1ac9e1693a1728caddc3c1bb3768f981c2091e26,0.006116064003435895,0.06503765036633302,0.5766380841659704,0.5508822947740555,0.3059542179107666,0.473485192656517
residual_v2,57,three_hole_asymmetric,134,private-source://routeA_experiments/data/final_ood_frozen_v1/three_hole_asymmetric/sample_0134.npz,322bc5ec6225e978895e341b9dfdf38fbfa0681b5b329fe286739337905a2e67,0.006585361988982186,0.07144208314797768,0.9823904224079102,0.9458425492048264,0.37545712292194366,0.7265881832689046
residual_v2,57,three_hole_asymmetric,135,private-source://routeA_experiments/data/final_ood_frozen_v1/three_hole_asymmetric/sample_0135.npz,b3bc13b4ad513f7b7c47e8dfedda3871bfe1d969ceb542243518b1f1661a7b7d,0.007301653997274116,0.06097997710992027,0.9038261455590145,0.8944837599992752,0.29074984416365623,0.7129285559058185
residual_v2,57,three_hole_asymmetric,136,private-source://routeA_experiments/data/final_ood_frozen_v1/three_hole_asymmetric/sample_0136.npz,20f73113304cb007ce9ee5b010405b3b08c38b719993477582e1adb17921d82b,0.0071431410033255816,0.061099709012364015,0.5700558906809488,0.6411103308200836,0.25627822056412697,0.4439351037144661
residual_v2,57,three_hole_asymmetric,137,private-source://routeA_experiments/data/final_ood_frozen_v1/three_hole_asymmetric/sample_0137.npz,9c029bad505c34e3cca11e8187bc4fdf7d1417417883641e5c92c0e2b1861711,0.007314281014259905,0.0687081285415454,0.8128056360871498,0.8806782066822052,0.3368467530235648,0.677463872730731
residual_v2,57,three_hole_asymmetric,138,private-source://routeA_experiments/data/final_ood_frozen_v1/three_hole_asymmetric/sample_0138.npz,2a95dd7d60712bbde64ddb2f3b9b174a2da8a71e64f53104448b1fda6898cb87,0.005916145019000396,0.07692250188031965,1.2034237942068629,0.975844494998455,0.35831150168087333,0.6629977144300934
residual_v2,57,three_hole_asymmetric,139,private-source://routeA_experiments/data/final_ood_frozen_v1/three_hole_asymmetric/sample_0139.npz,f356651d5f0fbe76d7b23cee9c305931b8e8fe879d3fc560e174e6ff4a4bcbc9,0.006108205008786172,0.06749328433105112,0.6918202519161214,0.7315794676542282,0.28224184829741716,0.6492484897375099
residual_v2,57,three_hole_asymmetric,140,private-source://routeA_experiments/data/final_ood_frozen_v1/three_hole_asymmetric/sample_0140.npz,c22b26c249410214ce91ba779d94c82c7d58648110a4aac0c4246990ecc43bba,0.007541925006080419,0.08831997051846043,0.9413898664667398,0.9139214307069778,0.5125479809939861,0.8387452080845833
residual_v2,57,three_hole_asymmetric,141,private-source://routeA_experiments/data/final_ood_frozen_v1/three_hole_asymmetric/sample_0141.npz,581b8c08fb25b0697b98b87164ebaafe6cd559b41136643d44f9de35e975d7b9,0.007543832005467266,0.07072981475326093,1.0153202569824438,0.9907650351524353,0.3243253007531166,0.7895126834511755
residual_v2,57,three_hole_asymmetric,142,private-source://routeA_experiments/data/final_ood_frozen_v1/three_hole_asymmetric/sample_0142.npz,578e8f60d4da9f74071ab8374b88b7be266d5d1e67dec13929a7acf811b163a8,0.0073966610070783645,0.08784595663647275,1.0434518978290763,0.874496191740036,0.4096098868176341,0.7335186086595052
residual_v2,57,three_hole_asymmetric,143,private-source://routeA_experiments/data/final_ood_frozen_v1/three_hole_asymmetric/sample_0143.npz,b6b2551b71fdf3da0d4ca84d9f08c6aa2f3008f1962bd943296cbf9612880efc,0.006689722998999059,0.06409350880365706,0.9613386209515298,0.9453727230429649,0.24257850274443626,0.8264702988788485
residual_v2,57,three_hole_asymmetric,144,private-source://routeA_experiments/data/final_ood_frozen_v1/three_hole_asymmetric/sample_0144.npz,8329648a6f54e17ec6911f4a2a43086a79f241b8ea2247f84b00d977ee02610d,0.0076198850001674145,0.054971075267383845,0.9776998241874973,0.9695355370640755,0.20315556752029806,0.7484837386757135
residual_v2,57,three_hole_asymmetric,145,private-source://routeA_experiments/data/final_ood_frozen_v1/three_hole_asymmetric/sample_0145.npz,9e07276be4c9a737eae17e3917bc3cdc5d0dfa1bce9663bd981f358519eb110c,0.006137863994808868,0.07993230320762969,0.8427072985121588,0.7728000730276108,0.39307116717100143,0.6515498854219911
residual_v2,57,three_hole_asymmetric,146,private-source://routeA_experiments/data/final_ood_frozen_v1/three_hole_asymmetric/sample_0146.npz,67f3ee8daff2c978cbe4cd399a7f2ad4874665b5c644a341c057c304af1127c1,0.007198720006272197,0.06939005874298562,0.9082629167058305,0.9121891409158707,0.3293541291495785,0.7698690971359606
residual_v2,57,three_hole_asymmetric,147,private-source://routeA_experiments/data/final_ood_frozen_v1/three_hole_asymmetric/sample_0147.npz,e85347f74d9b0184043eda85a8b0b42fe6515b3c49ceeec50b7b4d6dfff4a07d,0.005224296008236706,0.05693320918362588,0.5707012365623476,0.6503320038318634,0.2783209793269634,0.517177747189998
residual_v2,57,three_hole_asymmetric,148,private-source://routeA_experiments/data/final_ood_frozen_v1/three_hole_asymmetric/sample_0148.npz,245fe71d4768340cf55e028f00a51ef269352046fcee78a0376200f4998c9360,0.006214641995029524,0.04397900574650436,0.6744175369834863,0.7994676232337952,0.22546633705496788,0.5272325783967964
residual_v2,57,three_hole_asymmetric,149,private-source://routeA_experiments/data/final_ood_frozen_v1/three_hole_asymmetric/sample_0149.npz,e4131c7833d7b32f7f309cc922c788dde6f66644cd7c84c3995c3e66ca6ec058,0.005415544001152739,0.05566854851604578,0.9614735898399913,0.9137675613164902,0.22557604406028986,0.7428539767861362
residual_v2,57,three_hole_asymmetric,150,private-source://routeA_experiments/data/final_ood_frozen_v1/three_hole_asymmetric/sample_0150.npz,14d7c4793f64ce9d612ac24093c5fbe0dae12baa2ebcc0e606416070b0010be4,0.007020935998298228,0.07264280259198815,1.0197890613974419,0.9005728662014008,0.2942777557182126,0.6962843991816038
residual_v2,57,three_hole_asymmetric,151,private-source://routeA_experiments/data/final_ood_frozen_v1/three_hole_asymmetric/sample_0151.npz,3c828906fd7ab01c163402ae535f03a420e0b8d29d63467e8f5e0ac8bb2069f1,0.00620986899593845,0.07794117354285948,0.8263118183045057,0.7667547017335892,0.34702852251939476,0.6198467887938021
residual_v2,57,three_hole_asymmetric,152,private-source://routeA_experiments/data/final_ood_frozen_v1/three_hole_asymmetric/sample_0152.npz,2dd677fdf441a2d0d82994893dd167d20bc429686f9d05c84662f972384de6c2,0.007338102994253859,0.06286827639506995,0.9302657709314222,0.9098525196313858,0.23051689565181732,0.7466372832655898
residual_v2,57,three_hole_asymmetric,153,private-source://routeA_experiments/data/final_ood_frozen_v1/three_hole_asymmetric/sample_0153.npz,e09e2ec653206737b870b71f517fcc81353db939fd7d890bfde2a8715648f046,0.0056818120065145195,0.05680532779937795,0.9707633352902699,0.9056911319494247,0.20860991755034775,0.7104493420571089
residual_v2,57,three_hole_asymmetric,154,private-source://routeA_experiments/data/final_ood_frozen_v1/three_hole_asymmetric/sample_0154.npz,354f1ec9c8bb281306006c931744c6710f378713690c48b9dfc924d8e03155dc,0.005861529993126169,0.07041565951987362,0.8199248642918923,0.7752135843038559,0.29430229775607586,0.6052022568881512
residual_v2,57,three_hole_asymmetric,155,private-source://routeA_experiments/data/final_ood_frozen_v1/three_hole_asymmetric/sample_0155.npz,4feb6d42b1ba8f3891917e887c391dac5ab83213398859f8c4d1343a08f81523,0.006366993999108672,0.04921756014741522,0.7347418748602694,0.7377945184707642,0.17596998251974583,0.5204646944999658
residual_v2,57,three_hole_asymmetric,156,private-source://routeA_experiments/data/final_ood_frozen_v1/three_hole_asymmetric/sample_0156.npz,2ed681cf4ebe76dc5ff83597e8f424f37faa8aa01f50048685eb1a9f8504ef64,0.006372730975272134,0.06691915534256988,0.9302653662684595,0.9687270224094391,0.33726017735898495,0.6744663648307322
residual_v2,57,three_hole_asymmetric,157,private-source://routeA_experiments/data/final_ood_frozen_v1/three_hole_asymmetric/sample_0157.npz,8f86d834f785485f1110f7ae10b681508b7fb7293834bdeabad4cd9e0ff581e7,0.005940719012869522,0.056697629388318536,0.7273960996836603,0.7879638075828552,0.2840002439916134,0.544104507565498
residual_v2,57,three_hole_asymmetric,158,private-source://routeA_experiments/data/final_ood_frozen_v1/three_hole_asymmetric/sample_0158.npz,b7838937a002adfbc7581e42e80020a5cc8ff317b9ef609ec1903087a3d31c3e,0.006005587987601757,0.06602617682233755,0.7939722993904582,0.6903465390205383,0.3179779704660177,0.5202345766127106
residual_v2,57,three_hole_asymmetric,159,private-source://routeA_experiments/data/final_ood_frozen_v1/three_hole_asymmetric/sample_0159.npz,7ec05d300291c51dfc519a7d08b75bd3be917f67a3673dfe18849f585f9f709e,0.00708840400329791,0.08745512258381243,0.95643419223055,0.8240552842617035,0.4059996057767421,0.6291414946317669
residual_v2,57,three_hole_asymmetric,160,private-source://routeA_experiments/data/final_ood_frozen_v1/three_hole_asymmetric/sample_0160.npz,406b5d01c559ad3764a887df63a81ab6aeb54deb0e03ab5546863badf9a16f35,0.00652491400251165,0.06385519627743819,1.2147060992031533,0.9639017507433891,0.2989655372221023,0.5903027988970271
residual_v2,57,three_hole_asymmetric,161,private-source://routeA_experiments/data/final_ood_frozen_v1/three_hole_asymmetric/sample_0161.npz,e022a734e6aba3a7301b06bd77c79e73047ff290f57525b8dee053bdfa5b4988,0.007305548002477735,0.04033870756104808,0.5322377151188918,0.6126746237277985,0.13708600401878357,0.507055819034576
residual_v2,57,three_hole_asymmetric,162,private-source://routeA_experiments/data/final_ood_frozen_v1/three_hole_asymmetric/sample_0162.npz,2b13f73876bba396b8fa67ab174be82ee1a554b9e4c19a3a7412ffc39aba0b13,0.006317816994851455,0.04047791921012121,0.5251953722606558,0.6322444081306458,0.17812095396220684,0.45700093060731795
residual_v2,57,three_hole_asymmetric,163,private-source://routeA_experiments/data/final_ood_frozen_v1/three_hole_asymmetric/sample_0163.npz,e9b740089bb1f2d4e21a0999405d9bdba3a57bd51c7e58ea5ed47d11ee6595a2,0.005852592003066093,0.04977269929596051,0.7435651651017517,0.7457221746444702,0.22952890396118164,0.5712861061096192
residual_v2,57,three_hole_asymmetric,164,private-source://routeA_experiments/data/final_ood_frozen_v1/three_hole_asymmetric/sample_0164.npz,9f206330bd07c9c4847fddf539ce746ee66390d885f3c33bc1d444adbbd318ac,0.007276852993527427,0.07458466542774836,0.7151891877806793,0.728439450263977,0.3489973209798336,0.5808553010225296
residual_v2,57,three_hole_asymmetric,165,private-source://routeA_experiments/data/final_ood_frozen_v1/three_hole_asymmetric/sample_0165.npz,59ec0f1c680bf9149906ed38b4dd3a4aa7612d7147f9c53c5dcfa06ecca43366,0.005575194983975962,0.06433588916709368,0.760777587955236,0.8548418283462524,0.3252163827419281,0.6636535257101047
residual_v2,57,three_hole_asymmetric,166,private-source://routeA_experiments/data/final_ood_frozen_v1/three_hole_asymmetric/sample_0166.npz,acdabcd30120f1b891f11b4fee7490ecf1c73a42827cec6684949a026c1d238b,0.006712098023854196,0.08469294380467488,0.9236656665842826,0.859117716550827,0.3730252645909786,0.7496770679950706
residual_v2,57,three_hole_asymmetric,167,private-source://routeA_experiments/data/final_ood_frozen_v1/three_hole_asymmetric/sample_0167.npz,2d64cbb7ed13e9d5493b3bcffc548a37e43f77cfe686d4bd90f395d9b3dedcd2,0.006837852008175105,0.08095656121944843,1.0303148542241634,0.9426966607570648,0.2826272255042568,0.6784132855013012
residual_v2,57,three_hole_asymmetric,168,private-source://routeA_experiments/data/final_ood_frozen_v1/three_hole_asymmetric/sample_0168.npz,ce1811b3b58e1cf01845e9ffb4fac5caa62f765929be1337c8260c13d9b65d5d,0.006005267990985885,0.06334549380549405,1.170465742063506,0.937596395611763,0.3384521765401587,0.660772277228534
residual_v2,57,three_hole_asymmetric,169,private-source://routeA_experiments/data/final_ood_frozen_v1/three_hole_asymmetric/sample_0169.npz,c8bdae4b5e47fcfb5a99f1ccde0ca1ecf2011b5c092fc8bd8e61595f8c50518c,0.006802784017054364,0.05612394228083033,0.975250056309886,0.9464551210403442,0.22160293399792863,0.7191827494651073
residual_v2,57,three_hole_asymmetric,170,private-source://routeA_experiments/data/final_ood_frozen_v1/three_hole_asymmetric/sample_0170.npz,33251f1d994ef521e7ed6646d939e7b5f6ae05ade833fce7f91910e3aa7b2d74,0.006774391018552706,0.08463257605451785,1.1429807333345787,0.96367958933115,0.38422827527392656,0.717304129898548
residual_v2,57,three_hole_asymmetric,171,private-source://routeA_experiments/data/final_ood_frozen_v1/three_hole_asymmetric/sample_0171.npz,3304230b1d8bbdd9fc2dfda78714484a468749cddd223bba1c2dbf29c548831e,0.006058815983124077,0.08108475730511286,0.8164250370831944,0.7718656957149506,0.3882735923398286,0.6675189629197117
residual_v2,57,three_hole_asymmetric,172,private-source://routeA_experiments/data/final_ood_frozen_v1/three_hole_asymmetric/sample_0172.npz,a740cace37940a1e2252703d9381d4b9f3f3b166a52d68121a24aaca6473c237,0.00679121699067764,0.07781442932420143,0.8588784822128355,0.8147897720336914,0.3223761357367039,0.7184538796544074
residual_v2,57,three_hole_asymmetric,173,private-source://routeA_experiments/data/final_ood_frozen_v1/three_hole_asymmetric/sample_0173.npz,7fbe985e9871b0fea23dcd48b5658d0febd6965ccb34e4430a248d8ea7884c13,0.005844606988830492,0.052719130593453595,0.7825834832281074,0.7830874174833298,0.22704403940588236,0.5852944821119307
residual_v2,57,three_hole_asymmetric,174,private-source://routeA_experiments/data/final_ood_frozen_v1/three_hole_asymmetric/sample_0174.npz,71542cbeea7c7322472596a11b9ea2cf6285893af2fd8caaacd78a77cf1d83fd,0.005948537989752367,0.05702619377963861,0.6811333110379965,0.7453273758292198,0.28183438442647457,0.5549866490066048
residual_v2,57,three_hole_asymmetric,175,private-source://routeA_experiments/data/final_ood_frozen_v1/three_hole_asymmetric/sample_0175.npz,0f2191f55e786a9cc0197b9d38b5849150523e7f0e95da026a8b7282892dd7e7,0.007369887985987589,0.07889348315912695,1.108301247220473,1.0018861144781113,0.3655406329780817,0.7754718668758845
residual_v2,57,three_hole_asymmetric,176,private-source://routeA_experiments/data/final_ood_frozen_v1/three_hole_asymmetric/sample_0176.npz,1d5d110e1725a11891d26e004b83d93d33e264f9f0cc612cea71237c93485c91,0.007062068994855508,0.0661834101860282,0.6715328595794616,0.7181211709976196,0.33906009420752525,0.5766927301883691
residual_v2,57,three_hole_asymmetric,177,private-source://routeA_experiments/data/final_ood_frozen_v1/three_hole_asymmetric/sample_0177.npz,491128641f9815a0257fe2c5da3e9ef510909b89c7efe14041aaf988dd54d374,0.006006286013871431,0.06820948842833427,0.9085935206902197,0.8981684446334839,0.2368316100910306,0.7074132543057201
residual_v2,57,three_hole_asymmetric,178,private-source://routeA_experiments/data/final_ood_frozen_v1/three_hole_asymmetric/sample_0178.npz,8ad8976324d69fa900282a701c1176bec4bd066428ab6af4d07f98b6226c1440,0.005939777998719364,0.06650434880019555,0.8593571600563965,0.8585576415061951,0.3652164228260517,0.741797512769699
residual_v2,57,three_hole_asymmetric,179,private-source://routeA_experiments/data/final_ood_frozen_v1/three_hole_asymmetric/sample_0179.npz,ed3c4408215897e333b3a88a790f6b3b965edbc5f729ee1ca00b514638a22db3,0.006456592993345112,0.07390752247063731,0.6746070901689369,0.6977997124195099,0.3751269057393074,0.5636423364281653
residual_v2,57,three_hole_asymmetric,180,private-source://routeA_experiments/data/final_ood_frozen_v1/three_hole_asymmetric/sample_0180.npz,026ec17f7ba5561155ad7d2d26d4b774202c9e9d3be82846603703294b1c6599,0.007076523004798219,0.07465034755106485,0.9636619977700875,0.9666840583086014,0.32866470143198967,0.7702529080212114
residual_v2,57,three_hole_asymmetric,181,private-source://routeA_experiments/data/final_ood_frozen_v1/three_hole_asymmetric/sample_0181.npz,ae31a16b8c81593e19306a84399bfd2a84ac55c7910ef8823c67abd4642aa2f6,0.006022693996783346,0.07627668822166173,0.9007828785494711,0.7134668827056885,0.39810149441473186,0.5364745289087285
residual_v2,57,three_hole_asymmetric,182,private-source://routeA_experiments/data/final_ood_frozen_v1/three_hole_asymmetric/sample_0182.npz,3c898c6349f36f90b3d5a9fe1ea363190f3864ec9904027b2c82073b2f828008,0.0061218680057208985,0.059941927910592024,0.8239905594560808,0.8776298761367798,0.2843666449189186,0.7018651366233815
residual_v2,57,three_hole_asymmetric,183,private-source://routeA_experiments/data/final_ood_frozen_v1/three_hole_asymmetric/sample_0183.npz,7960bd5136007fe9e53aaf26195ec050cd3f170be4ea0892e9c50801de1e2a57,0.006897131999721751,0.061429401983297764,0.8341618824372312,0.9047834873199463,0.3031301982700825,0.7209634818136662
residual_v2,57,three_hole_asymmetric,184,private-source://routeA_experiments/data/final_ood_frozen_v1/three_hole_asymmetric/sample_0184.npz,d0af476fd13dfb1d250ce9a4ca56a9e4e7747143d266e251a2d3bed91fdc35c3,0.007144027011236176,0.07077609463021543,0.7383447093695014,0.6736687421798706,0.3346863426268101,0.566485500335693
residual_v2,57,three_hole_asymmetric,185,private-source://routeA_experiments/data/final_ood_frozen_v1/three_hole_asymmetric/sample_0185.npz,825925d58976a37ca694d695a027e07bfbaaceb34012d307f2f1821037baf144,0.006865845003630966,0.06247499920489565,0.8424772296505505,0.8595764636993408,0.31979047507047653,0.671266381442546
residual_v2,57,three_hole_asymmetric,186,private-source://routeA_experiments/data/final_ood_frozen_v1/three_hole_asymmetric/sample_0186.npz,77e809def7ac8044a4e55b9ef623158afda39a6477b671e128605d4b47566db6,0.0076059779967181385,0.08438300856317532,1.2003421098521547,0.9948081076145172,0.39937331178225577,0.6935393847525119
residual_v2,57,three_hole_asymmetric,187,private-source://routeA_experiments/data/final_ood_frozen_v1/three_hole_asymmetric/sample_0187.npz,d41acb81beffee4db9203e1cf0266797359f026ace1ea8ca9bcd6ccb1e2af128,0.007114160980563611,0.06751091874269874,0.7635653962780559,0.6945430040359497,0.33060712553560734,0.5101089596748352
residual_v2,57,three_hole_asymmetric,188,private-source://routeA_experiments/data/final_ood_frozen_v1/three_hole_asymmetric/sample_0188.npz,0ee1d93b5b155a3545c539b9ebd208096d5da786ac320abbe96a9ddff30d88d7,0.0058973370178136975,0.06324463645372097,0.8148135226440895,0.6662850677967072,0.33435773849487305,0.4699898291379207
residual_v2,57,three_hole_asymmetric,189,private-source://routeA_experiments/data/final_ood_frozen_v1/three_hole_asymmetric/sample_0189.npz,70be7056cd13692af26bab63a3df9b9a64678831ef39fdb9582375ceecca7edf,0.006940608989680186,0.07350066468501563,1.2257112851002725,0.9834158718585968,0.3937328391475603,0.6801504546776403
residual_v2,57,three_hole_asymmetric,190,private-source://routeA_experiments/data/final_ood_frozen_v1/three_hole_asymmetric/sample_0190.npz,a8c424ee2056e12af66d0be34289a252d77172e5cb127ec57c8550e3415ab90b,0.0074398230062797666,0.05993647439030642,0.8596588973453387,0.8866656422615051,0.254346047033323,0.6873000629246233
residual_v2,57,three_hole_asymmetric,191,private-source://routeA_experiments/data/final_ood_frozen_v1/three_hole_asymmetric/sample_0191.npz,26c2bd071beec9742e0a4f1e5466aa608a15434494059de80e606e4679fa8ed3,0.006925503985257819,0.08325959686742311,1.0236429446839335,0.9479628056287766,0.3246248736977577,0.7989163391292092
residual_v2,57,three_hole_asymmetric,192,private-source://routeA_experiments/data/final_ood_frozen_v1/three_hole_asymmetric/sample_0192.npz,40d02fa0627c6deec298290103575257705efed18a0e5475ecaa7bf465aa9b99,0.006241751980269328,0.08252458930531867,0.9058691107432955,0.912023663520813,0.37500476837158203,0.7183067336678497
residual_v2,57,three_hole_asymmetric,193,private-source://routeA_experiments/data/final_ood_frozen_v1/three_hole_asymmetric/sample_0193.npz,e2291d430c4ed65b595a26a1bfd29617e6a29836d02a7642cee85cd276392050,0.005611338012386113,0.08429207195331012,0.9262531192906654,0.8198036402463913,0.3993543677497655,0.6975141875445837
residual_v2,57,three_hole_asymmetric,194,private-source://routeA_experiments/data/final_ood_frozen_v1/three_hole_asymmetric/sample_0194.npz,31e35937f5e42fb742834cdcb1fc165dd1ffc423ac83933409ddf9f346655de1,0.006149410997750238,0.0918470240072431,0.7528182890378947,0.8142667859792709,0.34066428255755454,0.6237926866859195
residual_v2,57,three_hole_asymmetric,195,private-source://routeA_experiments/data/final_ood_frozen_v1/three_hole_asymmetric/sample_0195.npz,40442c552a2016d07c97d9c05bd7232ba672eeab612657250b9c7529d4f8fba5,0.005846774001838639,0.08789054384439049,0.7992069739139895,0.7503398060798645,0.3671564299147576,0.5836371213197705
residual_v2,57,three_hole_asymmetric,196,private-source://routeA_experiments/data/final_ood_frozen_v1/three_hole_asymmetric/sample_0196.npz,dd2106f958610c899c170e0e932d315a715401be9a89fd9bfb0ce4af7422b23f,0.006266034004511312,0.0810194397342572,0.944567099464465,0.8019626140594482,0.4247581893578172,0.7072324499487862
residual_v2,57,three_hole_asymmetric,197,private-source://routeA_experiments/data/final_ood_frozen_v1/three_hole_asymmetric/sample_0197.npz,aa854427cd50f074116bdad2e4371e42c0402350e5d180482ef4c364d2ad2cf8,0.006100339989643544,0.07134584915072459,0.6581116558723896,0.8060167282819748,0.27436088025569916,0.5072881095111367
residual_v2,57,three_hole_asymmetric,198,private-source://routeA_experiments/data/final_ood_frozen_v1/three_hole_asymmetric/sample_0198.npz,f829be15d56c832505226b17681dbe66656bc2100714eb438d609a588f6574fe,0.0058556050062179565,0.056884609408957204,0.6375952949790652,0.6853480637073517,0.33070433884859085,0.5737231582403182
residual_v2,57,three_hole_asymmetric,199,private-source://routeA_experiments/data/final_ood_frozen_v1/three_hole_asymmetric/sample_0199.npz,52333eb8bbb0f95e069bd2d38db9cab28b55c6f86387da7cd28a27818fe1041a,0.0061175699811428785,0.07898576839452118,0.821773044675176,0.8069323301315308,0.3457928989082575,0.6457442238926883
