model,training_seed,shape,sample_id,sample_file,sample_sha256,inference_seconds,mae,relative_l2,max_abs_error,p95_abs_error,p99_abs_error
residual_v2,60,polygonal_holes,0,private-source://routeA_experiments/data/prospective_ood_rd_hddm_alpha001_v2/polygonal_holes/sample_0000.npz,2813ec3127ac6b2d6e5ea2bdec57dc3842288d486f16a3ac630d975e79544104,0.00767602602718398,0.05784230027182764,0.9606016608829362,0.9584572613239288,0.27671170793473693,0.7161732859909534
residual_v2,60,polygonal_holes,1,private-source://routeA_experiments/data/prospective_ood_rd_hddm_alpha001_v2/polygonal_holes/sample_0001.npz,9d77838f7901837e5e6668df3993510bb8ecebaae9c24dafd7c33dd27713ca91,0.00802093796664849,0.05630141468021356,0.6101552743290404,0.7034226357936859,0.3530575841665266,0.593110414147377
residual_v2,60,polygonal_holes,2,private-source://routeA_experiments/data/prospective_ood_rd_hddm_alpha001_v2/polygonal_holes/sample_0002.npz,64d684a0c62d3af4e0e79525c5a8144d60264714c3b90c3683941cb3669199db,0.008001865004189312,0.05994928172969455,0.7751531004375644,0.8671976327896118,0.30223404765129086,0.7296048636734486
residual_v2,60,polygonal_holes,3,private-source://routeA_experiments/data/prospective_ood_rd_hddm_alpha001_v2/polygonal_holes/sample_0003.npz,cee6732562ef0f85cfd1d4207fb826b90bc31335f8fdf22bc7991a2b2d3e3818,0.007596129958983511,0.04584214147959478,0.4938741058477197,0.606222927570343,0.25207408443093265,0.5308054810762405
residual_v2,60,polygonal_holes,4,private-source://routeA_experiments/data/prospective_ood_rd_hddm_alpha001_v2/polygonal_holes/sample_0004.npz,f922f8aa230eb7f988651778a187a8f75ff947a239987aa900cd3c050a887ec0,0.0077950150007382035,0.05976879622512759,0.7586348347030867,0.8615915477275848,0.3441058814525602,0.6828136715292928
residual_v2,60,polygonal_holes,5,private-source://routeA_experiments/data/prospective_ood_rd_hddm_alpha001_v2/polygonal_holes/sample_0005.npz,7aa5ae995dda3a749c78e6b8b3aff037f07301dbda012f49af7c1983a95fd554,0.008348052040673792,0.06535050023552895,1.1355917875438326,0.9676720798015594,0.289997942186892,0.6688366249203682
residual_v2,60,polygonal_holes,6,private-source://routeA_experiments/data/prospective_ood_rd_hddm_alpha001_v2/polygonal_holes/sample_0006.npz,a2ab3adff33e2b825261f9f156651d6d226b45d7900ef8697f84935c734df80a,0.008516220026649535,0.05299321089575617,0.5948876334297387,0.7258591651916504,0.28711445108056055,0.5442565175890922
residual_v2,60,polygonal_holes,7,private-source://routeA_experiments/data/prospective_ood_rd_hddm_alpha001_v2/polygonal_holes/sample_0007.npz,b504795f95e5481635b933ab900699fe66f38076ab5132e6b57a48c641abbf2b,0.007789583993144333,0.05060690850412529,0.7125695988421722,0.8204380869865417,0.2407306253910064,0.6201007756590843
residual_v2,60,polygonal_holes,8,private-source://routeA_experiments/data/prospective_ood_rd_hddm_alpha001_v2/polygonal_holes/sample_0008.npz,b93c334e8e48c8fd6d52b05cd3ff40f15d4f5cc62702a435f3e0247d6b59a334,0.007982868002727628,0.051539283943500575,0.6139635872758051,0.6612706184387207,0.3275862187147137,0.6009535431861877
residual_v2,60,polygonal_holes,9,private-source://routeA_experiments/data/prospective_ood_rd_hddm_alpha001_v2/polygonal_holes/sample_0009.npz,f2ef70e3326ae2f2447ff2754173f923c307e7972ebbe15dd38aabeb5f047c49,0.008049770956858993,0.05521381733373586,0.6257244870303319,0.7510910928249359,0.27146482542157174,0.5779470631480217
residual_v2,60,polygonal_holes,10,private-source://routeA_experiments/data/prospective_ood_rd_hddm_alpha001_v2/polygonal_holes/sample_0010.npz,0078bb96d0f452027931ba3a5cabdd927aa298f7c3cb3cc2d89e7cb23acaf539,0.008202745986636728,0.06597210882104192,0.7621914139200626,0.8369596004486084,0.43640202805399886,0.7238022026419639
residual_v2,60,polygonal_holes,11,private-source://routeA_experiments/data/prospective_ood_rd_hddm_alpha001_v2/polygonal_holes/sample_0011.npz,9ee5588e761180b233891dd5a6f16fa8ca4f4c5906cdb841e4c8020cee441584,0.007999953988473862,0.05161047804076487,0.5345531729118136,0.6138648390769958,0.33910408914089196,0.5575360187888145
residual_v2,60,polygonal_holes,12,private-source://routeA_experiments/data/prospective_ood_rd_hddm_alpha001_v2/polygonal_holes/sample_0012.npz,9cdd74ea7cb7425efc2f3f4d80c0363bd50ea50709fe03b3d060f71ff605dd84,0.008305885014124215,0.06301818762315507,0.8061428639115851,0.8834929168224335,0.38603687733411773,0.7820911091566085
residual_v2,60,polygonal_holes,13,private-source://routeA_experiments/data/prospective_ood_rd_hddm_alpha001_v2/polygonal_holes/sample_0013.npz,7ee1a4ed3ed8a784612d742e8ed75f38441bf2f5701f264e582c39a5158ad1ce,0.007944866025354713,0.05747645048172836,0.7283690172934187,0.8097878694534302,0.3318185031414026,0.6832469329237938
residual_v2,60,polygonal_holes,14,private-source://routeA_experiments/data/prospective_ood_rd_hddm_alpha001_v2/polygonal_holes/sample_0014.npz,d1818732f452567ad0ecd2f58c757bb8290572b117528bb1e5aaefa970313cc6,0.00859658099943772,0.06555222021141124,0.7729288608458653,0.8792266547679901,0.3793003253638743,0.7664280673861503
residual_v2,60,polygonal_holes,15,private-source://routeA_experiments/data/prospective_ood_rd_hddm_alpha001_v2/polygonal_holes/sample_0015.npz,445b87e8c24a47bfb4d118389ef483a360b0d5074dc815ae35513aab4a27864d,0.007302148966118693,0.0589253959746404,0.7700425600074398,0.8808326125144958,0.34632306136190877,0.6906961031258106
residual_v2,60,polygonal_holes,16,private-source://routeA_experiments/data/prospective_ood_rd_hddm_alpha001_v2/polygonal_holes/sample_0016.npz,1a99ec371d63848f62228b959ed0924574356c0cccfdd1260268c8dfa0c9cdb0,0.007481007021851838,0.060833047037607155,1.1844521254792524,0.93962661921978,0.2839937497861683,0.6690617825090882
residual_v2,60,polygonal_holes,17,private-source://routeA_experiments/data/prospective_ood_rd_hddm_alpha001_v2/polygonal_holes/sample_0017.npz,0cdbf63c17b90ff3b3512ee0966f5d174bfb3232348a9e49b05f2d9ee4d89a26,0.006558043998666108,0.04512020460116648,0.5536796813333451,0.6328632235527039,0.2427378162741658,0.5609813174605369
residual_v2,60,polygonal_holes,18,private-source://routeA_experiments/data/prospective_ood_rd_hddm_alpha001_v2/polygonal_holes/sample_0018.npz,47317c8f9d3ed8f1a54c8b96ba91af510560b8aa7f805ade7143c1d16ca55e66,0.0063476270297542214,0.04253123192652664,0.43633598646935035,0.5130266547203064,0.2408752128481864,0.4421496906876564
residual_v2,60,polygonal_holes,19,private-source://routeA_experiments/data/prospective_ood_rd_hddm_alpha001_v2/polygonal_holes/sample_0019.npz,14a537fef9ee78090f18c68c7c2bb65ef6d197ce349231291c03aa4206e7dbef,0.0075498970109038055,0.057271322296619596,0.8021226539972576,0.8487942218780518,0.30844867974519724,0.7217018204927443
residual_v2,60,polygonal_holes,20,private-source://routeA_experiments/data/prospective_ood_rd_hddm_alpha001_v2/polygonal_holes/sample_0020.npz,7c814a3de56a037a81fd975f53b5567efeb9d9662b615203546bc0899290fd90,0.006186592974700034,0.04362353876235097,0.4936997298240552,0.665192723274231,0.24425556063652037,0.5422820290923118
residual_v2,60,polygonal_holes,21,private-source://routeA_experiments/data/prospective_ood_rd_hddm_alpha001_v2/polygonal_holes/sample_0021.npz,8ce53160fe69d5b6413cde92d321f24dc4d1d44cc5f0f2a3eca07d60a4da1104,0.007899270043708384,0.04808598539795993,0.5249504116753091,0.6559940576553345,0.21359277367591853,0.44461688369512553
residual_v2,60,polygonal_holes,22,private-source://routeA_experiments/data/prospective_ood_rd_hddm_alpha001_v2/polygonal_holes/sample_0022.npz,ebe02bed5b22de6ec65b6c54aaa34f7a9e9daf45fb56c3455386ee7beeca83bd,0.006581331021152437,0.06703917510231786,0.9120192120547365,0.9472745656967163,0.3789891442283983,0.765889721661806
residual_v2,60,polygonal_holes,23,private-source://routeA_experiments/data/prospective_ood_rd_hddm_alpha001_v2/polygonal_holes/sample_0023.npz,d6cabc05bb35909896ec365f876db62334e617b13b08c9e40694e2791b0db121,0.00827061099698767,0.05317022262699336,0.599794036223157,0.6883665919303894,0.3166003108024597,0.5776301902532577
residual_v2,60,polygonal_holes,24,private-source://routeA_experiments/data/prospective_ood_rd_hddm_alpha001_v2/polygonal_holes/sample_0024.npz,cc607c6b4a44a20de7c0d072b11d3585668469f46fe26a9e5a4601a8839b18e3,0.008411484013777226,0.053941444835445,0.799887149674287,0.8838401138782501,0.269708776473999,0.6713830602169036
residual_v2,60,polygonal_holes,25,private-source://routeA_experiments/data/prospective_ood_rd_hddm_alpha001_v2/polygonal_holes/sample_0025.npz,6624bf5fe6d196079fb76fb31c85860e096a142c03b130cd1e70002ae755b942,0.008415551972575486,0.06794164731543693,0.7678466762877538,0.8084472715854645,0.38419009298086154,0.6929226496815681
residual_v2,60,polygonal_holes,26,private-source://routeA_experiments/data/prospective_ood_rd_hddm_alpha001_v2/polygonal_holes/sample_0026.npz,c98d8e8d3d0a88d1da87415faeb5bf9178e88e1f30adc9ecf7cd6cf0dbd9277f,0.00769565103109926,0.058682739260911776,0.6476161423996407,0.8317186534404755,0.26663727909326546,0.6542005670070647
residual_v2,60,polygonal_holes,27,private-source://routeA_experiments/data/prospective_ood_rd_hddm_alpha001_v2/polygonal_holes/sample_0027.npz,a8830b8166a10f61db4814b54f56ca4808e3c93da85d47b565e4eddec6598b7d,0.008422550046816468,0.05593119976832188,0.6466702330636476,0.7703449428081512,0.3448953703045845,0.6612639847397804
residual_v2,60,polygonal_holes,28,private-source://routeA_experiments/data/prospective_ood_rd_hddm_alpha001_v2/polygonal_holes/sample_0028.npz,7a7df2263baaa71cbccf62f82307a4ec9364e586142fc46aecffcb33cae7cae8,0.007901296950876713,0.0511683133431211,0.6804777376384369,0.75255286693573,0.32761066854000087,0.6276617303490638
residual_v2,60,polygonal_holes,29,private-source://routeA_experiments/data/prospective_ood_rd_hddm_alpha001_v2/polygonal_holes/sample_0029.npz,1792cfc778015639447d8549da9e8e6ae065b2de6e8a35808550ab1f2eaa6d12,0.008757121046073735,0.04587670817966278,0.663847204559555,0.790664553642273,0.26314711123704887,0.6300199583172797
residual_v2,60,polygonal_holes,30,private-source://routeA_experiments/data/prospective_ood_rd_hddm_alpha001_v2/polygonal_holes/sample_0030.npz,0361f263ac7c96ee87583959a04a88d5d85ed0d0bf6e7d378681151774f385f2,0.007600841985549778,0.05086875642479072,0.5899238494139953,0.6880586743354797,0.3167824432253837,0.560536763370037
residual_v2,60,polygonal_holes,31,private-source://routeA_experiments/data/prospective_ood_rd_hddm_alpha001_v2/polygonal_holes/sample_0031.npz,05f616ed447a9ab8e71b77b9398fe7f5bdca3822ed0cb7c0b89a4802fff7e34a,0.00739751395303756,0.06107910681254405,0.7131177879385489,0.8839096426963806,0.3565014541149139,0.6465617686510086
residual_v2,60,polygonal_holes,32,private-source://routeA_experiments/data/prospective_ood_rd_hddm_alpha001_v2/polygonal_holes/sample_0032.npz,b84ee66df3e51a313acfa70a8d8f17e55d0f28293bfc848be6da74369c6efe7e,0.007628745981492102,0.06063471163836564,0.6861540906864206,0.8102140128612518,0.3827176108956335,0.7143443650007248
residual_v2,60,polygonal_holes,33,private-source://routeA_experiments/data/prospective_ood_rd_hddm_alpha001_v2/polygonal_holes/sample_0033.npz,daa13b8f28a70003a1c8a3b22cc6fb6ba7cd514feb1f0dde8861d77cced138db,0.008070273033808917,0.05351955394693906,0.6924790778744796,0.7504270374774933,0.29996577277779557,0.6343879070878029
residual_v2,60,polygonal_holes,34,private-source://routeA_experiments/data/prospective_ood_rd_hddm_alpha001_v2/polygonal_holes/sample_0034.npz,f1007728ae6fc8cc7b887f70cb682b003162557fe09bc505313c9852da9b0395,0.008349840994924307,0.06438579146219821,0.79831586958434,0.8481094241142273,0.3585766047239303,0.6631053352355957
residual_v2,60,polygonal_holes,35,private-source://routeA_experiments/data/prospective_ood_rd_hddm_alpha001_v2/polygonal_holes/sample_0035.npz,74480bc8be2b0c3f792eeafe7931aa43f6eabf7fab66f1f8889ff83f9343aacf,0.008398571982979774,0.044477140589664385,0.4643952810448166,0.5823215842247009,0.2237898737192153,0.47342227458953845
residual_v2,60,polygonal_holes,36,private-source://routeA_experiments/data/prospective_ood_rd_hddm_alpha001_v2/polygonal_holes/sample_0036.npz,d380cc325dc38fac34101ad898621f7a706e5ef3145fb50b48cd8a3550e915f6,0.008020331966690719,0.04875601859281131,0.5339874004958762,0.7473497986793518,0.25306467115879056,0.603738143146038
residual_v2,60,polygonal_holes,37,private-source://routeA_experiments/data/prospective_ood_rd_hddm_alpha001_v2/polygonal_holes/sample_0037.npz,562b92269c11eb7a4d6d2b96c70e8334d3b1e90f788bd3d9e801d09a075eee3a,0.008039688982535154,0.05990991914837267,1.127122980467112,0.9790452122688293,0.2830563509836793,0.6356886768341062
residual_v2,60,polygonal_holes,38,private-source://routeA_experiments/data/prospective_ood_rd_hddm_alpha001_v2/polygonal_holes/sample_0038.npz,ad000ee37c0e1a9ba734e4dd9459946f4b3df5f603b980b12d442bca1f8ed9f9,0.007992634025868028,0.05318055358305641,0.6109387651569442,0.7235734164714813,0.264845350384712,0.5706112986803055
residual_v2,60,polygonal_holes,39,private-source://routeA_experiments/data/prospective_ood_rd_hddm_alpha001_v2/polygonal_holes/sample_0039.npz,522d3ecbc2d9edc149dc3f03b6cf36d68fca66badfbb0f6dd3482d5e5f254b68,0.0077724820002913475,0.04615415865414434,0.45440024439619053,0.6789884567260742,0.2114370334893465,0.44745428949594496
residual_v2,60,polygonal_holes,40,private-source://routeA_experiments/data/prospective_ood_rd_hddm_alpha001_v2/polygonal_holes/sample_0040.npz,254ab846e9a8b91265cad089e47a668ba206ceeb02e23540aaf1b8dded5c5277,0.0082387609872967,0.04736868628019061,0.6684635529781117,0.7530322074890137,0.23727296292781824,0.6091043207049369
residual_v2,60,polygonal_holes,41,private-source://routeA_experiments/data/prospective_ood_rd_hddm_alpha001_v2/polygonal_holes/sample_0041.npz,8c7f049970c19d0bf9df6a56540e33a405e9b6f637a802fc3a679bd78cbd2f7b,0.008437490032520145,0.06391891256535122,0.7808929944725452,0.8748117089271545,0.3998684771358966,0.6992092657089233
residual_v2,60,polygonal_holes,42,private-source://routeA_experiments/data/prospective_ood_rd_hddm_alpha001_v2/polygonal_holes/sample_0042.npz,6d8ce4ad2a0fbe386141c305df0df82390863da91466b3772de47905aac327ac,0.007583091035485268,0.07164483610857196,0.8903462934299325,0.9474547356367111,0.4047105183824896,0.7616170187294482
residual_v2,60,polygonal_holes,43,private-source://routeA_experiments/data/prospective_ood_rd_hddm_alpha001_v2/polygonal_holes/sample_0043.npz,cce44f1d73fbe7f76182aa7fd07a69f90b93524ef2f5d7c4c6a1bb4566cb8ff9,0.007828271016478539,0.06499570144427834,0.9634627244210804,0.9502565413713455,0.28965165168046914,0.8339188577234744
residual_v2,60,polygonal_holes,44,private-source://routeA_experiments/data/prospective_ood_rd_hddm_alpha001_v2/polygonal_holes/sample_0044.npz,ae4b89782186c636597bbf28ff74a3d03e0c2dbac42260653f9d140ab9229119,0.007517970982007682,0.047252099795662916,0.5032725431764195,0.6153884530067444,0.30195371806621535,0.5425559213757515
residual_v2,60,polygonal_holes,45,private-source://routeA_experiments/data/prospective_ood_rd_hddm_alpha001_v2/polygonal_holes/sample_0045.npz,1777cf5189ac8f43461ae20e5ef1f4c739e91a493823c36ad21eedc9d1d3abf4,0.007855468022171408,0.05038703027780482,0.6828947532104229,0.7820242643356323,0.27701449245214455,0.6409473344683647
residual_v2,60,polygonal_holes,46,private-source://routeA_experiments/data/prospective_ood_rd_hddm_alpha001_v2/polygonal_holes/sample_0046.npz,cc55794e1940c234f9da149d83ee01ead8d8277520e38b89220b19e02e70f238,0.007667694007977843,0.05765775064108049,1.1475013803237624,0.954457625746727,0.27938806759193535,0.676055085286498
residual_v2,60,polygonal_holes,47,private-source://routeA_experiments/data/prospective_ood_rd_hddm_alpha001_v2/polygonal_holes/sample_0047.npz,7f42f867baf3b1c126f27ae2157ef3dd2a34a07d8d1a1f5aead8d062722664f9,0.0080663759727031,0.058853769681208534,0.7369242576076326,0.8273574709892273,0.35696499496698375,0.6939511787891386
residual_v2,60,polygonal_holes,48,private-source://routeA_experiments/data/prospective_ood_rd_hddm_alpha001_v2/polygonal_holes/sample_0048.npz,6e05df606b756d9cfd5f6305cc0eac033208a8444ad64ad8e48815757862935e,0.007495101017411798,0.07123332042939634,0.9988633117666208,0.9536578804254532,0.3323769117705523,0.7552398273348808
residual_v2,60,polygonal_holes,49,private-source://routeA_experiments/data/prospective_ood_rd_hddm_alpha001_v2/polygonal_holes/sample_0049.npz,8e60acf35c436ea7681e8f6ecb99e7889c6309505da38ab1a1de5fdd50c8d25a,0.007600298966281116,0.06061870687231606,0.7237257736718485,0.8185089230537415,0.3496953383088107,0.6576620203256607
residual_v2,60,polygonal_holes,50,private-source://routeA_experiments/data/prospective_ood_rd_hddm_alpha001_v2/polygonal_holes/sample_0050.npz,67ff652aacb37c18501691c8d65846f7fd6786aa6ab39d47d601c53560a81ffb,0.007200201973319054,0.05144586056211665,0.5882420521762524,0.6921690702438354,0.32115762829780575,0.5650926551222801
residual_v2,60,polygonal_holes,51,private-source://routeA_experiments/data/prospective_ood_rd_hddm_alpha001_v2/polygonal_holes/sample_0051.npz,d178ebe9f5d54994c88f44993765bce335075010cff7e29e1ff0070188cd3350,0.0079114839900285,0.06169248093789676,1.1412754610177913,0.928809680044651,0.28895516028278506,0.7297734235227107
residual_v2,60,polygonal_holes,52,private-source://routeA_experiments/data/prospective_ood_rd_hddm_alpha001_v2/polygonal_holes/sample_0052.npz,a3a862fcadf321c577317885abc8e5b33930f4e0f1c7fe81f71f61e570dec552,0.007505745976231992,0.05261604610625732,0.8274142311771642,0.8929891586303711,0.22031194120645486,0.6790849894285201
residual_v2,60,polygonal_holes,53,private-source://routeA_experiments/data/prospective_ood_rd_hddm_alpha001_v2/polygonal_holes/sample_0053.npz,ab5fddb822d6b9316b54ab76c4527ea073e575a3e421c7d3825dddaa22fc27e5,0.007864771992899477,0.06310522507581583,0.9587763996450152,0.9788299053907394,0.2677343338727951,0.7602554564177989
residual_v2,60,polygonal_holes,54,private-source://routeA_experiments/data/prospective_ood_rd_hddm_alpha001_v2/polygonal_holes/sample_0054.npz,a1022a21b18e6e40b38eb55a0b8587d544f733833a4d7f12d4de108015563cc3,0.008256368048023432,0.038697233788300686,0.34510481314383873,0.5059725642204285,0.19458298385143274,0.33274131745100016
residual_v2,60,polygonal_holes,55,private-source://routeA_experiments/data/prospective_ood_rd_hddm_alpha001_v2/polygonal_holes/sample_0055.npz,4365d7d047747c0c5587594149f7905cf8d0fbc2fc11cdade3a1001f8d10a489,0.007539162004832178,0.06562774529772544,0.9255316456261542,0.9488566219806671,0.3313270773738621,0.7747794592380517
residual_v2,60,polygonal_holes,56,private-source://routeA_experiments/data/prospective_ood_rd_hddm_alpha001_v2/polygonal_holes/sample_0056.npz,c64e194ceeb73588bea71d967fed493a69e7f31422958700a5a894c51dad8af4,0.007798852049745619,0.05614227895560614,0.6890379338035248,0.7456614673137665,0.2859956547617912,0.5838648188114165
residual_v2,60,polygonal_holes,57,private-source://routeA_experiments/data/prospective_ood_rd_hddm_alpha001_v2/polygonal_holes/sample_0057.npz,b7ec701204ebf0f91ed0f653ab9750798681ad55c0be7bccc78661334dd8a05a,0.00819101301021874,0.05581156832625292,0.9825067822585897,0.9081219136714935,0.2678886389359832,0.6736267119646072
residual_v2,60,polygonal_holes,58,private-source://routeA_experiments/data/prospective_ood_rd_hddm_alpha001_v2/polygonal_holes/sample_0058.npz,d7d338d7ed7396d7013682fdeda699683e01e2e0a6b355ea8245cd50209f5837,0.008256950997747481,0.052067440031567255,0.6592623926562154,0.7519527673721313,0.31945485472679136,0.6475713682174682
residual_v2,60,polygonal_holes,59,private-source://routeA_experiments/data/prospective_ood_rd_hddm_alpha001_v2/polygonal_holes/sample_0059.npz,520dc2e58678e87e5e0b109e52f119bf6f1955d7aa102dba7f2e2aa5f6870b26,0.008785364974755794,0.04428008619770834,0.6491408663107332,0.7597489953041077,0.2502160355448722,0.5773926359415055
residual_v2,60,polygonal_holes,60,private-source://routeA_experiments/data/prospective_ood_rd_hddm_alpha001_v2/polygonal_holes/sample_0060.npz,65f37cdde81f35866d4ad5d443aea651ab7719a2aeaeacecb6c6f004e4a9a519,0.007836159958969802,0.062184504224009944,0.8761980375303914,0.9340521991252899,0.31244139261543746,0.7814142593741417
residual_v2,60,polygonal_holes,61,private-source://routeA_experiments/data/prospective_ood_rd_hddm_alpha001_v2/polygonal_holes/sample_0061.npz,7743695b88cdc254e55b4fad952747f08a99a59b47940f19b05996b3aacfdd4f,0.008404464984778315,0.07277263209599805,0.9625272495541043,0.9661534130573273,0.3732444807887076,0.8337384785711766
residual_v2,60,polygonal_holes,62,private-source://routeA_experiments/data/prospective_ood_rd_hddm_alpha001_v2/polygonal_holes/sample_0062.npz,277f1102a42eb919881a684fdf02f8fe32f35c413c403026302cd12d4097853a,0.00834636896615848,0.0573577155007029,0.5792870907486434,0.8113342523574829,0.2749449774622917,0.5363439190387725
residual_v2,60,polygonal_holes,63,private-source://routeA_experiments/data/prospective_ood_rd_hddm_alpha001_v2/polygonal_holes/sample_0063.npz,6d764776066ab82c5cc65c85d8e8609d9930055835d54417aa78c6b4a6b03531,0.008314512961078435,0.06411837631139596,0.9365386436378197,0.9325812458992004,0.3520041763782495,0.7658819134533404
residual_v2,60,polygonal_holes,64,private-source://routeA_experiments/data/prospective_ood_rd_hddm_alpha001_v2/polygonal_holes/sample_0064.npz,faf90b633e638b9635077cf9b6ad138791b71dcf9f9c87c2643fdaa9321e9469,0.007836598029825836,0.048653307963651984,0.5696179650060367,0.6713305711746216,0.2781124457716941,0.5334008342027664
residual_v2,60,polygonal_holes,65,private-source://routeA_experiments/data/prospective_ood_rd_hddm_alpha001_v2/polygonal_holes/sample_0065.npz,5a1f909a1a33de701ff5e43850c8a0f624f0fe67bb2628856e8b2ff716aa4d8f,0.007030136999674141,0.0583284964377607,0.7426251009176996,0.8531126081943512,0.31303686797618857,0.7350299873948097
residual_v2,60,polygonal_holes,66,private-source://routeA_experiments/data/prospective_ood_rd_hddm_alpha001_v2/polygonal_holes/sample_0066.npz,231255ce916639b7963636d7ecd7e8496e2daf50b0681c71f8c26d117d19a6a3,0.008475504000671208,0.050245424100524155,0.5446570740742857,0.5881109833717346,0.26730650812387463,0.49258735120296476
residual_v2,60,polygonal_holes,67,private-source://routeA_experiments/data/prospective_ood_rd_hddm_alpha001_v2/polygonal_holes/sample_0067.npz,2ea120f390b13387af7e81bbf689609188cf789c089380be9954a01ab04383ce,0.007972843013703823,0.05046141578455162,0.8146785775674141,0.9732103943824768,0.20637120306491852,0.6606951504945755
residual_v2,60,polygonal_holes,68,private-source://routeA_experiments/data/prospective_ood_rd_hddm_alpha001_v2/polygonal_holes/sample_0068.npz,99dcf586e3c772fa34c409836b87dba473578ad4267323fe4c1021c49bea2156,0.008112251001875848,0.05781633152306262,0.6044096499647833,0.7335851192474365,0.2515815861523151,0.5885139641165733
residual_v2,60,polygonal_holes,69,private-source://routeA_experiments/data/prospective_ood_rd_hddm_alpha001_v2/polygonal_holes/sample_0069.npz,371011e0087841ce62fd475615c1487b9008b14cc2c8239b698c21a3f404f4ae,0.00791233399650082,0.057983449049953104,0.5203326366659395,0.5474745035171509,0.3292351290583609,0.4651240041851997
residual_v2,60,polygonal_holes,70,private-source://routeA_experiments/data/prospective_ood_rd_hddm_alpha001_v2/polygonal_holes/sample_0070.npz,76a38f00a38c09a4a5e0ce282801ee31b62717ad9405afde4dfaded58ac68adf,0.006646560039371252,0.04595726989156851,0.5495558800702683,0.6291002631187439,0.22935191541910163,0.5062803104519844
residual_v2,60,polygonal_holes,71,private-source://routeA_experiments/data/prospective_ood_rd_hddm_alpha001_v2/polygonal_holes/sample_0071.npz,725f819b9cff979f22d3fb2826bbeb093e79eac51bc6aeeece1bf9cca9411e3c,0.007067128026392311,0.06382641421007249,0.6720463366610043,0.7117445468902588,0.41113733872771263,0.6239136144518852
residual_v2,60,polygonal_holes,72,private-source://routeA_experiments/data/prospective_ood_rd_hddm_alpha001_v2/polygonal_holes/sample_0072.npz,29b11ddc75faadb72de6975449a2b31a3d5383776b7675881284f27b7dca3cab,0.007857111981138587,0.06508109716850109,0.7563936029683647,0.8496426939964294,0.4112528756260871,0.749679668545723
residual_v2,60,polygonal_holes,73,private-source://routeA_experiments/data/prospective_ood_rd_hddm_alpha001_v2/polygonal_holes/sample_0073.npz,1ab85a6c8ae26e0fbf4793862ad906cb7254045320b5796aeaa896f42f2bacd4,0.008301147958263755,0.0668885938041179,0.7964192165552897,0.8819229304790497,0.41983962729573215,0.7569976323843002
residual_v2,60,polygonal_holes,74,private-source://routeA_experiments/data/prospective_ood_rd_hddm_alpha001_v2/polygonal_holes/sample_0074.npz,bacd1d3e820fbf01f8d4acce5297dc3b9f8dc25652253988c73470e23a9f8ac1,0.008299329958390445,0.05696550268427321,0.785769523622479,0.8448487222194672,0.279720178991556,0.6347287136316295
residual_v2,60,polygonal_holes,75,private-source://routeA_experiments/data/prospective_ood_rd_hddm_alpha001_v2/polygonal_holes/sample_0075.npz,3287c7e51fa026555fd19d375af6e3d4cc8cc42fa1205cc3bfc8cd6cf1579cd3,0.0083622420206666,0.042858708990384506,0.5125415699688232,0.571102112531662,0.26170901525765655,0.4907685500383377
residual_v2,60,polygonal_holes,76,private-source://routeA_experiments/data/prospective_ood_rd_hddm_alpha001_v2/polygonal_holes/sample_0076.npz,574f2300d179a3831f3582318cd7b95acfd3405093d6a47af47ad93d2178f2e1,0.008344319998286664,0.061526133895834015,1.0793157690146873,0.8820531368255615,0.2671045135706662,0.6510018318891525
residual_v2,60,polygonal_holes,77,private-source://routeA_experiments/data/prospective_ood_rd_hddm_alpha001_v2/polygonal_holes/sample_0077.npz,4376fb3c5dd37b190c566754832a3e3ba85331c8e3e4f837d406cdef3bfffa17,0.006463887984864414,0.0661879505694555,0.8238446554198019,0.7805647403001785,0.41486541479825956,0.6762876480817793
residual_v2,60,polygonal_holes,78,private-source://routeA_experiments/data/prospective_ood_rd_hddm_alpha001_v2/polygonal_holes/sample_0078.npz,ae2f838a41311b1cab760c47b71bb43be39b91fa594b946c3571522b2c1a813d,0.006601925997529179,0.06126845283506302,0.6956404997284197,0.8127576410770416,0.3563091069459914,0.7292580109834671
residual_v2,60,polygonal_holes,79,private-source://routeA_experiments/data/prospective_ood_rd_hddm_alpha001_v2/polygonal_holes/sample_0079.npz,adbb28bf9488acd23de73cd9711ec3b2e05ffc6733eb9f5e5d052cf61e664a70,0.0074945189990103245,0.05856751801731131,0.9242882486385756,0.9094785451889038,0.26170204598456615,0.7089369446039199
residual_v2,60,polygonal_holes,80,private-source://routeA_experiments/data/prospective_ood_rd_hddm_alpha001_v2/polygonal_holes/sample_0080.npz,4a47f541a2cd868c83938f15092e28469ad5819a5b3e93180979feb578a2ce05,0.006287565978709608,0.05374092821455507,0.6319516147362982,0.6843395233154297,0.33464628905057864,0.6100546154379844
residual_v2,60,polygonal_holes,81,private-source://routeA_experiments/data/prospective_ood_rd_hddm_alpha001_v2/polygonal_holes/sample_0081.npz,4d25b3696b4e9ae0a17a8594fbd72f84735c32ee8f1f0b28d6a67a85a3343360,0.0077292839996516705,0.06126335839982728,0.909731915369765,0.9509638100862503,0.25823996253311615,0.7100592359900475
residual_v2,60,polygonal_holes,82,private-source://routeA_experiments/data/prospective_ood_rd_hddm_alpha001_v2/polygonal_holes/sample_0082.npz,a6c4e742890618c770a2aba2764df55ef3584d9cf57866efbbc096b98dec6a48,0.006407965032849461,0.057874231982819616,0.6788959633354177,0.809266984462738,0.3321449294686316,0.6970499116182326
residual_v2,60,polygonal_holes,83,private-source://routeA_experiments/data/prospective_ood_rd_hddm_alpha001_v2/polygonal_holes/sample_0083.npz,b8eeb414ab12e5fe35f84aa19979bdbca0f1a1f75eeb25da9aad6a52d8cbeb30,0.006682323990389705,0.05841860167983368,0.5844145898646494,0.7267459630966187,0.27738274373114097,0.560227760374546
residual_v2,60,polygonal_holes,84,private-source://routeA_experiments/data/prospective_ood_rd_hddm_alpha001_v2/polygonal_holes/sample_0084.npz,67deca7af2005178ad0c93d16ab381b5a3df2ac09b8b5738e4fc2773a2546f62,0.007659139984752983,0.045241372856256325,0.50537373417758,0.6318284869194031,0.2819773212075233,0.5418936970829963
residual_v2,60,polygonal_holes,85,private-source://routeA_experiments/data/prospective_ood_rd_hddm_alpha001_v2/polygonal_holes/sample_0085.npz,ddb7b814e040d8c047a4649f33bf151654d032650e5a173001aca20b14905ab3,0.007486280985176563,0.04637361949706088,0.9679588395374167,0.9045378267765045,0.22747917920351027,0.5868936496973035
residual_v2,60,polygonal_holes,86,private-source://routeA_experiments/data/prospective_ood_rd_hddm_alpha001_v2/polygonal_holes/sample_0086.npz,d6433754926d38ddb5772e7cb405f78b5aec43e5ca3eade0ba8b62b103a7dc27,0.007549796951934695,0.059440637024119954,0.8051642788329894,0.9334958344697952,0.3074263535439968,0.6667997062206263
residual_v2,60,polygonal_holes,87,private-source://routeA_experiments/data/prospective_ood_rd_hddm_alpha001_v2/polygonal_holes/sample_0087.npz,8d3eec568a4d74c6a51e6da3cc28ade1037e57e722994fd947f5a01f53d41edf,0.006856088992208242,0.057533571181190755,1.1718151386258269,0.9519907832145691,0.27798921646317465,0.71679620757699
residual_v2,60,polygonal_holes,88,private-source://routeA_experiments/data/prospective_ood_rd_hddm_alpha001_v2/polygonal_holes/sample_0088.npz,af9662e794a12464829c6fac98a3cb18e6e3e6857c1576994cbe01eedf1f246c,0.0077387450146488845,0.06255075240138441,0.9600581566220953,0.9473899304866791,0.2678012304008006,0.7219268749654292
residual_v2,60,polygonal_holes,89,private-source://routeA_experiments/data/prospective_ood_rd_hddm_alpha001_v2/polygonal_holes/sample_0089.npz,c5a95474e5636d974aeee3dcde6837bf3c6a3704353407477c81f4240bbdc388,0.008118634985294193,0.06407644730825222,1.0825277499521986,0.9627398923039436,0.2906917607877403,0.7775833048857749
residual_v2,60,polygonal_holes,90,private-source://routeA_experiments/data/prospective_ood_rd_hddm_alpha001_v2/polygonal_holes/sample_0090.npz,69177a4934a4e7ec9786358ba08b301291e30633bfc8079703a3ad634dbe6555,0.007680093985982239,0.05029205094693743,0.6212953089985348,0.7398647665977478,0.2881321027874947,0.5924786233901976
residual_v2,60,polygonal_holes,91,private-source://routeA_experiments/data/prospective_ood_rd_hddm_alpha001_v2/polygonal_holes/sample_0091.npz,017495cf13436ccb34417f1d078194fbbb1bb9e889c2a05714fdfef6208a7922,0.006831038044765592,0.051653441474743496,1.1459373043608885,0.9632539004087448,0.25063726636581124,0.6493476062268015
residual_v2,60,polygonal_holes,92,private-source://routeA_experiments/data/prospective_ood_rd_hddm_alpha001_v2/polygonal_holes/sample_0092.npz,6fb319a462e5729cc33034f1576388ff60d99f8ed26dcf3ed67437d1ea1bca54,0.007632792985532433,0.048267039001016705,0.47725290086099864,0.5806269347667694,0.27272957116365415,0.4681556650996208
residual_v2,60,polygonal_holes,93,private-source://routeA_experiments/data/prospective_ood_rd_hddm_alpha001_v2/polygonal_holes/sample_0093.npz,52cbc18f79056f45df5b059b191b91f8510f55d9c2edcd661f81df8375d9e0d1,0.007760566018987447,0.05613444820593069,0.8031296174878704,0.8824342489242554,0.30572216361761073,0.723142052590847
residual_v2,60,polygonal_holes,94,private-source://routeA_experiments/data/prospective_ood_rd_hddm_alpha001_v2/polygonal_holes/sample_0094.npz,164da7452288a5d8a7302027741566652f575e6558c5ce9ce09db0163255c7ab,0.008221316966228187,0.05627989544295057,0.6302185426326286,0.7173261344432831,0.26660806834697726,0.6451888582110404
residual_v2,60,polygonal_holes,95,private-source://routeA_experiments/data/prospective_ood_rd_hddm_alpha001_v2/polygonal_holes/sample_0095.npz,1c76e3d378b35c6a9e36e37471d1c5bcd6e753f69e666218ce23590f33585d3e,0.008023728965781629,0.06683019169681124,0.9454636748040222,0.9665846824645996,0.3882730554789303,0.7802737835049628
residual_v2,60,polygonal_holes,96,private-source://routeA_experiments/data/prospective_ood_rd_hddm_alpha001_v2/polygonal_holes/sample_0096.npz,49ad587763214bcda7cccaa69cfff09cf001c7b2c7f38d85251e3f2672a35569,0.00811107998015359,0.06059239167661026,0.6259623930689794,0.7133043110370636,0.35060226693749386,0.6137128713726997
residual_v2,60,polygonal_holes,97,private-source://routeA_experiments/data/prospective_ood_rd_hddm_alpha001_v2/polygonal_holes/sample_0097.npz,8390688b322ed3b47b14ae6c8deb192bc662ca519072cc4456004520d93634eb,0.007552155992016196,0.061665564454475415,0.6224630053342688,0.7450416386127472,0.3308214303106069,0.6117930854856968
residual_v2,60,polygonal_holes,98,private-source://routeA_experiments/data/prospective_ood_rd_hddm_alpha001_v2/polygonal_holes/sample_0098.npz,d664b5cd66446712fa2fc0050a3eea16c06ebbf4a5f3665cb9b62018873ee112,0.007625569007359445,0.03956091071263472,0.3620401073772743,0.47358766198158264,0.24495964497327793,0.39503347784280773
residual_v2,60,polygonal_holes,99,private-source://routeA_experiments/data/prospective_ood_rd_hddm_alpha001_v2/polygonal_holes/sample_0099.npz,ffb0fcbe82635372bfaaf9dfad830078cc7e245cb5df18fc4cf3ee7d7ed08f2c,0.007819329970516264,0.05712185222886177,0.7023262206892129,0.8123065233230591,0.3585627347230911,0.6811293169856071
residual_v2,60,polygonal_holes,100,private-source://routeA_experiments/data/prospective_ood_rd_hddm_alpha001_v2/polygonal_holes/sample_0100.npz,83db9e1bf734e4318e7310d414f020dde016065b78e5ec40e0bf63cbdc30cd69,0.007626082049682736,0.05652480236717161,0.7083534431350162,0.7819050550460815,0.26454177051782607,0.6556662467122077
residual_v2,60,polygonal_holes,101,private-source://routeA_experiments/data/prospective_ood_rd_hddm_alpha001_v2/polygonal_holes/sample_0101.npz,628d4ef4e48f4e11212826ea73354e04acbb5cf5218cf61a5f450ffe072e463a,0.007514342025388032,0.053589016611748676,0.6755611814037246,0.8346168994903564,0.30317822024226165,0.6742344766855239
residual_v2,60,polygonal_holes,102,private-source://routeA_experiments/data/prospective_ood_rd_hddm_alpha001_v2/polygonal_holes/sample_0102.npz,53967bde920053230113301d67f3965fb24710c7b37e3b7e2a11053964188c70,0.008264760952442884,0.06239171048167615,0.8168571131382848,0.8106972277164459,0.3065299332141876,0.7235005493462086
residual_v2,60,polygonal_holes,103,private-source://routeA_experiments/data/prospective_ood_rd_hddm_alpha001_v2/polygonal_holes/sample_0103.npz,31c2e4b05f2f012dc480a56d1b1cc60ea8f4b239b39e292c8f0a6dac54ebd19b,0.007421374029945582,0.06010340261926937,0.8783557048812982,0.919749528169632,0.31178124547004693,0.7550741645693777
residual_v2,60,polygonal_holes,104,private-source://routeA_experiments/data/prospective_ood_rd_hddm_alpha001_v2/polygonal_holes/sample_0104.npz,9eb06fccb4a1502bf602c71b5f5036161537259059eb86654e50a1438639f459,0.007938182970974594,0.041326902849072616,0.4298784064311343,0.5971511006355286,0.2252557724714279,0.46034509807825086
residual_v2,60,polygonal_holes,105,private-source://routeA_experiments/data/prospective_ood_rd_hddm_alpha001_v2/polygonal_holes/sample_0105.npz,95cbcc94abd4de91c834c528dda2319a03fb7099f469d400f93c5b03afcbc4a8,0.008061475004069507,0.06294642003196685,0.8334499559041879,0.9139957129955292,0.39391002655029295,0.7995988944172858
residual_v2,60,polygonal_holes,106,private-source://routeA_experiments/data/prospective_ood_rd_hddm_alpha001_v2/polygonal_holes/sample_0106.npz,98106d828e41a1c5eb346df2a0b0a1e1e58665b84eceba9935ef6099e5563495,0.008496388036292046,0.05770869817803965,1.0888599436922355,0.8608913719654083,0.2568771959166042,0.6709018155187368
residual_v2,60,polygonal_holes,107,private-source://routeA_experiments/data/prospective_ood_rd_hddm_alpha001_v2/polygonal_holes/sample_0107.npz,9cbd0d60ca7ebba2116f8c16d91b310978edea4d0da468204842b7a23670a89d,0.007267993001732975,0.056910177724177516,0.7618860814909135,0.811259925365448,0.2895288839936256,0.6086583214998245
residual_v2,60,polygonal_holes,108,private-source://routeA_experiments/data/prospective_ood_rd_hddm_alpha001_v2/polygonal_holes/sample_0108.npz,b9853bfdbfac230c0bfabbae3453e3f905065de73973a4e6e03d679b043f8a93,0.007419460976962,0.05805454170969218,0.7145874252522415,0.811655580997467,0.33001225665211675,0.6604296326637267
residual_v2,60,polygonal_holes,109,private-source://routeA_experiments/data/prospective_ood_rd_hddm_alpha001_v2/polygonal_holes/sample_0109.npz,ad81e157b0fe4b56f9cb232ff544261abab7b40e2fd40998cf5365e8c2ecbf9c,0.007269748020917177,0.055983497602725675,1.0427289909080806,0.9521800875663757,0.25391365950927136,0.6200104674696921
residual_v2,60,polygonal_holes,110,private-source://routeA_experiments/data/prospective_ood_rd_hddm_alpha001_v2/polygonal_holes/sample_0110.npz,2379cde8dfcb4012259c110621bb82cac632e8758fc6470fc5fb50c0d6567705,0.008210273983422667,0.055334854330285864,0.6835442302414526,0.7588440775871277,0.28783849477767914,0.5940961524844169
residual_v2,60,polygonal_holes,111,private-source://routeA_experiments/data/prospective_ood_rd_hddm_alpha001_v2/polygonal_holes/sample_0111.npz,e77470dcfcba1f6bdb33c318c2e6cecb38ae797f62d39e0bb08e7a08dd6e974a,0.00811395503114909,0.05417711905880095,0.7654769900596758,0.8678079843521118,0.30165162831544845,0.7019484558701514
residual_v2,60,polygonal_holes,112,private-source://routeA_experiments/data/prospective_ood_rd_hddm_alpha001_v2/polygonal_holes/sample_0112.npz,88df74d2052fa5cb450aa5d9be2814b467df7bbe8db5582a180089122655cee2,0.007550061971414834,0.049255286891318265,0.5664094030811858,0.6664263010025024,0.30509632304310796,0.5730919378995895
residual_v2,60,polygonal_holes,113,private-source://routeA_experiments/data/prospective_ood_rd_hddm_alpha001_v2/polygonal_holes/sample_0113.npz,3a1fa1b65775b0275cf639b12a72525a77828d847796be0e003df1bdbad952ec,0.008099110971670598,0.05486647244209634,0.6427912944288603,0.7292389273643494,0.35106990188360204,0.630090237557888
residual_v2,60,polygonal_holes,114,private-source://routeA_experiments/data/prospective_ood_rd_hddm_alpha001_v2/polygonal_holes/sample_0114.npz,ee8527e088d5dac6fcb1c475159e6c302f9ad53ec6da27fe11138620a0ca68fd,0.007419168017804623,0.06977845453409284,0.8875060850156189,0.9334897994995117,0.3939551874995228,0.8163715443015098
residual_v2,60,polygonal_holes,115,private-source://routeA_experiments/data/prospective_ood_rd_hddm_alpha001_v2/polygonal_holes/sample_0115.npz,f7ffa5978118fd94c3600a0f477fa283eca44223a4090163c2e4bf5b6bcf3f85,0.00787934404797852,0.04690990046445525,0.5692188064432292,0.6632800102233887,0.26727564334869375,0.5689422643184661
residual_v2,60,polygonal_holes,116,private-source://routeA_experiments/data/prospective_ood_rd_hddm_alpha001_v2/polygonal_holes/sample_0116.npz,40826f4a1aca3233236ea6a2e03d2f7953a031f2a735af2bc36b9a978760b21d,0.007562476966995746,0.05757243437955986,0.7673244243226869,0.8284617364406586,0.2993239909410476,0.6485229364037512
residual_v2,60,polygonal_holes,117,private-source://routeA_experiments/data/prospective_ood_rd_hddm_alpha001_v2/polygonal_holes/sample_0117.npz,e1cd5ab17ebc52bc630594c80acdbe1ac1cf83a82b72806653c360f585aa540a,0.007779144973028451,0.044878512112654596,0.4252887518052412,0.6207783818244934,0.2087985351681709,0.39690642714500424
residual_v2,60,polygonal_holes,118,private-source://routeA_experiments/data/prospective_ood_rd_hddm_alpha001_v2/polygonal_holes/sample_0118.npz,e0b81737032bd6118a094dfd0c6797f942b4d7ff21e1c6636fe9e0c0fa7456e2,0.007067630009260029,0.04229885462594489,0.5612758657009688,0.6916154623031616,0.2760271325707435,0.5491064536571503
residual_v2,60,polygonal_holes,119,private-source://routeA_experiments/data/prospective_ood_rd_hddm_alpha001_v2/polygonal_holes/sample_0119.npz,274e7d80ddc1fb4c43974f1671c4b357b5fd97510b63ae2caa29395f57fb9bd2,0.008263769035693258,0.07456042840568229,0.9157321666181013,0.9409862905740738,0.43529651761054966,0.7909200847148894
residual_v2,60,polygonal_holes,120,private-source://routeA_experiments/data/prospective_ood_rd_hddm_alpha001_v2/polygonal_holes/sample_0120.npz,a6dd086ec33a9883183e8a146acf4fded479067a6034fee0630258588079fc8d,0.007848159992136061,0.04571596435045927,0.5834375762884672,0.7001182436943054,0.255428074300289,0.5487906676530837
residual_v2,60,polygonal_holes,121,private-source://routeA_experiments/data/prospective_ood_rd_hddm_alpha001_v2/polygonal_holes/sample_0121.npz,ac81dd72fd79f7e2354039b8d04c60f5f5bbfca723e2447359de622ff26efbb1,0.007619976007845253,0.05956481551597133,1.0254390385756393,0.949957013130188,0.27648172583430997,0.72683277875185
residual_v2,60,polygonal_holes,122,private-source://routeA_experiments/data/prospective_ood_rd_hddm_alpha001_v2/polygonal_holes/sample_0122.npz,759193356a467c09e2b8edbb533e17359fce60da51877df5de5350a541b599c5,0.00672106200363487,0.0599500717916054,0.8297813574070995,0.8938963115215302,0.2722946342080831,0.6736833642423152
residual_v2,60,polygonal_holes,123,private-source://routeA_experiments/data/prospective_ood_rd_hddm_alpha001_v2/polygonal_holes/sample_0123.npz,043378324eecf8d22f90a8b04f7e31a6758753cb437e9e0dfbe72c96271d4ff4,0.007084165990818292,0.0379485676000877,0.354401188877971,0.46658623218536377,0.21914657205343227,0.37313928961753845
residual_v2,60,polygonal_holes,124,private-source://routeA_experiments/data/prospective_ood_rd_hddm_alpha001_v2/polygonal_holes/sample_0124.npz,cd51fc274b14dfb5fac39f5cfe064e526357b88b7d094e98b25666df1b414ebf,0.0069130450137890875,0.05327674660451584,0.4967492135125157,0.577922910451889,0.26524697188287966,0.4666229853034019
residual_v2,60,polygonal_holes,125,private-source://routeA_experiments/data/prospective_ood_rd_hddm_alpha001_v2/polygonal_holes/sample_0125.npz,ed9c8de9705fd444fe459e4bfda13bcb047be60ede95d8334f14a4765b9738c1,0.006739392993040383,0.06956941700344565,0.8377291754747527,0.884402334690094,0.39267155006527854,0.754866963326931
residual_v2,60,polygonal_holes,126,private-source://routeA_experiments/data/prospective_ood_rd_hddm_alpha001_v2/polygonal_holes/sample_0126.npz,665752506b08a3f3e3fe30b2921a1800be6cc7503caeb2bbb5078b9732f246a1,0.007421295973472297,0.06357468581744645,0.7112711455601508,0.7818178236484528,0.3096980430185794,0.6642249374091626
residual_v2,60,polygonal_holes,127,private-source://routeA_experiments/data/prospective_ood_rd_hddm_alpha001_v2/polygonal_holes/sample_0127.npz,c816a31178bdc5d064cf91181e9c7932847ba43e355ab3c1d6ccd62738e6e38a,0.00610277900705114,0.05521335344020776,0.8043641011555612,0.8924242556095123,0.31421827524900425,0.7478319245576859
residual_v2,60,polygonal_holes,128,private-source://routeA_experiments/data/prospective_ood_rd_hddm_alpha001_v2/polygonal_holes/sample_0128.npz,1ff4fae644b7094e6f782b7b687fd6b1fbd82aac67e72ea7769b3fb09fa6e48f,0.007450274017173797,0.04276218930491192,0.4199656037228669,0.5857828855514526,0.20860731154680243,0.4097066834568976
residual_v2,60,polygonal_holes,129,private-source://routeA_experiments/data/prospective_ood_rd_hddm_alpha001_v2/polygonal_holes/sample_0129.npz,304ae224f67a5af8163de1ab49c40dd4fedca4580b143be96af616abffc6891f,0.00782779703149572,0.05403112684429567,0.6824343740458705,0.7485344856977463,0.26108341068029356,0.5774007457494735
residual_v2,60,polygonal_holes,130,private-source://routeA_experiments/data/prospective_ood_rd_hddm_alpha001_v2/polygonal_holes/sample_0130.npz,e1ce49f7ee7274aa7c46a7774918dbf0b33c86fdbf83110ebf21a577b52b49c2,0.008110034046694636,0.05183312606007977,0.6020430362170054,0.6796000003814697,0.30985047370195384,0.5964698240160942
residual_v2,60,polygonal_holes,131,private-source://routeA_experiments/data/prospective_ood_rd_hddm_alpha001_v2/polygonal_holes/sample_0131.npz,ed41aea98fee101c256811beb8de8b6cd7eaa2613cc541b40b00b980b3f85711,0.007949646969791502,0.045018913064084495,0.4844425463676954,0.5959162712097168,0.2785485610365867,0.48577857881784436
residual_v2,60,polygonal_holes,132,private-source://routeA_experiments/data/prospective_ood_rd_hddm_alpha001_v2/polygonal_holes/sample_0132.npz,f6a02e95496e34f2bd023b24cbfad8d8efcd430331804e20e35c1a3a87b3105a,0.008148497028741986,0.06724083565151394,0.7163200447493775,0.7689820230007172,0.3216995079070329,0.6414710956811904
residual_v2,60,polygonal_holes,133,private-source://routeA_experiments/data/prospective_ood_rd_hddm_alpha001_v2/polygonal_holes/sample_0133.npz,2d0b9657c30dbaee8ac6254ea143fd42d06b5d9334a9daae61f959b4d768189d,0.00822169496677816,0.05254012581790953,0.7761753207812575,0.8753007650375366,0.3535219371318815,0.7459860634803771
residual_v2,60,polygonal_holes,134,private-source://routeA_experiments/data/prospective_ood_rd_hddm_alpha001_v2/polygonal_holes/sample_0134.npz,6fc1d8ad41d98e5533dcb17000bd621df4413b0bc230e17a01f9f1042863dc00,0.008064415014814585,0.043051995147289975,0.4355109571990711,0.5345736145973206,0.24298601597547528,0.4452481943368911
residual_v2,60,polygonal_holes,135,private-source://routeA_experiments/data/prospective_ood_rd_hddm_alpha001_v2/polygonal_holes/sample_0135.npz,5f7f06f2a09a51cb1bdbf1f8f76c7dcebd7292b16ad5d06e2bd7e5e2a241a7b4,0.007111349026672542,0.055024808475890516,0.9870695226005305,0.9050920754671097,0.23995041251182553,0.6877379016578197
residual_v2,60,polygonal_holes,136,private-source://routeA_experiments/data/prospective_ood_rd_hddm_alpha001_v2/polygonal_holes/sample_0136.npz,00531c0b831dc08973faac55a2933c5636dd9ca8276c59ce5b933fd5d249b087,0.007613889989443123,0.04068470787628144,0.34114931041204916,0.525034487247467,0.18400094658136368,0.3320803825557232
residual_v2,60,polygonal_holes,137,private-source://routeA_experiments/data/prospective_ood_rd_hddm_alpha001_v2/polygonal_holes/sample_0137.npz,d001d2eb3c3220ffed4f07f5378b2f2433947704e933286823ec2f721961990d,0.007287796994205564,0.05011652889912562,0.5141404352104056,0.6073332726955414,0.22108152136206624,0.47491042882204054
residual_v2,60,polygonal_holes,138,private-source://routeA_experiments/data/prospective_ood_rd_hddm_alpha001_v2/polygonal_holes/sample_0138.npz,f220ed2d2bb7df025848597f7eaca2bacd1707ff56291afdc47c8afdf6b2c8b5,0.00770179700339213,0.055955933438487274,0.5474945378754117,0.7956353724002838,0.236435906589031,0.650777307152748
residual_v2,60,polygonal_holes,139,private-source://routeA_experiments/data/prospective_ood_rd_hddm_alpha001_v2/polygonal_holes/sample_0139.npz,17b888ed07f6657c9849c552aad413cfe46048c4c7895f05178724c0fa7f87ca,0.007687637989874929,0.06239925365504203,0.8632905925263893,0.9295408129692078,0.35412904955446706,0.7664844484627245
residual_v2,60,polygonal_holes,140,private-source://routeA_experiments/data/prospective_ood_rd_hddm_alpha001_v2/polygonal_holes/sample_0140.npz,e02540d429db3b7126f4bff11bc5fa61a336ec8a85e95e0c1221371ba5a47ef6,0.007885141996666789,0.06340661483531575,0.9666689307795097,0.9663535207509995,0.28798038102686396,0.6504137340188026
residual_v2,60,polygonal_holes,141,private-source://routeA_experiments/data/prospective_ood_rd_hddm_alpha001_v2/polygonal_holes/sample_0141.npz,bb22d84f5f6c83f45e1de2d4ab15f3186ec26d2a148f8904619bdd7a66c8171f,0.007672537001781166,0.055862292437107046,0.7577385733016951,0.884782075881958,0.38280722722411153,0.7252026602625846
residual_v2,60,polygonal_holes,142,private-source://routeA_experiments/data/prospective_ood_rd_hddm_alpha001_v2/polygonal_holes/sample_0142.npz,a1cc8c41b7c1a468be244e07ec2ff48e53d77459c7644d4e6eb2022f904ed782,0.008310422010254115,0.05570258062413359,0.8647292470728116,0.937436580657959,0.26258721500635146,0.7028895926475522
residual_v2,60,polygonal_holes,143,private-source://routeA_experiments/data/prospective_ood_rd_hddm_alpha001_v2/polygonal_holes/sample_0143.npz,4b97a95ed4fe7c8cb1b5fa7d4ef80edede472fcfc57e6cfa5eadb9c8a4df27a5,0.0076647980022244155,0.06136825236695972,1.116829682413661,0.9587929546833038,0.27522761952131986,0.7261186550557612
residual_v2,60,polygonal_holes,144,private-source://routeA_experiments/data/prospective_ood_rd_hddm_alpha001_v2/polygonal_holes/sample_0144.npz,3acfb67f378c2daf8e69098ba9558f45f6fc6a8a6e8672333f2e8c054a6bc2bf,0.007889044005423784,0.061937713381338994,1.046356571099081,0.9849833101034164,0.26436165962368247,0.6641616345942019
residual_v2,60,polygonal_holes,145,private-source://routeA_experiments/data/prospective_ood_rd_hddm_alpha001_v2/polygonal_holes/sample_0145.npz,b65d0851c245b707a2ac32228f305f7569c9d1859d64e5f4927b75c27e5a7c2b,0.007563434017356485,0.05402430717417625,0.5752066856115284,0.7473096251487732,0.28616742566227904,0.5269781833887099
residual_v2,60,polygonal_holes,146,private-source://routeA_experiments/data/prospective_ood_rd_hddm_alpha001_v2/polygonal_holes/sample_0146.npz,201b532444ea007bfb07628e9165c885156dffac34abbcb9c7006c661f8345f2,0.007319658994674683,0.06040707513438974,0.7616675621274632,0.8637732267379761,0.34671438634395557,0.6892942100763321
residual_v2,60,polygonal_holes,147,private-source://routeA_experiments/data/prospective_ood_rd_hddm_alpha001_v2/polygonal_holes/sample_0147.npz,d9d3e2c0e75e05c8d6a983a93cdbeec7eefce5027ca61ee3fe73ed223cb22f7a,0.007541363011114299,0.07050390304031239,0.869789765258301,0.887301042675972,0.3575447009876369,0.7253471551835536
residual_v2,60,polygonal_holes,148,private-source://routeA_experiments/data/prospective_ood_rd_hddm_alpha001_v2/polygonal_holes/sample_0148.npz,fed8390888705bfd8ae6d9f074b0386d8310a40128ec7eed3742e6689c9930f5,0.006964462983887643,0.05542277626069639,0.7119810608725584,0.7996090054512024,0.38518031537532804,0.6703003823757171
residual_v2,60,polygonal_holes,149,private-source://routeA_experiments/data/prospective_ood_rd_hddm_alpha001_v2/polygonal_holes/sample_0149.npz,1fc1409b3b58a0ee4fe9462eb8610281be13a9e52d04be45b8155c8b093b6826,0.007504394976422191,0.04863401852188164,0.534502310156987,0.6541940569877625,0.30762968212366093,0.5608588203787803
residual_v2,60,polygonal_holes,150,private-source://routeA_experiments/data/prospective_ood_rd_hddm_alpha001_v2/polygonal_holes/sample_0150.npz,2757539f9ec46c666cbf7b9c228a40503df7a8a8f2124fac5c87a43bd9ed14dc,0.006394413998350501,0.04826804098461366,0.9612247597558788,0.9493934214115143,0.21474825600162148,0.628360635228455
residual_v2,60,polygonal_holes,151,private-source://routeA_experiments/data/prospective_ood_rd_hddm_alpha001_v2/polygonal_holes/sample_0151.npz,891875b4effc70758dab8ca57b0d6819863a7b492d90d1bfdb2bd22bc48d0cad,0.008306117029860616,0.0705521983876113,0.8438172805404859,0.9154981374740601,0.4256024725735187,0.7979959830641745
residual_v2,60,polygonal_holes,152,private-source://routeA_experiments/data/prospective_ood_rd_hddm_alpha001_v2/polygonal_holes/sample_0152.npz,56b12d3d13026cd3288b7c1885cbd85b8a1bc4dc3f9807dd8858aa67d50f721d,0.00763903500046581,0.07095863803757961,0.8034202996950426,0.8629281520843506,0.3830635711550709,0.7194882839918135
residual_v2,60,polygonal_holes,153,private-source://routeA_experiments/data/prospective_ood_rd_hddm_alpha001_v2/polygonal_holes/sample_0153.npz,af02edfbeda154165dee016399e47068fbe6b8c0e34593331fe7bf97c763c6ed,0.008025912975426763,0.05060041504556971,0.5168820988484361,0.6638267040252686,0.300139445066452,0.5814668238162994
residual_v2,60,polygonal_holes,154,private-source://routeA_experiments/data/prospective_ood_rd_hddm_alpha001_v2/polygonal_holes/sample_0154.npz,9f4d2ecf074b40c504140d8737b60ab86136700c126bd6eada3ce22b6faeb44d,0.00780686701182276,0.058032434693442075,1.234884579225432,0.9634361267089844,0.30464611573843275,0.6170303333550692
residual_v2,60,polygonal_holes,155,private-source://routeA_experiments/data/prospective_ood_rd_hddm_alpha001_v2/polygonal_holes/sample_0155.npz,b861e6158554f60e3b28f76ec9b128a9430ba6efcbba4fe54c56e55939f03657,0.008106780995149165,0.06022431723210343,0.7563131289681667,0.8622245788574219,0.39905801191925977,0.7127335187792778
residual_v2,60,polygonal_holes,156,private-source://routeA_experiments/data/prospective_ood_rd_hddm_alpha001_v2/polygonal_holes/sample_0156.npz,14ef70e1036b06a4abd5ecf0c058f87e16a946222fa519b8f637fc45a36d83e7,0.008105421962682158,0.0475016789799257,0.5456533487933145,0.6972962021827698,0.27795548886060706,0.5418940687179565
residual_v2,60,polygonal_holes,157,private-source://routeA_experiments/data/prospective_ood_rd_hddm_alpha001_v2/polygonal_holes/sample_0157.npz,43dda95c9977101aa286a63d0342e83b3917f584fe93b176f50bf6a8863ee6ed,0.007051969994790852,0.05493791329019485,0.5329056129057558,0.6407636106014252,0.3152050234377384,0.5229215711355208
residual_v2,60,polygonal_holes,158,private-source://routeA_experiments/data/prospective_ood_rd_hddm_alpha001_v2/polygonal_holes/sample_0158.npz,d857465c10a280a070d862005f23339c491f8fbd2446b9a5938d6bcd7a0b3a1a,0.00626442302018404,0.03946895660349133,0.5783057894465939,0.6541470885276794,0.2052400693297386,0.5180190813541412
residual_v2,60,polygonal_holes,159,private-source://routeA_experiments/data/prospective_ood_rd_hddm_alpha001_v2/polygonal_holes/sample_0159.npz,f59261ba874c415e72210524ff86466ef1835ff128db62c36864a13b554ff470,0.007353579974733293,0.05718106441209885,0.7266619921075793,0.853789210319519,0.30288855955004684,0.7137025505304336
residual_v2,60,polygonal_holes,160,private-source://routeA_experiments/data/prospective_ood_rd_hddm_alpha001_v2/polygonal_holes/sample_0160.npz,39068f5d74d06b40549535b8f9ac00e3990cbbfd5ed4bbbfc7773dab1ec0dbbe,0.007724148046690971,0.05895926080230892,0.8498799998068931,0.9301633834838867,0.33332276344299294,0.7251219150424003
residual_v2,60,polygonal_holes,161,private-source://routeA_experiments/data/prospective_ood_rd_hddm_alpha001_v2/polygonal_holes/sample_0161.npz,e0831b7cf1e199a8bcddde4a7ba63fda2ec5358332f83876dc46e76b7a76fe72,0.007206561975181103,0.056505138569816295,0.9171268213103632,0.9294432103633881,0.24699459671974153,0.7477535435557364
residual_v2,60,polygonal_holes,162,private-source://routeA_experiments/data/prospective_ood_rd_hddm_alpha001_v2/polygonal_holes/sample_0162.npz,b57aaa46bc4b1f2b322a5c732792b6b0b627be08d494a2d21be8f93f764c1355,0.007778477971442044,0.064743197885481,0.7556538854157433,0.8840844333171844,0.41972407400608064,0.7238715666532516
residual_v2,60,polygonal_holes,163,private-source://routeA_experiments/data/prospective_ood_rd_hddm_alpha001_v2/polygonal_holes/sample_0163.npz,1a3ca61d865205982770fbfd89f746ec95c9b76d83a2d8a357c31ac000e4dac4,0.006230933009646833,0.04168916211380747,0.41623408804143625,0.5539952516555786,0.21535408273339263,0.40714779078960417
residual_v2,60,polygonal_holes,164,private-source://routeA_experiments/data/prospective_ood_rd_hddm_alpha001_v2/polygonal_holes/sample_0164.npz,5d1ee014dbbe40884070a5a39acff629da86c4954a0b4ab2c84a9004a2202fd6,0.00772313098423183,0.054927599330159275,1.0434227249936041,0.9431670159101486,0.265916572837159,0.7052655823528766
residual_v2,60,polygonal_holes,165,private-source://routeA_experiments/data/prospective_ood_rd_hddm_alpha001_v2/polygonal_holes/sample_0165.npz,259bca01e7e1d1c29bce2b41b1f1875945b910b6f1079e0f915a7977b1e9f893,0.0075723950285464525,0.05455625841809049,0.7280491360616994,0.8376658856868744,0.30273764878511406,0.6576608496904373
residual_v2,60,polygonal_holes,166,private-source://routeA_experiments/data/prospective_ood_rd_hddm_alpha001_v2/polygonal_holes/sample_0166.npz,3d0e83e51a41e5c75d0f593269bfee27d32a16acbae58e27343d22ebcff431fa,0.008217013964895159,0.0470005153022286,0.5205508879648074,0.5602330267429352,0.225838066637516,0.4593700787425041
residual_v2,60,polygonal_holes,167,private-source://routeA_experiments/data/prospective_ood_rd_hddm_alpha001_v2/polygonal_holes/sample_0167.npz,5a819bbcff1e88f2e84bade5f00f2f6aa0ce4917add5aa7ae2c972f7f2b2cd18,0.008136600023135543,0.06096920945301677,0.7643932604659666,0.8146977722644806,0.3899717614054679,0.6967935279011727
residual_v2,60,polygonal_holes,168,private-source://routeA_experiments/data/prospective_ood_rd_hddm_alpha001_v2/polygonal_holes/sample_0168.npz,a7cfabc5b8b40f9786fdf3721f364f746da39dc5df704ef1420678ea5be4ac01,0.00756325398106128,0.06206700247924731,0.93180214759399,0.9671853482723236,0.33913241326808885,0.7415265218913554
residual_v2,60,polygonal_holes,169,private-source://routeA_experiments/data/prospective_ood_rd_hddm_alpha001_v2/polygonal_holes/sample_0169.npz,f8b53cb3fd333ee1cb8d8489fc281f46ff7543a5218086725429358ac90c93cd,0.006446318002417684,0.0761263355136342,0.9358631406821529,0.9904199540615082,0.46273485086858257,0.8208674119412899
residual_v2,60,polygonal_holes,170,private-source://routeA_experiments/data/prospective_ood_rd_hddm_alpha001_v2/polygonal_holes/sample_0170.npz,531ec76af332ab8ef01be90231b69e059e9a8934f0f93d6913fbf46d169de030,0.00648648600326851,0.03819409401162678,0.35317715229765245,0.522592306137085,0.19172832369804357,0.3300169950723648
residual_v2,60,polygonal_holes,171,private-source://routeA_experiments/data/prospective_ood_rd_hddm_alpha001_v2/polygonal_holes/sample_0171.npz,947ccbec00e5e3b68cdd69f3e3e633bff7ae1f93b4726f7be992a025d3253c92,0.007668683945666999,0.0675078099202943,0.8173107731711009,0.9173314273357391,0.3355761386454104,0.7300974857807159
residual_v2,60,polygonal_holes,172,private-source://routeA_experiments/data/prospective_ood_rd_hddm_alpha001_v2/polygonal_holes/sample_0172.npz,8f15a2b58c17b5976e89c7be705afee763ca28bc4cc10a072fc3068929a6a3fa,0.00760954397264868,0.062349648091533504,0.8090091331485934,0.8525940477848053,0.27240978851914405,0.6398629203438758
residual_v2,60,polygonal_holes,173,private-source://routeA_experiments/data/prospective_ood_rd_hddm_alpha001_v2/polygonal_holes/sample_0173.npz,44717b5111981b568d6b881d94fc32b107d2c09e4f89110f752fe8fd098ba1a9,0.007509282964747399,0.05950452039409162,0.5743942992552552,0.634144127368927,0.31462497413158397,0.5351081666350364
residual_v2,60,polygonal_holes,174,private-source://routeA_experiments/data/prospective_ood_rd_hddm_alpha001_v2/polygonal_holes/sample_0174.npz,8b214cc2dccfbd9eeba4a0bbf1cf9592ace0d59fad777f0c1ef1da18aa1c1886,0.007790706004016101,0.05800342802781693,0.7476246033321329,0.8413044810295105,0.32788610905408827,0.7552219134569168
residual_v2,60,polygonal_holes,175,private-source://routeA_experiments/data/prospective_ood_rd_hddm_alpha001_v2/polygonal_holes/sample_0175.npz,0704e3f9778f3aedbd42b0385e81de58d71e4c2be75d9f126126775ca2425f28,0.00844478199724108,0.04752102915145264,0.48436130670218447,0.598583459854126,0.28347755074501013,0.477311477959156
residual_v2,60,polygonal_holes,176,private-source://routeA_experiments/data/prospective_ood_rd_hddm_alpha001_v2/polygonal_holes/sample_0176.npz,a85484a8662f15305a5e709f13d1fa525a418acb00e7250756949427976b2dd8,0.0068687490420416,0.06081811998640837,0.8832464623088933,0.9462340772151947,0.28533712942153217,0.6531173747777936
residual_v2,60,polygonal_holes,177,private-source://routeA_experiments/data/prospective_ood_rd_hddm_alpha001_v2/polygonal_holes/sample_0177.npz,e0a3dc9763664c7fd06c84abf04a136fb5cdfe6c731d8094dd3d83ab720c189f,0.008666999987326562,0.056425595648969054,0.9827017581509125,0.9133667647838593,0.24643705543130634,0.6562143546342849
residual_v2,60,polygonal_holes,178,private-source://routeA_experiments/data/prospective_ood_rd_hddm_alpha001_v2/polygonal_holes/sample_0178.npz,481ca6c6499705706c2f66d7e79f45ecb746cb561d6a77790784658abee41ffe,0.008804429962765425,0.06285425548864106,0.87419764493264,0.9259325265884399,0.38042118772864336,0.7231530919671058
residual_v2,60,polygonal_holes,179,private-source://routeA_experiments/data/prospective_ood_rd_hddm_alpha001_v2/polygonal_holes/sample_0179.npz,e4bc203a85df9f9977404e82f55cafb59262bc1ce46ea6ffe3b6aa2d04c126dc,0.00885464798193425,0.04745344133327763,0.5920744788317811,0.6856700778007507,0.27695261985063546,0.575143159031868
residual_v2,60,polygonal_holes,180,private-source://routeA_experiments/data/prospective_ood_rd_hddm_alpha001_v2/polygonal_holes/sample_0180.npz,81b84fdac3eccbe8d0928bc38881f8a0dd9d9e18b35f8f47b20caa177985fd3b,0.007863641018047929,0.055593589098716534,0.9474204574483623,0.9349207580089569,0.22705065645277497,0.7807335177063942
residual_v2,60,polygonal_holes,181,private-source://routeA_experiments/data/prospective_ood_rd_hddm_alpha001_v2/polygonal_holes/sample_0181.npz,5b6cc5d652fa4a1c887c4b0c1e164cd672bb9f5061ad1afead3751e70b213514,0.008271742961369455,0.06004703048403725,0.7388060266596386,0.802892804145813,0.38643818050622936,0.718907328248024
residual_v2,60,polygonal_holes,182,private-source://routeA_experiments/data/prospective_ood_rd_hddm_alpha001_v2/polygonal_holes/sample_0182.npz,30d7eccb6acfa738a9e0d813c59d9fc3e7a337f419dc39e253bd748b1985e200,0.0076921890140511096,0.06638775042658052,0.822272672648215,0.8558273017406464,0.3451768100261688,0.7039529246091842
residual_v2,60,polygonal_holes,183,private-source://routeA_experiments/data/prospective_ood_rd_hddm_alpha001_v2/polygonal_holes/sample_0183.npz,1373cf2f076ba6d96d76006b9bac7cafb13fe290e1c8db8eb0a021aa3ea6a877,0.008361170999705791,0.04636379778566733,0.4793368077961777,0.7160314321517944,0.23339532688260076,0.46873904824256896
residual_v2,60,polygonal_holes,184,private-source://routeA_experiments/data/prospective_ood_rd_hddm_alpha001_v2/polygonal_holes/sample_0184.npz,ea319e2f477b8255fcaca1a8e04826d40a2c73352b1e4d184424b4c62b2442f5,0.00789688399527222,0.05884422878682579,0.7784628233923832,0.8495590686798096,0.32548833936452853,0.7103079012036323
residual_v2,60,polygonal_holes,185,private-source://routeA_experiments/data/prospective_ood_rd_hddm_alpha001_v2/polygonal_holes/sample_0185.npz,d003b9495650cf787afd4d3ddc6d86135228d769f54ad6312a6280421a596e3a,0.00800583598902449,0.062288678549055,1.0883257083508728,0.9613214880228043,0.2644582886714488,0.7592030099034308
residual_v2,60,polygonal_holes,186,private-source://routeA_experiments/data/prospective_ood_rd_hddm_alpha001_v2/polygonal_holes/sample_0186.npz,842bbbe7603fa9c66898e0d3e41112951c43fa2013c25eff012bda7d90c34fc1,0.007475986029021442,0.05158870008324884,0.939610487473839,0.837961345911026,0.2468512527644634,0.6281932270154357
residual_v2,60,polygonal_holes,187,private-source://routeA_experiments/data/prospective_ood_rd_hddm_alpha001_v2/polygonal_holes/sample_0187.npz,cb2d55c7982505cee18ae54c10f3a2561c5ffa076d5725faf703948555a281cd,0.008209043997339904,0.0621276081096385,1.2124760989397232,0.9600235670804977,0.2794584670045878,0.6271161421388386
residual_v2,60,polygonal_holes,188,private-source://routeA_experiments/data/prospective_ood_rd_hddm_alpha001_v2/polygonal_holes/sample_0188.npz,f3741286ab69ced697a71881032f01ee4b24b51cbaa12f72c9ef12b3e4744498,0.008279629983007908,0.06448858140570539,0.5750695679144335,0.6424036026000977,0.40263422131538373,0.5549560958147048
residual_v2,60,polygonal_holes,189,private-source://routeA_experiments/data/prospective_ood_rd_hddm_alpha001_v2/polygonal_holes/sample_0189.npz,f7b805f25ec992fb94efd23e0f85f979f2cf9c135f8ef20d0de20cb17df22844,0.00844291498651728,0.05823890910064474,1.127444287498633,0.9344588443636894,0.2602110357955098,0.7105989352427422
residual_v2,60,polygonal_holes,190,private-source://routeA_experiments/data/prospective_ood_rd_hddm_alpha001_v2/polygonal_holes/sample_0190.npz,dc1bbc2f69c79f99ee4574dff06f98bba6eb04d44fc3565781bf40b6efbb07e5,0.00862323201727122,0.06759418288760609,0.7606614042021863,0.813191682100296,0.34123340696096416,0.7239110168814659
residual_v2,60,polygonal_holes,191,private-source://routeA_experiments/data/prospective_ood_rd_hddm_alpha001_v2/polygonal_holes/sample_0191.npz,f796f17a8112fa44e52a0f1a214586fb75df4a586120fd92593085ab7070cedd,0.007302104029804468,0.05289428931850163,0.55037089453125,0.6471652984619141,0.29966523647308324,0.573882528245449
residual_v2,60,polygonal_holes,192,private-source://routeA_experiments/data/prospective_ood_rd_hddm_alpha001_v2/polygonal_holes/sample_0192.npz,dda32192ec953c5b2b30b9664a031c0b2c32c18898206a837abd68a848dc6560,0.008462045982014388,0.04681075410244451,0.6036670284305851,0.7113720774650574,0.2826741650700567,0.6111681270599365
residual_v2,60,polygonal_holes,193,private-source://routeA_experiments/data/prospective_ood_rd_hddm_alpha001_v2/polygonal_holes/sample_0193.npz,a0ecfb23ec91938da78978e535237a93cd3cdb1418404474f7a4b8e5e18ecb0e,0.008340719970874488,0.04772453082849602,0.39826227684520543,0.5943747758865356,0.21916656643152213,0.3769869422912596
residual_v2,60,polygonal_holes,194,private-source://routeA_experiments/data/prospective_ood_rd_hddm_alpha001_v2/polygonal_holes/sample_0194.npz,41a07014c34cd5ab4b6bf8fb836e352f25011d3d9ee8ab7718601b8708c98a50,0.007866500993259251,0.04560895191995668,0.45979461456680304,0.5696980953216553,0.2603092193603514,0.4877718526124954
residual_v2,60,polygonal_holes,195,private-source://routeA_experiments/data/prospective_ood_rd_hddm_alpha001_v2/polygonal_holes/sample_0195.npz,bd513e0febd4c5373d80e2b7dcdd2b9486ed4ac7e6bc9ee5eb9dc273983b9ffe,0.008291967038530856,0.06339833691160435,1.1489745552268387,0.9518091380596161,0.29111584830097853,0.7346853517740964
residual_v2,60,polygonal_holes,196,private-source://routeA_experiments/data/prospective_ood_rd_hddm_alpha001_v2/polygonal_holes/sample_0196.npz,cb48f01e7dd800b18ce7cbe2c18858c2d9a44d38e5be7cf20f5254eafdbd0bf2,0.007805003959219903,0.06166807023419627,0.7141476661281168,0.782747894525528,0.32309493720531435,0.6606725478172302
residual_v2,60,polygonal_holes,197,private-source://routeA_experiments/data/prospective_ood_rd_hddm_alpha001_v2/polygonal_holes/sample_0197.npz,d9edb4456fdfb320e3e8eddde4e164e04f26d3682accae421c9cb62372882d05,0.007902226003352553,0.05978271057697662,0.6151838721048376,0.7068439722061157,0.34586430937051765,0.6024248167872428
residual_v2,60,polygonal_holes,198,private-source://routeA_experiments/data/prospective_ood_rd_hddm_alpha001_v2/polygonal_holes/sample_0198.npz,2bb222fb19e2658b1507bbec54c6820e146fa9b42297978674b5e3f02f9f1c57,0.007894137990660965,0.040970064446190814,0.45764257640383454,0.651193380355835,0.2109872430562973,0.4830422723293304
residual_v2,60,polygonal_holes,199,private-source://routeA_experiments/data/prospective_ood_rd_hddm_alpha001_v2/polygonal_holes/sample_0199.npz,2eec775368a54d0cff3644f18d86a5d5b2aa3329ce09ee599ee904145cc74303,0.008307987009175122,0.04939524221041034,0.5417055669020246,0.6015862226486206,0.31576462686061846,0.5401746070384978
residual_v2,60,star_concave,0,private-source://routeA_experiments/data/prospective_ood_rd_hddm_alpha001_v2/star_concave/sample_0000.npz,009d2bb9aad63b794132f3b8fa2904650b88fb7b6b2d61561be4048deacc458b,0.008873692015185952,0.06704741907255449,0.5510609878626186,0.7530083060264587,0.37957314550876614,0.6201767981052398
residual_v2,60,star_concave,1,private-source://routeA_experiments/data/prospective_ood_rd_hddm_alpha001_v2/star_concave/sample_0001.npz,4e70bd655e98ee3d6e109ea5eb742794f0fa72f85104a738094fee80b6acaf70,0.007794141012709588,0.08531086487404606,0.47957139669217747,0.6620418727397919,0.40086021572351477,0.5679550096392635
residual_v2,60,star_concave,2,private-source://routeA_experiments/data/prospective_ood_rd_hddm_alpha001_v2/star_concave/sample_0002.npz,fb14453d8d3f30cf873c46a5e14b387674862f03260073cd0d05ebb7cb7f1faa,0.00936007802374661,0.09129010572232488,0.7497364994101037,0.8330540657043457,0.5045047283172601,0.761082684993744
residual_v2,60,star_concave,3,private-source://routeA_experiments/data/prospective_ood_rd_hddm_alpha001_v2/star_concave/sample_0003.npz,7b84face7333f39614fc62902f773a61730f623c80ef7fa990749cc5c4756204,0.008420588041190058,0.0822597008756727,0.5766296556350349,0.7303822636604309,0.4438209891319274,0.6278666400909424
residual_v2,60,star_concave,4,private-source://routeA_experiments/data/prospective_ood_rd_hddm_alpha001_v2/star_concave/sample_0004.npz,51a91eacf8ce921d71c6041d09cfae819f22d841cf2ffd3c2df664040d51186e,0.00920699699781835,0.07448339862226923,0.4202345610861982,0.6102907359600067,0.35717900991439777,0.5052279198169722
residual_v2,60,star_concave,5,private-source://routeA_experiments/data/prospective_ood_rd_hddm_alpha001_v2/star_concave/sample_0005.npz,6e222ada1b7d437bd5643c1ff273ebd5652f1f27b6415d45a1958ab41cdbedf5,0.009078600036446005,0.06494992344930045,0.3337032772828292,0.5000728368759155,0.27738722562789914,0.4016846168041231
residual_v2,60,star_concave,6,private-source://routeA_experiments/data/prospective_ood_rd_hddm_alpha001_v2/star_concave/sample_0006.npz,b575a4b1e23727607195accc5ab1eb6869a2fe6423bab8f28602429896d7ffb8,0.007649098988622427,0.053604275634749086,0.2895637259114562,0.4218079447746277,0.2143356829881667,0.3555387699604035
residual_v2,60,star_concave,7,private-source://routeA_experiments/data/prospective_ood_rd_hddm_alpha001_v2/star_concave/sample_0007.npz,f97196e6f221830b1e3373486ee49466c07c1eb5991df8cbb16605589a488f5d,0.008987315988633782,0.09433037149366283,0.6424509665380713,0.7886779308319092,0.5041650295257568,0.6854965507984161
residual_v2,60,star_concave,8,private-source://routeA_experiments/data/prospective_ood_rd_hddm_alpha001_v2/star_concave/sample_0008.npz,244ac733232159a2a5cf34edfc0a50b5a2b69b36712de1f4063f137198172f85,0.0062474109581671655,0.0560300845047205,0.34518920434360634,0.497774600982666,0.267669177055359,0.4403363007307053
residual_v2,60,star_concave,9,private-source://routeA_experiments/data/prospective_ood_rd_hddm_alpha001_v2/star_concave/sample_0009.npz,865cc26d2e038bce27105da09cc105452f707c4d4a4472925cb326eed10ece20,0.00851615599822253,0.09048111498861897,0.6199880257693282,0.8330415487289429,0.4802896112203596,0.6929619550704952
residual_v2,60,star_concave,10,private-source://routeA_experiments/data/prospective_ood_rd_hddm_alpha001_v2/star_concave/sample_0010.npz,1f4c91ba0f07fa9f6a175cb7d943878655d47fdbdb5f2efeac3ac31f77329fcd,0.008000138972420245,0.053536566662027364,0.29333648705972987,0.40171074867248535,0.22164729237556458,0.34078362584114075
residual_v2,60,star_concave,11,private-source://routeA_experiments/data/prospective_ood_rd_hddm_alpha001_v2/star_concave/sample_0011.npz,d05537de94b82a7904e0ead39deb6c54104c0ef42cea8bd4e9988913d494a83b,0.006693847011774778,0.08305656387907116,0.6431886669762581,0.7844052314758301,0.45535152554512015,0.6719615697860722
residual_v2,60,star_concave,12,private-source://routeA_experiments/data/prospective_ood_rd_hddm_alpha001_v2/star_concave/sample_0012.npz,847d2b1c823f4408679f58979310ced7f8afe8a4c3b19a24d4319e73d2076d28,0.0060319259646348655,0.08198732579816476,0.6124694445750184,0.7258589267730713,0.45121957063674906,0.6591802334785453
residual_v2,60,star_concave,13,private-source://routeA_experiments/data/prospective_ood_rd_hddm_alpha001_v2/star_concave/sample_0013.npz,3fe68d6905e52aed96d1f6f6f4cbe94d1f51a46ec4751e2c26ac9892e870ac18,0.008088806993328035,0.08673651454873813,0.43709126265798415,0.6059769093990326,0.4171757519245144,0.5340923941135406
residual_v2,60,star_concave,14,private-source://routeA_experiments/data/prospective_ood_rd_hddm_alpha001_v2/star_concave/sample_0014.npz,98f86dc2bf4c9917d734d87999b0e333966cb92d96944b9e3a10a574bc3370b9,0.006940604012925178,0.07382136687137356,0.7641721635686554,0.889720618724823,0.3393728256225583,0.6911177575588214
residual_v2,60,star_concave,15,private-source://routeA_experiments/data/prospective_ood_rd_hddm_alpha001_v2/star_concave/sample_0015.npz,fba340201e6025122f0cb1aa5a625e4ebb7a3504c0f9bf568c4b44c2453eab2f,0.008913186029531062,0.0662245446434455,0.38442571747656595,0.5091669857501984,0.31280958354473076,0.45292272955179264
residual_v2,60,star_concave,16,private-source://routeA_experiments/data/prospective_ood_rd_hddm_alpha001_v2/star_concave/sample_0016.npz,11c4e40719a66e3ebb706e7cb800f94d382019f44e94ec85fe48ea3ec624cc4b,0.009291790018323809,0.07843205689566657,0.6061379794914393,0.7421597838401794,0.4440897554159161,0.6880662128329275
residual_v2,60,star_concave,17,private-source://routeA_experiments/data/prospective_ood_rd_hddm_alpha001_v2/star_concave/sample_0017.npz,534607ed78b318ae68ab40a4d9a3980e1a5c64084762fc4b8475968cab9bb3bd,0.009255482000298798,0.07593966264913145,0.7012477801688944,0.8442551493644714,0.4166787624359121,0.7191452658176419
residual_v2,60,star_concave,18,private-source://routeA_experiments/data/prospective_ood_rd_hddm_alpha001_v2/star_concave/sample_0018.npz,7adaa9e1f0617e585e5d168eb48820003ec9fc031681cd26516d363ffd04328d,0.009224361972883344,0.08969298837848359,0.6143338706151139,0.7120505571365356,0.47912639379501337,0.6563929837942122
residual_v2,60,star_concave,19,private-source://routeA_experiments/data/prospective_ood_rd_hddm_alpha001_v2/star_concave/sample_0019.npz,f3759305bef8481b2756c6d9ec9fee197aa11185d2fabb3a2e12ab02723ee5e0,0.006514650012832135,0.06924862907960834,0.34700271480710115,0.496402382850647,0.3090094029903412,0.4114048928022385
residual_v2,60,star_concave,20,private-source://routeA_experiments/data/prospective_ood_rd_hddm_alpha001_v2/star_concave/sample_0020.npz,dfd07f4fdae3c4b6150501a4e95619273fb09daa59e9478d21c8464a21d2ffc6,0.008731623995117843,0.08046653626596999,0.6301977549182926,0.7885140180587769,0.45604615211486804,0.6871058809757233
residual_v2,60,star_concave,21,private-source://routeA_experiments/data/prospective_ood_rd_hddm_alpha001_v2/star_concave/sample_0021.npz,3e932800183b8daa7efd551da65f2ff1400f15f2772817e610796baf64527c9a,0.008672671974636614,0.09921339824676323,0.600113526076638,0.7214742302894592,0.4867246478796005,0.6419477397203447
residual_v2,60,star_concave,22,private-source://routeA_experiments/data/prospective_ood_rd_hddm_alpha001_v2/star_concave/sample_0022.npz,e59220a03ee588f4d0e70933b8159e2126e45953cd84f648928aedb295e2d081,0.006793648994062096,0.10249641470520449,0.5921672134057463,0.7463959455490112,0.509263241291046,0.658630414009094
residual_v2,60,star_concave,23,private-source://routeA_experiments/data/prospective_ood_rd_hddm_alpha001_v2/star_concave/sample_0023.npz,17bae540596796b03e7a95a97ad0cf945587f7ff8e9f44c9cce961c2574b81b0,0.006810377992223948,0.09133505867610384,0.6028039373185894,0.7261845469474792,0.4963403046131134,0.6802359163761141
residual_v2,60,star_concave,24,private-source://routeA_experiments/data/prospective_ood_rd_hddm_alpha001_v2/star_concave/sample_0024.npz,9f190b5fe5c1ddecf149bf3831ed66888f1e09a84d81196006c11f5c214d28c6,0.007243907020892948,0.1006778787620856,0.6229615552001473,0.753942221403122,0.4735575884580609,0.67064123660326
residual_v2,60,star_concave,25,private-source://routeA_experiments/data/prospective_ood_rd_hddm_alpha001_v2/star_concave/sample_0025.npz,2add91952026915ae8ee90b1f1626a327209949a94357811791d4add186f8b6b,0.008887130010407418,0.07685735645910291,0.5169908491322965,0.6781313717365265,0.41983710825443254,0.5999525010585789
residual_v2,60,star_concave,26,private-source://routeA_experiments/data/prospective_ood_rd_hddm_alpha001_v2/star_concave/sample_0026.npz,7c60403165ae348c442df8620e166f060722ffe55139cb507fb6b3b0315acd67,0.008757233968935907,0.08652215040641616,0.6878011336669475,0.800923228263855,0.5384152501821516,0.7305629581212993
residual_v2,60,star_concave,27,private-source://routeA_experiments/data/prospective_ood_rd_hddm_alpha001_v2/star_concave/sample_0027.npz,fcd28480ca1c369f591deb0760e991331bd2cf87de1f1ca707e06c2ffdf85715,0.009037095005623996,0.09814311005581844,0.6510135408792688,0.7910083532333374,0.5143085688352584,0.7245685082674026
residual_v2,60,star_concave,28,private-source://routeA_experiments/data/prospective_ood_rd_hddm_alpha001_v2/star_concave/sample_0028.npz,97d115498a24206fd9a94b8e6ea8743ffb7337ed20941efef291ca99b062fb3d,0.00853927299613133,0.09876855168227419,0.739902653008256,0.8461250066757202,0.467855179309845,0.7837131565809248
residual_v2,60,star_concave,29,private-source://routeA_experiments/data/prospective_ood_rd_hddm_alpha001_v2/star_concave/sample_0029.npz,b912306c3e4cf84f055f4027c6cbc49c3fe645a5fc0bf485bb647d711e1ff63b,0.007405611977446824,0.08667865673566368,0.4968018797949516,0.5851527750492096,0.4199489802122108,0.5262278014421464
residual_v2,60,star_concave,30,private-source://routeA_experiments/data/prospective_ood_rd_hddm_alpha001_v2/star_concave/sample_0030.npz,1bd349edcd0fe24a85799a24dcbb53d56be86031ab54fcf679a4c4fde7107b8f,0.006439708988182247,0.09753671532239491,0.6370008046536724,0.7836947441101074,0.5277174711227417,0.7063516855239871
residual_v2,60,star_concave,31,private-source://routeA_experiments/data/prospective_ood_rd_hddm_alpha001_v2/star_concave/sample_0031.npz,3daaf895b3c605d8206001223ea51987d492384cfc95cffaef6b71828270eefc,0.009039518015924841,0.07728084404818557,0.5383682526378343,0.6824354529380798,0.4158969894051552,0.5755897691845899
residual_v2,60,star_concave,32,private-source://routeA_experiments/data/prospective_ood_rd_hddm_alpha001_v2/star_concave/sample_0032.npz,49be9ff94661381e2571a267aba1a2060d7d7268dd348b9eb212f6af9b9674e3,0.007547521032392979,0.08724661510642741,0.6353725825716178,0.7793916463851929,0.48644295036792706,0.704577021002769
residual_v2,60,star_concave,33,private-source://routeA_experiments/data/prospective_ood_rd_hddm_alpha001_v2/star_concave/sample_0033.npz,e906aed2368936d827726997a5afb6856dea5ac228d3b90f881ec10af09186d9,0.0070294130127877,0.0785287582356418,0.606852583324727,0.7431414127349854,0.4592997103929519,0.6715099042654036
residual_v2,60,star_concave,34,private-source://routeA_experiments/data/prospective_ood_rd_hddm_alpha001_v2/star_concave/sample_0034.npz,ae0a839396f99c4485788322b985c85386b92669d4e870cd7a2410af15f5c24d,0.007952744024805725,0.06254228956500127,0.2611636598779501,0.31122255325317383,0.22492453455924988,0.264735609292984
residual_v2,60,star_concave,35,private-source://routeA_experiments/data/prospective_ood_rd_hddm_alpha001_v2/star_concave/sample_0035.npz,fb59f617f0622c77d8fbb2f2fe1967a6c60ff2dc46aaa3b2084991efd399b23f,0.008100840961560607,0.09810176533164161,0.7202807266256683,0.8625609874725342,0.5265581935644145,0.8127705299854276
residual_v2,60,star_concave,36,private-source://routeA_experiments/data/prospective_ood_rd_hddm_alpha001_v2/star_concave/sample_0036.npz,528b84c8ea17fb027544a4127081236bfc722f3a0ec2d9cbe46edd1bbc9ae09d,0.007352729036938399,0.09200976777551259,0.7089181224949016,0.8853282928466797,0.5085248172283172,0.7461704045534134
residual_v2,60,star_concave,37,private-source://routeA_experiments/data/prospective_ood_rd_hddm_alpha001_v2/star_concave/sample_0037.npz,ce4278bd066e42581dd68ea2402f3e7e51495b54c38492e0d6cfe639baedcd5f,0.007351064006797969,0.07744408481881865,0.37354756608487777,0.481117844581604,0.32436403483152415,0.4103608298301697
residual_v2,60,star_concave,38,private-source://routeA_experiments/data/prospective_ood_rd_hddm_alpha001_v2/star_concave/sample_0038.npz,6ba9092a7f68d6d13493fceadb5e908dc631b20b2a917da96f2634c547cb7849,0.009386868972796947,0.07256450485075813,0.3610671115684969,0.46894538402557373,0.30565683841705343,0.4170791411399842
residual_v2,60,star_concave,39,private-source://routeA_experiments/data/prospective_ood_rd_hddm_alpha001_v2/star_concave/sample_0039.npz,22652a3d0dc5499ddc059fd0199f955f000a9224a1f5619549bd84fa34b70755,0.009166886971797794,0.07412120074151504,0.4798938275393553,0.616951197385788,0.3878874123096465,0.5644702717661859
residual_v2,60,star_concave,40,private-source://routeA_experiments/data/prospective_ood_rd_hddm_alpha001_v2/star_concave/sample_0040.npz,979af9334c1802b981da270d5875fa0c7b9ece1cdeae2d7ddab565fa7e35c3b0,0.00818252598401159,0.08400295353655685,0.5775116761062139,0.6819955110549927,0.4471188515424715,0.6388167494535446
residual_v2,60,star_concave,41,private-source://routeA_experiments/data/prospective_ood_rd_hddm_alpha001_v2/star_concave/sample_0041.npz,3e594e2e6d2ad746bc0157e3521e1d1f6090b162a1b92253789085a2dbb47654,0.008008450968191028,0.09937987212327458,0.6175066160645748,0.7822416424751282,0.50639613866806,0.6520880103111265
residual_v2,60,star_concave,42,private-source://routeA_experiments/data/prospective_ood_rd_hddm_alpha001_v2/star_concave/sample_0042.npz,c4c10181a5a8723bab009727251b85f91867206e2a7e7b2f496d7cbd97bde9f3,0.009366824000608176,0.08393472186896511,0.6290859456775043,0.7628329396247864,0.4596132472157473,0.6878792530298239
residual_v2,60,star_concave,43,private-source://routeA_experiments/data/prospective_ood_rd_hddm_alpha001_v2/star_concave/sample_0043.npz,60596fdaece0c19a7997da29479b7375b7dab588e93a500a17be8ad6540c5652,0.007824585016351193,0.09700965088528507,0.6364519646394768,0.7567824721336365,0.5198087155818945,0.7041770648956296
residual_v2,60,star_concave,44,private-source://routeA_experiments/data/prospective_ood_rd_hddm_alpha001_v2/star_concave/sample_0044.npz,1383081fd3815f2104988ac35e4d709121c4e13596804ade49dc4e610ea86679,0.009043265017680824,0.0957724457205894,0.6164997765922031,0.7451025247573853,0.5196665406227111,0.690763975679874
residual_v2,60,star_concave,45,private-source://routeA_experiments/data/prospective_ood_rd_hddm_alpha001_v2/star_concave/sample_0045.npz,023263165e13e05a212e40ecd70a27ba52200197231297219582d7e5bba3dbe2,0.009379807976074517,0.08847050071361105,0.5709379467672605,0.692518413066864,0.45627902597188896,0.6436610484123221
residual_v2,60,star_concave,46,private-source://routeA_experiments/data/prospective_ood_rd_hddm_alpha001_v2/star_concave/sample_0046.npz,b15ee5f6922f4f24ee7033154d443e62434bd3a3733663097faabea670e06fc7,0.006676826043985784,0.06265332033662782,0.3050732315048312,0.43244677782058716,0.24540913105010986,0.3621022439002987
residual_v2,60,star_concave,47,private-source://routeA_experiments/data/prospective_ood_rd_hddm_alpha001_v2/star_concave/sample_0047.npz,0dd14136387bff8f2e808a1c1b23f92c0b77dcb3e67f86d25f7d8837c77575de,0.007033045985735953,0.06968892897276503,0.4763150597409195,0.6626633405685425,0.3599203705787659,0.624530491828918
residual_v2,60,star_concave,48,private-source://routeA_experiments/data/prospective_ood_rd_hddm_alpha001_v2/star_concave/sample_0048.npz,170d40f333deaba43a45d4d2ea6cd73468bae603f4b0069e39c6200efecb0bcf,0.006861002999357879,0.05775088006678024,0.28485245019380073,0.4075431227684021,0.2091798186302185,0.35029057264328
residual_v2,60,star_concave,49,private-source://routeA_experiments/data/prospective_ood_rd_hddm_alpha001_v2/star_concave/sample_0049.npz,3baa64b964e40f4d041934f78d820db94115a9f893482d40b5eb2c6868bd541f,0.007075463014189154,0.10016712047319834,0.7154133550980862,0.8314521908760071,0.5581738948822021,0.7814253091812137
residual_v2,60,star_concave,50,private-source://routeA_experiments/data/prospective_ood_rd_hddm_alpha001_v2/star_concave/sample_0050.npz,1736fc66548c7d2e863a00e32a752906c88a567b1201f17522a5ad4de2a710f4,0.006751272012479603,0.08819279864732568,0.6471460762482838,0.7990474700927734,0.49570053219795224,0.6762234079837799
residual_v2,60,star_concave,51,private-source://routeA_experiments/data/prospective_ood_rd_hddm_alpha001_v2/star_concave/sample_0051.npz,bbee14e14361425abba154c6f545f34a6bc8991bef7312742393d461406dd03c,0.008577522006817162,0.08446611188794771,0.6043354476663607,0.759067177772522,0.45067772865295397,0.6426146954298018
residual_v2,60,star_concave,52,private-source://routeA_experiments/data/prospective_ood_rd_hddm_alpha001_v2/star_concave/sample_0052.npz,ed45abe2c84a6a7a838830e4de837fa03cd05b8d959f2f8f0ce1a9d1d8665108,0.008009186014533043,0.09378781914098479,0.6556617703380123,0.8025635480880737,0.5141047596931454,0.7039948415756224
residual_v2,60,star_concave,53,private-source://routeA_experiments/data/prospective_ood_rd_hddm_alpha001_v2/star_concave/sample_0053.npz,2cde7d03eeb67287459dbeac592a42bb82c4515f561e6dd2b826e65efe9946be,0.006481013027951121,0.05019361764676304,0.2507988332304568,0.3581341803073883,0.19890362620353697,0.28720888137817413
residual_v2,60,star_concave,54,private-source://routeA_experiments/data/prospective_ood_rd_hddm_alpha001_v2/star_concave/sample_0054.npz,4cba00e0ed66cb2ac4d45603705ee8ce4570c268262d907c90c92a3a53a03f37,0.0061282849637791514,0.0663685593591081,0.3514077907001838,0.4540143609046936,0.3107866048812864,0.39588015913963337
residual_v2,60,star_concave,55,private-source://routeA_experiments/data/prospective_ood_rd_hddm_alpha001_v2/star_concave/sample_0055.npz,dce22efcf9ad447d20a4f5bed0795d0132c8276ec8fd03667f04f5c47805d3f3,0.008479917014483362,0.06457051844909874,0.3387749593328098,0.4680229425430298,0.29157729148864714,0.39073085486888853
residual_v2,60,star_concave,56,private-source://routeA_experiments/data/prospective_ood_rd_hddm_alpha001_v2/star_concave/sample_0056.npz,235646d85b8c07970a3d8b865ffe8b58eda9eb036fb639d49673bb58d73de474,0.007172528014052659,0.06171534212353792,0.33268641038725694,0.44142165780067444,0.26604213416576383,0.3854467606544493
residual_v2,60,star_concave,57,private-source://routeA_experiments/data/prospective_ood_rd_hddm_alpha001_v2/star_concave/sample_0057.npz,fba47c2f217c4b06672bfd7c97f817bd5a9470721ee275dd6011e375a632fe55,0.006131235975772142,0.07742121024689912,0.5258021112658082,0.6793388724327087,0.4146808207035066,0.5919343286752701
residual_v2,60,star_concave,58,private-source://routeA_experiments/data/prospective_ood_rd_hddm_alpha001_v2/star_concave/sample_0058.npz,18c38148eac2df3c48d00500e74d23a957b100253e58db77dda149b67191d166,0.007012495014350861,0.08800546307326922,0.6424045933621201,0.7799650132656097,0.49707649946212723,0.6974712395668032
residual_v2,60,star_concave,59,private-source://routeA_experiments/data/prospective_ood_rd_hddm_alpha001_v2/star_concave/sample_0059.npz,f9d7dc0bbca24cb8eb66c7b813db7c767b0d3758dcf605d732bbcb3fea82bdc9,0.008162231999449432,0.08763488033266098,0.6240440017872206,0.7303579449653625,0.44760593771934515,0.665962282419205
residual_v2,60,star_concave,60,private-source://routeA_experiments/data/prospective_ood_rd_hddm_alpha001_v2/star_concave/sample_0060.npz,ad8bdeb51e8207d14e6ab8946808203d53cfbcd39ebdfb58ff8542e60a2ce5f7,0.009490702010225505,0.09891923619090948,0.6031501974620793,0.7023001313209534,0.49299978017807006,0.6404017710685723
residual_v2,60,star_concave,61,private-source://routeA_experiments/data/prospective_ood_rd_hddm_alpha001_v2/star_concave/sample_0061.npz,6a8d098fa3cf0e8607b55e7b07d030a5a0586678285f123530f988ef18a29c9f,0.008072868979070336,0.08218446410898149,0.48900321901105226,0.5641480088233948,0.38160353899002075,0.49388251304626485
residual_v2,60,star_concave,62,private-source://routeA_experiments/data/prospective_ood_rd_hddm_alpha001_v2/star_concave/sample_0062.npz,af2aa6263843eda66dc7a1fab1c879ffb7c49c81b11d63bf66e6a1d95823b5c9,0.008947725989855826,0.06030366257816491,0.33269502020051583,0.45885056257247925,0.2999465465545654,0.4222586607933045
residual_v2,60,star_concave,63,private-source://routeA_experiments/data/prospective_ood_rd_hddm_alpha001_v2/star_concave/sample_0063.npz,1d64b549093de73ce0aefc5a37a4f60e6d676c1cd705eb98d536ff5d4bef87a7,0.009006487962324172,0.0858266718813974,0.560967380662967,0.6745642423629761,0.46724008917808535,0.6024770429730416
residual_v2,60,star_concave,64,private-source://routeA_experiments/data/prospective_ood_rd_hddm_alpha001_v2/star_concave/sample_0064.npz,df2e0d7751b94355ed613e5666bca2fb52173d2dcd42ae84fc71ea01084f44df,0.009067546983715147,0.10070391692456478,0.6598368425942391,0.785565972328186,0.5375756204128266,0.7144349795579908
residual_v2,60,star_concave,65,private-source://routeA_experiments/data/prospective_ood_rd_hddm_alpha001_v2/star_concave/sample_0065.npz,6be62c8bf97c5e0d45b37e969d56e99f2cd1a93cbfa17aff04e3123165f38d67,0.007720007968600839,0.08659667791049709,0.4788986413267829,0.5976526737213135,0.43549953699111926,0.5479660621285439
residual_v2,60,star_concave,66,private-source://routeA_experiments/data/prospective_ood_rd_hddm_alpha001_v2/star_concave/sample_0066.npz,0b6d24abc0a7ac7e8c177054dfeb0fe09760ac17f68380edd5064919b3f5a1cb,0.007957317982800305,0.0953292122076735,0.7211015034624983,0.844998836517334,0.4538975954055786,0.7462433636188512
residual_v2,60,star_concave,67,private-source://routeA_experiments/data/prospective_ood_rd_hddm_alpha001_v2/star_concave/sample_0067.npz,0ca774ec08694066988a6ae4ef908c7dfb68e93c52137929de1a67ca05e2995a,0.007064580975566059,0.059640077395769805,0.2937741445978351,0.39317160844802856,0.2493351280689241,0.3389565229415893
residual_v2,60,star_concave,68,private-source://routeA_experiments/data/prospective_ood_rd_hddm_alpha001_v2/star_concave/sample_0068.npz,e76410fee1405db62c2b1b1129e514e7332ae0d1c54b743f299ee2fd119d95d8,0.006527418969199061,0.06875412796326547,0.5546638948748626,0.7065129280090332,0.37266748547554024,0.6024734532833101
residual_v2,60,star_concave,69,private-source://routeA_experiments/data/prospective_ood_rd_hddm_alpha001_v2/star_concave/sample_0069.npz,364b7c5d47826d22443658d1cb9c8b05008763aa6dd8a85bfa73678203751c21,0.006686143984552473,0.07897584272824483,0.5094011019027614,0.6433295607566833,0.3954754054546354,0.5166359892487525
residual_v2,60,star_concave,70,private-source://routeA_experiments/data/prospective_ood_rd_hddm_alpha001_v2/star_concave/sample_0070.npz,7ae2d6139034f24d5fa0ecd56cf638c38a469593bfea66160f4a003c37c778af,0.0076423679711297154,0.09149593343681493,0.7160211527284975,0.8265150487422943,0.5158292651176453,0.7431371808052063
residual_v2,60,star_concave,71,private-source://routeA_experiments/data/prospective_ood_rd_hddm_alpha001_v2/star_concave/sample_0071.npz,387823e996225fc808f345546490c6cfd199eedc7843a0aa5f39fe248acd4320,0.008426212007179856,0.08356507879160913,0.6518430573001703,0.7807742357254028,0.4634578637778759,0.7236706987023354
residual_v2,60,star_concave,72,private-source://routeA_experiments/data/prospective_ood_rd_hddm_alpha001_v2/star_concave/sample_0072.npz,35ccb4b6c6fd7f8c488468219502bff16e032bd7df63bc8f74d635a6bc181457,0.008279852976556867,0.06586951177099704,0.3125955080707485,0.457420289516449,0.2701850444078444,0.35750391781330026
residual_v2,60,star_concave,73,private-source://routeA_experiments/data/prospective_ood_rd_hddm_alpha001_v2/star_concave/sample_0073.npz,2738195cdbe5996a364285abc0046a1cb2d15377f53b9fe666c06434481dc2f6,0.007467607967555523,0.0797946593480203,0.8071009848355649,0.8641184866428375,0.3502612948417663,0.736731236875058
residual_v2,60,star_concave,74,private-source://routeA_experiments/data/prospective_ood_rd_hddm_alpha001_v2/star_concave/sample_0074.npz,d0d1391ed00492cecce69dfa827b340324d88adf3a584bf7899bf2ea4cc0314a,0.00833206798415631,0.08172063146263692,0.6753020913305258,0.7914173603057861,0.4496320486068724,0.7402695032954216
residual_v2,60,star_concave,75,private-source://routeA_experiments/data/prospective_ood_rd_hddm_alpha001_v2/star_concave/sample_0075.npz,592a563399989b953ca42755b7dcf3082863fbc8512c089d574642d62bfa768f,0.008664768014568835,0.07147888094367746,0.4188636629203788,0.609396755695343,0.3468286871910095,0.539107197523117
residual_v2,60,star_concave,76,private-source://routeA_experiments/data/prospective_ood_rd_hddm_alpha001_v2/star_concave/sample_0076.npz,833a3a6d3d9ddba1bac61edee72bfdfb032a4ad685b0cec46d80805537b407fb,0.008675199002027512,0.059848761144076765,0.2723284346482484,0.3693614602088928,0.21956774592399597,0.29670919626951214
residual_v2,60,star_concave,77,private-source://routeA_experiments/data/prospective_ood_rd_hddm_alpha001_v2/star_concave/sample_0077.npz,cfd4cb676fb49608dfc569217160e8783cceaeb7579e08c111f5b81d17f661e2,0.006379202997777611,0.1007513062248706,0.663016145132158,0.7594920992851257,0.5372635722160339,0.7112593054771423
residual_v2,60,star_concave,78,private-source://routeA_experiments/data/prospective_ood_rd_hddm_alpha001_v2/star_concave/sample_0078.npz,7f023420213a2f7e2fd89a7dba911906863dce1e53ef77466750637ab128e623,0.0065185450366698205,0.07093561761445027,0.49053543332984045,0.6175164580345154,0.38263133168220426,0.5486525988578794
residual_v2,60,star_concave,79,private-source://routeA_experiments/data/prospective_ood_rd_hddm_alpha001_v2/star_concave/sample_0079.npz,af0530854ecbd25049782a6643d0e28babcca47a66f81ffebbdeb2bee3d4add5,0.00611993798520416,0.08059595890778375,0.4733824233328824,0.6405862271785736,0.4338722676038742,0.5866433531045914
residual_v2,60,star_concave,80,private-source://routeA_experiments/data/prospective_ood_rd_hddm_alpha001_v2/star_concave/sample_0080.npz,0d8bf642f804cdb4c44ec3c97a7c8aa4aee2892c6e9e3f5615119b6231c98adb,0.008360423031263053,0.09576810388197976,0.6152498321308615,0.7661411762237549,0.47788543105125414,0.6775134521722793
residual_v2,60,star_concave,81,private-source://routeA_experiments/data/prospective_ood_rd_hddm_alpha001_v2/star_concave/sample_0081.npz,fcf2bf5bfee08e8bfdd64849976df45af7e75bffcb95d99bd5340ec6e971576b,0.008381660969462246,0.08746608793866244,0.6578343830484061,0.8820384740829468,0.4599871218204497,0.7018450868129725
residual_v2,60,star_concave,82,private-source://routeA_experiments/data/prospective_ood_rd_hddm_alpha001_v2/star_concave/sample_0082.npz,eecebee0f558d9151ce9118d6aed764ce2ca8fb51723395fa7340defaa974edd,0.008276110980659723,0.08122214452111337,0.8399345841328847,0.8748157322406769,0.2651812147349119,0.6635988789796835
residual_v2,60,star_concave,83,private-source://routeA_experiments/data/prospective_ood_rd_hddm_alpha001_v2/star_concave/sample_0083.npz,e5abdab9321ee56ed869ed460fa271c06a6390dc7c65469ad1fde0bfbc3f052e,0.008526390010956675,0.08271307873493088,0.7208347094180263,0.8704662621021271,0.44714508950710286,0.7370737338066097
residual_v2,60,star_concave,84,private-source://routeA_experiments/data/prospective_ood_rd_hddm_alpha001_v2/star_concave/sample_0084.npz,42b2e9080004dd7e87c755cf533ee961aee427788297acc5e783f709e47baeb3,0.00672148703597486,0.09862154523267944,0.6750208990601303,0.7906404733657837,0.5173367574810981,0.7243299573659898
residual_v2,60,star_concave,85,private-source://routeA_experiments/data/prospective_ood_rd_hddm_alpha001_v2/star_concave/sample_0085.npz,307c7f1bcc7bff44abcc6a30dc1e3969ede6f73df314300a047b61ccf6c3a378,0.007408367993775755,0.08115335120869464,0.6312324438427898,0.7494659423828125,0.4343612790107727,0.6870149731636054
residual_v2,60,star_concave,86,private-source://routeA_experiments/data/prospective_ood_rd_hddm_alpha001_v2/star_concave/sample_0086.npz,b3bb0c62290c26c875c27ae948d6b587087d0569c3f356201eb0f22fdb2a3e09,0.007678562949877232,0.09980477737300979,0.718212188548016,0.8773232698440552,0.5426304847002029,0.7708092248439788
residual_v2,60,star_concave,87,private-source://routeA_experiments/data/prospective_ood_rd_hddm_alpha001_v2/star_concave/sample_0087.npz,7dbf43fba15e26840cbf500867302ab7673d25663cd48115751bfd9162ec41f8,0.008553193998523057,0.08044586535250396,0.3608867665946652,0.4761456847190857,0.2950466424226761,0.4096090269088749
residual_v2,60,star_concave,88,private-source://routeA_experiments/data/prospective_ood_rd_hddm_alpha001_v2/star_concave/sample_0088.npz,46b403b9b0883fb6fafe6d706ff132a9019b0523c686f8c32b2cf73973dc110b,0.007242313004098833,0.09301253600014982,0.6708349148694245,0.8198755979537964,0.5096646904945372,0.7229577732086164
residual_v2,60,star_concave,89,private-source://routeA_experiments/data/prospective_ood_rd_hddm_alpha001_v2/star_concave/sample_0089.npz,4b05a4955d6129f9c7936385ebb4ab230f3bef639b45cb994afa8092d2aa1480,0.007158166030421853,0.0841248626105002,0.69943606699446,0.82027667760849,0.4632757186889639,0.7251968193054199
residual_v2,60,star_concave,90,private-source://routeA_experiments/data/prospective_ood_rd_hddm_alpha001_v2/star_concave/sample_0090.npz,562c2f1d56afdd8da2679e39e24f0681dfc71b8a722e546b74aa0f3f574a15bc,0.007560388010460883,0.08588080673130333,0.6126389311546688,0.7209188342094421,0.44580260515213,0.6407614850997925
residual_v2,60,star_concave,91,private-source://routeA_experiments/data/prospective_ood_rd_hddm_alpha001_v2/star_concave/sample_0091.npz,f841635f22b41963248fac05366396a38bf40de493e33e45588fb8fd0d09f968,0.006496766000054777,0.08709809584925912,0.6605549169069825,0.7958293557167053,0.4993985205888741,0.7148266100883484
residual_v2,60,star_concave,92,private-source://routeA_experiments/data/prospective_ood_rd_hddm_alpha001_v2/star_concave/sample_0092.npz,a4d8c9efc38c8dccdb95d6c4299d63e986137338f9a4d90ce862e166f09abfc5,0.007580260979011655,0.09768834925638173,0.6678403142930573,0.8052797317504883,0.5085071057081223,0.7003736793994902
residual_v2,60,star_concave,93,private-source://routeA_experiments/data/prospective_ood_rd_hddm_alpha001_v2/star_concave/sample_0093.npz,aaa767ef1eddfd044b5bf6a9fbef6b61dc5de5a86360570f0a77b5f524e97dce,0.008775460999459028,0.09322783951810873,0.694663955559586,0.8282637000083923,0.48512009531259537,0.7474981734156607
residual_v2,60,star_concave,94,private-source://routeA_experiments/data/prospective_ood_rd_hddm_alpha001_v2/star_concave/sample_0094.npz,a154a56ddefca8edbcf263aff519e91ce0f4e58465c7717e79c68dc97d11b9cd,0.008574402949307114,0.06670497079670398,0.31138994398911524,0.4725235402584076,0.2485259771347046,0.38991029858589116
residual_v2,60,star_concave,95,private-source://routeA_experiments/data/prospective_ood_rd_hddm_alpha001_v2/star_concave/sample_0095.npz,610bda6ba90ca73114af1042f6933531fbea7cab4fd66994183455d85a6010af,0.00641863897908479,0.10585449752393288,0.6037812557689582,0.7325949668884277,0.5283893525600434,0.6892746335268021
residual_v2,60,star_concave,96,private-source://routeA_experiments/data/prospective_ood_rd_hddm_alpha001_v2/star_concave/sample_0096.npz,7917e7c1d6f0406fa9182f86bd5be59e3098f4dcff79f5930d3877b0a1e63145,0.0074500939808785915,0.07485293571889692,0.5329593902901998,0.669750839471817,0.4052810072898863,0.5661245727539075
residual_v2,60,star_concave,97,private-source://routeA_experiments/data/prospective_ood_rd_hddm_alpha001_v2/star_concave/sample_0097.npz,7d62afce33a59e7363d7fc907585bfe008936306d94881e9a078db26dc18157a,0.008590395038481802,0.09854988383799618,0.5169854657873912,0.6024479269981384,0.40089282393455505,0.5000877380371094
residual_v2,60,star_concave,98,private-source://routeA_experiments/data/prospective_ood_rd_hddm_alpha001_v2/star_concave/sample_0098.npz,82c3fdcc10ce0484d81abe39a21224cfecabe860524345fd21840bdeb8f08905,0.008954702003393322,0.0616442407436398,0.4111528144696857,0.5306825637817383,0.35386598855257034,0.49999595731496815
residual_v2,60,star_concave,99,private-source://routeA_experiments/data/prospective_ood_rd_hddm_alpha001_v2/star_concave/sample_0099.npz,42899fd8a5f5a539afe710561c1d64b294124afd2a7fa4d6bfdc8dbb4cf853ae,0.007529170019552112,0.07612735116900234,0.39842014228863626,0.583702951669693,0.3693549335002894,0.5251373434066776
residual_v2,60,star_concave,100,private-source://routeA_experiments/data/prospective_ood_rd_hddm_alpha001_v2/star_concave/sample_0100.npz,b2799e0a19e65139cf29cb348720c12f52c75ee9aecd3d993b39ffd6d77a7136,0.00998054101364687,0.10437361419906141,0.6543421596873823,0.7832239270210266,0.5249043375253674,0.6954858517646793
residual_v2,60,star_concave,101,private-source://routeA_experiments/data/prospective_ood_rd_hddm_alpha001_v2/star_concave/sample_0101.npz,77f5771f7fb6794527efaea4da878ab24f6c10142a63483a9d2d7d0cc360d2d1,0.00915496697416529,0.06729399846667465,0.35164668298200635,0.48891574144363403,0.302116721868515,0.4071554720401764
residual_v2,60,star_concave,102,private-source://routeA_experiments/data/prospective_ood_rd_hddm_alpha001_v2/star_concave/sample_0102.npz,7809a5edfb14edaf519c2b3af3950525a2e8c8a8afca6a8cd20dad8cca2ff262,0.007780979038216174,0.10281861335422515,0.6902125014505088,0.8676230907440186,0.5251705497503281,0.7210832685232162
residual_v2,60,star_concave,103,private-source://routeA_experiments/data/prospective_ood_rd_hddm_alpha001_v2/star_concave/sample_0103.npz,1e622b0f01095983080bae30dd0105f2b63383dbb92566dee14bdc6b21842e3a,0.009602842037566006,0.08886440125113843,0.622076447782012,0.733890175819397,0.4781229615211486,0.6890792155265808
residual_v2,60,star_concave,104,private-source://routeA_experiments/data/prospective_ood_rd_hddm_alpha001_v2/star_concave/sample_0104.npz,a586ef53200f2a2874d0bec4d38d819164ee1ad51b9a31172756a0acac53eb4f,0.007610230008140206,0.08481086286005964,0.5690001697960916,0.7034523487091064,0.46697364747524256,0.6524866008758543
residual_v2,60,star_concave,105,private-source://routeA_experiments/data/prospective_ood_rd_hddm_alpha001_v2/star_concave/sample_0105.npz,fbe036f3ba7e29c58ad15958277e4f0a631d9dbe9c9738a712d0e120979da252,0.008965570013970137,0.08426584591535313,0.4962131356344785,0.6626797020435333,0.43440430015325543,0.5779711866378784
residual_v2,60,star_concave,106,private-source://routeA_experiments/data/prospective_ood_rd_hddm_alpha001_v2/star_concave/sample_0106.npz,77ee446c4ec99eb4a4a69271d7442b40755008e0ba89f52f06102e4951fdcc97,0.009110650978982449,0.08569864120059573,0.6121782425562334,0.7665782570838928,0.47607629746198565,0.6926098135113715
residual_v2,60,star_concave,107,private-source://routeA_experiments/data/prospective_ood_rd_hddm_alpha001_v2/star_concave/sample_0107.npz,9909df5b2c8cb43975e27322a09dd30924b8b2486f3909f2d4c0263e6a420e1d,0.008444670995231718,0.09319832067428974,0.6720397643524595,0.8229182362556458,0.506069976091384,0.7626669627428053
residual_v2,60,star_concave,108,private-source://routeA_experiments/data/prospective_ood_rd_hddm_alpha001_v2/star_concave/sample_0108.npz,f14296487a120c18b86ed5166d56b76a1092cb2d50d54253bdd3df784730f435,0.008516261994373053,0.09583438587341916,0.6367595509575269,0.7488973736763,0.5314224362373352,0.6748146891593934
residual_v2,60,star_concave,109,private-source://routeA_experiments/data/prospective_ood_rd_hddm_alpha001_v2/star_concave/sample_0109.npz,5efae8b79d62692fd4d6c11d4acd9743008b0f6f1cfb22f8da84314c1ee13027,0.008516367000993341,0.06598912683912546,0.35255334598823,0.5083025395870209,0.28404366970062256,0.4108266282081604
residual_v2,60,star_concave,110,private-source://routeA_experiments/data/prospective_ood_rd_hddm_alpha001_v2/star_concave/sample_0110.npz,6bee368483186df489d00f012aa97037205449bd3f079d246194cff1b1db79de,0.008789371000602841,0.07039210513896267,0.4685571344903568,0.6040744185447693,0.3412595748901367,0.5511693471670152
residual_v2,60,star_concave,111,private-source://routeA_experiments/data/prospective_ood_rd_hddm_alpha001_v2/star_concave/sample_0111.npz,fd36365012b8b08fa6dc5f679418b95a812fb25fcf02da8f8a2d78a1da20b90c,0.008730194007512182,0.0818134290337618,0.4794771484230163,0.5706436932086945,0.34697128683328643,0.5050727260112764
residual_v2,60,star_concave,112,private-source://routeA_experiments/data/prospective_ood_rd_hddm_alpha001_v2/star_concave/sample_0112.npz,b196163e725c5f13e063b03c2f311a38a83498677188bbaf9ac548c04137ff1d,0.00877750403014943,0.07411178496490237,0.5420689912001577,0.6777908802032471,0.4325538128614425,0.6195624101161954
residual_v2,60,star_concave,113,private-source://routeA_experiments/data/prospective_ood_rd_hddm_alpha001_v2/star_concave/sample_0113.npz,7658116c35833629bbbdd3be7ac254197c8b3f70373a5754e1852a1c944adc54,0.006782593030948192,0.06767835187365909,0.32479999820977906,0.4214853346347809,0.2714631170034406,0.34329182982444745
residual_v2,60,star_concave,114,private-source://routeA_experiments/data/prospective_ood_rd_hddm_alpha001_v2/star_concave/sample_0114.npz,8f464174cd05f745a11b44e72ec62293d308f5bfee0b7c4c97ee27afabc9bf12,0.007909883977845311,0.07639007743688567,0.44719299135676455,0.5464833974838257,0.3656092286109924,0.455932914018631
residual_v2,60,star_concave,115,private-source://routeA_experiments/data/prospective_ood_rd_hddm_alpha001_v2/star_concave/sample_0115.npz,55f49c70429cd725bd076dc190ba781d383feb5f68c35cbb727215adf3ca2cec,0.006712506990879774,0.0835362870299315,0.7042544390552664,0.8792828917503357,0.5069480419158936,0.7996795856952666
residual_v2,60,star_concave,116,private-source://routeA_experiments/data/prospective_ood_rd_hddm_alpha001_v2/star_concave/sample_0116.npz,33ab98c78fdf1aa6324852fc2a61462352f31e540635776c19a0a5cb1b72349f,0.00838559097610414,0.05703754816732394,0.2918857567307494,0.4382895827293396,0.2585190236568451,0.35334151089191396
residual_v2,60,star_concave,117,private-source://routeA_experiments/data/prospective_ood_rd_hddm_alpha001_v2/star_concave/sample_0117.npz,63ca60b899abf7eb56048e8d86ac5f797ba727942040871be466de9220f807c3,0.008289001998491585,0.07784150274449506,0.6191344135432865,0.7513849139213562,0.47066688537597656,0.6687778711318954
residual_v2,60,star_concave,118,private-source://routeA_experiments/data/prospective_ood_rd_hddm_alpha001_v2/star_concave/sample_0118.npz,5e1445f7a185641f6adb0d6871fb8cbda8664f8551f637d8f69b41e8462db0b1,0.008365457004401833,0.08838884581497494,0.5920723410599057,0.706881195306778,0.4683021605014801,0.6182245206832884
residual_v2,60,star_concave,119,private-source://routeA_experiments/data/prospective_ood_rd_hddm_alpha001_v2/star_concave/sample_0119.npz,781b03ef3e3e9f67cd090b7ccee86f87669c7a22a2e3aa0b82e4560d2b21820f,0.008087946975138038,0.07200154420819663,0.5847329357015233,0.6727412939071655,0.41377852410078036,0.614608916342258
residual_v2,60,star_concave,120,private-source://routeA_experiments/data/prospective_ood_rd_hddm_alpha001_v2/star_concave/sample_0120.npz,476685abe2472a157969c1f5a839fe7f1aded68fd5977ece1881cb5d6ed61345,0.007559439982287586,0.07239783801966954,0.48307285786697063,0.6212752759456635,0.358021093904972,0.5677329367399214
residual_v2,60,star_concave,121,private-source://routeA_experiments/data/prospective_ood_rd_hddm_alpha001_v2/star_concave/sample_0121.npz,d44dd313ef06efdc53842cbcd25e7c94f8002b26269a8d974d6b4e2189c7cf49,0.006339607003610581,0.07180764762260573,0.45294274167384746,0.5936659872531891,0.3370455503463745,0.5016444206237793
residual_v2,60,star_concave,122,private-source://routeA_experiments/data/prospective_ood_rd_hddm_alpha001_v2/star_concave/sample_0122.npz,7c749504b1437233839eacfc2c94c00613d75381374e8f1ac33b9197daf4612f,0.008489739033393562,0.09168437381125775,0.6090016952408783,0.7227481007575989,0.5000272810459134,0.6942566418647766
residual_v2,60,star_concave,123,private-source://routeA_experiments/data/prospective_ood_rd_hddm_alpha001_v2/star_concave/sample_0123.npz,2f7b8f1084aa65d36f64bdfd0ad63dba1070e18b385551aaeeed4bd3345d07eb,0.008771073014941067,0.0823184866260265,0.6121113067747435,0.7274513244628906,0.48346899151802064,0.6456647682189941
residual_v2,60,star_concave,124,private-source://routeA_experiments/data/prospective_ood_rd_hddm_alpha001_v2/star_concave/sample_0124.npz,ee8cc9c9780afa5d2b0a24922a73005506c2939875b3c50b69bf8b4fb4097be6,0.007433540013153106,0.09252404764381822,0.5954686783279574,0.6528982520103455,0.50954050719738,0.6283090841770171
residual_v2,60,star_concave,125,private-source://routeA_experiments/data/prospective_ood_rd_hddm_alpha001_v2/star_concave/sample_0125.npz,95c3cac8c54fe43f20a59431a44f07cf020825ee735ba75cd2bc048b4c3859ba,0.008249195001553744,0.08247163133451954,0.6194186492843732,0.7939834594726562,0.4033081904053689,0.6838165855407712
residual_v2,60,star_concave,126,private-source://routeA_experiments/data/prospective_ood_rd_hddm_alpha001_v2/star_concave/sample_0126.npz,92785828d21aa7474cbb2eead5c468fc662d8408973e402dbf64a5491b7aa6d3,0.008258783025667071,0.0616781896745166,0.2722996051038554,0.3556111454963684,0.21663563251495366,0.27795159816741943
residual_v2,60,star_concave,127,private-source://routeA_experiments/data/prospective_ood_rd_hddm_alpha001_v2/star_concave/sample_0127.npz,6240432158188c6377d1af044607ddc0d26482f74bd3ca875898f7064546cc93,0.008875294995959848,0.07120717091379834,0.5228775930595322,0.6752910017967224,0.4127187281846996,0.6000533187389372
residual_v2,60,star_concave,128,private-source://routeA_experiments/data/prospective_ood_rd_hddm_alpha001_v2/star_concave/sample_0128.npz,0b59ec75f4c8496864064dfb32ae8a9d4126678dbd85fe5bd0591e5216f96aad,0.008154082985129207,0.07630533924641937,0.3815023969956221,0.5045284926891327,0.31028201580047593,0.41061328649520895
residual_v2,60,star_concave,129,private-source://routeA_experiments/data/prospective_ood_rd_hddm_alpha001_v2/star_concave/sample_0129.npz,490cffc887e2ec71d5a39def540ee809507583f309dc44b073e953a6e4be1aae,0.009619902994018048,0.07063143251978844,0.4306766356787561,0.5496723651885986,0.36797802448272726,0.4903404358029365
residual_v2,60,star_concave,130,private-source://routeA_experiments/data/prospective_ood_rd_hddm_alpha001_v2/star_concave/sample_0130.npz,4d1e8d96d7fcb07225ed2c80819afd45bed479d7b0276561f62b212b99b225f9,0.008536535024177283,0.06420313967040271,0.35951683657636285,0.431965708732605,0.29682320952415464,0.39913237690925596
residual_v2,60,star_concave,131,private-source://routeA_experiments/data/prospective_ood_rd_hddm_alpha001_v2/star_concave/sample_0131.npz,e67f5f3314eb9639b1a29bc2cf34e4154f8c3a4c6aa5b1e046f23015f1913345,0.007792269985657185,0.07871834932409266,0.5460978101988948,0.7103842198848724,0.4217154204845426,0.6568463170528415
residual_v2,60,star_concave,132,private-source://routeA_experiments/data/prospective_ood_rd_hddm_alpha001_v2/star_concave/sample_0132.npz,efbafa19d305c98c4298b184f17160dd263aea854458f681e045011684a4500f,0.007501271029468626,0.10455757173772577,0.7103927513335098,0.8016147017478943,0.5461955979466439,0.7312242019176483
residual_v2,60,star_concave,133,private-source://routeA_experiments/data/prospective_ood_rd_hddm_alpha001_v2/star_concave/sample_0133.npz,ac5b59374058467ba8a0e8d1038c302b291ebfe33dddcefd3485c09e5e9db034,0.00946978700812906,0.0789520632138173,0.4780607797836752,0.6648378968238831,0.3951760530471802,0.5813665390014651
residual_v2,60,star_concave,134,private-source://routeA_experiments/data/prospective_ood_rd_hddm_alpha001_v2/star_concave/sample_0134.npz,698cdfaf758c0ce8534b7887fe5c24d821ec04157ead34e39f7d1688a4d1fee6,0.009442715032491833,0.10474256767667266,0.6125071330443729,0.7056772112846375,0.5402987658977506,0.6544054645299912
residual_v2,60,star_concave,135,private-source://routeA_experiments/data/prospective_ood_rd_hddm_alpha001_v2/star_concave/sample_0135.npz,0d0c4a18379290c731fed21f2627bb012972aa932a5c0fa3600440ca617362f5,0.00965673301834613,0.08264007956704297,0.5132754155104804,0.6654504537582397,0.43016214370727546,0.546386011838913
residual_v2,60,star_concave,136,private-source://routeA_experiments/data/prospective_ood_rd_hddm_alpha001_v2/star_concave/sample_0136.npz,a21474628f5ea2e01e6c6c31400fa79e80f00f083e5762d1d2ec8da62832bf51,0.009325162973254919,0.07640041586667184,0.5076681286726886,0.6291555762290955,0.40214089304208755,0.5465974733233452
residual_v2,60,star_concave,137,private-source://routeA_experiments/data/prospective_ood_rd_hddm_alpha001_v2/star_concave/sample_0137.npz,32270c08d5c4d02df1b251216ac2ec68396e8de703996d34c566047242ecf071,0.007967086974531412,0.08559486584100187,0.7200560485151728,0.8219828605651855,0.38700289428234036,0.7059225308895106
residual_v2,60,star_concave,138,private-source://routeA_experiments/data/prospective_ood_rd_hddm_alpha001_v2/star_concave/sample_0138.npz,56a5ba648e8989fd8e4fc2b097d1cf6bbd55365822d1df293d231a02772f474f,0.00841686804778874,0.06255152797297064,0.4545132980094275,0.6329707503318787,0.3433893322944641,0.5763785839080813
residual_v2,60,star_concave,139,private-source://routeA_experiments/data/prospective_ood_rd_hddm_alpha001_v2/star_concave/sample_0139.npz,50a825fb9f6a3ca2a14f234f813b84e2393c4954818d874df32d742dd2c44f7b,0.007385553966742009,0.08965985091459742,0.567967334027945,0.6609318852424622,0.4619989454746246,0.6132493084669114
residual_v2,60,star_concave,140,private-source://routeA_experiments/data/prospective_ood_rd_hddm_alpha001_v2/star_concave/sample_0140.npz,6eed5033eeb5de188451d9e26ad8eacf53f167e16caf0c850f271c37e72a7343,0.009394450986292213,0.057003231024203384,0.3357308670309859,0.5429194569587708,0.29036226868629456,0.40159620046615585
residual_v2,60,star_concave,141,private-source://routeA_experiments/data/prospective_ood_rd_hddm_alpha001_v2/star_concave/sample_0141.npz,a907cd099a64c8511634df9793e5009356b21e455167b82fc179a582273ad2e0,0.009999251982662827,0.05875264649443304,0.2727805238901601,0.39370816946029663,0.2246893987059594,0.3001158452033997
residual_v2,60,star_concave,142,private-source://routeA_experiments/data/prospective_ood_rd_hddm_alpha001_v2/star_concave/sample_0142.npz,c351df90c2012fee03b759f7e74a2cc328cbd5e58c5ca8cb337cbb12147212f7,0.00954969902522862,0.07909140639404906,0.4878261054509399,0.6258139908313751,0.4230376034975052,0.54629280269146
residual_v2,60,star_concave,143,private-source://routeA_experiments/data/prospective_ood_rd_hddm_alpha001_v2/star_concave/sample_0143.npz,098448b2527ae0bc73253fde5c87522c791cf59537cba8edcd6d7caf1b4e6865,0.009251451992895454,0.08776308241180086,0.8425269795215715,0.9274139404296875,0.4528798624873161,0.8056216895580289
residual_v2,60,star_concave,144,private-source://routeA_experiments/data/prospective_ood_rd_hddm_alpha001_v2/star_concave/sample_0144.npz,36e501d5cd401896953395e689dd63829d255ca199339df9d550472e654739f2,0.007591099012643099,0.08304429602127077,0.44255661113350153,0.6855190694332123,0.36573282778263094,0.5559593349695205
residual_v2,60,star_concave,145,private-source://routeA_experiments/data/prospective_ood_rd_hddm_alpha001_v2/star_concave/sample_0145.npz,0ad05974dcc3a0058ef1c0d09bc6dac91b0ff378c5f5b05dd51a53e776b533f1,0.009670268977060914,0.10047084262500518,0.7169409819262649,0.8408688902854919,0.563302643597126,0.7603800743818283
residual_v2,60,star_concave,146,private-source://routeA_experiments/data/prospective_ood_rd_hddm_alpha001_v2/star_concave/sample_0146.npz,04fe2315b6738e155a6f486405ee2732ffd869607809f609396295991e3da6ca,0.008202338998671621,0.07886554677275512,0.6645151232866754,0.7905465960502625,0.4597159624099721,0.7080869460105895
residual_v2,60,star_concave,147,private-source://routeA_experiments/data/prospective_ood_rd_hddm_alpha001_v2/star_concave/sample_0147.npz,9bf550380294c2bbc3282540dbb56f5b988b488b234567a6ee8ced872a31ed48,0.008260011032689363,0.09618941561549282,0.6602248332732351,0.8116578757762909,0.5253321439027787,0.7113230401277543
residual_v2,60,star_concave,148,private-source://routeA_experiments/data/prospective_ood_rd_hddm_alpha001_v2/star_concave/sample_0148.npz,a001adad8040c93bc67319afa17cd043927ab409b2e313f15a99d6459047bba9,0.007414888008497655,0.08473941716513304,0.4914633170149461,0.6689263582229614,0.39314499795436836,0.5604327797889715
residual_v2,60,star_concave,149,private-source://routeA_experiments/data/prospective_ood_rd_hddm_alpha001_v2/star_concave/sample_0149.npz,b1137e6b1881fb85aa272787edec47cc66bdc286b602033c5c62eca8ca8eb42f,0.006668875052127987,0.07967564935494187,0.6123705896401125,0.7271664142608643,0.4478547394275667,0.6816301357746125
residual_v2,60,star_concave,150,private-source://routeA_experiments/data/prospective_ood_rd_hddm_alpha001_v2/star_concave/sample_0150.npz,1a1346fbc7a0a6b7a450694616d1bed605f9aea6a06aa42f6b0fc13fc0c1b237,0.00882341800024733,0.06589668870161099,0.3139584753943023,0.47992947697639465,0.2661720752716065,0.39298904836177834
residual_v2,60,star_concave,151,private-source://routeA_experiments/data/prospective_ood_rd_hddm_alpha001_v2/star_concave/sample_0151.npz,0c37adba479d7c1e405d14ee8ca362906b22789dcd73cd0025cea686b9d5868f,0.006737507996149361,0.09378555003375111,0.6412617350584717,0.7531744241714478,0.5125961124897003,0.6844047617912291
residual_v2,60,star_concave,152,private-source://routeA_experiments/data/prospective_ood_rd_hddm_alpha001_v2/star_concave/sample_0152.npz,493bd2253a0889cc50e1ea615e373a8197fb7e27b206ad5689e02586553e761d,0.007204640016425401,0.059275381678356914,0.26040769370126937,0.31468749046325684,0.18873732537031174,0.26915657520294195
residual_v2,60,star_concave,153,private-source://routeA_experiments/data/prospective_ood_rd_hddm_alpha001_v2/star_concave/sample_0153.npz,ac82ba7a6e4d926236266e27b4eb944cfbb25cd0f65fa764d0c5b34ba6446fbc,0.007996262982487679,0.08807430899327642,0.5671032853506865,0.74164217710495,0.46198905706405635,0.6030544793605813
residual_v2,60,star_concave,154,private-source://routeA_experiments/data/prospective_ood_rd_hddm_alpha001_v2/star_concave/sample_0154.npz,5b375d8a82047d688b8f0bc6d7eda5883b59ffd29e73eda4a65465ff28977100,0.010161146987229586,0.08186775878098383,0.5656416584345267,0.6433016657829285,0.46715598106384265,0.6034474873542784
residual_v2,60,star_concave,155,private-source://routeA_experiments/data/prospective_ood_rd_hddm_alpha001_v2/star_concave/sample_0155.npz,c227feb4bc838ca459c2cdb6c2fe08d3c97cd3c54cb120325b6eb8829f0427da,0.008854197047185153,0.08846044843304386,0.5401172483243755,0.7018254995346069,0.4658696293830862,0.6022892439365382
residual_v2,60,star_concave,156,private-source://routeA_experiments/data/prospective_ood_rd_hddm_alpha001_v2/star_concave/sample_0156.npz,d7923a77a7cd74c3df6621aa963a43fdaad4ae9ab5641757571ff70cccab19c3,0.00794536602916196,0.09216424367447786,0.5820249944555793,0.7525070309638977,0.46089732348918927,0.6863364571332938
residual_v2,60,star_concave,157,private-source://routeA_experiments/data/prospective_ood_rd_hddm_alpha001_v2/star_concave/sample_0157.npz,bf1ed5ee95cebaaeec4337c10cbb37257a3764baccb51eb2db3b192c4b7f0705,0.00867684098193422,0.0950947207142723,0.6400191390064524,0.7324627339839935,0.5177941098809236,0.7077327239513398
residual_v2,60,star_concave,158,private-source://routeA_experiments/data/prospective_ood_rd_hddm_alpha001_v2/star_concave/sample_0158.npz,2d48518d53f1d4302822bc23c36b8e9a725fccad2e348f481c1965dc1fd043e7,0.008299937995616347,0.1024970277983669,0.6184850867549649,0.760823667049408,0.5118171274662018,0.6935304254293442
residual_v2,60,star_concave,159,private-source://routeA_experiments/data/prospective_ood_rd_hddm_alpha001_v2/star_concave/sample_0159.npz,afeaff165894f7669804972e11c2e6e7574a89f195a0fedaba5dcc77e4915143,0.008167352003511041,0.0911408658603808,0.6837323026079964,0.7993106842041016,0.4713951647281645,0.6996437358856212
residual_v2,60,star_concave,160,private-source://routeA_experiments/data/prospective_ood_rd_hddm_alpha001_v2/star_concave/sample_0160.npz,93d98230e4954693c935e7b6a7af76c2fa25aefb83d1da6027d6e69f2937d6be,0.007615451992023736,0.08399104092513922,0.547166687919336,0.6330228447914124,0.436821746826172,0.5906449723243713
residual_v2,60,star_concave,161,private-source://routeA_experiments/data/prospective_ood_rd_hddm_alpha001_v2/star_concave/sample_0161.npz,00e0f59193a483fa4f91a44aba4dc7a7d193df42292ed52da041457e2e87fce9,0.009437058994080871,0.08351072273529807,0.4421318887824623,0.5874014794826508,0.3729561045765877,0.5470070153474811
residual_v2,60,star_concave,162,private-source://routeA_experiments/data/prospective_ood_rd_hddm_alpha001_v2/star_concave/sample_0162.npz,73adab284c949cf7286e1d55e2f7271f8e574888733c538e9bd6c7126210d7dc,0.00952206103829667,0.08085713457950798,0.5173343686857392,0.7101397514343262,0.39076573550701127,0.602109570801258
residual_v2,60,star_concave,163,private-source://routeA_experiments/data/prospective_ood_rd_hddm_alpha001_v2/star_concave/sample_0163.npz,62f2fdf3ad685d63e6744d4c87f1be77f5f4f173f3ac97973519283437aec8be,0.0086162940133363,0.06241746001909958,0.32948685826963037,0.4606490731239319,0.2876241922378539,0.3921393585205085
residual_v2,60,star_concave,164,private-source://routeA_experiments/data/prospective_ood_rd_hddm_alpha001_v2/star_concave/sample_0164.npz,9d5ca7a47c569f8001da60474a5d5cd6410704b0b88a94c1bbb617a3ff070b6f,0.007997638953384012,0.05727692453956802,0.3062322203143202,0.42067623138427734,0.23261660337448123,0.33411217331886245
residual_v2,60,star_concave,165,private-source://routeA_experiments/data/prospective_ood_rd_hddm_alpha001_v2/star_concave/sample_0165.npz,29665dc936a4f0885b352ba542d5b84c26ef8365b7471657a0b18a6199a4ec20,0.009597392054274678,0.08324274332914813,0.7590651810519683,0.878890872001648,0.5234879121184347,0.7640323197841653
residual_v2,60,star_concave,166,private-source://routeA_experiments/data/prospective_ood_rd_hddm_alpha001_v2/star_concave/sample_0166.npz,cc601404792128ea7fb0b9e382daf4044b16752726051d33d189af92b63e9219,0.006986208958551288,0.09483808744396738,0.672340185518428,0.794670820236206,0.4955014050006865,0.705003700256348
residual_v2,60,star_concave,167,private-source://routeA_experiments/data/prospective_ood_rd_hddm_alpha001_v2/star_concave/sample_0167.npz,9fee3ab4e68d3386753b768109d90049f0d9ab17092f3bad0ae4e29e01fdff2e,0.008528082980774343,0.10958532001943908,0.691758008399903,0.8403092622756958,0.579047217965126,0.7599500715732563
residual_v2,60,star_concave,168,private-source://routeA_experiments/data/prospective_ood_rd_hddm_alpha001_v2/star_concave/sample_0168.npz,5b47765a6290b94b7d7ff73de6aabe979deba65e29f667e2494d93f1fe8e4c53,0.008624372014310211,0.09032284474866642,0.6764867959439451,0.8186889290809631,0.4698679596185684,0.7241891384124747
residual_v2,60,star_concave,169,private-source://routeA_experiments/data/prospective_ood_rd_hddm_alpha001_v2/star_concave/sample_0169.npz,67bb298709d810bd66de79e3e631cbfe3470c51d81de1358148a67ea69a6734a,0.008463012985885143,0.0803986359805036,0.44959672963262787,0.561912328004837,0.3699712216854096,0.4854522299766537
residual_v2,60,star_concave,170,private-source://routeA_experiments/data/prospective_ood_rd_hddm_alpha001_v2/star_concave/sample_0170.npz,ea79ed68e7fcbed7d4821fb08f6d31cd221c7d535e9e6e347dbabbc6c225268f,0.007698934990912676,0.06625096016467825,0.3784234565745725,0.5967231392860413,0.2974301934242249,0.5062829673290251
residual_v2,60,star_concave,171,private-source://routeA_experiments/data/prospective_ood_rd_hddm_alpha001_v2/star_concave/sample_0171.npz,4dce99e393c3f3aeec70b32543086cd0503997a3c73bb6088a2ea5028ddb609e,0.008600665023550391,0.07833085908981048,0.3455669973501856,0.4469979852437973,0.2763436883687973,0.3757844291627409
residual_v2,60,star_concave,172,private-source://routeA_experiments/data/prospective_ood_rd_hddm_alpha001_v2/star_concave/sample_0172.npz,95062a2be872adfe3d433448a364573f1dcc6d23c46c7283098e1ff3266aa2cb,0.007553606992587447,0.07183484542609635,0.4004146913898374,0.5012654960155487,0.33077993988990784,0.44313196539878846
residual_v2,60,star_concave,173,private-source://routeA_experiments/data/prospective_ood_rd_hddm_alpha001_v2/star_concave/sample_0173.npz,f973c30b18b35d7e13fca880aa62b6d77b406606fa79bcf4e05ea9a183aaf747,0.009458997985348105,0.0915619737921977,0.6708717365904852,0.7193276286125183,0.5096211731433868,0.6778031513094902
residual_v2,60,star_concave,174,private-source://routeA_experiments/data/prospective_ood_rd_hddm_alpha001_v2/star_concave/sample_0174.npz,da423e7fb1017a419fd9e39c9877f0fe4936a8ade7a8744fb4d05f24020d1525,0.007307182997465134,0.07134696980689258,0.3444758370718203,0.41639038920402527,0.26724108457565293,0.3594291269779204
residual_v2,60,star_concave,175,private-source://routeA_experiments/data/prospective_ood_rd_hddm_alpha001_v2/star_concave/sample_0175.npz,be6a60f58fa788e5509f48f70ce14bcccc9e8f4e06b149f5ea02f032e86a0c01,0.007898769981693476,0.0816818283166149,0.5675839473819196,0.6793898344039917,0.4321167320013046,0.5895207583904271
residual_v2,60,star_concave,176,private-source://routeA_experiments/data/prospective_ood_rd_hddm_alpha001_v2/star_concave/sample_0176.npz,8bca2d2f749dcf57abe9c29c0e66817254b5dd336a1895b563295dbe661c1ac8,0.008636068960186094,0.09070388014307189,0.6654957781655636,0.7865685224533081,0.507882297039032,0.7397327780723574
residual_v2,60,star_concave,177,private-source://routeA_experiments/data/prospective_ood_rd_hddm_alpha001_v2/star_concave/sample_0177.npz,c146dae9f67d3f4d0626465827bfbba0af9e30abda534b39cabbf5dc3afd7c2b,0.009323965001385659,0.08249771931392225,0.6392159358089156,0.8258543014526367,0.3949253559112549,0.6899901032447828
residual_v2,60,star_concave,178,private-source://routeA_experiments/data/prospective_ood_rd_hddm_alpha001_v2/star_concave/sample_0178.npz,567152031c4a0bb7383960f1716de7f47aaa09e1c18c4a8edc5894592a36008b,0.007562756014522165,0.10309434931341305,0.6861868448089292,0.7811241149902344,0.5591161102056506,0.7329393112659456
residual_v2,60,star_concave,179,private-source://routeA_experiments/data/prospective_ood_rd_hddm_alpha001_v2/star_concave/sample_0179.npz,c19450a9dbc614eb8e816ca15caa11f305314c88880e41a46b7a06a76270e9ef,0.007092415995430201,0.09424838585375714,0.7039332082567453,0.8104973435401917,0.5018064677715302,0.7355491638183597
residual_v2,60,star_concave,180,private-source://routeA_experiments/data/prospective_ood_rd_hddm_alpha001_v2/star_concave/sample_0180.npz,979feb1dc5c9097d8b179d7c9936fa43ca9a7ad06aef8e9ddfd57ec83d56543b,0.00887321901973337,0.07493459288000077,0.4131658101732142,0.5740743577480316,0.3606882318854332,0.49317937344312646
residual_v2,60,star_concave,181,private-source://routeA_experiments/data/prospective_ood_rd_hddm_alpha001_v2/star_concave/sample_0181.npz,9c2177662c7e7706987e5b9fc840e754df3531627695145c95cb0168891b0ec3,0.007196859980467707,0.08922415181995941,0.6750446212617849,0.8068749308586121,0.5079783350229263,0.7175455898046491
residual_v2,60,star_concave,182,private-source://routeA_experiments/data/prospective_ood_rd_hddm_alpha001_v2/star_concave/sample_0182.npz,8e1f45388232b975857cf0eb5e800633511cd0fdc84fcac39506fd7ab06dd0ea,0.0061927439528517425,0.08161824023052638,0.6994646053136122,0.797356903553009,0.40016651153564453,0.7514153003692623
residual_v2,60,star_concave,183,private-source://routeA_experiments/data/prospective_ood_rd_hddm_alpha001_v2/star_concave/sample_0183.npz,f6af694d75d001d3c452801ea94aa82b47a2951f62861ba1a2885df85ec62b14,0.008934861980378628,0.08320773824080482,0.3903238334919886,0.5461421608924866,0.3065028339624405,0.4438796639442444
residual_v2,60,star_concave,184,private-source://routeA_experiments/data/prospective_ood_rd_hddm_alpha001_v2/star_concave/sample_0184.npz,80d8e656007fb51095a1c187bc0dabfc69020fb316baf6af22ca45bdd6eedb55,0.00872096698731184,0.09832539909386695,0.6660036051514887,0.8015432357788086,0.5289904847741127,0.7244689792394637
residual_v2,60,star_concave,185,private-source://routeA_experiments/data/prospective_ood_rd_hddm_alpha001_v2/star_concave/sample_0185.npz,b5b247991e1e38b65af33f6e252ad30525ed1c2bb81d00bb8d67895a71fe25cc,0.00898269796743989,0.09103273268387232,0.6933199427562151,0.796821117401123,0.4861162364482879,0.7319823962450024
residual_v2,60,star_concave,186,private-source://routeA_experiments/data/prospective_ood_rd_hddm_alpha001_v2/star_concave/sample_0186.npz,9cb3e8ed6dd35a1f1bd2884d7ccc37720ce91f97c87bb62db2bc7319ed7fa9ce,0.0069091630284674466,0.08108466873993189,0.5265438980232359,0.5964175164699554,0.4171997085213658,0.5619570371508599
residual_v2,60,star_concave,187,private-source://routeA_experiments/data/prospective_ood_rd_hddm_alpha001_v2/star_concave/sample_0187.npz,b8a01e68369ac0ae2301cde85ae4523b06b6f852ccb68151c27e7b7a2e264805,0.008803672972135246,0.04763105815058918,0.2625857033182459,0.416509747505188,0.20447088778018951,0.32380057573318516
residual_v2,60,star_concave,188,private-source://routeA_experiments/data/prospective_ood_rd_hddm_alpha001_v2/star_concave/sample_0188.npz,402356ecf909dc7f80ce7a4fb74b2796d69e54097bc2e4bf1d0affd48a478691,0.007811016985215247,0.07329062384870505,0.4110918636224422,0.5536584854125977,0.35071777105331364,0.49049275338649756
residual_v2,60,star_concave,189,private-source://routeA_experiments/data/prospective_ood_rd_hddm_alpha001_v2/star_concave/sample_0189.npz,5d3af4e72fcbfb55abad2633b7b50c6ff1698d6149444cbb224faeb9fb80f7e1,0.008628211973700672,0.09496599051943048,0.5774815914733412,0.7040289640426636,0.48893599510192864,0.6523027068376541
residual_v2,60,star_concave,190,private-source://routeA_experiments/data/prospective_ood_rd_hddm_alpha001_v2/star_concave/sample_0190.npz,64ee3e78ef955d620e48dfc0c0575b217089daaeb07f6fd6b698b494d20cdc97,0.010007090982981026,0.07015895266053244,0.5235237788268855,0.6905393600463867,0.3746710658073432,0.5852000075578685
residual_v2,60,star_concave,191,private-source://routeA_experiments/data/prospective_ood_rd_hddm_alpha001_v2/star_concave/sample_0191.npz,6b6e2f1ef2a5225659b22dd222cfdeb623e3a9d34d146460b1201ec2c58ac5f2,0.0073792479815892875,0.10376596064296201,0.6787884770641696,0.8166220188140869,0.5741763412952423,0.7499288797378537
residual_v2,60,star_concave,192,private-source://routeA_experiments/data/prospective_ood_rd_hddm_alpha001_v2/star_concave/sample_0192.npz,81e07c354e8b9090deac2dd659d673aa62dcc492675457e68850919289c02ee1,0.009303221013396978,0.07650509686471356,0.5825323298265951,0.7227568626403809,0.42528365850448613,0.6219614744186401
residual_v2,60,star_concave,193,private-source://routeA_experiments/data/prospective_ood_rd_hddm_alpha001_v2/star_concave/sample_0193.npz,2a055578d35dbeaf6f9777c70db61a17e59b21e0e089c4b73fe73fc8f30ee5c9,0.009060429991222918,0.0880271107997305,0.6722270315202503,0.7881702184677124,0.4908299028873444,0.7098819869756697
residual_v2,60,star_concave,194,private-source://routeA_experiments/data/prospective_ood_rd_hddm_alpha001_v2/star_concave/sample_0194.npz,015bc47bb4c5ba3f27b05a1792fbb44af4337d85c98d106323f3d69d268d8c7a,0.007932228967547417,0.08532625449185384,0.6567205148308741,0.7909042239189148,0.48658645153045654,0.7246778607368467
residual_v2,60,star_concave,195,private-source://routeA_experiments/data/prospective_ood_rd_hddm_alpha001_v2/star_concave/sample_0195.npz,4dc63967e6d5bcb0dad8dc928ac1c21ef324161440414cdd69f8fa0670c5622c,0.009013634989969432,0.07847086356516157,0.5711370082506139,0.6854549944400787,0.3836149960756299,0.6270920872688293
residual_v2,60,star_concave,196,private-source://routeA_experiments/data/prospective_ood_rd_hddm_alpha001_v2/star_concave/sample_0196.npz,98c3c846abd7760ff75322a10ea69cbcf64050b1920000f30ac9ddef03a582bf,0.006490425032097846,0.07615890149745821,0.5634246930449782,0.6930995583534241,0.4348043262958526,0.632257440686225
residual_v2,60,star_concave,197,private-source://routeA_experiments/data/prospective_ood_rd_hddm_alpha001_v2/star_concave/sample_0197.npz,5b762b3e30b125a39b0866174933e4f32d3c35f9dd054ae1cb4d4c37788ff8d7,0.008530851046089083,0.08434863155766734,0.4128859559211874,0.5889822542667389,0.36049823462963104,0.48611658811569214
residual_v2,60,star_concave,198,private-source://routeA_experiments/data/prospective_ood_rd_hddm_alpha001_v2/star_concave/sample_0198.npz,f1d5bb05bec2186640d91bfa3cdc67b166bd2952867a20a2796076984771c3e5,0.006632114003878087,0.050492107030119596,0.21951833166836845,0.345020592212677,0.1796913027763367,0.27346045255661033
residual_v2,60,star_concave,199,private-source://routeA_experiments/data/prospective_ood_rd_hddm_alpha001_v2/star_concave/sample_0199.npz,24e273c05359ecf1670b3cd5ef34d49ef6c28ef523b55d61e6ff7b4dfcb1f389,0.008789489977061749,0.09924350791289442,0.5712916980978111,0.7070105075836182,0.4829606622457502,0.6694343149662018
