model,training_seed,shape,sample_id,sample_file,sample_sha256,inference_seconds,mae,relative_l2,max_abs_error,p95_abs_error,p99_abs_error
residual_v2,52,polygonal_holes,0,private-source://routeA_experiments/data/prospective_ood_rd_hddm_alpha001_v2/polygonal_holes/sample_0000.npz,2813ec3127ac6b2d6e5ea2bdec57dc3842288d486f16a3ac630d975e79544104,0.0070552200195379555,0.05151046649055732,0.9155706097400241,0.97512087225914,0.2663170475512742,0.7307570718228816
residual_v2,52,polygonal_holes,1,private-source://routeA_experiments/data/prospective_ood_rd_hddm_alpha001_v2/polygonal_holes/sample_0001.npz,9d77838f7901837e5e6668df3993510bb8ecebaae9c24dafd7c33dd27713ca91,0.006261736038140953,0.052359358462630325,0.5847667460626266,0.7450054585933685,0.35346655845642083,0.5918022426962852
residual_v2,52,polygonal_holes,2,private-source://routeA_experiments/data/prospective_ood_rd_hddm_alpha001_v2/polygonal_holes/sample_0002.npz,64d684a0c62d3af4e0e79525c5a8144d60264714c3b90c3683941cb3669199db,0.007054794987197965,0.061163151032183,0.7724286440131343,0.8568945378065109,0.3116970598697662,0.7456012906134128
residual_v2,52,polygonal_holes,3,private-source://routeA_experiments/data/prospective_ood_rd_hddm_alpha001_v2/polygonal_holes/sample_0003.npz,cee6732562ef0f85cfd1d4207fb826b90bc31335f8fdf22bc7991a2b2d3e3818,0.006424693972803652,0.036923719049480545,0.3412545933808347,0.4037415087223053,0.19572633132338524,0.2957614013552666
residual_v2,52,polygonal_holes,4,private-source://routeA_experiments/data/prospective_ood_rd_hddm_alpha001_v2/polygonal_holes/sample_0004.npz,f922f8aa230eb7f988651778a187a8f75ff947a239987aa900cd3c050a887ec0,0.007048206985928118,0.06432729708284657,0.8254235138715369,0.905584990978241,0.3961426764726636,0.731703000664711
residual_v2,52,polygonal_holes,5,private-source://routeA_experiments/data/prospective_ood_rd_hddm_alpha001_v2/polygonal_holes/sample_0005.npz,7aa5ae995dda3a749c78e6b8b3aff037f07301dbda012f49af7c1983a95fd554,0.006260592956095934,0.05939019851435731,1.0921958557917932,0.9750312566757202,0.2613289409317076,0.6701075883209704
residual_v2,52,polygonal_holes,6,private-source://routeA_experiments/data/prospective_ood_rd_hddm_alpha001_v2/polygonal_holes/sample_0006.npz,a2ab3adff33e2b825261f9f156651d6d226b45d7900ef8697f84935c734df80a,0.007161537010688335,0.034346706165772505,0.4168088231618194,0.5676177144050598,0.2066621884703635,0.39947269797325136
residual_v2,52,polygonal_holes,7,private-source://routeA_experiments/data/prospective_ood_rd_hddm_alpha001_v2/polygonal_holes/sample_0007.npz,b504795f95e5481635b933ab900699fe66f38076ab5132e6b57a48c641abbf2b,0.006286433024797589,0.04883547792842079,0.7683554348856012,0.89031982421875,0.28247812986373866,0.6650221341848372
residual_v2,52,polygonal_holes,8,private-source://routeA_experiments/data/prospective_ood_rd_hddm_alpha001_v2/polygonal_holes/sample_0008.npz,b93c334e8e48c8fd6d52b05cd3ff40f15d4f5cc62702a435f3e0247d6b59a334,0.007051681983284652,0.05946356015097485,0.6736744868436223,0.7158658504486084,0.36914938837289807,0.6474077570438383
residual_v2,52,polygonal_holes,9,private-source://routeA_experiments/data/prospective_ood_rd_hddm_alpha001_v2/polygonal_holes/sample_0009.npz,f2ef70e3326ae2f2447ff2754173f923c307e7972ebbe15dd38aabeb5f047c49,0.007075219007674605,0.04374216929811521,0.5051629071225435,0.6257941126823425,0.23458336144685743,0.4588869687914848
residual_v2,52,polygonal_holes,10,private-source://routeA_experiments/data/prospective_ood_rd_hddm_alpha001_v2/polygonal_holes/sample_0010.npz,0078bb96d0f452027931ba3a5cabdd927aa298f7c3cb3cc2d89e7cb23acaf539,0.0065061309724114835,0.06741326899825174,0.7820461212050436,0.8761003613471985,0.44267253354191777,0.7693594115972519
residual_v2,52,polygonal_holes,11,private-source://routeA_experiments/data/prospective_ood_rd_hddm_alpha001_v2/polygonal_holes/sample_0011.npz,9ee5588e761180b233891dd5a6f16fa8ca4f4c5906cdb841e4c8020cee441584,0.007164762995671481,0.04492297387446342,0.42586835732091277,0.5294657349586487,0.2506604328751564,0.4330389884114265
residual_v2,52,polygonal_holes,12,private-source://routeA_experiments/data/prospective_ood_rd_hddm_alpha001_v2/polygonal_holes/sample_0012.npz,9cdd74ea7cb7425efc2f3f4d80c0363bd50ea50709fe03b3d060f71ff605dd84,0.007178722997196019,0.05759070355865156,0.7368813848522859,0.8611074090003967,0.32916837632656093,0.7466392242908476
residual_v2,52,polygonal_holes,13,private-source://routeA_experiments/data/prospective_ood_rd_hddm_alpha001_v2/polygonal_holes/sample_0013.npz,7ee1a4ed3ed8a784612d742e8ed75f38441bf2f5701f264e582c39a5158ad1ce,0.006392708979547024,0.0600528087889701,0.7757123123984346,0.8422616124153137,0.3671998471021652,0.7148204788565635
residual_v2,52,polygonal_holes,14,private-source://routeA_experiments/data/prospective_ood_rd_hddm_alpha001_v2/polygonal_holes/sample_0014.npz,d1818732f452567ad0ecd2f58c757bb8290572b117528bb1e5aaefa970313cc6,0.007091443985700607,0.06408821849729229,0.7927745603245224,0.8764345645904541,0.41810972094535825,0.7800365206226706
residual_v2,52,polygonal_holes,15,private-source://routeA_experiments/data/prospective_ood_rd_hddm_alpha001_v2/polygonal_holes/sample_0015.npz,445b87e8c24a47bfb4d118389ef483a360b0d5074dc815ae35513aab4a27864d,0.006530874001327902,0.05445487058809199,0.7359363618737261,0.8442982137203217,0.3215722948312757,0.6780014261603354
residual_v2,52,polygonal_holes,16,private-source://routeA_experiments/data/prospective_ood_rd_hddm_alpha001_v2/polygonal_holes/sample_0016.npz,1a99ec371d63848f62228b959ed0924574356c0cccfdd1260268c8dfa0c9cdb0,0.00715431704884395,0.044417587021955585,0.9912418859925416,0.9160948246717453,0.19270490822382272,0.6361138496547935
residual_v2,52,polygonal_holes,17,private-source://routeA_experiments/data/prospective_ood_rd_hddm_alpha001_v2/polygonal_holes/sample_0017.npz,0cdbf63c17b90ff3b3512ee0966f5d174bfb3232348a9e49b05f2d9ee4d89a26,0.0064780740067362785,0.058717765130488715,0.6995120216669717,0.765979528427124,0.3335688412189482,0.6684059691429137
residual_v2,52,polygonal_holes,18,private-source://routeA_experiments/data/prospective_ood_rd_hddm_alpha001_v2/polygonal_holes/sample_0018.npz,47317c8f9d3ed8f1a54c8b96ba91af510560b8aa7f805ade7143c1d16ca55e66,0.007186100003309548,0.033448067212663975,0.32650591617897945,0.40519770979881287,0.17416987791657446,0.326555041372776
residual_v2,52,polygonal_holes,19,private-source://routeA_experiments/data/prospective_ood_rd_hddm_alpha001_v2/polygonal_holes/sample_0019.npz,14a537fef9ee78090f18c68c7c2bb65ef6d197ce349231291c03aa4206e7dbef,0.007163671019952744,0.05329090007367123,0.7520611063915118,0.8131405711174011,0.3226342856884,0.6687348861992359
residual_v2,52,polygonal_holes,20,private-source://routeA_experiments/data/prospective_ood_rd_hddm_alpha001_v2/polygonal_holes/sample_0020.npz,7c814a3de56a037a81fd975f53b5567efeb9d9662b615203546bc0899290fd90,0.007190926990006119,0.03897001513355437,0.47083437561991015,0.6894285380840302,0.20644374638795826,0.5473639401793479
residual_v2,52,polygonal_holes,21,private-source://routeA_experiments/data/prospective_ood_rd_hddm_alpha001_v2/polygonal_holes/sample_0021.npz,8ce53160fe69d5b6413cde92d321f24dc4d1d44cc5f0f2a3eca07d60a4da1104,0.006454206013586372,0.04575132329420386,0.4765609301745945,0.5500608384609222,0.2043183073401451,0.39450270205736154
residual_v2,52,polygonal_holes,22,private-source://routeA_experiments/data/prospective_ood_rd_hddm_alpha001_v2/polygonal_holes/sample_0022.npz,ebe02bed5b22de6ec65b6c54aaa34f7a9e9daf45fb56c3455386ee7beeca83bd,0.007156768988352269,0.0570325652618565,0.820888070540616,0.8814516663551331,0.3662230357527731,0.6879576648771762
residual_v2,52,polygonal_holes,23,private-source://routeA_experiments/data/prospective_ood_rd_hddm_alpha001_v2/polygonal_holes/sample_0023.npz,d6cabc05bb35909896ec365f876db62334e617b13b08c9e40694e2791b0db121,0.006415068986825645,0.05902529696716253,0.6491136964003744,0.7306861281394958,0.3374077469110487,0.6063494807481763
residual_v2,52,polygonal_holes,24,private-source://routeA_experiments/data/prospective_ood_rd_hddm_alpha001_v2/polygonal_holes/sample_0024.npz,cc607c6b4a44a20de7c0d072b11d3585668469f46fe26a9e5a4601a8839b18e3,0.006975711032282561,0.04776665602072828,0.7684450997592643,0.8795585930347443,0.265840073302388,0.6499954971671102
residual_v2,52,polygonal_holes,25,private-source://routeA_experiments/data/prospective_ood_rd_hddm_alpha001_v2/polygonal_holes/sample_0025.npz,6624bf5fe6d196079fb76fb31c85860e096a142c03b130cd1e70002ae755b942,0.006436205003410578,0.06186567159256476,0.7361384199767016,0.8743581175804138,0.3677701190114021,0.7210052707791328
residual_v2,52,polygonal_holes,26,private-source://routeA_experiments/data/prospective_ood_rd_hddm_alpha001_v2/polygonal_holes/sample_0026.npz,c98d8e8d3d0a88d1da87415faeb5bf9178e88e1f30adc9ecf7cd6cf0dbd9277f,0.0072318080347031355,0.04548257312508645,0.4708626046686509,0.6465302109718323,0.21744153201580044,0.42480798602104164
residual_v2,52,polygonal_holes,27,private-source://routeA_experiments/data/prospective_ood_rd_hddm_alpha001_v2/polygonal_holes/sample_0027.npz,a8830b8166a10f61db4814b54f56ca4808e3c93da85d47b565e4eddec6598b7d,0.006345440982840955,0.043524669341336954,0.49482423425524913,0.6573864221572876,0.23144970983266822,0.5049800163507461
residual_v2,52,polygonal_holes,28,private-source://routeA_experiments/data/prospective_ood_rd_hddm_alpha001_v2/polygonal_holes/sample_0028.npz,7a7df2263baaa71cbccf62f82307a4ec9364e586142fc46aecffcb33cae7cae8,0.006967402994632721,0.05351882374646291,0.6978131380001189,0.7360855937004089,0.3486482471227644,0.6289665082097053
residual_v2,52,polygonal_holes,29,private-source://routeA_experiments/data/prospective_ood_rd_hddm_alpha001_v2/polygonal_holes/sample_0029.npz,1792cfc778015639447d8549da9e8e6ae065b2de6e8a35808550ab1f2eaa6d12,0.006254671956412494,0.05014584349346478,0.7297835510231743,0.7945545315742493,0.31190110743045796,0.6660676527023315
residual_v2,52,polygonal_holes,30,private-source://routeA_experiments/data/prospective_ood_rd_hddm_alpha001_v2/polygonal_holes/sample_0030.npz,0361f263ac7c96ee87583959a04a88d5d85ed0d0bf6e7d378681151774f385f2,0.006994299998041242,0.04248186082962977,0.4903592888707749,0.6124341189861298,0.22998442798852914,0.4917283022403717
residual_v2,52,polygonal_holes,31,private-source://routeA_experiments/data/prospective_ood_rd_hddm_alpha001_v2/polygonal_holes/sample_0031.npz,05f616ed447a9ab8e71b77b9398fe7f5bdca3822ed0cb7c0b89a4802fff7e34a,0.006250103993806988,0.048817496888327414,0.5490988426413635,0.7852248549461365,0.24037490785121915,0.5192552769184112
residual_v2,52,polygonal_holes,32,private-source://routeA_experiments/data/prospective_ood_rd_hddm_alpha001_v2/polygonal_holes/sample_0032.npz,b84ee66df3e51a313acfa70a8d8f17e55d0f28293bfc848be6da74369c6efe7e,0.006982542050536722,0.06120498006067262,0.6360498879988976,0.7659210562705994,0.3216367818415165,0.6516960248351097
residual_v2,52,polygonal_holes,33,private-source://routeA_experiments/data/prospective_ood_rd_hddm_alpha001_v2/polygonal_holes/sample_0033.npz,daa13b8f28a70003a1c8a3b22cc6fb6ba7cd514feb1f0dde8861d77cced138db,0.006248135992791504,0.05272919454539713,0.715080311339666,0.7882664203643799,0.31302284002304076,0.6711361500620842
residual_v2,52,polygonal_holes,34,private-source://routeA_experiments/data/prospective_ood_rd_hddm_alpha001_v2/polygonal_holes/sample_0034.npz,f1007728ae6fc8cc7b887f70cb682b003162557fe09bc505313c9852da9b0395,0.007205973961390555,0.06564456450954506,0.8481224552612484,0.9093180298805237,0.3785214647650716,0.710416458249092
residual_v2,52,polygonal_holes,35,private-source://routeA_experiments/data/prospective_ood_rd_hddm_alpha001_v2/polygonal_holes/sample_0035.npz,74480bc8be2b0c3f792eeafe7931aa43f6eabf7fab66f1f8889ff83f9343aacf,0.0069960689870640635,0.03542299647234409,0.36969627725476395,0.6374214291572571,0.18799462914466855,0.33010024964809415
residual_v2,52,polygonal_holes,36,private-source://routeA_experiments/data/prospective_ood_rd_hddm_alpha001_v2/polygonal_holes/sample_0036.npz,d380cc325dc38fac34101ad898621f7a706e5ef3145fb50b48cd8a3550e915f6,0.00646827497985214,0.05012360574883385,0.524621409379914,0.6869140863418579,0.23529368937015513,0.5666249179840086
residual_v2,52,polygonal_holes,37,private-source://routeA_experiments/data/prospective_ood_rd_hddm_alpha001_v2/polygonal_holes/sample_0037.npz,562b92269c11eb7a4d6d2b96c70e8334d3b1e90f788bd3d9e801d09a075eee3a,0.0069596790126524866,0.05172879168005486,1.0473474024371505,0.9878608733415604,0.2240147070027887,0.6455384409427642
residual_v2,52,polygonal_holes,38,private-source://routeA_experiments/data/prospective_ood_rd_hddm_alpha001_v2/polygonal_holes/sample_0038.npz,ad000ee37c0e1a9ba734e4dd9459946f4b3df5f603b980b12d442bca1f8ed9f9,0.006260264024604112,0.04685495570502515,0.5624972656254065,0.7371852099895477,0.23936702609062188,0.539750342965126
residual_v2,52,polygonal_holes,39,private-source://routeA_experiments/data/prospective_ood_rd_hddm_alpha001_v2/polygonal_holes/sample_0039.npz,522d3ecbc2d9edc149dc3f03b6cf36d68fca66badfbb0f6dd3482d5e5f254b68,0.00700702698668465,0.05106864313078303,0.49910772956959126,0.7095429599285126,0.25774976313114156,0.4419734555482863
residual_v2,52,polygonal_holes,40,private-source://routeA_experiments/data/prospective_ood_rd_hddm_alpha001_v2/polygonal_holes/sample_0040.npz,254ab846e9a8b91265cad089e47a668ba206ceeb02e23540aaf1b8dded5c5277,0.006433224014472216,0.04511505896192148,0.6074436615388656,0.6964836120605469,0.2528722837567328,0.5065871202945709
residual_v2,52,polygonal_holes,41,private-source://routeA_experiments/data/prospective_ood_rd_hddm_alpha001_v2/polygonal_holes/sample_0041.npz,8c7f049970c19d0bf9df6a56540e33a405e9b6f637a802fc3a679bd78cbd2f7b,0.007028669991996139,0.06593592552725919,0.8160186240633865,0.8880540132522583,0.3992441542446612,0.7255142813920975
residual_v2,52,polygonal_holes,42,private-source://routeA_experiments/data/prospective_ood_rd_hddm_alpha001_v2/polygonal_holes/sample_0042.npz,6d8ce4ad2a0fbe386141c305df0df82390863da91466b3772de47905aac327ac,0.007105902011971921,0.05430467475413239,0.6925725909836382,0.7721332311630249,0.32831112779676913,0.6157836136221886
residual_v2,52,polygonal_holes,43,private-source://routeA_experiments/data/prospective_ood_rd_hddm_alpha001_v2/polygonal_holes/sample_0043.npz,cce44f1d73fbe7f76182aa7fd07a69f90b93524ef2f5d7c4c6a1bb4566cb8ff9,0.007075575005728751,0.05447172647769599,0.8535729392607009,0.9373112916946411,0.2942515403032302,0.743449871391058
residual_v2,52,polygonal_holes,44,private-source://routeA_experiments/data/prospective_ood_rd_hddm_alpha001_v2/polygonal_holes/sample_0044.npz,ae4b89782186c636597bbf28ff74a3d03e0c2dbac42260653f9d140ab9229119,0.006438959040679038,0.050536490478656965,0.5567500001988314,0.7300925254821777,0.2970944643020626,0.6308357363939283
residual_v2,52,polygonal_holes,45,private-source://routeA_experiments/data/prospective_ood_rd_hddm_alpha001_v2/polygonal_holes/sample_0045.npz,1777cf5189ac8f43461ae20e5ef1f4c739e91a493823c36ad21eedc9d1d3abf4,0.006984626001212746,0.05758148033719509,0.7942965778870322,0.8754948973655701,0.3473629549145697,0.7170403748750686
residual_v2,52,polygonal_holes,46,private-source://routeA_experiments/data/prospective_ood_rd_hddm_alpha001_v2/polygonal_holes/sample_0046.npz,cc55794e1940c234f9da149d83ee01ead8d8277520e38b89220b19e02e70f238,0.00625080696772784,0.049864490683804885,1.033666202928117,0.9294141381978989,0.2105667969677597,0.6541469757258891
residual_v2,52,polygonal_holes,47,private-source://routeA_experiments/data/prospective_ood_rd_hddm_alpha001_v2/polygonal_holes/sample_0047.npz,7f42f867baf3b1c126f27ae2157ef3dd2a34a07d8d1a1f5aead8d062722664f9,0.006973643030505627,0.043759851262355716,0.5444414885927379,0.7769182920455933,0.257896864414215,0.5226574686169623
residual_v2,52,polygonal_holes,48,private-source://routeA_experiments/data/prospective_ood_rd_hddm_alpha001_v2/polygonal_holes/sample_0048.npz,6e05df606b756d9cfd5f6305cc0eac033208a8444ad64ad8e48815757862935e,0.006283453025389463,0.05643191058873726,0.8983485411835133,0.9414062798023224,0.3015118174254894,0.7438333648443222
residual_v2,52,polygonal_holes,49,private-source://routeA_experiments/data/prospective_ood_rd_hddm_alpha001_v2/polygonal_holes/sample_0049.npz,8e60acf35c436ea7681e8f6ecb99e7889c6309505da38ab1a1de5fdd50c8d25a,0.007185081019997597,0.043006411659859106,0.5611840496019048,0.7733353972434998,0.2794185161590576,0.5038519650697707
residual_v2,52,polygonal_holes,50,private-source://routeA_experiments/data/prospective_ood_rd_hddm_alpha001_v2/polygonal_holes/sample_0050.npz,67ff652aacb37c18501691c8d65846f7fd6786aa6ab39d47d601c53560a81ffb,0.007094025961123407,0.04829671133986368,0.5509919212143747,0.6772162318229675,0.2873912125825881,0.5467590481042862
residual_v2,52,polygonal_holes,51,private-source://routeA_experiments/data/prospective_ood_rd_hddm_alpha001_v2/polygonal_holes/sample_0051.npz,d178ebe9f5d54994c88f44993765bce335075010cff7e29e1ff0070188cd3350,0.007022494974080473,0.0527709504549819,1.0172888333266246,0.8899389356374741,0.2258394463278819,0.7019843777269125
residual_v2,52,polygonal_holes,52,private-source://routeA_experiments/data/prospective_ood_rd_hddm_alpha001_v2/polygonal_holes/sample_0052.npz,a3a862fcadf321c577317885abc8e5b33930f4e0f1c7fe81f71f61e570dec552,0.007014235015958548,0.044665174714223974,0.7357943376813675,0.9483634829521179,0.22034165300428865,0.5905860254541038
residual_v2,52,polygonal_holes,53,private-source://routeA_experiments/data/prospective_ood_rd_hddm_alpha001_v2/polygonal_holes/sample_0053.npz,ab5fddb822d6b9316b54ab76c4527ea073e575a3e421c7d3825dddaa22fc27e5,0.0070716580376029015,0.05202544720518814,0.8724733935817958,0.9724754840135574,0.2438892431557175,0.7471151977777479
residual_v2,52,polygonal_holes,54,private-source://routeA_experiments/data/prospective_ood_rd_hddm_alpha001_v2/polygonal_holes/sample_0054.npz,a1022a21b18e6e40b38eb55a0b8587d544f733833a4d7f12d4de108015563cc3,0.00627088500186801,0.04043741825789097,0.3679842866443299,0.633895993232727,0.1929344058036804,0.33457368060946463
residual_v2,52,polygonal_holes,55,private-source://routeA_experiments/data/prospective_ood_rd_hddm_alpha001_v2/polygonal_holes/sample_0055.npz,4365d7d047747c0c5587594149f7905cf8d0fbc2fc11cdade3a1001f8d10a489,0.006409874011296779,0.05760267693637843,0.8799921887371603,0.934918612241745,0.3322922937572002,0.7635478785634034
residual_v2,52,polygonal_holes,56,private-source://routeA_experiments/data/prospective_ood_rd_hddm_alpha001_v2/polygonal_holes/sample_0056.npz,c64e194ceeb73588bea71d967fed493a69e7f31422958700a5a894c51dad8af4,0.006560056004673243,0.04721161206495253,0.5260689902522708,0.6094234436750412,0.22337425053119658,0.4110762682557106
residual_v2,52,polygonal_holes,57,private-source://routeA_experiments/data/prospective_ood_rd_hddm_alpha001_v2/polygonal_holes/sample_0057.npz,b7ec701204ebf0f91ed0f653ab9750798681ad55c0be7bccc78661334dd8a05a,0.006572370009962469,0.04838616233116713,0.9194619111836109,0.888432964682579,0.20466123496880687,0.6691962631046772
residual_v2,52,polygonal_holes,58,private-source://routeA_experiments/data/prospective_ood_rd_hddm_alpha001_v2/polygonal_holes/sample_0058.npz,d7d338d7ed7396d7013682fdeda699683e01e2e0a6b355ea8245cd50209f5837,0.00727188098244369,0.06134654163789795,0.7566051405808762,0.8444519639015198,0.36391733139753296,0.7216058021783828
residual_v2,52,polygonal_holes,59,private-source://routeA_experiments/data/prospective_ood_rd_hddm_alpha001_v2/polygonal_holes/sample_0059.npz,520dc2e58678e87e5e0b109e52f119bf6f1955d7aa102dba7f2e2aa5f6870b26,0.006507166021037847,0.03986032383898065,0.6364569607840183,0.7502315044403076,0.2473547860980033,0.5626681888103485
residual_v2,52,polygonal_holes,60,private-source://routeA_experiments/data/prospective_ood_rd_hddm_alpha001_v2/polygonal_holes/sample_0060.npz,65f37cdde81f35866d4ad5d443aea651ab7719a2aeaeacecb6c6f004e4a9a519,0.007139853958506137,0.05684521489903419,0.8539210614598982,0.9288014471530914,0.31728696767240755,0.7773708721995352
residual_v2,52,polygonal_holes,61,private-source://routeA_experiments/data/prospective_ood_rd_hddm_alpha001_v2/polygonal_holes/sample_0061.npz,7743695b88cdc254e55b4fad952747f08a99a59b47940f19b05996b3aacfdd4f,0.0066204320173710585,0.07200041024028395,0.9829595203177918,0.9925043880939484,0.3987591903656716,0.8572207444906235
residual_v2,52,polygonal_holes,62,private-source://routeA_experiments/data/prospective_ood_rd_hddm_alpha001_v2/polygonal_holes/sample_0062.npz,277f1102a42eb919881a684fdf02f8fe32f35c413c403026302cd12d4097853a,0.0069653509999625385,0.04756400965555309,0.5083056832475615,0.7921688556671143,0.23794459402561174,0.5328905236721039
residual_v2,52,polygonal_holes,63,private-source://routeA_experiments/data/prospective_ood_rd_hddm_alpha001_v2/polygonal_holes/sample_0063.npz,6d764776066ab82c5cc65c85d8e8609d9930055835d54417aa78c6b4a6b03531,0.007150831981562078,0.06297092973019276,0.9463398771469945,0.9508518576622009,0.37774250060319897,0.788334674090147
residual_v2,52,polygonal_holes,64,private-source://routeA_experiments/data/prospective_ood_rd_hddm_alpha001_v2/polygonal_holes/sample_0064.npz,faf90b633e638b9635077cf9b6ad138791b71dcf9f9c87c2643fdaa9321e9469,0.0069996549864299595,0.043895477243216685,0.49655909913998336,0.6043654382228851,0.24995544403791414,0.441871399283409
residual_v2,52,polygonal_holes,65,private-source://routeA_experiments/data/prospective_ood_rd_hddm_alpha001_v2/polygonal_holes/sample_0065.npz,5a1f909a1a33de701ff5e43850c8a0f624f0fe67bb2628856e8b2ff716aa4d8f,0.007503487984649837,0.05234757025222886,0.6669254290658692,0.9084270596504211,0.2864105284214019,0.6513110113143921
residual_v2,52,polygonal_holes,66,private-source://routeA_experiments/data/prospective_ood_rd_hddm_alpha001_v2/polygonal_holes/sample_0066.npz,231255ce916639b7963636d7ecd7e8496e2daf50b0681c71f8c26d117d19a6a3,0.00708075804868713,0.04966686113984957,0.5531499207991708,0.6137438118457794,0.269759005308151,0.5056668610870838
residual_v2,52,polygonal_holes,67,private-source://routeA_experiments/data/prospective_ood_rd_hddm_alpha001_v2/polygonal_holes/sample_0067.npz,2ea120f390b13387af7e81bbf689609188cf789c089380be9954a01ab04383ce,0.00701262999791652,0.05267218052645654,0.8595890942658724,0.9836375713348389,0.2728382810950279,0.6876503771543502
residual_v2,52,polygonal_holes,68,private-source://routeA_experiments/data/prospective_ood_rd_hddm_alpha001_v2/polygonal_holes/sample_0068.npz,99dcf586e3c772fa34c409836b87dba473578ad4267323fe4c1021c49bea2156,0.007216344005428255,0.06529230255602013,0.6155827785697532,0.6411513686180115,0.29477630853652953,0.5348869231343268
residual_v2,52,polygonal_holes,69,private-source://routeA_experiments/data/prospective_ood_rd_hddm_alpha001_v2/polygonal_holes/sample_0069.npz,371011e0087841ce62fd475615c1487b9008b14cc2c8239b698c21a3f404f4ae,0.007201138010714203,0.04455012670606253,0.4241341577600711,0.49605968594551086,0.27237298786640163,0.4085545581579208
residual_v2,52,polygonal_holes,70,private-source://routeA_experiments/data/prospective_ood_rd_hddm_alpha001_v2/polygonal_holes/sample_0070.npz,76a38f00a38c09a4a5e0ce282801ee31b62717ad9405afde4dfaded58ac68adf,0.007202862994745374,0.04838026610230928,0.5600135877181502,0.6379909515380859,0.2371105909347534,0.4914344021677969
residual_v2,52,polygonal_holes,71,private-source://routeA_experiments/data/prospective_ood_rd_hddm_alpha001_v2/polygonal_holes/sample_0071.npz,725f819b9cff979f22d3fb2826bbeb093e79eac51bc6aeeece1bf9cca9411e3c,0.007005390012636781,0.04622260747684152,0.5025363832369965,0.6785155534744263,0.2868987642228601,0.4396880137920378
residual_v2,52,polygonal_holes,72,private-source://routeA_experiments/data/prospective_ood_rd_hddm_alpha001_v2/polygonal_holes/sample_0072.npz,29b11ddc75faadb72de6975449a2b31a3d5383776b7675881284f27b7dca3cab,0.007048208033666015,0.05759562089371886,0.6541820034369294,0.8478178381919861,0.30952236950397477,0.6591767951846121
residual_v2,52,polygonal_holes,73,private-source://routeA_experiments/data/prospective_ood_rd_hddm_alpha001_v2/polygonal_holes/sample_0073.npz,1ab85a6c8ae26e0fbf4793862ad906cb7254045320b5796aeaa896f42f2bacd4,0.00725893396884203,0.049006802107588655,0.5904127122613437,0.7028327286243439,0.279673808813095,0.5864630359411239
residual_v2,52,polygonal_holes,74,private-source://routeA_experiments/data/prospective_ood_rd_hddm_alpha001_v2/polygonal_holes/sample_0074.npz,bacd1d3e820fbf01f8d4acce5297dc3b9f8dc25652253988c73470e23a9f8ac1,0.007183290959801525,0.062336554069081306,0.8447240079649841,0.8764618039131165,0.3293215014040468,0.7064199998974799
residual_v2,52,polygonal_holes,75,private-source://routeA_experiments/data/prospective_ood_rd_hddm_alpha001_v2/polygonal_holes/sample_0075.npz,3287c7e51fa026555fd19d375af6e3d4cc8cc42fa1205cc3bfc8cd6cf1579cd3,0.007185165013652295,0.03670259538226674,0.4066050246216769,0.5921838283538818,0.19813535064458848,0.37395894706249233
residual_v2,52,polygonal_holes,76,private-source://routeA_experiments/data/prospective_ood_rd_hddm_alpha001_v2/polygonal_holes/sample_0076.npz,574f2300d179a3831f3582318cd7b95acfd3405093d6a47af47ad93d2178f2e1,0.007079100992996246,0.05191599560445037,0.9657606736147675,0.8661253154277802,0.1907436392270028,0.6188742582499979
residual_v2,52,polygonal_holes,77,private-source://routeA_experiments/data/prospective_ood_rd_hddm_alpha001_v2/polygonal_holes/sample_0077.npz,4376fb3c5dd37b190c566754832a3e3ba85331c8e3e4f837d406cdef3bfffa17,0.006275316001847386,0.06264599599283581,0.7810898795694853,0.7715137600898743,0.4114480338990688,0.6479270757734775
residual_v2,52,polygonal_holes,78,private-source://routeA_experiments/data/prospective_ood_rd_hddm_alpha001_v2/polygonal_holes/sample_0078.npz,ae2f838a41311b1cab760c47b71bb43be39b91fa594b946c3571522b2c1a813d,0.0071276999660767615,0.05467684911529987,0.6382733004366229,0.8494513034820557,0.25174562186002725,0.696540374457836
residual_v2,52,polygonal_holes,79,private-source://routeA_experiments/data/prospective_ood_rd_hddm_alpha001_v2/polygonal_holes/sample_0079.npz,adbb28bf9488acd23de73cd9711ec3b2e05ffc6733eb9f5e5d052cf61e664a70,0.006272055965382606,0.051659126956416355,0.8060910301178702,0.7498899400234222,0.24316926188766946,0.6232725599408149
residual_v2,52,polygonal_holes,80,private-source://routeA_experiments/data/prospective_ood_rd_hddm_alpha001_v2/polygonal_holes/sample_0080.npz,4a47f541a2cd868c83938f15092e28469ad5819a5b3e93180979feb578a2ce05,0.007161282002925873,0.056086096378528,0.6498998717973146,0.7158234119415283,0.3645741149783133,0.6048908758163452
residual_v2,52,polygonal_holes,81,private-source://routeA_experiments/data/prospective_ood_rd_hddm_alpha001_v2/polygonal_holes/sample_0081.npz,4d25b3696b4e9ae0a17a8594fbd72f84735c32ee8f1f0b28d6a67a85a3343360,0.007169779040850699,0.056944640986840954,0.9249103736126921,0.9776651859283447,0.29527942240238186,0.7453392621874808
residual_v2,52,polygonal_holes,82,private-source://routeA_experiments/data/prospective_ood_rd_hddm_alpha001_v2/polygonal_holes/sample_0082.npz,a6c4e742890618c770a2aba2764df55ef3584d9cf57866efbbc096b98dec6a48,0.007207679969724268,0.052170988652313656,0.6009479442078679,0.8107613027095795,0.3133571818470954,0.570803707242012
residual_v2,52,polygonal_holes,83,private-source://routeA_experiments/data/prospective_ood_rd_hddm_alpha001_v2/polygonal_holes/sample_0083.npz,b8eeb414ab12e5fe35f84aa19979bdbca0f1a1f75eeb25da9aad6a52d8cbeb30,0.0069871420273557305,0.04983128585013671,0.4669644493680527,0.5398115515708923,0.2464525789022445,0.4110490083694458
residual_v2,52,polygonal_holes,84,private-source://routeA_experiments/data/prospective_ood_rd_hddm_alpha001_v2/polygonal_holes/sample_0084.npz,67deca7af2005178ad0c93d16ab381b5a3df2ac09b8b5738e4fc2773a2546f62,0.00709715997800231,0.05556551193104092,0.5921124372165087,0.7215740382671356,0.3054589182138442,0.6096621850132942
residual_v2,52,polygonal_holes,85,private-source://routeA_experiments/data/prospective_ood_rd_hddm_alpha001_v2/polygonal_holes/sample_0085.npz,ddb7b814e040d8c047a4649f33bf151654d032650e5a173001aca20b14905ab3,0.007059425988700241,0.03795575053602464,0.8724319859041969,0.8767062127590179,0.15605818461626766,0.5763507430255409
residual_v2,52,polygonal_holes,86,private-source://routeA_experiments/data/prospective_ood_rd_hddm_alpha001_v2/polygonal_holes/sample_0086.npz,d6433754926d38ddb5772e7cb405f78b5aec43e5ca3eade0ba8b62b103a7dc27,0.006995133007876575,0.05699313255115587,0.7713078623145151,0.8946497216820717,0.29265907518565654,0.6239115735888477
residual_v2,52,polygonal_holes,87,private-source://routeA_experiments/data/prospective_ood_rd_hddm_alpha001_v2/polygonal_holes/sample_0087.npz,8d3eec568a4d74c6a51e6da3cc28ade1037e57e722994fd947f5a01f53d41edf,0.007048870960716158,0.05370795063222436,1.0939836776449476,0.9453624337911606,0.22791883980389682,0.685476890467107
residual_v2,52,polygonal_holes,88,private-source://routeA_experiments/data/prospective_ood_rd_hddm_alpha001_v2/polygonal_holes/sample_0088.npz,af9662e794a12464829c6fac98a3cb18e6e3e6857c1576994cbe01eedf1f246c,0.0069987260503694415,0.058955546887194336,0.9573611688702033,0.9631947875022888,0.28873829543590535,0.7445963543653488
residual_v2,52,polygonal_holes,89,private-source://routeA_experiments/data/prospective_ood_rd_hddm_alpha001_v2/polygonal_holes/sample_0089.npz,c5a95474e5636d974aeee3dcde6837bf3c6a3704353407477c81f4240bbdc388,0.0071081609930843115,0.05094741644134124,0.9491096365317642,0.911142110824585,0.21276811568532134,0.7308685502409932
residual_v2,52,polygonal_holes,90,private-source://routeA_experiments/data/prospective_ood_rd_hddm_alpha001_v2/polygonal_holes/sample_0090.npz,69177a4934a4e7ec9786358ba08b301291e30633bfc8079703a3ad634dbe6555,0.007017750991508365,0.05954586087728646,0.7124417989101868,0.8071617484092712,0.3483754843473434,0.6588728541135788
residual_v2,52,polygonal_holes,91,private-source://routeA_experiments/data/prospective_ood_rd_hddm_alpha001_v2/polygonal_holes/sample_0091.npz,017495cf13436ccb34417f1d078194fbbb1bb9e889c2a05714fdfef6208a7922,0.007053695968352258,0.04115089687318339,1.0395121315241538,0.9721089154481888,0.17238444834947583,0.6438987758010621
residual_v2,52,polygonal_holes,92,private-source://routeA_experiments/data/prospective_ood_rd_hddm_alpha001_v2/polygonal_holes/sample_0092.npz,6fb319a462e5729cc33034f1576388ff60d99f8ed26dcf3ed67437d1ea1bca54,0.0069702419568784535,0.03674592577840384,0.33385431753267436,0.49667108058929443,0.18301471471786476,0.3184826555848121
residual_v2,52,polygonal_holes,93,private-source://routeA_experiments/data/prospective_ood_rd_hddm_alpha001_v2/polygonal_holes/sample_0093.npz,52cbc18f79056f45df5b059b191b91f8510f55d9c2edcd661f81df8375d9e0d1,0.007101114024408162,0.0499423231381877,0.7710194742226788,0.8772899508476257,0.30233926102519,0.677885220348835
residual_v2,52,polygonal_holes,94,private-source://routeA_experiments/data/prospective_ood_rd_hddm_alpha001_v2/polygonal_holes/sample_0094.npz,164da7452288a5d8a7302027741566652f575e6558c5ce9ce09db0163255c7ab,0.00699664797866717,0.05261443848742349,0.5229131451658868,0.6179778277873993,0.2679935686290263,0.44000195324420927
residual_v2,52,polygonal_holes,95,private-source://routeA_experiments/data/prospective_ood_rd_hddm_alpha001_v2/polygonal_holes/sample_0095.npz,1c76e3d378b35c6a9e36e37471d1c5bcd6e753f69e666218ce23590f33585d3e,0.0070333919720724225,0.05998271484388953,0.9152095830935421,0.9601857960224152,0.3776195138692854,0.7730798646807668
residual_v2,52,polygonal_holes,96,private-source://routeA_experiments/data/prospective_ood_rd_hddm_alpha001_v2/polygonal_holes/sample_0096.npz,49ad587763214bcda7cccaa69cfff09cf001c7b2c7f38d85251e3f2672a35569,0.007015071983914822,0.050852849802211664,0.5227628193591742,0.6522696018218994,0.26388012245297404,0.5440663599967954
residual_v2,52,polygonal_holes,97,private-source://routeA_experiments/data/prospective_ood_rd_hddm_alpha001_v2/polygonal_holes/sample_0097.npz,8390688b322ed3b47b14ae6c8deb192bc662ca519072cc4456004520d93634eb,0.0072188039775937796,0.046034549786074117,0.45885533097680054,0.5701726675033569,0.26448735930025574,0.4494926846027374
residual_v2,52,polygonal_holes,98,private-source://routeA_experiments/data/prospective_ood_rd_hddm_alpha001_v2/polygonal_holes/sample_0098.npz,d664b5cd66446712fa2fc0050a3eea16c06ebbf4a5f3665cb9b62018873ee112,0.006989666959270835,0.038030128078249216,0.3303079492395394,0.46820971369743347,0.18838806450366974,0.37406776875257486
residual_v2,52,polygonal_holes,99,private-source://routeA_experiments/data/prospective_ood_rd_hddm_alpha001_v2/polygonal_holes/sample_0099.npz,ffb0fcbe82635372bfaaf9dfad830078cc7e245cb5df18fc4cf3ee7d7ed08f2c,0.007144576986320317,0.058510746844107474,0.6972625204355406,0.8262056708335876,0.3656761765480034,0.6527093577384948
residual_v2,52,polygonal_holes,100,private-source://routeA_experiments/data/prospective_ood_rd_hddm_alpha001_v2/polygonal_holes/sample_0100.npz,83db9e1bf734e4318e7310d414f020dde016065b78e5ec40e0bf63cbdc30cd69,0.007000381010584533,0.05485078956353896,0.6414293670335799,0.6923359632492065,0.26346321105957027,0.5731511580944061
residual_v2,52,polygonal_holes,101,private-source://routeA_experiments/data/prospective_ood_rd_hddm_alpha001_v2/polygonal_holes/sample_0101.npz,628d4ef4e48f4e11212826ea73354e04acbb5cf5218cf61a5f450ffe072e463a,0.006250457023270428,0.04263387868177132,0.515984828364124,0.7808122634887695,0.21597755998373028,0.4826251494884488
residual_v2,52,polygonal_holes,102,private-source://routeA_experiments/data/prospective_ood_rd_hddm_alpha001_v2/polygonal_holes/sample_0102.npz,53967bde920053230113301d67f3965fb24710c7b37e3b7e2a11053964188c70,0.006994165014475584,0.06893252936586426,0.8813536524176514,0.8184444308280945,0.3732957661151885,0.7506595793366432
residual_v2,52,polygonal_holes,103,private-source://routeA_experiments/data/prospective_ood_rd_hddm_alpha001_v2/polygonal_holes/sample_0103.npz,31c2e4b05f2f012dc480a56d1b1cc60ea8f4b239b39e292c8f0a6dac54ebd19b,0.006273317965678871,0.06577502814994887,0.9312704570908747,0.9463522136211395,0.3655055470764635,0.7825213304162023
residual_v2,52,polygonal_holes,104,private-source://routeA_experiments/data/prospective_ood_rd_hddm_alpha001_v2/polygonal_holes/sample_0104.npz,9eb06fccb4a1502bf602c71b5f5036161537259059eb86654e50a1438639f459,0.007006419007666409,0.043520500399867566,0.4110412937022627,0.5432029068470001,0.21179420687258216,0.4132211402058601
residual_v2,52,polygonal_holes,105,private-source://routeA_experiments/data/prospective_ood_rd_hddm_alpha001_v2/polygonal_holes/sample_0105.npz,95cbcc94abd4de91c834c528dda2319a03fb7099f469d400f93c5b03afcbc4a8,0.006261835980694741,0.05902772269558148,0.7810080975433976,0.8895546197891235,0.3807443767786022,0.7291667133569716
residual_v2,52,polygonal_holes,106,private-source://routeA_experiments/data/prospective_ood_rd_hddm_alpha001_v2/polygonal_holes/sample_0106.npz,98106d828e41a1c5eb346df2a0b0a1e1e58665b84eceba9935ef6099e5563495,0.006995213974732906,0.0483058618240094,1.0236345402200722,0.8937618583440781,0.1968930763483513,0.6982423415035008
residual_v2,52,polygonal_holes,107,private-source://routeA_experiments/data/prospective_ood_rd_hddm_alpha001_v2/polygonal_holes/sample_0107.npz,9cbd0d60ca7ebba2116f8c16d91b310978edea4d0da468204842b7a23670a89d,0.007182646018918604,0.04892129832859414,0.6340918746750795,0.7181247025728226,0.23265373408794396,0.5196542534232139
residual_v2,52,polygonal_holes,108,private-source://routeA_experiments/data/prospective_ood_rd_hddm_alpha001_v2/polygonal_holes/sample_0108.npz,b9853bfdbfac230c0bfabbae3453e3f905065de73973a4e6e03d679b043f8a93,0.0072435070178471506,0.04130440512543525,0.47793108201625994,0.6311405599117279,0.19969438686966884,0.42882036477327345
residual_v2,52,polygonal_holes,109,private-source://routeA_experiments/data/prospective_ood_rd_hddm_alpha001_v2/polygonal_holes/sample_0109.npz,ad81e157b0fe4b56f9cb232ff544261abab7b40e2fd40998cf5365e8c2ecbf9c,0.007149763987399638,0.04640829930152882,0.9408198178917476,0.9374581873416901,0.18917876677587622,0.5831427532434463
residual_v2,52,polygonal_holes,110,private-source://routeA_experiments/data/prospective_ood_rd_hddm_alpha001_v2/polygonal_holes/sample_0110.npz,2379cde8dfcb4012259c110621bb82cac632e8758fc6470fc5fb50c0d6567705,0.0064069549553096294,0.05363997004040398,0.7151273037506174,0.812820315361023,0.2958943888545036,0.6394326442480087
residual_v2,52,polygonal_holes,111,private-source://routeA_experiments/data/prospective_ood_rd_hddm_alpha001_v2/polygonal_holes/sample_0111.npz,e77470dcfcba1f6bdb33c318c2e6cecb38ae797f62d39e0bb08e7a08dd6e974a,0.006346814974676818,0.05266685337592536,0.7530623034577739,0.8941763043403625,0.3138453878462309,0.7206562718749046
residual_v2,52,polygonal_holes,112,private-source://routeA_experiments/data/prospective_ood_rd_hddm_alpha001_v2/polygonal_holes/sample_0112.npz,88df74d2052fa5cb450aa5d9be2814b467df7bbe8db5582a180089122655cee2,0.006269391975365579,0.028423132383915497,0.2683324113396352,0.38686996698379517,0.14077362716197947,0.23181548833847043
residual_v2,52,polygonal_holes,113,private-source://routeA_experiments/data/prospective_ood_rd_hddm_alpha001_v2/polygonal_holes/sample_0113.npz,3a1fa1b65775b0275cf639b12a72525a77828d847796be0e003df1bdbad952ec,0.006509910977911204,0.035881952368023474,0.3829791765448443,0.5362323820590973,0.19909717738628385,0.3967209991812706
residual_v2,52,polygonal_holes,114,private-source://routeA_experiments/data/prospective_ood_rd_hddm_alpha001_v2/polygonal_holes/sample_0114.npz,ee8527e088d5dac6fcb1c475159e6c302f9ad53ec6da27fe11138620a0ca68fd,0.006476657988969237,0.056380727570014215,0.7765015344927969,0.8390856087207794,0.3713847823441025,0.7105705888569354
residual_v2,52,polygonal_holes,115,private-source://routeA_experiments/data/prospective_ood_rd_hddm_alpha001_v2/polygonal_holes/sample_0115.npz,f7ffa5978118fd94c3600a0f477fa283eca44223a4090163c2e4bf5b6bcf3f85,0.006602332985494286,0.05844413033660809,0.6874159194941654,0.7541986703872681,0.3326608896255492,0.6790032452344894
residual_v2,52,polygonal_holes,116,private-source://routeA_experiments/data/prospective_ood_rd_hddm_alpha001_v2/polygonal_holes/sample_0116.npz,40826f4a1aca3233236ea6a2e03d2f7953a031f2a735af2bc36b9a978760b21d,0.006437034986447543,0.058510566272549844,0.8037833641119038,0.84735107421875,0.3305244959890841,0.6719566413760185
residual_v2,52,polygonal_holes,117,private-source://routeA_experiments/data/prospective_ood_rd_hddm_alpha001_v2/polygonal_holes/sample_0117.npz,e1cd5ab17ebc52bc630594c80acdbe1ac1cf83a82b72806653c360f585aa540a,0.00648717099102214,0.04128461462269842,0.3877886217885097,0.5868645906448364,0.16600769385695457,0.3896995905041694
residual_v2,52,polygonal_holes,118,private-source://routeA_experiments/data/prospective_ood_rd_hddm_alpha001_v2/polygonal_holes/sample_0118.npz,e0b81737032bd6118a094dfd0c6797f942b4d7ff21e1c6636fe9e0c0fa7456e2,0.006460960954427719,0.052968406976281635,0.6666256137140842,0.7821106910705566,0.3286839991807938,0.6305362701416015
residual_v2,52,polygonal_holes,119,private-source://routeA_experiments/data/prospective_ood_rd_hddm_alpha001_v2/polygonal_holes/sample_0119.npz,274e7d80ddc1fb4c43974f1671c4b357b5fd97510b63ae2caa29395f57fb9bd2,0.00653652404434979,0.05864259974888013,0.7681681801234344,0.8081487268209457,0.38078499361872664,0.6757611200213433
residual_v2,52,polygonal_holes,120,private-source://routeA_experiments/data/prospective_ood_rd_hddm_alpha001_v2/polygonal_holes/sample_0120.npz,a6dd086ec33a9883183e8a146acf4fded479067a6034fee0630258588079fc8d,0.006394323019776493,0.05514319186943567,0.6776410319142995,0.779666543006897,0.3040620625019066,0.6159117078781127
residual_v2,52,polygonal_holes,121,private-source://routeA_experiments/data/prospective_ood_rd_hddm_alpha001_v2/polygonal_holes/sample_0121.npz,ac81dd72fd79f7e2354039b8d04c60f5f5bbfca723e2447359de622ff26efbb1,0.007088701997417957,0.0485232297733171,0.8683723411044381,0.8583444952964783,0.18859178135171525,0.6523442082107067
residual_v2,52,polygonal_holes,122,private-source://routeA_experiments/data/prospective_ood_rd_hddm_alpha001_v2/polygonal_holes/sample_0122.npz,759193356a467c09e2b8edbb533e17359fce60da51877df5de5350a541b599c5,0.007088449026923627,0.05303693510086759,0.8033542080435547,0.8690824508666992,0.27749569118022904,0.6782344040274618
residual_v2,52,polygonal_holes,123,private-source://routeA_experiments/data/prospective_ood_rd_hddm_alpha001_v2/polygonal_holes/sample_0123.npz,043378324eecf8d22f90a8b04f7e31a6758753cb437e9e0dfbe72c96271d4ff4,0.007256761018652469,0.038832970344408545,0.3383832078019149,0.44898462295532227,0.1866838410496711,0.3560407921671867
residual_v2,52,polygonal_holes,124,private-source://routeA_experiments/data/prospective_ood_rd_hddm_alpha001_v2/polygonal_holes/sample_0124.npz,cd51fc274b14dfb5fac39f5cfe064e526357b88b7d094e98b25666df1b414ebf,0.007042311015538871,0.04920419869840026,0.4693148261746519,0.6391670405864716,0.24360364079475394,0.4401517871022224
residual_v2,52,polygonal_holes,125,private-source://routeA_experiments/data/prospective_ood_rd_hddm_alpha001_v2/polygonal_holes/sample_0125.npz,ed9c8de9705fd444fe459e4bfda13bcb047be60ede95d8334f14a4765b9738c1,0.006246348028071225,0.05583298809553295,0.6096404530969004,0.7220214456319809,0.2764359280467033,0.5468682067096233
residual_v2,52,polygonal_holes,126,private-source://routeA_experiments/data/prospective_ood_rd_hddm_alpha001_v2/polygonal_holes/sample_0126.npz,665752506b08a3f3e3fe30b2921a1800be6cc7503caeb2bbb5078b9732f246a1,0.007156103965826333,0.04890872458420997,0.5526829890482944,0.6289695501327515,0.22684933859854933,0.5181818896532059
residual_v2,52,polygonal_holes,127,private-source://routeA_experiments/data/prospective_ood_rd_hddm_alpha001_v2/polygonal_holes/sample_0127.npz,c816a31178bdc5d064cf91181e9c7932847ba43e355ab3c1d6ccd62738e6e38a,0.006270848971325904,0.05605097100303788,0.8194558429673517,0.9442020058631897,0.31350632309913623,0.7808069843053816
residual_v2,52,polygonal_holes,128,private-source://routeA_experiments/data/prospective_ood_rd_hddm_alpha001_v2/polygonal_holes/sample_0128.npz,1ff4fae644b7094e6f782b7b687fd6b1fbd82aac67e72ea7769b3fb09fa6e48f,0.006494363013189286,0.042618919561787406,0.40716282771297707,0.6076236069202423,0.2198396481573581,0.3736920711398124
residual_v2,52,polygonal_holes,129,private-source://routeA_experiments/data/prospective_ood_rd_hddm_alpha001_v2/polygonal_holes/sample_0129.npz,304ae224f67a5af8163de1ab49c40dd4fedca4580b143be96af616abffc6891f,0.007174199039582163,0.04498865045206988,0.6014589576244767,0.6916989982128143,0.26342697292566297,0.5308460772037505
residual_v2,52,polygonal_holes,130,private-source://routeA_experiments/data/prospective_ood_rd_hddm_alpha001_v2/polygonal_holes/sample_0130.npz,e1ce49f7ee7274aa7c46a7774918dbf0b33c86fdbf83110ebf21a577b52b49c2,0.006417180004063994,0.03419127469176927,0.3804161440258064,0.5079234838485718,0.16639588773250566,0.3823260042071341
residual_v2,52,polygonal_holes,131,private-source://routeA_experiments/data/prospective_ood_rd_hddm_alpha001_v2/polygonal_holes/sample_0131.npz,ed41aea98fee101c256811beb8de8b6cd7eaa2613cc541b40b00b980b3f85711,0.007138760003726929,0.03564462059586731,0.35701868184109276,0.523603767156601,0.1599747282452881,0.39534826606512063
residual_v2,52,polygonal_holes,132,private-source://routeA_experiments/data/prospective_ood_rd_hddm_alpha001_v2/polygonal_holes/sample_0132.npz,f6a02e95496e34f2bd023b24cbfad8d8efcd430331804e20e35c1a3a87b3105a,0.00643311400199309,0.05656562691814517,0.6260889811641537,0.7058981657028198,0.28428370207548104,0.5561834627389908
residual_v2,52,polygonal_holes,133,private-source://routeA_experiments/data/prospective_ood_rd_hddm_alpha001_v2/polygonal_holes/sample_0133.npz,2d0b9657c30dbaee8ac6254ea143fd42d06b5d9334a9daae61f959b4d768189d,0.006252093007788062,0.0534168531648326,0.74844637340615,0.8386520147323608,0.33320235759019834,0.7146199125051498
residual_v2,52,polygonal_holes,134,private-source://routeA_experiments/data/prospective_ood_rd_hddm_alpha001_v2/polygonal_holes/sample_0134.npz,6fc1d8ad41d98e5533dcb17000bd621df4413b0bc230e17a01f9f1042863dc00,0.007099513022694737,0.0351595893968911,0.31187391561321265,0.44786182045936584,0.15573070070240647,0.29849435478448866
residual_v2,52,polygonal_holes,135,private-source://routeA_experiments/data/prospective_ood_rd_hddm_alpha001_v2/polygonal_holes/sample_0135.npz,5f7f06f2a09a51cb1bdbf1f8f76c7dcebd7292b16ad5d06e2bd7e5e2a241a7b4,0.007341175980400294,0.04918995244485472,0.9163530874299577,0.8921875208616257,0.20124295428395259,0.6607898293435573
residual_v2,52,polygonal_holes,136,private-source://routeA_experiments/data/prospective_ood_rd_hddm_alpha001_v2/polygonal_holes/sample_0136.npz,00531c0b831dc08973faac55a2933c5636dd9ca8276c59ce5b933fd5d249b087,0.006566183990798891,0.040928370733965824,0.37002289327954874,0.5646941512823105,0.197877849638462,0.39133985906839364
residual_v2,52,polygonal_holes,137,private-source://routeA_experiments/data/prospective_ood_rd_hddm_alpha001_v2/polygonal_holes/sample_0137.npz,d001d2eb3c3220ffed4f07f5378b2f2433947704e933286823ec2f721961990d,0.006422459031455219,0.03878835815531248,0.42847852486490884,0.5433814823627472,0.2085175402462482,0.3907851710915565
residual_v2,52,polygonal_holes,138,private-source://routeA_experiments/data/prospective_ood_rd_hddm_alpha001_v2/polygonal_holes/sample_0138.npz,f220ed2d2bb7df025848597f7eaca2bacd1707ff56291afdc47c8afdf6b2c8b5,0.007005384017247707,0.054025408866834046,0.4826237912703933,0.6349418461322784,0.2622406139969825,0.5117111295461654
residual_v2,52,polygonal_holes,139,private-source://routeA_experiments/data/prospective_ood_rd_hddm_alpha001_v2/polygonal_holes/sample_0139.npz,17b888ed07f6657c9849c552aad413cfe46048c4c7895f05178724c0fa7f87ca,0.006442816054914147,0.06005287530127488,0.8411305471831735,0.9434062242507935,0.33503534998744694,0.7849776977300643
residual_v2,52,polygonal_holes,140,private-source://routeA_experiments/data/prospective_ood_rd_hddm_alpha001_v2/polygonal_holes/sample_0140.npz,e02540d429db3b7126f4bff11bc5fa61a336ec8a85e95e0c1221371ba5a47ef6,0.0071549430140294135,0.049592942289186794,0.8284469704075723,0.9246234148740768,0.25879581272602076,0.553605335652828
residual_v2,52,polygonal_holes,141,private-source://routeA_experiments/data/prospective_ood_rd_hddm_alpha001_v2/polygonal_holes/sample_0141.npz,bb22d84f5f6c83f45e1de2d4ab15f3186ec26d2a148f8904619bdd7a66c8171f,0.007143634022213519,0.062362039218035584,0.8194454223776217,0.9008682370185852,0.4264256507158278,0.7706303352117538
residual_v2,52,polygonal_holes,142,private-source://routeA_experiments/data/prospective_ood_rd_hddm_alpha001_v2/polygonal_holes/sample_0142.npz,a1cc8c41b7c1a468be244e07ec2ff48e53d77459c7644d4e6eb2022f904ed782,0.007278608973138034,0.044229654815237864,0.7441318201235199,0.8329981565475464,0.25032771602272985,0.6294558560848235
residual_v2,52,polygonal_holes,143,private-source://routeA_experiments/data/prospective_ood_rd_hddm_alpha001_v2/polygonal_holes/sample_0143.npz,4b97a95ed4fe7c8cb1b5fa7d4ef80edede472fcfc57e6cfa5eadb9c8a4df27a5,0.007189634954556823,0.06382223453917152,1.1279092685012257,0.9729102849960327,0.26458425926975904,0.7246516971290111
residual_v2,52,polygonal_holes,144,private-source://routeA_experiments/data/prospective_ood_rd_hddm_alpha001_v2/polygonal_holes/sample_0144.npz,3acfb67f378c2daf8e69098ba9558f45f6fc6a8a6e8672333f2e8c054a6bc2bf,0.007137930020689964,0.05710083399138884,1.030722515377538,1.0005015134811401,0.2128913410939272,0.6966329185664651
residual_v2,52,polygonal_holes,145,private-source://routeA_experiments/data/prospective_ood_rd_hddm_alpha001_v2/polygonal_holes/sample_0145.npz,b65d0851c245b707a2ac32228f305f7569c9d1859d64e5f4927b75c27e5a7c2b,0.007207269023638219,0.04384720765818631,0.5082085951536904,0.6835883259773254,0.27012333571910857,0.4909075251221657
residual_v2,52,polygonal_holes,146,private-source://routeA_experiments/data/prospective_ood_rd_hddm_alpha001_v2/polygonal_holes/sample_0146.npz,201b532444ea007bfb07628e9165c885156dffac34abbcb9c7006c661f8345f2,0.0071780679863877594,0.06486816844794097,0.7965640670481345,0.877276599407196,0.3639615029096603,0.7097345316410064
residual_v2,52,polygonal_holes,147,private-source://routeA_experiments/data/prospective_ood_rd_hddm_alpha001_v2/polygonal_holes/sample_0147.npz,d9d3e2c0e75e05c8d6a983a93cdbeec7eefce5027ca61ee3fe73ed223cb22f7a,0.006977185024879873,0.06403551173410164,0.7829410379869248,0.8045612424612045,0.32488124445080757,0.6483797751367092
residual_v2,52,polygonal_holes,148,private-source://routeA_experiments/data/prospective_ood_rd_hddm_alpha001_v2/polygonal_holes/sample_0148.npz,fed8390888705bfd8ae6d9f074b0386d8310a40128ec7eed3742e6689c9930f5,0.007014032977167517,0.056079662583709555,0.7234857314432901,0.8128754496574402,0.3915203869342804,0.6868196493387222
residual_v2,52,polygonal_holes,149,private-source://routeA_experiments/data/prospective_ood_rd_hddm_alpha001_v2/polygonal_holes/sample_0149.npz,1fc1409b3b58a0ee4fe9462eb8610281be13a9e52d04be45b8155c8b093b6826,0.006990362016949803,0.06293070269482794,0.6759370903962625,0.8154194951057434,0.40658525973558407,0.6685206878185272
residual_v2,52,polygonal_holes,150,private-source://routeA_experiments/data/prospective_ood_rd_hddm_alpha001_v2/polygonal_holes/sample_0150.npz,2757539f9ec46c666cbf7b9c228a40503df7a8a8f2124fac5c87a43bd9ed14dc,0.006362618005368859,0.04085939491241397,0.9063705929562844,0.956216037273407,0.15590515807271002,0.6349325573444367
residual_v2,52,polygonal_holes,151,private-source://routeA_experiments/data/prospective_ood_rd_hddm_alpha001_v2/polygonal_holes/sample_0151.npz,891875b4effc70758dab8ca57b0d6819863a7b492d90d1bfdb2bd22bc48d0cad,0.007174896018113941,0.06844159733526693,0.783729174149388,0.8703770637512207,0.3839612066745756,0.7446102336049077
residual_v2,52,polygonal_holes,152,private-source://routeA_experiments/data/prospective_ood_rd_hddm_alpha001_v2/polygonal_holes/sample_0152.npz,56b12d3d13026cd3288b7c1885cbd85b8a1bc4dc3f9807dd8858aa67d50f721d,0.006342782988213003,0.04880633837590652,0.5685228077229759,0.6697453856468201,0.24700370132923125,0.5560494275391101
residual_v2,52,polygonal_holes,153,private-source://routeA_experiments/data/prospective_ood_rd_hddm_alpha001_v2/polygonal_holes/sample_0153.npz,af02edfbeda154165dee016399e47068fbe6b8c0e34593331fe7bf97c763c6ed,0.007246787950862199,0.03756749432972356,0.3227708998911312,0.44410693645477295,0.18509082198143,0.3262997180223464
residual_v2,52,polygonal_holes,154,private-source://routeA_experiments/data/prospective_ood_rd_hddm_alpha001_v2/polygonal_holes/sample_0154.npz,9f4d2ecf074b40c504140d8737b60ab86136700c126bd6eada3ce22b6faeb44d,0.006366739980876446,0.05556963160933922,1.177598460551118,0.9051723182201385,0.2895028164115501,0.5739915843307971
residual_v2,52,polygonal_holes,155,private-source://routeA_experiments/data/prospective_ood_rd_hddm_alpha001_v2/polygonal_holes/sample_0155.npz,b861e6158554f60e3b28f76ec9b128a9430ba6efcbba4fe54c56e55939f03657,0.0071411970420740545,0.04319545584124128,0.5342185516219854,0.6564631462097168,0.2857907213270664,0.49834319949150074
residual_v2,52,polygonal_holes,156,private-source://routeA_experiments/data/prospective_ood_rd_hddm_alpha001_v2/polygonal_holes/sample_0156.npz,14ef70e1036b06a4abd5ecf0c058f87e16a946222fa519b8f637fc45a36d83e7,0.0063566709868609905,0.0437788740625567,0.504909736152868,0.7007279992103577,0.23948529213666908,0.4925486820936202
residual_v2,52,polygonal_holes,157,private-source://routeA_experiments/data/prospective_ood_rd_hddm_alpha001_v2/polygonal_holes/sample_0157.npz,43dda95c9977101aa286a63d0342e83b3917f584fe93b176f50bf6a8863ee6ed,0.0071590960142202675,0.050096285949178615,0.4840404732743707,0.684840977191925,0.2348403862211852,0.5176023972034454
residual_v2,52,polygonal_holes,158,private-source://routeA_experiments/data/prospective_ood_rd_hddm_alpha001_v2/polygonal_holes/sample_0158.npz,d857465c10a280a070d862005f23339c491f8fbd2446b9a5938d6bcd7a0b3a1a,0.00638345698826015,0.04601801704200277,0.6553716675389807,0.7396549582481384,0.2340688318014144,0.5975006222724913
residual_v2,52,polygonal_holes,159,private-source://routeA_experiments/data/prospective_ood_rd_hddm_alpha001_v2/polygonal_holes/sample_0159.npz,f59261ba874c415e72210524ff86466ef1835ff128db62c36864a13b554ff470,0.007199426006991416,0.05091773286844222,0.7146379912095828,0.8941962122917175,0.3039422407746315,0.7580562490224838
residual_v2,52,polygonal_holes,160,private-source://routeA_experiments/data/prospective_ood_rd_hddm_alpha001_v2/polygonal_holes/sample_0160.npz,39068f5d74d06b40549535b8f9ac00e3990cbbfd5ed4bbbfc7773dab1ec0dbbe,0.007036469993181527,0.05690552502392494,0.8148537062954032,0.9157523810863495,0.34842983111739156,0.706127384752035
residual_v2,52,polygonal_holes,161,private-source://routeA_experiments/data/prospective_ood_rd_hddm_alpha001_v2/polygonal_holes/sample_0161.npz,e0831b7cf1e199a8bcddde4a7ba63fda2ec5358332f83876dc46e76b7a76fe72,0.006335889978799969,0.0528631555943781,0.8541612917966306,0.8751641809940338,0.22619202304631442,0.7000268545746803
residual_v2,52,polygonal_holes,162,private-source://routeA_experiments/data/prospective_ood_rd_hddm_alpha001_v2/polygonal_holes/sample_0162.npz,b57aaa46bc4b1f2b322a5c732792b6b0b627be08d494a2d21be8f93f764c1355,0.0070025669992901385,0.044362973788714344,0.459666370099483,0.5642849206924438,0.22667547017335887,0.46866555929183956
residual_v2,52,polygonal_holes,163,private-source://routeA_experiments/data/prospective_ood_rd_hddm_alpha001_v2/polygonal_holes/sample_0163.npz,1a3ca61d865205982770fbfd89f746ec95c9b76d83a2d8a357c31ac000e4dac4,0.006340685999020934,0.04924392083817818,0.443468677943611,0.4749927520751953,0.24884098321199413,0.40661402225494386
residual_v2,52,polygonal_holes,164,private-source://routeA_experiments/data/prospective_ood_rd_hddm_alpha001_v2/polygonal_holes/sample_0164.npz,5d1ee014dbbe40884070a5a39acff629da86c4954a0b4ab2c84a9004a2202fd6,0.0070020100101828575,0.04647598824333528,0.9238529409287108,0.8634783998131752,0.20396010898984965,0.6470710755884646
residual_v2,52,polygonal_holes,165,private-source://routeA_experiments/data/prospective_ood_rd_hddm_alpha001_v2/polygonal_holes/sample_0165.npz,259bca01e7e1d1c29bce2b41b1f1875945b910b6f1079e0f915a7977b1e9f893,0.006399637029971927,0.05160040025901506,0.684868691930765,0.8348018527030945,0.28340310901403404,0.6171989414095878
residual_v2,52,polygonal_holes,166,private-source://routeA_experiments/data/prospective_ood_rd_hddm_alpha001_v2/polygonal_holes/sample_0166.npz,3d0e83e51a41e5c75d0f593269bfee27d32a16acbae58e27343d22ebcff431fa,0.007007252017501742,0.03689109249136765,0.41770851926984076,0.4713720679283142,0.17557516694068903,0.36382407546043394
residual_v2,52,polygonal_holes,167,private-source://routeA_experiments/data/prospective_ood_rd_hddm_alpha001_v2/polygonal_holes/sample_0167.npz,5a819bbcff1e88f2e84bade5f00f2f6aa0ce4917add5aa7ae2c972f7f2b2cd18,0.006338228995446116,0.0646295035545764,0.8022189774777085,0.8796868920326233,0.39943822622299185,0.7519991171360015
residual_v2,52,polygonal_holes,168,private-source://routeA_experiments/data/prospective_ood_rd_hddm_alpha001_v2/polygonal_holes/sample_0168.npz,a7cfabc5b8b40f9786fdf3721f364f746da39dc5df704ef1420678ea5be4ac01,0.006987355009187013,0.0563537659952377,0.8978588958294007,0.9551589787006378,0.3388467125594614,0.7425406931340695
residual_v2,52,polygonal_holes,169,private-source://routeA_experiments/data/prospective_ood_rd_hddm_alpha001_v2/polygonal_holes/sample_0169.npz,f8b53cb3fd333ee1cb8d8489fc281f46ff7543a5218086725429358ac90c93cd,0.006330340984277427,0.06153232396688489,0.8362959873304379,0.9522563815116882,0.41624537631869307,0.7738517813384531
residual_v2,52,polygonal_holes,170,private-source://routeA_experiments/data/prospective_ood_rd_hddm_alpha001_v2/polygonal_holes/sample_0170.npz,531ec76af332ab8ef01be90231b69e059e9a8934f0f93d6913fbf46d169de030,0.007006649975664914,0.03234238189918162,0.30011868860322116,0.3525094985961914,0.17036029919981957,0.27715718030929565
residual_v2,52,polygonal_holes,171,private-source://routeA_experiments/data/prospective_ood_rd_hddm_alpha001_v2/polygonal_holes/sample_0171.npz,947ccbec00e5e3b68cdd69f3e3e633bff7ae1f93b4726f7be992a025d3253c92,0.006357692007441074,0.05450880212668674,0.7001643099678126,0.8680539131164551,0.27866101935505827,0.6829048013687133
residual_v2,52,polygonal_holes,172,private-source://routeA_experiments/data/prospective_ood_rd_hddm_alpha001_v2/polygonal_holes/sample_0172.npz,8f15a2b58c17b5976e89c7be705afee763ca28bc4cc10a072fc3068929a6a3fa,0.006990746012888849,0.05460083978498359,0.7763710136192996,0.8907421827316284,0.28766336292028416,0.6443625444173813
residual_v2,52,polygonal_holes,173,private-source://routeA_experiments/data/prospective_ood_rd_hddm_alpha001_v2/polygonal_holes/sample_0173.npz,44717b5111981b568d6b881d94fc32b107d2c09e4f89110f752fe8fd098ba1a9,0.006355079996865243,0.04416697573094863,0.4019772156637729,0.48120078444480896,0.20163069814443554,0.3963663312792778
residual_v2,52,polygonal_holes,174,private-source://routeA_experiments/data/prospective_ood_rd_hddm_alpha001_v2/polygonal_holes/sample_0174.npz,8b214cc2dccfbd9eeba4a0bbf1cf9592ace0d59fad777f0c1ef1da18aa1c1886,0.0070087380008772016,0.05141489666295532,0.7120004412983774,0.8114696741104126,0.3089627057313914,0.7270004373788833
residual_v2,52,polygonal_holes,175,private-source://routeA_experiments/data/prospective_ood_rd_hddm_alpha001_v2/polygonal_holes/sample_0175.npz,0704e3f9778f3aedbd42b0385e81de58d71e4c2be75d9f126126775ca2425f28,0.006353518983814865,0.040111728488742907,0.37655312971616284,0.4676046371459961,0.2179298993200062,0.33221461445093153
residual_v2,52,polygonal_holes,176,private-source://routeA_experiments/data/prospective_ood_rd_hddm_alpha001_v2/polygonal_holes/sample_0176.npz,a85484a8662f15305a5e709f13d1fa525a418acb00e7250756949427976b2dd8,0.006999208009801805,0.05083859062133317,0.7734012937091717,0.8944833725690842,0.23996360749006257,0.6050215929746627
residual_v2,52,polygonal_holes,177,private-source://routeA_experiments/data/prospective_ood_rd_hddm_alpha001_v2/polygonal_holes/sample_0177.npz,e0a3dc9763664c7fd06c84abf04a136fb5cdfe6c731d8094dd3d83ab720c189f,0.0063849639846012,0.04787737103163925,0.9210999668976871,0.9011475145816803,0.1868963608518242,0.6598440037667751
residual_v2,52,polygonal_holes,178,private-source://routeA_experiments/data/prospective_ood_rd_hddm_alpha001_v2/polygonal_holes/sample_0178.npz,481ca6c6499705706c2f66d7e79f45ecb746cb561d6a77790784658abee41ffe,0.007032591034658253,0.05060610589012551,0.6853552745410052,0.8082788288593292,0.2757263217121362,0.5669536454975604
residual_v2,52,polygonal_holes,179,private-source://routeA_experiments/data/prospective_ood_rd_hddm_alpha001_v2/polygonal_holes/sample_0179.npz,e4bc203a85df9f9977404e82f55cafb59262bc1ce46ea6ffe3b6aa2d04c126dc,0.006367143010720611,0.05476703024298078,0.6563871214205002,0.7572347521781921,0.312761127948761,0.6372400867938995
residual_v2,52,polygonal_holes,180,private-source://routeA_experiments/data/prospective_ood_rd_hddm_alpha001_v2/polygonal_holes/sample_0180.npz,81b84fdac3eccbe8d0928bc38881f8a0dd9d9e18b35f8f47b20caa177985fd3b,0.007004324987065047,0.04932908822112663,0.9259692301511228,0.9404749274253845,0.193368724733591,0.792612890601158
residual_v2,52,polygonal_holes,181,private-source://routeA_experiments/data/prospective_ood_rd_hddm_alpha001_v2/polygonal_holes/sample_0181.npz,5b6cc5d652fa4a1c887c4b0c1e164cd672bb9f5061ad1afead3751e70b213514,0.00635146297281608,0.06205440315395208,0.7828392571147054,0.8741779327392578,0.39286786466836915,0.7836424738168716
residual_v2,52,polygonal_holes,182,private-source://routeA_experiments/data/prospective_ood_rd_hddm_alpha001_v2/polygonal_holes/sample_0182.npz,30d7eccb6acfa738a9e0d813c59d9fc3e7a337f419dc39e253bd748b1985e200,0.007149635988753289,0.05927686214039239,0.7876409568088171,0.8653328716754913,0.3129432581365106,0.6985658079385757
residual_v2,52,polygonal_holes,183,private-source://routeA_experiments/data/prospective_ood_rd_hddm_alpha001_v2/polygonal_holes/sample_0183.npz,1373cf2f076ba6d96d76006b9bac7cafb13fe290e1c8db8eb0a021aa3ea6a877,0.007138341024983674,0.04294637899927567,0.41168540094716766,0.580770879983902,0.21330799534916875,0.3072512099146843
residual_v2,52,polygonal_holes,184,private-source://routeA_experiments/data/prospective_ood_rd_hddm_alpha001_v2/polygonal_holes/sample_0184.npz,ea319e2f477b8255fcaca1a8e04826d40a2c73352b1e4d184424b4c62b2442f5,0.007013570982962847,0.059484022827511716,0.7978007130497671,0.8732175230979919,0.35567913353443137,0.7355463677644729
residual_v2,52,polygonal_holes,185,private-source://routeA_experiments/data/prospective_ood_rd_hddm_alpha001_v2/polygonal_holes/sample_0185.npz,d003b9495650cf787afd4d3ddc6d86135228d769f54ad6312a6280421a596e3a,0.006988665030803531,0.05110153014779066,1.0315599525097001,0.989980936050415,0.19284555371850728,0.7874487644433974
residual_v2,52,polygonal_holes,186,private-source://routeA_experiments/data/prospective_ood_rd_hddm_alpha001_v2/polygonal_holes/sample_0186.npz,842bbbe7603fa9c66898e0d3e41112951c43fa2013c25eff012bda7d90c34fc1,0.0069954219507053494,0.04451286284130665,0.8933652547121415,0.8650724440813065,0.18731685336679219,0.6450477795675394
residual_v2,52,polygonal_holes,187,private-source://routeA_experiments/data/prospective_ood_rd_hddm_alpha001_v2/polygonal_holes/sample_0187.npz,cb2d55c7982505cee18ae54c10f3a2561c5ffa076d5725faf703948555a281cd,0.006969509006012231,0.04850812418927436,1.0582486474317037,0.9597004055976868,0.19269208199111743,0.6247323592752215
residual_v2,52,polygonal_holes,188,private-source://routeA_experiments/data/prospective_ood_rd_hddm_alpha001_v2/polygonal_holes/sample_0188.npz,f3741286ab69ced697a71881032f01ee4b24b51cbaa12f72c9ef12b3e4744498,0.007009787019342184,0.075618672932272,0.6685792277710245,0.7106945216655731,0.4802830666303634,0.6411302959918975
residual_v2,52,polygonal_holes,189,private-source://routeA_experiments/data/prospective_ood_rd_hddm_alpha001_v2/polygonal_holes/sample_0189.npz,f7b805f25ec992fb94efd23e0f85f979f2cf9c135f8ef20d0de20cb17df22844,0.007022221048828214,0.044773583293934015,0.9731582968815098,0.8895902633666992,0.18736303788609798,0.6649590402841568
residual_v2,52,polygonal_holes,190,private-source://routeA_experiments/data/prospective_ood_rd_hddm_alpha001_v2/polygonal_holes/sample_0190.npz,dc1bbc2f69c79f99ee4574dff06f98bba6eb04d44fc3565781bf40b6efbb07e5,0.006999589037150145,0.06318533292786178,0.6743329237596011,0.821952611207962,0.33554801940917955,0.5540542501211165
residual_v2,52,polygonal_holes,191,private-source://routeA_experiments/data/prospective_ood_rd_hddm_alpha001_v2/polygonal_holes/sample_0191.npz,f796f17a8112fa44e52a0f1a214586fb75df4a586120fd92593085ab7070cedd,0.0062729750061407685,0.045948990051419336,0.47191474272981787,0.592172235250473,0.278963281214237,0.4630464172363281
residual_v2,52,polygonal_holes,192,private-source://routeA_experiments/data/prospective_ood_rd_hddm_alpha001_v2/polygonal_holes/sample_0192.npz,dda32192ec953c5b2b30b9664a031c0b2c32c18898206a837abd68a848dc6560,0.006976976990699768,0.04964804542080072,0.6210322531454662,0.7526577115058899,0.2734165012836455,0.6439409947395325
residual_v2,52,polygonal_holes,193,private-source://routeA_experiments/data/prospective_ood_rd_hddm_alpha001_v2/polygonal_holes/sample_0193.npz,a0ecfb23ec91938da78978e535237a93cd3cdb1418404474f7a4b8e5e18ecb0e,0.006296209990978241,0.05197982409357185,0.48303751448296883,0.717803418636322,0.2628425966016948,0.5517408546805381
residual_v2,52,polygonal_holes,194,private-source://routeA_experiments/data/prospective_ood_rd_hddm_alpha001_v2/polygonal_holes/sample_0194.npz,41a07014c34cd5ab4b6bf8fb836e352f25011d3d9ee8ab7718601b8708c98a50,0.00633180805016309,0.04983427904255425,0.5334559112060461,0.6665215492248535,0.31177044976502644,0.5728051859140396
residual_v2,52,polygonal_holes,195,private-source://routeA_experiments/data/prospective_ood_rd_hddm_alpha001_v2/polygonal_holes/sample_0195.npz,bd513e0febd4c5373d80e2b7dcdd2b9486ed4ac7e6bc9ee5eb9dc273983b9ffe,0.006409127032384276,0.05372209886777564,1.0608715650758207,0.9423420429229736,0.230582863278687,0.7283730673789978
residual_v2,52,polygonal_holes,196,private-source://routeA_experiments/data/prospective_ood_rd_hddm_alpha001_v2/polygonal_holes/sample_0196.npz,cb48f01e7dd800b18ce7cbe2c18858c2d9a44d38e5be7cf20f5254eafdbd0bf2,0.007025756000075489,0.04875330385240052,0.5339560281598479,0.7825652360916138,0.2057252898812294,0.4921058654785156
residual_v2,52,polygonal_holes,197,private-source://routeA_experiments/data/prospective_ood_rd_hddm_alpha001_v2/polygonal_holes/sample_0197.npz,d9edb4456fdfb320e3e8eddde4e164e04f26d3682accae421c9cb62372882d05,0.006479039031546563,0.04779670451725679,0.49343848971945686,0.5805942714214325,0.2848816648125647,0.48353806287050244
residual_v2,52,polygonal_holes,198,private-source://routeA_experiments/data/prospective_ood_rd_hddm_alpha001_v2/polygonal_holes/sample_0198.npz,2bb222fb19e2658b1507bbec54c6820e146fa9b42297978674b5e3f02f9f1c57,0.007024903956335038,0.04654429818276892,0.5266352406274343,0.6532784700393677,0.2775811538100242,0.5410871341824531
residual_v2,52,polygonal_holes,199,private-source://routeA_experiments/data/prospective_ood_rd_hddm_alpha001_v2/polygonal_holes/sample_0199.npz,2eec775368a54d0cff3644f18d86a5d5b2aa3329ce09ee599ee904145cc74303,0.006255276035517454,0.06015245139857774,0.6434274691333853,0.7224584817886353,0.39386327713727937,0.6304746848344803
residual_v2,52,star_concave,0,private-source://routeA_experiments/data/prospective_ood_rd_hddm_alpha001_v2/star_concave/sample_0000.npz,009d2bb9aad63b794132f3b8fa2904650b88fb7b6b2d61561be4048deacc458b,0.006167080951854587,0.09283441175996823,0.7195467049134031,0.843645453453064,0.4787934243679044,0.7239730238914488
residual_v2,52,star_concave,1,private-source://routeA_experiments/data/prospective_ood_rd_hddm_alpha001_v2/star_concave/sample_0001.npz,4e70bd655e98ee3d6e109ea5eb742794f0fa72f85104a738094fee80b6acaf70,0.005844640953000635,0.07282109486977298,0.4176793262549692,0.5776688158512115,0.3401581242680551,0.48149031281471255
residual_v2,52,star_concave,2,private-source://routeA_experiments/data/prospective_ood_rd_hddm_alpha001_v2/star_concave/sample_0002.npz,fb14453d8d3f30cf873c46a5e14b387674862f03260073cd0d05ebb7cb7f1faa,0.005760669009760022,0.08823239225718871,0.7949219446116688,0.8655864000320435,0.5468797713518142,0.8033692872524263
residual_v2,52,star_concave,3,private-source://routeA_experiments/data/prospective_ood_rd_hddm_alpha001_v2/star_concave/sample_0003.npz,7b84face7333f39614fc62902f773a61730f623c80ef7fa990749cc5c4756204,0.006434470997191966,0.0793658811416324,0.5433134512731922,0.7030476927757263,0.41870232820510844,0.5775978934764862
residual_v2,52,star_concave,4,private-source://routeA_experiments/data/prospective_ood_rd_hddm_alpha001_v2/star_concave/sample_0004.npz,51a91eacf8ce921d71c6041d09cfae819f22d841cf2ffd3c2df664040d51186e,0.005754515994340181,0.08457086638087481,0.4562820151932127,0.6616954207420349,0.3761597812175751,0.5095664381980899
residual_v2,52,star_concave,5,private-source://routeA_experiments/data/prospective_ood_rd_hddm_alpha001_v2/star_concave/sample_0005.npz,6e222ada1b7d437bd5643c1ff273ebd5652f1f27b6415d45a1958ab41cdbedf5,0.006796457048039883,0.06740273067557309,0.36112083363242914,0.4952044188976288,0.3093930840492247,0.4403717851638795
residual_v2,52,star_concave,6,private-source://routeA_experiments/data/prospective_ood_rd_hddm_alpha001_v2/star_concave/sample_0006.npz,b575a4b1e23727607195accc5ab1eb6869a2fe6423bab8f28602429896d7ffb8,0.006934279983397573,0.057905279528159,0.32401406444130754,0.4624983072280884,0.2783276468515392,0.3675405287742616
residual_v2,52,star_concave,7,private-source://routeA_experiments/data/prospective_ood_rd_hddm_alpha001_v2/star_concave/sample_0007.npz,f97196e6f221830b1e3373486ee49466c07c1eb5991df8cbb16605589a488f5d,0.00663160695694387,0.10774884871542745,0.7268162351462483,0.8335262537002563,0.557521769404411,0.73700807929039
residual_v2,52,star_concave,8,private-source://routeA_experiments/data/prospective_ood_rd_hddm_alpha001_v2/star_concave/sample_0008.npz,244ac733232159a2a5cf34edfc0a50b5a2b69b36712de1f4063f137198172f85,0.006560338020790368,0.06435710067025446,0.37950528915677045,0.5465775728225708,0.2911127030849457,0.4453212010860444
residual_v2,52,star_concave,9,private-source://routeA_experiments/data/prospective_ood_rd_hddm_alpha001_v2/star_concave/sample_0009.npz,865cc26d2e038bce27105da09cc105452f707c4d4a4472925cb326eed10ece20,0.006652562995441258,0.0996416923293718,0.6437678947329883,0.7375500202178955,0.4811348631978032,0.6581212759017944
residual_v2,52,star_concave,10,private-source://routeA_experiments/data/prospective_ood_rd_hddm_alpha001_v2/star_concave/sample_0010.npz,1f4c91ba0f07fa9f6a175cb7d943878655d47fdbdb5f2efeac3ac31f77329fcd,0.005859239958226681,0.05721849695746028,0.33199481299446226,0.4997037649154663,0.25945810973644257,0.38259269297122955
residual_v2,52,star_concave,11,private-source://routeA_experiments/data/prospective_ood_rd_hddm_alpha001_v2/star_concave/sample_0011.npz,d05537de94b82a7904e0ead39deb6c54104c0ef42cea8bd4e9988913d494a83b,0.006898029998410493,0.10120238247683791,0.7638806909437917,0.8749845623970032,0.5225341320037833,0.7514394330978398
residual_v2,52,star_concave,12,private-source://routeA_experiments/data/prospective_ood_rd_hddm_alpha001_v2/star_concave/sample_0012.npz,847d2b1c823f4408679f58979310ced7f8afe8a4c3b19a24d4319e73d2076d28,0.006236632994841784,0.07558215392463057,0.5594423188683555,0.7243416905403137,0.40349967479705784,0.6025166893005363
residual_v2,52,star_concave,13,private-source://routeA_experiments/data/prospective_ood_rd_hddm_alpha001_v2/star_concave/sample_0013.npz,3fe68d6905e52aed96d1f6f6f4cbe94d1f51a46ec4751e2c26ac9892e870ac18,0.0068481070338748395,0.059270670963167654,0.29795314551397006,0.5313092768192291,0.26046850085258455,0.39516170144081114
residual_v2,52,star_concave,14,private-source://routeA_experiments/data/prospective_ood_rd_hddm_alpha001_v2/star_concave/sample_0014.npz,98f86dc2bf4c9917d734d87999b0e333966cb92d96944b9e3a10a574bc3370b9,0.0064852850046008825,0.07177872816383957,0.8459650679103518,0.9494108855724335,0.40506708621978715,0.7586898398399347
residual_v2,52,star_concave,15,private-source://routeA_experiments/data/prospective_ood_rd_hddm_alpha001_v2/star_concave/sample_0015.npz,fba340201e6025122f0cb1aa5a625e4ebb7a3504c0f9bf568c4b44c2453eab2f,0.006406001979485154,0.07933890342623333,0.4931483657738938,0.6564307510852814,0.42619090974330887,0.593306941986084
residual_v2,52,star_concave,16,private-source://routeA_experiments/data/prospective_ood_rd_hddm_alpha001_v2/star_concave/sample_0016.npz,11c4e40719a66e3ebb706e7cb800f94d382019f44e94ec85fe48ea3ec624cc4b,0.006472959008533508,0.08549230707616398,0.6417948834145989,0.769252359867096,0.47090757116675375,0.7058185902237888
residual_v2,52,star_concave,17,private-source://routeA_experiments/data/prospective_ood_rd_hddm_alpha001_v2/star_concave/sample_0017.npz,534607ed78b318ae68ab40a4d9a3980e1a5c64084762fc4b8475968cab9bb3bd,0.0057680499739944935,0.07890300950365552,0.7832245921804094,0.8921132683753967,0.4965136289596555,0.8033140408992766
residual_v2,52,star_concave,18,private-source://routeA_experiments/data/prospective_ood_rd_hddm_alpha001_v2/star_concave/sample_0018.npz,7adaa9e1f0617e585e5d168eb48820003ec9fc031681cd26516d363ffd04328d,0.0067278550122864544,0.1025607202484275,0.6753917749186846,0.7533002495765686,0.5003388673067084,0.697503341436386
residual_v2,52,star_concave,19,private-source://routeA_experiments/data/prospective_ood_rd_hddm_alpha001_v2/star_concave/sample_0019.npz,f3759305bef8481b2756c6d9ec9fee197aa11185d2fabb3a2e12ab02723ee5e0,0.005904982041101903,0.07171430645502294,0.3682548586593673,0.6348282992839813,0.30812203139066696,0.46448386162519495
residual_v2,52,star_concave,20,private-source://routeA_experiments/data/prospective_ood_rd_hddm_alpha001_v2/star_concave/sample_0020.npz,dfd07f4fdae3c4b6150501a4e95619273fb09daa59e9478d21c8464a21d2ffc6,0.006737329997122288,0.09193128428289685,0.7326082458635745,0.8155308365821838,0.5243817150592792,0.762138731479645
residual_v2,52,star_concave,21,private-source://routeA_experiments/data/prospective_ood_rd_hddm_alpha001_v2/star_concave/sample_0021.npz,3e932800183b8daa7efd551da65f2ff1400f15f2772817e610796baf64527c9a,0.005762030021287501,0.08789431024017139,0.5374526885479092,0.6716499328613281,0.42820811271667486,0.5977712792158131
residual_v2,52,star_concave,22,private-source://routeA_experiments/data/prospective_ood_rd_hddm_alpha001_v2/star_concave/sample_0022.npz,e59220a03ee588f4d0e70933b8159e2126e45953cd84f648928aedb295e2d081,0.006472924025729299,0.1111607355831086,0.645492991064789,0.8280358910560608,0.5187792658805847,0.6897829198837274
residual_v2,52,star_concave,23,private-source://routeA_experiments/data/prospective_ood_rd_hddm_alpha001_v2/star_concave/sample_0023.npz,17bae540596796b03e7a95a97ad0cf945587f7ff8e9f44c9cce961c2574b81b0,0.005802688014227897,0.0916516666630196,0.5840431266441418,0.8120943903923035,0.45262080430984497,0.658069857954979
residual_v2,52,star_concave,24,private-source://routeA_experiments/data/prospective_ood_rd_hddm_alpha001_v2/star_concave/sample_0024.npz,9f190b5fe5c1ddecf149bf3831ed66888f1e09a84d81196006c11f5c214d28c6,0.005781346990261227,0.09679881402704732,0.5904234423464408,0.7697748839855194,0.4546184897422778,0.6034823614358903
residual_v2,52,star_concave,25,private-source://routeA_experiments/data/prospective_ood_rd_hddm_alpha001_v2/star_concave/sample_0025.npz,2add91952026915ae8ee90b1f1626a327209949a94357811791d4add186f8b6b,0.006444051978178322,0.07292807298375559,0.4615695284826058,0.5674817860126495,0.3536896616220472,0.5068697911500933
residual_v2,52,star_concave,26,private-source://routeA_experiments/data/prospective_ood_rd_hddm_alpha001_v2/star_concave/sample_0026.npz,7c60403165ae348c442df8620e166f060722ffe55139cb507fb6b3b0315acd67,0.0056862569763325155,0.08622438866261187,0.6733232893818287,0.7761280536651611,0.5050857752561568,0.7023447239398954
residual_v2,52,star_concave,27,private-source://routeA_experiments/data/prospective_ood_rd_hddm_alpha001_v2/star_concave/sample_0027.npz,fcd28480ca1c369f591deb0760e991331bd2cf87de1f1ca707e06c2ffdf85715,0.006157945957966149,0.08779800186605809,0.5793494507278748,0.6929017305374146,0.47057808637619014,0.6113529834151268
residual_v2,52,star_concave,28,private-source://routeA_experiments/data/prospective_ood_rd_hddm_alpha001_v2/star_concave/sample_0028.npz,97d115498a24206fd9a94b8e6ea8743ffb7337ed20941efef291ca99b062fb3d,0.006744248967152089,0.10093610715240914,0.7763468740888523,0.8480063676834106,0.5057512551546096,0.7842644768953323
residual_v2,52,star_concave,29,private-source://routeA_experiments/data/prospective_ood_rd_hddm_alpha001_v2/star_concave/sample_0029.npz,b912306c3e4cf84f055f4027c6cbc49c3fe645a5fc0bf485bb647d711e1ff63b,0.006512404012028128,0.09203200008567972,0.4988758609043916,0.6164682507514954,0.3877460569143294,0.46675315320491795
residual_v2,52,star_concave,30,private-source://routeA_experiments/data/prospective_ood_rd_hddm_alpha001_v2/star_concave/sample_0030.npz,1bd349edcd0fe24a85799a24dcbb53d56be86031ab54fcf679a4c4fde7107b8f,0.00649105099728331,0.07992833318251633,0.5154975571207218,0.6823610067367554,0.3872029185295105,0.6146207988262185
residual_v2,52,star_concave,31,private-source://routeA_experiments/data/prospective_ood_rd_hddm_alpha001_v2/star_concave/sample_0031.npz,3daaf895b3c605d8206001223ea51987d492384cfc95cffaef6b71828270eefc,0.006445770035497844,0.08405998406980793,0.5668295198423475,0.6649948358535767,0.42605105489492395,0.5874676066637041
residual_v2,52,star_concave,32,private-source://routeA_experiments/data/prospective_ood_rd_hddm_alpha001_v2/star_concave/sample_0032.npz,49be9ff94661381e2571a267aba1a2060d7d7268dd348b9eb212f6af9b9674e3,0.0061274279723875225,0.08246182627793855,0.6119042950973397,0.8159549236297607,0.4639395937323569,0.7333403801918029
residual_v2,52,star_concave,33,private-source://routeA_experiments/data/prospective_ood_rd_hddm_alpha001_v2/star_concave/sample_0033.npz,e906aed2368936d827726997a5afb6856dea5ac228d3b90f881ec10af09186d9,0.006951481977012008,0.08693613919664875,0.6702518143448313,0.7602162957191467,0.5085789620876311,0.6818280002474784
residual_v2,52,star_concave,34,private-source://routeA_experiments/data/prospective_ood_rd_hddm_alpha001_v2/star_concave/sample_0034.npz,ae0a839396f99c4485788322b985c85386b92669d4e870cd7a2410af15f5c24d,0.00623643200378865,0.09131289373094365,0.4321132822105538,0.6065913140773773,0.41438060998916626,0.5336245223879814
residual_v2,52,star_concave,35,private-source://routeA_experiments/data/prospective_ood_rd_hddm_alpha001_v2/star_concave/sample_0035.npz,fb59f617f0622c77d8fbb2f2fe1967a6c60ff2dc46aaa3b2084991efd399b23f,0.006739154981914908,0.07872117663661922,0.5802413803756656,0.7768553197383881,0.4453829362988471,0.5988744044303892
residual_v2,52,star_concave,36,private-source://routeA_experiments/data/prospective_ood_rd_hddm_alpha001_v2/star_concave/sample_0036.npz,528b84c8ea17fb027544a4127081236bfc722f3a0ec2d9cbe46edd1bbc9ae09d,0.006626945978496224,0.08411616983326799,0.6395940978188532,0.7840726375579834,0.42246040403842794,0.7189089861512183
residual_v2,52,star_concave,37,private-source://routeA_experiments/data/prospective_ood_rd_hddm_alpha001_v2/star_concave/sample_0037.npz,ce4278bd066e42581dd68ea2402f3e7e51495b54c38492e0d6cfe639baedcd5f,0.006853200029581785,0.08010964902063664,0.404066969642425,0.5474952161312103,0.33565952479839334,0.4613085496425629
residual_v2,52,star_concave,38,private-source://routeA_experiments/data/prospective_ood_rd_hddm_alpha001_v2/star_concave/sample_0038.npz,6ba9092a7f68d6d13493fceadb5e908dc631b20b2a917da96f2634c547cb7849,0.006574615021236241,0.07189462510697223,0.3734866524881834,0.4921165406703949,0.3164158165454865,0.436796500682831
residual_v2,52,star_concave,39,private-source://routeA_experiments/data/prospective_ood_rd_hddm_alpha001_v2/star_concave/sample_0039.npz,22652a3d0dc5499ddc059fd0199f955f000a9224a1f5619549bd84fa34b70755,0.006912639015354216,0.07626563885236819,0.48657671751652154,0.6722614467144012,0.36232822537422127,0.6154243990778924
residual_v2,52,star_concave,40,private-source://routeA_experiments/data/prospective_ood_rd_hddm_alpha001_v2/star_concave/sample_0040.npz,979af9334c1802b981da270d5875fa0c7b9ece1cdeae2d7ddab565fa7e35c3b0,0.006587320996914059,0.07913904180661627,0.5355782377911207,0.7274543642997742,0.40306906104087814,0.6139852684736244
residual_v2,52,star_concave,41,private-source://routeA_experiments/data/prospective_ood_rd_hddm_alpha001_v2/star_concave/sample_0041.npz,3e594e2e6d2ad746bc0157e3521e1d1f6090b162a1b92253789085a2dbb47654,0.006845668016467243,0.0893095421956333,0.5502191177467542,0.7827134728431702,0.4076985061168659,0.6100868773460381
residual_v2,52,star_concave,42,private-source://routeA_experiments/data/prospective_ood_rd_hddm_alpha001_v2/star_concave/sample_0042.npz,c4c10181a5a8723bab009727251b85f91867206e2a7e7b2f496d7cbd97bde9f3,0.006610821990761906,0.10182666001334648,0.741212789116206,0.8379597067832947,0.5245679259300228,0.765915670394898
residual_v2,52,star_concave,43,private-source://routeA_experiments/data/prospective_ood_rd_hddm_alpha001_v2/star_concave/sample_0043.npz,60596fdaece0c19a7997da29479b7375b7dab588e93a500a17be8ad6540c5652,0.006657258025370538,0.08624484513416411,0.5080923663489311,0.5846173167228699,0.3864258706569672,0.5058267849683761
residual_v2,52,star_concave,44,private-source://routeA_experiments/data/prospective_ood_rd_hddm_alpha001_v2/star_concave/sample_0044.npz,1383081fd3815f2104988ac35e4d709121c4e13596804ade49dc4e610ea86679,0.006539858994074166,0.08685009637616374,0.5450594329110136,0.7081365883350372,0.44375705420970885,0.6302676182985302
residual_v2,52,star_concave,45,private-source://routeA_experiments/data/prospective_ood_rd_hddm_alpha001_v2/star_concave/sample_0045.npz,023263165e13e05a212e40ecd70a27ba52200197231297219582d7e5bba3dbe2,0.006995576957706362,0.08705014863276837,0.5508442966924907,0.6592386364936829,0.44844702333211867,0.5931911635398852
residual_v2,52,star_concave,46,private-source://routeA_experiments/data/prospective_ood_rd_hddm_alpha001_v2/star_concave/sample_0046.npz,b15ee5f6922f4f24ee7033154d443e62434bd3a3733663097faabea670e06fc7,0.006308949028607458,0.06660235511744751,0.3340576340208626,0.4891016483306885,0.2762869834899902,0.39356679677963186
residual_v2,52,star_concave,47,private-source://routeA_experiments/data/prospective_ood_rd_hddm_alpha001_v2/star_concave/sample_0047.npz,0dd14136387bff8f2e808a1c1b23f92c0b77dcb3e67f86d25f7d8837c77575de,0.006575717008672655,0.06615562188975316,0.4233748481476244,0.5541167259216309,0.3305945754051209,0.5081497395038602
residual_v2,52,star_concave,48,private-source://routeA_experiments/data/prospective_ood_rd_hddm_alpha001_v2/star_concave/sample_0048.npz,170d40f333deaba43a45d4d2ea6cd73468bae603f4b0069e39c6200efecb0bcf,0.006361852982081473,0.05810758752663535,0.29902100119529923,0.40320301055908203,0.24082142114639282,0.36082823276519777
residual_v2,52,star_concave,49,private-source://routeA_experiments/data/prospective_ood_rd_hddm_alpha001_v2/star_concave/sample_0049.npz,3baa64b964e40f4d041934f78d820db94115a9f893482d40b5eb2c6868bd541f,0.005802475963719189,0.10888765604268527,0.781159015822699,0.8581334948539734,0.5946028232574463,0.8225186228752137
residual_v2,52,star_concave,50,private-source://routeA_experiments/data/prospective_ood_rd_hddm_alpha001_v2/star_concave/sample_0050.npz,1736fc66548c7d2e863a00e32a752906c88a567b1201f17522a5ad4de2a710f4,0.005831451038829982,0.08273210182449037,0.5882376368295837,0.8086414933204651,0.4173254519701002,0.6990134537220001
residual_v2,52,star_concave,51,private-source://routeA_experiments/data/prospective_ood_rd_hddm_alpha001_v2/star_concave/sample_0051.npz,bbee14e14361425abba154c6f545f34a6bc8991bef7312742393d461406dd03c,0.0057896520011126995,0.0836993558392541,0.5845330482798011,0.7082646489143372,0.41656850576400745,0.6142637231945974
residual_v2,52,star_concave,52,private-source://routeA_experiments/data/prospective_ood_rd_hddm_alpha001_v2/star_concave/sample_0052.npz,ed45abe2c84a6a7a838830e4de837fa03cd05b8d959f2f8f0ce1a9d1d8665108,0.006211747007910162,0.10288618556707355,0.7225598661973702,0.8592905402183533,0.5713934779167176,0.7554135560989378
residual_v2,52,star_concave,53,private-source://routeA_experiments/data/prospective_ood_rd_hddm_alpha001_v2/star_concave/sample_0053.npz,2cde7d03eeb67287459dbeac592a42bb82c4515f561e6dd2b826e65efe9946be,0.006310535944066942,0.05697150473592601,0.29523249518486505,0.42149651050567627,0.23025045841932293,0.33956755518913273
residual_v2,52,star_concave,54,private-source://routeA_experiments/data/prospective_ood_rd_hddm_alpha001_v2/star_concave/sample_0054.npz,4cba00e0ed66cb2ac4d45603705ee8ce4570c268262d907c90c92a3a53a03f37,0.006832886021584272,0.07900836046951464,0.4108069117551701,0.5458094775676727,0.35232791900634747,0.446792502999306
residual_v2,52,star_concave,55,private-source://routeA_experiments/data/prospective_ood_rd_hddm_alpha001_v2/star_concave/sample_0055.npz,dce22efcf9ad447d20a4f5bed0795d0132c8276ec8fd03667f04f5c47805d3f3,0.006232700019609183,0.06305763876333008,0.36682324463995003,0.5264697670936584,0.3299251705408095,0.46789034485816916
residual_v2,52,star_concave,56,private-source://routeA_experiments/data/prospective_ood_rd_hddm_alpha001_v2/star_concave/sample_0056.npz,235646d85b8c07970a3d8b865ffe8b58eda9eb036fb639d49673bb58d73de474,0.006833216990344226,0.05896012294379802,0.3248413569346073,0.5238199234008789,0.2638711392879484,0.3604319894313812
residual_v2,52,star_concave,57,private-source://routeA_experiments/data/prospective_ood_rd_hddm_alpha001_v2/star_concave/sample_0057.npz,fba47c2f217c4b06672bfd7c97f817bd5a9470721ee275dd6011e375a632fe55,0.006222572003025562,0.09757231704741502,0.6186779751347435,0.7438200116157532,0.435378982126713,0.5929000931978226
residual_v2,52,star_concave,58,private-source://routeA_experiments/data/prospective_ood_rd_hddm_alpha001_v2/star_concave/sample_0058.npz,18c38148eac2df3c48d00500e74d23a957b100253e58db77dda149b67191d166,0.006597205996513367,0.09080516477549563,0.6806032739139151,0.7894891500473022,0.5144391655921932,0.6939643931388856
residual_v2,52,star_concave,59,private-source://routeA_experiments/data/prospective_ood_rd_hddm_alpha001_v2/star_concave/sample_0059.npz,f9d7dc0bbca24cb8eb66c7b813db7c767b0d3758dcf605d732bbcb3fea82bdc9,0.005812383955344558,0.08492171070208414,0.5840404284429271,0.7005965709686279,0.43344463109970127,0.5703812527656559
residual_v2,52,star_concave,60,private-source://routeA_experiments/data/prospective_ood_rd_hddm_alpha001_v2/star_concave/sample_0060.npz,ad8bdeb51e8207d14e6ab8946808203d53cfbcd39ebdfb58ff8542e60a2ce5f7,0.00670224498026073,0.09418469282444392,0.5519918201018217,0.7158027291297913,0.4092007368803024,0.5960469722747802
residual_v2,52,star_concave,61,private-source://routeA_experiments/data/prospective_ood_rd_hddm_alpha001_v2/star_concave/sample_0061.npz,6a8d098fa3cf0e8607b55e7b07d030a5a0586678285f123530f988ef18a29c9f,0.005729474010877311,0.08995064304308892,0.5401366846214054,0.622173547744751,0.41036456823349,0.529440772533417
residual_v2,52,star_concave,62,private-source://routeA_experiments/data/prospective_ood_rd_hddm_alpha001_v2/star_concave/sample_0062.npz,af2aa6263843eda66dc7a1fab1c879ffb7c49c81b11d63bf66e6a1d95823b5c9,0.006496718036942184,0.07952035128694764,0.4153019358130956,0.4718671441078186,0.3660821914672851,0.4270275330543524
residual_v2,52,star_concave,63,private-source://routeA_experiments/data/prospective_ood_rd_hddm_alpha001_v2/star_concave/sample_0063.npz,1d64b549093de73ce0aefc5a37a4f60e6d676c1cd705eb98d536ff5d4bef87a7,0.006525678967591375,0.06614021362489368,0.43444986207211617,0.6662214398384094,0.31744502037763594,0.5282007193565369
residual_v2,52,star_concave,64,private-source://routeA_experiments/data/prospective_ood_rd_hddm_alpha001_v2/star_concave/sample_0064.npz,df2e0d7751b94355ed613e5666bca2fb52173d2dcd42ae84fc71ea01084f44df,0.00659206003183499,0.1000797679080053,0.669279673343445,0.7659958899021149,0.5239789456129074,0.7000411263108253
residual_v2,52,star_concave,65,private-source://routeA_experiments/data/prospective_ood_rd_hddm_alpha001_v2/star_concave/sample_0065.npz,6be62c8bf97c5e0d45b37e969d56e99f2cd1a93cbfa17aff04e3123165f38d67,0.006505818979348987,0.07540672972387479,0.4072975670786502,0.5303974747657776,0.3396150857210159,0.5002062195539475
residual_v2,52,star_concave,66,private-source://routeA_experiments/data/prospective_ood_rd_hddm_alpha001_v2/star_concave/sample_0066.npz,0b6d24abc0a7ac7e8c177054dfeb0fe09760ac17f68380edd5064919b3f5a1cb,0.006872607977129519,0.09684328330656247,0.7560731452970288,0.8245684504508972,0.49417591094970703,0.7235964775085453
residual_v2,52,star_concave,67,private-source://routeA_experiments/data/prospective_ood_rd_hddm_alpha001_v2/star_concave/sample_0067.npz,0ca774ec08694066988a6ae4ef908c7dfb68e93c52137929de1a67ca05e2995a,0.006901009997818619,0.07132251935588887,0.36744154034086157,0.5252739489078522,0.31097546815872196,0.4324673891067504
residual_v2,52,star_concave,68,private-source://routeA_experiments/data/prospective_ood_rd_hddm_alpha001_v2/star_concave/sample_0068.npz,e76410fee1405db62c2b1b1129e514e7332ae0d1c54b743f299ee2fd119d95d8,0.006654760974925011,0.07378278322239537,0.6153089120704206,0.7057126760482788,0.44320607334375384,0.6201178386807443
residual_v2,52,star_concave,69,private-source://routeA_experiments/data/prospective_ood_rd_hddm_alpha001_v2/star_concave/sample_0069.npz,364b7c5d47826d22443658d1cb9c8b05008763aa6dd8a85bfa73678203751c21,0.006852263992186636,0.08217045725635007,0.5434447684548646,0.70450559258461,0.40967334657907467,0.5705068147182464
residual_v2,52,star_concave,70,private-source://routeA_experiments/data/prospective_ood_rd_hddm_alpha001_v2/star_concave/sample_0070.npz,7ae2d6139034f24d5fa0ecd56cf638c38a469593bfea66160f4a003c37c778af,0.006893609999679029,0.10675638919061073,0.8308978919092742,0.890876293182373,0.5931840538978577,0.8261555433273315
residual_v2,52,star_concave,71,private-source://routeA_experiments/data/prospective_ood_rd_hddm_alpha001_v2/star_concave/sample_0071.npz,387823e996225fc808f345546490c6cfd199eedc7843a0aa5f39fe248acd4320,0.006795594003051519,0.10447902223184137,0.8027595064897008,0.9183074235916138,0.580320879817009,0.8377239108085632
residual_v2,52,star_concave,72,private-source://routeA_experiments/data/prospective_ood_rd_hddm_alpha001_v2/star_concave/sample_0072.npz,35ccb4b6c6fd7f8c488468219502bff16e032bd7df63bc8f74d635a6bc181457,0.006247689016163349,0.07369462057274104,0.3551219796915755,0.48820701241493225,0.30991480350494355,0.39588546454906404
residual_v2,52,star_concave,73,private-source://routeA_experiments/data/prospective_ood_rd_hddm_alpha001_v2/star_concave/sample_0073.npz,2738195cdbe5996a364285abc0046a1cb2d15377f53b9fe666c06434481dc2f6,0.006797855021432042,0.08113146783016759,0.8767889653897686,0.9169006049633026,0.43229336291551584,0.791382921040059
residual_v2,52,star_concave,74,private-source://routeA_experiments/data/prospective_ood_rd_hddm_alpha001_v2/star_concave/sample_0074.npz,d0d1391ed00492cecce69dfa827b340324d88adf3a584bf7899bf2ea4cc0314a,0.00585556001169607,0.09413390210026273,0.784420523772696,0.8563852310180664,0.527939859032631,0.7995279541611668
residual_v2,52,star_concave,75,private-source://routeA_experiments/data/prospective_ood_rd_hddm_alpha001_v2/star_concave/sample_0075.npz,592a563399989b953ca42755b7dcf3082863fbc8512c089d574642d62bfa768f,0.005748407042119652,0.06504659807204784,0.3798188273647902,0.5786798596382141,0.2968580961227416,0.5112111973762512
residual_v2,52,star_concave,76,private-source://routeA_experiments/data/prospective_ood_rd_hddm_alpha001_v2/star_concave/sample_0076.npz,833a3a6d3d9ddba1bac61edee72bfdfb032a4ad685b0cec46d80805537b407fb,0.006106764019932598,0.057463963220598845,0.27176066254897197,0.34635668992996216,0.23224593698978424,0.3061460092663765
residual_v2,52,star_concave,77,private-source://routeA_experiments/data/prospective_ood_rd_hddm_alpha001_v2/star_concave/sample_0077.npz,cfd4cb676fb49608dfc569217160e8783cceaeb7579e08c111f5b81d17f661e2,0.006506019039079547,0.09644960503304593,0.6412866632097364,0.7098136842250824,0.5158925652503967,0.6728125512599945
residual_v2,52,star_concave,78,private-source://routeA_experiments/data/prospective_ood_rd_hddm_alpha001_v2/star_concave/sample_0078.npz,7f023420213a2f7e2fd89a7dba911906863dce1e53ef77466750637ab128e623,0.006273372040595859,0.07381408993768128,0.4970469165585062,0.7030397653579712,0.35693800449371293,0.577536758184431
residual_v2,52,star_concave,79,private-source://routeA_experiments/data/prospective_ood_rd_hddm_alpha001_v2/star_concave/sample_0079.npz,af0530854ecbd25049782a6643d0e28babcca47a66f81ffebbdeb2bee3d4add5,0.006431464978959411,0.07472939924520991,0.4349268092965114,0.6091838777065277,0.4081452637910843,0.519763320684433
residual_v2,52,star_concave,80,private-source://routeA_experiments/data/prospective_ood_rd_hddm_alpha001_v2/star_concave/sample_0080.npz,0d8bf642f804cdb4c44ec3c97a7c8aa4aee2892c6e9e3f5615119b6231c98adb,0.0063085880246944726,0.0832278008449784,0.5621949995969147,0.6643532514572144,0.4655921682715411,0.6165520775318146
residual_v2,52,star_concave,81,private-source://routeA_experiments/data/prospective_ood_rd_hddm_alpha001_v2/star_concave/sample_0081.npz,fcf2bf5bfee08e8bfdd64849976df45af7e75bffcb95d99bd5340ec6e971576b,0.006710983987431973,0.1028048616597176,0.754272407712451,0.9069097638130188,0.5184019446372982,0.7595537137985223
residual_v2,52,star_concave,82,private-source://routeA_experiments/data/prospective_ood_rd_hddm_alpha001_v2/star_concave/sample_0082.npz,eecebee0f558d9151ce9118d6aed764ce2ca8fb51723395fa7340defaa974edd,0.006897810031659901,0.07099194340212804,0.8602563314615216,0.9289986789226532,0.3340089321136477,0.7278303471207624
residual_v2,52,star_concave,83,private-source://routeA_experiments/data/prospective_ood_rd_hddm_alpha001_v2/star_concave/sample_0083.npz,e5abdab9321ee56ed869ed460fa271c06a6390dc7c65469ad1fde0bfbc3f052e,0.006858273991383612,0.08646644301789522,0.7977512763110021,0.9155659079551697,0.4886626720428467,0.7988084387779226
residual_v2,52,star_concave,84,private-source://routeA_experiments/data/prospective_ood_rd_hddm_alpha001_v2/star_concave/sample_0084.npz,42b2e9080004dd7e87c755cf533ee961aee427788297acc5e783f709e47baeb3,0.006863293994683772,0.09997771511840645,0.6561633390388453,0.8295923471450806,0.4723158940672873,0.6649676758050919
residual_v2,52,star_concave,85,private-source://routeA_experiments/data/prospective_ood_rd_hddm_alpha001_v2/star_concave/sample_0085.npz,307c7f1bcc7bff44abcc6a30dc1e3969ede6f73df314300a047b61ccf6c3a378,0.005890045955311507,0.09041052980613441,0.6850855832022228,0.7960789203643799,0.45138877630233765,0.7171221375465399
residual_v2,52,star_concave,86,private-source://routeA_experiments/data/prospective_ood_rd_hddm_alpha001_v2/star_concave/sample_0086.npz,b3bb0c62290c26c875c27ae948d6b587087d0569c3f356201eb0f22fdb2a3e09,0.0068750809878110886,0.09733953319444573,0.7154571485816623,0.875331699848175,0.5395693212747575,0.7605152201652527
residual_v2,52,star_concave,87,private-source://routeA_experiments/data/prospective_ood_rd_hddm_alpha001_v2/star_concave/sample_0087.npz,7dbf43fba15e26840cbf500867302ab7673d25663cd48115751bfd9162ec41f8,0.006854682986158878,0.07775309188675826,0.36133020219899886,0.47317877411842346,0.30880937576293943,0.40604317426681524
residual_v2,52,star_concave,88,private-source://routeA_experiments/data/prospective_ood_rd_hddm_alpha001_v2/star_concave/sample_0088.npz,46b403b9b0883fb6fafe6d706ff132a9019b0523c686f8c32b2cf73973dc110b,0.006813974003307521,0.09804940010263029,0.6827247079929365,0.8412414193153381,0.5311470150947569,0.709377191066741
residual_v2,52,star_concave,89,private-source://routeA_experiments/data/prospective_ood_rd_hddm_alpha001_v2/star_concave/sample_0089.npz,4b05a4955d6129f9c7936385ebb4ab230f3bef639b45cb994afa8092d2aa1480,0.005786201974842697,0.09230478570009919,0.768020957075706,0.8529912233352661,0.5055655837059017,0.774871299266815
residual_v2,52,star_concave,90,private-source://routeA_experiments/data/prospective_ood_rd_hddm_alpha001_v2/star_concave/sample_0090.npz,562c2f1d56afdd8da2679e39e24f0681dfc71b8a722e546b74aa0f3f574a15bc,0.006309052987489849,0.100392980158384,0.7100212232847063,0.7900925278663635,0.5132678866386413,0.7170286226272576
residual_v2,52,star_concave,91,private-source://routeA_experiments/data/prospective_ood_rd_hddm_alpha001_v2/star_concave/sample_0091.npz,f841635f22b41963248fac05366396a38bf40de493e33e45588fb8fd0d09f968,0.006675451004412025,0.09948095361391021,0.7771266758428019,0.897629976272583,0.5919644534587859,0.8051654160022734
residual_v2,52,star_concave,92,private-source://routeA_experiments/data/prospective_ood_rd_hddm_alpha001_v2/star_concave/sample_0092.npz,a4d8c9efc38c8dccdb95d6c4299d63e986137338f9a4d90ce862e166f09abfc5,0.006211912026628852,0.11007382384532574,0.7407490113102371,0.8403385281562805,0.5518357843160631,0.7674900382757185
residual_v2,52,star_concave,93,private-source://routeA_experiments/data/prospective_ood_rd_hddm_alpha001_v2/star_concave/sample_0093.npz,aaa767ef1eddfd044b5bf6a9fbef6b61dc5de5a86360570f0a77b5f524e97dce,0.0057759329793043435,0.10048371128391122,0.7454245410626015,0.8463442325592041,0.49866512790322237,0.7736895224452011
residual_v2,52,star_concave,94,private-source://routeA_experiments/data/prospective_ood_rd_hddm_alpha001_v2/star_concave/sample_0094.npz,a154a56ddefca8edbcf263aff519e91ce0f4e58465c7717e79c68dc97d11b9cd,0.006533376988954842,0.05748943510582731,0.2687812625287062,0.3795478343963623,0.23061779141426086,0.3066319957375519
residual_v2,52,star_concave,95,private-source://routeA_experiments/data/prospective_ood_rd_hddm_alpha001_v2/star_concave/sample_0095.npz,610bda6ba90ca73114af1042f6933531fbea7cab4fd66994183455d85a6010af,0.006169961008708924,0.09259837396809871,0.5010807265539314,0.5592230260372162,0.44667182713747017,0.5225733843445778
residual_v2,52,star_concave,96,private-source://routeA_experiments/data/prospective_ood_rd_hddm_alpha001_v2/star_concave/sample_0096.npz,7917e7c1d6f0406fa9182f86bd5be59e3098f4dcff79f5930d3877b0a1e63145,0.006548592005856335,0.10186255513747122,0.6570313668921103,0.6817326545715332,0.46143239140510506,0.5933135205507283
residual_v2,52,star_concave,97,private-source://routeA_experiments/data/prospective_ood_rd_hddm_alpha001_v2/star_concave/sample_0097.npz,7d62afce33a59e7363d7fc907585bfe008936306d94881e9a078db26dc18157a,0.006851399026345462,0.095654422487354,0.5100603764081751,0.5648166537284851,0.390481561422348,0.5057344138622284
residual_v2,52,star_concave,98,private-source://routeA_experiments/data/prospective_ood_rd_hddm_alpha001_v2/star_concave/sample_0098.npz,82c3fdcc10ce0484d81abe39a21224cfecabe860524345fd21840bdeb8f08905,0.005893666006159037,0.06806276200333453,0.4354482550588102,0.5356948673725128,0.36105719208717346,0.46471045613288897
residual_v2,52,star_concave,99,private-source://routeA_experiments/data/prospective_ood_rd_hddm_alpha001_v2/star_concave/sample_0099.npz,42899fd8a5f5a539afe710561c1d64b294124afd2a7fa4d6bfdc8dbb4cf853ae,0.007007109990809113,0.0485963408212681,0.24206892680001366,0.37813809514045715,0.21098074316978446,0.2999403733015061
residual_v2,52,star_concave,100,private-source://routeA_experiments/data/prospective_ood_rd_hddm_alpha001_v2/star_concave/sample_0100.npz,b2799e0a19e65139cf29cb348720c12f52c75ee9aecd3d993b39ffd6d77a7136,0.006232423998881131,0.12152731791305203,0.7404668049669695,0.8285942077636719,0.5772139579057692,0.7469749194383621
residual_v2,52,star_concave,101,private-source://routeA_experiments/data/prospective_ood_rd_hddm_alpha001_v2/star_concave/sample_0101.npz,77f5771f7fb6794527efaea4da878ab24f6c10142a63483a9d2d7d0cc360d2d1,0.005745078029576689,0.058023372185933564,0.2969258483302249,0.422693133354187,0.2533690929412842,0.3336913496255874
residual_v2,52,star_concave,102,private-source://routeA_experiments/data/prospective_ood_rd_hddm_alpha001_v2/star_concave/sample_0102.npz,7809a5edfb14edaf519c2b3af3950525a2e8c8a8afca6a8cd20dad8cca2ff262,0.006842990987934172,0.10114172799874346,0.6794073754715674,0.7997572422027588,0.5132118538022041,0.6662715077400208
residual_v2,52,star_concave,103,private-source://routeA_experiments/data/prospective_ood_rd_hddm_alpha001_v2/star_concave/sample_0103.npz,1e622b0f01095983080bae30dd0105f2b63383dbb92566dee14bdc6b21842e3a,0.005796294950414449,0.09636840987167757,0.6466501067158792,0.7788426280021667,0.489398983120918,0.68649951338768
residual_v2,52,star_concave,104,private-source://routeA_experiments/data/prospective_ood_rd_hddm_alpha001_v2/star_concave/sample_0104.npz,a586ef53200f2a2874d0bec4d38d819164ee1ad51b9a31172756a0acac53eb4f,0.00665881996974349,0.08682307861101171,0.5588071858004603,0.6636403203010559,0.4476864784955976,0.6386751037836075
residual_v2,52,star_concave,105,private-source://routeA_experiments/data/prospective_ood_rd_hddm_alpha001_v2/star_concave/sample_0105.npz,fbe036f3ba7e29c58ad15958277e4f0a631d9dbe9c9738a712d0e120979da252,0.005891279026400298,0.061076696351175706,0.34935855550238926,0.5091001093387604,0.28176602572202664,0.4036836594343196
residual_v2,52,star_concave,106,private-source://routeA_experiments/data/prospective_ood_rd_hddm_alpha001_v2/star_concave/sample_0106.npz,77ee446c4ec99eb4a4a69271d7442b40755008e0ba89f52f06102e4951fdcc97,0.006507973012048751,0.07192942466051887,0.5222313183328954,0.7048227787017822,0.40694746449589625,0.6138343277573582
residual_v2,52,star_concave,107,private-source://routeA_experiments/data/prospective_ood_rd_hddm_alpha001_v2/star_concave/sample_0107.npz,9909df5b2c8cb43975e27322a09dd30924b8b2486f3909f2d4c0263e6a420e1d,0.006362441985402256,0.08849728006932475,0.5777097994267212,0.5987648069858551,0.42538022547960225,0.5535846158862113
residual_v2,52,star_concave,108,private-source://routeA_experiments/data/prospective_ood_rd_hddm_alpha001_v2/star_concave/sample_0108.npz,f14296487a120c18b86ed5166d56b76a1092cb2d50d54253bdd3df784730f435,0.006314287020359188,0.09340134611069385,0.5887493114539949,0.695345938205719,0.4639601707458496,0.6116852641105655
residual_v2,52,star_concave,109,private-source://routeA_experiments/data/prospective_ood_rd_hddm_alpha001_v2/star_concave/sample_0109.npz,5efae8b79d62692fd4d6c11d4acd9743008b0f6f1cfb22f8da84314c1ee13027,0.00631529901875183,0.06924284416575763,0.4014542141722423,0.5538529753684998,0.3409574806690214,0.43997510492801667
residual_v2,52,star_concave,110,private-source://routeA_experiments/data/prospective_ood_rd_hddm_alpha001_v2/star_concave/sample_0110.npz,6bee368483186df489d00f012aa97037205449bd3f079d246194cff1b1db79de,0.006917291029822081,0.0852520247334223,0.5661121221623208,0.7739073038101196,0.4011289656162257,0.6721877050399782
residual_v2,52,star_concave,111,private-source://routeA_experiments/data/prospective_ood_rd_hddm_alpha001_v2/star_concave/sample_0111.npz,fd36365012b8b08fa6dc5f679418b95a812fb25fcf02da8f8a2d78a1da20b90c,0.005794324039015919,0.07088890069053147,0.45941418346198276,0.57119420170784,0.3645774677395823,0.48982452750206024
residual_v2,52,star_concave,112,private-source://routeA_experiments/data/prospective_ood_rd_hddm_alpha001_v2/star_concave/sample_0112.npz,b196163e725c5f13e063b03c2f311a38a83498677188bbaf9ac548c04137ff1d,0.0066594009986147285,0.07727535004843851,0.5108182735337253,0.5653717517852783,0.375428631901741,0.4864670959115028
residual_v2,52,star_concave,113,private-source://routeA_experiments/data/prospective_ood_rd_hddm_alpha001_v2/star_concave/sample_0113.npz,7658116c35833629bbbdd3be7ac254197c8b3f70373a5754e1852a1c944adc54,0.006451852037571371,0.05748839412025983,0.2925715031470344,0.4375976026058197,0.2383489802479737,0.36516531586647016
residual_v2,52,star_concave,114,private-source://routeA_experiments/data/prospective_ood_rd_hddm_alpha001_v2/star_concave/sample_0114.npz,8f464174cd05f745a11b44e72ec62293d308f5bfee0b7c4c97ee27afabc9bf12,0.006528005003929138,0.07661569906102066,0.45224169464094727,0.5997771322727203,0.35886216759681694,0.48527359902858735
residual_v2,52,star_concave,115,private-source://routeA_experiments/data/prospective_ood_rd_hddm_alpha001_v2/star_concave/sample_0115.npz,55f49c70429cd725bd076dc190ba781d383feb5f68c35cbb727215adf3ca2cec,0.006448531989008188,0.09760958552633368,0.7747156978920474,0.9093254804611206,0.5719908535480499,0.8133856928348541
residual_v2,52,star_concave,116,private-source://routeA_experiments/data/prospective_ood_rd_hddm_alpha001_v2/star_concave/sample_0116.npz,33ab98c78fdf1aa6324852fc2a61462352f31e540635776c19a0a5cb1b72349f,0.00651514797937125,0.06281391346128319,0.316188671579777,0.5088322758674622,0.2569325566291809,0.4005769073963165
residual_v2,52,star_concave,117,private-source://routeA_experiments/data/prospective_ood_rd_hddm_alpha001_v2/star_concave/sample_0117.npz,63ca60b899abf7eb56048e8d86ac5f797ba727942040871be466de9220f807c3,0.006794548011384904,0.08333971731345473,0.6451158139740845,0.7794957756996155,0.4746720790863037,0.689387029409407
residual_v2,52,star_concave,118,private-source://routeA_experiments/data/prospective_ood_rd_hddm_alpha001_v2/star_concave/sample_0118.npz,5e1445f7a185641f6adb0d6871fb8cbda8664f8551f637d8f69b41e8462db0b1,0.006464572972618043,0.08428789878309274,0.5974575139084168,0.7462451457977295,0.48823061883449514,0.6361655440926542
residual_v2,52,star_concave,119,private-source://routeA_experiments/data/prospective_ood_rd_hddm_alpha001_v2/star_concave/sample_0119.npz,781b03ef3e3e9f67cd090b7ccee86f87669c7a22a2e3aa0b82e4560d2b21820f,0.006447413994465023,0.09263466193493713,0.744614966573809,0.8097962737083435,0.5076461628079402,0.7525237643718711
residual_v2,52,star_concave,120,private-source://routeA_experiments/data/prospective_ood_rd_hddm_alpha001_v2/star_concave/sample_0120.npz,476685abe2472a157969c1f5a839fe7f1aded68fd5977ece1881cb5d6ed61345,0.006477316957898438,0.06354183618056282,0.42463036131257786,0.502644956111908,0.32686614543199527,0.4394459283351897
residual_v2,52,star_concave,121,private-source://routeA_experiments/data/prospective_ood_rd_hddm_alpha001_v2/star_concave/sample_0121.npz,d44dd313ef06efdc53842cbcd25e7c94f8002b26269a8d974d6b4e2189c7cf49,0.0065161099773831666,0.07160361152993182,0.48680359704442633,0.6938601732254028,0.3903640806674957,0.5434527039527893
residual_v2,52,star_concave,122,private-source://routeA_experiments/data/prospective_ood_rd_hddm_alpha001_v2/star_concave/sample_0122.npz,7c749504b1437233839eacfc2c94c00613d75381374e8f1ac33b9197daf4612f,0.006527976016514003,0.111386305422054,0.6825438394763916,0.7921878099441528,0.5267392516136168,0.7308766937255861
residual_v2,52,star_concave,123,private-source://routeA_experiments/data/prospective_ood_rd_hddm_alpha001_v2/star_concave/sample_0123.npz,2f7b8f1084aa65d36f64bdfd0ad63dba1070e18b385551aaeeed4bd3345d07eb,0.006524235010147095,0.08981914071955463,0.6459829689412088,0.748674213886261,0.47464230656623835,0.6854241180419921
residual_v2,52,star_concave,124,private-source://routeA_experiments/data/prospective_ood_rd_hddm_alpha001_v2/star_concave/sample_0124.npz,ee8cc9c9780afa5d2b0a24922a73005506c2939875b3c50b69bf8b4fb4097be6,0.0065033670398406684,0.0892912550600015,0.5533858356463756,0.6628974080085754,0.4598315387964247,0.5925307717919349
residual_v2,52,star_concave,125,private-source://routeA_experiments/data/prospective_ood_rd_hddm_alpha001_v2/star_concave/sample_0125.npz,95c3cac8c54fe43f20a59431a44f07cf020825ee735ba75cd2bc048b4c3859ba,0.006759719050023705,0.0870089269140506,0.7010270484603268,0.8220308423042297,0.5217000707983974,0.7474386486411077
residual_v2,52,star_concave,126,private-source://routeA_experiments/data/prospective_ood_rd_hddm_alpha001_v2/star_concave/sample_0126.npz,92785828d21aa7474cbb2eead5c468fc662d8408973e402dbf64a5491b7aa6d3,0.006476414040662348,0.06418716768398813,0.306717781420542,0.40720176696777344,0.27551373839378357,0.3448660707473756
residual_v2,52,star_concave,127,private-source://routeA_experiments/data/prospective_ood_rd_hddm_alpha001_v2/star_concave/sample_0127.npz,6240432158188c6377d1af044607ddc0d26482f74bd3ca875898f7064546cc93,0.006536880973726511,0.08279382082543664,0.5722253186731422,0.6737313270568848,0.44336457550525665,0.6001693895459174
residual_v2,52,star_concave,128,private-source://routeA_experiments/data/prospective_ood_rd_hddm_alpha001_v2/star_concave/sample_0128.npz,0b59ec75f4c8496864064dfb32ae8a9d4126678dbd85fe5bd0591e5216f96aad,0.006510631006676704,0.04828291366197427,0.2588659738406388,0.41307565569877625,0.21540611386299124,0.328653817176819
residual_v2,52,star_concave,129,private-source://routeA_experiments/data/prospective_ood_rd_hddm_alpha001_v2/star_concave/sample_0129.npz,490cffc887e2ec71d5a39def540ee809507583f309dc44b073e953a6e4be1aae,0.006903295987285674,0.06810459697770778,0.4147717792989809,0.5564659535884857,0.3252144962549211,0.47084421634674023
residual_v2,52,star_concave,130,private-source://routeA_experiments/data/prospective_ood_rd_hddm_alpha001_v2/star_concave/sample_0130.npz,4d1e8d96d7fcb07225ed2c80819afd45bed479d7b0276561f62b212b99b225f9,0.006357668025884777,0.06710059086444899,0.3772545102059571,0.49626439809799194,0.3110313475131986,0.40368073135614396
residual_v2,52,star_concave,131,private-source://routeA_experiments/data/prospective_ood_rd_hddm_alpha001_v2/star_concave/sample_0131.npz,e67f5f3314eb9639b1a29bc2cf34e4154f8c3a4c6aa5b1e046f23015f1913345,0.006059868959710002,0.07833993881329777,0.5468964448111107,0.7444816827774048,0.3950440764427184,0.6740386706590653
residual_v2,52,star_concave,132,private-source://routeA_experiments/data/prospective_ood_rd_hddm_alpha001_v2/star_concave/sample_0132.npz,efbafa19d305c98c4298b184f17160dd263aea854458f681e045011684a4500f,0.005782314983662218,0.0918833909017813,0.667478444118379,0.8060208559036255,0.5065371394157409,0.6928206923604011
residual_v2,52,star_concave,133,private-source://routeA_experiments/data/prospective_ood_rd_hddm_alpha001_v2/star_concave/sample_0133.npz,ac5b59374058467ba8a0e8d1038c302b291ebfe33dddcefd3485c09e5e9db034,0.00573459203587845,0.06569280254823037,0.37901124032345196,0.4875911474227905,0.3167511522769928,0.418417537212372
residual_v2,52,star_concave,134,private-source://routeA_experiments/data/prospective_ood_rd_hddm_alpha001_v2/star_concave/sample_0134.npz,698cdfaf758c0ce8534b7887fe5c24d821ec04157ead34e39f7d1688a4d1fee6,0.006954974960535765,0.09375263173647688,0.5468506773105578,0.6623189449310303,0.4758791521191593,0.5795062220096588
residual_v2,52,star_concave,135,private-source://routeA_experiments/data/prospective_ood_rd_hddm_alpha001_v2/star_concave/sample_0135.npz,0d0c4a18379290c731fed21f2627bb012972aa932a5c0fa3600440ca617362f5,0.006244231015443802,0.09062069925681882,0.556713362963517,0.7555217146873474,0.4476344585418702,0.5948598456382752
residual_v2,52,star_concave,136,private-source://routeA_experiments/data/prospective_ood_rd_hddm_alpha001_v2/star_concave/sample_0136.npz,a21474628f5ea2e01e6c6c31400fa79e80f00f083e5762d1d2ec8da62832bf51,0.00581757101463154,0.07564342680494768,0.4780388188395439,0.5657661557197571,0.3643120378255844,0.4749852046370507
residual_v2,52,star_concave,137,private-source://routeA_experiments/data/prospective_ood_rd_hddm_alpha001_v2/star_concave/sample_0137.npz,32270c08d5c4d02df1b251216ac2ec68396e8de703996d34c566047242ecf071,0.0063616030383855104,0.06636741205005069,0.6148932463466207,0.7449144423007965,0.35175522565841677,0.598528284728527
residual_v2,52,star_concave,138,private-source://routeA_experiments/data/prospective_ood_rd_hddm_alpha001_v2/star_concave/sample_0138.npz,56a5ba648e8989fd8e4fc2b097d1cf6bbd55365822d1df293d231a02772f474f,0.0061578179593198,0.07424224108445518,0.5225530989438862,0.688873291015625,0.40054017305374146,0.613683319091797
residual_v2,52,star_concave,139,private-source://routeA_experiments/data/prospective_ood_rd_hddm_alpha001_v2/star_concave/sample_0139.npz,50a825fb9f6a3ca2a14f234f813b84e2393c4954818d874df32d742dd2c44f7b,0.0068168650032021105,0.08972939343099143,0.5246892554722644,0.6380872130393982,0.4083253532648086,0.5336556032299995
residual_v2,52,star_concave,140,private-source://routeA_experiments/data/prospective_ood_rd_hddm_alpha001_v2/star_concave/sample_0140.npz,6eed5033eeb5de188451d9e26ad8eacf53f167e16caf0c850f271c37e72a7343,0.006510548002552241,0.06316876200514966,0.36171966631935715,0.5188678205013275,0.3069135546684265,0.4043426364660262
residual_v2,52,star_concave,141,private-source://routeA_experiments/data/prospective_ood_rd_hddm_alpha001_v2/star_concave/sample_0141.npz,a907cd099a64c8511634df9793e5009356b21e455167b82fc179a582273ad2e0,0.00620944204274565,0.06264627078055587,0.2932725425569286,0.3863522410392761,0.23996955156326294,0.3398658275604248
residual_v2,52,star_concave,142,private-source://routeA_experiments/data/prospective_ood_rd_hddm_alpha001_v2/star_concave/sample_0142.npz,c351df90c2012fee03b759f7e74a2cc328cbd5e58c5ca8cb337cbb12147212f7,0.006456803996115923,0.0730502480745466,0.4682334700037946,0.6375095248222351,0.400408998131752,0.522089670598507
residual_v2,52,star_concave,143,private-source://routeA_experiments/data/prospective_ood_rd_hddm_alpha001_v2/star_concave/sample_0143.npz,098448b2527ae0bc73253fde5c87522c791cf59537cba8edcd6d7caf1b4e6865,0.006175365997478366,0.07768734685062373,0.8735365624263024,0.9477924704551697,0.5029232621192932,0.8290104967355727
residual_v2,52,star_concave,144,private-source://routeA_experiments/data/prospective_ood_rd_hddm_alpha001_v2/star_concave/sample_0144.npz,36e501d5cd401896953395e689dd63829d255ca199339df9d550472e654739f2,0.006739216041751206,0.06251896181873136,0.3215764014771384,0.46796172857284546,0.25955074727535254,0.35737887322902684
residual_v2,52,star_concave,145,private-source://routeA_experiments/data/prospective_ood_rd_hddm_alpha001_v2/star_concave/sample_0145.npz,0ad05974dcc3a0058ef1c0d09bc6dac91b0ff378c5f5b05dd51a53e776b533f1,0.005881397984921932,0.09858704533662518,0.6987502608565705,0.809548944234848,0.5279165282845497,0.7512748539447784
residual_v2,52,star_concave,146,private-source://routeA_experiments/data/prospective_ood_rd_hddm_alpha001_v2/star_concave/sample_0146.npz,04fe2315b6738e155a6f486405ee2732ffd869607809f609396295991e3da6ca,0.006532645027618855,0.09243748008684337,0.7611289068706769,0.843700647354126,0.5025175690650939,0.7806494808197021
residual_v2,52,star_concave,147,private-source://routeA_experiments/data/prospective_ood_rd_hddm_alpha001_v2/star_concave/sample_0147.npz,9bf550380294c2bbc3282540dbb56f5b988b488b234567a6ee8ced872a31ed48,0.006797219975851476,0.07465255078867254,0.5304754683043352,0.6936369240283966,0.36865116953849814,0.6109756082296378
residual_v2,52,star_concave,148,private-source://routeA_experiments/data/prospective_ood_rd_hddm_alpha001_v2/star_concave/sample_0148.npz,a001adad8040c93bc67319afa17cd043927ab409b2e313f15a99d6459047bba9,0.006309372023679316,0.07877065933270183,0.4646003007123017,0.6420513093471527,0.35510782897472365,0.5756081825494774
residual_v2,52,star_concave,149,private-source://routeA_experiments/data/prospective_ood_rd_hddm_alpha001_v2/star_concave/sample_0149.npz,b1137e6b1881fb85aa272787edec47cc66bdc286b602033c5c62eca8ca8eb42f,0.0067967629875056446,0.07949806171364485,0.5614395911678057,0.6584652662277222,0.38975628614425684,0.5344532397389413
residual_v2,52,star_concave,150,private-source://routeA_experiments/data/prospective_ood_rd_hddm_alpha001_v2/star_concave/sample_0150.npz,1a1346fbc7a0a6b7a450694616d1bed605f9aea6a06aa42f6b0fc13fc0c1b237,0.006321117980405688,0.06531012822257351,0.3159549028110149,0.5047226250171661,0.2575910210609436,0.440267856121064
residual_v2,52,star_concave,151,private-source://routeA_experiments/data/prospective_ood_rd_hddm_alpha001_v2/star_concave/sample_0151.npz,0c37adba479d7c1e405d14ee8ca362906b22789dcd73cd0025cea686b9d5868f,0.006855396030005068,0.10088919629838994,0.6865170041218431,0.7739052176475525,0.542200720310211,0.7237730705738066
residual_v2,52,star_concave,152,private-source://routeA_experiments/data/prospective_ood_rd_hddm_alpha001_v2/star_concave/sample_0152.npz,493bd2253a0889cc50e1ea615e373a8197fb7e27b206ad5689e02586553e761d,0.005906979960855097,0.054421638206925756,0.26321231217095375,0.38335657119750977,0.20621556043624878,0.3234198033809667
residual_v2,52,star_concave,153,private-source://routeA_experiments/data/prospective_ood_rd_hddm_alpha001_v2/star_concave/sample_0153.npz,ac82ba7a6e4d926236266e27b4eb944cfbb25cd0f65fa764d0c5b34ba6446fbc,0.006509799975901842,0.1086096424337768,0.6623699697762208,0.7898247241973877,0.5235117763280868,0.6920754474401474
residual_v2,52,star_concave,154,private-source://routeA_experiments/data/prospective_ood_rd_hddm_alpha001_v2/star_concave/sample_0154.npz,5b375d8a82047d688b8f0bc6d7eda5883b59ffd29e73eda4a65465ff28977100,0.005947768047917634,0.07995981397350752,0.508359736047535,0.5451681017875671,0.39783102869987463,0.49863142669200894
residual_v2,52,star_concave,155,private-source://routeA_experiments/data/prospective_ood_rd_hddm_alpha001_v2/star_concave/sample_0155.npz,c227feb4bc838ca459c2cdb6c2fe08d3c97cd3c54cb120325b6eb8829f0427da,0.006571376987267286,0.09292066904004856,0.5829918783141297,0.7409941554069519,0.48647385239601126,0.6683894512057301
residual_v2,52,star_concave,156,private-source://routeA_experiments/data/prospective_ood_rd_hddm_alpha001_v2/star_concave/sample_0156.npz,d7923a77a7cd74c3df6621aa963a43fdaad4ae9ab5641757571ff70cccab19c3,0.006229609018191695,0.09424798807759939,0.6108698725416063,0.7792815864086151,0.4555937081575394,0.6781918716430665
residual_v2,52,star_concave,157,private-source://routeA_experiments/data/prospective_ood_rd_hddm_alpha001_v2/star_concave/sample_0157.npz,bf1ed5ee95cebaaeec4337c10cbb37257a3764baccb51eb2db3b192c4b7f0705,0.0059900450287386775,0.08419433237835351,0.5330551840306991,0.5599060654640198,0.42876028791069926,0.4831764042377472
residual_v2,52,star_concave,158,private-source://routeA_experiments/data/prospective_ood_rd_hddm_alpha001_v2/star_concave/sample_0158.npz,2d48518d53f1d4302822bc23c36b8e9a725fccad2e348f481c1965dc1fd043e7,0.006791038962546736,0.09562472318780162,0.5871001917576923,0.7211818993091583,0.4970538839697838,0.6675659492611885
residual_v2,52,star_concave,159,private-source://routeA_experiments/data/prospective_ood_rd_hddm_alpha001_v2/star_concave/sample_0159.npz,afeaff165894f7669804972e11c2e6e7574a89f195a0fedaba5dcc77e4915143,0.005852858012076467,0.08377073462657261,0.6524298912232637,0.8134077191352844,0.4602100074291228,0.6966054904460908
residual_v2,52,star_concave,160,private-source://routeA_experiments/data/prospective_ood_rd_hddm_alpha001_v2/star_concave/sample_0160.npz,93d98230e4954693c935e7b6a7af76c2fa25aefb83d1da6027d6e69f2937d6be,0.005815181997604668,0.07687010854365081,0.47528371869756236,0.6505284309387207,0.34578849673271184,0.538977322578427
residual_v2,52,star_concave,161,private-source://routeA_experiments/data/prospective_ood_rd_hddm_alpha001_v2/star_concave/sample_0161.npz,00e0f59193a483fa4f91a44aba4dc7a7d193df42292ed52da041457e2e87fce9,0.0062726339674554765,0.07447560561467627,0.3938575417648434,0.5151989758014679,0.3357389271259308,0.4360579967498781
residual_v2,52,star_concave,162,private-source://routeA_experiments/data/prospective_ood_rd_hddm_alpha001_v2/star_concave/sample_0162.npz,73adab284c949cf7286e1d55e2f7271f8e574888733c538e9bd6c7126210d7dc,0.005902300996240228,0.08330132985027566,0.5317628719644584,0.7141656279563904,0.3943225413560866,0.6034573751688
residual_v2,52,star_concave,163,private-source://routeA_experiments/data/prospective_ood_rd_hddm_alpha001_v2/star_concave/sample_0163.npz,62f2fdf3ad685d63e6744d4c87f1be77f5f4f173f3ac97973519283437aec8be,0.006565207033418119,0.08714889160926809,0.4583362161156495,0.5549002885818481,0.415251088142395,0.5109527873992921
residual_v2,52,star_concave,164,private-source://routeA_experiments/data/prospective_ood_rd_hddm_alpha001_v2/star_concave/sample_0164.npz,9d5ca7a47c569f8001da60474a5d5cd6410704b0b88a94c1bbb617a3ff070b6f,0.00650145101826638,0.05915837219021163,0.3273231361050275,0.4064632058143616,0.260587677359581,0.3698556518554683
residual_v2,52,star_concave,165,private-source://routeA_experiments/data/prospective_ood_rd_hddm_alpha001_v2/star_concave/sample_0165.npz,29665dc936a4f0885b352ba542d5b84c26ef8365b7471657a0b18a6199a4ec20,0.006946046021766961,0.09318901543083195,0.8455826815256218,0.9428722858428955,0.5683864340186118,0.8139114612340934
residual_v2,52,star_concave,166,private-source://routeA_experiments/data/prospective_ood_rd_hddm_alpha001_v2/star_concave/sample_0166.npz,cc601404792128ea7fb0b9e382daf4044b16752726051d33d189af92b63e9219,0.006514076027087867,0.09542724657632722,0.6883657803244786,0.8565065860748291,0.49991405606269773,0.6579409229755403
residual_v2,52,star_concave,167,private-source://routeA_experiments/data/prospective_ood_rd_hddm_alpha001_v2/star_concave/sample_0167.npz,9fee3ab4e68d3386753b768109d90049f0d9ab17092f3bad0ae4e29e01fdff2e,0.0066060060053132474,0.09457995002074565,0.5953521231704225,0.7574920058250427,0.47407225891947746,0.6535951241850848
residual_v2,52,star_concave,168,private-source://routeA_experiments/data/prospective_ood_rd_hddm_alpha001_v2/star_concave/sample_0168.npz,5b47765a6290b94b7d7ff73de6aabe979deba65e29f667e2494d93f1fe8e4c53,0.00651543604908511,0.1002385056482083,0.7611974100664018,0.8621129989624023,0.527297168970108,0.773940420150756
residual_v2,52,star_concave,169,private-source://routeA_experiments/data/prospective_ood_rd_hddm_alpha001_v2/star_concave/sample_0169.npz,67bb298709d810bd66de79e3e631cbfe3470c51d81de1358148a67ea69a6734a,0.006553303042892367,0.05773836335929789,0.34423135834403434,0.5343906283378601,0.2595756173133851,0.4671072661876677
residual_v2,52,star_concave,170,private-source://routeA_experiments/data/prospective_ood_rd_hddm_alpha001_v2/star_concave/sample_0170.npz,ea79ed68e7fcbed7d4821fb08f6d31cd221c7d535e9e6e347dbabbc6c225268f,0.0074947290122509,0.07290383043565093,0.40409789136852836,0.5244264900684357,0.3512100279331208,0.4763855689764023
residual_v2,52,star_concave,171,private-source://routeA_experiments/data/prospective_ood_rd_hddm_alpha001_v2/star_concave/sample_0171.npz,4dce99e393c3f3aeec70b32543086cd0503997a3c73bb6088a2ea5028ddb609e,0.006733050977345556,0.0703648346235279,0.325168594173819,0.4609220325946808,0.29019126296043396,0.37672436386346914
residual_v2,52,star_concave,172,private-source://routeA_experiments/data/prospective_ood_rd_hddm_alpha001_v2/star_concave/sample_0172.npz,95062a2be872adfe3d433448a364573f1dcc6d23c46c7283098e1ff3266aa2cb,0.006864680966828018,0.0789018060942005,0.44593046066285447,0.5775564908981323,0.37581777572631836,0.47107670307159444
residual_v2,52,star_concave,173,private-source://routeA_experiments/data/prospective_ood_rd_hddm_alpha001_v2/star_concave/sample_0173.npz,f973c30b18b35d7e13fca880aa62b6d77b406606fa79bcf4e05ea9a183aaf747,0.006754968024324626,0.09297292554881317,0.7297449244246121,0.8145802021026611,0.5618523359298706,0.7561595141887665
residual_v2,52,star_concave,174,private-source://routeA_experiments/data/prospective_ood_rd_hddm_alpha001_v2/star_concave/sample_0174.npz,da423e7fb1017a419fd9e39c9877f0fe4936a8ade7a8744fb4d05f24020d1525,0.0064822540152817965,0.06548833173533565,0.3353264724324034,0.5349048674106598,0.2830195024609565,0.37430202603340035
residual_v2,52,star_concave,175,private-source://routeA_experiments/data/prospective_ood_rd_hddm_alpha001_v2/star_concave/sample_0175.npz,be6a60f58fa788e5509f48f70ce14bcccc9e8f4e06b149f5ea02f032e86a0c01,0.006725510000251234,0.0918642917007801,0.6228992531311281,0.7335512638092041,0.4575510695576668,0.6329916179180146
residual_v2,52,star_concave,176,private-source://routeA_experiments/data/prospective_ood_rd_hddm_alpha001_v2/star_concave/sample_0176.npz,8bca2d2f749dcf57abe9c29c0e66817254b5dd336a1895b563295dbe661c1ac8,0.006737558986060321,0.09988409425276717,0.7322272683367042,0.829124927520752,0.5488510131835938,0.7682390451431286
residual_v2,52,star_concave,177,private-source://routeA_experiments/data/prospective_ood_rd_hddm_alpha001_v2/star_concave/sample_0177.npz,c146dae9f67d3f4d0626465827bfbba0af9e30abda534b39cabbf5dc3afd7c2b,0.006641028041485697,0.0880854083702944,0.6990824009729514,0.8628172278404236,0.44649380445480347,0.7385439753532419
residual_v2,52,star_concave,178,private-source://routeA_experiments/data/prospective_ood_rd_hddm_alpha001_v2/star_concave/sample_0178.npz,567152031c4a0bb7383960f1716de7f47aaa09e1c18c4a8edc5894592a36008b,0.006528501980938017,0.10476335310630557,0.6656199140562404,0.7753772735595703,0.5161631867289544,0.6190620827674865
residual_v2,52,star_concave,179,private-source://routeA_experiments/data/prospective_ood_rd_hddm_alpha001_v2/star_concave/sample_0179.npz,c19450a9dbc614eb8e816ca15caa11f305314c88880e41a46b7a06a76270e9ef,0.006491715961601585,0.09855416301662172,0.7554298972154476,0.8311290144920349,0.5321921855211258,0.7794505357742311
residual_v2,52,star_concave,180,private-source://routeA_experiments/data/prospective_ood_rd_hddm_alpha001_v2/star_concave/sample_0180.npz,979feb1dc5c9097d8b179d7c9936fa43ca9a7ad06aef8e9ddfd57ec83d56543b,0.006980739999562502,0.07241489996807397,0.3821813134120971,0.568876326084137,0.2987842634320259,0.432143054902553
residual_v2,52,star_concave,181,private-source://routeA_experiments/data/prospective_ood_rd_hddm_alpha001_v2/star_concave/sample_0181.npz,9c2177662c7e7706987e5b9fc840e754df3531627695145c95cb0168891b0ec3,0.006862965004984289,0.10264571653151906,0.738887416675129,0.8307495713233948,0.5411709398031235,0.7471877440810203
residual_v2,52,star_concave,182,private-source://routeA_experiments/data/prospective_ood_rd_hddm_alpha001_v2/star_concave/sample_0182.npz,8e1f45388232b975857cf0eb5e800633511cd0fdc84fcac39506fd7ab06dd0ea,0.006676308054011315,0.09258699514523358,0.7995409787911193,0.8713107109069824,0.45221489667892456,0.812972995638847
residual_v2,52,star_concave,183,private-source://routeA_experiments/data/prospective_ood_rd_hddm_alpha001_v2/star_concave/sample_0183.npz,f6af694d75d001d3c452801ea94aa82b47a2951f62861ba1a2885df85ec62b14,0.006872933998238295,0.06551723828106347,0.29650153309694083,0.37715114653110504,0.2314375340938568,0.29448097944259644
residual_v2,52,star_concave,184,private-source://routeA_experiments/data/prospective_ood_rd_hddm_alpha001_v2/star_concave/sample_0184.npz,80d8e656007fb51095a1c187bc0dabfc69020fb316baf6af22ca45bdd6eedb55,0.006543488008901477,0.10515056734275996,0.6932499783014072,0.8166735172271729,0.5369433984160423,0.7436547115445135
residual_v2,52,star_concave,185,private-source://routeA_experiments/data/prospective_ood_rd_hddm_alpha001_v2/star_concave/sample_0185.npz,b5b247991e1e38b65af33f6e252ad30525ed1c2bb81d00bb8d67895a71fe25cc,0.00679438398219645,0.09628953239981426,0.7456006402652825,0.8766301870346069,0.5298120856285096,0.7811862438917151
residual_v2,52,star_concave,186,private-source://routeA_experiments/data/prospective_ood_rd_hddm_alpha001_v2/star_concave/sample_0186.npz,9cb3e8ed6dd35a1f1bd2884d7ccc37720ce91f97c87bb62db2bc7319ed7fa9ce,0.006908051029313356,0.08831432455948572,0.5466872811293475,0.6667481958866119,0.4176518991589544,0.5421748781204228
residual_v2,52,star_concave,187,private-source://routeA_experiments/data/prospective_ood_rd_hddm_alpha001_v2/star_concave/sample_0187.npz,b8a01e68369ac0ae2301cde85ae4523b06b6f852ccb68151c27e7b7a2e264805,0.0065174600458703935,0.049524790446406085,0.2673786815197138,0.3696194291114807,0.21508268266916275,0.30289578139781975
residual_v2,52,star_concave,188,private-source://routeA_experiments/data/prospective_ood_rd_hddm_alpha001_v2/star_concave/sample_0188.npz,402356ecf909dc7f80ce7a4fb74b2796d69e54097bc2e4bf1d0affd48a478691,0.006828536977991462,0.06506414842547624,0.35694598507125724,0.5498103201389313,0.2739875555038438,0.46193044543266343
residual_v2,52,star_concave,189,private-source://routeA_experiments/data/prospective_ood_rd_hddm_alpha001_v2/star_concave/sample_0189.npz,5d3af4e72fcbfb55abad2633b7b50c6ff1698d6149444cbb224faeb9fb80f7e1,0.006541938986629248,0.08660999456499703,0.49729364782370283,0.5767118036746979,0.39084565490484235,0.48955989181995385
residual_v2,52,star_concave,190,private-source://routeA_experiments/data/prospective_ood_rd_hddm_alpha001_v2/star_concave/sample_0190.npz,64ee3e78ef955d620e48dfc0c0575b217089daaeb07f6fd6b698b494d20cdc97,0.0064939920557662845,0.06579660234970354,0.5083025196874316,0.6496693789958954,0.36944619119167343,0.5857906568050383
residual_v2,52,star_concave,191,private-source://routeA_experiments/data/prospective_ood_rd_hddm_alpha001_v2/star_concave/sample_0191.npz,6b6e2f1ef2a5225659b22dd222cfdeb623e3a9d34d146460b1201ec2c58ac5f2,0.006571432983037084,0.09987955374043231,0.6353613406288764,0.7856060862541199,0.5236649662256241,0.7093520045280456
residual_v2,52,star_concave,192,private-source://routeA_experiments/data/prospective_ood_rd_hddm_alpha001_v2/star_concave/sample_0192.npz,81e07c354e8b9090deac2dd659d673aa62dcc492675457e68850919289c02ee1,0.006500768009573221,0.09803415526341579,0.7259524120636814,0.8069755434989929,0.5160810351371765,0.7145858478546143
residual_v2,52,star_concave,193,private-source://routeA_experiments/data/prospective_ood_rd_hddm_alpha001_v2/star_concave/sample_0193.npz,2a055578d35dbeaf6f9777c70db61a17e59b21e0e089c4b73fe73fc8f30ee5c9,0.006842389004305005,0.0967013110762291,0.746025358631166,0.8597244620323181,0.5354827880859376,0.7802767372131346
residual_v2,52,star_concave,194,private-source://routeA_experiments/data/prospective_ood_rd_hddm_alpha001_v2/star_concave/sample_0194.npz,015bc47bb4c5ba3f27b05a1792fbb44af4337d85c98d106323f3d69d268d8c7a,0.00646418594988063,0.09378926769966449,0.7055148054582101,0.8023812770843506,0.5156508088111877,0.7340464830398554
residual_v2,52,star_concave,195,private-source://routeA_experiments/data/prospective_ood_rd_hddm_alpha001_v2/star_concave/sample_0195.npz,4dc63967e6d5bcb0dad8dc928ac1c21ef324161440414cdd69f8fa0670c5622c,0.006534595042467117,0.08386724310191192,0.6304479726681469,0.7100256085395813,0.4251305490732187,0.6615189021825789
residual_v2,52,star_concave,196,private-source://routeA_experiments/data/prospective_ood_rd_hddm_alpha001_v2/star_concave/sample_0196.npz,98c3c846abd7760ff75322a10ea69cbcf64050b1920000f30ac9ddef03a582bf,0.006518651032820344,0.0802730567563703,0.5743648950803847,0.7175396084785461,0.42839867323636965,0.6515242105722425
residual_v2,52,star_concave,197,private-source://routeA_experiments/data/prospective_ood_rd_hddm_alpha001_v2/star_concave/sample_0197.npz,5b762b3e30b125a39b0866174933e4f32d3c35f9dd054ae1cb4d4c37788ff8d7,0.006867619988042861,0.08142007115094375,0.4007903214235629,0.5573931932449341,0.33408183604478836,0.47701361775398254
residual_v2,52,star_concave,198,private-source://routeA_experiments/data/prospective_ood_rd_hddm_alpha001_v2/star_concave/sample_0198.npz,f1d5bb05bec2186640d91bfa3cdc67b166bd2952867a20a2796076984771c3e5,0.00632387597579509,0.05170353790186807,0.2318864756605229,0.3346119523048401,0.1950530409812928,0.29765214115381255
residual_v2,52,star_concave,199,private-source://routeA_experiments/data/prospective_ood_rd_hddm_alpha001_v2/star_concave/sample_0199.npz,24e273c05359ecf1670b3cd5ef34d49ef6c28ef523b55d61e6ff7b4dfcb1f389,0.005807230016216636,0.09024281363905809,0.5144505785830434,0.6427609026432037,0.451568765938282,0.5730885916948318
