model,training_seed,shape,sample_id,sample_file,sample_sha256,inference_seconds,mae,relative_l2,max_abs_error,p95_abs_error,p99_abs_error
mesh_gnn,59,slit_bridge,0,private-source://routeA_experiments/data/final_ood_frozen_v1/slit_bridge/sample_0000.npz,30d9b3db72b5f04e7aed5aca69b177e736741d71d456678de2c366e94064976a,0.0020575610105879605,0.07436604873114262,0.666345310154151,0.7967257797718048,0.35580966994166374,0.6600143641233438
mesh_gnn,59,slit_bridge,1,private-source://routeA_experiments/data/final_ood_frozen_v1/slit_bridge/sample_0001.npz,35ca7668746e40038fbccaaf4b015e191d09a272260f8b2c67e05158beed58d9,0.0021564750059042126,0.057524135688995184,0.3780321210347605,0.5568166002631187,0.21989510208368301,0.37048587650060616
mesh_gnn,59,slit_bridge,2,private-source://routeA_experiments/data/final_ood_frozen_v1/slit_bridge/sample_0002.npz,5aa31e0476a00717a676402ae73bf67f0900790fbaaba0689885a4f4d81b1d01,0.0019350469810888171,0.06983850269327872,0.5510854408301744,0.7425746619701385,0.30537304282188416,0.5984815746545787
mesh_gnn,59,slit_bridge,3,private-source://routeA_experiments/data/final_ood_frozen_v1/slit_bridge/sample_0003.npz,fa2249a12bd45ebd5bf12289d408b399125153ec7a74d5498b2d06c116f8f405,0.002006323979003355,0.07841079773771677,0.788071015421426,0.8735404908657074,0.36413440108299255,0.714646695554256
mesh_gnn,59,slit_bridge,4,private-source://routeA_experiments/data/final_ood_frozen_v1/slit_bridge/sample_0004.npz,4006cdfdceb8abe632e2df62c467d010fb9761bec6322c363b9f3abbc55829d4,0.00208216899773106,0.05808420150761371,0.40903221196803863,0.48525094985961914,0.23568767681717873,0.42154614552855474
mesh_gnn,59,slit_bridge,5,private-source://routeA_experiments/data/final_ood_frozen_v1/slit_bridge/sample_0005.npz,1ea410d183d08cc06714b087bb528e626a67090d2f8931f1f61a73ddeff9902a,0.0024130500096362084,0.07199771689685149,1.012451861385423,0.9043903648853302,0.21125428908271715,0.7584953166544435
mesh_gnn,59,slit_bridge,6,private-source://routeA_experiments/data/final_ood_frozen_v1/slit_bridge/sample_0006.npz,2b2b41c1ab84aefad645e09329749a0c4789e3a60b3931b89e053a383e66541e,0.0016909860132727772,0.05983391111198194,1.1069245349837722,0.9584239646792412,0.17580316588282585,0.4911920882761472
mesh_gnn,59,slit_bridge,7,private-source://routeA_experiments/data/final_ood_frozen_v1/slit_bridge/sample_0007.npz,e99898145655a5c1ce681d0eb3c7597d5032c10b823f0c114d9a1b16467ea524,0.0021121400059200823,0.04534649235680827,0.3152353098148246,0.4597747325897217,0.17657728400081396,0.369182251393795
mesh_gnn,59,slit_bridge,8,private-source://routeA_experiments/data/final_ood_frozen_v1/slit_bridge/sample_0008.npz,6e17a3aa2c3547f8d5c7c15a2ba8d09341c289bc2a2f8cc11cd61460dd0a75b4,0.0020176449907012284,0.05826049352439774,0.3735142182015839,0.38217824697494507,0.21419142186641693,0.2936005510389805
mesh_gnn,59,slit_bridge,9,private-source://routeA_experiments/data/final_ood_frozen_v1/slit_bridge/sample_0009.npz,cc5b71a537246355e6aa5eb87b1ec934946edb1d31595b1d37e482e2b73e96e4,0.0022869969834573567,0.06391403772652941,0.49783392686645533,0.5630964636802673,0.2849971801042557,0.4576301872730253
mesh_gnn,59,slit_bridge,10,private-source://routeA_experiments/data/final_ood_frozen_v1/slit_bridge/sample_0010.npz,87874a0f11d5ca1214cb1c831735689324f5d265f0ad734b920d4aea56a205a8,0.0022936349851079285,0.07229448013160553,0.7325196694627649,0.9089896902441978,0.3210301101207733,0.6455711454153059
mesh_gnn,59,slit_bridge,11,private-source://routeA_experiments/data/final_ood_frozen_v1/slit_bridge/sample_0011.npz,a23d58d483f0ee7d7d9ad82447d292fdde0c9f6964a6ce9759730ce9671620fc,0.002016959013417363,0.08289184706927538,0.8196014662462338,0.8808404058218002,0.3439519666135311,0.7235189147293551
mesh_gnn,59,slit_bridge,12,private-source://routeA_experiments/data/final_ood_frozen_v1/slit_bridge/sample_0012.npz,1bf5b6c8a99e6b1af341524d638c181408e613ec93db7fb6986f600e0e3c65a1,0.0020530880137812346,0.05883954834691114,0.6124741406946062,0.6953023821115494,0.3075047954916954,0.5784541368484496
mesh_gnn,59,slit_bridge,13,private-source://routeA_experiments/data/final_ood_frozen_v1/slit_bridge/sample_0013.npz,1adafcde8c3f4e445b1b034d25421d3a48662f83f441bf0eecdee27f12cecbc3,0.0025013299891725183,0.06099396101019236,0.45988883507948725,0.5930207967758179,0.25660622119903564,0.45046576410531997
mesh_gnn,59,slit_bridge,14,private-source://routeA_experiments/data/final_ood_frozen_v1/slit_bridge/sample_0014.npz,64b0e9dc29123e952cb0d300a00469414c7c7f76a16dd935a75e7624fe912b36,0.0020628049969673157,0.06854060413540751,0.7448783460041527,0.843922883272171,0.2720850184559822,0.6721583731472485
mesh_gnn,59,slit_bridge,15,private-source://routeA_experiments/data/final_ood_frozen_v1/slit_bridge/sample_0015.npz,b9c330fa4cfc004b6beec69ac0615be8854455f9775205c11364db4615c089be,0.0024659030023030937,0.08056754922711293,0.625982187578126,0.7153860628604889,0.3172871693968773,0.6136656522750842
mesh_gnn,59,slit_bridge,16,private-source://routeA_experiments/data/final_ood_frozen_v1/slit_bridge/sample_0016.npz,596996fb6aeff6e88332008eed32b4b95f86de86801a1640f6de12786cd403d3,0.002183771022828296,0.04988833849877867,0.4660627646879177,0.618579089641571,0.24249693751335144,0.4425146073102951
mesh_gnn,59,slit_bridge,17,private-source://routeA_experiments/data/final_ood_frozen_v1/slit_bridge/sample_0017.npz,312eedbc05e5128aebccd1eda0cb448659dcf770824e39ef15c6231d604d0095,0.0022164089896250516,0.06935345252724355,0.6696235339830554,0.7417387664318085,0.3200005665421486,0.5942302197217926
mesh_gnn,59,slit_bridge,18,private-source://routeA_experiments/data/final_ood_frozen_v1/slit_bridge/sample_0018.npz,41e1f220b6752fc77a60ab80dca4c8628042e5d54833a97c9832832e8db500e2,0.0026218260172754526,0.044466217792822144,0.26707617168676623,0.4676375687122345,0.17806880176067352,0.2798999547958372
mesh_gnn,59,slit_bridge,19,private-source://routeA_experiments/data/final_ood_frozen_v1/slit_bridge/sample_0019.npz,b97fe8016fb4c7d7995df4c42b480dce1072ee7db9abb641c503877913ffce9c,0.00191728601930663,0.0602606319007754,0.5116827492833468,0.6221413016319275,0.26304082572460175,0.5491508483886716
mesh_gnn,59,slit_bridge,20,private-source://routeA_experiments/data/final_ood_frozen_v1/slit_bridge/sample_0020.npz,994e03c5207e2ae7356bc74d2f380fd7f474af9a82fe4a9bb90585ddb10c1fb7,0.001908247999381274,0.07582102181117652,0.7391565693225538,0.8186750113964081,0.3528165817260742,0.7275774866342543
mesh_gnn,59,slit_bridge,21,private-source://routeA_experiments/data/final_ood_frozen_v1/slit_bridge/sample_0021.npz,1456683b4642362ec663cedabc21c8bb0ed3f06ae1beb9ca35a8ac02768d7f01,0.002355345990508795,0.06858085685833337,0.5657315678460924,0.7128393054008484,0.33608388900756836,0.5730920702219009
mesh_gnn,59,slit_bridge,22,private-source://routeA_experiments/data/final_ood_frozen_v1/slit_bridge/sample_0022.npz,c36a4db85f26e6cbe9c3036e9cf2ad4c578008898c1405c54c1e0914ccc8ef1c,0.0018292790045961738,0.0675151739438986,0.5134919498129933,0.5615848004817963,0.28540855646133423,0.4386719688773155
mesh_gnn,59,slit_bridge,23,private-source://routeA_experiments/data/final_ood_frozen_v1/slit_bridge/sample_0023.npz,610587d7aa0593f777b96e6fdb4fdcf2ebc68a867c186890c7838e7b2d944c00,0.0020400409994181246,0.07411562497377838,0.6668287283183975,0.7383909821510315,0.300954133272171,0.6285707652568815
mesh_gnn,59,slit_bridge,24,private-source://routeA_experiments/data/final_ood_frozen_v1/slit_bridge/sample_0024.npz,959eeaf23d4f71a25e7eff4fc4c4640be516df58074ab3dad10126c1ca5ed619,0.001947373995790258,0.07906199491735733,1.1126206654458144,0.9617112949490547,0.2459630917874165,0.6920550674200056
mesh_gnn,59,slit_bridge,25,private-source://routeA_experiments/data/final_ood_frozen_v1/slit_bridge/sample_0025.npz,12244099e66cc796717b1ac4a0197a86db0d3832ae8f92f8b6285b350ded04cd,0.0021449399937409908,0.04492285157244769,0.31849458701982175,0.38309043645858765,0.1716822236776352,0.3011907458305359
mesh_gnn,59,slit_bridge,26,private-source://routeA_experiments/data/final_ood_frozen_v1/slit_bridge/sample_0026.npz,8ec7e62775275cf1cdcb11a3a5070589032551c0222125cc6f2572c5b6100c1e,0.002779750997433439,0.07955710261857504,0.6599322999383885,0.708433598279953,0.36843492090702057,0.6371485635638235
mesh_gnn,59,slit_bridge,27,private-source://routeA_experiments/data/final_ood_frozen_v1/slit_bridge/sample_0027.npz,a57e3c4af7915d4277fe784929f02e1108f70b06739b89cc49e2f31db68759d6,0.0025329189957119524,0.06450028850431362,0.5824888176996913,0.7727765142917633,0.30866551399230957,0.6012587457895276
mesh_gnn,59,slit_bridge,28,private-source://routeA_experiments/data/final_ood_frozen_v1/slit_bridge/sample_0028.npz,129f68b38d7e4376d96e492a23bdc037ec06345501698eb53f87dc4c2bdcf26b,0.0025494729925412685,0.05417092436299577,0.3467156261933577,0.3503628373146057,0.2280978411436081,0.308447253704071
mesh_gnn,59,slit_bridge,29,private-source://routeA_experiments/data/final_ood_frozen_v1/slit_bridge/sample_0029.npz,d7be996266c698efe66a16bcc34de0aff06589c37bb8599f9f62b3c06206baa6,0.0025719539844430983,0.060980478614954516,0.5183790315376853,0.570533812046051,0.308068111538887,0.4810652613639829
mesh_gnn,59,slit_bridge,30,private-source://routeA_experiments/data/final_ood_frozen_v1/slit_bridge/sample_0030.npz,b09f05e8c2f7a9d479d786d72d681814f27d08ee89b3d974343fd2b090a1ce6a,0.0025569720019120723,0.06709595398229681,0.517820665094025,0.6810828447341919,0.28286755830049515,0.5546657621860502
mesh_gnn,59,slit_bridge,31,private-source://routeA_experiments/data/final_ood_frozen_v1/slit_bridge/sample_0031.npz,bc00125fdaa393e280c5352531595db001f7ddb3deb151245917cd589e5c31f0,0.0025728629843797535,0.03900712129808591,0.2502945354703711,0.3668400049209595,0.15311196446418762,0.25603869557380665
mesh_gnn,59,slit_bridge,32,private-source://routeA_experiments/data/final_ood_frozen_v1/slit_bridge/sample_0032.npz,210304fe0d7d8f0427af5f9a0754f958b13e7ca893e23870daca6089c7494849,0.002587550989119336,0.05534305589814036,0.4354065277926478,0.5020858645439148,0.2887048125267029,0.41634992957115136
mesh_gnn,59,slit_bridge,33,private-source://routeA_experiments/data/final_ood_frozen_v1/slit_bridge/sample_0033.npz,27aec766b6350542fba91a6efe33f57848a74817bca29836eb0daa48b8186c28,0.002400054014287889,0.07974566210216587,0.7078931323979476,0.7668897956609726,0.32927151024341583,0.700711181759834
mesh_gnn,59,slit_bridge,34,private-source://routeA_experiments/data/final_ood_frozen_v1/slit_bridge/sample_0034.npz,188e43a83a5baeee871f92676435b8b14ff91c60dfed2c7edaee32a7c3fe7437,0.0018022899748757482,0.05984196950898902,0.4871203770455008,0.5737362802028656,0.24695849418640137,0.42571718990802715
mesh_gnn,59,slit_bridge,35,private-source://routeA_experiments/data/final_ood_frozen_v1/slit_bridge/sample_0035.npz,7b87bcf793f11163ce8025e6ca4bc45abb9b34cf709bd1bb8b9fb68b3a8dabe4,0.0018172280106227845,0.06539184976999793,0.5498979817982688,0.6193351447582245,0.3205368369817734,0.5210826098918906
mesh_gnn,59,slit_bridge,36,private-source://routeA_experiments/data/final_ood_frozen_v1/slit_bridge/sample_0036.npz,4c37861366bb2835c656390a05790cc29a37a467fa5c97e436d4dc5e6180c227,0.0017822330119088292,0.05903720624012416,0.5675687206301522,0.7245886027812958,0.26302070915699005,0.5706582933664316
mesh_gnn,59,slit_bridge,37,private-source://routeA_experiments/data/final_ood_frozen_v1/slit_bridge/sample_0037.npz,8fbc3afcf65822fdaf99fdeb4b9caaacaaa2422144e57b088e882fc0dcbcdfe9,0.0019361509766895324,0.07080187441516196,0.6366707006572675,0.7751784920692444,0.35778237134218216,0.6546755611896512
mesh_gnn,59,slit_bridge,38,private-source://routeA_experiments/data/final_ood_frozen_v1/slit_bridge/sample_0038.npz,d8aa380b826e09980e586e8dcd26acff520e462dddbb758d989ce305a62e2bd2,0.002251550991786644,0.0630403030554109,0.4889302003585912,0.6611213684082031,0.2682627886533737,0.5670421242713928
mesh_gnn,59,slit_bridge,39,private-source://routeA_experiments/data/final_ood_frozen_v1/slit_bridge/sample_0039.npz,5773aed921a57866510a828614cf323ba3e5c1f662198f68ba30e9cd435e428d,0.002137539006071165,0.06576251899289105,0.7509475493830576,0.8421589732170105,0.2529241815209389,0.6451090410351752
mesh_gnn,59,slit_bridge,40,private-source://routeA_experiments/data/final_ood_frozen_v1/slit_bridge/sample_0040.npz,10b3fc9be817d0fa28e4f2ad0ce1679a84b2986a85b9c817ff380bc606731884,0.002393786999164149,0.0800968733734989,0.676631894627449,0.7971109598875046,0.3245554640889168,0.6661814466118812
mesh_gnn,59,slit_bridge,41,private-source://routeA_experiments/data/final_ood_frozen_v1/slit_bridge/sample_0041.npz,cdde49a6f56183448eeefafbf84517c5719d37b8e33b5fb3d5907c79ec0c3d4d,0.0020537289965432137,0.053385558361486604,0.39125896228256746,0.3834936022758484,0.20077534182928503,0.29024198651313765
mesh_gnn,59,slit_bridge,42,private-source://routeA_experiments/data/final_ood_frozen_v1/slit_bridge/sample_0042.npz,bd82adbf113c51db9c8fdb7ae61bdfb4b0de8fd0738107c1b16747edf214ed83,0.0025504030054435134,0.04597125623823693,0.26768037591285193,0.37201690673828125,0.15665636584162712,0.3136270493268962
mesh_gnn,59,slit_bridge,43,private-source://routeA_experiments/data/final_ood_frozen_v1/slit_bridge/sample_0043.npz,1b05a0e90cb92ad13e160cd9d88d3ccd24a5d5042572cbdeb6c780eb7c691723,0.0026331050030421466,0.08044947202964932,0.8669875523751476,0.8935252279043198,0.3781316541135311,0.7586404956877231
mesh_gnn,59,slit_bridge,44,private-source://routeA_experiments/data/final_ood_frozen_v1/slit_bridge/sample_0044.npz,9eab1dd2e918e6415c0ac9317c974fb554285878086fbcec4685c90b0a603efd,0.0026207010087091476,0.06638777458975822,0.6990591142937408,0.7661116719245911,0.22172337863594294,0.5827002853155127
mesh_gnn,59,slit_bridge,45,private-source://routeA_experiments/data/final_ood_frozen_v1/slit_bridge/sample_0045.npz,28399d49797881f5a264063c34c2a36369094141bb9cf4c05cbdaee4d1f32c15,0.0025006509968079627,0.0801271485271646,0.9213866458404542,0.8996122479438782,0.30713842436671257,0.7026429340243339
mesh_gnn,59,slit_bridge,46,private-source://routeA_experiments/data/final_ood_frozen_v1/slit_bridge/sample_0046.npz,137e9591ce0032a2d71b366e44219ca9b23cbd2f3a421043183f5c5f8e25cd7f,0.002194463013438508,0.057000551847233995,0.5463422545734771,0.7024267613887787,0.2801584303379059,0.5600645691156385
mesh_gnn,59,slit_bridge,47,private-source://routeA_experiments/data/final_ood_frozen_v1/slit_bridge/sample_0047.npz,a34fc43c7eb5b8809b22c7c026452d2278be0d7636bd62dbf7db0e72488bfe93,0.002221683011157438,0.07524777336974103,0.49685379834999155,0.5364560484886169,0.34052807092666626,0.4207445502281188
mesh_gnn,59,slit_bridge,48,private-source://routeA_experiments/data/final_ood_frozen_v1/slit_bridge/sample_0048.npz,d3dea4d451c780395aeec9e434f3f3426fa5b35717d062d652d0000cb4849ab0,0.002064759988570586,0.0753042217392708,0.729687327576179,0.8421223759651184,0.34538373351097107,0.690299716591835
mesh_gnn,59,slit_bridge,49,private-source://routeA_experiments/data/final_ood_frozen_v1/slit_bridge/sample_0049.npz,65ea22db20d21e0adb8290dfc006ce6871e3b0e95cbda2d1b6dc4212521b340d,0.0025165439874399453,0.06625230861444377,0.6040152033102865,0.6652635335922241,0.30268557369709015,0.5509139448404307
mesh_gnn,59,slit_bridge,50,private-source://routeA_experiments/data/final_ood_frozen_v1/slit_bridge/sample_0050.npz,84c0049ab4231171d59431596c6d5ee4a6296eb0688530fec168df065e5f3736,0.0025678199890535325,0.07220770349540731,0.6940580151927263,0.8502238839864731,0.3373076505959034,0.6555614873766898
mesh_gnn,59,slit_bridge,51,private-source://routeA_experiments/data/final_ood_frozen_v1/slit_bridge/sample_0051.npz,4a2b9189cfb9e62a2d88e9b4f0538c291df4cf2365fc6101f7bcb0ca5ea19039,0.002526338997995481,0.0734284452197709,0.8811647485142551,0.8781796246767044,0.2770017869770527,0.7147426277399057
mesh_gnn,59,slit_bridge,52,private-source://routeA_experiments/data/final_ood_frozen_v1/slit_bridge/sample_0052.npz,7a6182ea0d10e503b4488744930d05c12fe0a98749a0f08c0bf9a0ade333130c,0.002599267987534404,0.08493041398990803,0.6751777408096598,0.7380366027355194,0.38434139266610146,0.6656239062547682
mesh_gnn,59,slit_bridge,53,private-source://routeA_experiments/data/final_ood_frozen_v1/slit_bridge/sample_0053.npz,f38fc50a05bb0fe7cbe4b70cd13485a58e43ff94c9c22822cb929aed2391bc79,0.0019468700047582388,0.05911124452173562,0.5575816108935768,0.567188024520874,0.22521250694990158,0.49615591764450045
mesh_gnn,59,slit_bridge,54,private-source://routeA_experiments/data/final_ood_frozen_v1/slit_bridge/sample_0054.npz,523ec7f16e149a678ab1eee24891a839649693313f63f9f03417215898e364c2,0.0021251630096230656,0.06905583470121641,0.7364777238820143,0.7976123988628387,0.3432314917445183,0.6793281301856039
mesh_gnn,59,slit_bridge,55,private-source://routeA_experiments/data/final_ood_frozen_v1/slit_bridge/sample_0055.npz,a11a3648b53fa4f131e8a071f27bd07db354d48796864dbb9f50084862cbf7af,0.0021677569893654436,0.06031040050377019,0.34803516584148414,0.3608592748641968,0.21084636449813843,0.2847334742546081
mesh_gnn,59,slit_bridge,56,private-source://routeA_experiments/data/final_ood_frozen_v1/slit_bridge/sample_0056.npz,754e5a373c358a5e7e5648b5ee524f7f3caf5be3ad24ca01b4bbaa5930f3722f,0.001705957984086126,0.04923719625322075,0.29191504501615323,0.4197807312011719,0.1852026879787445,0.2999631524085996
mesh_gnn,59,slit_bridge,57,private-source://routeA_experiments/data/final_ood_frozen_v1/slit_bridge/sample_0057.npz,88bdcbb6787810fba1f67ab1e1d706c0a0449080180a5731fe9e830cd5c1781e,0.002320425002835691,0.06973637208028553,0.5483189331966518,0.5912525653839111,0.3151795268058777,0.5146142095327376
mesh_gnn,59,slit_bridge,58,private-source://routeA_experiments/data/final_ood_frozen_v1/slit_bridge/sample_0058.npz,25dc8c7315b0e070c4b3619308cd7da2f67091e9d12652a39dff2c4abf512a48,0.0020311900007072836,0.05169276494276692,0.4984805593128002,0.5966904163360596,0.1994580626487732,0.512161865830421
mesh_gnn,59,slit_bridge,59,private-source://routeA_experiments/data/final_ood_frozen_v1/slit_bridge/sample_0059.npz,8537f0d12de7433ac2c634794f33eec0a1ef183fb6a9871cd07ec6fe9960e78c,0.001902721996884793,0.0672170866845296,0.6876390901134559,0.8755558282136917,0.29792292416095734,0.6410704582929609
mesh_gnn,59,slit_bridge,60,private-source://routeA_experiments/data/final_ood_frozen_v1/slit_bridge/sample_0060.npz,ccb10d13e92987f9e92f19f57b8c828d1cec71baabf49eeda5b8131c81cffaae,0.0018232559959869832,0.0669545433612293,0.5846300599971439,0.7161856591701508,0.2850453145802021,0.629457902908325
mesh_gnn,59,slit_bridge,61,private-source://routeA_experiments/data/final_ood_frozen_v1/slit_bridge/sample_0061.npz,617d3d8d6e33e0cd8b2d68db50b259c76f1b572922b1f4eafd14d5c95f7f2927,0.0023721299949102104,0.0728525781512202,0.5587504757796408,0.6339097023010254,0.3241947144269943,0.5482225626707076
mesh_gnn,59,slit_bridge,62,private-source://routeA_experiments/data/final_ood_frozen_v1/slit_bridge/sample_0062.npz,4cb6187852b50d7a648cc396d4b92a5199fc15e009d3e6afe856b73e4795fb3c,0.0022912689892109483,0.08290948233479643,0.7144136218432028,0.8432947993278503,0.37994542717933655,0.7476609274744982
mesh_gnn,59,slit_bridge,63,private-source://routeA_experiments/data/final_ood_frozen_v1/slit_bridge/sample_0063.npz,dac27c2cdc3cfd09038c74bf4bee8892e3fbd4242d4ae68cf068121304f4b392,0.001769324007909745,0.07461982693134149,0.8132287267655186,0.8926696106791496,0.3101385273039341,0.7954535946249959
mesh_gnn,59,slit_bridge,64,private-source://routeA_experiments/data/final_ood_frozen_v1/slit_bridge/sample_0064.npz,42bf6e538ce7971d6bb267afcbb5017c74c7ee0a38eeeb22b770afd6da523ffd,0.002343058993574232,0.06415158361934518,0.4933636947272466,0.6641030311584473,0.25885580480098724,0.5104139089584345
mesh_gnn,59,slit_bridge,65,private-source://routeA_experiments/data/final_ood_frozen_v1/slit_bridge/sample_0065.npz,8ae70c1cc087b2cb14feefb626847c8e54e0ee1ff237949762758fc9fef1ccfe,0.0023681219900026917,0.07716562145451798,0.589400093691699,0.6869696974754333,0.2966620270162821,0.5954618960618973
mesh_gnn,59,slit_bridge,66,private-source://routeA_experiments/data/final_ood_frozen_v1/slit_bridge/sample_0066.npz,bf5bec0125f3e132a0234c3c65c18310c2a824fe299149a53c91065ba9684ebc,0.0019780140137299895,0.037406914194255396,0.28220467727571064,0.37914103269577026,0.165601447224617,0.3017221391201019
mesh_gnn,59,slit_bridge,67,private-source://routeA_experiments/data/final_ood_frozen_v1/slit_bridge/sample_0067.npz,c4c4d08eb71d2a88a3573896b8651cdf6ff3433eaf00aef21e8815ee63c8636b,0.0025554860185366124,0.04279668817923104,0.27055181591254057,0.24596452713012695,0.13894618954509497,0.20872886925935744
mesh_gnn,59,slit_bridge,68,private-source://routeA_experiments/data/final_ood_frozen_v1/slit_bridge/sample_0068.npz,9d5bf135c023eb440f5e2fcdbcd3144986ccea4a471e8d876188876d1f874f48,0.0024929030041676015,0.07296226251607502,0.8025878821279702,0.8864957541227341,0.30660484731197357,0.6094298228621478
mesh_gnn,59,slit_bridge,69,private-source://routeA_experiments/data/final_ood_frozen_v1/slit_bridge/sample_0069.npz,5c786c1f5b59aea34b782d6d4f11df00e05c430f5d55022b5da71cb4fb8d0930,0.0024309960135724396,0.07168326909767904,0.6757206389551316,0.784064382314682,0.35299939662218094,0.6567785948514938
mesh_gnn,59,slit_bridge,70,private-source://routeA_experiments/data/final_ood_frozen_v1/slit_bridge/sample_0070.npz,ed31a0aa3d983e019a2886acd9e424e492ee60dd9051fcd420f294aa7d65556d,0.0019944180094171315,0.0627016961003254,0.6106578517020603,0.7069492042064667,0.3090394176542759,0.5565336614847183
mesh_gnn,59,slit_bridge,71,private-source://routeA_experiments/data/final_ood_frozen_v1/slit_bridge/sample_0071.npz,392690e82cd3c5edc07092ea1286bb31ee5ff623427f4ad994d7d81479d6dab4,0.002480981987901032,0.06405777481347785,0.6685302419784075,0.7737198770046234,0.3148149326443672,0.6010545194149011
mesh_gnn,59,slit_bridge,72,private-source://routeA_experiments/data/final_ood_frozen_v1/slit_bridge/sample_0072.npz,13d1458cb7f3b3c59870f9253bb955db809110e13c2d3e0b7bd73b1dc03bcc6b,0.0019669760076794773,0.06654921555102114,0.7175851819789101,0.813379555940628,0.26968223601579666,0.5885945290327069
mesh_gnn,59,slit_bridge,73,private-source://routeA_experiments/data/final_ood_frozen_v1/slit_bridge/sample_0073.npz,abe7b6b76ff8f9f9514fc6c9452f5d49124e62bec9ef2160c3a275b0c13db251,0.002500475005945191,0.08388764844117941,0.7429087794917668,0.7628670632839203,0.3560758573003113,0.5804966598749158
mesh_gnn,59,slit_bridge,74,private-source://routeA_experiments/data/final_ood_frozen_v1/slit_bridge/sample_0074.npz,51ff9c6ba58e09f4038fba26fc78e8d866d805ea092ff9a4834e7d07d5b953c3,0.001646130986046046,0.0458862060238307,0.3277894722416072,0.3949636220932007,0.19141601026058197,0.29811919331550585
mesh_gnn,59,slit_bridge,75,private-source://routeA_experiments/data/final_ood_frozen_v1/slit_bridge/sample_0075.npz,295242b0a3c4441b1839c2e51ada10cd8d911b42bc383c1c876668ed7db69aca,0.0018426160095259547,0.05799422091894521,0.523383582602065,0.6789542734622955,0.23501507937908173,0.525761696696281
mesh_gnn,59,slit_bridge,76,private-source://routeA_experiments/data/final_ood_frozen_v1/slit_bridge/sample_0076.npz,beb19109c76423a493f2dce420b9e7186ae828c5f8afa7330784720dd627942a,0.0017410260043106973,0.07712249778973525,0.6125249341601804,0.6648373305797577,0.3503826707601547,0.5866420388221739
mesh_gnn,59,slit_bridge,77,private-source://routeA_experiments/data/final_ood_frozen_v1/slit_bridge/sample_0077.npz,2b930b075d3b18dc862520638716d3ca8b214cccc86033c8a5389cf1eee32caf,0.00211951500386931,0.07181547019354821,0.7300709498903694,0.8200928568840027,0.293961551040411,0.692088017612695
mesh_gnn,59,slit_bridge,78,private-source://routeA_experiments/data/final_ood_frozen_v1/slit_bridge/sample_0078.npz,81766226a2c457e6280404619b8b2ac47bc63cd5302a18b5988528768c89a906,0.0027093039825558662,0.07252116732218063,0.7101417509943412,0.9247320592403412,0.32328394055366516,0.6744304813444608
mesh_gnn,59,slit_bridge,79,private-source://routeA_experiments/data/final_ood_frozen_v1/slit_bridge/sample_0079.npz,39d04f6918bf1e91b48064494be9aa05bd75bf2d12d1b69e17182fdccc736084,0.0023819720081519336,0.06607317554106613,0.4561299068097418,0.48140931129455566,0.30209776759147644,0.4404922306537626
mesh_gnn,59,slit_bridge,80,private-source://routeA_experiments/data/final_ood_frozen_v1/slit_bridge/sample_0080.npz,34759e2ce25b3deafb7b86e4a166e29aa7b6ad6312b24ec108b7195308a75605,0.0021747539867646992,0.08222026384565465,0.8979553246281486,0.8841277211904526,0.31920316629111767,0.7451951190829271
mesh_gnn,59,slit_bridge,81,private-source://routeA_experiments/data/final_ood_frozen_v1/slit_bridge/sample_0081.npz,c09c71d395b921fd42317ee8257d8e8ca0fefc88548e7044fde1c9427bc01d57,0.0025604700203984976,0.04285702395165277,0.2607362672531893,0.41441479325294495,0.16294947266578674,0.2731950476765625
mesh_gnn,59,slit_bridge,82,private-source://routeA_experiments/data/final_ood_frozen_v1/slit_bridge/sample_0082.npz,76690bbcb43ff947e8588630e8c1f5eaeae09d80c05290dd16299c07f4b07db3,0.002416011004243046,0.04659264011276313,0.30896943485823036,0.49646785855293274,0.1956394612789154,0.3046254724264143
mesh_gnn,59,slit_bridge,83,private-source://routeA_experiments/data/final_ood_frozen_v1/slit_bridge/sample_0083.npz,b13467cf03c2c8574ad8306306835f018286494378025cc13aa4b84ebb20ce43,0.002088201988954097,0.06953636139914385,1.291507793437422,0.9735670015215874,0.20883199248783058,0.6295249961316581
mesh_gnn,59,slit_bridge,84,private-source://routeA_experiments/data/final_ood_frozen_v1/slit_bridge/sample_0084.npz,9c49b44f5bee1f5433dbba97fd43f3fbe29009da78b18d356f171b5351154266,0.0020038920047227293,0.04587870468948177,0.3419635654023871,0.4483608901500702,0.2003934271633625,0.31814534366130826
mesh_gnn,59,slit_bridge,85,private-source://routeA_experiments/data/final_ood_frozen_v1/slit_bridge/sample_0085.npz,f99b2ecfc893456f4094ee49f725dacd918863f2c57f06cd9486ed733ef4c220,0.0018005339952651411,0.08250658402599824,0.7983388541329083,0.8410899341106415,0.29353317618370056,0.6833649128675452
mesh_gnn,59,slit_bridge,86,private-source://routeA_experiments/data/final_ood_frozen_v1/slit_bridge/sample_0086.npz,fa0010c85def531807bfac046d520a0e1fcfa53f399129a530872a5ed7c486e8,0.001894652988994494,0.07941187913043574,0.7077594291513123,0.7909707725048065,0.434221476316452,0.6604067549109459
mesh_gnn,59,slit_bridge,87,private-source://routeA_experiments/data/final_ood_frozen_v1/slit_bridge/sample_0087.npz,c71c435433f07e222a9c7657e14158b1582d4eb606c1feec9a70429635dc0db8,0.0016841070028021932,0.07474682802022735,0.7158354923173705,0.7833580076694489,0.3382629230618477,0.6628019869327543
mesh_gnn,59,slit_bridge,88,private-source://routeA_experiments/data/final_ood_frozen_v1/slit_bridge/sample_0088.npz,356663c8d9f185922d520ff8cab4336c663ae05fa5851257b47fd5a7f2890d38,0.0018797969969455153,0.07060137622941545,0.6082989250735665,0.6697071194648743,0.323291540145874,0.5766660511493679
mesh_gnn,59,slit_bridge,89,private-source://routeA_experiments/data/final_ood_frozen_v1/slit_bridge/sample_0089.npz,8a9067dfbc0e5c2e206260b72a5ca217d4c4ab8591213e41f21555fef28ede5c,0.0016938440094236284,0.0503297384299532,0.43605088908807516,0.5406865477561951,0.21802102029323578,0.3991915613412856
mesh_gnn,59,slit_bridge,90,private-source://routeA_experiments/data/final_ood_frozen_v1/slit_bridge/sample_0090.npz,e8f22014254e79ac9ea4af542bb6a6578f4d3903902c242153233437a8df0eca,0.0020143939764238894,0.07915745010735922,0.6910434669953606,0.8008629828691483,0.3398291990160942,0.6566855922341337
mesh_gnn,59,slit_bridge,91,private-source://routeA_experiments/data/final_ood_frozen_v1/slit_bridge/sample_0091.npz,9ac5d5dae9509b1d341ae8236d8e0bd3b682e73f0fabd2327bc777955fc68672,0.002094727009534836,0.05119191124270363,0.3569509981636909,0.5669361650943756,0.23281726241111755,0.4177277922630309
mesh_gnn,59,slit_bridge,92,private-source://routeA_experiments/data/final_ood_frozen_v1/slit_bridge/sample_0092.npz,fce6d4931689f991567299750cb2e58ba69a69fb8a7ea9ca2b6623d311e269b9,0.001995691010961309,0.055494449342205085,0.45226227433874283,0.5030957758426666,0.2415280118584633,0.3980960041284561
mesh_gnn,59,slit_bridge,93,private-source://routeA_experiments/data/final_ood_frozen_v1/slit_bridge/sample_0093.npz,ba68ade9b7a7667d9de5bbb4e80fd05e409e86460843549762f31a41447162d1,0.002329667011508718,0.07123970169897455,0.6919960804735733,0.7366054058074951,0.29449044726789,0.6464884787797927
mesh_gnn,59,slit_bridge,94,private-source://routeA_experiments/data/final_ood_frozen_v1/slit_bridge/sample_0094.npz,ccba8ddededbe3b30aeff76d268cff5c811b3ec60c50fc5e9c8ad0ef75b4658f,0.0025457020092289895,0.06015897885732273,0.6028215203655961,0.7245252728462219,0.31752586364746094,0.5374899312853803
mesh_gnn,59,slit_bridge,95,private-source://routeA_experiments/data/final_ood_frozen_v1/slit_bridge/sample_0095.npz,d8673dac77deb264dbb605e3b8da123628dc8c82574f2e781ca0ed91d7e7ce88,0.0022229199821595103,0.06985437850134946,0.7108411903673596,0.7722676992416382,0.3036009930074215,0.6420754790306085
mesh_gnn,59,slit_bridge,96,private-source://routeA_experiments/data/final_ood_frozen_v1/slit_bridge/sample_0096.npz,88387af9839890df82ba2388bdcdfa95d6200c6b8848f9cbfc0dda3b8e1f5f31,0.002393544011283666,0.07392446452033014,0.6539503659009672,0.7570632696151733,0.36599770560860634,0.668852025270462
mesh_gnn,59,slit_bridge,97,private-source://routeA_experiments/data/final_ood_frozen_v1/slit_bridge/sample_0097.npz,042e86e783efa3942e62430f3045cf582a6d959709c938cb225b92bc44bcc64f,0.0019483569776639342,0.06322473733535783,0.4279747490582468,0.5425271987915039,0.22517781890928745,0.4299610376358025
mesh_gnn,59,slit_bridge,98,private-source://routeA_experiments/data/final_ood_frozen_v1/slit_bridge/sample_0098.npz,f76accedd1c25ec4c7b700fef8f7e440bff7ca6d234800cb8d3b4cd6f7f7b8e6,0.0024410879996139556,0.06995560092241337,0.6379745556359866,0.7332514226436615,0.3113565221428871,0.6074685186147688
mesh_gnn,59,slit_bridge,99,private-source://routeA_experiments/data/final_ood_frozen_v1/slit_bridge/sample_0099.npz,6a4b39b6a971b50d0cd5a3eefaf6a1f3f142b0d9ecee397ce1ff23093f6a46d9,0.0018473260279279202,0.05530965257816403,0.4133076322291533,0.4994089603424072,0.22179767489433289,0.42104043364524835
mesh_gnn,59,slit_bridge,100,private-source://routeA_experiments/data/final_ood_frozen_v1/slit_bridge/sample_0100.npz,09c098f8500ef7ae13df30b97fd58bdcffba8843b115a610318dc18f65ef3540,0.0023289260279852897,0.06639671751335088,0.7040198061531514,0.8235202580690384,0.27078503742814064,0.6490009188652032
mesh_gnn,59,slit_bridge,101,private-source://routeA_experiments/data/final_ood_frozen_v1/slit_bridge/sample_0101.npz,3671b99524219e4e7f1acd583f0a9f657d15a23a30ed3d575564b8f9d92d770e,0.0022607720165979117,0.05863169238185815,0.4341135313278974,0.5861070454120636,0.3117934912443161,0.46958105266094197
mesh_gnn,59,slit_bridge,102,private-source://routeA_experiments/data/final_ood_frozen_v1/slit_bridge/sample_0102.npz,b8b9ab3a97d31d7c91628f73ac4db6371901871d302b30af028ae7297b2b153b,0.0021636970050167292,0.07367805685307029,1.1243360108197091,0.9223470464348793,0.2992510525509715,0.7004171468317496
mesh_gnn,59,slit_bridge,103,private-source://routeA_experiments/data/final_ood_frozen_v1/slit_bridge/sample_0103.npz,9f972861588cfdfdfbc3d1b3492908230dc44d640058083aa85270fbceb816f9,0.0026507139846216887,0.07205629295991256,0.6581711927077534,0.6717367768287659,0.3212970718741417,0.6004783898591993
mesh_gnn,59,slit_bridge,104,private-source://routeA_experiments/data/final_ood_frozen_v1/slit_bridge/sample_0104.npz,762aadec5fa91e8e7a7f85a7683286f4a4fa0192f736680d733b0707b91d4494,0.002603480010293424,0.08252360488693619,0.7915255838927053,0.8336709886789322,0.4031883180141449,0.7370010673999782
mesh_gnn,59,slit_bridge,105,private-source://routeA_experiments/data/final_ood_frozen_v1/slit_bridge/sample_0105.npz,713c1a733e7b6f8c51dfe4d3f144d58d7ee189053361d35b7cb0099d093f55b6,0.0025327730108983815,0.06678888728809584,0.6463229014055794,0.7661881148815155,0.307803139090538,0.6375425517559049
mesh_gnn,59,slit_bridge,106,private-source://routeA_experiments/data/final_ood_frozen_v1/slit_bridge/sample_0106.npz,73c88046498ca7cb948857d6c873d10ec1b1bb70ce8813a259156f5e49c803e0,0.002557671017711982,0.06281997365649598,0.6794363162945576,0.8515078872442245,0.2797335535287857,0.6375502720475196
mesh_gnn,59,slit_bridge,107,private-source://routeA_experiments/data/final_ood_frozen_v1/slit_bridge/sample_0107.npz,8e962067b4a867a40f8b8f07d19dbcf42eb4d7a6b08ac522bd140e761933b129,0.0025288139877375215,0.07724362594438844,0.7003090908954943,0.7682247757911682,0.3235603794455528,0.6694117382168769
mesh_gnn,59,slit_bridge,108,private-source://routeA_experiments/data/final_ood_frozen_v1/slit_bridge/sample_0108.npz,23bb0eb2ffb8522d891e10b78e9f4fcf6ea2c8b5136c119d1353dc41e81126a2,0.00217926999903284,0.048715469404522725,0.3206355244901668,0.39485013484954834,0.2250177562236786,0.31415463685989375
mesh_gnn,59,slit_bridge,109,private-source://routeA_experiments/data/final_ood_frozen_v1/slit_bridge/sample_0109.npz,ee7d8642727cde846b418e0d6ef6f3d525513d8f7c13d4e21a694399a5887809,0.002516056993044913,0.08062007120391973,0.7812554180788245,0.8405152559280396,0.36215268447995186,0.718523485958576
mesh_gnn,59,slit_bridge,110,private-source://routeA_experiments/data/final_ood_frozen_v1/slit_bridge/sample_0110.npz,2cb9d93c491c746797690b373d3873b13231a0144087e5c6f98bc1674dcf9aa9,0.0022595180198550224,0.10323769591258967,0.8726793254610539,0.8230676352977753,0.4780196975916624,0.678766433894634
mesh_gnn,59,slit_bridge,111,private-source://routeA_experiments/data/final_ood_frozen_v1/slit_bridge/sample_0111.npz,20cb4a3d10bd1589b41836354fc8ffcea2f716f9c4d860e668becadedadd9f38,0.0025075140001717955,0.041949527380358884,0.2811231404826964,0.29064062237739563,0.14413169026374817,0.2302698925137519
mesh_gnn,59,slit_bridge,112,private-source://routeA_experiments/data/final_ood_frozen_v1/slit_bridge/sample_0112.npz,37a74f8306ed3c59b31377d7e4a65031205ca4f453cf06b54132466f7b6b4a27,0.0021563310001511127,0.08561172591517442,0.7733740947236106,0.8256116211414337,0.3811027631163597,0.7192762956023205
mesh_gnn,59,slit_bridge,113,private-source://routeA_experiments/data/final_ood_frozen_v1/slit_bridge/sample_0113.npz,ef235deec817e178c9aadff18419bfa34a077733d1176a3329f0534a76dc2a36,0.002004020003369078,0.07324735872836594,0.7480603440166025,0.8171157538890839,0.3450713995844126,0.6732176534831505
mesh_gnn,59,slit_bridge,114,private-source://routeA_experiments/data/final_ood_frozen_v1/slit_bridge/sample_0114.npz,fee8722c5da8ec155bbe8e819b2eefa2d11a554066c684e422d739ef76676fdc,0.002300613996339962,0.056625478965836536,0.4525240799575162,0.5840352177619934,0.2106747329235077,0.4403639048337936
mesh_gnn,59,slit_bridge,115,private-source://routeA_experiments/data/final_ood_frozen_v1/slit_bridge/sample_0115.npz,c0ff037ccc5a055bf9e6049f73b19eb3ef3c759d34e01dde7782629ee5155b1a,0.0018307470018044114,0.08174814553287117,0.6473955286507973,0.6721044480800629,0.3294186079874635,0.5573543131351469
mesh_gnn,59,slit_bridge,116,private-source://routeA_experiments/data/final_ood_frozen_v1/slit_bridge/sample_0116.npz,89796e3463ade62e6165c2220b9206d7e09c13d435e41116a44b4b2b72d8a7e2,0.0016738540143705904,0.0747303547535715,0.789962622795751,0.8609141558408737,0.3427533246576786,0.6931751519441599
mesh_gnn,59,slit_bridge,117,private-source://routeA_experiments/data/final_ood_frozen_v1/slit_bridge/sample_0117.npz,0b5ddb4fbb4b1abaaecda668cf96d47108c2d0634e698e348798412ad2c8bd5b,0.0016341630253009498,0.053588694693240235,0.3505371165556267,0.3935200870037079,0.200664222240448,0.3416522979736327
mesh_gnn,59,slit_bridge,118,private-source://routeA_experiments/data/final_ood_frozen_v1/slit_bridge/sample_0118.npz,67c9870824a0cf24261c14ee2ee54260350b87c984724da8b7b3239ef5f4f8f2,0.001955376996193081,0.07660762681970533,0.7133859456590675,0.8238705992698669,0.37934205308556557,0.7504284188151356
mesh_gnn,59,slit_bridge,119,private-source://routeA_experiments/data/final_ood_frozen_v1/slit_bridge/sample_0119.npz,3cd3c867da52bc984e6b469d03b48c1d502d3c379c3a09320042c00db34b1f2f,0.001574274996528402,0.07606427504673008,0.7450660286682947,0.8108192980289459,0.3544030897319317,0.7084503307938573
mesh_gnn,59,slit_bridge,120,private-source://routeA_experiments/data/final_ood_frozen_v1/slit_bridge/sample_0120.npz,321a3cdc9661e8fd1679cfceed9f566fa138dcdcf45b5bb5a1d8fce6ede740f1,0.001840912998886779,0.06875578116734411,0.8319384973034863,0.8846281319856644,0.29868391901254654,0.642126503586769
mesh_gnn,59,slit_bridge,121,private-source://routeA_experiments/data/final_ood_frozen_v1/slit_bridge/sample_0121.npz,947ac005aaaab451b701b3285288d12286101f1936826903031becc4a8c82912,0.0023209679930005223,0.07338469447242386,0.7292840934925267,0.7745671272277832,0.31372933834791183,0.6410067930817597
mesh_gnn,59,slit_bridge,122,private-source://routeA_experiments/data/final_ood_frozen_v1/slit_bridge/sample_0122.npz,f86df5b1facc0d81f78a07017d7a1169d59fc90ab287dd52fa7ef79d790e2e91,0.0026150409830734134,0.0570073354711289,0.3601729343562696,0.37702009081840515,0.21446029841899872,0.3128169476985929
mesh_gnn,59,slit_bridge,123,private-source://routeA_experiments/data/final_ood_frozen_v1/slit_bridge/sample_0123.npz,dd8d213055c704fdaab30fa56f42a33f2b17cda2608934ee3c8395f1fa3ac372,0.0026301569887436926,0.07822187473252908,0.8959969141831866,0.9065378457307816,0.3288842402398586,0.7493423074483869
mesh_gnn,59,slit_bridge,124,private-source://routeA_experiments/data/final_ood_frozen_v1/slit_bridge/sample_0124.npz,989ca5a6639d386f9ba2fbbe4929a51151c1d1f58f0b02af5979a213ce187952,0.0025374279939569533,0.07077993796038705,0.870449550961198,0.8696104437112808,0.281763955950737,0.6508597061038013
mesh_gnn,59,slit_bridge,125,private-source://routeA_experiments/data/final_ood_frozen_v1/slit_bridge/sample_0125.npz,a70aa7c2b0ab69e05a1bdac27c118b00080fd91ce4b14294cf3d802c7d9815c3,0.0025478099996689707,0.04142659739253645,0.31524719886097247,0.35239362716674805,0.15413923561573029,0.2863532781600952
mesh_gnn,59,slit_bridge,126,private-source://routeA_experiments/data/final_ood_frozen_v1/slit_bridge/sample_0126.npz,093585a00e910cd41c9a8b1050dbde9900de283da5c8bcf64b0e6657b12ce6c0,0.002634757984196767,0.0871436258299548,0.6839794053957152,0.8035634011030197,0.4165307879447937,0.6822945028543472
mesh_gnn,59,slit_bridge,127,private-source://routeA_experiments/data/final_ood_frozen_v1/slit_bridge/sample_0127.npz,fbaeeb14ed4064772eccd6ad5d7ce8b30fd2cd571f89be44730cad2f429acd53,0.002664596977410838,0.0457453799064673,0.3365436748338765,0.43420058488845825,0.17744392156600952,0.34800753593444805
mesh_gnn,59,slit_bridge,128,private-source://routeA_experiments/data/final_ood_frozen_v1/slit_bridge/sample_0128.npz,f8dcb1ad9a029b0aaa0eb4226be5e9fb26f98253b2ac2ee759238972e2b35793,0.002529627992771566,0.06990202416464769,0.5366448570375029,0.5912864208221436,0.29664061684161425,0.4931862145662302
mesh_gnn,59,slit_bridge,129,private-source://routeA_experiments/data/final_ood_frozen_v1/slit_bridge/sample_0129.npz,4fde72568a862f65ab802425b157856bd372d3c84dff9690b725526c7c4caa72,0.002170268999179825,0.06236700425208059,0.46844983864839473,0.5717415511608124,0.2747581750154495,0.4603016257286061
mesh_gnn,59,slit_bridge,130,private-source://routeA_experiments/data/final_ood_frozen_v1/slit_bridge/sample_0130.npz,c5fc37a33ccfde0c5c1bc91a423ff22369761aa4a2358c6bf448d552f93ebe9f,0.0025668530142866075,0.037842413286182264,0.23990284327549086,0.37272095680236816,0.13514897972345352,0.24273813962936389
mesh_gnn,59,slit_bridge,131,private-source://routeA_experiments/data/final_ood_frozen_v1/slit_bridge/sample_0131.npz,816e62f42925e1228f1925aa9a64af845857cc8af393bef8edcc95e0b32ae811,0.0022822119935881346,0.05138265333701967,0.37251096629757,0.4790024757385254,0.18125835061073303,0.3673693940043448
mesh_gnn,59,slit_bridge,132,private-source://routeA_experiments/data/final_ood_frozen_v1/slit_bridge/sample_0132.npz,0fe2c82d437426e3d5e3a8a69a3eaf8444f65273028a83b43642500191be1de2,0.002602566994028166,0.076150131071854,0.7952758285242421,0.8609766885638237,0.3054375611245632,0.6837371699511996
mesh_gnn,59,slit_bridge,133,private-source://routeA_experiments/data/final_ood_frozen_v1/slit_bridge/sample_0133.npz,158533d38705bbe83ad1aff888d4d281d11c259abc75e687100337a1169b6b79,0.002698310010600835,0.04318599651929795,0.28035675564391543,0.41240066289901733,0.15360618382692337,0.2550681844353673
mesh_gnn,59,slit_bridge,134,private-source://routeA_experiments/data/final_ood_frozen_v1/slit_bridge/sample_0134.npz,809d1f61ff74bd28a60a9ee3e93980572061abc432bf497071f850cf295e5a22,0.0018705230031628162,0.0807995129938376,0.7200348512201201,0.8011311292648315,0.3628646582365036,0.6730210170149801
mesh_gnn,59,slit_bridge,135,private-source://routeA_experiments/data/final_ood_frozen_v1/slit_bridge/sample_0135.npz,49a6d2f84ef15ae562f31d7f8186dcf515a22bd150120c9ef7592236bc4da560,0.002335341996513307,0.07532214651649984,0.6782299883639402,0.6619784533977509,0.3054474163800478,0.4813345283269882
mesh_gnn,59,slit_bridge,136,private-source://routeA_experiments/data/final_ood_frozen_v1/slit_bridge/sample_0136.npz,0aaf02ec1906882bedac48878d8b32168a7bb9aa28e664600efcf7880eeb0a09,0.0020404389942996204,0.03783045979260409,0.24553902012976223,0.45368674397468567,0.1364801824092865,0.31079106330871564
mesh_gnn,59,slit_bridge,137,private-source://routeA_experiments/data/final_ood_frozen_v1/slit_bridge/sample_0137.npz,3060120b449129fec3dadb659d3c9a7989d9e4319138bf42de3acdc3ba915c02,0.002201114984927699,0.05532566729740628,0.42976035327907514,0.6356027573347092,0.21621650457382202,0.3707516729831693
mesh_gnn,59,slit_bridge,138,private-source://routeA_experiments/data/final_ood_frozen_v1/slit_bridge/sample_0138.npz,6ed13d9162ca3514a314258b8d24016c2bc8875b25b0b38c5cdfa938f2a1eee2,0.001962848997209221,0.06946671172387332,0.7301721839949286,0.7940922379493713,0.28403907269239426,0.5857413887977598
mesh_gnn,59,slit_bridge,139,private-source://routeA_experiments/data/final_ood_frozen_v1/slit_bridge/sample_0139.npz,658f1ca5a3c9c31ef1d3034e1fa4b0a5769e9c38a410ad1b72996a2aa8abf1a0,0.0020949830068275332,0.05217852847636167,0.4531272425869206,0.6141576170921326,0.2734168469905853,0.4534939527511593
mesh_gnn,59,slit_bridge,140,private-source://routeA_experiments/data/final_ood_frozen_v1/slit_bridge/sample_0140.npz,4cb2e3c95ee8b50b37549ea056e6b5e6349cac539e85f6c167d54902061606d1,0.0019740869756788015,0.0777972817017581,0.6742192924719093,0.7409381568431854,0.32160189747810364,0.6063300400972363
mesh_gnn,59,slit_bridge,141,private-source://routeA_experiments/data/final_ood_frozen_v1/slit_bridge/sample_0141.npz,72511c727388df3bf5af40ee47932e5d0ea12cec9268d07a95eff4200660e42e,0.0019430920074228197,0.07572052340909707,0.6809459708806032,0.7707097828388214,0.37999935913830996,0.6255906105041501
mesh_gnn,59,slit_bridge,142,private-source://routeA_experiments/data/final_ood_frozen_v1/slit_bridge/sample_0142.npz,306a40af48edd29b46f137a9e1015dba90eef9f89a216e9034ab8c4e810088cb,0.0022942509967833757,0.07815350265698374,0.8255871940727069,0.8778087049722672,0.3374173119664192,0.6700188338756553
mesh_gnn,59,slit_bridge,143,private-source://routeA_experiments/data/final_ood_frozen_v1/slit_bridge/sample_0143.npz,9143fda697b9d0ca554a018b16f7dcedf9ce17f64344f4de043fd7612877a3d2,0.0021518990106415004,0.07033899423992618,0.8070976533641754,0.8608851432800293,0.31915515661239624,0.676260203123092
mesh_gnn,59,slit_bridge,144,private-source://routeA_experiments/data/final_ood_frozen_v1/slit_bridge/sample_0144.npz,cede0fd6d7f85a69aeaae09213236482ad3047e9130d14dd79693b9e243f783b,0.0025389170041307807,0.08329348995808139,0.8623352192731045,0.9003308042883873,0.3720342367887497,0.766755682229995
mesh_gnn,59,slit_bridge,145,private-source://routeA_experiments/data/final_ood_frozen_v1/slit_bridge/sample_0145.npz,2d9fdb82c8a7275b63a15c4d95ab584a0842ebd21fd6762928d68475fe8cc330,0.002234485000371933,0.08545904142061263,0.7573848443653692,0.8607807159423828,0.4442698135972023,0.7610607326030729
mesh_gnn,59,slit_bridge,146,private-source://routeA_experiments/data/final_ood_frozen_v1/slit_bridge/sample_0146.npz,207f5f551061e628bde8bc221dd64138c07612d4245a97390961be3ea5e16611,0.0023554619983769953,0.05450091292774757,0.4231280587833579,0.5854727029800415,0.20411082170903683,0.4268966168165197
mesh_gnn,59,slit_bridge,147,private-source://routeA_experiments/data/final_ood_frozen_v1/slit_bridge/sample_0147.npz,82d0e49e8401c09f0e3e6a3547b29f4d5a1dedbc6b0f06beea92cbeb4866ea11,0.002024193003308028,0.07327591986686016,0.7439593590274605,0.8730929270386696,0.279421828687191,0.6230036944150922
mesh_gnn,59,slit_bridge,148,private-source://routeA_experiments/data/final_ood_frozen_v1/slit_bridge/sample_0148.npz,e38da3693d172092572c7f2754a94e44ef94b0502f3919d896ce0c2fbe38e009,0.002085251995595172,0.06780987448318705,0.626722405183819,0.7890442758798599,0.3135096877813339,0.6028081387281417
mesh_gnn,59,slit_bridge,149,private-source://routeA_experiments/data/final_ood_frozen_v1/slit_bridge/sample_0149.npz,afc272ad1c582032ceafc263f98a9500852bcc9f113906a40f63ad64c40aee4c,0.0024959179863799363,0.06699815419361624,1.06971272409693,0.9472256377339363,0.1877011379110627,0.7510538019239892
mesh_gnn,59,slit_bridge,150,private-source://routeA_experiments/data/final_ood_frozen_v1/slit_bridge/sample_0150.npz,3d18460af3363948da3a01a3d1b31a48effc40aa616a1b5dd39689622a7ec45c,0.0021521439775824547,0.04702569511823336,0.2621521282037578,0.2739449143409729,0.1493806652724743,0.20480258129537102
mesh_gnn,59,slit_bridge,151,private-source://routeA_experiments/data/final_ood_frozen_v1/slit_bridge/sample_0151.npz,d5753da7388ebb54f9cf2699537d139086e01002d7a59190bb63986a17939a32,0.0018814039940480143,0.057128969353794336,0.5111033126518648,0.7578893899917603,0.24217338860034943,0.569367349147796
mesh_gnn,59,slit_bridge,152,private-source://routeA_experiments/data/final_ood_frozen_v1/slit_bridge/sample_0152.npz,9695aa6ea858785b103e16fd61c266f988f64686cfbdc88b2899662da023ea05,0.0019327309855725616,0.058866409579588386,0.5726585775990766,0.6474805176258087,0.2966548055410385,0.5017695546150203
mesh_gnn,59,slit_bridge,153,private-source://routeA_experiments/data/final_ood_frozen_v1/slit_bridge/sample_0153.npz,60ac6a052ff2a92b7086357b74a96c31e33d7255ddf407c4f70bc5fe58806b60,0.0017960919940378517,0.06172992197205171,0.961100808868428,0.8676049709320068,0.17688986571738496,0.6730085603892795
mesh_gnn,59,slit_bridge,154,private-source://routeA_experiments/data/final_ood_frozen_v1/slit_bridge/sample_0154.npz,02efeff9d6ba6e84c68ab742c168c4ca40609c73d6f82146e8a2f5b10a657897,0.002277045976370573,0.06895944337356001,1.1683379252913848,0.9423384293913841,0.21554232388007222,0.5991142779588697
mesh_gnn,59,slit_bridge,155,private-source://routeA_experiments/data/final_ood_frozen_v1/slit_bridge/sample_0155.npz,ea8bfa01563270f5d6e2ec9dbe473f05772c2e4989b937a57ae2104227258fed,0.0026467909920029342,0.05220067446208894,0.3591638796554395,0.49917036294937134,0.20114866644144058,0.393135204911232
mesh_gnn,59,slit_bridge,156,private-source://routeA_experiments/data/final_ood_frozen_v1/slit_bridge/sample_0156.npz,5005fb0814bda784608be7da52a32e34a6544ba7bd358a95694b62e213f8f2c2,0.0020722229965031147,0.06942131084971194,0.6481917066882563,0.7460573017597198,0.34044457599520683,0.6201489791274069
mesh_gnn,59,slit_bridge,157,private-source://routeA_experiments/data/final_ood_frozen_v1/slit_bridge/sample_0157.npz,ac48ebb841e2622ef6bc4ba966dad1b3b604f8d724d29e6f2fab1b6641ee1921,0.002596935984911397,0.08004560022938251,0.7922566112213719,0.8701885342597961,0.4211494028568268,0.7385693639516824
mesh_gnn,59,slit_bridge,158,private-source://routeA_experiments/data/final_ood_frozen_v1/slit_bridge/sample_0158.npz,2f49624ea36882b03b9786cab30360722cade76c056bea230f9c9ba4ac764c8b,0.002630470000440255,0.037873409316812094,0.22756027162787257,0.31601476669311523,0.14140090346336365,0.2427554368972777
mesh_gnn,59,slit_bridge,159,private-source://routeA_experiments/data/final_ood_frozen_v1/slit_bridge/sample_0159.npz,d0b13a51187a418d7efe2e93a19604a3d01c818ea9736b5aa09b4607fad5fa55,0.002281561988638714,0.04862409820760669,0.38503548737142884,0.5003182590007782,0.18954651057720184,0.4086984187364578
mesh_gnn,59,slit_bridge,160,private-source://routeA_experiments/data/final_ood_frozen_v1/slit_bridge/sample_0160.npz,622f4d8070ecdd9d0a824ce72f84fecc0c78f83011ff11259ebc6bb846de281e,0.0023842729860916734,0.04340444090825752,0.3132041518242375,0.41230523586273193,0.15375159308314323,0.318856382369995
mesh_gnn,59,slit_bridge,161,private-source://routeA_experiments/data/final_ood_frozen_v1/slit_bridge/sample_0161.npz,178f02f0e3b5995f2619dd6bf52ad3a7508f806bd4e13ba9ceeb9a36f1649f16,0.0025708070024847984,0.0793980657647128,0.7993064138015709,0.8252435028553009,0.3058127984404564,0.5696665883064267
mesh_gnn,59,slit_bridge,162,private-source://routeA_experiments/data/final_ood_frozen_v1/slit_bridge/sample_0162.npz,7dac1f84d357180521999872dd329573241cb8c42feeb442891197f01199c66b,0.0025320830172859132,0.06504983519688787,0.9358103069965574,0.9025542140007019,0.20960634015500546,0.7136474788188932
mesh_gnn,59,slit_bridge,163,private-source://routeA_experiments/data/final_ood_frozen_v1/slit_bridge/sample_0163.npz,b7a7aa86a9bdc19977f06da4caff68d49a340edbf4f1a1c1187591366b6636d2,0.0020996959938202053,0.08601561349565251,0.7154736367905467,0.7861300557851791,0.40971696376800537,0.7009386330842969
mesh_gnn,59,slit_bridge,164,private-source://routeA_experiments/data/final_ood_frozen_v1/slit_bridge/sample_0164.npz,779949d863880f5d16a879e81f20fad07ea4f966fba7da8ee22f0adaa6fc32af,0.0022147659910842776,0.08034383722648604,0.654358279172404,0.7046808302402496,0.3636171817779541,0.5953471541404722
mesh_gnn,59,slit_bridge,165,private-source://routeA_experiments/data/final_ood_frozen_v1/slit_bridge/sample_0165.npz,dc423b6d998084bf0149349c297bb1babad5e99fb236b7c05dfa975cb5183082,0.002085690008243546,0.0592833356996388,0.518532906380455,0.7477501779794693,0.29548119753599167,0.589419674873352
mesh_gnn,59,slit_bridge,166,private-source://routeA_experiments/data/final_ood_frozen_v1/slit_bridge/sample_0166.npz,351a161f32941f870662dc54b1d5ae59e25dc38cb8501ca4493dd08e6d42d64a,0.0019554600003175437,0.07941915416996893,0.684020314110967,0.7300196588039398,0.3390057496726513,0.5972552180290223
mesh_gnn,59,slit_bridge,167,private-source://routeA_experiments/data/final_ood_frozen_v1/slit_bridge/sample_0167.npz,aa66574c4716561ec10258da0ac13914768f1d14f665ebf1ec534f148bd0abd7,0.0020766119996551424,0.05749914370544355,0.4920735209600357,0.5742809772491455,0.22266966104507446,0.5027548268437385
mesh_gnn,59,slit_bridge,168,private-source://routeA_experiments/data/final_ood_frozen_v1/slit_bridge/sample_0168.npz,b0b356c11f56258bb6f3db09bd66c6dcd1bcd41614b20e67f8e907402ec13485,0.002078684978187084,0.07649201398227268,0.6241669719404745,0.5929252207279205,0.3201182745397091,0.5090724796056745
mesh_gnn,59,slit_bridge,169,private-source://routeA_experiments/data/final_ood_frozen_v1/slit_bridge/sample_0169.npz,a469b2c4e556282ed62e13e26cd27398331a9ba05d88ee1913966198103238d6,0.002604824985610321,0.07933113563380495,0.7214525827095938,0.8044807612895966,0.33958618342876434,0.5841256603598594
mesh_gnn,59,slit_bridge,170,private-source://routeA_experiments/data/final_ood_frozen_v1/slit_bridge/sample_0170.npz,36fbd3c3d23a1204142c49ecd37ef44c2ba54ac4467ddb41d832464267e85212,0.0025209710001945496,0.07937432935663129,0.7320066152912853,0.7978224754333496,0.31669895350933075,0.5708302229642865
mesh_gnn,59,slit_bridge,171,private-source://routeA_experiments/data/final_ood_frozen_v1/slit_bridge/sample_0171.npz,d535ac50a902c9794c7c816a49047dfd9c3f701564b69ce35cc24a4b731afa97,0.0021952370007056743,0.07367021771039747,1.0726652404303774,0.9477620348334312,0.22944856900721788,0.7484039992094037
mesh_gnn,59,slit_bridge,172,private-source://routeA_experiments/data/final_ood_frozen_v1/slit_bridge/sample_0172.npz,4e4eeb0f4d4f14aa76bc67064de00f38d35024c2470cfc77d2414c6da16f99f2,0.002019199979258701,0.043319999194124166,0.26947080936455164,0.36620765924453735,0.15278617292642593,0.24596367180347423
mesh_gnn,59,slit_bridge,173,private-source://routeA_experiments/data/final_ood_frozen_v1/slit_bridge/sample_0173.npz,4c3d97c818e4c1aaa20fd773230ef107c1e90a4328ebbfb020186474b8b391e2,0.0021747529972344637,0.07859458866090706,0.6792734829613595,0.7422355711460114,0.3280360624194145,0.6145320236682889
mesh_gnn,59,slit_bridge,174,private-source://routeA_experiments/data/final_ood_frozen_v1/slit_bridge/sample_0174.npz,c764cef11e9744e2347bf095a3ad20fd9c9a40516623d0e6687f000cea70736b,0.0020352260034997016,0.06382919920991761,0.6660712207660799,0.7967084646224976,0.28745701164007187,0.5863105043768881
mesh_gnn,59,slit_bridge,175,private-source://routeA_experiments/data/final_ood_frozen_v1/slit_bridge/sample_0175.npz,22afae3ce0b327b65855609e847dcf168cbfa0c3da01d0e00d7ff822a2f93dab,0.002238975022919476,0.05697686539971187,0.3851033992017251,0.5966809988021851,0.20229528844356537,0.43468812108039834
mesh_gnn,59,slit_bridge,176,private-source://routeA_experiments/data/final_ood_frozen_v1/slit_bridge/sample_0176.npz,3615c8f32a0156e435a991da99bea493288394630d64ca1402e46469b4ae4561,0.0023949909955263138,0.05844035361364125,0.40957965411521585,0.5415124297142029,0.2381957769393921,0.43248011469840997
mesh_gnn,59,slit_bridge,177,private-source://routeA_experiments/data/final_ood_frozen_v1/slit_bridge/sample_0177.npz,bde9b0878d1f9163cd3460df65d8fbaa6d012659d97271692cd52839664004d8,0.002030397008638829,0.05416290724656137,0.460495240506031,0.47267836332321167,0.2528337687253952,0.4074097365140915
mesh_gnn,59,slit_bridge,178,private-source://routeA_experiments/data/final_ood_frozen_v1/slit_bridge/sample_0178.npz,dffe6643c77429e0e5ed595fcd8553b626ac374c0226c86babb86bb23700de20,0.0022535540047101676,0.05558253187405989,0.4262412514766264,0.5601537525653839,0.26897329092025757,0.44439085721969585
mesh_gnn,59,slit_bridge,179,private-source://routeA_experiments/data/final_ood_frozen_v1/slit_bridge/sample_0179.npz,fca36c52c6cfb0110fbe78721de423d99487a00561b0c6b6b9f826917f42aede,0.002235059015220031,0.04534063596572574,0.27665601318304617,0.45584121346473694,0.17362260818481445,0.3143133714795111
mesh_gnn,59,slit_bridge,180,private-source://routeA_experiments/data/final_ood_frozen_v1/slit_bridge/sample_0180.npz,6f19672ce01e21e2c280e4be06a3e54680e018ff4c226cbe757f44ebad3e1910,0.0021277129999361932,0.048813135345426056,0.29469711370181245,0.40779992938041687,0.2096552848815918,0.30302757620811455
mesh_gnn,59,slit_bridge,181,private-source://routeA_experiments/data/final_ood_frozen_v1/slit_bridge/sample_0181.npz,ec877344fcdbfdbdaddf529e85e3cc5c3aab339963def6c7349014d86c8140d4,0.001710284996079281,0.07806694099443584,0.6608146928553068,0.7020787298679352,0.3731219442561269,0.5875950485467899
mesh_gnn,59,slit_bridge,182,private-source://routeA_experiments/data/final_ood_frozen_v1/slit_bridge/sample_0182.npz,85955e8644eeb0dcc33c4aed80df2c7439e5bab709258a2875ce1a3a61c5ebfb,0.002155517984647304,0.04974375002896656,0.35848181165165593,0.38693270087242126,0.20905214920639992,0.31152084767818444
mesh_gnn,59,slit_bridge,183,private-source://routeA_experiments/data/final_ood_frozen_v1/slit_bridge/sample_0183.npz,7db60f93fba5ad9147fed2dc7ad510080993a1ba5cacff680d8f7315ac009961,0.001971254008822143,0.07488369694778209,0.5748734828958362,0.5941794514656067,0.32913418114185333,0.4880688071250914
mesh_gnn,59,slit_bridge,184,private-source://routeA_experiments/data/final_ood_frozen_v1/slit_bridge/sample_0184.npz,8121820fc993132420a3854bde14b0b1742133b65c0a82ff2248b97133f07f34,0.001919725997140631,0.07162992200505756,0.6352306197176035,0.7349434494972229,0.274411229416728,0.5169184848666181
mesh_gnn,59,slit_bridge,185,private-source://routeA_experiments/data/final_ood_frozen_v1/slit_bridge/sample_0185.npz,6cddc80ef7290697c6e5ddae659d68aa20dcd10104ab9b2cd5f9708afe9f741d,0.001816300005884841,0.05722406620274639,0.3737311949250782,0.5012556314468384,0.2490244060754776,0.33819814920425395
mesh_gnn,59,slit_bridge,186,private-source://routeA_experiments/data/final_ood_frozen_v1/slit_bridge/sample_0186.npz,325ef30f2da8a65dac78a1b06a65f887f2d9947c96e2faee9e6a8ec03323351a,0.002238909015432,0.07564133778179391,0.6554005166742248,0.8088234663009644,0.3620225265622139,0.7140806823968886
mesh_gnn,59,slit_bridge,187,private-source://routeA_experiments/data/final_ood_frozen_v1/slit_bridge/sample_0187.npz,119b85212c8b4744bf1d62d7dfe261550cb6d3e5d22f4790dbe62e75609d0922,0.0022792700037825853,0.05687618697206039,0.4404811107479844,0.5813658833503723,0.2878625988960266,0.4878203004598615
mesh_gnn,59,slit_bridge,188,private-source://routeA_experiments/data/final_ood_frozen_v1/slit_bridge/sample_0188.npz,dcf9852e45123cccfdad55cec5cd89ffd610e5287252fbe34ba1dd1786992a3e,0.0022587959829252213,0.07636831711816842,0.6606266464105834,0.7255895733833313,0.42771315574645996,0.6452102631330482
mesh_gnn,59,slit_bridge,189,private-source://routeA_experiments/data/final_ood_frozen_v1/slit_bridge/sample_0189.npz,286c7744959bebf561fcf60d6510f810deadc11b4f49e589e2e9473d32de82f7,0.002394328999798745,0.04815023928993472,0.42506291478926095,0.5039070546627045,0.20528488606214523,0.3958980649709698
mesh_gnn,59,slit_bridge,190,private-source://routeA_experiments/data/final_ood_frozen_v1/slit_bridge/sample_0190.npz,fe702ecba390c3dc04a9733afe0b132a016fcf5c4eaffcad11aaea841c4e382e,0.0022810270020272583,0.07499146511978085,0.7208036941145252,0.7818900942802429,0.29313710425049067,0.6282399207353591
mesh_gnn,59,slit_bridge,191,private-source://routeA_experiments/data/final_ood_frozen_v1/slit_bridge/sample_0191.npz,cc046fa8afaf7d479712359b932e246ff1ee8e9d4f1365bd79dc2f10196be05c,0.002282182016642764,0.07618363623776739,0.7256329978331959,0.735872432589531,0.28890304267406464,0.5873822033405302
mesh_gnn,59,slit_bridge,192,private-source://routeA_experiments/data/final_ood_frozen_v1/slit_bridge/sample_0192.npz,12a887fa1b92770140bbc308300406b9f45be794a2802dc5d4318f9f90964304,0.0019120050128549337,0.08148288964758844,0.6521249215452086,0.7566696107387543,0.3003893867135048,0.6809747681021688
mesh_gnn,59,slit_bridge,193,private-source://routeA_experiments/data/final_ood_frozen_v1/slit_bridge/sample_0193.npz,ea535161153d10af3f779e6ce92ab576cb6f01bb2b84270e675cb8a7ca3bff3d,0.0023261979804374278,0.03900065726299905,0.260402647140514,0.5260103791952133,0.147246103733778,0.28142724335193614
mesh_gnn,59,slit_bridge,194,private-source://routeA_experiments/data/final_ood_frozen_v1/slit_bridge/sample_0194.npz,8488a62661fcd5432a193ca5c2bdaf1492f33731b7131ad3e367f5731ec70c37,0.0021060229919385165,0.08243692541674895,0.8041950503908771,0.8688253089785576,0.3752843104302883,0.7640242323279373
mesh_gnn,59,slit_bridge,195,private-source://routeA_experiments/data/final_ood_frozen_v1/slit_bridge/sample_0195.npz,7e1d374879fa5f6a96ebc3990a10958313440dc33a9ef060976f12e925232108,0.0024277960183098912,0.05064269921109138,0.3389233163099752,0.42788368463516235,0.19752287864685059,0.345405203104019
mesh_gnn,59,slit_bridge,196,private-source://routeA_experiments/data/final_ood_frozen_v1/slit_bridge/sample_0196.npz,d4848a4e772e741b625e10aec676527f984e3943b470a872754331769f8b94bb,0.0019516529864631593,0.06630213620012314,0.6629265642992074,0.7923048436641693,0.2792484126985073,0.5806392163038243
mesh_gnn,59,slit_bridge,197,private-source://routeA_experiments/data/final_ood_frozen_v1/slit_bridge/sample_0197.npz,2b37447cf0d376d2e2021ecf8d29a5d17437f6bb153943e0f306b31930209b3e,0.0018772510229609907,0.08349217031283476,0.6909446042757431,0.7898744642734528,0.4357677400112152,0.6923654735088348
mesh_gnn,59,slit_bridge,198,private-source://routeA_experiments/data/final_ood_frozen_v1/slit_bridge/sample_0198.npz,8030be12303215e83fab9a6e2360c32b7958cadc693426ae4437ff9ce9a38d91,0.002411196008324623,0.0620578584429198,0.5462948928316035,0.701958417892456,0.30654655396938324,0.5998180091381069
mesh_gnn,59,slit_bridge,199,private-source://routeA_experiments/data/final_ood_frozen_v1/slit_bridge/sample_0199.npz,cc6a52511cc16e98c96e4753d529c21a8e0ccbe95013bc0584ae491523d2bb83,0.002119357988703996,0.04842090911126668,0.4372996725443106,0.5944174528121948,0.2179323136806488,0.47711439132690425
mesh_gnn,59,three_hole_asymmetric,0,private-source://routeA_experiments/data/final_ood_frozen_v1/three_hole_asymmetric/sample_0000.npz,76239d9d4cae31805b23350941f6924762ca8e0eb2de53f5e0014a3050004492,0.0022079369809944183,0.06629967206453466,0.6430718404003581,0.6747483015060425,0.2637179121375084,0.5407439574599262
mesh_gnn,59,three_hole_asymmetric,1,private-source://routeA_experiments/data/final_ood_frozen_v1/three_hole_asymmetric/sample_0001.npz,c8138e48b2b5450756ab6ea06ad8018a0f03fd49507fdf70f7602513883c6d79,0.0022154720209073275,0.058318559910689766,0.8705409294583802,0.9318372085690498,0.2282903988379985,0.6064327199012036
mesh_gnn,59,three_hole_asymmetric,2,private-source://routeA_experiments/data/final_ood_frozen_v1/three_hole_asymmetric/sample_0002.npz,8415d3f4052cfa250de2e615b5f135c4cbc51665e9780ba0c740b7bc68b0b8d0,0.0024106870114337653,0.06645096414188052,0.784473871194718,0.7330025732517242,0.2961095701903105,0.6381619129329917
mesh_gnn,59,three_hole_asymmetric,3,private-source://routeA_experiments/data/final_ood_frozen_v1/three_hole_asymmetric/sample_0003.npz,126883ed7a18270534e81fc020b354d6a09b3d0b37130be0a213f6e3fe3611cf,0.002352710987906903,0.08255116628052638,0.8370125844948882,0.8659614995121956,0.42103906348347664,0.7506412919610715
mesh_gnn,59,three_hole_asymmetric,4,private-source://routeA_experiments/data/final_ood_frozen_v1/three_hole_asymmetric/sample_0004.npz,73fddad29aef7a16eeabb39f9b70e218861d55037c0d2745430816f9076f8b8f,0.001915124012157321,0.0665212418508732,0.8452977761792432,0.834618479013443,0.23597116087330505,0.5257121577858913
mesh_gnn,59,three_hole_asymmetric,5,private-source://routeA_experiments/data/final_ood_frozen_v1/three_hole_asymmetric/sample_0005.npz,0cce2a32a88505f1a40318561d466c31de7f2eb63e0449cf3df2f644c64a0108,0.0019040040206164122,0.06974481174730675,0.8145169349914114,0.8367755711078644,0.34858692064881325,0.7159750066697596
mesh_gnn,59,three_hole_asymmetric,6,private-source://routeA_experiments/data/final_ood_frozen_v1/three_hole_asymmetric/sample_0006.npz,05b9798f8cd5b5b832e909e747bb49397a06d4bc8291718bcb52ee39573eb619,0.0018031200161203742,0.07592835751692446,0.898920794817634,0.9266522079706192,0.2782977372407913,0.73250730112195
mesh_gnn,59,three_hole_asymmetric,7,private-source://routeA_experiments/data/final_ood_frozen_v1/three_hole_asymmetric/sample_0007.npz,6ba61082fc82270f3f31ed8952fcbbd145b31d5361d264f2bd66a5366e0bc340,0.0026288949884474277,0.05799894555542525,0.6612503425006567,0.7160287499427795,0.23719172179698944,0.5221793174743647
mesh_gnn,59,three_hole_asymmetric,8,private-source://routeA_experiments/data/final_ood_frozen_v1/three_hole_asymmetric/sample_0008.npz,853331caeb1b23865ccb78c9a2f431c6c5268c039e4b02388b3e7b2950cb9a7f,0.00250348899862729,0.07243267351106492,0.8282130314382243,0.8963595628738403,0.3231156598776579,0.7722372047603125
mesh_gnn,59,three_hole_asymmetric,9,private-source://routeA_experiments/data/final_ood_frozen_v1/three_hole_asymmetric/sample_0009.npz,9970adef6a8aee3680702738f4b4535ec99d53fd695e57178ef1d947c3890f8c,0.002548121992731467,0.06690134962542726,0.7071537128263788,0.7427670657634735,0.2890479974448681,0.6131029188632962
mesh_gnn,59,three_hole_asymmetric,10,private-source://routeA_experiments/data/final_ood_frozen_v1/three_hole_asymmetric/sample_0010.npz,ca5bef464b218ce33227b66ed886a6d671ca7ebab5b66b551b37435087ee4d86,0.0023361039930023253,0.07198314726526413,0.8144127459624263,0.8438360542058945,0.31832966953516006,0.7306453950703142
mesh_gnn,59,three_hole_asymmetric,11,private-source://routeA_experiments/data/final_ood_frozen_v1/three_hole_asymmetric/sample_0011.npz,ed6e65591f32cddee3a621d0a802c4d3ce1e222eac7e0ad7a6d66916367e9015,0.0019580519874580204,0.06431363684383605,0.8260401290780305,0.810214102268219,0.21781932935118675,0.6420509930700061
mesh_gnn,59,three_hole_asymmetric,12,private-source://routeA_experiments/data/final_ood_frozen_v1/three_hole_asymmetric/sample_0012.npz,81ff39c1f360e63cd187c00763f0e47af4b7b964b23c0036bbcc2118bcfa7335,0.001862206991063431,0.0671559398362692,0.7250455341212233,0.7427476644515991,0.27310842275619507,0.6064819946885107
mesh_gnn,59,three_hole_asymmetric,13,private-source://routeA_experiments/data/final_ood_frozen_v1/three_hole_asymmetric/sample_0013.npz,7b336e409d0b1be61aa8152652f7727a997afad669670d5dbedef898f8385d62,0.001998609979636967,0.06207910448494261,0.7784514922011672,0.8057473599910736,0.2467523328959942,0.6249536979943501
mesh_gnn,59,three_hole_asymmetric,14,private-source://routeA_experiments/data/final_ood_frozen_v1/three_hole_asymmetric/sample_0014.npz,14b2727426b78377e48754867160238048d5c11e6a60c8244c17e2f5d349c674,0.0023310489777941257,0.06011170234282629,0.6280367109667186,0.6829629838466644,0.2068723812699318,0.4910216212272636
mesh_gnn,59,three_hole_asymmetric,15,private-source://routeA_experiments/data/final_ood_frozen_v1/three_hole_asymmetric/sample_0015.npz,f1f557f0e4338c64350ec1c2218ae556b5ee258eeeb85ed87e15e06d69e7949f,0.0018148939998354763,0.06697037372703507,0.9272025785885883,0.9014809727668762,0.2506058647413738,0.6545153651386494
mesh_gnn,59,three_hole_asymmetric,16,private-source://routeA_experiments/data/final_ood_frozen_v1/three_hole_asymmetric/sample_0016.npz,e72396fee8a43a2b8ddefe735291ca8705c65690b680b4a18f84ae974e873213,0.0020253119873814285,0.0731158738436252,0.9029128057679165,0.9442892149090767,0.2875342406332493,0.6706680510193096
mesh_gnn,59,three_hole_asymmetric,17,private-source://routeA_experiments/data/final_ood_frozen_v1/three_hole_asymmetric/sample_0017.npz,e985edd4b5fd67f0812b23ba168c67faea3aeed38dc497bd3554f7bd6760ce23,0.0020965959993191063,0.06962757092762002,0.8217992943446306,0.7754349112510681,0.2346177478611935,0.6099960103631014
mesh_gnn,59,three_hole_asymmetric,18,private-source://routeA_experiments/data/final_ood_frozen_v1/three_hole_asymmetric/sample_0018.npz,822a1ae4756152a1ca58caa1ec6d5f81a08654b749358283fdc1e93ee4e96c05,0.0023267650103662163,0.06599284423867595,0.6111132800167822,0.6671660542488098,0.29606179147958755,0.5778000757098196
mesh_gnn,59,three_hole_asymmetric,19,private-source://routeA_experiments/data/final_ood_frozen_v1/three_hole_asymmetric/sample_0019.npz,930b0ac62993246d762ab2fade330a6323a28dfa631309dcd025ccc1955464d2,0.002381155005423352,0.06680926443644214,0.7909055495673567,0.77545565366745,0.34703178331255913,0.5974473536014556
mesh_gnn,59,three_hole_asymmetric,20,private-source://routeA_experiments/data/final_ood_frozen_v1/three_hole_asymmetric/sample_0020.npz,ebe95ab8adce4e5f03a8c032f3f82d5b37362c40745ec8db423913bbcdbc36cc,0.002141593024134636,0.06616506174846003,0.8513071735289798,0.8219574242830276,0.22963093730504625,0.5959610529243945
mesh_gnn,59,three_hole_asymmetric,21,private-source://routeA_experiments/data/final_ood_frozen_v1/three_hole_asymmetric/sample_0021.npz,54558d7be0dcfa75da26d4b23bc274c3c188b6521dea1d6a7af66329fa9f8251,0.002191723993746564,0.07150050563176927,0.671788116531362,0.7305208146572113,0.3372660093009472,0.6275170013308524
mesh_gnn,59,three_hole_asymmetric,22,private-source://routeA_experiments/data/final_ood_frozen_v1/three_hole_asymmetric/sample_0022.npz,6bdc3c8942ace2076e15642c82251ef4fb1abdcb025262d5cbf4bf8159949c89,0.0026112129853572696,0.05872460587291299,0.7284697929212718,0.7443202435970306,0.18558528553694487,0.613542829453945
mesh_gnn,59,three_hole_asymmetric,23,private-source://routeA_experiments/data/final_ood_frozen_v1/three_hole_asymmetric/sample_0023.npz,fb7b07378547ca5def525e00c556fd80770b515ccf896b8db2c472e26a09e5de,0.0018145100038964301,0.05472733119740075,0.9670453416999587,0.8987892121076584,0.15898292921974644,0.5173392657190545
mesh_gnn,59,three_hole_asymmetric,24,private-source://routeA_experiments/data/final_ood_frozen_v1/three_hole_asymmetric/sample_0024.npz,2db1bdfbff80836e6a8d01f12b7e3e3ccb933bc7fa29a6c580e28e0a5d564196,0.0023166689788922668,0.06997834959836544,0.7602342458927909,0.8400703966617584,0.3744317926466465,0.7202443599700925
mesh_gnn,59,three_hole_asymmetric,25,private-source://routeA_experiments/data/final_ood_frozen_v1/three_hole_asymmetric/sample_0025.npz,d3dd37382fca909602f329cf5ca0868fdf4906bc68d239b517c7b63904d4d71e,0.0018100839806720614,0.07247346587506505,0.7839967179477406,0.8863285779953003,0.2815896552056074,0.7311003275215625
mesh_gnn,59,three_hole_asymmetric,26,private-source://routeA_experiments/data/final_ood_frozen_v1/three_hole_asymmetric/sample_0026.npz,ab2b827142dff4076d7ccc83b71215ae118cd4367f57c2e1f1a596a261244546,0.002129501983290538,0.0764021594914551,0.8026977880688686,0.8833938613533974,0.349951459094882,0.7503005687147377
mesh_gnn,59,three_hole_asymmetric,27,private-source://routeA_experiments/data/final_ood_frozen_v1/three_hole_asymmetric/sample_0027.npz,502e0384dcc52c88b8d7686ef96396b3cb52f6aaceef7f024eb2b099d1a4007a,0.002310939016751945,0.06127693401073393,1.0105917849219839,0.9766202121973038,0.16649895871523768,0.7023670617491002
mesh_gnn,59,three_hole_asymmetric,28,private-source://routeA_experiments/data/final_ood_frozen_v1/three_hole_asymmetric/sample_0028.npz,9350fce83bcaffdab0c4c8e8d9620ad9255df6368a78acb778f31f6d4d74c766,0.002025402005529031,0.06501599490940442,0.9140877974812758,0.9182817190885544,0.2841924838721752,0.6752289351075887
mesh_gnn,59,three_hole_asymmetric,29,private-source://routeA_experiments/data/final_ood_frozen_v1/three_hole_asymmetric/sample_0029.npz,f5870c4d60ab26a07f238eaa0997f6136bebb56604eb5c97e4b9a2fda2f9dc4e,0.0019894430006388575,0.0662306482777314,0.5145049131610442,0.5526502132415771,0.3138275742530823,0.4867695540189739
mesh_gnn,59,three_hole_asymmetric,30,private-source://routeA_experiments/data/final_ood_frozen_v1/three_hole_asymmetric/sample_0030.npz,6fd7dea4e1eb48c71994c0c450b08928f5ea2504ed659d879044b9b6c1644f3b,0.0019599289807956666,0.05809904481658717,0.8904945859053182,0.8577433004975319,0.1758981985040009,0.6398481369018534
mesh_gnn,59,three_hole_asymmetric,31,private-source://routeA_experiments/data/final_ood_frozen_v1/three_hole_asymmetric/sample_0031.npz,4ba2ed02c426f61c1986b2240ee86afd7314ebbbe8b539e56f9600ba0cbbc1d6,0.002393736009253189,0.06736105636104685,0.8338420480435256,0.8354103863239288,0.26903929375112057,0.5765095498412839
mesh_gnn,59,three_hole_asymmetric,32,private-source://routeA_experiments/data/final_ood_frozen_v1/three_hole_asymmetric/sample_0032.npz,19561acd47d971095affbf1d7482c2543969e7efe2e017cce9662594c2409591,0.0018142450135201216,0.07091106211096976,0.8528273837571375,0.8331140726804733,0.2836097292602062,0.5997400984168051
mesh_gnn,59,three_hole_asymmetric,33,private-source://routeA_experiments/data/final_ood_frozen_v1/three_hole_asymmetric/sample_0033.npz,299a816b59d1641a415a05ef717681b17573aad62ca3c0dc9711e90793f0d5b1,0.001618937007151544,0.07643258429725693,0.9489522677611992,0.9346703663468361,0.3142432365566492,0.6850447691977024
mesh_gnn,59,three_hole_asymmetric,34,private-source://routeA_experiments/data/final_ood_frozen_v1/three_hole_asymmetric/sample_0034.npz,d9c1345372b974ce89c979d52478ef6d491162f017535e9466a777f808423d7d,0.002296666003530845,0.06568544996366411,0.7098170792322667,0.7892696261405945,0.27400948479771614,0.5675503041595206
mesh_gnn,59,three_hole_asymmetric,35,private-source://routeA_experiments/data/final_ood_frozen_v1/three_hole_asymmetric/sample_0035.npz,bbc5468f3342befdbe4e2f23d133af48d348c7ec0465af4103305de397fa0309,0.002249801007565111,0.06278716277021865,0.6765705063359743,0.7160261124372482,0.30506880581378937,0.6215675868093966
mesh_gnn,59,three_hole_asymmetric,36,private-source://routeA_experiments/data/final_ood_frozen_v1/three_hole_asymmetric/sample_0036.npz,f42f3b5b47bedfb758af7282d3853313d2f8cd91228aa5ad8456fe5f4ab773e7,0.0021757539943791926,0.07201626695563523,0.6805761224876593,0.8036163151264191,0.3879221901297569,0.6917980432510373
mesh_gnn,59,three_hole_asymmetric,37,private-source://routeA_experiments/data/final_ood_frozen_v1/three_hole_asymmetric/sample_0037.npz,70b02216f9922d40a0913ae98c1656101a148ee3d0036600db73f132e9e21930,0.002354017022298649,0.07119365378352076,0.8350829785440083,0.8804503306746483,0.3620867673307657,0.7504057571291921
mesh_gnn,59,three_hole_asymmetric,38,private-source://routeA_experiments/data/final_ood_frozen_v1/three_hole_asymmetric/sample_0038.npz,fa7d466e58601cc7ae42f28b80b74fe105c87c60ec45af33a67b9404e69917f3,0.002150254003936425,0.06805925880109928,0.6944549732748575,0.761522576212883,0.3411075100302696,0.6894316896796227
mesh_gnn,59,three_hole_asymmetric,39,private-source://routeA_experiments/data/final_ood_frozen_v1/three_hole_asymmetric/sample_0039.npz,6729ed9a2fcaa8077240d781da78727ef103709fb74147547087f09e654d3eeb,0.0019263589929323643,0.05841118683031238,0.5964694825114201,0.6034757792949677,0.27871276438236237,0.47854216918349246
mesh_gnn,59,three_hole_asymmetric,40,private-source://routeA_experiments/data/final_ood_frozen_v1/three_hole_asymmetric/sample_0040.npz,4dc1b2b4a3bf9267ac51874c458885168a31fd1142276944c4d12ad9b44e5100,0.0019567629788070917,0.0682583175680368,0.8607469096884214,0.8258863389492035,0.30822230875492096,0.7009780958294868
mesh_gnn,59,three_hole_asymmetric,41,private-source://routeA_experiments/data/final_ood_frozen_v1/three_hole_asymmetric/sample_0041.npz,1b3c5a766f7f80111c7c5b2d1e785760caa4ac76416598c810f62f378e2dbb64,0.002063356980215758,0.07698371287240008,0.911216621306527,0.8511433899402618,0.33183995680883527,0.6721045643091191
mesh_gnn,59,three_hole_asymmetric,42,private-source://routeA_experiments/data/final_ood_frozen_v1/three_hole_asymmetric/sample_0042.npz,71baba454d946efdf1ed77d43d057be7b5cb937b31204d3f9a34e5b759e1f944,0.0024214469885919243,0.05996134896342934,0.5630059996976654,0.5774876773357391,0.2784036472439766,0.48802296072244533
mesh_gnn,59,three_hole_asymmetric,43,private-source://routeA_experiments/data/final_ood_frozen_v1/three_hole_asymmetric/sample_0043.npz,2ede2163e09a9b392d4845b6523de16898b67b651acecab632146f022bcfc1f4,0.0020006770209874958,0.06255921303709701,0.708203585439167,0.7161086350679398,0.2908068411052227,0.5664614975452418
mesh_gnn,59,three_hole_asymmetric,44,private-source://routeA_experiments/data/final_ood_frozen_v1/three_hole_asymmetric/sample_0044.npz,752790623dc514ac3a960bd67bd0cc3d73c861a4598060b92da04b2669e579d1,0.002084219013340771,0.06574325582278989,1.0228085264313842,0.9708998575806618,0.21327881957404315,0.6512150198221206
mesh_gnn,59,three_hole_asymmetric,45,private-source://routeA_experiments/data/final_ood_frozen_v1/three_hole_asymmetric/sample_0045.npz,f93c887a4af2aa5861e233d5e8c99ba90ed0d24be1f48007e736b60f2d82baa0,0.0023308520030695945,0.05208724691886009,0.8017373628301083,0.8464034646749496,0.16386451199650764,0.5683520302176475
mesh_gnn,59,three_hole_asymmetric,46,private-source://routeA_experiments/data/final_ood_frozen_v1/three_hole_asymmetric/sample_0046.npz,7d5d9a6e64d8ae8a1e9c7319dfb573f33de06eedee213c902c4b6812faa42d0f,0.0022750069911126047,0.07486536379576009,0.9997141051358663,0.9200104102492332,0.23568105697631836,0.7125116627663357
mesh_gnn,59,three_hole_asymmetric,47,private-source://routeA_experiments/data/final_ood_frozen_v1/three_hole_asymmetric/sample_0047.npz,95e07fc5463827a0ac7d058d0e1aeb9765b781fcc9901e3615d3cde6d0c42f72,0.0023481679963879287,0.07221909719849323,0.6142018267834684,0.5633024573326111,0.3255430683493614,0.5005316793918609
mesh_gnn,59,three_hole_asymmetric,48,private-source://routeA_experiments/data/final_ood_frozen_v1/three_hole_asymmetric/sample_0048.npz,741a820e5ca03d114c8d4ed90e51db19c9ac4733b4f826ec2ddcc36cdcac9b62,0.002008715004194528,0.06482560636669506,0.5561813455093697,0.7039598524570465,0.29407788068056107,0.5024572715163222
mesh_gnn,59,three_hole_asymmetric,49,private-source://routeA_experiments/data/final_ood_frozen_v1/three_hole_asymmetric/sample_0049.npz,9317a9055bfd4093fea4ae0bf2d7e1d3d9c8669629d159a06ce9f1c11ad7714e,0.0019962989899795502,0.06251972353529446,0.7880299141263334,0.7601901888847351,0.21619474701583385,0.6349036604166026
mesh_gnn,59,three_hole_asymmetric,50,private-source://routeA_experiments/data/final_ood_frozen_v1/three_hole_asymmetric/sample_0050.npz,88a36cb1ba6df1b25c02998dd5f645924a13a886bbdfd8571e6f74a10d39880a,0.0024552029790356755,0.06592151333210773,0.841793090267062,0.8787842690944672,0.21908840085961856,0.689251077920198
mesh_gnn,59,three_hole_asymmetric,51,private-source://routeA_experiments/data/final_ood_frozen_v1/three_hole_asymmetric/sample_0051.npz,4d85c5da827c71859348f936a1bae9663c3aa6086f7d0a08035af48235a64ac0,0.0020083139825146645,0.061815039126675,0.8405224104085673,0.8106494843959808,0.19789524364750832,0.6652193959802387
mesh_gnn,59,three_hole_asymmetric,52,private-source://routeA_experiments/data/final_ood_frozen_v1/three_hole_asymmetric/sample_0052.npz,89347f4a5c2576ca481b684f9f7a77f38b7ae53c4ffdc77eeb307666b58e7af9,0.0019833090191241354,0.0648134311577895,0.795321923990498,0.8698763102293015,0.29179350286722183,0.6862021826207636
mesh_gnn,59,three_hole_asymmetric,53,private-source://routeA_experiments/data/final_ood_frozen_v1/three_hole_asymmetric/sample_0053.npz,68b58c6932346fa5b469420b06037edb861502f1184f5455c6a69240285d7df0,0.00256202497985214,0.05370402545015457,0.6011545105257847,0.6806527972221375,0.23159770295023918,0.524714571237563
mesh_gnn,59,three_hole_asymmetric,54,private-source://routeA_experiments/data/final_ood_frozen_v1/three_hole_asymmetric/sample_0054.npz,8a3d74a7607b5928b4762b9ca74c6b9275b177ed92746be0574f4816d05444cd,0.002577936975285411,0.07026875060837379,0.8896567432874996,0.9047302976250648,0.2714363057166338,0.7203954584896564
mesh_gnn,59,three_hole_asymmetric,55,private-source://routeA_experiments/data/final_ood_frozen_v1/three_hole_asymmetric/sample_0055.npz,35e8e631f17a95d6289143b7bc8633f62ae4fcbfedd60929228f07fdfb4340db,0.002321973006473854,0.07138834621332518,0.8986635118170925,0.8737626671791077,0.25082214176654816,0.662249551713466
mesh_gnn,59,three_hole_asymmetric,56,private-source://routeA_experiments/data/final_ood_frozen_v1/three_hole_asymmetric/sample_0056.npz,445a3665a73f0ceaa2ced3d30b7da490d69d77b0d8a04d8eeb849db3eed04dd1,0.002083352010231465,0.05496201907726775,0.7059398515237574,0.776685357093811,0.21362479776144028,0.5895579829812043
mesh_gnn,59,three_hole_asymmetric,57,private-source://routeA_experiments/data/final_ood_frozen_v1/three_hole_asymmetric/sample_0057.npz,e6cd4f4e82b85801bd6e1f55cd798f136d06cef8b5699b3b132aae856fc4f8c6,0.002375437004957348,0.07242868988237666,0.7692909183007618,0.821689710021019,0.32890521362423897,0.7012907743453973
mesh_gnn,59,three_hole_asymmetric,58,private-source://routeA_experiments/data/final_ood_frozen_v1/three_hole_asymmetric/sample_0058.npz,cd8c02f16d5cb5b76ccf7d1ec24d90c99eadd3a3beb517f14abd993c4185db88,0.0024401980044785887,0.06019276110139983,0.5197169377032589,0.5378491878509521,0.23785368353128433,0.3960496559739111
mesh_gnn,59,three_hole_asymmetric,59,private-source://routeA_experiments/data/final_ood_frozen_v1/three_hole_asymmetric/sample_0059.npz,8b2f19de3b7d84f2e94fee0e2534974e7bb4e568d67f3a1c9928750c5d681d54,0.002108709013555199,0.061478359183975706,0.47999834779125283,0.49531614780426025,0.24405143409967422,0.4033638522028921
mesh_gnn,59,three_hole_asymmetric,60,private-source://routeA_experiments/data/final_ood_frozen_v1/three_hole_asymmetric/sample_0060.npz,9a762eaafc0ad4943d42da4f1c2f1324b21b6ee9e3faaf6bd0e21961c2c74f37,0.0025352819939143956,0.068593967447143,0.7984000985202447,0.7678323090076447,0.2459249485109467,0.6345855630934235
mesh_gnn,59,three_hole_asymmetric,61,private-source://routeA_experiments/data/final_ood_frozen_v1/three_hole_asymmetric/sample_0061.npz,f363192d56ff237222c6af805a0435cdace76f73899372ae7a684b627192c2cf,0.002583661989774555,0.05545504941345789,0.6649634195026402,0.8091438412666321,0.25190979056060314,0.6109157055616377
mesh_gnn,59,three_hole_asymmetric,62,private-source://routeA_experiments/data/final_ood_frozen_v1/three_hole_asymmetric/sample_0062.npz,2f26a4605d7e2c878f5be76227c29d3c349d949c85a3fd078ad080cee6cfff90,0.002152208995539695,0.06888412417975305,0.7646541828695275,0.8477599769830704,0.3294953294098377,0.6599599368870258
mesh_gnn,59,three_hole_asymmetric,63,private-source://routeA_experiments/data/final_ood_frozen_v1/three_hole_asymmetric/sample_0063.npz,17c7bdafaf1ee584c9e013fbb7431229a839fea3282cdae21417ce64c07803f3,0.0020813969895243645,0.06264123810284383,0.6410502028051872,0.7358479201793671,0.25651852786540985,0.5710248082876205
mesh_gnn,59,three_hole_asymmetric,64,private-source://routeA_experiments/data/final_ood_frozen_v1/three_hole_asymmetric/sample_0064.npz,793cbf94a8f0ee09dd55e7baf6508b26cc685f59f0c6758686e2412286c50e95,0.0024302179808728397,0.07277459563369273,0.6586573184725799,0.7662411332130432,0.35583722218871117,0.6239555224776263
mesh_gnn,59,three_hole_asymmetric,65,private-source://routeA_experiments/data/final_ood_frozen_v1/three_hole_asymmetric/sample_0065.npz,1a010370114984ac96012fd00665935431ad026ab4d7339462e9ede18dcde1d9,0.00216177201946266,0.06450967139918684,0.7587224156145514,0.849029079079628,0.23177514411509037,0.5567466191947457
mesh_gnn,59,three_hole_asymmetric,66,private-source://routeA_experiments/data/final_ood_frozen_v1/three_hole_asymmetric/sample_0066.npz,b4fb5ef8fe25b228082cf73d25bf64834fc6a386885f1003e912cc5461f36d56,0.002109613997163251,0.07246402853957383,0.8848347341101898,0.8425121158361435,0.2953059524297714,0.7187327954918141
mesh_gnn,59,three_hole_asymmetric,67,private-source://routeA_experiments/data/final_ood_frozen_v1/three_hole_asymmetric/sample_0067.npz,9966203f8926dbc05a509af06ae061895e57e0716bd5f4d7fbf1f94ef0a45954,0.001956680993316695,0.05975690157902845,0.7096634133915722,0.7024525105953217,0.23767573153600097,0.5398868724703785
mesh_gnn,59,three_hole_asymmetric,68,private-source://routeA_experiments/data/final_ood_frozen_v1/three_hole_asymmetric/sample_0068.npz,3441c1ef60f7fd85c99941996ff1e1187f19859561c6ad1e959ad510a070dfcb,0.002078870020341128,0.07630348462089286,0.9120570825780585,0.9129284769296646,0.33210127241909504,0.770159517228602
mesh_gnn,59,three_hole_asymmetric,69,private-source://routeA_experiments/data/final_ood_frozen_v1/three_hole_asymmetric/sample_0069.npz,957b4c4b2aca791503277fca2b6d349af9cb542bc497b1dfb5a2641ef5e16b1e,0.0023775350127834827,0.07515985660944183,0.8722472954085383,0.9847894832491875,0.3536196332424879,0.7536358766257746
mesh_gnn,59,three_hole_asymmetric,70,private-source://routeA_experiments/data/final_ood_frozen_v1/three_hole_asymmetric/sample_0070.npz,bf042f87f987b456925f37ee22c985a855b18b686770e5b97a394d3c0c2acbe6,0.002448735001962632,0.07607406081726785,0.8801716447190726,0.8412593901157379,0.3430776931345463,0.681826865673064
mesh_gnn,59,three_hole_asymmetric,71,private-source://routeA_experiments/data/final_ood_frozen_v1/three_hole_asymmetric/sample_0071.npz,d8ecc3806b2dd2950185d128052672533a7ecff47ea474de8708ce8b3e391105,0.0020619909919332713,0.051572778193391254,0.7787854824275695,0.8287642449140549,0.16247769631445408,0.541044360399246
mesh_gnn,59,three_hole_asymmetric,72,private-source://routeA_experiments/data/final_ood_frozen_v1/three_hole_asymmetric/sample_0072.npz,6fb1d638377a02897f21ad9678d3a93e1ed734ef1ade5a6f69a1c16b0d92646b,0.002386526990449056,0.05920004138646084,0.8628399453970143,0.9015205129981041,0.17236666101962328,0.6336842633783799
mesh_gnn,59,three_hole_asymmetric,73,private-source://routeA_experiments/data/final_ood_frozen_v1/three_hole_asymmetric/sample_0073.npz,aa1f55a954bf5a5a2a0fc55c80c60d0c6c3bcfed40697329e85d1f1150b3beb1,0.0021395259827841073,0.06580740594127271,0.7959842035153437,0.8073051571846008,0.2349722262006253,0.5879937112331385
mesh_gnn,59,three_hole_asymmetric,74,private-source://routeA_experiments/data/final_ood_frozen_v1/three_hole_asymmetric/sample_0074.npz,7efa7bbcf05970d90ea88b07b297960e2591bdf9454367d39202dd0eea0baf1c,0.002029276976827532,0.05799175083399169,0.8280320426094664,0.8169210851192474,0.19863877445459366,0.6380606286227702
mesh_gnn,59,three_hole_asymmetric,75,private-source://routeA_experiments/data/final_ood_frozen_v1/three_hole_asymmetric/sample_0075.npz,797d1d48df61dcc794ea9c42bd7cbe3fb5904ac3207e4c22d07fd98d6cba6889,0.0017090679903049022,0.07545186123722356,0.7896812080892395,0.838966965675354,0.33499930053949356,0.7029871158301829
mesh_gnn,59,three_hole_asymmetric,76,private-source://routeA_experiments/data/final_ood_frozen_v1/three_hole_asymmetric/sample_0076.npz,ed8628f781c6e4e0f944c54b129e12897361e0950bc2b545bb2c4111835b1aa3,0.0018377649830654263,0.0682878092390363,0.8976983758549696,0.8547396808862686,0.2612807620316744,0.6057801190763706
mesh_gnn,59,three_hole_asymmetric,77,private-source://routeA_experiments/data/final_ood_frozen_v1/three_hole_asymmetric/sample_0077.npz,e1e3d0aa07a5e03fbc7d7cd2e5822d6d019cc78a74b2a133771301fca0c23ab6,0.0021679740166291595,0.07223857731785327,0.6752342548251163,0.7745966911315918,0.35760829970240593,0.668865184485912
mesh_gnn,59,three_hole_asymmetric,78,private-source://routeA_experiments/data/final_ood_frozen_v1/three_hole_asymmetric/sample_0078.npz,b8c9c9f9a9d7c2106857e098ccf52a7ed33b76dda547cbe28fa76263b27cde39,0.0022912059794180095,0.07178987633378409,0.8011296186214169,0.8328672796487808,0.33846356347203255,0.6179286271333694
mesh_gnn,59,three_hole_asymmetric,79,private-source://routeA_experiments/data/final_ood_frozen_v1/three_hole_asymmetric/sample_0079.npz,6600329ca06c105c508bd49db109ca5aa0861398ccd222389fac3dd5f02b058c,0.0016481999773532152,0.06591085907597859,0.9351593487642893,0.8177499920129776,0.2353154004085809,0.6172887191176408
mesh_gnn,59,three_hole_asymmetric,80,private-source://routeA_experiments/data/final_ood_frozen_v1/three_hole_asymmetric/sample_0080.npz,ffbc158abeb51a4eb3928201634706c040d340dabbe33426cdc7b7127fe13543,0.00239471101667732,0.060535386845215984,0.7127632631312641,0.6389982104301453,0.27977438643574715,0.5228376634418959
mesh_gnn,59,three_hole_asymmetric,81,private-source://routeA_experiments/data/final_ood_frozen_v1/three_hole_asymmetric/sample_0081.npz,a87e60b7c7797fddf37237be730cdc9809205a80b44cb6b2262de1a6d7645693,0.0023326370283029974,0.06938183810492016,0.8857470117076702,0.878536768257618,0.30632926314137876,0.6508922103792422
mesh_gnn,59,three_hole_asymmetric,82,private-source://routeA_experiments/data/final_ood_frozen_v1/three_hole_asymmetric/sample_0082.npz,067daeb253b7553c2df8a4b49429eea3aa5169264dc4c11e08a931320e7ddff4,0.001691744982963428,0.05510634424498869,0.6331842818903054,0.6978253424167633,0.24268948286771774,0.5364086493849741
mesh_gnn,59,three_hole_asymmetric,83,private-source://routeA_experiments/data/final_ood_frozen_v1/three_hole_asymmetric/sample_0083.npz,f1d60eebc050728f5777b4668048e76d34dee796f6835ce90e1158999fa44fd4,0.0023062879918143153,0.0697367588655265,0.8935356423461592,0.8868667408823967,0.2631063535809517,0.6876748818904158
mesh_gnn,59,three_hole_asymmetric,84,private-source://routeA_experiments/data/final_ood_frozen_v1/three_hole_asymmetric/sample_0084.npz,412d7cf0b8e7473beabae2d73d6f51672f2e2290c5eb4f6594fefd3da8d64992,0.0017117380048148334,0.07568878846472324,0.8095944285179172,0.8041174709796906,0.3488979786634445,0.718557737767696
mesh_gnn,59,three_hole_asymmetric,85,private-source://routeA_experiments/data/final_ood_frozen_v1/three_hole_asymmetric/sample_0085.npz,254ac982dfb840962b732a7f58d26007ad7175788b3d22740ac1a0de93037713,0.001800222002202645,0.0611139858929245,0.6066632918507106,0.6449021548032761,0.30105192214250565,0.5056550480425355
mesh_gnn,59,three_hole_asymmetric,86,private-source://routeA_experiments/data/final_ood_frozen_v1/three_hole_asymmetric/sample_0086.npz,c521fb24ed492b9981db7f659459473625677c7b0d7e4c9095384fc6551b4657,0.0022813100076746196,0.06663867804346926,1.0488572560355178,0.8914711475372314,0.19195363158360124,0.6199255444109432
mesh_gnn,59,three_hole_asymmetric,87,private-source://routeA_experiments/data/final_ood_frozen_v1/three_hole_asymmetric/sample_0087.npz,7946973bee1306c79f4c36bb2e32fb4b5c210f4c5eee0944367ba30e9fdd9e31,0.002102989994455129,0.05576873129114859,0.7046994782167775,0.8796364441514015,0.1871245615184307,0.6116451725363731
mesh_gnn,59,three_hole_asymmetric,88,private-source://routeA_experiments/data/final_ood_frozen_v1/three_hole_asymmetric/sample_0088.npz,11f5514ff6bbacbe263aded7875193bf5aad8a00011357f6c74f2f464c5b23a1,0.0017882229876704514,0.062051341152194545,0.5585372325527219,0.6096614897251129,0.26854684948921204,0.46473880559205977
mesh_gnn,59,three_hole_asymmetric,89,private-source://routeA_experiments/data/final_ood_frozen_v1/three_hole_asymmetric/sample_0089.npz,a61b51e0b645bb67e96064efeeb018bd2d7b048c8350145b4efca94cd3cced4a,0.0017891839961521327,0.07058489252017505,0.7033137918262841,0.7439424693584442,0.3654540628194809,0.6766233146190643
mesh_gnn,59,three_hole_asymmetric,90,private-source://routeA_experiments/data/final_ood_frozen_v1/three_hole_asymmetric/sample_0090.npz,f238f1b73bfe633977814f4ee8efd7678f1da09cdadc96667ab86b42fd9c84b8,0.002366539993090555,0.077816448298347,0.9432866842588467,0.9282564520835876,0.3113168068230152,0.6946995649486764
mesh_gnn,59,three_hole_asymmetric,91,private-source://routeA_experiments/data/final_ood_frozen_v1/three_hole_asymmetric/sample_0091.npz,908dee8055af09e682db2290282512110ad8b8134b5a3c698b0b1e27d1298733,0.0017972950008697808,0.05720326714959881,0.5972806560520755,0.5897690653800964,0.27364521846175194,0.5108836457133291
mesh_gnn,59,three_hole_asymmetric,92,private-source://routeA_experiments/data/final_ood_frozen_v1/three_hole_asymmetric/sample_0092.npz,235f3d7bb93d6ff69897dc532f9c0175c97fc98f43fc1a6c18061f36b3b6c3ef,0.0021627020032610744,0.07300455791983902,0.6670675177076815,0.7174490392208099,0.3632756508886814,0.5707079805433749
mesh_gnn,59,three_hole_asymmetric,93,private-source://routeA_experiments/data/final_ood_frozen_v1/three_hole_asymmetric/sample_0093.npz,a7d0da11a92287a27a4a6c11ca702f3f2f17ff721a0f0279d690f8abf94252be,0.0017113439971581101,0.054969203907095386,0.6786799347833536,0.7640530467033386,0.26626168191432953,0.5991629928350448
mesh_gnn,59,three_hole_asymmetric,94,private-source://routeA_experiments/data/final_ood_frozen_v1/three_hole_asymmetric/sample_0094.npz,d0aa584876f99691aeeb8026d5ead955e7cc17621019a851ef37a13edaf58971,0.002168573992094025,0.07029659740925413,0.8053647445282676,0.8601085394620895,0.3134278915822506,0.6600357748568046
mesh_gnn,59,three_hole_asymmetric,95,private-source://routeA_experiments/data/final_ood_frozen_v1/three_hole_asymmetric/sample_0095.npz,d203d6745345a12b29597ac2d26caea89ab17bb23083688666fb462296530e05,0.0017084749997593462,0.05997601791504794,0.7006779637567814,0.7686164379119873,0.2416926547884941,0.6197656482458113
mesh_gnn,59,three_hole_asymmetric,96,private-source://routeA_experiments/data/final_ood_frozen_v1/three_hole_asymmetric/sample_0096.npz,78f0808d535501b8d16b5386431081df41fe126d96ffeb5bfc34b71693bd5714,0.0022349130013026297,0.06717838038901273,0.8900681231124865,0.892725758254528,0.26872597075998783,0.6528757341206068
mesh_gnn,59,three_hole_asymmetric,97,private-source://routeA_experiments/data/final_ood_frozen_v1/three_hole_asymmetric/sample_0097.npz,a19b074a2ef168ce2028edf5abd4394ddadac3e42eb7badae29852dcd87b8c01,0.001943103998200968,0.07027003532154127,0.8395500460043176,0.8268185555934906,0.33873680979013443,0.708595164865255
mesh_gnn,59,three_hole_asymmetric,98,private-source://routeA_experiments/data/final_ood_frozen_v1/three_hole_asymmetric/sample_0098.npz,e628a052cb301d1ccddc36abc3e756605d05d755311cc580cb8638d0283e8a28,0.0023833499872125685,0.07030106879157465,0.8771507947282189,0.8746086955070496,0.2871367637999356,0.6828146301209925
mesh_gnn,59,three_hole_asymmetric,99,private-source://routeA_experiments/data/final_ood_frozen_v1/three_hole_asymmetric/sample_0099.npz,c4c58ccc92851ab150fbcfb7929b45da22b8f4be00f48239dbac5a4033fb8247,0.0020075400243513286,0.06582056866486154,0.8119562755733387,0.8363969773054123,0.2650189474225044,0.7236607670783997
mesh_gnn,59,three_hole_asymmetric,100,private-source://routeA_experiments/data/final_ood_frozen_v1/three_hole_asymmetric/sample_0100.npz,7735aa807c0bade0596ab7163387935e7d8a6420ea91ac0b71468f037f55c595,0.0024005020095501095,0.05514108448681004,0.4467559329763766,0.511044830083847,0.21279721707105637,0.34922898262739177
mesh_gnn,59,three_hole_asymmetric,101,private-source://routeA_experiments/data/final_ood_frozen_v1/three_hole_asymmetric/sample_0101.npz,50903f9da861e8e4b8d2ee84d0c4eea498c76f1b91f5cc6b26cca7661f51f13b,0.002560377004556358,0.07606070431695368,0.9408293942485385,0.8865392953157425,0.2876914427615702,0.7084499329328536
mesh_gnn,59,three_hole_asymmetric,102,private-source://routeA_experiments/data/final_ood_frozen_v1/three_hole_asymmetric/sample_0102.npz,393185e3a3667ce8030757bd68d94410eee1772700c16b445a0af74c993e2d3e,0.0025113179872278124,0.06357924719008348,0.9146824465777379,0.9068407043814659,0.21185625530779362,0.6952919848263263
mesh_gnn,59,three_hole_asymmetric,103,private-source://routeA_experiments/data/final_ood_frozen_v1/three_hole_asymmetric/sample_0103.npz,d8e3e01787f23ef6a1dabb9edf23da79e0637aeb7fd538143355fccbedc02bc1,0.0020760009938385338,0.06706199789798732,0.5303518969366743,0.5088907778263092,0.2904515638947487,0.44510365799069385
mesh_gnn,59,three_hole_asymmetric,104,private-source://routeA_experiments/data/final_ood_frozen_v1/three_hole_asymmetric/sample_0104.npz,d6cc18e29b7582dec1b5602f9fa8218e7d40d0e0ed08552c1d6acc779fc36a17,0.0020707049989141524,0.060811681676663294,0.8921855042040068,0.9096561968326569,0.21801727265119553,0.7675724349915976
mesh_gnn,59,three_hole_asymmetric,105,private-source://routeA_experiments/data/final_ood_frozen_v1/three_hole_asymmetric/sample_0105.npz,35bd0c998f7436861f71be50f8aba64a3461c822cf292b3e6694660f55a3b0f1,0.0021028690098319203,0.06679185529540729,0.6130274700351555,0.7828873693943024,0.28771671652793884,0.6013784937560551
mesh_gnn,59,three_hole_asymmetric,106,private-source://routeA_experiments/data/final_ood_frozen_v1/three_hole_asymmetric/sample_0106.npz,6888edd52db8cf29388af634eedf7f9be35793c07c18644b7f86f8a441acc780,0.0023655899858567864,0.05963289253479342,0.6350125888771376,0.6960177719593048,0.26413464173674583,0.5239533282816404
mesh_gnn,59,three_hole_asymmetric,107,private-source://routeA_experiments/data/final_ood_frozen_v1/three_hole_asymmetric/sample_0107.npz,40b2ef1f23b501bfde64a13fe7258035909f0d78e1d54eb6e1443c804305ecf4,0.0019862060144077986,0.06411249742898724,1.0972158748231349,0.9686763659119606,0.19521240354515612,0.5654367022216316
mesh_gnn,59,three_hole_asymmetric,108,private-source://routeA_experiments/data/final_ood_frozen_v1/three_hole_asymmetric/sample_0108.npz,79b8dfa34c2b35a10fea27f09a0f9f798b0367fc5192ed59d1361f1b53799bdd,0.002011088014114648,0.08268976275849539,0.9709237489356294,0.8903431370854378,0.3435063806246035,0.6791628479957577
mesh_gnn,59,three_hole_asymmetric,109,private-source://routeA_experiments/data/final_ood_frozen_v1/three_hole_asymmetric/sample_0109.npz,8ce37dd8adb5cefec81dbd0f448aa24fd957fd04fe733656a07aef732c8cc2eb,0.002620184008264914,0.05529564065780409,0.49221665779768964,0.502984344959259,0.24055030196905136,0.3792924210429191
mesh_gnn,59,three_hole_asymmetric,110,private-source://routeA_experiments/data/final_ood_frozen_v1/three_hole_asymmetric/sample_0110.npz,4f2615c8cb85f9158644a5c730014c3884dbecc44b41e4c6525efb9d86c8caf8,0.00196712400065735,0.0683013881912031,0.8932884714207178,0.8766593784093857,0.23840332590043545,0.7398406833410262
mesh_gnn,59,three_hole_asymmetric,111,private-source://routeA_experiments/data/final_ood_frozen_v1/three_hole_asymmetric/sample_0111.npz,0935578871a0f3a49acfc526c2f37c216dd91c68bd2a8bfb1b536326e94f5a44,0.0016681220149621367,0.05800531911327944,0.9570813170875775,0.8822584822773933,0.17011364267091267,0.5311789106577623
mesh_gnn,59,three_hole_asymmetric,112,private-source://routeA_experiments/data/final_ood_frozen_v1/three_hole_asymmetric/sample_0112.npz,75f3066ea740d92e454646a086e63a485bf69922e759ad6ffeae0e0cb87dfaa8,0.002388911001617089,0.07508466968333825,0.819838922878932,0.8704202547669411,0.28629726730287075,0.675732700526714
mesh_gnn,59,three_hole_asymmetric,113,private-source://routeA_experiments/data/final_ood_frozen_v1/three_hole_asymmetric/sample_0113.npz,e697a839e7548feb3a5b14360c3973b92e38a87052d3b7365b32a7cd0a753191,0.0020172930089756846,0.06506053148227402,0.622026009494191,0.6371876001358032,0.2665482386946678,0.5453992933034896
mesh_gnn,59,three_hole_asymmetric,114,private-source://routeA_experiments/data/final_ood_frozen_v1/three_hole_asymmetric/sample_0114.npz,7afaaf3601e6ed30886241051a0637c969fab4fdc7321968e3389ce030c7486a,0.002148546016542241,0.0715416595699509,0.6848283346771651,0.6923766434192657,0.35151877254247665,0.5885262534022327
mesh_gnn,59,three_hole_asymmetric,115,private-source://routeA_experiments/data/final_ood_frozen_v1/three_hole_asymmetric/sample_0115.npz,c61c1f6680ef22cfbb61c3b59a74537ff91a7a97eefe05a24d1215c5eff14175,0.002236228989204392,0.06982291850435765,0.8362137157949725,0.8208319842815399,0.3094449117779732,0.6405603967607013
mesh_gnn,59,three_hole_asymmetric,116,private-source://routeA_experiments/data/final_ood_frozen_v1/three_hole_asymmetric/sample_0116.npz,9630b36b29d980654e8e8af10a050b5b22f9036bbc0eaf53ddfff402e0574e30,0.002351142989937216,0.07947812295737884,0.9226807148773127,0.8807590678334236,0.28210524906171486,0.7405972167849539
mesh_gnn,59,three_hole_asymmetric,117,private-source://routeA_experiments/data/final_ood_frozen_v1/three_hole_asymmetric/sample_0117.npz,d3d1cc5eb6165ce5dd1eb46f3b7422b7a91b41002dd8e244fb5807270ef54ae0,0.0021430719934869558,0.060123280685730585,0.9416987688740639,0.9097731485962868,0.1979174314183183,0.5924586083739992
mesh_gnn,59,three_hole_asymmetric,118,private-source://routeA_experiments/data/final_ood_frozen_v1/three_hole_asymmetric/sample_0118.npz,8e2be99501a03f3deba60278c03b5af400416cb985c121c2fa7d7d7827ff8328,0.0022361750015988946,0.0624125571450898,0.733734109338005,0.8183402419090271,0.2951898667961359,0.5691415421664712
mesh_gnn,59,three_hole_asymmetric,119,private-source://routeA_experiments/data/final_ood_frozen_v1/three_hole_asymmetric/sample_0119.npz,a47277e2b3beb0d89ef7b03bc2d99a8b043b3ba5b66636730dd832240fb5bf67,0.0018776840006466955,0.0700762227103543,0.8279060091703022,0.8859412223100662,0.2908114679157734,0.684948148578404
mesh_gnn,59,three_hole_asymmetric,120,private-source://routeA_experiments/data/final_ood_frozen_v1/three_hole_asymmetric/sample_0120.npz,460897fcccde1db2e8ba9079e66abd4ea55bf6c9fcc14cc7507c17ec7571d07d,0.0021783660049550235,0.054885602401230256,0.6716792937394842,0.7141923308372498,0.2544975280761719,0.5391393363475795
mesh_gnn,59,three_hole_asymmetric,121,private-source://routeA_experiments/data/final_ood_frozen_v1/three_hole_asymmetric/sample_0121.npz,7463cebd5dcf30b0f53bfbcec6ed3cd938cae4ff1c7cb5a51f6b6208a020a4d2,0.002016404992900789,0.05305073839598153,0.6661059385245175,0.6453293859958649,0.21582597866654396,0.5316307350993157
mesh_gnn,59,three_hole_asymmetric,122,private-source://routeA_experiments/data/final_ood_frozen_v1/three_hole_asymmetric/sample_0122.npz,0b1f50e6483c4bd20f2eb7b1a5ad3ca903b7158558b6379b0a1c87cfb444d395,0.001988980977330357,0.060629724019341594,0.9154209091428771,0.8905551508069038,0.168127487271704,0.704850228875875
mesh_gnn,59,three_hole_asymmetric,123,private-source://routeA_experiments/data/final_ood_frozen_v1/three_hole_asymmetric/sample_0123.npz,65e171101675b5cb87eb5555f716856d756743e6d3447dfa2efbde71ac332e67,0.002601971005788073,0.0656859085638329,0.822970787242319,0.8821674287319183,0.2295236480422318,0.7137334831058975
mesh_gnn,59,three_hole_asymmetric,124,private-source://routeA_experiments/data/final_ood_frozen_v1/three_hole_asymmetric/sample_0124.npz,d3c7c52167944c7ed7ee06f79272238419f46b0150fe90a2589d3153747fbf2f,0.002588312025181949,0.06816580002615978,0.8122793652643054,0.8434443473815918,0.28281835466623306,0.673727662861346
mesh_gnn,59,three_hole_asymmetric,125,private-source://routeA_experiments/data/final_ood_frozen_v1/three_hole_asymmetric/sample_0125.npz,629b8f9d37de5d037c8e33f97e602bf5d06a112e8c988084322626ed3cfa0db4,0.001992517994949594,0.08668267038540878,0.9006957987421846,0.8230333924293518,0.38278276193886995,0.6984944108873605
mesh_gnn,59,three_hole_asymmetric,126,private-source://routeA_experiments/data/final_ood_frozen_v1/three_hole_asymmetric/sample_0126.npz,d79d0f135637e2841b3453a53add5c4bf624f15ae92f2562acb09afebef0ede1,0.0021990509994793683,0.06815966636513458,0.6995699442097263,0.7632779777050018,0.28186874464154243,0.6000684961676594
mesh_gnn,59,three_hole_asymmetric,127,private-source://routeA_experiments/data/final_ood_frozen_v1/three_hole_asymmetric/sample_0127.npz,7cee35213e8863690074459c24d7fd282a7630a45f0f4fab56f69cc5187ced3c,0.0020244010083843023,0.06643275604445989,0.7191688309798098,0.7862053215503693,0.24404849857091904,0.6535093553364275
mesh_gnn,59,three_hole_asymmetric,128,private-source://routeA_experiments/data/final_ood_frozen_v1/three_hole_asymmetric/sample_0128.npz,66f17e3594dd9beaddc30078e0aea012c36ea89ec3780e24ab5e66ada4aa0aee,0.0024883720034267753,0.06395577266606442,0.5375421265023962,0.524986982345581,0.28656429052352905,0.4543744027614589
mesh_gnn,59,three_hole_asymmetric,129,private-source://routeA_experiments/data/final_ood_frozen_v1/three_hole_asymmetric/sample_0129.npz,0513a13dc15142aa7035ad92a4d92696cde53f4f938fba0b6258ba43ff994ce4,0.0023931929899845272,0.07163609967345375,0.8674072441293321,0.9313691109418869,0.26709434390068054,0.7272351190447797
mesh_gnn,59,three_hole_asymmetric,130,private-source://routeA_experiments/data/final_ood_frozen_v1/three_hole_asymmetric/sample_0130.npz,0b7e254aff9dacc784e6945d18e32da0372125ff81dc9fb35dcf29f7e12504f6,0.0018596629961393774,0.08332099896406935,0.7778994164417997,0.8385463654994965,0.43925989232957363,0.6751435704529283
mesh_gnn,59,three_hole_asymmetric,131,private-source://routeA_experiments/data/final_ood_frozen_v1/three_hole_asymmetric/sample_0131.npz,b7bf7aa4688f48d7c78174369c23732d337ae6ffd998cf06bb7a4edda3a5063d,0.002155488997232169,0.061434161668892505,0.6943747227563433,0.7105845510959625,0.2957729995250702,0.5415051460266113
mesh_gnn,59,three_hole_asymmetric,132,private-source://routeA_experiments/data/final_ood_frozen_v1/three_hole_asymmetric/sample_0132.npz,37fe2cf79de29a9b7e04b5fe118372c54173e6f10125f0854cf4d171d4776d59,0.00238641700707376,0.05317867872628541,0.7893691726930527,0.7822484970092773,0.19091724790632725,0.6113010533154006
mesh_gnn,59,three_hole_asymmetric,133,private-source://routeA_experiments/data/final_ood_frozen_v1/three_hole_asymmetric/sample_0133.npz,3683c8dae119211360b0dbaa1ac9e1693a1728caddc3c1bb3768f981c2091e26,0.0021095399861223996,0.07268644167253584,0.7083077424504812,0.7827606499195099,0.39637724310159683,0.6788703203201293
mesh_gnn,59,three_hole_asymmetric,134,private-source://routeA_experiments/data/final_ood_frozen_v1/three_hole_asymmetric/sample_0134.npz,322bc5ec6225e978895e341b9dfdf38fbfa0681b5b329fe286739337905a2e67,0.0023989100009202957,0.07041760347057102,0.8836265158088169,0.9065394252538681,0.2800297252833843,0.6574212484061717
mesh_gnn,59,three_hole_asymmetric,135,private-source://routeA_experiments/data/final_ood_frozen_v1/three_hole_asymmetric/sample_0135.npz,b3bc13b4ad513f7b7c47e8dfedda3871bfe1d969ceb542243518b1f1661a7b7d,0.0024228530237451196,0.06480522846030395,0.8127262274927917,0.7720414847135544,0.25150706619024277,0.6299204155802726
mesh_gnn,59,three_hole_asymmetric,136,private-source://routeA_experiments/data/final_ood_frozen_v1/three_hole_asymmetric/sample_0136.npz,20f73113304cb007ce9ee5b010405b3b08c38b719993477582e1adb17921d82b,0.0024910210049711168,0.05929581792739564,0.614056953600843,0.6593891084194183,0.28997064009308815,0.5365469016134738
mesh_gnn,59,three_hole_asymmetric,137,private-source://routeA_experiments/data/final_ood_frozen_v1/three_hole_asymmetric/sample_0137.npz,9c029bad505c34e3cca11e8187bc4fdf7d1417417883641e5c92c0e2b1861711,0.0022180310043040663,0.06036644335918261,0.6693696349506261,0.6880136132240295,0.2753729075193405,0.5377459734678265
mesh_gnn,59,three_hole_asymmetric,138,private-source://routeA_experiments/data/final_ood_frozen_v1/three_hole_asymmetric/sample_0138.npz,2a95dd7d60712bbde64ddb2f3b9b174a2da8a71e64f53104448b1fda6898cb87,0.0019341450242791325,0.0688981132828443,1.0042802804854045,0.9268394857645035,0.20560963619755057,0.6236197050660841
mesh_gnn,59,three_hole_asymmetric,139,private-source://routeA_experiments/data/final_ood_frozen_v1/three_hole_asymmetric/sample_0139.npz,f356651d5f0fbe76d7b23cee9c305931b8e8fe879d3fc560e174e6ff4a4bcbc9,0.001914268999826163,0.07349276871002842,0.7163827513816482,0.7783093154430389,0.30495158210396767,0.6476882830262178
mesh_gnn,59,three_hole_asymmetric,140,private-source://routeA_experiments/data/final_ood_frozen_v1/three_hole_asymmetric/sample_0140.npz,c22b26c249410214ce91ba779d94c82c7d58648110a4aac0c4246990ecc43bba,0.0024108839861582965,0.07671501235589025,0.8190827627206221,0.8793750703334808,0.3922431133687496,0.7804931566119192
mesh_gnn,59,three_hole_asymmetric,141,private-source://routeA_experiments/data/final_ood_frozen_v1/three_hole_asymmetric/sample_0141.npz,581b8c08fb25b0697b98b87164ebaafe6cd559b41136643d44f9de35e975d7b9,0.002121135010384023,0.06932833605837302,0.9343898461185562,0.9453428089618683,0.2590745035558939,0.734539817273616
mesh_gnn,59,three_hole_asymmetric,142,private-source://routeA_experiments/data/final_ood_frozen_v1/three_hole_asymmetric/sample_0142.npz,578e8f60d4da9f74071ab8374b88b7be266d5d1e67dec13929a7acf811b163a8,0.0025222950207535177,0.07249195038283324,0.838157186884203,0.8481695055961609,0.2542254142463207,0.6728299677371972
mesh_gnn,59,three_hole_asymmetric,143,private-source://routeA_experiments/data/final_ood_frozen_v1/three_hole_asymmetric/sample_0143.npz,b6b2551b71fdf3da0d4ca84d9f08c6aa2f3008f1962bd943296cbf9612880efc,0.0026661399751901627,0.06967156900938866,0.9218419282809038,0.8952558189630508,0.2521764561533928,0.7704942323267457
mesh_gnn,59,three_hole_asymmetric,144,private-source://routeA_experiments/data/final_ood_frozen_v1/three_hole_asymmetric/sample_0144.npz,8329648a6f54e17ec6911f4a2a43086a79f241b8ea2247f84b00d977ee02610d,0.002599922998342663,0.06859940709935886,0.9867211224668889,0.9388894215226173,0.21738827042281628,0.7273660477250803
mesh_gnn,59,three_hole_asymmetric,145,private-source://routeA_experiments/data/final_ood_frozen_v1/three_hole_asymmetric/sample_0145.npz,9e07276be4c9a737eae17e3917bc3cdc5d0dfa1bce9663bd981f358519eb110c,0.002366748987697065,0.06297446920062752,0.6565251296335578,0.7660369873046875,0.2741252053529024,0.5783382922410965
mesh_gnn,59,three_hole_asymmetric,146,private-source://routeA_experiments/data/final_ood_frozen_v1/three_hole_asymmetric/sample_0146.npz,67f3ee8daff2c978cbe4cd399a7f2ad4874665b5c644a341c057c304af1127c1,0.0024904900055844337,0.07654951257621698,0.8941080163480308,0.8775288462638855,0.2775410767644644,0.7579272877424951
mesh_gnn,59,three_hole_asymmetric,147,private-source://routeA_experiments/data/final_ood_frozen_v1/three_hole_asymmetric/sample_0147.npz,e85347f74d9b0184043eda85a8b0b42fe6515b3c49ceeec50b7b4d6dfff4a07d,0.0019430560059845448,0.0611153919399714,0.6020436281075815,0.6904420852661133,0.3037377968430519,0.5366090863943096
mesh_gnn,59,three_hole_asymmetric,148,private-source://routeA_experiments/data/final_ood_frozen_v1/three_hole_asymmetric/sample_0148.npz,245fe71d4768340cf55e028f00a51ef269352046fcee78a0376200f4998c9360,0.002464671997586265,0.056105378468996936,0.7278347357327867,0.8315967172384262,0.22871547937393188,0.5769622355699535
mesh_gnn,59,three_hole_asymmetric,149,private-source://routeA_experiments/data/final_ood_frozen_v1/three_hole_asymmetric/sample_0149.npz,e4131c7833d7b32f7f309cc922c788dde6f66644cd7c84c3995c3e66ca6ec058,0.002299887011758983,0.06554627511180362,0.9321811804999555,0.8951026946306229,0.2130707241994969,0.6888433989137401
mesh_gnn,59,three_hole_asymmetric,150,private-source://routeA_experiments/data/final_ood_frozen_v1/three_hole_asymmetric/sample_0150.npz,14d7c4793f64ce9d612ac24093c5fbe0dae12baa2ebcc0e606416070b0010be4,0.0017747149977367371,0.0664176363356831,0.8963365440088312,0.8531394898891449,0.23978879116475582,0.6298140354454514
mesh_gnn,59,three_hole_asymmetric,151,private-source://routeA_experiments/data/final_ood_frozen_v1/three_hole_asymmetric/sample_0151.npz,3c828906fd7ab01c163402ae535f03a420e0b8d29d63467e8f5e0ac8bb2069f1,0.0021835750085301697,0.06594169039941634,0.71892745919814,0.8124375641345978,0.2580280974507332,0.6650163844227787
mesh_gnn,59,three_hole_asymmetric,152,private-source://routeA_experiments/data/final_ood_frozen_v1/three_hole_asymmetric/sample_0152.npz,2dd677fdf441a2d0d82994893dd167d20bc429686f9d05c84662f972384de6c2,0.0022619689989369363,0.06239311226112149,0.8303232987132557,0.8389110416173935,0.1985819623223506,0.6630944699048983
mesh_gnn,59,three_hole_asymmetric,153,private-source://routeA_experiments/data/final_ood_frozen_v1/three_hole_asymmetric/sample_0153.npz,e09e2ec653206737b870b71f517fcc81353db939fd7d890bfde2a8715648f046,0.002240414993138984,0.06468505282052764,0.9596079427092287,0.8397805243730545,0.1897238278761506,0.6964232556521887
mesh_gnn,59,three_hole_asymmetric,154,private-source://routeA_experiments/data/final_ood_frozen_v1/three_hole_asymmetric/sample_0154.npz,354f1ec9c8bb281306006c931744c6710f378713690c48b9dfc924d8e03155dc,0.001720232015941292,0.06298586077150925,0.7438215721719045,0.7520813643932343,0.27443452924489975,0.5834961265325542
mesh_gnn,59,three_hole_asymmetric,155,private-source://routeA_experiments/data/final_ood_frozen_v1/three_hole_asymmetric/sample_0155.npz,4feb6d42b1ba8f3891917e887c391dac5ab83213398859f8c4d1343a08f81523,0.002226568991318345,0.055606284801696625,0.8364433145501117,0.8499909937381744,0.17518781498074532,0.5830355793237686
mesh_gnn,59,three_hole_asymmetric,156,private-source://routeA_experiments/data/final_ood_frozen_v1/three_hole_asymmetric/sample_0156.npz,2ed681cf4ebe76dc5ff83597e8f424f37faa8aa01f50048685eb1a9f8504ef64,0.0016696999955456704,0.06502263326884773,0.8408393187249767,0.8867502734065056,0.2959192395210266,0.6259889863431453
mesh_gnn,59,three_hole_asymmetric,157,private-source://routeA_experiments/data/final_ood_frozen_v1/three_hole_asymmetric/sample_0157.npz,8f86d834f785485f1110f7ae10b681508b7fb7293834bdeabad4cd9e0ff581e7,0.002193921012803912,0.07101056008367782,0.7865442831836418,0.8677527606487274,0.2878092844039202,0.5886288896203032
mesh_gnn,59,three_hole_asymmetric,158,private-source://routeA_experiments/data/final_ood_frozen_v1/three_hole_asymmetric/sample_0158.npz,b7838937a002adfbc7581e42e80020a5cc8ff317b9ef609ec1903087a3d31c3e,0.002542307978728786,0.06999055221358964,0.7894325890514026,0.7734885960817337,0.25332783110206947,0.5946626916527735
mesh_gnn,59,three_hole_asymmetric,159,private-source://routeA_experiments/data/final_ood_frozen_v1/three_hole_asymmetric/sample_0159.npz,7ec05d300291c51dfc519a7d08b75bd3be917f67a3673dfe18849f585f9f709e,0.0026892379974015057,0.0683594217853891,0.81049004687151,0.781827837228775,0.35513198911212385,0.6185407973825923
mesh_gnn,59,three_hole_asymmetric,160,private-source://routeA_experiments/data/final_ood_frozen_v1/three_hole_asymmetric/sample_0160.npz,406b5d01c559ad3764a887df63a81ab6aeb54deb0e03ab5546863badf9a16f35,0.00209608901059255,0.056798190386609576,0.987785823358159,0.869180291891098,0.16708120482508093,0.5266406424343558
mesh_gnn,59,three_hole_asymmetric,161,private-source://routeA_experiments/data/final_ood_frozen_v1/three_hole_asymmetric/sample_0161.npz,e022a734e6aba3a7301b06bd77c79e73047ff290f57525b8dee053bdfa5b4988,0.0020313540007919073,0.059907094843565996,0.7541172179190265,0.8284686207771301,0.25171608477830887,0.6817217700183388
mesh_gnn,59,three_hole_asymmetric,162,private-source://routeA_experiments/data/final_ood_frozen_v1/three_hole_asymmetric/sample_0162.npz,2b13f73876bba396b8fa67ab174be82ee1a554b9e4c19a3a7412ffc39aba0b13,0.0025263350107707083,0.05648989040558088,0.7134313743649384,0.8331206440925598,0.2397439442574978,0.6443395286798477
mesh_gnn,59,three_hole_asymmetric,163,private-source://routeA_experiments/data/final_ood_frozen_v1/three_hole_asymmetric/sample_0163.npz,e9b740089bb1f2d4e21a0999405d9bdba3a57bd51c7e58ea5ed47d11ee6595a2,0.0025023600028362125,0.058299550412285385,0.7998796532826177,0.8412007093429565,0.18645840138196945,0.6197373166680336
mesh_gnn,59,three_hole_asymmetric,164,private-source://routeA_experiments/data/final_ood_frozen_v1/three_hole_asymmetric/sample_0164.npz,9f206330bd07c9c4847fddf539ce746ee66390d885f3c33bc1d444adbbd318ac,0.0023976470110937953,0.07069712235600696,0.678447067033703,0.7219240814447403,0.3545709177851677,0.6115040540695181
mesh_gnn,59,three_hole_asymmetric,165,private-source://routeA_experiments/data/final_ood_frozen_v1/three_hole_asymmetric/sample_0165.npz,59ec0f1c680bf9149906ed38b4dd3a4aa7612d7147f9c53c5dcfa06ecca43366,0.0024126420030370355,0.07390594167181687,0.7937532343720559,0.8442812561988831,0.3272702004760504,0.6919448792934408
mesh_gnn,59,three_hole_asymmetric,166,private-source://routeA_experiments/data/final_ood_frozen_v1/three_hole_asymmetric/sample_0166.npz,acdabcd30120f1b891f11b4fee7490ecf1c73a42827cec6684949a026c1d238b,0.002191968000261113,0.07025917919060341,0.8254299562765487,0.8575320392847061,0.31199613958597183,0.7261596247553825
mesh_gnn,59,three_hole_asymmetric,167,private-source://routeA_experiments/data/final_ood_frozen_v1/three_hole_asymmetric/sample_0167.npz,2d64cbb7ed13e9d5493b3bcffc548a37e43f77cfe686d4bd90f395d9b3dedcd2,0.0017334409931208938,0.06729063627493774,0.8727517009339841,0.8856203630566597,0.19742843508720398,0.6190475136041637
mesh_gnn,59,three_hole_asymmetric,168,private-source://routeA_experiments/data/final_ood_frozen_v1/three_hole_asymmetric/sample_0168.npz,ce1811b3b58e1cf01845e9ffb4fac5caa62f765929be1337c8260c13d9b65d5d,0.0017798569751903415,0.05980529208149741,0.9932465688093494,0.9418655708432198,0.15148600621614605,0.6673113100230685
mesh_gnn,59,three_hole_asymmetric,169,private-source://routeA_experiments/data/final_ood_frozen_v1/three_hole_asymmetric/sample_0169.npz,c8bdae4b5e47fcfb5a99f1ccde0ca1ecf2011b5c092fc8bd8e61595f8c50518c,0.002187473000958562,0.06560290026502869,0.9543722353127811,0.9159796983003616,0.2089585679132142,0.6928273849189265
mesh_gnn,59,three_hole_asymmetric,170,private-source://routeA_experiments/data/final_ood_frozen_v1/three_hole_asymmetric/sample_0170.npz,33251f1d994ef521e7ed6646d939e7b5f6ae05ade833fce7f91910e3aa7b2d74,0.0018833389913197607,0.061306126568960534,0.810957992935767,0.8811666890978813,0.20053808763623238,0.6012894518673418
mesh_gnn,59,three_hole_asymmetric,171,private-source://routeA_experiments/data/final_ood_frozen_v1/three_hole_asymmetric/sample_0171.npz,3304230b1d8bbdd9fc2dfda78714484a468749cddd223bba1c2dbf29c548831e,0.001687754993326962,0.06870400121427621,0.7526942840385554,0.8294496834278107,0.3276275396347046,0.7226191908121105
mesh_gnn,59,three_hole_asymmetric,172,private-source://routeA_experiments/data/final_ood_frozen_v1/three_hole_asymmetric/sample_0172.npz,a740cace37940a1e2252703d9381d4b9f3f3b166a52d68121a24aaca6473c237,0.0018488869827706367,0.06719206567671207,0.7375279510106927,0.7903685122728348,0.29285644739866257,0.6532683104276655
mesh_gnn,59,three_hole_asymmetric,173,private-source://routeA_experiments/data/final_ood_frozen_v1/three_hole_asymmetric/sample_0173.npz,7fbe985e9871b0fea23dcd48b5658d0febd6965ccb34e4430a248d8ea7884c13,0.0022371340019162744,0.061285042253046464,0.8202003834315775,0.8451681435108185,0.21107200428377837,0.6013800010085094
mesh_gnn,59,three_hole_asymmetric,174,private-source://routeA_experiments/data/final_ood_frozen_v1/three_hole_asymmetric/sample_0174.npz,71542cbeea7c7322472596a11b9ea2cf6285893af2fd8caaacd78a77cf1d83fd,0.0021509180078282952,0.06475527286317052,0.732975311602257,0.8168958127498627,0.2756978590041399,0.6264276254922144
mesh_gnn,59,three_hole_asymmetric,175,private-source://routeA_experiments/data/final_ood_frozen_v1/three_hole_asymmetric/sample_0175.npz,0f2191f55e786a9cc0197b9d38b5849150523e7f0e95da026a8b7282892dd7e7,0.0021357079967856407,0.0653921611621744,0.8773921533612594,0.9138163924217224,0.1845361888408661,0.6436429474502788
mesh_gnn,59,three_hole_asymmetric,176,private-source://routeA_experiments/data/final_ood_frozen_v1/three_hole_asymmetric/sample_0176.npz,1d5d110e1725a11891d26e004b83d93d33e264f9f0cc612cea71237c93485c91,0.0022479380131699145,0.0627213452345102,0.6267312463269062,0.6946341693401337,0.27369097620248795,0.5834922052919864
mesh_gnn,59,three_hole_asymmetric,177,private-source://routeA_experiments/data/final_ood_frozen_v1/three_hole_asymmetric/sample_0177.npz,491128641f9815a0257fe2c5da3e9ef510909b89c7efe14041aaf988dd54d374,0.002229811012512073,0.06867652067548438,0.9243297900683989,0.9477937072515488,0.27385856769979,0.7388070486485954
mesh_gnn,59,three_hole_asymmetric,178,private-source://routeA_experiments/data/final_ood_frozen_v1/three_hole_asymmetric/sample_0178.npz,8ad8976324d69fa900282a701c1176bec4bd066428ab6af4d07f98b6226c1440,0.0017538770043756813,0.07376772973941959,0.8488327064412156,0.9034813866019249,0.32934348471462727,0.7595289416611178
mesh_gnn,59,three_hole_asymmetric,179,private-source://routeA_experiments/data/final_ood_frozen_v1/three_hole_asymmetric/sample_0179.npz,ed3c4408215897e333b3a88a790f6b3b965edbc5f729ee1ca00b514638a22db3,0.0021974359988234937,0.06998778330525533,0.6531571402568012,0.7119328677654266,0.31738410145044327,0.6196242019534108
mesh_gnn,59,three_hole_asymmetric,180,private-source://routeA_experiments/data/final_ood_frozen_v1/three_hole_asymmetric/sample_0180.npz,026ec17f7ba5561155ad7d2d26d4b774202c9e9d3be82846603703294b1c6599,0.0016728149785194546,0.06506893979565902,0.8031837851291258,0.8472938537597656,0.25818550772964954,0.6816327791661023
mesh_gnn,59,three_hole_asymmetric,181,private-source://routeA_experiments/data/final_ood_frozen_v1/three_hole_asymmetric/sample_0181.npz,ae31a16b8c81593e19306a84399bfd2a84ac55c7910ef8823c67abd4642aa2f6,0.0018220219935756177,0.06778922498561309,0.8240539892776582,0.8427345156669617,0.23352853581309319,0.6263538166880596
mesh_gnn,59,three_hole_asymmetric,182,private-source://routeA_experiments/data/final_ood_frozen_v1/three_hole_asymmetric/sample_0182.npz,3c898c6349f36f90b3d5a9fe1ea363190f3864ec9904027b2c82073b2f828008,0.001942092989338562,0.0677098923123308,0.7960403487579256,0.8443192839622498,0.25316665321588516,0.6582419507205484
mesh_gnn,59,three_hole_asymmetric,183,private-source://routeA_experiments/data/final_ood_frozen_v1/three_hole_asymmetric/sample_0183.npz,7960bd5136007fe9e53aaf26195ec050cd3f170be4ea0892e9c50801de1e2a57,0.001574497000547126,0.06136069301036301,0.6811930266861235,0.6839969754219055,0.2538282017922029,0.5047603845596306
mesh_gnn,59,three_hole_asymmetric,184,private-source://routeA_experiments/data/final_ood_frozen_v1/three_hole_asymmetric/sample_0184.npz,d0af476fd13dfb1d250ce9a4ca56a9e4e7747143d266e251a2d3bed91fdc35c3,0.0021756329806521535,0.06219550289157152,0.5995577773750304,0.5400728285312653,0.30344730988144875,0.461314272880554
mesh_gnn,59,three_hole_asymmetric,185,private-source://routeA_experiments/data/final_ood_frozen_v1/three_hole_asymmetric/sample_0185.npz,825925d58976a37ca694d695a027e07bfbaaceb34012d307f2f1821037baf144,0.0022792549862060696,0.06897098668815099,0.8282599906378337,0.7782205939292908,0.27743390016257763,0.6740441836416715
mesh_gnn,59,three_hole_asymmetric,186,private-source://routeA_experiments/data/final_ood_frozen_v1/three_hole_asymmetric/sample_0186.npz,77e809def7ac8044a4e55b9ef623158afda39a6477b671e128605d4b47566db6,0.0022085889941081405,0.06303490396857536,0.931175626472305,0.9144351631402969,0.21774917287984863,0.6429005235433577
mesh_gnn,59,three_hole_asymmetric,187,private-source://routeA_experiments/data/final_ood_frozen_v1/three_hole_asymmetric/sample_0187.npz,d41acb81beffee4db9203e1cf0266797359f026ace1ea8ca9bcd6ccb1e2af128,0.0023548509925603867,0.06322005546729677,0.7387044098048309,0.7990109324455261,0.25868060626089573,0.5816548041999335
mesh_gnn,59,three_hole_asymmetric,188,private-source://routeA_experiments/data/final_ood_frozen_v1/three_hole_asymmetric/sample_0188.npz,0ee1d93b5b155a3545c539b9ebd208096d5da786ac320abbe96a9ddff30d88d7,0.002008947019930929,0.05479108960397067,0.628343570084193,0.5270735025405884,0.17816950753331184,0.39816778749227516
mesh_gnn,59,three_hole_asymmetric,189,private-source://routeA_experiments/data/final_ood_frozen_v1/three_hole_asymmetric/sample_0189.npz,70be7056cd13692af26bab63a3df9b9a64678831ef39fdb9582375ceecca7edf,0.0020557410025503486,0.07094335517516105,1.0361744034087124,0.9257656037807465,0.25130182557040825,0.6260912444442506
mesh_gnn,59,three_hole_asymmetric,190,private-source://routeA_experiments/data/final_ood_frozen_v1/three_hole_asymmetric/sample_0190.npz,a8c424ee2056e12af66d0be34289a252d77172e5cb127ec57c8550e3415ab90b,0.002300172985997051,0.0598227320576448,0.7579544066061474,0.7859228551387787,0.22972320951521397,0.5830469038337456
mesh_gnn,59,three_hole_asymmetric,191,private-source://routeA_experiments/data/final_ood_frozen_v1/three_hole_asymmetric/sample_0191.npz,26c2bd071beec9742e0a4f1e5466aa608a15434494059de80e606e4679fa8ed3,0.001821005018427968,0.07105914698548424,0.8744279963140633,0.8596749752759933,0.2833805120026227,0.7217196188867089
mesh_gnn,59,three_hole_asymmetric,192,private-source://routeA_experiments/data/final_ood_frozen_v1/three_hole_asymmetric/sample_0192.npz,40d02fa0627c6deec298290103575257705efed18a0e5475ecaa7bf465aa9b99,0.0019240319961681962,0.0701973093522332,0.7546800024892347,0.8338306844234467,0.3118790313601494,0.6343737892806529
mesh_gnn,59,three_hole_asymmetric,193,private-source://routeA_experiments/data/final_ood_frozen_v1/three_hole_asymmetric/sample_0193.npz,e2291d430c4ed65b595a26a1bfd29617e6a29836d02a7642cee85cd276392050,0.002174166002077982,0.06787560967539906,0.7510961552556666,0.7722592949867249,0.3031929675489664,0.6271573856472966
mesh_gnn,59,three_hole_asymmetric,194,private-source://routeA_experiments/data/final_ood_frozen_v1/three_hole_asymmetric/sample_0194.npz,31e35937f5e42fb742834cdcb1fc165dd1ffc423ac83933409ddf9f346655de1,0.0017404090031050146,0.07000134652206128,0.5814960018777785,0.667123943567276,0.28384093195199966,0.4975340768694877
mesh_gnn,59,three_hole_asymmetric,195,private-source://routeA_experiments/data/final_ood_frozen_v1/three_hole_asymmetric/sample_0195.npz,40442c552a2016d07c97d9c05bd7232ba672eeab612657250b9c7529d4f8fba5,0.0016680459957569838,0.06851861891021979,0.6579682478433421,0.7006185352802277,0.275048591196537,0.6016353443264959
mesh_gnn,59,three_hole_asymmetric,196,private-source://routeA_experiments/data/final_ood_frozen_v1/three_hole_asymmetric/sample_0196.npz,dd2106f958610c899c170e0e932d315a715401be9a89fd9bfb0ce4af7422b23f,0.0021251619909889996,0.07526863336832075,0.8968694551550344,0.9357599541544914,0.34539276361465454,0.7808178734034297
mesh_gnn,59,three_hole_asymmetric,197,private-source://routeA_experiments/data/final_ood_frozen_v1/three_hole_asymmetric/sample_0197.npz,aa854427cd50f074116bdad2e4371e42c0402350e5d180482ef4c364d2ad2cf8,0.001954161998583004,0.05982254098024224,0.509892910064805,0.5434412956237793,0.23953741043806076,0.4024086773395537
mesh_gnn,59,three_hole_asymmetric,198,private-source://routeA_experiments/data/final_ood_frozen_v1/three_hole_asymmetric/sample_0198.npz,f829be15d56c832505226b17681dbe66656bc2100714eb438d609a588f6574fe,0.0018356920045334846,0.058254746136626595,0.6271841187743968,0.6777457594871521,0.3069952093064785,0.5533558189868927
mesh_gnn,59,three_hole_asymmetric,199,private-source://routeA_experiments/data/final_ood_frozen_v1/three_hole_asymmetric/sample_0199.npz,52333eb8bbb0f95e069bd2d38db9cab28b55c6f86387da7cd28a27818fe1041a,0.0023306529910769314,0.06357794483619664,0.6216337482932389,0.6695584356784821,0.2427593655884266,0.5081562802195545
