model,training_seed,shape,sample_id,sample_file,sample_sha256,inference_seconds,mae,relative_l2,max_abs_error,p95_abs_error,p99_abs_error
mesh_gnn,60,slit_bridge,0,private-source://routeA_experiments/data/final_ood_frozen_v1/slit_bridge/sample_0000.npz,30d9b3db72b5f04e7aed5aca69b177e736741d71d456678de2c366e94064976a,0.0024826689914334565,0.07158318965146866,0.6766775722863886,0.7738516926765442,0.3581889234483242,0.6949527569115161
mesh_gnn,60,slit_bridge,1,private-source://routeA_experiments/data/final_ood_frozen_v1/slit_bridge/sample_0001.npz,35ca7668746e40038fbccaaf4b015e191d09a272260f8b2c67e05158beed58d9,0.002409700013231486,0.04265203947101595,0.2929198386495096,0.463291198015213,0.16339482367038727,0.28878714144229883
mesh_gnn,60,slit_bridge,2,private-source://routeA_experiments/data/final_ood_frozen_v1/slit_bridge/sample_0002.npz,5aa31e0476a00717a676402ae73bf67f0900790fbaaba0689885a4f4d81b1d01,0.0021449640044011176,0.06281185388494852,0.5387172118640674,0.7639638930559158,0.2928071618080139,0.6288279756903644
mesh_gnn,60,slit_bridge,3,private-source://routeA_experiments/data/final_ood_frozen_v1/slit_bridge/sample_0003.npz,fa2249a12bd45ebd5bf12289d408b399125153ec7a74d5498b2d06c116f8f405,0.0021973660041112453,0.06828829147333058,0.7261965865866072,0.8699503690004349,0.27288758754730225,0.7244935475289821
mesh_gnn,60,slit_bridge,4,private-source://routeA_experiments/data/final_ood_frozen_v1/slit_bridge/sample_0004.npz,4006cdfdceb8abe632e2df62c467d010fb9761bec6322c363b9f3abbc55829d4,0.0025847789947874844,0.04822908469758692,0.3442923207099768,0.45152854919433594,0.1872396543622017,0.3915660291910169
mesh_gnn,60,slit_bridge,5,private-source://routeA_experiments/data/final_ood_frozen_v1/slit_bridge/sample_0005.npz,1ea410d183d08cc06714b087bb528e626a67090d2f8931f1f61a73ddeff9902a,0.0023493269982282072,0.058954941076144275,0.9416665377407291,0.9080477058887482,0.16187964053824544,0.7677159778773782
mesh_gnn,60,slit_bridge,6,private-source://routeA_experiments/data/final_ood_frozen_v1/slit_bridge/sample_0006.npz,2b2b41c1ab84aefad645e09329749a0c4789e3a60b3931b89e053a383e66541e,0.0021313900069799274,0.050328819432618535,1.0213475766661797,0.9538894593715668,0.11976122669875622,0.47963339928537574
mesh_gnn,60,slit_bridge,7,private-source://routeA_experiments/data/final_ood_frozen_v1/slit_bridge/sample_0007.npz,e99898145655a5c1ce681d0eb3c7597d5032c10b823f0c114d9a1b16467ea524,0.0019842930196318775,0.047262723840836816,0.3575725492436139,0.5776214003562927,0.1957460269331932,0.45073632299900024
mesh_gnn,60,slit_bridge,8,private-source://routeA_experiments/data/final_ood_frozen_v1/slit_bridge/sample_0008.npz,6e17a3aa2c3547f8d5c7c15a2ba8d09341c289bc2a2f8cc11cd61460dd0a75b4,0.0025211020256392658,0.05105499048634032,0.3549923601718299,0.39930739998817444,0.22037698328495026,0.3054746121168135
mesh_gnn,60,slit_bridge,9,private-source://routeA_experiments/data/final_ood_frozen_v1/slit_bridge/sample_0009.npz,cc5b71a537246355e6aa5eb87b1ec934946edb1d31595b1d37e482e2b73e96e4,0.0022173129837028682,0.057148751375222996,0.49913786475666067,0.5751914978027344,0.2889714390039444,0.4956876426935195
mesh_gnn,60,slit_bridge,10,private-source://routeA_experiments/data/final_ood_frozen_v1/slit_bridge/sample_0010.npz,87874a0f11d5ca1214cb1c831735689324f5d265f0ad734b920d4aea56a205a8,0.002170864987419918,0.0663419593412113,0.7027620868311176,0.9577372595667839,0.30707336217164993,0.6443279705941672
mesh_gnn,60,slit_bridge,11,private-source://routeA_experiments/data/final_ood_frozen_v1/slit_bridge/sample_0011.npz,a23d58d483f0ee7d7d9ad82447d292fdde0c9f6964a6ce9759730ce9671620fc,0.001990534015931189,0.07363092362151773,0.7723062504858642,0.858231671154499,0.32075684890151024,0.7003907315433022
mesh_gnn,60,slit_bridge,12,private-source://routeA_experiments/data/final_ood_frozen_v1/slit_bridge/sample_0012.npz,1bf5b6c8a99e6b1af341524d638c181408e613ec93db7fb6986f600e0e3c65a1,0.001956239982973784,0.06151991872399435,0.6569016846906256,0.7283081412315369,0.33639808371663094,0.634563635289669
mesh_gnn,60,slit_bridge,13,private-source://routeA_experiments/data/final_ood_frozen_v1/slit_bridge/sample_0013.npz,1adafcde8c3f4e445b1b034d25421d3a48662f83f441bf0eecdee27f12cecbc3,0.001908773003378883,0.053060632586600626,0.45839348211147213,0.588842511177063,0.25718869268894196,0.4854990720748901
mesh_gnn,60,slit_bridge,14,private-source://routeA_experiments/data/final_ood_frozen_v1/slit_bridge/sample_0014.npz,64b0e9dc29123e952cb0d300a00469414c7c7f76a16dd935a75e7624fe912b36,0.002070504007861018,0.06239798432992414,0.6908680488726007,0.8402569890022278,0.24096466600894928,0.6101599194109417
mesh_gnn,60,slit_bridge,15,private-source://routeA_experiments/data/final_ood_frozen_v1/slit_bridge/sample_0015.npz,b9c330fa4cfc004b6beec69ac0615be8854455f9775205c11364db4615c089be,0.0025873839913401753,0.059743811936400465,0.5419400473490436,0.721602201461792,0.2740839123725891,0.6169015780091277
mesh_gnn,60,slit_bridge,16,private-source://routeA_experiments/data/final_ood_frozen_v1/slit_bridge/sample_0016.npz,596996fb6aeff6e88332008eed32b4b95f86de86801a1640f6de12786cd403d3,0.002460227027768269,0.0482653534105905,0.483009611346088,0.5711095035076141,0.25779515504837036,0.4442237168550483
mesh_gnn,60,slit_bridge,17,private-source://routeA_experiments/data/final_ood_frozen_v1/slit_bridge/sample_0017.npz,312eedbc05e5128aebccd1eda0cb448659dcf770824e39ef15c6231d604d0095,0.002609101007692516,0.06512912314480337,0.6234399290532636,0.7548519819974899,0.2795415371656418,0.5451845318078992
mesh_gnn,60,slit_bridge,18,private-source://routeA_experiments/data/final_ood_frozen_v1/slit_bridge/sample_0018.npz,41e1f220b6752fc77a60ab80dca4c8628042e5d54833a97c9832832e8db500e2,0.0025853609840851277,0.040087100459998005,0.2760556627594754,0.5493568778038025,0.17200815677642822,0.3342836350202556
mesh_gnn,60,slit_bridge,19,private-source://routeA_experiments/data/final_ood_frozen_v1/slit_bridge/sample_0019.npz,b97fe8016fb4c7d7995df4c42b480dce1072ee7db9abb641c503877913ffce9c,0.0019979609933216125,0.05326291922438841,0.4757529724651676,0.5830143094062805,0.25368180871009827,0.499022558331489
mesh_gnn,60,slit_bridge,20,private-source://routeA_experiments/data/final_ood_frozen_v1/slit_bridge/sample_0020.npz,994e03c5207e2ae7356bc74d2f380fd7f474af9a82fe4a9bb90585ddb10c1fb7,0.0021087830245960504,0.06993637989470688,0.7331800497562058,0.8361887633800507,0.35653842985630035,0.7293053895235055
mesh_gnn,60,slit_bridge,21,private-source://routeA_experiments/data/final_ood_frozen_v1/slit_bridge/sample_0021.npz,1456683b4642362ec663cedabc21c8bb0ed3f06ae1beb9ca35a8ac02768d7f01,0.002054600015981123,0.064745698288129,0.5366252541315555,0.6934029459953308,0.3136238679289818,0.5409820407629008
mesh_gnn,60,slit_bridge,22,private-source://routeA_experiments/data/final_ood_frozen_v1/slit_bridge/sample_0022.npz,c36a4db85f26e6cbe9c3036e9cf2ad4c578008898c1405c54c1e0914ccc8ef1c,0.002007497998420149,0.06544982991952131,0.5097785432505803,0.4959818124771118,0.2992501659318805,0.4154286384582514
mesh_gnn,60,slit_bridge,23,private-source://routeA_experiments/data/final_ood_frozen_v1/slit_bridge/sample_0023.npz,610587d7aa0593f777b96e6fdb4fdcf2ebc68a867c186890c7838e7b2d944c00,0.002263354981550947,0.06330914976865942,0.6206796889105629,0.7628438770771027,0.28080857172608376,0.6355145797133442
mesh_gnn,60,slit_bridge,24,private-source://routeA_experiments/data/final_ood_frozen_v1/slit_bridge/sample_0024.npz,959eeaf23d4f71a25e7eff4fc4c4640be516df58074ab3dad10126c1ca5ed619,0.002495068998541683,0.06836284164357755,1.0480863565181864,0.936528168618679,0.26670567132532597,0.6745978072285649
mesh_gnn,60,slit_bridge,25,private-source://routeA_experiments/data/final_ood_frozen_v1/slit_bridge/sample_0025.npz,12244099e66cc796717b1ac4a0197a86db0d3832ae8f92f8b6285b350ded04cd,0.002492011000867933,0.04096683598063543,0.30426532462910316,0.4295302927494049,0.1658492386341095,0.29237044304609283
mesh_gnn,60,slit_bridge,26,private-source://routeA_experiments/data/final_ood_frozen_v1/slit_bridge/sample_0026.npz,8ec7e62775275cf1cdcb11a3a5070589032551c0222125cc6f2572c5b6100c1e,0.002342966996366158,0.07166990169970208,0.6193717722849036,0.7491232454776764,0.33247415721416473,0.6469965547323221
mesh_gnn,60,slit_bridge,27,private-source://routeA_experiments/data/final_ood_frozen_v1/slit_bridge/sample_0027.npz,a57e3c4af7915d4277fe784929f02e1108f70b06739b89cc49e2f31db68759d6,0.0024418420216534287,0.05782592664963424,0.5381188758233175,0.7957826852798462,0.2789340764284134,0.5162637174129481
mesh_gnn,60,slit_bridge,28,private-source://routeA_experiments/data/final_ood_frozen_v1/slit_bridge/sample_0028.npz,129f68b38d7e4376d96e492a23bdc037ec06345501698eb53f87dc4c2bdcf26b,0.002219072019215673,0.054565108704292264,0.39048672415663077,0.5000331997871399,0.22589704394340515,0.41416891813278195
mesh_gnn,60,slit_bridge,29,private-source://routeA_experiments/data/final_ood_frozen_v1/slit_bridge/sample_0029.npz,d7be996266c698efe66a16bcc34de0aff06589c37bb8599f9f62b3c06206baa6,0.002179458999307826,0.06451042660946024,0.6101260046419317,0.7810289561748505,0.333966888487339,0.6127686925232411
mesh_gnn,60,slit_bridge,30,private-source://routeA_experiments/data/final_ood_frozen_v1/slit_bridge/sample_0030.npz,b09f05e8c2f7a9d479d786d72d681814f27d08ee89b3d974343fd2b090a1ce6a,0.0019451580010354519,0.050910434455356326,0.4218006767092196,0.6500479876995087,0.22014519572257996,0.47523172795772506
mesh_gnn,60,slit_bridge,31,private-source://routeA_experiments/data/final_ood_frozen_v1/slit_bridge/sample_0031.npz,bc00125fdaa393e280c5352531595db001f7ddb3deb151245917cd589e5c31f0,0.00228481600061059,0.036189960919057185,0.2596160045619547,0.3805372714996338,0.16852009296417236,0.277886453270912
mesh_gnn,60,slit_bridge,32,private-source://routeA_experiments/data/final_ood_frozen_v1/slit_bridge/sample_0032.npz,210304fe0d7d8f0427af5f9a0754f958b13e7ca893e23870daca6089c7494849,0.0018804330029524863,0.05161222370589518,0.4251234348418892,0.5014144778251648,0.27203041315078735,0.4132504761219024
mesh_gnn,60,slit_bridge,33,private-source://routeA_experiments/data/final_ood_frozen_v1/slit_bridge/sample_0033.npz,27aec766b6350542fba91a6efe33f57848a74817bca29836eb0daa48b8186c28,0.0023384249943774194,0.068091489499875,0.6678524301558956,0.7874867171049118,0.3162118121981621,0.6968408122658727
mesh_gnn,60,slit_bridge,34,private-source://routeA_experiments/data/final_ood_frozen_v1/slit_bridge/sample_0034.npz,188e43a83a5baeee871f92676435b8b14ff91c60dfed2c7edaee32a7c3fe7437,0.0015792959893587977,0.052049675445762666,0.46831467838870994,0.6532296538352966,0.2428169846534729,0.4398380696773526
mesh_gnn,60,slit_bridge,35,private-source://routeA_experiments/data/final_ood_frozen_v1/slit_bridge/sample_0035.npz,7b87bcf793f11163ce8025e6ca4bc45abb9b34cf709bd1bb8b9fb68b3a8dabe4,0.0016745530010666698,0.06518332022041871,0.5714513875806452,0.667478084564209,0.34228648245334625,0.5417836397886272
mesh_gnn,60,slit_bridge,36,private-source://routeA_experiments/data/final_ood_frozen_v1/slit_bridge/sample_0036.npz,4c37861366bb2835c656390a05790cc29a37a467fa5c97e436d4dc5e6180c227,0.002122020989190787,0.060304405425158046,0.5846754265972454,0.7129205465316772,0.2734472155570984,0.5903193145990371
mesh_gnn,60,slit_bridge,37,private-source://routeA_experiments/data/final_ood_frozen_v1/slit_bridge/sample_0037.npz,8fbc3afcf65822fdaf99fdeb4b9caaacaaa2422144e57b088e882fc0dcbcdfe9,0.0024081619922071695,0.06073879914614457,0.5679540785536662,0.7075574398040771,0.3155352622270584,0.6126654297113419
mesh_gnn,60,slit_bridge,38,private-source://routeA_experiments/data/final_ood_frozen_v1/slit_bridge/sample_0038.npz,d8aa380b826e09980e586e8dcd26acff520e462dddbb758d989ce305a62e2bd2,0.002270221011713147,0.05584908987830059,0.49100595713189965,0.663689136505127,0.28001880645751953,0.594837565720081
mesh_gnn,60,slit_bridge,39,private-source://routeA_experiments/data/final_ood_frozen_v1/slit_bridge/sample_0039.npz,5773aed921a57866510a828614cf323ba3e5c1f662198f68ba30e9cd435e428d,0.0024234059965237975,0.06171013175435233,0.7543886256197008,0.8015781939029694,0.2754340320825577,0.6464629039168357
mesh_gnn,60,slit_bridge,40,private-source://routeA_experiments/data/final_ood_frozen_v1/slit_bridge/sample_0040.npz,10b3fc9be817d0fa28e4f2ad0ce1679a84b2986a85b9c817ff380bc606731884,0.00244197400752455,0.07164376404418235,0.6731589199248826,0.7892654091119766,0.3390623480081558,0.6789456516504285
mesh_gnn,60,slit_bridge,41,private-source://routeA_experiments/data/final_ood_frozen_v1/slit_bridge/sample_0041.npz,cdde49a6f56183448eeefafbf84517c5719d37b8e33b5fb3d5907c79ec0c3d4d,0.00224548700498417,0.04090257125987237,0.3077503268833827,0.35805588960647583,0.15562384203076363,0.2588599622249601
mesh_gnn,60,slit_bridge,42,private-source://routeA_experiments/data/final_ood_frozen_v1/slit_bridge/sample_0042.npz,bd82adbf113c51db9c8fdb7ae61bdfb4b0de8fd0738107c1b16747edf214ed83,0.002162374003091827,0.042569290322650014,0.27657380704323065,0.4306296706199646,0.16660527791827917,0.356550425291061
mesh_gnn,60,slit_bridge,43,private-source://routeA_experiments/data/final_ood_frozen_v1/slit_bridge/sample_0043.npz,1b05a0e90cb92ad13e160cd9d88d3ccd24a5d5042572cbdeb6c780eb7c691723,0.0015842909924685955,0.06587154039133646,0.8031802754357548,0.8654948398470879,0.3657192438840866,0.7185229390859603
mesh_gnn,60,slit_bridge,44,private-source://routeA_experiments/data/final_ood_frozen_v1/slit_bridge/sample_0044.npz,9eab1dd2e918e6415c0ac9317c974fb554285878086fbcec4685c90b0a603efd,0.0018193680152762681,0.05898148772864211,0.7014751876220906,0.7912237495183945,0.23091867566108704,0.6404380783438681
mesh_gnn,60,slit_bridge,45,private-source://routeA_experiments/data/final_ood_frozen_v1/slit_bridge/sample_0045.npz,28399d49797881f5a264063c34c2a36369094141bb9cf4c05cbdaee4d1f32c15,0.001905665994854644,0.0669318486370362,0.8853561258271262,0.9162956848740578,0.30067919194698334,0.7141132235527038
mesh_gnn,60,slit_bridge,46,private-source://routeA_experiments/data/final_ood_frozen_v1/slit_bridge/sample_0046.npz,137e9591ce0032a2d71b366e44219ca9b23cbd2f3a421043183f5c5f8e25cd7f,0.0023567229800391942,0.05383966696346631,0.5467013197117817,0.6860503256320953,0.29277409613132477,0.5443993300199509
mesh_gnn,60,slit_bridge,47,private-source://routeA_experiments/data/final_ood_frozen_v1/slit_bridge/sample_0047.npz,a34fc43c7eb5b8809b22c7c026452d2278be0d7636bd62dbf7db0e72488bfe93,0.0019768429920077324,0.06305322039729477,0.4508990233900389,0.49464330077171326,0.3075961768627167,0.3884845882654188
mesh_gnn,60,slit_bridge,48,private-source://routeA_experiments/data/final_ood_frozen_v1/slit_bridge/sample_0048.npz,d3dea4d451c780395aeec9e434f3f3426fa5b35717d062d652d0000cb4849ab0,0.0019550800207071006,0.07067712546749634,0.6822363585806617,0.8040283918380737,0.33640681207180023,0.6250414788722992
mesh_gnn,60,slit_bridge,49,private-source://routeA_experiments/data/final_ood_frozen_v1/slit_bridge/sample_0049.npz,65ea22db20d21e0adb8290dfc006ce6871e3b0e95cbda2d1b6dc4212521b340d,0.00210524199064821,0.05632073229142021,0.579229501719553,0.736582487821579,0.2825707010924816,0.5510333001613612
mesh_gnn,60,slit_bridge,50,private-source://routeA_experiments/data/final_ood_frozen_v1/slit_bridge/sample_0050.npz,84c0049ab4231171d59431596c6d5ee4a6296eb0688530fec168df065e5f3736,0.0016664849827066064,0.06664811854389574,0.6743519193064297,0.8522979617118835,0.3133321851491928,0.6514839529991147
mesh_gnn,60,slit_bridge,51,private-source://routeA_experiments/data/final_ood_frozen_v1/slit_bridge/sample_0051.npz,4a2b9189cfb9e62a2d88e9b4f0538c291df4cf2365fc6101f7bcb0ca5ea19039,0.001741487008985132,0.061626545294984056,0.8283906216776431,0.870158463716507,0.27006911113858223,0.7197572968900202
mesh_gnn,60,slit_bridge,52,private-source://routeA_experiments/data/final_ood_frozen_v1/slit_bridge/sample_0052.npz,7a6182ea0d10e503b4488744930d05c12fe0a98749a0f08c0bf9a0ade333130c,0.002047949004918337,0.06819262095184207,0.591430740000286,0.7415694296360016,0.3415144607424736,0.6295200079679483
mesh_gnn,60,slit_bridge,53,private-source://routeA_experiments/data/final_ood_frozen_v1/slit_bridge/sample_0053.npz,f38fc50a05bb0fe7cbe4b70cd13485a58e43ff94c9c22822cb929aed2391bc79,0.0019723819859791547,0.05471237086608309,0.5762660332294764,0.612107664346695,0.2605966329574585,0.4937840297818182
mesh_gnn,60,slit_bridge,54,private-source://routeA_experiments/data/final_ood_frozen_v1/slit_bridge/sample_0054.npz,523ec7f16e149a678ab1eee24891a839649693313f63f9f03417215898e364c2,0.0023971539922058582,0.06558919176323892,0.7152901006683241,0.7763674855232239,0.34837137162685394,0.6600069761276235
mesh_gnn,60,slit_bridge,55,private-source://routeA_experiments/data/final_ood_frozen_v1/slit_bridge/sample_0055.npz,a11a3648b53fa4f131e8a071f27bd07db354d48796864dbb9f50084862cbf7af,0.0017441679956391454,0.05368621414892079,0.3223367980165744,0.39790427684783936,0.1953592300415039,0.29960880279541013
mesh_gnn,60,slit_bridge,56,private-source://routeA_experiments/data/final_ood_frozen_v1/slit_bridge/sample_0056.npz,754e5a373c358a5e7e5648b5ee524f7f3caf5be3ad24ca01b4bbaa5930f3722f,0.002298178995260969,0.048035659219869006,0.29429669400386016,0.6042085289955139,0.2005477249622345,0.2838114976882934
mesh_gnn,60,slit_bridge,57,private-source://routeA_experiments/data/final_ood_frozen_v1/slit_bridge/sample_0057.npz,88bdcbb6787810fba1f67ab1e1d706c0a0449080180a5731fe9e830cd5c1781e,0.0017849900177679956,0.05356505284240163,0.426997417502001,0.5379154980182648,0.230742946267128,0.4173983752727506
mesh_gnn,60,slit_bridge,58,private-source://routeA_experiments/data/final_ood_frozen_v1/slit_bridge/sample_0058.npz,25dc8c7315b0e070c4b3619308cd7da2f67091e9d12652a39dff2c4abf512a48,0.001987464987905696,0.05961385064227589,0.577420687542072,0.7110089659690857,0.24669812619686127,0.5630007930099963
mesh_gnn,60,slit_bridge,59,private-source://routeA_experiments/data/final_ood_frozen_v1/slit_bridge/sample_0059.npz,8537f0d12de7433ac2c634794f33eec0a1ef183fb6a9871cd07ec6fe9960e78c,0.001906001998577267,0.06575240368096848,0.6982803915964418,0.8833915591239929,0.3155699819326401,0.6567351147532461
mesh_gnn,60,slit_bridge,60,private-source://routeA_experiments/data/final_ood_frozen_v1/slit_bridge/sample_0060.npz,ccb10d13e92987f9e92f19f57b8c828d1cec71baabf49eeda5b8131c81cffaae,0.0016116309852804989,0.055244885048619984,0.49834257445853336,0.6397583484649658,0.2533493936061859,0.535423025488853
mesh_gnn,60,slit_bridge,61,private-source://routeA_experiments/data/final_ood_frozen_v1/slit_bridge/sample_0061.npz,617d3d8d6e33e0cd8b2d68db50b259c76f1b572922b1f4eafd14d5c95f7f2927,0.0021412139758467674,0.05872429032860965,0.4457555824890579,0.5538707077503204,0.2446870505809784,0.39923886060714675
mesh_gnn,60,slit_bridge,62,private-source://routeA_experiments/data/final_ood_frozen_v1/slit_bridge/sample_0062.npz,4cb6187852b50d7a648cc396d4b92a5199fc15e009d3e6afe856b73e4795fb3c,0.0024020900018513203,0.07529332941739277,0.7077216304888247,0.8101902157068253,0.3923925757408142,0.7482273325324055
mesh_gnn,60,slit_bridge,63,private-source://routeA_experiments/data/final_ood_frozen_v1/slit_bridge/sample_0063.npz,dac27c2cdc3cfd09038c74bf4bee8892e3fbd4242d4ae68cf068121304f4b392,0.00215735801612027,0.07710991074524597,0.8723060590849707,0.9254797846078873,0.3642854979261756,0.8313544541597364
mesh_gnn,60,slit_bridge,64,private-source://routeA_experiments/data/final_ood_frozen_v1/slit_bridge/sample_0064.npz,42bf6e538ce7971d6bb267afcbb5017c74c7ee0a38eeeb22b770afd6da523ffd,0.0024491960066370666,0.05984556555517293,0.459087709324761,0.650702029466629,0.256880983710289,0.45057984590530387
mesh_gnn,60,slit_bridge,65,private-source://routeA_experiments/data/final_ood_frozen_v1/slit_bridge/sample_0065.npz,8ae70c1cc087b2cb14feefb626847c8e54e0ee1ff237949762758fc9fef1ccfe,0.002146297018043697,0.06427938702679009,0.5196291583328119,0.6607110798358917,0.24398279190063477,0.5475766271352766
mesh_gnn,60,slit_bridge,66,private-source://routeA_experiments/data/final_ood_frozen_v1/slit_bridge/sample_0066.npz,bf5bec0125f3e132a0234c3c65c18310c2a824fe299149a53c91065ba9684ebc,0.0022989610151853412,0.04491507232215138,0.3364529905242372,0.3946213722229004,0.20676377415657043,0.3175376713275909
mesh_gnn,60,slit_bridge,67,private-source://routeA_experiments/data/final_ood_frozen_v1/slit_bridge/sample_0067.npz,c4c4d08eb71d2a88a3573896b8651cdf6ff3433eaf00aef21e8815ee63c8636b,0.0021790399914607406,0.03423689183010194,0.23727080594290995,0.4530389904975891,0.10702516883611679,0.22385789155960015
mesh_gnn,60,slit_bridge,68,private-source://routeA_experiments/data/final_ood_frozen_v1/slit_bridge/sample_0068.npz,9d5bf135c023eb440f5e2fcdbcd3144986ccea4a471e8d876188876d1f874f48,0.0019540099892765284,0.07093587193402477,0.7839940605688639,0.7804383784532547,0.3235773481428623,0.5353091627359384
mesh_gnn,60,slit_bridge,69,private-source://routeA_experiments/data/final_ood_frozen_v1/slit_bridge/sample_0069.npz,5c786c1f5b59aea34b782d6d4f11df00e05c430f5d55022b5da71cb4fb8d0930,0.002206544013461098,0.06366575801955927,0.6280843458630175,0.7383271604776382,0.32901183888316154,0.6319997578859329
mesh_gnn,60,slit_bridge,70,private-source://routeA_experiments/data/final_ood_frozen_v1/slit_bridge/sample_0070.npz,ed31a0aa3d983e019a2886acd9e424e492ee60dd9051fcd420f294aa7d65556d,0.0026349700056016445,0.06218292847307519,0.6126188355020511,0.6839442849159241,0.29958366975188255,0.5644078403711318
mesh_gnn,60,slit_bridge,71,private-source://routeA_experiments/data/final_ood_frozen_v1/slit_bridge/sample_0071.npz,392690e82cd3c5edc07092ea1286bb31ee5ff623427f4ad994d7d81479d6dab4,0.0019285989983472973,0.05742960297600622,0.6596558597921168,0.7965149432420731,0.317399725317955,0.599557973444461
mesh_gnn,60,slit_bridge,72,private-source://routeA_experiments/data/final_ood_frozen_v1/slit_bridge/sample_0072.npz,13d1458cb7f3b3c59870f9253bb955db809110e13c2d3e0b7bd73b1dc03bcc6b,0.0019654000061564147,0.05696177189545396,0.6900824316085745,0.8384767472743988,0.28111664950847626,0.5861638918519005
mesh_gnn,60,slit_bridge,73,private-source://routeA_experiments/data/final_ood_frozen_v1/slit_bridge/sample_0073.npz,abe7b6b76ff8f9f9514fc6c9452f5d49124e62bec9ef2160c3a275b0c13db251,0.0023627569898962975,0.06824583940018458,0.6562115851942351,0.718339666724205,0.2913818396627903,0.5673751406371584
mesh_gnn,60,slit_bridge,74,private-source://routeA_experiments/data/final_ood_frozen_v1/slit_bridge/sample_0074.npz,51ff9c6ba58e09f4038fba26fc78e8d866d805ea092ff9a4834e7d07d5b953c3,0.0020518520032055676,0.04908947698885641,0.37596818460550807,0.4651820808649063,0.2125622034072876,0.33390322029590574
mesh_gnn,60,slit_bridge,75,private-source://routeA_experiments/data/final_ood_frozen_v1/slit_bridge/sample_0075.npz,295242b0a3c4441b1839c2e51ada10cd8d911b42bc383c1c876668ed7db69aca,0.002035376994172111,0.05424637498539815,0.5220079347286061,0.6192951798439026,0.2464231252670288,0.5384746253490447
mesh_gnn,60,slit_bridge,76,private-source://routeA_experiments/data/final_ood_frozen_v1/slit_bridge/sample_0076.npz,beb19109c76423a493f2dce420b9e7186ae828c5f8afa7330784720dd627942a,0.0024771879834588617,0.06659979238786318,0.5533259096792555,0.6587674617767334,0.3206850662827492,0.5526557862758635
mesh_gnn,60,slit_bridge,77,private-source://routeA_experiments/data/final_ood_frozen_v1/slit_bridge/sample_0077.npz,2b930b075d3b18dc862520638716d3ca8b214cccc86033c8a5389cf1eee32caf,0.0020714130077976733,0.0689467467605209,0.7212365562739148,0.7870960086584091,0.29865577816963196,0.6967729680240153
mesh_gnn,60,slit_bridge,78,private-source://routeA_experiments/data/final_ood_frozen_v1/slit_bridge/sample_0078.npz,81766226a2c457e6280404619b8b2ac47bc63cd5302a18b5988528768c89a906,0.0023091199982445687,0.0712812695141045,0.7212210627461553,0.8646338060498238,0.33782731369137764,0.6787125915288925
mesh_gnn,60,slit_bridge,79,private-source://routeA_experiments/data/final_ood_frozen_v1/slit_bridge/sample_0079.npz,39d04f6918bf1e91b48064494be9aa05bd75bf2d12d1b69e17182fdccc736084,0.0016376190178561956,0.06906833094706313,0.53164264545955,0.6888795793056488,0.322202205657959,0.5828591942787162
mesh_gnn,60,slit_bridge,80,private-source://routeA_experiments/data/final_ood_frozen_v1/slit_bridge/sample_0080.npz,34759e2ce25b3deafb7b86e4a166e29aa7b6ad6312b24ec108b7195308a75605,0.0019663159910123795,0.06897696256747327,0.8605406938079075,0.866629846394062,0.30702030286192894,0.758345688879489
mesh_gnn,60,slit_bridge,81,private-source://routeA_experiments/data/final_ood_frozen_v1/slit_bridge/sample_0081.npz,c09c71d395b921fd42317ee8257d8e8ca0fefc88548e7044fde1c9427bc01d57,0.002581726002972573,0.040380434780513084,0.2513652381685981,0.4371780455112457,0.15017168316990137,0.2569202341139316
mesh_gnn,60,slit_bridge,82,private-source://routeA_experiments/data/final_ood_frozen_v1/slit_bridge/sample_0082.npz,76690bbcb43ff947e8588630e8c1f5eaeae09d80c05290dd16299c07f4b07db3,0.002156510978238657,0.0434178193322648,0.32554965359357535,0.5952990651130676,0.18197205662727356,0.35628078803419977
mesh_gnn,60,slit_bridge,83,private-source://routeA_experiments/data/final_ood_frozen_v1/slit_bridge/sample_0083.npz,b13467cf03c2c8574ad8306306835f018286494378025cc13aa4b84ebb20ce43,0.0025775549875106663,0.05754390177145732,1.131354360428171,0.9381108954548836,0.15051051788032055,0.603609258495271
mesh_gnn,60,slit_bridge,84,private-source://routeA_experiments/data/final_ood_frozen_v1/slit_bridge/sample_0084.npz,9c49b44f5bee1f5433dbba97fd43f3fbe29009da78b18d356f171b5351154266,0.002109541994286701,0.03840541391797782,0.3207410764610308,0.517236202955246,0.15532878041267395,0.3739845164120197
mesh_gnn,60,slit_bridge,85,private-source://routeA_experiments/data/final_ood_frozen_v1/slit_bridge/sample_0085.npz,f99b2ecfc893456f4094ee49f725dacd918863f2c57f06cd9486ed733ef4c220,0.0019869979878421873,0.07505610879870975,0.7933779060284573,0.861234188079834,0.30695951730012894,0.6830003350973107
mesh_gnn,60,slit_bridge,86,private-source://routeA_experiments/data/final_ood_frozen_v1/slit_bridge/sample_0086.npz,fa0010c85def531807bfac046d520a0e1fcfa53f399129a530872a5ed7c486e8,0.002096167008858174,0.07471253922371898,0.709682364723486,0.8098768442869186,0.44635309278964996,0.6941110856831073
mesh_gnn,60,slit_bridge,87,private-source://routeA_experiments/data/final_ood_frozen_v1/slit_bridge/sample_0087.npz,c71c435433f07e222a9c7657e14158b1582d4eb606c1feec9a70429635dc0db8,0.0023866760020609945,0.060310472665611715,0.616454336225169,0.6515756845474243,0.3016904518008232,0.5677105739712713
mesh_gnn,60,slit_bridge,88,private-source://routeA_experiments/data/final_ood_frozen_v1/slit_bridge/sample_0088.npz,356663c8d9f185922d520ff8cab4336c663ae05fa5851257b47fd5a7f2890d38,0.002164011006243527,0.06258657805690472,0.550515483817095,0.6476233005523682,0.2685497999191284,0.5519649833440775
mesh_gnn,60,slit_bridge,89,private-source://routeA_experiments/data/final_ood_frozen_v1/slit_bridge/sample_0089.npz,8a9067dfbc0e5c2e206260b72a5ca217d4c4ab8591213e41f21555fef28ede5c,0.002664078027009964,0.05434499445190978,0.49538224140892595,0.5555885136127472,0.27387695387005806,0.4179447531700133
mesh_gnn,60,slit_bridge,90,private-source://routeA_experiments/data/final_ood_frozen_v1/slit_bridge/sample_0090.npz,e8f22014254e79ac9ea4af542bb6a6578f4d3903902c242153233437a8df0eca,0.0026104739808943123,0.06964456546929804,0.637287902779109,0.7580770999193192,0.32661568000912666,0.6223822593688962
mesh_gnn,60,slit_bridge,91,private-source://routeA_experiments/data/final_ood_frozen_v1/slit_bridge/sample_0091.npz,9ac5d5dae9509b1d341ae8236d8e0bd3b682e73f0fabd2327bc777955fc68672,0.002653428993653506,0.034432072111688694,0.23308602076275312,0.42386162281036377,0.14879567176103592,0.26320652663707733
mesh_gnn,60,slit_bridge,92,private-source://routeA_experiments/data/final_ood_frozen_v1/slit_bridge/sample_0092.npz,fce6d4931689f991567299750cb2e58ba69a69fb8a7ea9ca2b6623d311e269b9,0.002611281001009047,0.05219353646169596,0.4298233895290483,0.4797806143760681,0.23173491656780243,0.39952795505523614
mesh_gnn,60,slit_bridge,93,private-source://routeA_experiments/data/final_ood_frozen_v1/slit_bridge/sample_0093.npz,ba68ade9b7a7667d9de5bbb4e80fd05e409e86460843549762f31a41447162d1,0.002561447996413335,0.061947002016339785,0.6744750464448668,0.7557755708694458,0.29672276973724365,0.6410874426364896
mesh_gnn,60,slit_bridge,94,private-source://routeA_experiments/data/final_ood_frozen_v1/slit_bridge/sample_0094.npz,ccba8ddededbe3b30aeff76d268cff5c811b3ec60c50fc5e9c8ad0ef75b4658f,0.002443855017190799,0.058691324730259335,0.6063600721168753,0.6638253331184387,0.3430026136338711,0.5231306686997412
mesh_gnn,60,slit_bridge,95,private-source://routeA_experiments/data/final_ood_frozen_v1/slit_bridge/sample_0095.npz,d8673dac77deb264dbb605e3b8da123628dc8c82574f2e781ca0ed91d7e7ce88,0.0025593510072212666,0.06947563585068822,0.7335337692027781,0.7865555286407471,0.3371977563947439,0.6556620478630059
mesh_gnn,60,slit_bridge,96,private-source://routeA_experiments/data/final_ood_frozen_v1/slit_bridge/sample_0096.npz,88387af9839890df82ba2388bdcdfa95d6200c6b8848f9cbfc0dda3b8e1f5f31,0.0020296100119594485,0.07363549099283646,0.6816130386817958,0.8094125986099243,0.3841089978814125,0.6897356323897831
mesh_gnn,60,slit_bridge,97,private-source://routeA_experiments/data/final_ood_frozen_v1/slit_bridge/sample_0097.npz,042e86e783efa3942e62430f3045cf582a6d959709c938cb225b92bc44bcc64f,0.0023043639957904816,0.048209320534591045,0.34776500670153526,0.48111492395401,0.1813659556210041,0.37191938161849947
mesh_gnn,60,slit_bridge,98,private-source://routeA_experiments/data/final_ood_frozen_v1/slit_bridge/sample_0098.npz,f76accedd1c25ec4c7b700fef8f7e440bff7ca6d234800cb8d3b4cd6f7f7b8e6,0.001578210009029135,0.0631679062557983,0.6417651135313674,0.7802324295043945,0.3329361602663994,0.6007882833480831
mesh_gnn,60,slit_bridge,99,private-source://routeA_experiments/data/final_ood_frozen_v1/slit_bridge/sample_0099.npz,6a4b39b6a971b50d0cd5a3eefaf6a1f3f142b0d9ecee397ce1ff23093f6a46d9,0.0018392660131212324,0.0482674002598733,0.3748811268008213,0.48144757747650146,0.2079850248992443,0.40129548013210287
mesh_gnn,60,slit_bridge,100,private-source://routeA_experiments/data/final_ood_frozen_v1/slit_bridge/sample_0100.npz,09c098f8500ef7ae13df30b97fd58bdcffba8843b115a610318dc18f65ef3540,0.0022163410030771047,0.06267897512335763,0.6998022071623151,0.8569725304841995,0.2679441533982754,0.6675383687019345
mesh_gnn,60,slit_bridge,101,private-source://routeA_experiments/data/final_ood_frozen_v1/slit_bridge/sample_0101.npz,3671b99524219e4e7f1acd583f0a9f657d15a23a30ed3d575564b8f9d92d770e,0.002140108001185581,0.05964574306490235,0.49486144535559085,0.8070028126239777,0.34223291277885437,0.5679632037878032
mesh_gnn,60,slit_bridge,102,private-source://routeA_experiments/data/final_ood_frozen_v1/slit_bridge/sample_0102.npz,b8b9ab3a97d31d7c91628f73ac4db6371901871d302b30af028ae7297b2b153b,0.0024460589920636266,0.060315403434608596,1.0325697575927246,0.9504051357507706,0.17094038240611553,0.7072336204349973
mesh_gnn,60,slit_bridge,103,private-source://routeA_experiments/data/final_ood_frozen_v1/slit_bridge/sample_0103.npz,9f972861588cfdfdfbc3d1b3492908230dc44d640058083aa85270fbceb816f9,0.002411872992524877,0.06508809959874155,0.6736568544468637,0.8244690224528313,0.3052534908056259,0.6593821778893466
mesh_gnn,60,slit_bridge,104,private-source://routeA_experiments/data/final_ood_frozen_v1/slit_bridge/sample_0104.npz,762aadec5fa91e8e7a7f85a7683286f4a4fa0192f736680d733b0707b91d4494,0.0019338330021128058,0.06558986436001865,0.6950721004828564,0.7513320446014404,0.37683725729584694,0.6507965341210363
mesh_gnn,60,slit_bridge,105,private-source://routeA_experiments/data/final_ood_frozen_v1/slit_bridge/sample_0105.npz,713c1a733e7b6f8c51dfe4d3f144d58d7ee189053361d35b7cb0099d093f55b6,0.001985543000046164,0.0638443609400456,0.6487578555605177,0.8284056559205055,0.2970862090587616,0.6581441760063167
mesh_gnn,60,slit_bridge,106,private-source://routeA_experiments/data/final_ood_frozen_v1/slit_bridge/sample_0106.npz,73c88046498ca7cb948857d6c873d10ec1b1bb70ce8813a259156f5e49c803e0,0.002031209005508572,0.061390032461973075,0.6733182036803703,0.9240395277738571,0.27328235656023026,0.6277043662965296
mesh_gnn,60,slit_bridge,107,private-source://routeA_experiments/data/final_ood_frozen_v1/slit_bridge/sample_0107.npz,8e962067b4a867a40f8b8f07d19dbcf42eb4d7a6b08ac522bd140e761933b129,0.0017919820093084127,0.06715679889546555,0.6767906338659229,0.7895696610212326,0.32756681740283966,0.6863331019878385
mesh_gnn,60,slit_bridge,108,private-source://routeA_experiments/data/final_ood_frozen_v1/slit_bridge/sample_0108.npz,23bb0eb2ffb8522d891e10b78e9f4fcf6ea2c8b5136c119d1353dc41e81126a2,0.001959693996468559,0.05113387612155132,0.38042088976565275,0.48192378878593445,0.26389826089143753,0.40981516242027277
mesh_gnn,60,slit_bridge,109,private-source://routeA_experiments/data/final_ood_frozen_v1/slit_bridge/sample_0109.npz,ee7d8642727cde846b418e0d6ef6f3d525513d8f7c13d4e21a694399a5887809,0.002455882990034297,0.06935552946148626,0.7145692080658722,0.8367327004671097,0.33414575457572937,0.6806498944759367
mesh_gnn,60,slit_bridge,110,private-source://routeA_experiments/data/final_ood_frozen_v1/slit_bridge/sample_0110.npz,2cb9d93c491c746797690b373d3873b13231a0144087e5c6f98bc1674dcf9aa9,0.0026145140000153333,0.08329466043732767,0.7556918285854999,0.8453938215970993,0.3821925148367882,0.7054096147418017
mesh_gnn,60,slit_bridge,111,private-source://routeA_experiments/data/final_ood_frozen_v1/slit_bridge/sample_0111.npz,20cb4a3d10bd1589b41836354fc8ffcea2f716f9c4d860e668becadedadd9f38,0.0022743690060451627,0.03725218174265068,0.30170439458748044,0.4116060137748718,0.1643289178609848,0.30329203009605404
mesh_gnn,60,slit_bridge,112,private-source://routeA_experiments/data/final_ood_frozen_v1/slit_bridge/sample_0112.npz,37a74f8306ed3c59b31377d7e4a65031205ca4f453cf06b54132466f7b6b4a27,0.0025336479884572327,0.07583695349947711,0.7682695032351345,0.8443536013364792,0.37831534445285797,0.7605317391455173
mesh_gnn,60,slit_bridge,113,private-source://routeA_experiments/data/final_ood_frozen_v1/slit_bridge/sample_0113.npz,ef235deec817e178c9aadff18419bfa34a077733d1176a3329f0534a76dc2a36,0.0026730719837360084,0.06978972359353373,0.7565243398850408,0.8572515547275543,0.3494274877011776,0.6953994736075374
mesh_gnn,60,slit_bridge,114,private-source://routeA_experiments/data/final_ood_frozen_v1/slit_bridge/sample_0114.npz,fee8722c5da8ec155bbe8e819b2eefa2d11a554066c684e422d739ef76676fdc,0.0023386270040646195,0.049522237254724974,0.39691130898277555,0.5285226404666901,0.18797257542610168,0.36321332156658076
mesh_gnn,60,slit_bridge,115,private-source://routeA_experiments/data/final_ood_frozen_v1/slit_bridge/sample_0115.npz,c0ff037ccc5a055bf9e6049f73b19eb3ef3c759d34e01dde7782629ee5155b1a,0.002147509978385642,0.06883545039330717,0.5727216117454725,0.6460418403148651,0.2962099611759186,0.5296993762254711
mesh_gnn,60,slit_bridge,116,private-source://routeA_experiments/data/final_ood_frozen_v1/slit_bridge/sample_0116.npz,89796e3463ade62e6165c2220b9206d7e09c13d435e41116a44b4b2b72d8a7e2,0.002017060003709048,0.06967296659162575,0.8000925370964042,0.8788231387734413,0.35865774750709534,0.7484149888157844
mesh_gnn,60,slit_bridge,117,private-source://routeA_experiments/data/final_ood_frozen_v1/slit_bridge/sample_0117.npz,0b5ddb4fbb4b1abaaecda668cf96d47108c2d0634e698e348798412ad2c8bd5b,0.002263394999317825,0.04409547097729684,0.28864033162841035,0.3232868015766144,0.18274995684623718,0.2704038053750991
mesh_gnn,60,slit_bridge,118,private-source://routeA_experiments/data/final_ood_frozen_v1/slit_bridge/sample_0118.npz,67c9870824a0cf24261c14ee2ee54260350b87c984724da8b7b3239ef5f4f8f2,0.0021685819956474006,0.06767738941198517,0.6384418311510944,0.7720950096845627,0.3429459482431412,0.6657441467046722
mesh_gnn,60,slit_bridge,119,private-source://routeA_experiments/data/final_ood_frozen_v1/slit_bridge/sample_0119.npz,3cd3c867da52bc984e6b469d03b48c1d502d3c379c3a09320042c00db34b1f2f,0.00239666600828059,0.06863359200715022,0.7245507120338703,0.7909295558929443,0.3546838201582432,0.690729247033596
mesh_gnn,60,slit_bridge,120,private-source://routeA_experiments/data/final_ood_frozen_v1/slit_bridge/sample_0120.npz,321a3cdc9661e8fd1679cfceed9f566fa138dcdcf45b5bb5a1d8fce6ede740f1,0.0021770779858343303,0.0633063521727143,0.7926140147764442,0.8687304928898811,0.30417967215180397,0.610677995532749
mesh_gnn,60,slit_bridge,121,private-source://routeA_experiments/data/final_ood_frozen_v1/slit_bridge/sample_0121.npz,947ac005aaaab451b701b3285288d12286101f1936826903031becc4a8c82912,0.0025974710006266832,0.06269826373985382,0.6475139897135185,0.6986550092697144,0.2753609870560467,0.5758404403924939
mesh_gnn,60,slit_bridge,122,private-source://routeA_experiments/data/final_ood_frozen_v1/slit_bridge/sample_0122.npz,f86df5b1facc0d81f78a07017d7a1169d59fc90ab287dd52fa7ef79d790e2e91,0.002589651005109772,0.05056458316133094,0.33794507150777214,0.3461025357246399,0.2011549174785614,0.28616911172866816
mesh_gnn,60,slit_bridge,123,private-source://routeA_experiments/data/final_ood_frozen_v1/slit_bridge/sample_0123.npz,dd8d213055c704fdaab30fa56f42a33f2b17cda2608934ee3c8395f1fa3ac372,0.0025627180002629757,0.068147019684488,0.8457185304647474,0.9464966654777527,0.2940436005592346,0.7411196522414684
mesh_gnn,60,slit_bridge,124,private-source://routeA_experiments/data/final_ood_frozen_v1/slit_bridge/sample_0124.npz,989ca5a6639d386f9ba2fbbe4929a51151c1d1f58f0b02af5979a213ce187952,0.002086132997646928,0.06456310476105616,0.8717926227368543,0.9253811296075583,0.3040614649653435,0.6592985436320304
mesh_gnn,60,slit_bridge,125,private-source://routeA_experiments/data/final_ood_frozen_v1/slit_bridge/sample_0125.npz,a70aa7c2b0ab69e05a1bdac27c118b00080fd91ce4b14294cf3d802c7d9815c3,0.0027474130038172007,0.03663874374614903,0.29469730748396245,0.3773050755262375,0.1660122647881508,0.2623049110174179
mesh_gnn,60,slit_bridge,126,private-source://routeA_experiments/data/final_ood_frozen_v1/slit_bridge/sample_0126.npz,093585a00e910cd41c9a8b1050dbde9900de283da5c8bcf64b0e6657b12ce6c0,0.0025891030090861022,0.07731526754968548,0.6669075639363687,0.756721019744873,0.43534890934824944,0.6755503475666035
mesh_gnn,60,slit_bridge,127,private-source://routeA_experiments/data/final_ood_frozen_v1/slit_bridge/sample_0127.npz,fbaeeb14ed4064772eccd6ad5d7ce8b30fd2cd571f89be44730cad2f429acd53,0.002476141002262011,0.03443101151733132,0.26581719482155314,0.37926989793777466,0.15177246928215027,0.25415290892124165
mesh_gnn,60,slit_bridge,128,private-source://routeA_experiments/data/final_ood_frozen_v1/slit_bridge/sample_0128.npz,f8dcb1ad9a029b0aaa0eb4226be5e9fb26f98253b2ac2ee759238972e2b35793,0.0026057900104206055,0.053772645975596,0.4426376911975181,0.5383715629577637,0.22450977936387062,0.45574835836887323
mesh_gnn,60,slit_bridge,129,private-source://routeA_experiments/data/final_ood_frozen_v1/slit_bridge/sample_0129.npz,4fde72568a862f65ab802425b157856bd372d3c84dff9690b725526c7c4caa72,0.002384897001320496,0.05294912582166077,0.4027095651600661,0.44760411977767944,0.23276573419570923,0.3846722304821012
mesh_gnn,60,slit_bridge,130,private-source://routeA_experiments/data/final_ood_frozen_v1/slit_bridge/sample_0130.npz,c5fc37a33ccfde0c5c1bc91a423ff22369761aa4a2358c6bf448d552f93ebe9f,0.0025242010015062988,0.03215324655437617,0.20540206389594345,0.2847048342227936,0.12112996727228165,0.1889506936073303
mesh_gnn,60,slit_bridge,131,private-source://routeA_experiments/data/final_ood_frozen_v1/slit_bridge/sample_0131.npz,816e62f42925e1228f1925aa9a64af845857cc8af393bef8edcc95e0b32ae811,0.002651627000886947,0.046440316763395946,0.33695266135491353,0.4443178176879883,0.16915047029033303,0.31647480726242055
mesh_gnn,60,slit_bridge,132,private-source://routeA_experiments/data/final_ood_frozen_v1/slit_bridge/sample_0132.npz,0fe2c82d437426e3d5e3a8a69a3eaf8444f65273028a83b43642500191be1de2,0.0020654299878515303,0.06494873833749903,0.7556460000513124,0.7902166321873665,0.3123463988304138,0.6914455756545065
mesh_gnn,60,slit_bridge,133,private-source://routeA_experiments/data/final_ood_frozen_v1/slit_bridge/sample_0133.npz,158533d38705bbe83ad1aff888d4d281d11c259abc75e687100337a1169b6b79,0.0025056749873328954,0.044942248952554845,0.33457763971322696,0.4963313341140747,0.19090642035007477,0.354721519351005
mesh_gnn,60,slit_bridge,134,private-source://routeA_experiments/data/final_ood_frozen_v1/slit_bridge/sample_0134.npz,809d1f61ff74bd28a60a9ee3e93980572061abc432bf497071f850cf295e5a22,0.0025904530193656683,0.06610523085011717,0.6149190714858721,0.7175981104373932,0.32977281510829926,0.5826554238796232
mesh_gnn,60,slit_bridge,135,private-source://routeA_experiments/data/final_ood_frozen_v1/slit_bridge/sample_0135.npz,49a6d2f84ef15ae562f31d7f8186dcf515a22bd150120c9ef7592236bc4da560,0.0020680789893958718,0.05883505263637785,0.6010306013733904,0.6108096241950989,0.2865770012140274,0.45982463955879177
mesh_gnn,60,slit_bridge,136,private-source://routeA_experiments/data/final_ood_frozen_v1/slit_bridge/sample_0136.npz,0aaf02ec1906882bedac48878d8b32168a7bb9aa28e664600efcf7880eeb0a09,0.002005621005082503,0.03340297977982162,0.2370015593905479,0.4189791679382324,0.13012529909610748,0.29876081049442266
mesh_gnn,60,slit_bridge,137,private-source://routeA_experiments/data/final_ood_frozen_v1/slit_bridge/sample_0137.npz,3060120b449129fec3dadb659d3c9a7989d9e4319138bf42de3acdc3ba915c02,0.002563194022513926,0.04969835227125756,0.4208998090520723,0.5812823176383972,0.22453559935092926,0.38481280207633967
mesh_gnn,60,slit_bridge,138,private-source://routeA_experiments/data/final_ood_frozen_v1/slit_bridge/sample_0138.npz,6ed13d9162ca3514a314258b8d24016c2bc8875b25b0b38c5cdfa938f2a1eee2,0.0020870309963356704,0.07212469836735831,0.7675750240112453,0.7814827859401703,0.34276027977466583,0.5750443458557125
mesh_gnn,60,slit_bridge,139,private-source://routeA_experiments/data/final_ood_frozen_v1/slit_bridge/sample_0139.npz,658f1ca5a3c9c31ef1d3034e1fa4b0a5769e9c38a410ad1b72996a2aa8abf1a0,0.002237562002846971,0.04902951142608702,0.47292251321162493,0.7011052966117859,0.2707427740097046,0.504465278983115
mesh_gnn,60,slit_bridge,140,private-source://routeA_experiments/data/final_ood_frozen_v1/slit_bridge/sample_0140.npz,4cb2e3c95ee8b50b37549ea056e6b5e6349cac539e85f6c167d54902061606d1,0.0026509389863349497,0.07152985205689173,0.6746113330664304,0.7533769905567169,0.345068097114563,0.6376650005578994
mesh_gnn,60,slit_bridge,141,private-source://routeA_experiments/data/final_ood_frozen_v1/slit_bridge/sample_0141.npz,72511c727388df3bf5af40ee47932e5d0ea12cec9268d07a95eff4200660e42e,0.0022709009936079383,0.06483077278511835,0.6132578635993696,0.7285649627447128,0.3472212180495262,0.5728720679879188
mesh_gnn,60,slit_bridge,142,private-source://routeA_experiments/data/final_ood_frozen_v1/slit_bridge/sample_0142.npz,306a40af48edd29b46f137a9e1015dba90eef9f89a216e9034ab8c4e810088cb,0.002282763016410172,0.06508346912969884,0.7878544696710721,0.8799247369170189,0.321865439414978,0.6747840598225592
mesh_gnn,60,slit_bridge,143,private-source://routeA_experiments/data/final_ood_frozen_v1/slit_bridge/sample_0143.npz,9143fda697b9d0ca554a018b16f7dcedf9ce17f64344f4de043fd7612877a3d2,0.002502093993825838,0.06329679118856128,0.7685394880777934,0.8555978536605835,0.3021070994436741,0.657985227555036
mesh_gnn,60,slit_bridge,144,private-source://routeA_experiments/data/final_ood_frozen_v1/slit_bridge/sample_0144.npz,cede0fd6d7f85a69aeaae09213236482ad3047e9130d14dd79693b9e243f783b,0.002718780015129596,0.07454133183594198,0.8408106720474938,0.9091820865869522,0.34692753851413727,0.7745293617248528
mesh_gnn,60,slit_bridge,145,private-source://routeA_experiments/data/final_ood_frozen_v1/slit_bridge/sample_0145.npz,2d9fdb82c8a7275b63a15c4d95ab584a0842ebd21fd6762928d68475fe8cc330,0.0021879269916098565,0.07556225509219576,0.6946923429636608,0.8373196125030518,0.414095014333725,0.7022454880177973
mesh_gnn,60,slit_bridge,146,private-source://routeA_experiments/data/final_ood_frozen_v1/slit_bridge/sample_0146.npz,207f5f551061e628bde8bc221dd64138c07612d4245a97390961be3ea5e16611,0.0025412339891772717,0.050551631238943434,0.4366498294187601,0.6580666303634644,0.21007413044571877,0.4863365739583957
mesh_gnn,60,slit_bridge,147,private-source://routeA_experiments/data/final_ood_frozen_v1/slit_bridge/sample_0147.npz,82d0e49e8401c09f0e3e6a3547b29f4d5a1dedbc6b0f06beea92cbeb4866ea11,0.002056547993561253,0.06791340277143919,0.741285427545476,0.8397028222680092,0.30658794566988945,0.6064357653260231
mesh_gnn,60,slit_bridge,148,private-source://routeA_experiments/data/final_ood_frozen_v1/slit_bridge/sample_0148.npz,e38da3693d172092572c7f2754a94e44ef94b0502f3919d896ce0c2fbe38e009,0.0021845079900231212,0.06363794564096953,0.6201199992636204,0.7882933616638184,0.3328607678413391,0.6163171023130416
mesh_gnn,60,slit_bridge,149,private-source://routeA_experiments/data/final_ood_frozen_v1/slit_bridge/sample_0149.npz,afc272ad1c582032ceafc263f98a9500852bcc9f113906a40f63ad64c40aee4c,0.002631626994116232,0.05760880536677896,1.028915055445637,0.9532331377267838,0.18332015722990036,0.7522164402529586
mesh_gnn,60,slit_bridge,150,private-source://routeA_experiments/data/final_ood_frozen_v1/slit_bridge/sample_0150.npz,3d18460af3363948da3a01a3d1b31a48effc40aa616a1b5dd39689622a7ec45c,0.0025557779881637543,0.03704347962137995,0.22841036617543256,0.35048507153987885,0.13556484133005142,0.21546106636524198
mesh_gnn,60,slit_bridge,151,private-source://routeA_experiments/data/final_ood_frozen_v1/slit_bridge/sample_0151.npz,d5753da7388ebb54f9cf2699537d139086e01002d7a59190bb63986a17939a32,0.0026917379873339087,0.05055530369615298,0.4999568408828529,0.7905890941619873,0.2640639394521713,0.5644965708255761
mesh_gnn,60,slit_bridge,152,private-source://routeA_experiments/data/final_ood_frozen_v1/slit_bridge/sample_0152.npz,9695aa6ea858785b103e16fd61c266f988f64686cfbdc88b2899662da023ea05,0.0021938999998383224,0.06064419992849553,0.58873306317277,0.6300023794174194,0.3000643104314804,0.4975639149546616
mesh_gnn,60,slit_bridge,153,private-source://routeA_experiments/data/final_ood_frozen_v1/slit_bridge/sample_0153.npz,60ac6a052ff2a92b7086357b74a96c31e33d7255ddf407c4f70bc5fe58806b60,0.002349798014620319,0.05273322827060076,0.9444312660370845,0.9020502418279648,0.151517674268689,0.678166850656271
mesh_gnn,60,slit_bridge,154,private-source://routeA_experiments/data/final_ood_frozen_v1/slit_bridge/sample_0154.npz,02efeff9d6ba6e84c68ab742c168c4ca40609c73d6f82146e8a2f5b10a657897,0.0018790400063153356,0.061798426220787614,1.170579044070911,0.9725532215088606,0.21461728774011135,0.5974885974079369
mesh_gnn,60,slit_bridge,155,private-source://routeA_experiments/data/final_ood_frozen_v1/slit_bridge/sample_0155.npz,ea8bfa01563270f5d6e2ec9dbe473f05772c2e4989b937a57ae2104227258fed,0.002087870001560077,0.04445914589704348,0.339741590528381,0.5211021602153778,0.18024928867816925,0.39887518435716607
mesh_gnn,60,slit_bridge,156,private-source://routeA_experiments/data/final_ood_frozen_v1/slit_bridge/sample_0156.npz,5005fb0814bda784608be7da52a32e34a6544ba7bd358a95694b62e213f8f2c2,0.0024816930235829204,0.059333409254348435,0.5810549735028402,0.7551471292972565,0.2711265981197357,0.6074618101119994
mesh_gnn,60,slit_bridge,157,private-source://routeA_experiments/data/final_ood_frozen_v1/slit_bridge/sample_0157.npz,ac48ebb841e2622ef6bc4ba966dad1b3b604f8d724d29e6f2fab1b6641ee1921,0.002091672009555623,0.0794922896384113,0.7828416696225148,0.8759009018540382,0.41068606451153755,0.7149847172200673
mesh_gnn,60,slit_bridge,158,private-source://routeA_experiments/data/final_ood_frozen_v1/slit_bridge/sample_0158.npz,2f49624ea36882b03b9786cab30360722cade76c056bea230f9c9ba4ac764c8b,0.002020982006797567,0.037403153526735476,0.240015320040692,0.37910062074661255,0.14344898611307144,0.2663445115089414
mesh_gnn,60,slit_bridge,159,private-source://routeA_experiments/data/final_ood_frozen_v1/slit_bridge/sample_0159.npz,d0b13a51187a418d7efe2e93a19604a3d01c818ea9736b5aa09b4607fad5fa55,0.00210390001302585,0.042945359450546984,0.36455883127644717,0.45501214265823364,0.20885445550084114,0.37984284758567777
mesh_gnn,60,slit_bridge,160,private-source://routeA_experiments/data/final_ood_frozen_v1/slit_bridge/sample_0160.npz,622f4d8070ecdd9d0a824ce72f84fecc0c78f83011ff11259ebc6bb846de281e,0.002139257005183026,0.03888546741980052,0.30247820981924245,0.41935038566589355,0.16721953079104424,0.2982974976301193
mesh_gnn,60,slit_bridge,161,private-source://routeA_experiments/data/final_ood_frozen_v1/slit_bridge/sample_0161.npz,178f02f0e3b5995f2619dd6bf52ad3a7508f806bd4e13ba9ceeb9a36f1649f16,0.0019773589738179,0.06147264449375207,0.6948613106512468,0.7295882105827332,0.2613125406205654,0.5325648516416547
mesh_gnn,60,slit_bridge,162,private-source://routeA_experiments/data/final_ood_frozen_v1/slit_bridge/sample_0162.npz,7dac1f84d357180521999872dd329573241cb8c42feeb442891197f01199c66b,0.002462708012899384,0.059630635833266894,0.9348395017279111,0.9147532433271408,0.18143444042652845,0.7263424865901454
mesh_gnn,60,slit_bridge,163,private-source://routeA_experiments/data/final_ood_frozen_v1/slit_bridge/sample_0163.npz,b7a7aa86a9bdc19977f06da4caff68d49a340edbf4f1a1c1187591366b6636d2,0.0020563200232572854,0.083078770051789,0.7279511589107598,0.7699814885854721,0.43112412467598915,0.6967400699853896
mesh_gnn,60,slit_bridge,164,private-source://routeA_experiments/data/final_ood_frozen_v1/slit_bridge/sample_0164.npz,779949d863880f5d16a879e81f20fad07ea4f966fba7da8ee22f0adaa6fc32af,0.002276387996971607,0.06918312317692103,0.5642502418746375,0.6551929712295532,0.29790713638067245,0.5476156711578369
mesh_gnn,60,slit_bridge,165,private-source://routeA_experiments/data/final_ood_frozen_v1/slit_bridge/sample_0165.npz,dc423b6d998084bf0149349c297bb1babad5e99fb236b7c05dfa975cb5183082,0.001570647000335157,0.057575978271993455,0.523807025218885,0.828338161110878,0.29717443883419037,0.5805168658494938
mesh_gnn,60,slit_bridge,166,private-source://routeA_experiments/data/final_ood_frozen_v1/slit_bridge/sample_0166.npz,351a161f32941f870662dc54b1d5ae59e25dc38cb8501ca4493dd08e6d42d64a,0.0023308550007641315,0.06641058787464715,0.6141332189075436,0.6820392608642578,0.2961605302989483,0.5791156202554699
mesh_gnn,60,slit_bridge,167,private-source://routeA_experiments/data/final_ood_frozen_v1/slit_bridge/sample_0167.npz,aa66574c4716561ec10258da0ac13914768f1d14f665ebf1ec534f148bd0abd7,0.0017837799969129264,0.05330815055263325,0.5010629787164365,0.632567822933197,0.22022749111056328,0.5326521664857861
mesh_gnn,60,slit_bridge,168,private-source://routeA_experiments/data/final_ood_frozen_v1/slit_bridge/sample_0168.npz,b0b356c11f56258bb6f3db09bd66c6dcd1bcd41614b20e67f8e907402ec13485,0.0022624970006290823,0.06248022535162708,0.5536453076597172,0.5600204169750214,0.29606563597917557,0.48582644462585434
mesh_gnn,60,slit_bridge,169,private-source://routeA_experiments/data/final_ood_frozen_v1/slit_bridge/sample_0169.npz,a469b2c4e556282ed62e13e26cd27398331a9ba05d88ee1913966198103238d6,0.002285459981067106,0.06994116952288414,0.6625027747312848,0.8025520741939545,0.3140835016965866,0.5564432382583617
mesh_gnn,60,slit_bridge,170,private-source://routeA_experiments/data/final_ood_frozen_v1/slit_bridge/sample_0170.npz,36fbd3c3d23a1204142c49ecd37ef44c2ba54ac4467ddb41d832464267e85212,0.0022569339780602604,0.06888602245975224,0.7177002288069662,0.7680896818637848,0.350792832672596,0.5967052936553952
mesh_gnn,60,slit_bridge,171,private-source://routeA_experiments/data/final_ood_frozen_v1/slit_bridge/sample_0171.npz,d535ac50a902c9794c7c816a49047dfd9c3f701564b69ce35cc24a4b731afa97,0.0023235300031956285,0.05836972639636348,0.9881906499566173,0.9539303034543991,0.16068961430573836,0.7399485208094113
mesh_gnn,60,slit_bridge,172,private-source://routeA_experiments/data/final_ood_frozen_v1/slit_bridge/sample_0172.npz,4e4eeb0f4d4f14aa76bc67064de00f38d35024c2470cfc77d2414c6da16f99f2,0.0016174140037037432,0.034929908819579615,0.22065164057978753,0.3080281615257263,0.1234605135396123,0.20717230141162868
mesh_gnn,60,slit_bridge,173,private-source://routeA_experiments/data/final_ood_frozen_v1/slit_bridge/sample_0173.npz,4c3d97c818e4c1aaa20fd773230ef107c1e90a4328ebbfb020186474b8b391e2,0.001970847981283441,0.07109546132021738,0.6503590073973253,0.7259775102138519,0.32926874980330467,0.5841420888900756
mesh_gnn,60,slit_bridge,174,private-source://routeA_experiments/data/final_ood_frozen_v1/slit_bridge/sample_0174.npz,c764cef11e9744e2347bf095a3ad20fd9c9a40516623d0e6687f000cea70736b,0.002607858012197539,0.06392589060963413,0.6869627760005341,0.7966741025447845,0.29194793477654457,0.5891887687146659
mesh_gnn,60,slit_bridge,175,private-source://routeA_experiments/data/final_ood_frozen_v1/slit_bridge/sample_0175.npz,22afae3ce0b327b65855609e847dcf168cbfa0c3da01d0e00d7ff822a2f93dab,0.002328339993255213,0.04937357618680665,0.3392960694342233,0.5002615749835968,0.2187713459134102,0.363524819910526
mesh_gnn,60,slit_bridge,176,private-source://routeA_experiments/data/final_ood_frozen_v1/slit_bridge/sample_0176.npz,3615c8f32a0156e435a991da99bea493288394630d64ca1402e46469b4ae4561,0.001986365008633584,0.053031049044920626,0.3996005730864376,0.5315298438072205,0.2633988857269287,0.41042093038558947
mesh_gnn,60,slit_bridge,177,private-source://routeA_experiments/data/final_ood_frozen_v1/slit_bridge/sample_0177.npz,bde9b0878d1f9163cd3460df65d8fbaa6d012659d97271692cd52839664004d8,0.002151409018551931,0.0559071336144331,0.5161025101329507,0.551777571439743,0.30149810016155243,0.489659485220909
mesh_gnn,60,slit_bridge,178,private-source://routeA_experiments/data/final_ood_frozen_v1/slit_bridge/sample_0178.npz,dffe6643c77429e0e5ed595fcd8553b626ac374c0226c86babb86bb23700de20,0.0020476829959079623,0.052426270829813514,0.45531224905820733,0.6462108194828033,0.2830662131309509,0.5237065941095349
mesh_gnn,60,slit_bridge,179,private-source://routeA_experiments/data/final_ood_frozen_v1/slit_bridge/sample_0179.npz,fca36c52c6cfb0110fbe78721de423d99487a00561b0c6b6b9f826917f42aede,0.0022583450190722942,0.038546539372634844,0.2524400990688002,0.4468134045600891,0.1389269158244133,0.3198334217071532
mesh_gnn,60,slit_bridge,180,private-source://routeA_experiments/data/final_ood_frozen_v1/slit_bridge/sample_0180.npz,6f19672ce01e21e2c280e4be06a3e54680e018ff4c226cbe757f44ebad3e1910,0.0025400040030945092,0.041842356310032504,0.27227665776387044,0.4524652063846588,0.1582067608833313,0.33172930777072845
mesh_gnn,60,slit_bridge,181,private-source://routeA_experiments/data/final_ood_frozen_v1/slit_bridge/sample_0181.npz,ec877344fcdbfdbdaddf529e85e3cc5c3aab339963def6c7349014d86c8140d4,0.0025852200051303953,0.058774215805444376,0.5264035262814273,0.6464824080467224,0.2632635533809662,0.5222103327512737
mesh_gnn,60,slit_bridge,182,private-source://routeA_experiments/data/final_ood_frozen_v1/slit_bridge/sample_0182.npz,85955e8644eeb0dcc33c4aed80df2c7439e5bab709258a2875ce1a3a61c5ebfb,0.0020002389792352915,0.045109369414216734,0.34979912800006363,0.3549491763114929,0.22086600959300995,0.30148741006851193
mesh_gnn,60,slit_bridge,183,private-source://routeA_experiments/data/final_ood_frozen_v1/slit_bridge/sample_0183.npz,7db60f93fba5ad9147fed2dc7ad510080993a1ba5cacff680d8f7315ac009961,0.0021059890277683735,0.0647833195048785,0.5652922409178861,0.5702080130577087,0.3658602461218834,0.4914811402559279
mesh_gnn,60,slit_bridge,184,private-source://routeA_experiments/data/final_ood_frozen_v1/slit_bridge/sample_0184.npz,8121820fc993132420a3854bde14b0b1742133b65c0a82ff2248b97133f07f34,0.0024500380095560104,0.0633294518068596,0.5910647228309875,0.6958103477954865,0.2738002762198448,0.47187161296606045
mesh_gnn,60,slit_bridge,185,private-source://routeA_experiments/data/final_ood_frozen_v1/slit_bridge/sample_0185.npz,6cddc80ef7290697c6e5ddae659d68aa20dcd10104ab9b2cd5f9708afe9f741d,0.0019957309996243566,0.05571481608224715,0.4054247176326557,0.5771733224391937,0.279003843665123,0.3922659248113631
mesh_gnn,60,slit_bridge,186,private-source://routeA_experiments/data/final_ood_frozen_v1/slit_bridge/sample_0186.npz,325ef30f2da8a65dac78a1b06a65f887f2d9947c96e2faee9e6a8ec03323351a,0.002353316987864673,0.06431570049826663,0.5572594734692992,0.7434665411710739,0.3234327435493469,0.6140146523714063
mesh_gnn,60,slit_bridge,187,private-source://routeA_experiments/data/final_ood_frozen_v1/slit_bridge/sample_0187.npz,119b85212c8b4744bf1d62d7dfe261550cb6d3e5d22f4790dbe62e75609d0922,0.0025797749985940754,0.06111569122802152,0.5134301901661052,0.7113199830055237,0.29215334355831146,0.6244674414396281
mesh_gnn,60,slit_bridge,188,private-source://routeA_experiments/data/final_ood_frozen_v1/slit_bridge/sample_0188.npz,dcf9852e45123cccfdad55cec5cd89ffd610e5287252fbe34ba1dd1786992a3e,0.001955262996489182,0.07263739578996904,0.6511271892261855,0.6882479190826416,0.4325367137789726,0.6362103939056396
mesh_gnn,60,slit_bridge,189,private-source://routeA_experiments/data/final_ood_frozen_v1/slit_bridge/sample_0189.npz,286c7744959bebf561fcf60d6510f810deadc11b4f49e589e2e9473d32de82f7,0.0025829630030784756,0.053425624254046344,0.48229250358251574,0.5370980501174927,0.25517576932907104,0.4244488611817359
mesh_gnn,60,slit_bridge,190,private-source://routeA_experiments/data/final_ood_frozen_v1/slit_bridge/sample_0190.npz,fe702ecba390c3dc04a9733afe0b132a016fcf5c4eaffcad11aaea841c4e382e,0.0025631290045566857,0.06203255477554154,0.6725630213052549,0.73639777302742,0.28746969997882843,0.6298365965485568
mesh_gnn,60,slit_bridge,191,private-source://routeA_experiments/data/final_ood_frozen_v1/slit_bridge/sample_0191.npz,cc046fa8afaf7d479712359b932e246ff1ee8e9d4f1365bd79dc2f10196be05c,0.0021231179998721927,0.0745289285869758,0.7407240252853853,0.7563315629959106,0.3207056885585189,0.593298852443695
mesh_gnn,60,slit_bridge,192,private-source://routeA_experiments/data/final_ood_frozen_v1/slit_bridge/sample_0192.npz,12a887fa1b92770140bbc308300406b9f45be794a2802dc5d4318f9f90964304,0.0022197350044734776,0.071299024964342,0.5941216412739638,0.6903959214687347,0.2973843961954117,0.6051181808114051
mesh_gnn,60,slit_bridge,193,private-source://routeA_experiments/data/final_ood_frozen_v1/slit_bridge/sample_0193.npz,ea535161153d10af3f779e6ce92ab576cb6f01bb2b84270e675cb8a7ca3bff3d,0.0021993580157868564,0.03287327937984079,0.2548689133244309,0.6065533310174942,0.12763527035713196,0.30514066219329783
mesh_gnn,60,slit_bridge,194,private-source://routeA_experiments/data/final_ood_frozen_v1/slit_bridge/sample_0194.npz,8488a62661fcd5432a193ca5c2bdaf1492f33731b7131ad3e367f5731ec70c37,0.001931907987454906,0.07648424187207856,0.7971467963956674,0.8771568611264229,0.38566045463085175,0.7684281222522258
mesh_gnn,60,slit_bridge,195,private-source://routeA_experiments/data/final_ood_frozen_v1/slit_bridge/sample_0195.npz,7e1d374879fa5f6a96ebc3990a10958313440dc33a9ef060976f12e925232108,0.0022965309908613563,0.04346586994149831,0.3474440668962508,0.5745991468429565,0.20564624294638634,0.3774773359298706
mesh_gnn,60,slit_bridge,196,private-source://routeA_experiments/data/final_ood_frozen_v1/slit_bridge/sample_0196.npz,d4848a4e772e741b625e10aec676527f984e3943b470a872754331769f8b94bb,0.002155861002393067,0.0614732216317498,0.646756150621734,0.7699751555919647,0.28514210134744644,0.5657742232084261
mesh_gnn,60,slit_bridge,197,private-source://routeA_experiments/data/final_ood_frozen_v1/slit_bridge/sample_0197.npz,2b37447cf0d376d2e2021ecf8d29a5d17437f6bb153943e0f306b31930209b3e,0.0019149070139974356,0.07325169253817554,0.6947079698896362,0.8314464390277863,0.43319693207740784,0.7224830009043209
mesh_gnn,60,slit_bridge,198,private-source://routeA_experiments/data/final_ood_frozen_v1/slit_bridge/sample_0198.npz,8030be12303215e83fab9a6e2360c32b7958cadc693426ae4437ff9ce9a38d91,0.0019269580079708248,0.05466359788646037,0.48522673707179675,0.6126520037651062,0.27407723665237427,0.5363395631313317
mesh_gnn,60,slit_bridge,199,private-source://routeA_experiments/data/final_ood_frozen_v1/slit_bridge/sample_0199.npz,cc6a52511cc16e98c96e4753d529c21a8e0ccbe95013bc0584ae491523d2bb83,0.002246260002721101,0.049413685622529006,0.457785019692966,0.5975497961044312,0.22939419746398926,0.501799440383911
mesh_gnn,60,three_hole_asymmetric,0,private-source://routeA_experiments/data/final_ood_frozen_v1/three_hole_asymmetric/sample_0000.npz,76239d9d4cae31805b23350941f6924762ca8e0eb2de53f5e0014a3050004492,0.002212738007074222,0.053944483098108384,0.5732966601383928,0.643380343914032,0.25191859155893326,0.49780555665493
mesh_gnn,60,three_hole_asymmetric,1,private-source://routeA_experiments/data/final_ood_frozen_v1/three_hole_asymmetric/sample_0001.npz,c8138e48b2b5450756ab6ea06ad8018a0f03fd49507fdf70f7602513883c6d79,0.0024499240098521113,0.05000269317988879,0.8426174252816616,0.9384876787662506,0.21430333517491817,0.6181251008063554
mesh_gnn,60,three_hole_asymmetric,2,private-source://routeA_experiments/data/final_ood_frozen_v1/three_hole_asymmetric/sample_0002.npz,8415d3f4052cfa250de2e615b5f135c4cbc51665e9780ba0c740b7bc68b0b8d0,0.002394520997768268,0.06009578343039239,0.7752411604470079,0.7801165953278542,0.27792149037122726,0.6509426102042198
mesh_gnn,60,three_hole_asymmetric,3,private-source://routeA_experiments/data/final_ood_frozen_v1/three_hole_asymmetric/sample_0003.npz,126883ed7a18270534e81fc020b354d6a09b3d0b37130be0a213f6e3fe3611cf,0.0023715579882264137,0.07522196839255027,0.7641558302913388,0.8044460117816925,0.3452825043350458,0.6779093429446197
mesh_gnn,60,three_hole_asymmetric,4,private-source://routeA_experiments/data/final_ood_frozen_v1/three_hole_asymmetric/sample_0004.npz,73fddad29aef7a16eeabb39f9b70e218861d55037c0d2745430816f9076f8b8f,0.0024280220095533878,0.052102961449058696,0.7686067210102403,0.8150923103094101,0.20661005191504955,0.5265471670776596
mesh_gnn,60,three_hole_asymmetric,5,private-source://routeA_experiments/data/final_ood_frozen_v1/three_hole_asymmetric/sample_0005.npz,0cce2a32a88505f1a40318561d466c31de7f2eb63e0449cf3df2f644c64a0108,0.0024766490096226335,0.05684224151963565,0.7213848031349903,0.8108310252428055,0.3195045255124569,0.6316922798752784
mesh_gnn,60,three_hole_asymmetric,6,private-source://routeA_experiments/data/final_ood_frozen_v1/three_hole_asymmetric/sample_0006.npz,05b9798f8cd5b5b832e909e747bb49397a06d4bc8291718bcb52ee39573eb619,0.001965471019502729,0.07271577340345878,0.9127332021558208,0.8785593286156654,0.3246288113296032,0.7282873332500454
mesh_gnn,60,three_hole_asymmetric,7,private-source://routeA_experiments/data/final_ood_frozen_v1/three_hole_asymmetric/sample_0007.npz,6ba61082fc82270f3f31ed8952fcbbd145b31d5361d264f2bd66a5366e0bc340,0.0018878359987866133,0.05494050232916722,0.6762865708959306,0.761119157075882,0.25019765459001064,0.5538699407130477
mesh_gnn,60,three_hole_asymmetric,8,private-source://routeA_experiments/data/final_ood_frozen_v1/three_hole_asymmetric/sample_0008.npz,853331caeb1b23865ccb78c9a2f431c6c5268c039e4b02388b3e7b2950cb9a7f,0.002467529004206881,0.06549363818932141,0.7928881443172194,0.8727518320083618,0.32303091138601303,0.7331726327538488
mesh_gnn,60,three_hole_asymmetric,9,private-source://routeA_experiments/data/final_ood_frozen_v1/three_hole_asymmetric/sample_0009.npz,9970adef6a8aee3680702738f4b4535ec99d53fd695e57178ef1d947c3890f8c,0.002344781009014696,0.055898533014677,0.6454855850510266,0.7201997339725494,0.261467095464468,0.5811115100979801
mesh_gnn,60,three_hole_asymmetric,10,private-source://routeA_experiments/data/final_ood_frozen_v1/three_hole_asymmetric/sample_0010.npz,ca5bef464b218ce33227b66ed886a6d671ca7ebab5b66b551b37435087ee4d86,0.0021305379923433065,0.05967213673117131,0.7342567979081144,0.7980003952980042,0.29374860413372517,0.6366487979888915
mesh_gnn,60,three_hole_asymmetric,11,private-source://routeA_experiments/data/final_ood_frozen_v1/three_hole_asymmetric/sample_0011.npz,ed6e65591f32cddee3a621d0a802c4d3ce1e222eac7e0ad7a6d66916367e9015,0.0024008920008782297,0.05716527064873371,0.7892790672365724,0.7900359928607941,0.2146139042743016,0.6193998262286182
mesh_gnn,60,three_hole_asymmetric,12,private-source://routeA_experiments/data/final_ood_frozen_v1/three_hole_asymmetric/sample_0012.npz,81ff39c1f360e63cd187c00763f0e47af4b7b964b23c0036bbcc2118bcfa7335,0.0020942669943906367,0.058939039209641504,0.7127002370813094,0.7727028727531433,0.26619131022744114,0.6219370007514947
mesh_gnn,60,three_hole_asymmetric,13,private-source://routeA_experiments/data/final_ood_frozen_v1/three_hole_asymmetric/sample_0013.npz,7b336e409d0b1be61aa8152652f7727a997afad669670d5dbedef898f8385d62,0.00209753101808019,0.05112818124470348,0.7201503115526962,0.7623805403709412,0.22440101578831673,0.5827065393328644
mesh_gnn,60,three_hole_asymmetric,14,private-source://routeA_experiments/data/final_ood_frozen_v1/three_hole_asymmetric/sample_0014.npz,14b2727426b78377e48754867160238048d5c11e6a60c8244c17e2f5d349c674,0.002340980019653216,0.04818550918067378,0.5601331563558695,0.6568476855754852,0.18112578801810741,0.44150998070835973
mesh_gnn,60,three_hole_asymmetric,15,private-source://routeA_experiments/data/final_ood_frozen_v1/three_hole_asymmetric/sample_0015.npz,f1f557f0e4338c64350ec1c2218ae556b5ee258eeeb85ed87e15e06d69e7949f,0.0021511449886020273,0.056945917733862525,0.8854526174546312,0.9477582797408104,0.23098805733025074,0.6598405651748177
mesh_gnn,60,three_hole_asymmetric,16,private-source://routeA_experiments/data/final_ood_frozen_v1/three_hole_asymmetric/sample_0016.npz,e72396fee8a43a2b8ddefe735291ca8705c65690b680b4a18f84ae974e873213,0.0025426329812034965,0.06884549199732644,0.9239148420493262,0.9707029517740011,0.3290233272127807,0.6670414857566351
mesh_gnn,60,three_hole_asymmetric,17,private-source://routeA_experiments/data/final_ood_frozen_v1/three_hole_asymmetric/sample_0017.npz,e985edd4b5fd67f0812b23ba168c67faea3aeed38dc497bd3554f7bd6760ce23,0.002661559992702678,0.06315999584960144,0.8211260350640588,0.7720885276794434,0.26510481536388397,0.6240240100771186
mesh_gnn,60,three_hole_asymmetric,18,private-source://routeA_experiments/data/final_ood_frozen_v1/three_hole_asymmetric/sample_0018.npz,822a1ae4756152a1ca58caa1ec6d5f81a08654b749358283fdc1e93ee4e96c05,0.0025222359981853515,0.05527429143054235,0.5384539941102247,0.6391891539096832,0.25010204315185547,0.5164530172944067
mesh_gnn,60,three_hole_asymmetric,19,private-source://routeA_experiments/data/final_ood_frozen_v1/three_hole_asymmetric/sample_0019.npz,930b0ac62993246d762ab2fade330a6323a28dfa631309dcd025ccc1955464d2,0.0025578270142432302,0.06341305645403304,0.8031116576339971,0.796621099114418,0.3434258196502924,0.6022429510951038
mesh_gnn,60,three_hole_asymmetric,20,private-source://routeA_experiments/data/final_ood_frozen_v1/three_hole_asymmetric/sample_0020.npz,ebe95ab8adce4e5f03a8c032f3f82d5b37362c40745ec8db423913bbcdbc36cc,0.0023520260001532733,0.05006703759281226,0.7559668585437916,0.8200218975543976,0.17362016416154802,0.5652444388717409
mesh_gnn,60,three_hole_asymmetric,21,private-source://routeA_experiments/data/final_ood_frozen_v1/three_hole_asymmetric/sample_0021.npz,54558d7be0dcfa75da26d4b23bc274c3c188b6521dea1d6a7af66329fa9f8251,0.0023798560141585767,0.06309649464845347,0.6298764087715575,0.7002385258674622,0.33805039525032043,0.575755754113197
mesh_gnn,60,three_hole_asymmetric,22,private-source://routeA_experiments/data/final_ood_frozen_v1/three_hole_asymmetric/sample_0022.npz,6bdc3c8942ace2076e15642c82251ef4fb1abdcb025262d5cbf4bf8159949c89,0.0021787250007037073,0.05113867197077867,0.7433269765303876,0.7754959166049957,0.2058227676898241,0.6208440065383897
mesh_gnn,60,three_hole_asymmetric,23,private-source://routeA_experiments/data/final_ood_frozen_v1/three_hole_asymmetric/sample_0023.npz,fb7b07378547ca5def525e00c556fd80770b515ccf896b8db2c472e26a09e5de,0.002402979996986687,0.046055037426546985,0.91797529448581,0.9182197228074074,0.13140750356251374,0.5180924609303464
mesh_gnn,60,three_hole_asymmetric,24,private-source://routeA_experiments/data/final_ood_frozen_v1/three_hole_asymmetric/sample_0024.npz,2db1bdfbff80836e6a8d01f12b7e3e3ccb933bc7fa29a6c580e28e0a5d564196,0.0023201790172606707,0.059396679225657945,0.6913950823584853,0.7935087084770203,0.3335178066045046,0.667353934422135
mesh_gnn,60,three_hole_asymmetric,25,private-source://routeA_experiments/data/final_ood_frozen_v1/three_hole_asymmetric/sample_0025.npz,d3dd37382fca909602f329cf5ca0868fdf4906bc68d239b517c7b63904d4d71e,0.0024574339913669974,0.0640178436699326,0.75740795039321,0.9296282529830933,0.26738839969038963,0.7445621576160187
mesh_gnn,60,three_hole_asymmetric,26,private-source://routeA_experiments/data/final_ood_frozen_v1/three_hole_asymmetric/sample_0026.npz,ab2b827142dff4076d7ccc83b71215ae118cd4367f57c2e1f1a596a261244546,0.002519869012758136,0.07126692290812796,0.7648717307789837,0.8398448377847672,0.3263636901974678,0.7072220847010613
mesh_gnn,60,three_hole_asymmetric,27,private-source://routeA_experiments/data/final_ood_frozen_v1/three_hole_asymmetric/sample_0027.npz,502e0384dcc52c88b8d7686ef96396b3cb52f6aaceef7f024eb2b099d1a4007a,0.00240041600773111,0.05018804697332683,0.9804286197022137,0.9502154216170311,0.14100799140396703,0.7343413580209003
mesh_gnn,60,three_hole_asymmetric,28,private-source://routeA_experiments/data/final_ood_frozen_v1/three_hole_asymmetric/sample_0028.npz,9350fce83bcaffdab0c4c8e8d9620ad9255df6368a78acb778f31f6d4d74c766,0.002339741011383012,0.06035711938169323,0.8998430584056963,0.9198194593191147,0.2978249564766884,0.6539709065109487
mesh_gnn,60,three_hole_asymmetric,29,private-source://routeA_experiments/data/final_ood_frozen_v1/three_hole_asymmetric/sample_0029.npz,f5870c4d60ab26a07f238eaa0997f6136bebb56604eb5c97e4b9a2fda2f9dc4e,0.002078447985695675,0.05630749647071857,0.45678245222235764,0.6041463017463684,0.2435842528939247,0.4456737548112867
mesh_gnn,60,three_hole_asymmetric,30,private-source://routeA_experiments/data/final_ood_frozen_v1/three_hole_asymmetric/sample_0030.npz,6fd7dea4e1eb48c71994c0c450b08928f5ea2504ed659d879044b9b6c1644f3b,0.0021431159984786063,0.046247401523685984,0.8352203617957298,0.8499657660722733,0.1474419515579939,0.6308389820158472
mesh_gnn,60,three_hole_asymmetric,31,private-source://routeA_experiments/data/final_ood_frozen_v1/three_hole_asymmetric/sample_0031.npz,4ba2ed02c426f61c1986b2240ee86afd7314ebbbe8b539e56f9600ba0cbbc1d6,0.002216040011262521,0.05720504135676264,0.8205931297628708,0.8588672280311584,0.25398039072752,0.6218236070126286
mesh_gnn,60,three_hole_asymmetric,32,private-source://routeA_experiments/data/final_ood_frozen_v1/three_hole_asymmetric/sample_0032.npz,19561acd47d971095affbf1d7482c2543969e7efe2e017cce9662594c2409591,0.002404354978352785,0.057065073750063346,0.7496692617343086,0.7843410968780518,0.2527344450354576,0.5541086286306381
mesh_gnn,60,three_hole_asymmetric,33,private-source://routeA_experiments/data/final_ood_frozen_v1/three_hole_asymmetric/sample_0033.npz,299a816b59d1641a415a05ef717681b17573aad62ca3c0dc9711e90793f0d5b1,0.002200443996116519,0.0681613135544701,0.9014593111044921,0.9039889648556709,0.2964947815053165,0.6856059413403273
mesh_gnn,60,three_hole_asymmetric,34,private-source://routeA_experiments/data/final_ood_frozen_v1/three_hole_asymmetric/sample_0034.npz,d9c1345372b974ce89c979d52478ef6d491162f017535e9466a777f808423d7d,0.002394034992903471,0.054693920468049946,0.6815087520113015,0.7870519161224365,0.27862393856048584,0.5765891090035425
mesh_gnn,60,three_hole_asymmetric,35,private-source://routeA_experiments/data/final_ood_frozen_v1/three_hole_asymmetric/sample_0035.npz,bbc5468f3342befdbe4e2f23d133af48d348c7ec0465af4103305de397fa0309,0.0021356409997679293,0.055897008290092746,0.6567191376160078,0.7207503318786621,0.2830832600593567,0.6018978744745253
mesh_gnn,60,three_hole_asymmetric,36,private-source://routeA_experiments/data/final_ood_frozen_v1/three_hole_asymmetric/sample_0036.npz,f42f3b5b47bedfb758af7282d3853313d2f8cd91228aa5ad8456fe5f4ab773e7,0.0023407719854731113,0.07359545314754486,0.722236166079652,0.854511559009552,0.4088020697236061,0.7436755798757076
mesh_gnn,60,three_hole_asymmetric,37,private-source://routeA_experiments/data/final_ood_frozen_v1/three_hole_asymmetric/sample_0037.npz,70b02216f9922d40a0913ae98c1656101a148ee3d0036600db73f132e9e21930,0.002305991016328335,0.07125537321137367,0.8643841981157322,0.9045175909996033,0.3588955271989107,0.7523895338177664
mesh_gnn,60,three_hole_asymmetric,38,private-source://routeA_experiments/data/final_ood_frozen_v1/three_hole_asymmetric/sample_0038.npz,fa7d466e58601cc7ae42f28b80b74fe105c87c60ec45af33a67b9404e69917f3,0.002301899017766118,0.057064997319969786,0.5740784973227508,0.6159187257289886,0.2961762398481369,0.5187153726816176
mesh_gnn,60,three_hole_asymmetric,39,private-source://routeA_experiments/data/final_ood_frozen_v1/three_hole_asymmetric/sample_0039.npz,6729ed9a2fcaa8077240d781da78727ef103709fb74147547087f09e654d3eeb,0.002175268018618226,0.05880087187843473,0.6602553243613586,0.7406125515699387,0.2995263207703829,0.5259005691856138
mesh_gnn,60,three_hole_asymmetric,40,private-source://routeA_experiments/data/final_ood_frozen_v1/three_hole_asymmetric/sample_0040.npz,4dc1b2b4a3bf9267ac51874c458885168a31fd1142276944c4d12ad9b44e5100,0.0020679890003520995,0.06720307171954193,0.9118348266923607,0.8844510242342949,0.32516040513291955,0.755497657507658
mesh_gnn,60,three_hole_asymmetric,41,private-source://routeA_experiments/data/final_ood_frozen_v1/three_hole_asymmetric/sample_0041.npz,1b3c5a766f7f80111c7c5b2d1e785760caa4ac76416598c810f62f378e2dbb64,0.0020911449973937124,0.06918722156030375,0.9029374279728859,0.8846707716584206,0.3277720008045435,0.6901146665215492
mesh_gnn,60,three_hole_asymmetric,42,private-source://routeA_experiments/data/final_ood_frozen_v1/three_hole_asymmetric/sample_0042.npz,71baba454d946efdf1ed77d43d057be7b5cb937b31204d3f9a34e5b759e1f944,0.00209153100149706,0.055556448974193554,0.5795134155408582,0.5669517815113068,0.2994379699230194,0.49668113440275174
mesh_gnn,60,three_hole_asymmetric,43,private-source://routeA_experiments/data/final_ood_frozen_v1/three_hole_asymmetric/sample_0043.npz,2ede2163e09a9b392d4845b6523de16898b67b651acecab632146f022bcfc1f4,0.0021815770014654845,0.056402257401647095,0.6420558573604133,0.7064653635025024,0.23322161100804806,0.505694504082203
mesh_gnn,60,three_hole_asymmetric,44,private-source://routeA_experiments/data/final_ood_frozen_v1/three_hole_asymmetric/sample_0044.npz,752790623dc514ac3a960bd67bd0cc3d73c861a4598060b92da04b2669e579d1,0.002194688015151769,0.053984136277377325,0.9495675119840986,0.9532152339816093,0.1579662585609185,0.6378995530307286
mesh_gnn,60,three_hole_asymmetric,45,private-source://routeA_experiments/data/final_ood_frozen_v1/three_hole_asymmetric/sample_0045.npz,f93c887a4af2aa5861e233d5e8c99ba90ed0d24be1f48007e736b60f2d82baa0,0.0021511650120373815,0.04623014259108497,0.8089976256427193,0.8567414879798889,0.2106517031788826,0.5720335733145469
mesh_gnn,60,three_hole_asymmetric,46,private-source://routeA_experiments/data/final_ood_frozen_v1/three_hole_asymmetric/sample_0046.npz,7d5d9a6e64d8ae8a1e9c7319dfb573f33de06eedee213c902c4b6812faa42d0f,0.0021737299975939095,0.06423484635205912,0.9616828336056408,0.9178484603762627,0.216308721806854,0.7180522441864012
mesh_gnn,60,three_hole_asymmetric,47,private-source://routeA_experiments/data/final_ood_frozen_v1/three_hole_asymmetric/sample_0047.npz,95e07fc5463827a0ac7d058d0e1aeb9765b781fcc9901e3615d3cde6d0c42f72,0.0018218289769720286,0.05530091146846898,0.5055921728586732,0.5488825440406799,0.25736401975154877,0.44228651076555253
mesh_gnn,60,three_hole_asymmetric,48,private-source://routeA_experiments/data/final_ood_frozen_v1/three_hole_asymmetric/sample_0048.npz,741a820e5ca03d114c8d4ed90e51db19c9ac4733b4f826ec2ddcc36cdcac9b62,0.00221812300151214,0.053606519097392814,0.48130331456431763,0.6647732257843018,0.24637382477521896,0.44034470617771115
mesh_gnn,60,three_hole_asymmetric,49,private-source://routeA_experiments/data/final_ood_frozen_v1/three_hole_asymmetric/sample_0049.npz,9317a9055bfd4093fea4ae0bf2d7e1d3d9c8669629d159a06ce9f1c11ad7714e,0.0021179059986025095,0.05627508081230267,0.7652902039119746,0.7555477023124695,0.21181012876331806,0.628518843650817
mesh_gnn,60,three_hole_asymmetric,50,private-source://routeA_experiments/data/final_ood_frozen_v1/three_hole_asymmetric/sample_0050.npz,88a36cb1ba6df1b25c02998dd5f645924a13a886bbdfd8571e6f74a10d39880a,0.0024875730159692466,0.05604036130286075,0.8061468803390014,0.8737009838223457,0.2155459187924862,0.7059627488255492
mesh_gnn,60,three_hole_asymmetric,51,private-source://routeA_experiments/data/final_ood_frozen_v1/three_hole_asymmetric/sample_0051.npz,4d85c5da827c71859348f936a1bae9663c3aa6086f7d0a08035af48235a64ac0,0.001986205024877563,0.052028015661709726,0.8281258553004839,0.8955775126814842,0.17641802411526442,0.6938015036284915
mesh_gnn,60,three_hole_asymmetric,52,private-source://routeA_experiments/data/final_ood_frozen_v1/three_hole_asymmetric/sample_0052.npz,89347f4a5c2576ca481b684f9f7a77f38b7ae53c4ffdc77eeb307666b58e7af9,0.0019183249969501048,0.05853448006446853,0.8033635276544084,0.8574415743350983,0.2926408667117357,0.6937010210007425
mesh_gnn,60,three_hole_asymmetric,53,private-source://routeA_experiments/data/final_ood_frozen_v1/three_hole_asymmetric/sample_0053.npz,68b58c6932346fa5b469420b06037edb861502f1184f5455c6a69240285d7df0,0.0025177429779432714,0.05756539136085035,0.6697219156453289,0.7086254954338074,0.2752085030078888,0.5670935381203883
mesh_gnn,60,three_hole_asymmetric,54,private-source://routeA_experiments/data/final_ood_frozen_v1/three_hole_asymmetric/sample_0054.npz,8a3d74a7607b5928b4762b9ca74c6b9275b177ed92746be0574f4816d05444cd,0.002578212006483227,0.06010729526132435,0.7964411872979087,0.7958677560091019,0.2439278531819582,0.6491041615605352
mesh_gnn,60,three_hole_asymmetric,55,private-source://routeA_experiments/data/final_ood_frozen_v1/three_hole_asymmetric/sample_0055.npz,35e8e631f17a95d6289143b7bc8633f62ae4fcbfedd60929228f07fdfb4340db,0.002153194014681503,0.058446679683217345,0.8714687621628094,0.878579817712307,0.25987312430515885,0.6723645552992817
mesh_gnn,60,three_hole_asymmetric,56,private-source://routeA_experiments/data/final_ood_frozen_v1/three_hole_asymmetric/sample_0056.npz,445a3665a73f0ceaa2ced3d30b7da490d69d77b0d8a04d8eeb849db3eed04dd1,0.0025433209957554936,0.051583988524816556,0.6886674011134213,0.7840351313352585,0.24104144796729088,0.5622392214834684
mesh_gnn,60,three_hole_asymmetric,57,private-source://routeA_experiments/data/final_ood_frozen_v1/three_hole_asymmetric/sample_0057.npz,e6cd4f4e82b85801bd6e1f55cd798f136d06cef8b5699b3b132aae856fc4f8c6,0.0020117959938943386,0.06662891070568995,0.7743187105175178,0.885591484606266,0.3196976948529482,0.7213385261595245
mesh_gnn,60,three_hole_asymmetric,58,private-source://routeA_experiments/data/final_ood_frozen_v1/three_hole_asymmetric/sample_0058.npz,cd8c02f16d5cb5b76ccf7d1ec24d90c99eadd3a3beb517f14abd993c4185db88,0.002456707996316254,0.05125987501848321,0.5105392639940286,0.5636689066886902,0.24646051786839962,0.44638344794511786
mesh_gnn,60,three_hole_asymmetric,59,private-source://routeA_experiments/data/final_ood_frozen_v1/three_hole_asymmetric/sample_0059.npz,8b2f19de3b7d84f2e94fee0e2534974e7bb4e568d67f3a1c9928750c5d681d54,0.0025276569940615445,0.049238381849624736,0.37086899472362894,0.4072968065738678,0.17662481049774215,0.2878976047039032
mesh_gnn,60,three_hole_asymmetric,60,private-source://routeA_experiments/data/final_ood_frozen_v1/three_hole_asymmetric/sample_0060.npz,9a762eaafc0ad4943d42da4f1c2f1324b21b6ee9e3faaf6bd0e21961c2c74f37,0.002403646009042859,0.06757588334173718,0.8708014881295691,0.8274751156568527,0.3008710276335478,0.7000677462667217
mesh_gnn,60,three_hole_asymmetric,61,private-source://routeA_experiments/data/final_ood_frozen_v1/three_hole_asymmetric/sample_0061.npz,f363192d56ff237222c6af805a0435cdace76f73899372ae7a684b627192c2cf,0.002375140000367537,0.051768337401992395,0.6823610501284092,0.7616738080978394,0.2641456238925457,0.6375841565430159
mesh_gnn,60,three_hole_asymmetric,62,private-source://routeA_experiments/data/final_ood_frozen_v1/three_hole_asymmetric/sample_0062.npz,2f26a4605d7e2c878f5be76227c29d3c349d949c85a3fd078ad080cee6cfff90,0.002422953984932974,0.05996226790249216,0.7081291969515006,0.7715222537517548,0.31564735248684883,0.6243790466338393
mesh_gnn,60,three_hole_asymmetric,63,private-source://routeA_experiments/data/final_ood_frozen_v1/three_hole_asymmetric/sample_0063.npz,17c7bdafaf1ee584c9e013fbb7431229a839fea3282cdae21417ce64c07803f3,0.0020507439912762493,0.05667327070432158,0.6233833508311399,0.7063319087028503,0.24254315346479416,0.5718872904777527
mesh_gnn,60,three_hole_asymmetric,64,private-source://routeA_experiments/data/final_ood_frozen_v1/three_hole_asymmetric/sample_0064.npz,793cbf94a8f0ee09dd55e7baf6508b26cc685f59f0c6758686e2412286c50e95,0.0020791800052393228,0.060409358038967194,0.5618814994207768,0.652358889579773,0.3220225051045418,0.5203166022896767
mesh_gnn,60,three_hole_asymmetric,65,private-source://routeA_experiments/data/final_ood_frozen_v1/three_hole_asymmetric/sample_0065.npz,1a010370114984ac96012fd00665935431ad026ab4d7339462e9ede18dcde1d9,0.0026704650081228465,0.06246714785069355,0.8117748825527105,0.8259071707725525,0.3026743552982225,0.5739076253026723
mesh_gnn,60,three_hole_asymmetric,66,private-source://routeA_experiments/data/final_ood_frozen_v1/three_hole_asymmetric/sample_0066.npz,b4fb5ef8fe25b228082cf73d25bf64834fc6a386885f1003e912cc5461f36d56,0.0020637830020859838,0.06154954648964784,0.8537565379274449,0.8812391832470894,0.27596661960706115,0.7117401763796799
mesh_gnn,60,three_hole_asymmetric,67,private-source://routeA_experiments/data/final_ood_frozen_v1/three_hole_asymmetric/sample_0067.npz,9966203f8926dbc05a509af06ae061895e57e0716bd5f4d7fbf1f94ef0a45954,0.0023454389884136617,0.04728132893260672,0.6496600042959668,0.7055618166923523,0.2021789774298668,0.5443145032972085
mesh_gnn,60,three_hole_asymmetric,68,private-source://routeA_experiments/data/final_ood_frozen_v1/three_hole_asymmetric/sample_0068.npz,3441c1ef60f7fd85c99941996ff1e1187f19859561c6ad1e959ad510a070dfcb,0.002455795998685062,0.07099364870977841,0.8934052673290441,0.8926514908671379,0.33449635840952396,0.7415767300873993
mesh_gnn,60,three_hole_asymmetric,69,private-source://routeA_experiments/data/final_ood_frozen_v1/three_hole_asymmetric/sample_0069.npz,957b4c4b2aca791503277fca2b6d349af9cb542bc497b1dfb5a2641ef5e16b1e,0.0024754350015427917,0.07192557229507134,0.8641618101401077,0.952934741973877,0.38444645144045353,0.7254695978015656
mesh_gnn,60,three_hole_asymmetric,70,private-source://routeA_experiments/data/final_ood_frozen_v1/three_hole_asymmetric/sample_0070.npz,bf042f87f987b456925f37ee22c985a855b18b686770e5b97a394d3c0c2acbe6,0.0022154620091896504,0.061762830550681325,0.8064187595262279,0.8182291239500046,0.32410056330263615,0.6478360563516614
mesh_gnn,60,three_hole_asymmetric,71,private-source://routeA_experiments/data/final_ood_frozen_v1/three_hole_asymmetric/sample_0071.npz,d8ecc3806b2dd2950185d128052672533a7ecff47ea474de8708ce8b3e391105,0.0016775449912529439,0.04715616661582841,0.7622064205721303,0.838544949889183,0.17652522632852197,0.5451246965676544
mesh_gnn,60,three_hole_asymmetric,72,private-source://routeA_experiments/data/final_ood_frozen_v1/three_hole_asymmetric/sample_0072.npz,6fb1d638377a02897f21ad9678d3a93e1ed734ef1ade5a6f69a1c16b0d92646b,0.0016693590150680393,0.05368580998572363,0.8896882276888283,0.9321881458163261,0.20656822808086872,0.6596787989139545
mesh_gnn,60,three_hole_asymmetric,73,private-source://routeA_experiments/data/final_ood_frozen_v1/three_hole_asymmetric/sample_0073.npz,aa1f55a954bf5a5a2a0fc55c80c60d0c6c3bcfed40697329e85d1f1150b3beb1,0.0022005340142641217,0.05578801422800402,0.7791421873516094,0.855024054646492,0.23095275647938251,0.6097624514251944
mesh_gnn,60,three_hole_asymmetric,74,private-source://routeA_experiments/data/final_ood_frozen_v1/three_hole_asymmetric/sample_0074.npz,7efa7bbcf05970d90ea88b07b297960e2591bdf9454367d39202dd0eea0baf1c,0.0016611680039204657,0.05217025074326242,0.8421911280202101,0.850980207324028,0.20145263895392418,0.672535504400728
mesh_gnn,60,three_hole_asymmetric,75,private-source://routeA_experiments/data/final_ood_frozen_v1/three_hole_asymmetric/sample_0075.npz,797d1d48df61dcc794ea9c42bd7cbe3fb5904ac3207e4c22d07fd98d6cba6889,0.0022112370061222464,0.0693597934246734,0.7488769000401312,0.7706041038036346,0.3326684578350978,0.6346001401543616
mesh_gnn,60,three_hole_asymmetric,76,private-source://routeA_experiments/data/final_ood_frozen_v1/three_hole_asymmetric/sample_0076.npz,ed8628f781c6e4e0f944c54b129e12897361e0950bc2b545bb2c4111835b1aa3,0.0021429979824461043,0.060914948569626766,0.8668754033084358,0.815618559718132,0.2521809097379446,0.5996603131294244
mesh_gnn,60,three_hole_asymmetric,77,private-source://routeA_experiments/data/final_ood_frozen_v1/three_hole_asymmetric/sample_0077.npz,e1e3d0aa07a5e03fbc7d7cd2e5822d6d019cc78a74b2a133771301fca0c23ab6,0.0022842990001663566,0.06295953288313598,0.6290826545867744,0.7721928805112839,0.31437478959560394,0.639667213708162
mesh_gnn,60,three_hole_asymmetric,78,private-source://routeA_experiments/data/final_ood_frozen_v1/three_hole_asymmetric/sample_0078.npz,b8c9c9f9a9d7c2106857e098ccf52a7ed33b76dda547cbe28fa76263b27cde39,0.002075973025057465,0.06283599717265761,0.7355270896523504,0.7996836304664612,0.3221519999206066,0.5602117866277693
mesh_gnn,60,three_hole_asymmetric,79,private-source://routeA_experiments/data/final_ood_frozen_v1/three_hole_asymmetric/sample_0079.npz,6600329ca06c105c508bd49db109ca5aa0861398ccd222389fac3dd5f02b058c,0.0022478210157714784,0.053723920773528985,0.8503609605657866,0.7617199718952179,0.18036005785688758,0.5720170691609373
mesh_gnn,60,three_hole_asymmetric,80,private-source://routeA_experiments/data/final_ood_frozen_v1/three_hole_asymmetric/sample_0080.npz,ffbc158abeb51a4eb3928201634706c040d340dabbe33426cdc7b7127fe13543,0.002213192987255752,0.05629097880780392,0.7292308461552922,0.6457697153091431,0.2805935628712177,0.5349278137087821
mesh_gnn,60,three_hole_asymmetric,81,private-source://routeA_experiments/data/final_ood_frozen_v1/three_hole_asymmetric/sample_0081.npz,a87e60b7c7797fddf37237be730cdc9809205a80b44cb6b2262de1a6d7645693,0.002071274007903412,0.0553569151755293,0.8297070389643016,0.9273233190178871,0.2784756012260914,0.6880222263745959
mesh_gnn,60,three_hole_asymmetric,82,private-source://routeA_experiments/data/final_ood_frozen_v1/three_hole_asymmetric/sample_0082.npz,067daeb253b7553c2df8a4b49429eea3aa5169264dc4c11e08a931320e7ddff4,0.0016737690020818263,0.053558317247152744,0.6765746233370687,0.7237550020217896,0.27130118757486343,0.5707497913390397
mesh_gnn,60,three_hole_asymmetric,83,private-source://routeA_experiments/data/final_ood_frozen_v1/three_hole_asymmetric/sample_0083.npz,f1d60eebc050728f5777b4668048e76d34dee796f6835ce90e1158999fa44fd4,0.0019618869991973042,0.05388224922897823,0.7824579133289435,0.8598583564162254,0.21368899894878268,0.6205147061496965
mesh_gnn,60,three_hole_asymmetric,84,private-source://routeA_experiments/data/final_ood_frozen_v1/three_hole_asymmetric/sample_0084.npz,412d7cf0b8e7473beabae2d73d6f51672f2e2290c5eb4f6594fefd3da8d64992,0.0016671030025463551,0.06202186126627833,0.7064478942569372,0.7121330499649048,0.3184032216668129,0.6125566780567169
mesh_gnn,60,three_hole_asymmetric,85,private-source://routeA_experiments/data/final_ood_frozen_v1/three_hole_asymmetric/sample_0085.npz,254ac982dfb840962b732a7f58d26007ad7175788b3d22740ac1a0de93037713,0.0015626189997419715,0.05199323682692358,0.5710268494921238,0.5839877724647522,0.31836048513650894,0.4918438255786891
mesh_gnn,60,three_hole_asymmetric,86,private-source://routeA_experiments/data/final_ood_frozen_v1/three_hole_asymmetric/sample_0086.npz,c521fb24ed492b9981db7f659459473625677c7b0d7e4c9095384fc6551b4657,0.0023474579793401062,0.05184258713433885,0.9713503056345397,0.9074500724673271,0.14794341425294988,0.6405094895511857
mesh_gnn,60,three_hole_asymmetric,87,private-source://routeA_experiments/data/final_ood_frozen_v1/three_hole_asymmetric/sample_0087.npz,7946973bee1306c79f4c36bb2e32fb4b5c210f4c5eee0944367ba30e9fdd9e31,0.0021474429813679308,0.05182070859192218,0.6864024629333852,0.8307199776172638,0.19249772652983665,0.593286596983671
mesh_gnn,60,three_hole_asymmetric,88,private-source://routeA_experiments/data/final_ood_frozen_v1/three_hole_asymmetric/sample_0088.npz,11f5514ff6bbacbe263aded7875193bf5aad8a00011357f6c74f2f464c5b23a1,0.001969169999938458,0.05616989047426931,0.5361972450573124,0.6066138744354248,0.260954603436403,0.42497411519289013
mesh_gnn,60,three_hole_asymmetric,89,private-source://routeA_experiments/data/final_ood_frozen_v1/three_hole_asymmetric/sample_0089.npz,a61b51e0b645bb67e96064efeeb018bd2d7b048c8350145b4efca94cd3cced4a,0.002433163987006992,0.05954857581890948,0.6569942327179847,0.787403330206871,0.30927220918238163,0.6864311024546623
mesh_gnn,60,three_hole_asymmetric,90,private-source://routeA_experiments/data/final_ood_frozen_v1/three_hole_asymmetric/sample_0090.npz,f238f1b73bfe633977814f4ee8efd7678f1da09cdadc96667ab86b42fd9c84b8,0.0019806670024991035,0.06828657316760336,0.9024757064134445,0.8910368755459785,0.27934458131494466,0.709034353867173
mesh_gnn,60,three_hole_asymmetric,91,private-source://routeA_experiments/data/final_ood_frozen_v1/three_hole_asymmetric/sample_0091.npz,908dee8055af09e682db2290282512110ad8b8134b5a3c698b0b1e27d1298733,0.0019806970085483044,0.05765653068260994,0.6632297591056673,0.6726248264312744,0.33094954304397106,0.565052404999733
mesh_gnn,60,three_hole_asymmetric,92,private-source://routeA_experiments/data/final_ood_frozen_v1/three_hole_asymmetric/sample_0092.npz,235f3d7bb93d6ff69897dc532f9c0175c97fc98f43fc1a6c18061f36b3b6c3ef,0.0021497749839909375,0.06779401301128103,0.6690935163523469,0.7247010767459869,0.3697999025462195,0.5642090498469762
mesh_gnn,60,three_hole_asymmetric,93,private-source://routeA_experiments/data/final_ood_frozen_v1/three_hole_asymmetric/sample_0093.npz,a7d0da11a92287a27a4a6c11ca702f3f2f17ff721a0f0279d690f8abf94252be,0.002585006004665047,0.05368061110071278,0.725314162103276,0.875074066221714,0.2771242894232273,0.6289299126714466
mesh_gnn,60,three_hole_asymmetric,94,private-source://routeA_experiments/data/final_ood_frozen_v1/three_hole_asymmetric/sample_0094.npz,d0aa584876f99691aeeb8026d5ead955e7cc17621019a851ef37a13edaf58971,0.0019305459863971919,0.058885986820120334,0.7175287427165529,0.7609652876853943,0.30281715653836727,0.6041610240936273
mesh_gnn,60,three_hole_asymmetric,95,private-source://routeA_experiments/data/final_ood_frozen_v1/three_hole_asymmetric/sample_0095.npz,d203d6745345a12b29597ac2d26caea89ab17bb23083688666fb462296530e05,0.0020201760053168982,0.057638267323021915,0.7223321755482481,0.799268938601017,0.26161079853773117,0.6124636869877574
mesh_gnn,60,three_hole_asymmetric,96,private-source://routeA_experiments/data/final_ood_frozen_v1/three_hole_asymmetric/sample_0096.npz,78f0808d535501b8d16b5386431081df41fe126d96ffeb5bfc34b71693bd5714,0.0020631109946407378,0.05931331590122658,0.8494577821321228,0.8901242390275002,0.2469054888933897,0.6171265564858902
mesh_gnn,60,three_hole_asymmetric,97,private-source://routeA_experiments/data/final_ood_frozen_v1/three_hole_asymmetric/sample_0097.npz,a19b074a2ef168ce2028edf5abd4394ddadac3e42eb7badae29852dcd87b8c01,0.0018754799966700375,0.06413802605159369,0.8451250759060362,0.8946979716420174,0.3390826531685889,0.7458812210708845
mesh_gnn,60,three_hole_asymmetric,98,private-source://routeA_experiments/data/final_ood_frozen_v1/three_hole_asymmetric/sample_0098.npz,e628a052cb301d1ccddc36abc3e756605d05d755311cc580cb8638d0283e8a28,0.0020984440052416176,0.060138437158859276,0.8238208293389959,0.866453193128109,0.25299552641808987,0.6621595341712218
mesh_gnn,60,three_hole_asymmetric,99,private-source://routeA_experiments/data/final_ood_frozen_v1/three_hole_asymmetric/sample_0099.npz,c4c58ccc92851ab150fbcfb7929b45da22b8f4be00f48239dbac5a4033fb8247,0.0018589149985928088,0.05506560018902887,0.7415624093764387,0.7960885763168335,0.26050784811377525,0.65902576893568
mesh_gnn,60,three_hole_asymmetric,100,private-source://routeA_experiments/data/final_ood_frozen_v1/three_hole_asymmetric/sample_0100.npz,7735aa807c0bade0596ab7163387935e7d8a6420ea91ac0b71468f037f55c595,0.0022009320091456175,0.045173865584230685,0.382660234193376,0.6150785088539124,0.18642283452209085,0.2887159556150436
mesh_gnn,60,three_hole_asymmetric,101,private-source://routeA_experiments/data/final_ood_frozen_v1/three_hole_asymmetric/sample_0101.npz,50903f9da861e8e4b8d2ee84d0c4eea498c76f1b91f5cc6b26cca7661f51f13b,0.0021647339744959027,0.06227052235766412,0.8766041524622221,0.9037826135754585,0.2651296406984329,0.7138196125626562
mesh_gnn,60,three_hole_asymmetric,102,private-source://routeA_experiments/data/final_ood_frozen_v1/three_hole_asymmetric/sample_0102.npz,393185e3a3667ce8030757bd68d94410eee1772700c16b445a0af74c993e2d3e,0.002357522986130789,0.056263367245831815,0.9024404814742694,0.9350308552384377,0.1786279994994402,0.696490230038762
mesh_gnn,60,three_hole_asymmetric,103,private-source://routeA_experiments/data/final_ood_frozen_v1/three_hole_asymmetric/sample_0103.npz,d8e3e01787f23ef6a1dabb9edf23da79e0637aeb7fd538143355fccbedc02bc1,0.00211181998020038,0.06296494967704654,0.5305153094938447,0.5646034777164459,0.279502809047699,0.44855617061257347
mesh_gnn,60,three_hole_asymmetric,104,private-source://routeA_experiments/data/final_ood_frozen_v1/three_hole_asymmetric/sample_0104.npz,d6cc18e29b7582dec1b5602f9fa8218e7d40d0e0ed08552c1d6acc779fc36a17,0.0018906149780377746,0.05414180842496385,0.8929599733522413,0.8895781636238098,0.24086799891665578,0.7691018301993607
mesh_gnn,60,three_hole_asymmetric,105,private-source://routeA_experiments/data/final_ood_frozen_v1/three_hole_asymmetric/sample_0105.npz,35bd0c998f7436861f71be50f8aba64a3461c822cf292b3e6694660f55a3b0f1,0.0020529399916995317,0.05572663926406972,0.5403360630302201,0.6447170376777649,0.30163395404815674,0.5111599475145338
mesh_gnn,60,three_hole_asymmetric,106,private-source://routeA_experiments/data/final_ood_frozen_v1/three_hole_asymmetric/sample_0106.npz,6888edd52db8cf29388af634eedf7f9be35793c07c18644b7f86f8a441acc780,0.002485568023985252,0.05661731543511247,0.6371842187285566,0.6472972929477692,0.28847728483378887,0.5057939827442165
mesh_gnn,60,three_hole_asymmetric,107,private-source://routeA_experiments/data/final_ood_frozen_v1/three_hole_asymmetric/sample_0107.npz,40b2ef1f23b501bfde64a13fe7258035909f0d78e1d54eb6e1443c804305ecf4,0.0022815910051576793,0.050111367322193526,0.9998416440786251,0.9343510791659355,0.14529343286994845,0.5533925917930892
mesh_gnn,60,three_hole_asymmetric,108,private-source://routeA_experiments/data/final_ood_frozen_v1/three_hole_asymmetric/sample_0108.npz,79b8dfa34c2b35a10fea27f09a0f9f798b0367fc5192ed59d1361f1b53799bdd,0.002542684000218287,0.06372077787596823,0.8649316954936747,0.8786972686648369,0.30502522572351154,0.6396405495703215
mesh_gnn,60,three_hole_asymmetric,109,private-source://routeA_experiments/data/final_ood_frozen_v1/three_hole_asymmetric/sample_0109.npz,8ce37dd8adb5cefec81dbd0f448aa24fd957fd04fe733656a07aef732c8cc2eb,0.002165771002182737,0.04618192236203002,0.4518633887025142,0.465057373046875,0.22779549658298492,0.3758494809269904
mesh_gnn,60,three_hole_asymmetric,110,private-source://routeA_experiments/data/final_ood_frozen_v1/three_hole_asymmetric/sample_0110.npz,4f2615c8cb85f9158644a5c730014c3884dbecc44b41e4c6525efb9d86c8caf8,0.002103855978930369,0.06333657322402331,0.9111140232782707,0.9299051836133003,0.2463077437132597,0.7804940331727265
mesh_gnn,60,three_hole_asymmetric,111,private-source://routeA_experiments/data/final_ood_frozen_v1/three_hole_asymmetric/sample_0111.npz,0935578871a0f3a49acfc526c2f37c216dd91c68bd2a8bfb1b536326e94f5a44,0.0025609330041334033,0.04834417883850979,0.9193036462835557,0.9074267223477364,0.14447594434022903,0.5402939580380908
mesh_gnn,60,three_hole_asymmetric,112,private-source://routeA_experiments/data/final_ood_frozen_v1/three_hole_asymmetric/sample_0112.npz,75f3066ea740d92e454646a086e63a485bf69922e759ad6ffeae0e0cb87dfaa8,0.0024755240010563284,0.0644532386420326,0.7917817448904376,0.9042437970638275,0.273039273917675,0.7030382506549353
mesh_gnn,60,three_hole_asymmetric,113,private-source://routeA_experiments/data/final_ood_frozen_v1/three_hole_asymmetric/sample_0113.npz,e697a839e7548feb3a5b14360c3973b92e38a87052d3b7365b32a7cd0a753191,0.0024021019926294684,0.05385284843372639,0.5582776093339488,0.5883784592151642,0.2672175168991089,0.4755167320370672
mesh_gnn,60,three_hole_asymmetric,114,private-source://routeA_experiments/data/final_ood_frozen_v1/three_hole_asymmetric/sample_0114.npz,7afaaf3601e6ed30886241051a0637c969fab4fdc7321968e3389ce030c7486a,0.002172320004319772,0.05543460285896926,0.5652501206616342,0.581855982542038,0.3135674186050892,0.4686638116836548
mesh_gnn,60,three_hole_asymmetric,115,private-source://routeA_experiments/data/final_ood_frozen_v1/three_hole_asymmetric/sample_0115.npz,c61c1f6680ef22cfbb61c3b59a74537ff91a7a97eefe05a24d1215c5eff14175,0.0020274840062484145,0.0653802144738854,0.8650258260723238,0.8718291819095612,0.3192312545143068,0.6878196001052855
mesh_gnn,60,three_hole_asymmetric,116,private-source://routeA_experiments/data/final_ood_frozen_v1/three_hole_asymmetric/sample_0116.npz,9630b36b29d980654e8e8af10a050b5b22f9036bbc0eaf53ddfff402e0574e30,0.002435132017126307,0.06304623837307666,0.8123147823556168,0.8577317371964455,0.225399661809206,0.7234588112682103
mesh_gnn,60,three_hole_asymmetric,117,private-source://routeA_experiments/data/final_ood_frozen_v1/three_hole_asymmetric/sample_0117.npz,d3d1cc5eb6165ce5dd1eb46f3b7422b7a91b41002dd8e244fb5807270ef54ae0,0.0025010740209836513,0.049893542044865576,0.8899006029287471,0.8838486447930336,0.17779941094340757,0.5696170490235085
mesh_gnn,60,three_hole_asymmetric,118,private-source://routeA_experiments/data/final_ood_frozen_v1/three_hole_asymmetric/sample_0118.npz,8e2be99501a03f3deba60278c03b5af400416cb985c121c2fa7d7d7827ff8328,0.0023000680084805936,0.0510275206981406,0.6884255229254855,0.819437563419342,0.2754345182329416,0.6028869424015274
mesh_gnn,60,three_hole_asymmetric,119,private-source://routeA_experiments/data/final_ood_frozen_v1/three_hole_asymmetric/sample_0119.npz,a47277e2b3beb0d89ef7b03bc2d99a8b043b3ba5b66636730dd832240fb5bf67,0.002147585997590795,0.06183513694098145,0.7968148595659783,0.8759578093886375,0.2780576404184103,0.687978071346879
mesh_gnn,60,three_hole_asymmetric,120,private-source://routeA_experiments/data/final_ood_frozen_v1/three_hole_asymmetric/sample_0120.npz,460897fcccde1db2e8ba9079e66abd4ea55bf6c9fcc14cc7507c17ec7571d07d,0.002377606026129797,0.046052482950350075,0.6233140862718813,0.6699835658073425,0.2586749233305454,0.4936735376715657
mesh_gnn,60,three_hole_asymmetric,121,private-source://routeA_experiments/data/final_ood_frozen_v1/three_hole_asymmetric/sample_0121.npz,7463cebd5dcf30b0f53bfbcec6ed3cd938cae4ff1c7cb5a51f6b6208a020a4d2,0.002522712980862707,0.05259047652237315,0.7291407511071595,0.7073774337768555,0.2790991719812155,0.5535420283675193
mesh_gnn,60,three_hole_asymmetric,122,private-source://routeA_experiments/data/final_ood_frozen_v1/three_hole_asymmetric/sample_0122.npz,0b1f50e6483c4bd20f2eb7b1a5ad3ca903b7158558b6379b0a1c87cfb444d395,0.0024802999978419393,0.05222305188941385,0.9242695941570334,0.9117751941084862,0.17893344204821915,0.7613958463072773
mesh_gnn,60,three_hole_asymmetric,123,private-source://routeA_experiments/data/final_ood_frozen_v1/three_hole_asymmetric/sample_0123.npz,65e171101675b5cb87eb5555f716856d756743e6d3447dfa2efbde71ac332e67,0.0020647360070142895,0.05427513310774795,0.7459882544154465,0.8436332121491432,0.1838693507015705,0.6821266505867236
mesh_gnn,60,three_hole_asymmetric,124,private-source://routeA_experiments/data/final_ood_frozen_v1/three_hole_asymmetric/sample_0124.npz,d3c7c52167944c7ed7ee06f79272238419f46b0150fe90a2589d3153747fbf2f,0.002011066011618823,0.05679164745614638,0.740083683202127,0.7784129083156586,0.25570849888026714,0.5954321593046185
mesh_gnn,60,three_hole_asymmetric,125,private-source://routeA_experiments/data/final_ood_frozen_v1/three_hole_asymmetric/sample_0125.npz,629b8f9d37de5d037c8e33f97e602bf5d06a112e8c988084322626ed3cfa0db4,0.0022435159771703184,0.06950972794212291,0.8146848414880661,0.8461106717586517,0.342682546004653,0.69202542938292
mesh_gnn,60,three_hole_asymmetric,126,private-source://routeA_experiments/data/final_ood_frozen_v1/three_hole_asymmetric/sample_0126.npz,d79d0f135637e2841b3453a53add5c4bf624f15ae92f2562acb09afebef0ede1,0.0026019520009867847,0.06400281174784837,0.7249757318017659,0.8126626014709473,0.3079144359799102,0.6149859368801115
mesh_gnn,60,three_hole_asymmetric,127,private-source://routeA_experiments/data/final_ood_frozen_v1/three_hole_asymmetric/sample_0127.npz,7cee35213e8863690074459c24d7fd282a7630a45f0f4fab56f69cc5187ced3c,0.001982493995456025,0.062273316977071204,0.7272814236245585,0.8668375685811043,0.25443392246961594,0.6558512791991232
mesh_gnn,60,three_hole_asymmetric,128,private-source://routeA_experiments/data/final_ood_frozen_v1/three_hole_asymmetric/sample_0128.npz,66f17e3594dd9beaddc30078e0aea012c36ea89ec3780e24ab5e66ada4aa0aee,0.002152060973457992,0.05503325291731041,0.4673322329387723,0.492141991853714,0.2469071483501466,0.38976606726646384
mesh_gnn,60,three_hole_asymmetric,129,private-source://routeA_experiments/data/final_ood_frozen_v1/three_hole_asymmetric/sample_0129.npz,0513a13dc15142aa7035ad92a4d92696cde53f4f938fba0b6258ba43ff994ce4,0.0020311669795773923,0.0618670596433182,0.8487732069463777,0.974348371848464,0.2731727361679077,0.7173403445631265
mesh_gnn,60,three_hole_asymmetric,130,private-source://routeA_experiments/data/final_ood_frozen_v1/three_hole_asymmetric/sample_0130.npz,0b7e254aff9dacc784e6945d18e32da0372125ff81dc9fb35dcf29f7e12504f6,0.0023950939939823,0.07748738584996309,0.7405604550474043,0.8049105405807495,0.4085531998425722,0.6447265774011606
mesh_gnn,60,three_hole_asymmetric,131,private-source://routeA_experiments/data/final_ood_frozen_v1/three_hole_asymmetric/sample_0131.npz,b7bf7aa4688f48d7c78174369c23732d337ae6ffd998cf06bb7a4edda3a5063d,0.0025027910014614463,0.05265745344902512,0.6533659841327876,0.7148024439811707,0.2704486083239317,0.5285806372761724
mesh_gnn,60,three_hole_asymmetric,132,private-source://routeA_experiments/data/final_ood_frozen_v1/three_hole_asymmetric/sample_0132.npz,37fe2cf79de29a9b7e04b5fe118372c54173e6f10125f0854cf4d171d4776d59,0.0023683019971940666,0.0463127072733438,0.7763317669745787,0.7628312855958939,0.19943914003670216,0.6229805231094347
mesh_gnn,60,three_hole_asymmetric,133,private-source://routeA_experiments/data/final_ood_frozen_v1/three_hole_asymmetric/sample_0133.npz,3683c8dae119211360b0dbaa1ac9e1693a1728caddc3c1bb3768f981c2091e26,0.002043633023276925,0.06072477669717759,0.6065681245106206,0.7733473479747772,0.3430173322558403,0.5565271876752377
mesh_gnn,60,three_hole_asymmetric,134,private-source://routeA_experiments/data/final_ood_frozen_v1/three_hole_asymmetric/sample_0134.npz,322bc5ec6225e978895e341b9dfdf38fbfa0681b5b329fe286739337905a2e67,0.0021176190057303756,0.06180437775005334,0.885063660245119,0.9529172107577324,0.30036123283207417,0.7159392870031296
mesh_gnn,60,three_hole_asymmetric,135,private-source://routeA_experiments/data/final_ood_frozen_v1/three_hole_asymmetric/sample_0135.npz,b3bc13b4ad513f7b7c47e8dfedda3871bfe1d969ceb542243518b1f1661a7b7d,0.002500205999240279,0.06095901575578887,0.8261264131469926,0.7668082416057587,0.2670204099267721,0.6460682980716222
mesh_gnn,60,three_hole_asymmetric,136,private-source://routeA_experiments/data/final_ood_frozen_v1/three_hole_asymmetric/sample_0136.npz,20f73113304cb007ce9ee5b010405b3b08c38b719993477582e1adb17921d82b,0.0024363030097447336,0.05798455994707698,0.6448051420576415,0.6863381564617157,0.31382039934396744,0.5654527381062507
mesh_gnn,60,three_hole_asymmetric,137,private-source://routeA_experiments/data/final_ood_frozen_v1/three_hole_asymmetric/sample_0137.npz,9c029bad505c34e3cca11e8187bc4fdf7d1417417883641e5c92c0e2b1861711,0.002029054012382403,0.052212758578507885,0.5980312444295353,0.6147501170635223,0.27550623565912247,0.4620598793029779
mesh_gnn,60,three_hole_asymmetric,138,private-source://routeA_experiments/data/final_ood_frozen_v1/three_hole_asymmetric/sample_0138.npz,2a95dd7d60712bbde64ddb2f3b9b174a2da8a71e64f53104448b1fda6898cb87,0.0023929590242914855,0.06464847655148025,1.032528792653657,0.9194967523217201,0.26967690675519407,0.6460151004604995
mesh_gnn,60,three_hole_asymmetric,139,private-source://routeA_experiments/data/final_ood_frozen_v1/three_hole_asymmetric/sample_0139.npz,f356651d5f0fbe76d7b23cee9c305931b8e8fe879d3fc560e174e6ff4a4bcbc9,0.0019483320065774024,0.06516365887096313,0.6836382115755325,0.7482160031795502,0.298481959849596,0.6239007867872715
mesh_gnn,60,three_hole_asymmetric,140,private-source://routeA_experiments/data/final_ood_frozen_v1/three_hole_asymmetric/sample_0140.npz,c22b26c249410214ce91ba779d94c82c7d58648110a4aac0c4246990ecc43bba,0.002172300999518484,0.06942340443470231,0.7695680585776835,0.8488955199718475,0.35759616270661354,0.7471713367849586
mesh_gnn,60,three_hole_asymmetric,141,private-source://routeA_experiments/data/final_ood_frozen_v1/three_hole_asymmetric/sample_0141.npz,581b8c08fb25b0697b98b87164ebaafe6cd559b41136643d44f9de35e975d7b9,0.0022449639800470322,0.06251005534555365,0.9059604539782987,0.9148361757397652,0.2594068609178066,0.7306444622576224
mesh_gnn,60,three_hole_asymmetric,142,private-source://routeA_experiments/data/final_ood_frozen_v1/three_hole_asymmetric/sample_0142.npz,578e8f60d4da9f74071ab8374b88b7be266d5d1e67dec13929a7acf811b163a8,0.002020125975832343,0.06506393310292695,0.8321078631463212,0.836921252310276,0.26977201737463474,0.6687824647873633
mesh_gnn,60,three_hole_asymmetric,143,private-source://routeA_experiments/data/final_ood_frozen_v1/three_hole_asymmetric/sample_0143.npz,b6b2551b71fdf3da0d4ca84d9f08c6aa2f3008f1962bd943296cbf9612880efc,0.002533258026232943,0.05846484054524438,0.8662988246172714,0.8919524475932121,0.2059869165532291,0.7692586001008742
mesh_gnn,60,three_hole_asymmetric,144,private-source://routeA_experiments/data/final_ood_frozen_v1/three_hole_asymmetric/sample_0144.npz,8329648a6f54e17ec6911f4a2a43086a79f241b8ea2247f84b00d977ee02610d,0.0024033180088736117,0.05995450853017454,0.9480397558372796,0.9257847592234612,0.17612901702523232,0.7294559769332405
mesh_gnn,60,three_hole_asymmetric,145,private-source://routeA_experiments/data/final_ood_frozen_v1/three_hole_asymmetric/sample_0145.npz,9e07276be4c9a737eae17e3917bc3cdc5d0dfa1bce9663bd981f358519eb110c,0.002409968990832567,0.05239493299771632,0.6006131710473303,0.7365723252296448,0.23708865605294704,0.5707825772464263
mesh_gnn,60,three_hole_asymmetric,146,private-source://routeA_experiments/data/final_ood_frozen_v1/three_hole_asymmetric/sample_0146.npz,67f3ee8daff2c978cbe4cd399a7f2ad4874665b5c644a341c057c304af1127c1,0.0019478470203466713,0.061772421092842825,0.8168127492519017,0.8415816873311996,0.27780064195394516,0.7235330838710063
mesh_gnn,60,three_hole_asymmetric,147,private-source://routeA_experiments/data/final_ood_frozen_v1/three_hole_asymmetric/sample_0147.npz,e85347f74d9b0184043eda85a8b0b42fe6515b3c49ceeec50b7b4d6dfff4a07d,0.0020870959851890802,0.048412087516176164,0.5108541510693163,0.592801034450531,0.28544149547815323,0.437874849140644
mesh_gnn,60,three_hole_asymmetric,148,private-source://routeA_experiments/data/final_ood_frozen_v1/three_hole_asymmetric/sample_0148.npz,245fe71d4768340cf55e028f00a51ef269352046fcee78a0376200f4998c9360,0.0019064790103584528,0.05122330137139599,0.7681496525507625,0.8779671862721443,0.24371557869017124,0.6053639996796845
mesh_gnn,60,three_hole_asymmetric,149,private-source://routeA_experiments/data/final_ood_frozen_v1/three_hole_asymmetric/sample_0149.npz,e4131c7833d7b32f7f309cc922c788dde6f66644cd7c84c3995c3e66ca6ec058,0.00247131401556544,0.0559246014721788,0.9087967596037526,0.904427133500576,0.19316848693415523,0.7138236187398412
mesh_gnn,60,three_hole_asymmetric,150,private-source://routeA_experiments/data/final_ood_frozen_v1/three_hole_asymmetric/sample_0150.npz,14d7c4793f64ce9d612ac24093c5fbe0dae12baa2ebcc0e606416070b0010be4,0.0020632800005842,0.05606395589257675,0.8404285858468991,0.8612944781780243,0.2088652439415455,0.6220845345407712
mesh_gnn,60,three_hole_asymmetric,151,private-source://routeA_experiments/data/final_ood_frozen_v1/three_hole_asymmetric/sample_0151.npz,3c828906fd7ab01c163402ae535f03a420e0b8d29d63467e8f5e0ac8bb2069f1,0.0021523610048461705,0.05375661378852303,0.6210602246588213,0.753239743411541,0.23844819888472557,0.5537875384092323
mesh_gnn,60,three_hole_asymmetric,152,private-source://routeA_experiments/data/final_ood_frozen_v1/three_hole_asymmetric/sample_0152.npz,2dd677fdf441a2d0d82994893dd167d20bc429686f9d05c84662f972384de6c2,0.002128938998794183,0.056057090750876455,0.7895336292376852,0.7674563974142075,0.21585555143974489,0.639705624058842
mesh_gnn,60,three_hole_asymmetric,153,private-source://routeA_experiments/data/final_ood_frozen_v1/three_hole_asymmetric/sample_0153.npz,e09e2ec653206737b870b71f517fcc81353db939fd7d890bfde2a8715648f046,0.002406372979748994,0.05347115081820004,0.9363818639765248,0.889080785214901,0.19771674041840015,0.7071423321962346
mesh_gnn,60,three_hole_asymmetric,154,private-source://routeA_experiments/data/final_ood_frozen_v1/three_hole_asymmetric/sample_0154.npz,354f1ec9c8bb281306006c931744c6710f378713690c48b9dfc924d8e03155dc,0.0024121470050886273,0.051396593198588775,0.6495073741434537,0.6447835862636566,0.2152386847883463,0.5489231638610361
mesh_gnn,60,three_hole_asymmetric,155,private-source://routeA_experiments/data/final_ood_frozen_v1/three_hole_asymmetric/sample_0155.npz,4feb6d42b1ba8f3891917e887c391dac5ab83213398859f8c4d1343a08f81523,0.002573803998529911,0.051080077797067816,0.8407150992551294,0.8594375103712082,0.22915643732994795,0.5989845789968948
mesh_gnn,60,three_hole_asymmetric,156,private-source://routeA_experiments/data/final_ood_frozen_v1/three_hole_asymmetric/sample_0156.npz,2ed681cf4ebe76dc5ff83597e8f424f37faa8aa01f50048685eb1a9f8504ef64,0.0024862400023266673,0.05731828500953601,0.7885063028170592,0.841374933719635,0.27047060802578926,0.6103475235402578
mesh_gnn,60,three_hole_asymmetric,157,private-source://routeA_experiments/data/final_ood_frozen_v1/three_hole_asymmetric/sample_0157.npz,8f86d834f785485f1110f7ae10b681508b7fb7293834bdeabad4cd9e0ff581e7,0.0025847579818218946,0.06219533289198642,0.7861891080428075,0.9392435476183891,0.3016633316874504,0.6173344846814858
mesh_gnn,60,three_hole_asymmetric,158,private-source://routeA_experiments/data/final_ood_frozen_v1/three_hole_asymmetric/sample_0158.npz,b7838937a002adfbc7581e42e80020a5cc8ff317b9ef609ec1903087a3d31c3e,0.0024574710114393383,0.05565158808330347,0.6939068475803771,0.7160743027925491,0.22320159152150154,0.5365342698991293
mesh_gnn,60,three_hole_asymmetric,159,private-source://routeA_experiments/data/final_ood_frozen_v1/three_hole_asymmetric/sample_0159.npz,7ec05d300291c51dfc519a7d08b75bd3be917f67a3673dfe18849f585f9f709e,0.002156450995244086,0.06016942194254277,0.7509118355411479,0.7956978380680084,0.2951098387129605,0.5992282629013057
mesh_gnn,60,three_hole_asymmetric,160,private-source://routeA_experiments/data/final_ood_frozen_v1/three_hole_asymmetric/sample_0160.npz,406b5d01c559ad3764a887df63a81ab6aeb54deb0e03ab5546863badf9a16f35,0.0025930280098691583,0.046581039115302945,0.9246668044483943,0.8886165395379066,0.13723751976976928,0.5291376158595055
mesh_gnn,60,three_hole_asymmetric,161,private-source://routeA_experiments/data/final_ood_frozen_v1/three_hole_asymmetric/sample_0161.npz,e022a734e6aba3a7301b06bd77c79e73047ff290f57525b8dee053bdfa5b4988,0.002328453992959112,0.054932685313504294,0.7675990050551635,0.8610773980617523,0.28844389505684376,0.6816699538379907
mesh_gnn,60,three_hole_asymmetric,162,private-source://routeA_experiments/data/final_ood_frozen_v1/three_hole_asymmetric/sample_0162.npz,2b13f73876bba396b8fa67ab174be82ee1a554b9e4c19a3a7412ffc39aba0b13,0.0020409499993547797,0.053007895470695385,0.760913450091841,0.9301492944359779,0.2773472680710256,0.6535940505564207
mesh_gnn,60,three_hole_asymmetric,163,private-source://routeA_experiments/data/final_ood_frozen_v1/three_hole_asymmetric/sample_0163.npz,e9b740089bb1f2d4e21a0999405d9bdba3a57bd51c7e58ea5ed47d11ee6595a2,0.0021037900005467236,0.060865923874843735,0.8857990436295813,0.8906125947833061,0.28535331040620804,0.6546078380197274
mesh_gnn,60,three_hole_asymmetric,164,private-source://routeA_experiments/data/final_ood_frozen_v1/three_hole_asymmetric/sample_0164.npz,9f206330bd07c9c4847fddf539ce746ee66390d885f3c33bc1d444adbbd318ac,0.002352782990783453,0.059676548546621425,0.6419876671188628,0.7659102380275726,0.3444366976618767,0.598316006362438
mesh_gnn,60,three_hole_asymmetric,165,private-source://routeA_experiments/data/final_ood_frozen_v1/three_hole_asymmetric/sample_0165.npz,59ec0f1c680bf9149906ed38b4dd3a4aa7612d7147f9c53c5dcfa06ecca43366,0.0024972169776447117,0.06160621564026702,0.7334336181047932,0.8514446467161179,0.30660648457705975,0.6660010106861586
mesh_gnn,60,three_hole_asymmetric,166,private-source://routeA_experiments/data/final_ood_frozen_v1/three_hole_asymmetric/sample_0166.npz,acdabcd30120f1b891f11b4fee7490ecf1c73a42827cec6684949a026c1d238b,0.0021035720128566027,0.06301377795479983,0.7811596896161436,0.8324310481548309,0.2785872705280781,0.7152741126716127
mesh_gnn,60,three_hole_asymmetric,167,private-source://routeA_experiments/data/final_ood_frozen_v1/three_hole_asymmetric/sample_0167.npz,2d64cbb7ed13e9d5493b3bcffc548a37e43f77cfe686d4bd90f395d9b3dedcd2,0.002192034007748589,0.06129360157087205,0.8835502964598732,0.9003959372639656,0.23340387767166249,0.6329802650958296
mesh_gnn,60,three_hole_asymmetric,168,private-source://routeA_experiments/data/final_ood_frozen_v1/three_hole_asymmetric/sample_0168.npz,ce1811b3b58e1cf01845e9ffb4fac5caa62f765929be1337c8260c13d9b65d5d,0.002046170993708074,0.053386528624983665,0.9976047485088517,0.9805189575999975,0.18702316097915173,0.6807442477904255
mesh_gnn,60,three_hole_asymmetric,169,private-source://routeA_experiments/data/final_ood_frozen_v1/three_hole_asymmetric/sample_0169.npz,c8bdae4b5e47fcfb5a99f1ccde0ca1ecf2011b5c092fc8bd8e61595f8c50518c,0.0024615940055809915,0.054511679359982766,0.9010458478223965,0.9254700541496277,0.1648864266462624,0.686925891786813
mesh_gnn,60,three_hole_asymmetric,170,private-source://routeA_experiments/data/final_ood_frozen_v1/three_hole_asymmetric/sample_0170.npz,33251f1d994ef521e7ed6646d939e7b5f6ae05ade833fce7f91910e3aa7b2d74,0.0023566939926240593,0.05750310015233599,0.8394138879971879,0.8610038757324219,0.21464691497385502,0.6254168927669523
mesh_gnn,60,three_hole_asymmetric,171,private-source://routeA_experiments/data/final_ood_frozen_v1/three_hole_asymmetric/sample_0171.npz,3304230b1d8bbdd9fc2dfda78714484a468749cddd223bba1c2dbf29c548831e,0.00218214001506567,0.059922067030899806,0.6826767078758105,0.7790186554193497,0.28996529057621956,0.6142019048333167
mesh_gnn,60,three_hole_asymmetric,172,private-source://routeA_experiments/data/final_ood_frozen_v1/three_hole_asymmetric/sample_0172.npz,a740cace37940a1e2252703d9381d4b9f3f3b166a52d68121a24aaca6473c237,0.0023313290148507804,0.06178816327859341,0.741758260710071,0.8298078775405884,0.30989077500998974,0.6731126427650445
mesh_gnn,60,three_hole_asymmetric,173,private-source://routeA_experiments/data/final_ood_frozen_v1/three_hole_asymmetric/sample_0173.npz,7fbe985e9871b0fea23dcd48b5658d0febd6965ccb34e4430a248d8ea7884c13,0.002216302993474528,0.0498444287790501,0.7926900482394129,0.8757701888680458,0.20739492401480675,0.620906542241573
mesh_gnn,60,three_hole_asymmetric,174,private-source://routeA_experiments/data/final_ood_frozen_v1/three_hole_asymmetric/sample_0174.npz,71542cbeea7c7322472596a11b9ea2cf6285893af2fd8caaacd78a77cf1d83fd,0.002080753998598084,0.05217166210411928,0.647369848321965,0.6917374730110168,0.27792589366436005,0.5517517417669296
mesh_gnn,60,three_hole_asymmetric,175,private-source://routeA_experiments/data/final_ood_frozen_v1/three_hole_asymmetric/sample_0175.npz,0f2191f55e786a9cc0197b9d38b5849150523e7f0e95da026a8b7282892dd7e7,0.002635343000292778,0.06001724184399023,0.8691761852626684,0.9479414820671082,0.19745913514998392,0.637430055439471
mesh_gnn,60,three_hole_asymmetric,176,private-source://routeA_experiments/data/final_ood_frozen_v1/three_hole_asymmetric/sample_0176.npz,1d5d110e1725a11891d26e004b83d93d33e264f9f0cc612cea71237c93485c91,0.002176728012273088,0.05270023711347712,0.5821534813254355,0.7139446139335632,0.23487068712711334,0.5710959386080501
mesh_gnn,60,three_hole_asymmetric,177,private-source://routeA_experiments/data/final_ood_frozen_v1/three_hole_asymmetric/sample_0177.npz,491128641f9815a0257fe2c5da3e9ef510909b89c7efe14041aaf988dd54d374,0.002677342010429129,0.06216440894091761,0.915285015328061,0.9261027052998543,0.26232339069247246,0.7329656355082972
mesh_gnn,60,three_hole_asymmetric,178,private-source://routeA_experiments/data/final_ood_frozen_v1/three_hole_asymmetric/sample_0178.npz,8ad8976324d69fa900282a701c1176bec4bd066428ab6af4d07f98b6226c1440,0.0017694460111670196,0.06768270143137457,0.8577655830587781,0.9202670976519585,0.34874960593879223,0.7600639954209327
mesh_gnn,60,three_hole_asymmetric,179,private-source://routeA_experiments/data/final_ood_frozen_v1/three_hole_asymmetric/sample_0179.npz,ed3c4408215897e333b3a88a790f6b3b965edbc5f729ee1ca00b514638a22db3,0.001904702017782256,0.054745403236974,0.5268879529633731,0.5973164290189743,0.2669970076531172,0.47660233378410294
mesh_gnn,60,three_hole_asymmetric,180,private-source://routeA_experiments/data/final_ood_frozen_v1/three_hole_asymmetric/sample_0180.npz,026ec17f7ba5561155ad7d2d26d4b774202c9e9d3be82846603703294b1c6599,0.0022744490124750882,0.05546267791863935,0.7628750264419509,0.8404364883899689,0.2589045315980911,0.6690962504595512
mesh_gnn,60,three_hole_asymmetric,181,private-source://routeA_experiments/data/final_ood_frozen_v1/three_hole_asymmetric/sample_0181.npz,ae31a16b8c81593e19306a84399bfd2a84ac55c7910ef8823c67abd4642aa2f6,0.0018041169969365,0.0632764642071475,0.8151017877216675,0.8062620908021927,0.26663876535894815,0.599255359172821
mesh_gnn,60,three_hole_asymmetric,182,private-source://routeA_experiments/data/final_ood_frozen_v1/three_hole_asymmetric/sample_0182.npz,3c898c6349f36f90b3d5a9fe1ea363190f3864ec9904027b2c82073b2f828008,0.002386838023085147,0.06278615764841881,0.7975318061401597,0.8754973784089088,0.2778025157749653,0.6578158549964419
mesh_gnn,60,three_hole_asymmetric,183,private-source://routeA_experiments/data/final_ood_frozen_v1/three_hole_asymmetric/sample_0183.npz,7960bd5136007fe9e53aaf26195ec050cd3f170be4ea0892e9c50801de1e2a57,0.0020858409989159554,0.052919282088998876,0.6444603691778136,0.7098364531993866,0.25632182508707047,0.48438038006424866
mesh_gnn,60,three_hole_asymmetric,184,private-source://routeA_experiments/data/final_ood_frozen_v1/three_hole_asymmetric/sample_0184.npz,d0af476fd13dfb1d250ce9a4ca56a9e4e7747143d266e251a2d3bed91fdc35c3,0.001985431998036802,0.05155445210421692,0.5619823537080477,0.5652069747447968,0.2825637273490429,0.4658299699425694
mesh_gnn,60,three_hole_asymmetric,185,private-source://routeA_experiments/data/final_ood_frozen_v1/three_hole_asymmetric/sample_0185.npz,825925d58976a37ca694d695a027e07bfbaaceb34012d307f2f1821037baf144,0.0021380110119935125,0.06066500856684258,0.838101675754026,0.8507622852921486,0.2787626385688782,0.7211936518549916
mesh_gnn,60,three_hole_asymmetric,186,private-source://routeA_experiments/data/final_ood_frozen_v1/three_hole_asymmetric/sample_0186.npz,77e809def7ac8044a4e55b9ef623158afda39a6477b671e128605d4b47566db6,0.002086707012495026,0.056065941422526605,0.8888744783927054,0.8790930137038231,0.20067967101931572,0.6281276967376453
mesh_gnn,60,three_hole_asymmetric,187,private-source://routeA_experiments/data/final_ood_frozen_v1/three_hole_asymmetric/sample_0187.npz,d41acb81beffee4db9203e1cf0266797359f026ace1ea8ca9bcd6ccb1e2af128,0.002201512979809195,0.05432677235255255,0.713036524363301,0.7555101066827774,0.2781447805464268,0.5665147140622137
mesh_gnn,60,three_hole_asymmetric,188,private-source://routeA_experiments/data/final_ood_frozen_v1/three_hole_asymmetric/sample_0188.npz,0ee1d93b5b155a3545c539b9ebd208096d5da786ac320abbe96a9ddff30d88d7,0.002048839000053704,0.045354929209613995,0.5911267911304092,0.5507881939411163,0.16990665765479207,0.39923101514577847
mesh_gnn,60,three_hole_asymmetric,189,private-source://routeA_experiments/data/final_ood_frozen_v1/three_hole_asymmetric/sample_0189.npz,70be7056cd13692af26bab63a3df9b9a64678831ef39fdb9582375ceecca7edf,0.0017077689990401268,0.055051328017223754,0.931096309672079,0.9091970920562744,0.1908313469029963,0.5939746294170616
mesh_gnn,60,three_hole_asymmetric,190,private-source://routeA_experiments/data/final_ood_frozen_v1/three_hole_asymmetric/sample_0190.npz,a8c424ee2056e12af66d0be34289a252d77172e5cb127ec57c8550e3415ab90b,0.001715218008030206,0.05361711835369608,0.7332971011814386,0.7755108326673508,0.22962737542547984,0.5624486915767178
mesh_gnn,60,three_hole_asymmetric,191,private-source://routeA_experiments/data/final_ood_frozen_v1/three_hole_asymmetric/sample_0191.npz,26c2bd071beec9742e0a4f1e5466aa608a15434494059de80e606e4679fa8ed3,0.0017755769949872047,0.06609082447896852,0.8624478405303957,0.913931667804718,0.24589115427806973,0.7304614800959819
mesh_gnn,60,three_hole_asymmetric,192,private-source://routeA_experiments/data/final_ood_frozen_v1/three_hole_asymmetric/sample_0192.npz,40d02fa0627c6deec298290103575257705efed18a0e5475ecaa7bf465aa9b99,0.0016814889968372881,0.06289927507847767,0.6959498356121738,0.8243078589439392,0.29867807030677795,0.5763228207826612
mesh_gnn,60,three_hole_asymmetric,193,private-source://routeA_experiments/data/final_ood_frozen_v1/three_hole_asymmetric/sample_0193.npz,e2291d430c4ed65b595a26a1bfd29617e6a29836d02a7642cee85cd276392050,0.0018678799970075488,0.05812716781423154,0.7329049739169051,0.778113842010498,0.31544035114347935,0.6171647861599918
mesh_gnn,60,three_hole_asymmetric,194,private-source://routeA_experiments/data/final_ood_frozen_v1/three_hole_asymmetric/sample_0194.npz,31e35937f5e42fb742834cdcb1fc165dd1ffc423ac83933409ddf9f346655de1,0.001907508005388081,0.059181616965615025,0.5274885045686815,0.6766341924667358,0.24469441175460815,0.5029177233576771
mesh_gnn,60,three_hole_asymmetric,195,private-source://routeA_experiments/data/final_ood_frozen_v1/three_hole_asymmetric/sample_0195.npz,40442c552a2016d07c97d9c05bd7232ba672eeab612657250b9c7529d4f8fba5,0.0020877190108876675,0.05539169021959766,0.5379988964004432,0.618203341960907,0.24574760347604752,0.4671623364090919
mesh_gnn,60,three_hole_asymmetric,196,private-source://routeA_experiments/data/final_ood_frozen_v1/three_hole_asymmetric/sample_0196.npz,dd2106f958610c899c170e0e932d315a715401be9a89fd9bfb0ce4af7422b23f,0.002415294002275914,0.06442360058902223,0.8439987260968022,0.9120559692382812,0.3271639011800289,0.7506210613995788
mesh_gnn,60,three_hole_asymmetric,197,private-source://routeA_experiments/data/final_ood_frozen_v1/three_hole_asymmetric/sample_0197.npz,aa854427cd50f074116bdad2e4371e42c0402350e5d180482ef4c364d2ad2cf8,0.0023662349849473685,0.047596016018179296,0.4289387598156276,0.4797261357307434,0.18927410028118175,0.3735226407647129
mesh_gnn,60,three_hole_asymmetric,198,private-source://routeA_experiments/data/final_ood_frozen_v1/three_hole_asymmetric/sample_0198.npz,f829be15d56c832505226b17681dbe66656bc2100714eb438d609a588f6574fe,0.0020343849901109934,0.054456463032923216,0.6444423342415536,0.746543824672699,0.3049979768693447,0.5919243872165678
mesh_gnn,60,three_hole_asymmetric,199,private-source://routeA_experiments/data/final_ood_frozen_v1/three_hole_asymmetric/sample_0199.npz,52333eb8bbb0f95e069bd2d38db9cab28b55c6f86387da7cd28a27818fe1041a,0.002133245987351984,0.05367067820018315,0.5653442542482523,0.6170478761196136,0.2208166867494583,0.48388436585664657
